event_idx,rank,particle_idx,super_score,true_label,pred_label,conf,part_pt_log,part_e_log,part_logptrel,part_logerel,part_deltaR,part_charge,part_isChargedHadron,part_isNeutralHadron,part_isPhoton,part_isElectron,part_isMuon,part_deta,part_dphi,px,py,pz,energy,pt,deta,dphi,deltaR_from_axis
774,1,0,4.4253435134887695,label_Hqql,label_Hqql,0.9999284744262695,3.0789496898651123,3.3241944313049316,2.971177816390991,2.950453042984009,-0.6605402231216431,1.0,0.0,0.0,0.0,0.0,1.0,-0.03284657001495361,0.011690497398376465,326.7956848144531,-302.3213806152344,-727.69921875,853.07666015625,445.1894392171144,-0.03284657001495361,0.011690497398376465,0.03486495218939353
774,2,15,2.551597833633423,label_Hqql,label_Hqql,0.9999284744262695,-0.1144544705748558,0.18083608150482178,-0.22222638130187988,-0.19290561974048615,-0.5761929154396057,1.0,1.0,0.0,0.0,0.0,0.0,0.04980015754699707,0.025505781173706055,3.455385208129883,-3.109126091003418,-8.36091423034668,9.567169189453125,4.648263330139654,0.04980015754699707,0.025505781173706055,0.055951769989757316
774,3,13,2.3875937461853027,label_Hqql,label_Hqql,0.9999284744262695,-0.07938457280397415,0.14427800476551056,-0.18715648353099823,-0.22946353256702423,-0.5129579305648804,-1.0,1.0,0.0,0.0,0.0,0.0,-0.06934583187103271,-0.018458843231201172,3.4857306480407715,-3.42536997795105,-7.651769638061523,9.080337524414062,4.887072501665911,-0.06934583187103271,-0.018458843231201172,0.07176052739019968
774,4,25,2.3033339977264404,label_Hqql,label_Hqql,0.9999284744262695,-1.2453241348266602,-1.129764437675476,-1.3530960083007812,-1.503506064414978,1.0935261249542236,0.0,0.0,0.0,1.0,0.0,0.0,-0.2593604326248169,-0.3960078954696655,0.37388864159584045,-0.8449841141700745,-1.1447789669036865,1.4711593389511108,0.924008046238867,-0.2593604326248169,-0.3960078954696655,0.473381545146878
774,5,5,2.2981326580047607,label_Hqql,label_Hqql,0.9999284744262695,0.9376526474952698,1.1916069984436035,0.8298806548118591,0.8178653120994568,-0.5451133251190186,-1.0,1.0,0.0,0.0,0.0,0.0,-0.018380403518676758,0.061013221740722656,16.01900863647461,-13.415925025939941,-34.737213134765625,40.54026794433594,20.894872145985715,-0.018380403518676758,0.061013221740722656,0.06372167967569575
774,6,19,2.296712875366211,label_Hqql,label_Hqql,0.9999284744262695,-0.5838983058929443,-0.03857514634728432,-0.6916703581809998,-0.41231682896614075,1.271083116531372,0.0,0.0,1.0,0.0,0.0,0.0,0.441936731338501,-0.2697749137878418,1.2278621196746826,-2.0353658199310303,-6.576475143432617,6.9928812980651855,2.3770484651928157,0.441936731338501,-0.2697749137878418,0.517770778062451
774,7,2,2.284032106399536,label_Hqql,label_Hqql,0.9999284744262695,1.2502076625823975,1.5208395719528198,1.1424356698989868,1.1470978260040283,-0.3568626046180725,0.0,0.0,0.0,1.0,0.0,0.0,0.009391069412231445,0.11038559675216675,26.039478302001953,-19.705904006958008,-56.06943130493164,64.88573455810547,32.65542960936013,0.009391069412231445,0.11038559675216675,0.11078434977485455
774,8,1,2.2385003566741943,label_Hqql,label_Hqql,0.9999284744262695,1.5157444477081299,1.8251395225524902,1.4079723358154297,1.4513976573944092,-0.1288493275642395,1.0,1.0,0.0,0.0,0.0,0.0,0.07290339469909668,-0.15112179517745972,29.31324005126953,-37.65536117553711,-88.1267318725586,100.21742248535156,47.719935745592736,0.07290339469909668,-0.15112179517745972,0.16778766920221033
774,9,17,2.1876630783081055,label_Hqql,label_Hqql,0.9999284744262695,-0.3301292061805725,-0.11539266258478165,-0.43790119886398315,-0.4891343414783478,-0.4263630509376526,0.0,0.0,1.0,0.0,0.0,0.0,-0.08437526226043701,0.04007619619369507,2.572162628173828,-2.247462749481201,-5.253268718719482,6.26609468460083,3.415715063655002,-0.08437526226043701,0.04007619619369507,0.09340924142114133
774,10,18,2.1504387855529785,label_Hqql,label_Hqql,0.9999284744262695,-0.39865240454673767,-0.1591535061597824,-0.5064244866371155,-0.532895028591156,-0.3814924657344818,0.0,0.0,0.0,1.0,0.0,0.0,-0.04248404502868652,0.09561324119567871,2.441828489303589,-1.9052786827087402,-5.005659103393555,5.886360168457031,3.0971944126836792,-0.04248404502868652,0.09561324119567871,0.10462688934467324
774,11,24,2.1429784297943115,label_Hqql,label_Hqql,0.9999284744262695,-0.9410422444343567,-0.6433183550834656,-1.0488144159317017,-1.0170599222183228,-0.1644972562789917,0.0,0.0,0.0,1.0,0.0,0.0,0.05389678478240967,0.14945441484451294,1.1707509756088257,-0.816085696220398,-2.579028367996216,2.9475481510162354,1.4271137692785916,0.05389678478240967,0.14945441484451294,0.1588756920563909
774,12,3,2.1324217319488525,label_Hqql,label_Hqql,0.9999284744262695,1.2197506427764893,1.4415934085845947,1.1119786500930786,1.0678519010543823,-0.32122334837913513,0.0,0.0,1.0,0.0,0.0,0.0,-0.07229197025299072,0.09539687633514404,24.645214080810547,-19.238433837890625,-48.78129959106445,57.940650939941406,31.26505898961135,-0.07229197025299072,0.09539687633514404,0.11969416434213516
774,13,21,2.1265883445739746,label_Hqql,label_Hqql,0.9999284744262695,-0.8143843412399292,-0.5132662653923035,-0.9221562743186951,-0.8870079517364502,-0.12146627902984619,0.0,0.0,0.0,1.0,0.0,0.0,0.05943465232849121,0.15888053178787231,1.4121170043945312,-0.9646828174591064,-3.11016845703125,3.5493431091308594,1.7101717376921606,0.05943465232849121,0.15888053178787231,0.16963343207813056
774,14,9,2.0905985832214355,label_Hqql,label_Hqql,0.9999284744262695,0.07607433944940567,0.5570607781410217,-0.031697653234004974,0.18331928551197052,0.9898064732551575,0.0,0.0,0.0,1.0,0.0,0.0,0.34357500076293945,0.2866516709327698,5.436380863189697,-2.772132396697998,-15.196249961853027,16.375743865966797,6.102372892119732,0.34357500076293945,0.2866516709327698,0.4474516304560782
774,15,23,2.0333821773529053,label_Hqql,label_Hqql,0.9999284744262695,-0.9378560781478882,-0.5566458106040955,-1.0456280708312988,-0.9303874373435974,-0.036410510540008545,0.0,0.0,0.0,1.0,0.0,0.0,0.18797624111175537,-0.03326773643493652,1.0075480937957764,-1.0198652744293213,-3.012315511703491,3.336063861846924,1.4336241973747155,0.18797624111175537,-0.03326773643493652,0.19089737952630254
774,16,8,1.968984842300415,label_Hqql,label_Hqql,0.9999284744262695,0.5876479744911194,0.8655192852020264,0.4798758029937744,0.49177759885787964,-0.4179784059524536,0.0,0.0,0.0,1.0,0.0,0.0,0.021338820457458496,0.09309101104736328,9.971932411193848,-7.821316242218018,-22.062496185302734,25.443391799926758,12.673295695051138,0.021338820457458496,0.09309101104736328,0.09550540087521732
781,1,0,4.11002254486084,label_Hqql,label_Hqql,0.9996947050094604,2.9933969974517822,3.269176483154297,2.9778592586517334,2.9249868392944336,-0.42364734411239624,1.0,0.0,0.0,0.0,1.0,0.0,-0.08381438255310059,0.042751993983983994,393.7399597167969,-13.538042068481445,-683.1304321289062,788.5947265625,393.9726316139648,-0.08381438255310059,0.042751993983983994,0.0940881698852948
781,2,1,3.002990961074829,label_Hqql,label_Hqql,0.9996947050094604,2.071413993835449,2.4693081378936768,2.0558760166168213,2.1251180171966553,-0.2998958230018616,0.0,0.0,1.0,0.0,0.0,0.0,0.11259639263153076,-0.0543467253446579,104.6368637084961,-13.836246490478516,-228.31919860839844,251.5352325439453,105.54769047068565,0.11259639263153076,-0.0543467253446579,0.12502605404203365
781,3,2,2.578791618347168,label_Hqql,label_Hqql,0.9996947050094604,1.1296031475067139,1.5295710563659668,1.114065408706665,1.1853809356689453,-0.30802884697914124,-1.0,1.0,0.0,0.0,0.0,0.0,0.11585676670074463,-0.04128482937812805,27.294692993164062,-3.2470576763153076,-59.6736946105957,65.7001724243164,27.48715425693241,0.11585676670074463,-0.04128482937812805,0.12299279461469242
781,4,4,2.564030408859253,label_Hqql,label_Hqql,0.9996947050094604,0.8316516876220703,1.102528691291809,0.8161139488220215,0.7583386301994324,-0.4083484709262848,0.0,0.0,0.0,1.0,0.0,0.0,-0.09190905094146729,0.03375885263085365,17.941802978515625,-0.7784949541091919,-30.849573135375977,35.69608688354492,17.958684487273715,-0.09190905094146729,0.03375885263085365,0.09791288871192047
781,5,14,2.3823390007019043,label_Hqql,label_Hqql,0.9996947050094604,-0.6992751955986023,-0.24512067437171936,-0.7148130536079407,-0.5893105268478394,0.21395105123519897,-1.0,1.0,0.0,0.0,0.0,0.0,0.2000410556793213,-0.15569078922271729,1.9614542722702026,-0.4650842845439911,-4.797937870025635,5.206082344055176,2.015838846221797,0.2000410556793213,-0.15569078922271729,0.25348776263577283
781,6,3,2.381221294403076,label_Hqql,label_Hqql,0.9996947050094604,0.8385829329490662,1.221277117729187,0.8230451941490173,0.8770869970321655,-0.4059424102306366,0.0,0.0,0.0,1.0,0.0,0.0,0.08861756324768066,-0.04303503781557083,18.00661849975586,-2.174088954925537,-38.209259033203125,42.295536041259766,18.137391559418877,0.08861756324768066,-0.04303503781557083,0.09851439994104565
781,7,19,2.3519954681396484,label_Hqql,label_Hqql,0.9996947050094604,-1.4042614698410034,-0.8506711721420288,-1.4197992086410522,-1.1948610544204712,0.7239062190055847,0.0,0.0,0.0,1.0,0.0,0.0,0.3527792692184448,-0.14383992552757263,0.7184199690818787,-0.1613781750202179,-2.0644922256469727,2.191870927810669,0.7363220540962111,0.3527792692184448,-0.14383992552757263,0.38097655697703714
781,8,16,2.341898202896118,label_Hqql,label_Hqql,0.9996947050094604,-1.0824151039123535,-0.6342543363571167,-1.097952961921692,-0.9784442782402039,0.3898237347602844,1.0,1.0,0.0,0.0,0.0,0.0,0.1899489164352417,0.22890925407409668,1.1527246236801147,0.17632554471492767,-2.7452926635742188,2.9859633445739746,1.1661323920368039,0.1899489164352417,0.22890925407409668,0.29745594204130765
781,9,15,2.3279359340667725,label_Hqql,label_Hqql,0.9996947050094604,-0.9587496519088745,-0.5000733733177185,-0.9742873311042786,-0.8442633152008057,0.23844915628433228,0.0,0.0,0.0,1.0,0.0,0.0,0.20743322372436523,-0.15610891580581665,1.3537914752960205,-0.321598082780838,-3.338500499725342,3.6168718338012695,1.3914656608887215,0.20743322372436523,-0.15610891580581665,0.2596122799459804
781,10,11,2.257819652557373,label_Hqql,label_Hqql,0.9996947050094604,-0.3616574704647064,-0.03694368526339531,-0.37719520926475525,-0.38113388419151306,-0.42613813281059265,-1.0,1.0,0.0,0.0,0.0,0.0,-0.0042171478271484375,0.09337028115987778,3.2648520469665527,0.05305401235818863,-6.200589179992676,7.009198188781738,3.2652830837170908,-0.0042171478271484375,0.09337028115987778,0.09346546816696875
781,11,18,2.253114938735962,label_Hqql,label_Hqql,0.9996947050094604,-1.171125888824463,-0.6264482140541077,-1.1866636276245117,-0.9706383347511292,0.6284021735191345,0.0,0.0,0.0,1.0,0.0,0.0,0.33925020694732666,-0.11149033904075623,1.009110689163208,-0.1926199346780777,-2.8393056392669678,3.0194475650787354,1.0273299480784308,0.33925020694732666,-0.11149033904075623,0.35710054412339776
781,12,9,2.1882317066192627,label_Hqql,label_Hqql,0.9996947050094604,-0.15030474960803986,0.23823392391204834,-0.16584257781505585,-0.10595602542161942,-0.39320600032806396,0.0,0.0,0.0,1.0,0.0,0.0,0.09785103797912598,-0.02770848572254181,4.391953945159912,-0.4621031582355499,-9.39889907836914,10.384705543518066,4.416197321820775,0.09785103797912598,-0.02770848572254181,0.10169850448570351
781,13,6,2.1379387378692627,label_Hqql,label_Hqql,0.9996947050094604,0.27489563822746277,0.8216167688369751,0.25935807824134827,0.47742679715156555,0.9250636696815491,0.0,0.0,0.0,1.0,0.0,0.0,0.3423541784286499,-0.2622668743133545,7.644412994384766,-2.698852777481079,-22.479524612426758,23.896650314331055,8.106840096069245,0.3423541784286499,-0.2622668743133545,0.4312659235896719
781,14,17,2.0512192249298096,label_Hqql,label_Hqql,0.9996947050094604,-1.16916823387146,-0.694772481918335,-1.1847059726715088,-1.038962721824646,0.5031252503395081,0.0,0.0,0.0,1.0,0.0,0.0,0.23171520233154297,-0.22900117933750153,0.9823118448257446,-0.31046730279922485,-2.5375022888183594,2.7386574745178223,1.0302070212303853,0.23171520233154297,-0.22900117933750153,0.3257813302347365
781,15,5,2.040090560913086,label_Hqql,label_Hqql,0.9996947050094604,0.5496260523796082,1.023637056350708,0.5340884923934937,0.6794469356536865,0.5911995768547058,0.0,0.0,0.0,1.0,0.0,0.0,0.23112201690673828,-0.2598987817764282,11.328028678894043,-3.969205141067505,-29.546356201171875,31.89147186279297,12.003283850751952,0.23112201690673828,-0.2598987817764282,0.3477998899768516
781,16,7,2.03633975982666,label_Hqql,label_Hqql,0.9996947050094604,0.034335482865571976,0.4574817717075348,0.018797826021909714,0.11329164355993271,0.1927340030670166,0.0,0.0,0.0,1.0,0.0,0.0,0.15219056606292725,-0.19604356586933136,5.535974979400635,-1.5510073900222778,-12.988832473754883,14.204309463500977,5.749142796665741,0.15219056606292725,-0.19604356586933136,0.24818349686737248
784,1,0,4.466300964355469,label_Hqql,label_Hqql,0.9504872560501099,3.195936918258667,3.8744397163391113,3.224381923675537,3.2094860076904297,-0.7121596336364746,1.0,0.0,0.0,0.0,1.0,0.0,-0.021276235580444336,-0.005437612533569336,508.80126953125,134.07504272460938,-1796.8277587890625,1872.2833251953125,526.1699810500572,-0.021276235580444336,-0.005437612533569336,0.02196009632355459
784,2,21,2.5266711711883545,label_Hqql,label_Hqql,0.9504872560501099,-1.59906005859375,-0.4806494414806366,-1.5706150531768799,-1.1456032991409302,1.6977052688598633,0.0,0.0,1.0,0.0,0.0,0.0,0.6218539476394653,0.05662071704864502,0.5292074084281921,0.1752050668001175,-3.6766185760498047,3.718639612197876,0.5574560938475038,0.6218539476394653,0.05662071704864502,0.6244263269545012
784,3,20,2.388676166534424,label_Hqql,label_Hqql,0.9504872560501099,-1.59320867061615,-0.5651836395263672,-1.5647637844085693,-1.2301372289657593,1.198828935623169,-1.0,1.0,0.0,0.0,0.0,0.0,0.4901324510574341,0.09735259413719177,0.5260127186775208,0.19825978577136993,-3.2443249225616455,3.295621395111084,0.5621355022275555,0.4901324510574341,0.09735259413719177,0.4997072614689613
784,4,18,2.3383028507232666,label_Hqql,label_Hqql,0.9504872560501099,-1.2402634620666504,-0.6555678248405457,-1.2118184566497803,-1.3205214738845825,1.9379448890686035,0.0,0.0,0.0,1.0,0.0,0.0,-0.1618046760559082,0.6650869250297546,0.5577691793441772,0.7450632452964783,-2.742810010910034,2.8964171409606934,0.9307124673700236,-0.1618046760559082,0.6650869250297546,0.6844862095317128
784,5,22,2.2750446796417236,label_Hqql,label_Hqql,0.9504872560501099,-1.6948184967041016,-0.7644868493080139,-1.666373610496521,-1.4294406175613403,1.6263971328735352,1.0,1.0,0.0,0.0,0.0,0.0,0.34745967388153076,0.4972267746925354,0.35229647159576416,0.33505457639694214,-2.4268994331359863,2.479051113128662,0.486183476748603,0.34745967388153076,0.4972267746925354,0.6065992832546054
784,6,10,2.223386764526367,label_Hqql,label_Hqql,0.9504872560501099,-0.5564568042755127,0.3975987136363983,-0.5280117392539978,-0.26735490560531616,2.0478627681732178,1.0,1.0,0.0,0.0,0.0,0.0,0.38355982303619385,-0.5998141169548035,2.333259105682373,-0.8167642951011658,-12.802459716796875,13.039695739746094,2.4720845390078816,0.38355982303619385,-0.5998141169548035,0.711965668235363
784,7,19,2.0056092739105225,label_Hqql,label_Hqql,0.9504872560501099,-1.266422986984253,-0.47142234444618225,-1.2379778623580933,-1.136376142501831,1.380936861038208,0.0,0.0,0.0,1.0,0.0,0.0,0.1510409116744995,-0.5238959789276123,0.8662535548210144,-0.23118790984153748,-3.6597602367401123,3.767981767654419,0.8965729590484776,0.1510409116744995,-0.5238959789276123,0.5452342191535534
784,8,15,1.942922830581665,label_Hqql,label_Hqql,0.9504872560501099,-0.6939316987991333,0.11223888397216797,-0.6654868721961975,-0.5527148842811584,1.6761717796325684,0.0,0.0,0.0,1.0,0.0,0.0,0.16746199131011963,0.5959619283676147,1.3267427682876587,1.5381406545639038,-8.432902336120605,8.674097061157227,2.0312860572617226,0.16746199131011963,0.5959619283676147,0.6190429214498754
784,9,16,1.9342917203903198,label_Hqql,label_Hqql,0.9504872560501099,-0.7423296570777893,0.03258686140179634,-0.7138848304748535,-0.632366955280304,-0.31257349252700806,0.0,0.0,1.0,0.0,0.0,0.0,0.12147486209869385,0.009638309478759766,1.8255252838134766,0.5105992555618286,-7.505493640899658,7.74116849899292,1.8955880780440058,0.12147486209869385,0.009638309478759766,0.12185663351457333
784,10,14,1.9258489608764648,label_Hqql,label_Hqql,0.9504872560501099,-0.6867476105690002,0.27593138813972473,-0.6583027839660645,-0.38902226090431213,1.6441423892974854,1.0,1.0,0.0,0.0,0.0,0.0,0.396079421043396,-0.465280145406723,2.0104353427886963,-0.4121171236038208,-10.764520645141602,10.959291458129883,2.0522404320891328,0.396079421043396,-0.465280145406723,0.6110356139242402
784,11,3,1.9157778024673462,label_Hqql,label_Hqql,0.9504872560501099,-0.13481491804122925,0.8291044235229492,-0.10636992007493973,0.16415061056613922,1.3680543899536133,-1.0,1.0,0.0,0.0,0.0,0.0,0.39794886112213135,-0.36798834800720215,4.490192413330078,-0.47273948788642883,-23.727479934692383,24.153635025024414,4.515009471987198,0.39794886112213135,-0.36798834800720215,0.5420135794770008
784,12,13,1.902134656906128,label_Hqql,label_Hqql,0.9504872560501099,-0.6828089952468872,0.26830336451530457,-0.6543641090393066,-0.3966502547264099,0.7376582026481628,0.0,0.0,1.0,0.0,0.0,0.0,0.37933576107025146,0.062281012535095215,1.9555343389511108,0.6597254872322083,-10.642248153686523,10.840516090393066,2.0638198248201642,0.37933576107025146,0.062281012535095215,0.38441454726524543
784,13,7,1.8990521430969238,label_Hqql,label_Hqql,0.9504872560501099,-0.4613858759403229,0.28147339820861816,-0.432940810918808,-0.38348039984703064,0.3330346941947937,-1.0,1.0,0.0,0.0,0.0,0.0,0.07408678531646729,0.2733982801437378,2.433868646621704,1.4473460912704468,-10.676375389099121,11.046401977539062,2.831700424996261,0.07408678531646729,0.2733982801437378,0.28325866508208014
784,14,9,1.8909740447998047,label_Hqql,label_Hqql,0.9504872560501099,-0.4748668372631073,-0.05222015455365181,-0.4464217722415924,-0.7171739339828491,1.3553788661956787,0.0,0.0,0.0,1.0,0.0,0.0,-0.410223126411438,0.3493860363960266,2.272775888442993,1.5968841314315796,-6.270175457000732,6.857889652252197,2.77768773772464,-0.410223126411438,0.3493860363960266,0.5388447047817212
784,15,12,1.882609486579895,label_Hqql,label_Hqql,0.9504872560501099,-0.6692504286766052,-0.2854715585708618,-0.6408053636550903,-0.9504252672195435,1.1488659381866455,0.0,0.0,0.0,1.0,0.0,0.0,-0.4713006019592285,0.12351378798484802,1.9488834142684937,0.7933764457702637,-4.441215991973877,4.914467811584473,2.1041845800960233,-0.4713006019592285,0.12351378798484802,0.48721649523543137
784,16,6,1.8592171669006348,label_Hqql,label_Hqql,0.9504872560501099,-0.35734644532203674,0.40066254138946533,-0.32890138030052185,-0.26429107785224915,-0.29484736919403076,1.0,1.0,0.0,0.0,0.0,0.0,0.09388530254364014,0.08446449041366577,3.089010238647461,1.1190309524536133,-12.643340110778809,13.096893310546875,3.28545499543337,0.09388530254364014,0.08446449041366577,0.12628816324007203
785,1,0,4.252216815948486,label_Hqql,label_Hqql,0.9904475212097168,2.779920816421509,2.5881903171539307,2.7943954467773438,2.782806634902954,-0.59785395860672,-1.0,0.0,0.0,0.0,0.0,1.0,0.04968932271003723,0.009214669466018677,281.55950927734375,71.17529296875,67.22632598876953,298.0957336425781,290.4163900224745,0.04968932271003723,0.009214669466018677,0.05053651080902003
785,2,1,2.6575448513031006,label_Hqql,label_Hqql,0.9904475212097168,2.116262912750244,1.9115127325057983,2.1307373046875,2.1061289310455322,-0.30906951427459717,0.0,0.0,0.0,1.0,0.0,0.0,-0.05714871734380722,-0.10861547291278839,111.58519744873047,14.562500953674316,13.833834648132324,113.3785629272461,112.53142993714214,-0.05714871734380722,-0.10861547291278839,0.1227326234141153
785,3,16,2.654120683670044,label_Hqql,label_Hqql,0.9904475212097168,-0.5174310803413391,-0.6776828765869141,-0.5029564499855042,-0.48306646943092346,2.3044166564941406,0.0,0.0,0.0,1.0,0.0,0.0,-0.5612666606903076,0.5360199809074402,1.8684509992599487,1.8278255462646484,-1.02151620388031,2.8063411712646484,2.613820071124476,-0.5612666606903076,0.5360199809074402,0.7761041710585387
785,4,7,2.622675895690918,label_Hqql,label_Hqql,0.9904475212097168,0.361088365316391,0.1645723581314087,0.37556299567222595,0.3591887950897217,0.446461021900177,0.0,0.0,1.0,0.0,0.0,0.0,0.017135918140411377,0.31114375591278076,7.8191375732421875,4.788914680480957,1.8171815872192383,9.347447395324707,9.169112072944346,0.017135918140411377,0.31114375591278076,0.3116152700591339
785,5,2,2.5435287952423096,label_Hqql,label_Hqql,0.9904475212097168,1.7075202465057373,1.504709005355835,1.7219946384429932,1.6993252038955688,-0.373290479183197,1.0,1.0,0.0,0.0,0.0,0.0,-0.03623129427433014,-0.1003362238407135,62.16269302368164,8.636587142944336,9.039693832397461,63.407623291015625,62.75978841132393,-0.03623129427433014,-0.1003362238407135,0.10667738513577689
785,6,3,2.388247489929199,label_Hqql,label_Hqql,0.9904475212097168,1.152971625328064,0.9471797347068787,1.167446255683899,1.1417959928512573,-0.1719452142715454,-1.0,1.0,0.0,0.0,0.0,0.0,-0.07012534141540527,-0.14048394560813904,28.284168243408203,2.778007745742798,3.1224989891052246,28.591623306274414,28.42026566126411,-0.07012534141540527,-0.14048394560813904,0.157013701574919
785,7,22,2.288877487182617,label_Hqql,label_Hqql,0.9904475212097168,-1.146044373512268,-1.3514339923858643,-1.1315699815750122,-1.1568175554275513,-0.24501579999923706,0.0,0.0,0.0,1.0,0.0,0.0,-0.0648772194981575,-0.12264343351125717,1.0576826333999634,0.1229703351855278,0.12261252850294113,1.0718433856964111,1.064807145135457,-0.0648772194981575,-0.12264343351125717,0.1387460464058067
785,8,20,2.268699884414673,label_Hqql,label_Hqql,0.9904475212097168,-0.7499038577079773,-0.935005784034729,-0.7354293465614319,-0.7403894066810608,-0.1530819535255432,0.0,0.0,0.0,1.0,0.0,0.0,0.08852489292621613,0.13535058498382568,1.7457419633865356,0.6846277713775635,0.5091691017150879,1.94308602809906,1.8751880407228725,0.08852489292621613,0.13535058498382568,0.16172951964023713
785,9,11,2.2441306114196777,label_Hqql,label_Hqql,0.9904475212097168,-0.05071152374148369,-0.24748805165290833,-0.036237142980098724,-0.0528717041015625,1.2635116577148438,0.0,0.0,0.0,1.0,0.0,0.0,0.01521231234073639,0.5156535506248474,3.711273193359375,3.485529661178589,0.9990593791007996,5.188505172729492,5.091410976802366,0.01521231234073639,0.5156535506248474,0.5158778912870411
785,10,23,2.2292675971984863,label_Hqql,label_Hqql,0.9904475212097168,-1.196390151977539,-1.394176959991455,-1.181915521621704,-1.199560523033142,-0.15486407279968262,0.0,0.0,0.0,1.0,0.0,0.0,0.007570281624794006,0.16110622882843018,0.9128863215446472,0.3854176998138428,0.18672993779182434,1.0083532333374023,0.9909128313797891,0.007570281624794006,0.16110622882843018,0.1612839921728043
785,11,14,2.1881957054138184,label_Hqql,label_Hqql,0.9904475212097168,-0.3697179853916168,-0.5783754587173462,-0.355243444442749,-0.38375911116600037,-0.3269556760787964,0.0,0.0,0.0,1.0,0.0,0.0,-0.11782169342041016,0.01018492877483368,3.128688097000122,0.7941300272941589,0.2001045197248459,3.234095573425293,3.2278989619503995,-0.11782169342041016,0.01018492877483368,0.1182610849544412
785,12,17,2.1837034225463867,label_Hqql,label_Hqql,0.9904475212097168,-0.5360123515129089,-0.7317529916763306,-0.5215376019477844,-0.537136435508728,0.27182942628860474,0.0,0.0,0.0,1.0,0.0,0.0,0.02275581657886505,0.2669893503189087,2.227160692214966,1.2322990894317627,0.5190412998199463,2.597731590270996,2.545349837401884,0.02275581657886505,0.2669893503189087,0.26795734804607224
785,13,24,2.174649238586426,label_Hqql,label_Hqql,0.9904475212097168,-1.2361876964569092,-1.4107046127319336,-1.2217131853103638,-1.2160881757736206,0.09642153978347778,0.0,0.0,0.0,1.0,0.0,0.0,0.14132444560527802,0.17392706871032715,0.857694149017334,0.375143438577652,0.3057878315448761,0.9848238825798035,0.9361473456494086,0.14132444560527802,0.17392706871032715,0.22410538627129434
785,14,15,2.138364315032959,label_Hqql,label_Hqql,0.9904475212097168,-0.3730314075946808,-0.5326344966888428,-0.35855692625045776,-0.3380180895328522,1.630737066268921,1.0,1.0,0.0,0.0,0.0,0.0,-0.44058388471603394,0.41852837800979614,2.5440359115600586,1.9618974924087524,-0.847423255443573,3.4524827003479004,3.2126562981475266,-0.44058388471603394,0.41852837800979614,0.6076842623196542
785,15,21,2.1065633296966553,label_Hqql,label_Hqql,0.9904475212097168,-1.0703411102294922,-1.263424038887024,-1.0558665990829468,-1.0688074827194214,-0.0026479363441467285,0.0,0.0,0.0,1.0,0.0,0.0,0.040963560342788696,0.1950836479663849,1.0766927003860474,0.4983248710632324,0.2640199065208435,1.2154428958892822,1.1864210248410072,0.040963560342788696,0.1950836479663849,0.19933801187889297
785,16,13,2.0830466747283936,label_Hqql,label_Hqql,0.9904475212097168,-0.3003629148006439,-0.49433740973472595,-0.2858883738517761,-0.2997211515903473,1.3348629474639893,0.0,0.0,0.0,1.0,0.0,0.0,0.03502228856086731,0.5325654149055481,2.556335687637329,2.483529567718506,0.7714555859565735,3.6466307640075684,3.5640947324138685,0.03502228856086731,0.5325654149055481,0.5337157313116779
789,1,0,4.380448818206787,label_Hqql,label_Hqql,0.9942646622657776,2.8628993034362793,2.765817880630493,2.89685320854187,2.9111766815185547,-0.5449694991111755,-1.0,0.0,0.0,0.0,1.0,0.0,0.045454323291778564,-0.04470950737595558,-326.8647766113281,8.139949798583984,-201.75306701660156,384.20196533203125,326.96611593848206,0.045454323291778564,-0.04470950737595558,0.06375763135275768
789,2,1,2.911560297012329,label_Hqql,label_Hqql,0.9942646622657776,1.7329319715499878,1.6005829572677612,1.766885757446289,1.7459419965744019,-0.3676891028881073,0.0,0.0,1.0,0.0,0.0,0.0,-0.05815741419792175,0.09109616279602051,-64.68014526367188,-7.203084468841553,-32.43546676635742,72.71495819091797,65.07999398582456,-0.05815741419792175,0.09109616279602051,0.10807772990930047
789,3,8,2.9012022018432617,label_Hqql,label_Hqql,0.9942646622657776,0.5575456023216248,0.42579010128974915,0.5914991497993469,0.5711492300033569,-0.4291500449180603,-1.0,1.0,0.0,0.0,0.0,0.0,-0.06163439154624939,-0.06925899535417557,-12.125015258789062,0.6000401973724365,-6.003302574157715,13.575567245483398,12.139853510826658,-0.06163439154624939,-0.06925899535417557,0.09271249462044526
789,4,2,2.547539472579956,label_Hqql,label_Hqql,0.9942646622657776,1.3984911441802979,1.269692063331604,1.43244469165802,1.4150512218475342,-0.5616881847381592,0.0,0.0,0.0,1.0,0.0,0.0,-0.04690095782279968,0.03674006462097168,-40.29568862915039,-2.2812182903289795,-20.624176025390625,45.32442092895508,40.360209104829615,-0.04690095782279968,0.03674006462097168,0.059577950561002097
789,5,3,2.525477647781372,label_Hqql,label_Hqql,0.9942646622657776,1.2164005041122437,1.0862362384796143,1.2503540515899658,1.2315953969955444,-0.5064375996589661,1.0,1.0,0.0,0.0,0.0,0.0,-0.05122101306915283,0.05256032943725586,-31.034324645996094,-2.24994158744812,-15.74943733215332,34.87485885620117,31.115776438649398,-0.05122101306915283,0.05256032943725586,0.07339060164887047
789,6,13,2.4226837158203125,label_Hqql,label_Hqql,0.9942646622657776,-0.825808048248291,-0.9880218505859375,-0.791854202747345,-0.8426628112792969,-0.12051880359649658,0.0,0.0,0.0,1.0,0.0,0.0,-0.16421180963516235,0.04347872734069824,-1.679120421409607,-0.10641410946846008,-0.6435195803642273,1.8013569116592407,1.682489034819764,-0.16421180963516235,0.04347872734069824,0.16987029803594736
789,7,4,2.414626359939575,label_Hqql,label_Hqql,0.9942646622657776,0.8842456936836243,0.7585554122924805,0.9181992411613464,0.9039145112037659,-0.45529037714004517,-1.0,1.0,0.0,0.0,0.0,0.0,-0.03726696968078613,0.07770276069641113,-19.268007278442383,-1.8848845958709717,-10.102919578552246,21.837980270385742,19.359981777415502,-0.03726696968078613,0.07770276069641113,0.08617741031750935
789,8,5,2.401937484741211,label_Hqql,label_Hqql,0.9942646622657776,0.8179979920387268,0.6860250234603882,0.8519517183303833,0.8313841819763184,-0.32789313793182373,-1.0,1.0,0.0,0.0,0.0,0.0,-0.057010382413864136,0.10334467887878418,-17.478397369384766,-2.163522720336914,-8.800185203552246,19.688522338867188,17.611791651150384,-0.057010382413864136,0.10334467887878418,0.11802671882050289
789,9,14,2.3719375133514404,label_Hqql,label_Hqql,0.9942646622657776,-1.0308362245559692,-1.2063614130020142,-0.9968826174736023,-1.061002254486084,0.09064751863479614,0.0,0.0,0.0,1.0,0.0,0.0,-0.22150331735610962,-0.02268463745713234,-1.2552976608276367,0.0036065990570932627,-0.4038759171962738,1.318673849105835,1.2553028418816294,-0.22150331735610962,-0.02268463745713234,0.22266187903707932
789,10,7,2.3399760723114014,label_Hqql,label_Hqql,0.9942646622657776,0.6602957844734192,0.5308435559272766,0.6942495107650757,0.6762027144432068,-0.49091362953186035,0.0,0.0,0.0,1.0,0.0,0.0,-0.04895547032356262,0.05978512763977051,-14.014724731445312,-1.117887258529663,-7.151885986328125,15.773764610290527,14.05923828736706,-0.04895547032356262,0.05978512763977051,0.0772715960848802
789,11,6,2.3073816299438477,label_Hqql,label_Hqql,0.9942646622657776,0.793066680431366,0.6601414084434509,0.8270204067230225,0.8055005669593811,-0.4888260066509247,1.0,1.0,0.0,0.0,0.0,0.0,-0.060066789388656616,0.04943490028381348,-16.954835891723633,-1.175942301750183,-8.434243202209473,18.973804473876953,16.99556708122225,-0.060066789388656616,0.04943490028381348,0.07779349942978406
789,12,12,2.2895705699920654,label_Hqql,label_Hqql,0.9942646622657776,-0.1537037044763565,-0.33288076519966125,-0.11975006759166718,-0.18752165138721466,0.17195111513137817,0.0,0.0,1.0,0.0,0.0,0.0,-0.23899149894714355,-0.043887678533792496,-4.3935322761535645,0.10579971969127655,-1.3334416151046753,4.592644691467285,4.394805961847449,-0.23899149894714355,-0.043887678533792496,0.2429877875451522
789,13,10,2.267209529876709,label_Hqql,label_Hqql,0.9942646622657776,0.15361307561397552,0.02184312231838703,0.18756671249866486,0.16720208525657654,-0.43967387080192566,1.0,1.0,0.0,0.0,0.0,0.0,-0.056680887937545776,0.07001399993896484,-6.789705276489258,-0.611534595489502,-3.408895492553711,7.62326192855835,6.817189472434118,-0.056680887937545776,0.07001399993896484,0.09008153664787247
789,14,9,2.2206473350524902,label_Hqql,label_Hqql,0.9942646622657776,0.4226413369178772,0.2656477689743042,0.45659488439559937,0.41100671887397766,-0.19136369228363037,0.0,0.0,1.0,0.0,0.0,0.0,-0.1438407301902771,0.049620866775512695,-9.98776626586914,-0.694591224193573,-4.048526287078857,10.799467086791992,10.011889529472462,-0.1438407301902771,0.049620866775512695,0.1521590814944191
789,15,11,2.134381055831909,label_Hqql,label_Hqql,0.9942646622657776,0.11542461812496185,-0.04526789113879204,0.14937825500965118,0.10009107738733292,-0.0666818618774414,1.0,1.0,0.0,0.0,0.0,0.0,-0.15873345732688904,0.09172463417053223,-6.415130138397217,-0.7185010313987732,-2.5069048404693604,6.926340579986572,6.455241159297876,-0.15873345732688904,0.09172463417053223,0.18332953659643955
790,1,0,4.383131980895996,label_Hqql,label_Hqql,0.9992827773094177,3.1935362815856934,3.5932576656341553,3.067533493041992,3.0556533336639404,-0.6155438423156738,-1.0,0.0,0.0,0.0,0.0,1.0,-0.017714500427246094,0.042575836181640625,-498.06683349609375,163.98716735839844,-1137.903564453125,1252.911376953125,524.3685361337548,-0.017714500427246094,0.042575836181640625,0.04611404723023995
790,2,1,2.63289737701416,label_Hqql,label_Hqql,0.9992827773094177,2.1419997215270996,2.6000969409942627,2.0159966945648193,2.062492847442627,-0.29378175735473633,1.0,1.0,0.0,0.0,0.0,0.0,0.07335078716278076,-0.10312962532043457,-104.4140853881836,52.22355270385742,-279.83282470703125,303.20953369140625,116.74588080297937,0.07335078716278076,-0.10312962532043457,0.12655456371120238
790,3,13,2.4585955142974854,label_Hqql,label_Hqql,0.9992827773094177,-0.6352148652076721,-0.6573790311813354,-0.7612176537513733,-1.1949832439422607,2.300069808959961,0.0,0.0,0.0,1.0,0.0,0.0,-0.7691692113876343,0.09503006935119629,-2.1315553188323975,0.5798733234405518,-1.861759901046753,2.888932466506958,2.209022668168137,-0.7691692113876343,0.09503006935119629,0.7750174125963677
790,4,7,2.341731309890747,label_Hqql,label_Hqql,0.9992827773094177,0.08671610057353973,0.5647183656692505,-0.03928694501519203,0.027114437893033028,-0.3794718384742737,0.0,0.0,1.0,0.0,0.0,0.0,0.10408782958984375,-0.014780759811401367,-5.764322757720947,2.271822214126587,-15.352789878845215,16.55586814880371,6.19585288945587,0.10408782958984375,-0.014780759811401367,0.10513204615780428
790,5,10,2.2305548191070557,label_Hqql,label_Hqql,0.9992827773094177,-0.26264718174934387,0.04625356197357178,-0.3886500895023346,-0.4913506805896759,0.38217681646347046,0.0,0.0,1.0,0.0,0.0,0.0,-0.1627901792526245,-0.24666929244995117,-3.088796615600586,2.146491050720215,-6.9400177001953125,7.893791198730469,3.7613944705876845,-0.1627901792526245,-0.24666929244995117,0.2955442137800386
790,6,17,2.2214338779449463,label_Hqql,label_Hqql,0.9992827773094177,-1.1232976913452148,-0.5826705098152161,-1.2493005990982056,-1.1202746629714966,1.137376070022583,1.0,1.0,0.0,0.0,0.0,0.0,0.19890427589416504,-0.4416177272796631,-0.7645741701126099,0.7908067107200623,-3.017014503479004,3.2143125534057617,1.0999767794473074,0.19890427589416504,-0.4416177272796631,0.4843440182521479
790,7,8,2.0395429134368896,label_Hqql,label_Hqql,0.9992827773094177,-0.16272184252738953,0.21622724831104279,-0.2887248992919922,-0.32137683033943176,-0.31851038336753845,1.0,1.0,0.0,0.0,0.0,0.0,-0.05060088634490967,-0.10922026634216309,-3.868379831314087,1.9643468856811523,-9.07896900177002,10.063308715820312,4.338550588226769,-0.05060088634490967,-0.10922026634216309,0.12037240663351177
790,8,14,1.9306831359863281,label_Hqql,label_Hqql,0.9992827773094177,-0.6555429100990295,-0.34340229630470276,-0.7815459370613098,-0.8810064792633057,-0.08827406167984009,-1.0,1.0,0.0,0.0,0.0,0.0,-0.15807008743286133,-0.08169126510620117,-1.9392715692520142,0.9185109734535217,-3.98043155670166,4.524129867553711,2.1457951038399976,-0.15807008743286133,-0.08169126510620117,0.17793149056781396
790,9,16,1.9208036661148071,label_Hqql,label_Hqql,0.9992827773094177,-0.9846278429031372,-0.6742613911628723,-1.1106308698654175,-1.2118655443191528,-0.09954899549484253,0.0,0.0,0.0,1.0,0.0,0.0,-0.1604093313217163,0.07023763656616211,-1.284814476966858,0.38397443294525146,-2.4808733463287354,2.820091724395752,1.3409640581981488,-0.1604093313217163,0.07023763656616211,0.17511276128677894
790,10,9,1.9142194986343384,label_Hqql,label_Hqql,0.9992827773094177,-0.19095554947853088,0.09403703361749649,-0.3169585168361664,-0.4435672163963318,0.8114722371101379,-1.0,1.0,0.0,0.0,0.0,0.0,-0.2019968032836914,-0.3485684394836426,-3.162262439727783,2.713730573654175,-7.351419925689697,8.451455116271973,4.167041800138142,-0.2019968032836914,-0.3485684394836426,0.40286804978912405
790,11,15,1.8955200910568237,label_Hqql,label_Hqql,0.9992827773094177,-0.8561651110649109,-0.6415995359420776,-0.9821680188179016,-1.1792035102844238,1.094966173171997,0.0,0.0,0.0,1.0,0.0,0.0,-0.3195582628250122,-0.3497335910797119,-1.2213873863220215,1.050620675086975,-2.476938009262085,2.9547948837280273,1.6110837813058483,-0.3195582628250122,-0.3497335910797119,0.47374156253093386
790,12,11,1.8918570280075073,label_Hqql,label_Hqql,0.9992827773094177,-0.49413952231407166,-0.05438867583870888,-0.6201423406600952,-0.5919928550720215,-0.2959544062614441,-1.0,1.0,0.0,0.0,0.0,0.0,0.04465925693511963,-0.11783218383789062,-2.3987841606140137,1.2441922426223755,-6.278415679931641,6.836677551269531,2.7022545745755293,0.04465925693511963,-0.11783218383789062,0.1260113993970525
790,13,3,1.8723738193511963,label_Hqql,label_Hqql,0.9992827773094177,0.5457833409309387,0.990024983882904,0.41978028416633606,0.4524208903312683,-0.4089445471763611,-1.0,1.0,0.0,0.0,0.0,0.0,0.051854729652404785,-0.08287858963012695,-10.78255558013916,5.122701644897461,-27.9537296295166,30.396316528320312,11.937569978074487,0.051854729652404785,-0.08287858963012695,0.09776386656839517
790,14,12,1.7553486824035645,label_Hqql,label_Hqql,0.9992827773094177,-0.5019937753677368,-0.05295698717236519,-0.6279966831207275,-0.5905609130859375,-0.07451945543289185,0.0,0.0,0.0,1.0,0.0,0.0,0.059310317039489746,-0.17139840126037598,-2.3027455806732178,1.3555445671081543,-6.308059215545654,6.850675106048584,2.67210371855706,0.059310317039489746,-0.17139840126037598,0.1813701344266405
790,15,2,1.7248393297195435,label_Hqql,label_Hqql,0.9992827773094177,0.6796661019325256,1.1147701740264893,0.5536631941795349,0.5771660804748535,-0.23380416631698608,1.0,1.0,0.0,0.0,0.0,0.0,0.03764700889587402,-0.13645076751708984,-12.704405784606934,6.892607688903809,-33.326210021972656,36.32582473754883,14.453718106186034,0.03764700889587402,-0.13645076751708984,0.1415489640894942
790,16,6,1.7230453491210938,label_Hqql,label_Hqql,0.9992827773094177,0.11548887193202972,0.4504680931568146,-0.01051392499357462,-0.0871361717581749,-0.14336764812469482,1.0,1.0,0.0,0.0,0.0,0.0,-0.12069463729858398,-0.11126852035522461,-5.750213146209717,2.9347641468048096,-12.492486000061035,14.062698364257812,6.455833937162109,-0.12069463729858398,-0.11126852035522461,0.16415809177338098
793,1,0,4.481191635131836,label_Hqql,label_Hqql,0.9995713829994202,2.9545881748199463,2.961242198944092,3.0002923011779785,2.992100715637207,-0.7537611126899719,1.0,0.0,0.0,0.0,1.0,0.0,-0.0113983154296875,0.0019249916076660156,-324.3537292480469,-183.62582397460938,-345.0657958984375,507.9313049316406,372.72481123138226,-0.0113983154296875,0.0019249916076660156,0.01155972263180379
793,2,2,2.654879093170166,label_Hqql,label_Hqql,0.9995713829994202,0.8889213800430298,0.8947136998176575,0.9346256852149963,0.9255722165107727,-0.7265620827674866,0.0,0.0,0.0,1.0,0.0,0.0,-0.013211846351623535,0.012748241424560547,-16.855501174926758,-9.784771919250488,-17.99530792236328,26.5269832611084,19.48973271673345,-0.013211846351623535,0.012748241424560547,0.018359481023106007
793,3,9,2.6223247051239014,label_Hqql,label_Hqql,0.9995713829994202,0.1960737407207489,0.21366310119628906,0.24177789688110352,0.2445216178894043,-0.7522587180137634,0.0,0.0,0.0,1.0,0.0,0.0,0.011393129825592041,0.003556489944458008,-6.297636032104492,-3.578850030899048,-6.93272066116333,10.026515007019043,7.243506549767655,0.011393129825592041,0.003556489944458008,0.011935326889022598
793,4,26,2.4486849308013916,label_Hqql,label_Hqql,0.9995713829994202,-0.5402964353561401,-0.5037608742713928,-0.4945921003818512,-0.4729023277759552,-0.45081695914268494,0.0,0.0,0.0,1.0,0.0,0.0,0.04998534917831421,-0.07156825065612793,-2.287079334259033,-1.081320881843567,-2.558255434036255,3.5978684425354004,2.5298195055587844,0.04998534917831421,-0.07156825065612793,0.08729575954452973
793,5,31,2.445246458053589,label_Hqql,label_Hqql,0.9995713829994202,-1.0538578033447266,-1.0648812055587769,-1.0081535577774048,-1.0340226888656616,-0.330847829580307,0.0,0.0,0.0,1.0,0.0,0.0,-0.049145400524139404,-0.10649514198303223,-1.1155990362167358,-0.48053160309791565,-1.0628535747528076,1.6140413284301758,1.2146900144413646,-0.049145400524139404,-0.10649514198303223,0.11728804567671965
793,6,14,2.4268813133239746,label_Hqql,label_Hqql,0.9995713829994202,-0.05024472251534462,-0.0615728385746479,-0.004540490917861462,-0.03071432001888752,-0.5201694965362549,0.0,0.0,0.0,1.0,0.0,0.0,-0.04980653524398804,-0.04912614822387695,-4.555924892425537,-2.2804839611053467,-4.4534807205200195,6.766871452331543,5.094807034842574,-0.04980653524398804,-0.04912614822387695,0.06995762569102064
793,7,29,2.4160547256469727,label_Hqql,label_Hqql,0.9995713829994202,-0.8208916187286377,-0.6508703827857971,-0.7751873135566711,-0.6200118660926819,1.2486720085144043,1.0,1.0,0.0,0.0,0.0,0.0,0.2976183295249939,0.4168205261230469,-1.0128883123397827,-1.358260154724121,-2.369027853012085,2.915919542312622,1.6943474794698183,0.2976183295249939,0.4168205261230469,0.5121679617730315
793,8,1,2.408263683319092,label_Hqql,label_Hqql,0.9995713829994202,0.962020993232727,0.9496272206306458,1.0077251195907593,0.980485737323761,-0.5640529990196228,-1.0,1.0,0.0,0.0,0.0,0.0,-0.05214053392410278,-0.027582645416259766,-19.13361167907715,-10.098581314086914,-18.844669342041016,28.6917667388916,21.635074311010417,-0.05214053392410278,-0.027582645416259766,0.05898675788725491
793,9,8,2.3586206436157227,label_Hqql,label_Hqql,0.9995713829994202,0.2688197195529938,0.24694356322288513,0.3145238757133484,0.27780240774154663,-0.5079815983772278,0.0,0.0,0.0,1.0,0.0,0.0,-0.07293534278869629,0.003179311752319336,-6.98881721496582,-3.968151330947876,-6.780092239379883,10.514724731445312,8.036777404501509,-0.07293534278869629,0.003179311752319336,0.07300460431317375
793,10,3,2.2737927436828613,label_Hqql,label_Hqql,0.9995713829994202,0.7504225373268127,0.7289265394210815,0.7961268424987793,0.7597850561141968,-0.5106755495071411,1.0,1.0,0.0,0.0,0.0,0.0,-0.0721282958984375,-0.0054128170013427734,-13.973257064819336,-7.775818824768066,-13.507511138916016,20.932931900024414,15.991099755649731,-0.0721282958984375,-0.0054128170013427734,0.07233111126688557
793,11,22,2.244685411453247,label_Hqql,label_Hqql,0.9995713829994202,-0.44520536065101624,-0.2888445556163788,-0.39950111508369446,-0.2579858601093292,0.5916419625282288,1.0,1.0,0.0,0.0,0.0,0.0,0.2744216322898865,0.21385622024536133,-2.165102005004883,-1.9262033700942993,-3.9373786449432373,4.890843868255615,2.897917548005602,0.2744216322898865,0.21385622024536133,0.34791049884457087
793,12,32,2.181474208831787,label_Hqql,label_Hqql,0.9995713829994202,-1.1154954433441162,-1.004199743270874,-1.0697911977767944,-0.9733410477638245,-0.014083564281463623,0.0,0.0,0.0,1.0,0.0,0.0,0.1934996247291565,-0.034087181091308594,-0.9870564341545105,-0.5127803087234497,-1.3642176389694214,1.7602027654647827,1.112305735497365,0.1934996247291565,-0.034087181091308594,0.19647911004754692
793,13,23,2.164527654647827,label_Hqql,label_Hqql,0.9995713829994202,-0.4967452883720398,-0.5214651226997375,-0.45104101300239563,-0.4906066954135895,-0.20148420333862305,-1.0,1.0,0.0,0.0,0.0,0.0,-0.08048999309539795,-0.12613558769226074,-2.493030548095703,-1.0162752866744995,-2.2446959018707275,3.5080132484436035,2.6922141021924126,-0.08048999309539795,-0.12613558769226074,0.14962895933264125
793,14,5,2.103888511657715,label_Hqql,label_Hqql,0.9995713829994202,0.5022175908088684,0.4692413806915283,0.5479217171669006,0.5000998973846436,-0.36101242899894714,-1.0,1.0,0.0,0.0,0.0,0.0,-0.09788483381271362,-0.04962801933288574,-10.033319473266602,-5.0159173011779785,-9.100006103515625,14.444948196411133,11.217260183524646,-0.09788483381271362,-0.04962801933288574,0.10974689514263192
793,15,10,2.0928666591644287,label_Hqql,label_Hqql,0.9995713829994202,0.14203378558158875,0.09861139953136444,0.18773794174194336,0.12946991622447968,-0.31193262338638306,-1.0,1.0,0.0,0.0,0.0,0.0,-0.12199270725250244,-0.0024268627166748047,-5.8494696617126465,-3.278017997741699,-5.233120918273926,8.506863594055176,6.705348411291927,-0.12199270725250244,-0.0024268627166748047,0.12201684426930713
793,16,28,2.0922458171844482,label_Hqql,label_Hqql,0.9995713829994202,-0.6002964973449707,-0.7221571207046509,-0.5545921325683594,-0.6912985444068909,0.6199491620063782,0.0,0.0,0.0,1.0,0.0,0.0,-0.32689642906188965,0.13840055465698242,-1.8462406396865845,-1.4082366228103638,-1.242596983909607,2.63358736038208,2.3220109572210608,-0.32689642906188965,0.13840055465698242,0.35498730803054834
795,1,0,4.4722700119018555,label_Hqql,label_Hqql,0.9999996423721313,2.965625286102295,3.037705898284912,3.011490821838379,3.0010600090026855,-0.7314538955688477,-1.0,0.0,0.0,0.0,1.0,0.0,-0.01451796293258667,-0.009104371070861816,-27.18778419494629,377.67095947265625,-421.4423828125,566.5582275390625,378.64829226926105,-0.01451796293258667,-0.009104371070861816,0.017136534664508634
795,2,1,2.582357883453369,label_Hqql,label_Hqql,0.9999996423721313,1.5250154733657837,1.632401466369629,1.5708808898925781,1.5957555770874023,-0.1795540452003479,-1.0,1.0,0.0,0.0,0.0,0.0,0.051998019218444824,-0.14613616466522217,3.1490318775177,48.253517150878906,-58.75661087036133,76.09649658203125,48.35616112964084,0.051998019218444824,-0.14613616466522217,0.15511148450615347
795,3,10,2.3958654403686523,label_Hqql,label_Hqql,0.9999996423721313,0.2585236132144928,0.3667955994606018,0.3043891489505768,0.33014973998069763,-0.4891214370727539,1.0,1.0,0.0,0.0,0.0,0.0,0.053557753562927246,-0.0563197135925293,-0.19518400728702545,7.917026042938232,-9.642193794250488,12.47833251953125,7.919431681709416,0.053557753562927246,-0.0563197135925293,0.07771964427255039
795,4,9,2.354562997817993,label_Hqql,label_Hqql,0.9999996423721313,0.5808727741241455,0.7278686165809631,0.6267381310462952,0.6912227272987366,-0.1283266544342041,0.0,0.0,1.0,0.0,0.0,0.0,0.12397909164428711,0.11325085163116455,-2.422393321990967,12.315244674682617,-16.713226318359375,20.90131950378418,12.551224673462148,0.12397909164428711,0.11325085163116455,0.1679183449183757
795,5,7,2.3520946502685547,label_Hqql,label_Hqql,0.9999996423721313,0.6232423782348633,0.6161080598831177,0.6691077351570129,0.5794621706008911,1.0030031204223633,0.0,0.0,1.0,0.0,0.0,0.0,-0.17501795291900635,0.415385365486145,-6.350135803222656,11.725257873535156,-11.816957473754883,17.81702423095703,13.334387759483688,-0.17501795291900635,0.415385365486145,0.4507508022222676
795,6,5,2.3225247859954834,label_Hqql,label_Hqql,0.9999996423721313,0.7888665199279785,0.8152711391448975,0.8347320556640625,0.7786253094673157,0.723966658115387,-1.0,1.0,0.0,0.0,0.0,0.0,-0.1048206090927124,0.36628854274749756,-7.306507110595703,15.232157707214355,-16.59417724609375,23.681001663208008,16.89389459463493,-0.1048206090927124,0.36628854274749756,0.38099167528786315
795,7,6,2.286989212036133,label_Hqql,label_Hqql,0.9999996423721313,0.7696744799613953,0.8815129995346069,0.8155398368835449,0.8448671102523804,-0.3544117510318756,-1.0,1.0,0.0,0.0,0.0,0.0,0.06020188331604004,-0.09372854232788086,0.20973241329193115,16.4356632232666,-20.185152053833008,26.031421661376953,16.437001346773187,0.06020188331604004,-0.09372854232788086,0.11139706639632596
795,8,3,2.2827086448669434,label_Hqql,label_Hqql,0.9999996423721313,0.8791549801826477,0.9150120615959167,0.9250205159187317,0.8783660531044006,0.6255308985710144,1.0,1.0,0.0,0.0,0.0,0.0,-0.08567631244659424,0.34593093395233154,-7.957924842834473,17.494808197021484,-19.397972106933594,27.307464599609375,19.219700352887195,-0.08567631244659424,0.34593093395233154,0.35638271784638886
795,9,12,2.2758681774139404,label_Hqql,label_Hqql,0.9999996423721313,-0.9202735424041748,-0.7149512767791748,-0.8744081854820251,-0.7515972852706909,0.14960765838623047,1.0,1.0,0.0,0.0,0.0,0.0,0.22430753707885742,0.07775473594665527,-0.23235879838466644,1.4516106843948364,-2.2134616374969482,2.6608376502990723,1.470089857878086,0.22430753707885742,0.07775473594665527,0.2374019169099464
795,10,2,2.201258897781372,label_Hqql,label_Hqql,0.9999996423721313,0.8996413946151733,1.0044934749603271,0.945506751537323,0.9678475856781006,-0.29636645317077637,1.0,1.0,0.0,0.0,0.0,0.0,0.04729306697845459,-0.11668884754180908,0.7067747712135315,19.777875900268555,-23.900779724121094,31.031124114990234,19.79050039043095,0.04729306697845459,-0.11668884754180908,0.1259083846487761
795,11,11,2.199378490447998,label_Hqql,label_Hqql,0.9999996423721313,-0.6938204765319824,-0.5882729887962341,-0.647955060005188,-0.6249188184738159,-0.08210068941116333,0.0,0.0,0.0,1.0,0.0,0.0,0.048595547676086426,-0.17277061939239502,0.18624426424503326,2.0230536460876465,-2.4577035903930664,3.1886894702911377,2.0316084713627016,0.048595547676086426,-0.17277061939239502,0.1794748288177777
795,12,4,2.110145092010498,label_Hqql,label_Hqql,0.9999996423721313,0.8443722724914551,0.9387664794921875,0.8902378082275391,0.9021205902099609,-0.24639087915420532,0.0,0.0,0.0,1.0,0.0,0.0,0.027808308601379395,-0.13557982444763184,0.9982380867004395,18.260757446289062,-21.53168296813965,28.250045776367188,18.288021811829207,0.027808308601379395,-0.13557982444763184,0.1384022789715553
795,13,8,2.0760116577148438,label_Hqql,label_Hqql,0.9999996423721313,0.6211816072463989,0.7027366757392883,0.6670469641685486,0.6660908460617065,-0.2314211130142212,0.0,0.0,0.0,1.0,0.0,0.0,0.0035805106163024902,-0.14209961891174316,0.812244713306427,13.270355224609375,-15.16026496887207,20.16421890258789,13.295189703859497,0.0035805106163024902,-0.14209961891174316,0.1421447211511426
796,1,0,4.242001056671143,label_Hqql,label_Hqql,0.9999499320983887,2.83968186378479,3.109957218170166,2.894412040710449,2.9136223793029785,-0.6695858240127563,-1.0,0.0,0.0,0.0,0.0,1.0,0.032585859298706055,0.0010737776756286621,244.20904541015625,-201.01531982421875,542.71630859375,628.1609497070312,316.2992517603744,0.032585859298706055,0.0010737776756286621,0.03260354619871505
796,2,8,2.669245481491089,label_Hqql,label_Hqql,0.9999499320983887,0.20981939136981964,0.40016868710517883,0.2645491063594818,0.2038334310054779,-0.3022935688495636,0.0,0.0,1.0,0.0,0.0,0.0,-0.10246527194976807,0.07058930397033691,6.015803813934326,-4.287199974060059,10.803552627563477,13.087656021118164,7.387149595434449,-0.10246527194976807,0.07058930397033691,0.12442661206814461
796,3,15,2.618216037750244,label_Hqql,label_Hqql,0.9999499320983887,-0.5727089643478394,-0.3190009593963623,-0.5179791450500488,-0.5153358578681946,-0.5934114456176758,0.0,0.0,0.0,1.0,0.0,0.0,0.005079150199890137,0.05139678716659546,1.9397021532058716,-1.4392613172531128,4.013941764831543,4.68461799621582,2.415350405736745,0.005079150199890137,0.05139678716659546,0.05164714413983948
796,4,9,2.551788330078125,label_Hqql,label_Hqql,0.9999499320983887,0.1458946019411087,0.4198909401893616,0.20062442123889923,0.22355584800243378,-0.6071639060974121,-1.0,1.0,0.0,0.0,0.0,0.0,0.038670897483825684,-0.028786659240722656,5.075460910797119,-4.438480377197266,11.6505765914917,13.461642265319824,6.742433649343144,0.038670897483825684,-0.028786659240722656,0.04820902469917887
796,5,1,2.5485970973968506,label_Hqql,label_Hqql,0.9999499320983887,1.6288211345672607,1.8283679485321045,1.6835510730743408,1.632032871246338,-0.436644971370697,1.0,1.0,0.0,0.0,0.0,0.0,-0.08659756183624268,-0.027432501316070557,42.26952362060547,-36.86371994018555,83.61181640625,100.68069458007812,56.08606310788231,-0.08659756183624268,-0.027432501316070557,0.09083875739153463
796,6,3,2.507481575012207,label_Hqql,label_Hqql,0.9999499320983887,1.2430394887924194,1.5487216711044312,1.29776930809021,1.3523865938186646,-0.2874721884727478,0.0,0.0,1.0,0.0,0.0,0.0,0.09065186977386475,0.09055405855178833,26.691604614257812,-18.229570388793945,59.28335952758789,67.52240753173828,32.3227318375762,0.09065186977386475,0.09055405855178833,0.12813195937664593
796,7,2,2.4670002460479736,label_Hqql,label_Hqql,0.9999499320983887,1.4692884683609009,1.6731046438217163,1.5240182876586914,1.4767698049545288,-0.472925066947937,1.0,1.0,0.0,0.0,0.0,0.0,-0.07926356792449951,-0.020085155963897705,33.869773864746094,-29.102861404418945,67.16150665283203,80.65249633789062,44.655773686880124,-0.07926356792449951,-0.020085155963897705,0.08176873907683696
796,8,12,2.431255578994751,label_Hqql,label_Hqql,0.9999499320983887,-0.11529269069433212,0.17061905562877655,-0.060562800616025925,-0.025716209784150124,-0.563694953918457,0.0,0.0,0.0,1.0,0.0,0.0,0.058344364166259766,-0.00927037000656128,3.553834915161133,-2.987461566925049,8.206262588500977,9.428542137145996,4.642700638429384,0.058344364166259766,-0.00927037000656128,0.05907626079927273
796,9,14,2.3889694213867188,label_Hqql,label_Hqql,0.9999499320983887,-0.5562565326690674,-0.3378666341304779,-0.5015268325805664,-0.5342018008232117,-0.36915647983551025,1.0,1.0,0.0,0.0,0.0,0.0,-0.054930686950683594,0.09265124797821045,2.0449130535125732,-1.3903347253799438,3.8288204669952393,4.560049057006836,2.4727919534452227,-0.054930686950683594,0.09265124797821045,0.10771088209087254
796,10,11,2.381437063217163,label_Hqql,label_Hqql,0.9999499320983887,0.018208444118499756,0.24312789738178253,0.07293824851512909,0.04679279401898384,-0.622877299785614,0.0,0.0,0.0,1.0,0.0,0.0,-0.04329228401184082,-0.009303569793701172,4.300430774688721,-3.61531662940979,8.82022762298584,10.457563400268555,5.618204266380566,-0.04329228401184082,-0.009303569793701172,0.04428067598702799
796,11,4,2.3635520935058594,label_Hqql,label_Hqql,0.9999499320983887,1.094092607498169,1.3126691579818726,1.148822546005249,1.116334080696106,-0.5795612335205078,-1.0,1.0,0.0,0.0,0.0,0.0,-0.05406033992767334,-0.010703206062316895,19.97565460205078,-16.841049194335938,40.49726104736328,48.1943473815918,26.127527911122318,-0.05406033992767334,-0.010703206062316895,0.055109699446721803
796,12,13,2.314797878265381,label_Hqql,label_Hqql,0.9999499320983887,-0.47153356671333313,-0.16438868641853333,-0.41680359840393066,-0.3607238829135895,-0.4258474111557007,0.0,0.0,0.0,1.0,0.0,0.0,0.09303116798400879,-0.009725570678710938,2.1355600357055664,-1.796876311302185,5.132781505584717,5.842501640319824,2.7909462811422414,0.09303116798400879,-0.009725570678710938,0.0935381469855773
796,13,16,2.3092844486236572,label_Hqql,label_Hqql,0.9999499320983887,-0.615003228187561,-0.3724008798599243,-0.5602734684944153,-0.5687359571456909,-0.356584757566452,0.0,0.0,0.0,1.0,0.0,0.0,-0.013491034507751465,0.11002981662750244,1.902232050895691,-1.2455462217330933,3.697352170944214,4.340539932250977,2.2737352893264444,-0.013491034507751465,0.11002981662750244,0.11085381616873256
796,14,10,2.255747079849243,label_Hqql,label_Hqql,0.9999499320983887,0.08286095410585403,0.29111745953559875,0.13759060204029083,0.09478253871202469,-0.4920170307159424,0.0,0.0,0.0,1.0,0.0,0.0,-0.0716550350189209,-0.02817624807357788,4.640873908996582,-4.053438186645508,9.352218627929688,11.19964599609375,6.161823737511585,-0.0716550350189209,-0.02817624807357788,0.07699574662971054
796,15,5,2.217754364013672,label_Hqql,label_Hqql,0.9999499320983887,0.7625970244407654,0.9720260500907898,0.8173267841339111,0.7756909728050232,-0.5162268877029419,1.0,1.0,0.0,0.0,0.0,0.0,-0.06966328620910645,-0.013415515422821045,12.411905288696289,-10.521939277648926,24.755544662475586,29.624704360961914,16.27165016395381,-0.06966328620910645,-0.013415515422821045,0.07094328368148622
796,16,6,2.165930986404419,label_Hqql,label_Hqql,0.9999499320983887,0.7273624539375305,0.9256272912025452,0.7820923328399658,0.7292922139167786,-0.41864410042762756,-1.0,1.0,0.0,0.0,0.0,0.0,-0.08881771564483643,-0.03465449810028076,11.58746337890625,-10.253825187683105,23.005016326904297,27.724727630615234,15.472887207533633,-0.08881771564483643,-0.03465449810028076,0.09533897865484707
797,1,0,4.506239414215088,label_Hqql,label_Hqql,0.9999512434005737,3.0443532466888428,2.834599494934082,2.9691317081451416,2.9657928943634033,-0.6852425932884216,1.0,0.0,0.0,0.0,1.0,0.0,0.021809302270412445,0.018639564514160156,-405.9771728515625,-121.3359603881836,-11.238550186157227,423.8704833984375,423.72146530459173,0.021809302270412445,0.018639564514160156,0.02868935396274646
797,2,1,2.608572006225586,label_Hqql,label_Hqql,0.9999512434005737,2.1725776195526123,1.9682519435882568,2.097356081008911,2.099445104598999,-0.2562195658683777,0.0,0.0,0.0,1.0,0.0,0.0,-0.1322091966867447,-0.03165125846862793,-118.45928192138672,-29.005599975585938,15.591673851013184,122.9513168334961,121.9587073696433,-0.1322091966867447,-0.03165125846862793,0.13594511337742976
797,3,13,2.5648746490478516,label_Hqql,label_Hqql,0.9999512434005737,-0.545887291431427,-0.7504575848579407,-0.6211090087890625,-0.6192641854286194,-0.3351801633834839,-1.0,1.0,0.0,0.0,0.0,0.0,0.1070447638630867,-0.045221805572509766,-2.4455578327178955,-0.5637493133544922,-0.28105708956718445,2.5292370319366455,2.5096944836922903,0.1070447638630867,-0.045221805572509766,0.11620496189811289
797,4,7,2.505319595336914,label_Hqql,label_Hqql,0.9999512434005737,0.36681798100471497,0.15730583667755127,0.2915964424610138,0.28849926590919495,-0.6126888990402222,0.0,0.0,1.0,0.0,0.0,0.0,-0.04205070436000824,0.02060532569885254,-8.852118492126465,-2.664633274078369,0.34526586532592773,9.250917434692383,9.244472526000223,-0.04205070436000824,0.02060532569885254,0.04682778218460286
797,5,8,2.34743595123291,label_Hqql,label_Hqql,0.9999512434005737,0.32570236921310425,0.1157938688993454,0.25048068165779114,0.24698729813098907,-0.511298418045044,-1.0,1.0,0.0,0.0,0.0,0.0,-0.006932142656296492,-0.07184171676635742,-8.543461799621582,-1.7313296794891357,0.019361764192581177,8.71826171875,8.717123492338123,-0.006932142656296492,-0.07184171676635742,0.07217538964040836
797,6,2,2.13004994392395,label_Hqql,label_Hqql,0.9999512434005737,0.9510788321495056,0.7430563569068909,0.8758572936058044,0.8742496371269226,-0.4795193076133728,1.0,1.0,0.0,0.0,0.0,0.0,-0.0796254500746727,-0.008889913558959961,-20.567703247070312,-5.535233020782471,1.5971336364746094,21.359766006469727,21.2995122351172,-0.0796254500746727,-0.008889913558959961,0.08012017762511497
797,7,20,2.122417449951172,label_Hqql,label_Hqql,0.9999512434005737,-1.1116704940795898,-1.2849102020263672,-1.1868922710418701,-1.1537169218063354,0.5096729397773743,0.0,0.0,0.0,1.0,0.0,0.0,0.32221537828445435,0.05813741683959961,-1.0580825805664062,-0.36232638359069824,-0.372182697057724,1.1787022352218628,1.118400266248171,0.32221537828445435,0.05813741683959961,0.32741824817773274
797,8,18,2.110293388366699,label_Hqql,label_Hqql,0.9999512434005737,-0.9934345483779907,-1.1882493495941162,-1.068656325340271,-1.0570558309555054,0.03580254316329956,0.0,0.0,0.0,1.0,0.0,0.0,0.20433640480041504,0.04366922378540039,-1.2588577270507812,-0.41082894802093506,-0.2788410484790802,1.3532389402389526,1.3241990792503398,0.20433640480041504,0.04366922378540039,0.20895063396117863
797,9,19,2.1004297733306885,label_Hqql,label_Hqql,0.9999512434005737,-1.0550113916397095,-1.2581958770751953,-1.1302331686019897,-1.1270023584365845,-0.16852974891662598,0.0,0.0,0.0,1.0,0.0,0.0,-0.14448252320289612,-0.06361579895019531,-1.186509370803833,-0.250623881816864,0.17005190253257751,1.2245547771453857,1.212689909722292,-0.14448252320289612,-0.06361579895019531,0.15786756914308614
797,10,16,2.0776960849761963,label_Hqql,label_Hqql,0.9999512434005737,-0.7264708876609802,-0.9319600462913513,-0.801692545413971,-0.80076664686203,-0.3233617842197418,0.0,0.0,0.0,1.0,0.0,0.0,-0.11835746467113495,-0.013802528381347656,-1.8748555183410645,-0.4947013258934021,0.2208377867937088,1.9515588283538818,1.9390236245323653,-0.11835746467113495,-0.013802528381347656,0.11915955367949674
797,11,3,2.031134843826294,label_Hqql,label_Hqql,0.9999512434005737,0.9197350144386292,0.7161076664924622,0.8445132970809937,0.8473010659217834,-0.22686785459518433,-1.0,1.0,0.0,0.0,0.0,0.0,-0.13968056440353394,-0.03192758560180664,-19.783763885498047,-4.8384013175964355,2.757253885269165,20.553085327148438,20.36682205910524,-0.13968056440353394,-0.03192758560180664,0.1432830443369015
797,12,17,2.0172576904296875,label_Hqql,label_Hqql,0.9999512434005737,-0.9177066683769226,-1.113218903541565,-0.9929282665252686,-0.9820254445075989,0.03149092197418213,0.0,0.0,0.0,1.0,0.0,0.0,0.1994456648826599,-0.05858755111694336,-1.4420849084854126,-0.312191367149353,-0.30332818627357483,1.5063467025756836,1.475490539788027,0.1994456648826599,-0.05858755111694336,0.2078727360342542
797,13,14,1.956154704093933,label_Hqql,label_Hqql,0.9999512434005737,-0.5490389466285706,-0.7459725141525269,-0.6242606043815613,-0.6147790551185608,0.5177609324455261,1.0,1.0,0.0,0.0,0.0,0.0,-0.19050298631191254,-0.26877403259277344,-2.4984090328216553,-0.0075195059180259705,0.4668615162372589,2.545494556427002,2.4984203485911034,-0.19050298631191254,-0.26877403259277344,0.3294402349287925
797,14,6,1.9120057821273804,label_Hqql,label_Hqql,0.9999512434005737,0.4136905372142792,0.21617384254932404,0.3384690284729004,0.3473670780658722,-0.039164602756500244,0.0,0.0,1.0,0.0,0.0,0.0,0.18470630049705505,0.045420169830322266,-9.39155101776123,-3.083143949508667,-1.883547067642212,10.062541961669922,9.884685484758931,0.18470630049705505,0.045420169830322266,0.190208856972339
797,15,4,1.905519962310791,label_Hqql,label_Hqql,0.9999512434005737,0.6710819602012634,0.4764433205127716,0.5958602428436279,0.607636570930481,0.012291431427001953,-1.0,1.0,0.0,0.0,0.0,0.0,0.19531778991222382,-0.05558371543884277,-13.94516658782959,-3.0628159046173096,-2.8750052452087402,14.594331741333008,14.27755274645818,0.19531778991222382,-0.05558371543884277,0.20307286494798327
797,16,11,1.8992971181869507,label_Hqql,label_Hqql,0.9999512434005737,-0.2831324636936188,-0.4559426009654999,-0.3583543300628662,-0.3247494101524353,0.5000039935112,0.0,0.0,0.0,1.0,0.0,0.0,0.3241533637046814,-0.02345752716064453,-3.540860891342163,-0.8978198170661926,-1.223084568977356,3.8522346019744873,3.6529133955999,0.3241533637046814,-0.02345752716064453,0.3250010135084994
809,1,0,4.404778957366943,label_Hqql,label_Hqql,0.9980555772781372,2.901818037033081,3.524930000305176,2.890085220336914,2.86104416847229,-0.6299748420715332,-1.0,0.0,0.0,0.0,0.0,1.0,-0.04234135150909424,-0.003741025924682617,-332.43939208984375,-94.68152618408203,-1082.5469970703125,1136.392822265625,345.65957358883014,-0.04234135150909424,-0.003741025924682617,0.04250629744621171
809,2,31,2.5744290351867676,label_Hqql,label_Hqql,0.9980555772781372,-1.3024455308914185,-0.4088149964809418,-1.314178228378296,-1.0727007389068604,1.9850716590881348,-1.0,1.0,0.0,0.0,0.0,0.0,0.3566499948501587,0.5979881286621094,-0.5431297421455383,-0.6559233665466309,-4.029138088226318,4.120516777038574,0.8516016554616042,0.3566499948501587,0.5979881286621094,0.696267923178592
809,3,1,2.502180337905884,label_Hqql,label_Hqql,0.9980555772781372,1.6744049787521362,2.3678336143493652,1.6626720428466797,1.703947901725769,-0.3768118619918823,0.0,0.0,1.0,0.0,0.0,0.0,0.0626068115234375,0.08528423309326172,-55.88473129272461,-21.450088500976562,-209.19573974609375,217.59152221679688,59.85991553919668,0.0626068115234375,0.08528423309326172,0.1057970380655197
809,4,26,2.4881532192230225,label_Hqql,label_Hqql,0.9980555772781372,-0.9423390626907349,0.08901004493236542,-0.9540718793869019,-0.5748756527900696,1.7185773849487305,1.0,1.0,0.0,0.0,0.0,0.0,0.557407021522522,0.2928299903869629,-1.1961547136306763,-0.7735211253166199,-8.268007278442383,8.390979766845703,1.4244721935692444,0.557407021522522,0.2928299903869629,0.6296443368383758
809,5,21,2.316410779953003,label_Hqql,label_Hqql,0.9980555772781372,-0.6496762633323669,-0.0115989800542593,-0.6614089608192444,-0.6754847168922424,-0.10047096014022827,0.0,0.0,0.0,1.0,0.0,0.0,-0.019922971725463867,0.17374372482299805,-1.9437566995620728,-0.9508287906646729,-6.938022613525391,7.2676286697387695,2.163854314931873,-0.019922971725463867,0.17374372482299805,0.17488226530367024
809,6,2,2.299738883972168,label_Hqql,label_Hqql,0.9980555772781372,1.5772708654403687,2.222524404525757,1.565537929534912,1.558638572692871,-0.41546088457107544,-1.0,1.0,0.0,0.0,0.0,0.0,-0.009189724922180176,0.09569454193115234,-48.44698715209961,-19.176271438598633,-168.95079040527344,176.80279541015625,52.104126040098954,-0.009189724922180176,0.09569454193115234,0.09613478246482078
809,7,8,2.1641337871551514,label_Hqql,label_Hqql,0.9980555772781372,0.4164222478866577,1.0807316303253174,0.4046894907951355,0.41684597730636597,-0.34009459614753723,1.0,1.0,0.0,0.0,0.0,0.0,0.019253849983215332,0.11335277557373047,-9.16089916229248,-3.8145105838775635,-33.14792251586914,34.601688385009766,9.923334341651753,0.019253849983215332,0.11335277557373047,0.11497635613222688
809,8,30,2.1601083278656006,label_Hqql,label_Hqql,0.9980555772781372,-1.2514314651489258,-0.6766920685768127,-1.2631644010543823,-1.3405780792236328,1.0053260326385498,0.0,0.0,0.0,1.0,0.0,0.0,-0.11515200138092041,-0.43639451265335083,-0.9049730896949768,0.1415826678276062,-2.656850576400757,2.810316324234009,0.9159814107836768,-0.11515200138092041,-0.43639451265335083,0.4513315345685332
809,9,27,2.139876365661621,label_Hqql,label_Hqql,0.9980555772781372,-1.1695479154586792,-0.5017266869544983,-1.1812807321548462,-1.1656124591827393,1.490086317062378,0.0,0.0,0.0,1.0,0.0,0.0,0.0244978666305542,-0.5719972252845764,-0.9864200949668884,0.29521384835243225,-3.4583141803741455,3.608339309692383,1.0296483963050387,0.0244978666305542,-0.5719972252845764,0.5725215901629412
809,10,24,2.135378837585449,label_Hqql,label_Hqql,0.9980555772781372,-0.840233325958252,-0.29993242025375366,-0.8519660830497742,-0.9638184309005737,-0.013586997985839844,0.0,0.0,0.0,1.0,0.0,0.0,-0.1673499345779419,0.10318350791931152,-1.527902603149414,-0.6180486679077148,-4.5230488777160645,4.813984394073486,1.6481718722916177,-0.1673499345779419,0.10318350791931152,0.19660324745480695
809,11,17,2.12298846244812,label_Hqql,label_Hqql,0.9980555772781372,-0.22741074860095978,0.444058895111084,-0.23914365470409393,-0.21982713043689728,-0.3933194577693939,0.0,0.0,0.0,1.0,0.0,0.0,0.02993464469909668,0.09716343879699707,-3.6758005619049072,-1.4612032175064087,-13.36130428314209,13.934528350830078,3.9555814507795835,0.02993464469909668,0.09716343879699707,0.1016701371697656
809,12,29,2.1063318252563477,label_Hqql,label_Hqql,0.9980555772781372,-1.212382435798645,-0.7551293969154358,-1.2241154909133911,-1.4190150499343872,1.0252115726470947,0.0,0.0,1.0,0.0,0.0,0.0,-0.2947181463241577,0.3483583927154541,-0.7828497886657715,-0.570261538028717,-2.318225383758545,2.512413263320923,0.9685308530805412,-0.2947181463241577,0.3483583927154541,0.45630292081910034
809,13,7,2.1030237674713135,label_Hqql,label_Hqql,0.9980555772781372,0.42524152994155884,1.0909695625305176,0.413508802652359,0.4270835220813751,-0.47322678565979004,0.0,0.0,0.0,1.0,0.0,0.0,0.02137744426727295,0.07884669303894043,-9.404791831970215,-3.5405232906341553,-33.64268493652344,35.111473083496094,10.04914994286664,0.02137744426727295,0.07884669303894043,0.08169330527391616
809,14,15,2.0879697799682617,label_Hqql,label_Hqql,0.9980555772781372,-0.011007344350218773,0.7192923426628113,-0.02274017222225666,0.05540647357702255,-0.301275372505188,-1.0,1.0,0.0,0.0,0.0,0.0,0.1172562837600708,-0.042383432388305664,-5.2356061935424805,-1.2746914625167847,-19.93074607849121,20.646804809570312,5.388544380301007,0.1172562837600708,-0.042383432388305664,0.12468115905074159
809,15,19,2.0571751594543457,label_Hqql,label_Hqql,0.9980555772781372,-0.32890379428863525,0.34864380955696106,-0.34063664078712463,-0.315242201089859,-0.1538681983947754,0.0,0.0,0.0,1.0,0.0,0.0,0.03898656368255615,0.15675759315490723,-3.098754644393921,-1.4511202573776245,-11.667525291442871,12.158913612365723,3.421699920730133,0.03898656368255615,0.15675759315490723,0.1615329537880535
809,16,22,2.021270513534546,label_Hqql,label_Hqql,0.9980555772781372,-0.7165031433105469,0.02601912058889866,-0.7282359600067139,-0.637866735458374,1.6456825733184814,-1.0,1.0,0.0,0.0,0.0,0.0,0.1351848840713501,-0.5962887406349182,-1.8700045347213745,0.6095173954963684,-7.411057472229004,7.668877124786377,1.966832076027636,0.1351848840713501,-0.5962887406349182,0.6114206531426307
810,1,0,4.3943963050842285,label_Hqql,label_Hqql,0.9612222909927368,2.973403215408325,2.930525302886963,2.906818389892578,2.914881467819214,-0.5710791349411011,-1.0,0.0,0.0,0.0,0.0,1.0,0.03655010461807251,-0.044038474559783936,241.5111846923828,-297.1006164550781,-299.5340576171875,486.12457275390625,382.879130574527,0.03655010461807251,-0.044038474559783936,0.057230213953337467
810,2,6,2.5613811016082764,label_Hqql,label_Hqql,0.9612222909927368,0.8873976469039917,0.6897739768028259,0.8208125233650208,0.6741300821304321,1.218696117401123,-1.0,1.0,0.0,0.0,0.0,0.0,-0.49378702044487,-0.1042603850364685,11.336470603942871,-15.8013916015625,-3.686899423599243,19.794248580932617,19.447353092387424,-0.49378702044487,-0.1042603850364685,0.5046740031424
810,3,19,2.5326688289642334,label_Hqql,label_Hqql,0.9612222909927368,-0.29672399163246155,-0.27053922414779663,-0.3633090555667877,-0.28618311882019043,0.3526000380516052,0.0,0.0,1.0,0.0,0.0,0.0,0.18609637022018433,-0.21999675035476685,1.7383227348327637,-3.13269305229187,-3.5169832706451416,5.020428657531738,3.582671027364111,0.18609637022018433,-0.21999675035476685,0.2881500115838719
810,4,9,2.469552755355835,label_Hqql,label_Hqql,0.9612222909927368,0.1347033530473709,0.07635204493999481,0.0681183785200119,0.060707997530698776,0.2016553282737732,0.0,0.0,1.0,0.0,0.0,0.0,-7.212162017822266e-06,0.25041383504867554,5.49967098236084,-3.71260404586792,-4.886495590209961,8.240609169006348,6.6354961921183175,-7.212162017822266e-06,0.25041383504867554,0.2504138351525342
810,5,4,2.4329278469085693,label_Hqql,label_Hqql,0.9612222909927368,1.1127091646194458,0.9136245250701904,1.0461241006851196,0.8979806303977966,1.2990331649780273,0.0,0.0,1.0,0.0,0.0,0.0,-0.505195677280426,-0.1419457197189331,14.808545112609863,-22.375164031982422,-4.775611877441406,27.253393173217773,26.831715819349334,-0.505195677280426,-0.1419457197189331,0.5247582869182289
810,6,14,2.3290905952453613,label_Hqql,label_Hqql,0.9612222909927368,-0.13530641794204712,-0.20759445428848267,-0.2018914669752121,-0.22323842346668243,-0.6563172340393066,1.0,1.0,0.0,0.0,0.0,0.0,-0.03479808568954468,0.008910059928894043,3.0272624492645264,-3.3455021381378174,-3.1296279430389404,5.492791175842285,4.511840255706287,-0.03479808568954468,0.008910059928894043,0.03592068952001586
810,7,27,2.315218448638916,label_Hqql,label_Hqql,0.9612222909927368,-1.2475264072418213,-1.3407776355743408,-1.3141114711761475,-1.3564218282699585,-0.412411093711853,0.0,0.0,0.0,1.0,0.0,0.0,-0.08851951360702515,0.03941279649734497,0.6385670900344849,-0.6638279557228088,-0.5795938968658447,1.088285207748413,0.9211055766166185,-0.08851951360702515,0.03941279649734497,0.09689722811807074
810,8,28,2.307487964630127,label_Hqql,label_Hqql,0.9612222909927368,-1.2871935367584229,-1.3730913400650024,-1.353778600692749,-1.3887354135513306,-0.30256372690200806,0.0,0.0,0.0,1.0,0.0,0.0,-0.06904774904251099,-0.10342913866043091,0.5079479813575745,-0.7067644596099854,-0.5677916407585144,1.039189338684082,0.8703603582040197,-0.06904774904251099,-0.10342913866043091,0.12435907032410712
810,9,26,2.292587995529175,label_Hqql,label_Hqql,0.9612222909927368,-1.0066436529159546,-1.038285732269287,-1.0732288360595703,-1.0539296865463257,-0.168992280960083,0.0,0.0,0.0,1.0,0.0,0.0,0.062271058559417725,0.1449413299560547,0.9944875240325928,-0.8363929986953735,-1.059359073638916,1.676544189453125,1.2994455293405398,0.062271058559417725,0.1449413299560547,0.15775193774892385
810,10,2,2.249655246734619,label_Hqql,label_Hqql,0.9612222909927368,1.4501864910125732,1.4100923538208008,1.3836015462875366,1.3944482803344727,-0.4388536214828491,0.0,0.0,1.0,0.0,0.0,0.0,0.0429835319519043,0.0793982744216919,31.35254669189453,-30.087188720703125,-34.35032653808594,55.391029357910156,43.45366623407779,0.0429835319519043,0.0793982744216919,0.0902865992282502
810,11,25,2.1228010654449463,label_Hqql,label_Hqql,0.9612222909927368,-0.9863710403442383,-1.1024740934371948,-1.052955985069275,-1.1181180477142334,-0.15548455715179443,0.0,0.0,0.0,1.0,0.0,0.0,-0.1526452898979187,0.0515938401222229,0.9390003085136414,-0.9526435136795044,-0.7420027852058411,1.529646873474121,1.3376289633318896,-0.1526452898979187,0.0515938401222229,0.16112885795715534
810,12,24,2.1164588928222656,label_Hqql,label_Hqql,0.9612222909927368,-0.773055911064148,-0.7973495125770569,-0.8396410346031189,-0.812993586063385,0.026674628257751465,0.0,0.0,0.0,1.0,0.0,0.0,0.07875651121139526,0.1910741925239563,1.4407970905303955,-1.102433204650879,-1.5177817344665527,2.3653576374053955,1.8141816961918835,0.07875651121139526,0.1910741925239563,0.20666866019518426
810,13,21,2.090967893600464,label_Hqql,label_Hqql,0.9612222909927368,-0.5568895936012268,-0.7503772974014282,-0.6234745383262634,-0.766021192073822,1.2065610885620117,1.0,1.0,0.0,0.0,0.0,0.0,-0.47141122817993164,-0.17150622606277466,1.3020235300064087,-2.0996155738830566,-0.524764358997345,2.529527187347412,2.4705567855814663,-0.47141122817993164,-0.17150622606277466,0.5016402412410782
810,14,1,2.088341236114502,label_Hqql,label_Hqql,0.9612222909927368,1.482634425163269,1.4650832414627075,1.4160492420196533,1.4494391679763794,-0.13818347454071045,0.0,0.0,0.0,1.0,0.0,0.0,0.09366625547409058,0.13638806343078613,34.5817985534668,-29.592979431152344,-38.9681282043457,59.917945861816406,45.515329536378886,0.09366625547409058,0.13638806343078613,0.16545413642740317
810,15,17,2.069688081741333,label_Hqql,label_Hqql,0.9612222909927368,-0.2569960355758667,-0.30409514904022217,-0.32358115911483765,-0.31973928213119507,-0.16413205862045288,0.0,0.0,0.0,1.0,0.0,0.0,0.026714861392974854,0.15670615434646606,2.930504560470581,-2.406350612640381,-2.9192590713500977,4.785441875457764,3.79188346997816,0.026714861392974854,0.15670615434646606,0.1589669859728878
810,16,18,2.0685575008392334,label_Hqql,label_Hqql,0.9612222909927368,-0.2755284905433655,-0.34664186835289,-0.3421136438846588,-0.36228564381599426,-0.4680942893028259,1.0,1.0,0.0,0.0,0.0,0.0,-0.0321345329284668,0.07650136947631836,2.6570065021514893,-2.56459903717041,-2.5734896659851074,4.503241062164307,3.692810822927528,-0.0321345329284668,0.07650136947631836,0.08297642881133709
818,1,0,4.358124256134033,label_Hqql,label_Hqql,0.9729625582695007,3.1139917373657227,3.5690460205078125,3.1410739421844482,3.1437346935272217,-0.6707903146743774,-1.0,0.0,0.0,0.0,1.0,0.0,0.005240440368652344,0.031874507665634155,436.1692199707031,169.76556396484375,-1116.15478515625,1210.3162841796875,468.04266382259755,0.005240440368652344,0.031874507665634155,0.032302421800601444
818,2,1,2.919189214706421,label_Hqql,label_Hqql,0.9729625582695007,1.5190584659576416,1.972446322441101,1.5461406707763672,1.547135353088379,-0.674660325050354,0.0,0.0,0.0,1.0,0.0,0.0,0.0026586055755615234,0.03122192621231079,44.692604064941406,17.361658096313477,-114.0194091796875,123.69026184082031,47.946387037595485,0.0026586055755615234,0.03122192621231079,0.03133491439294811
818,3,10,2.492751121520996,label_Hqql,label_Hqql,0.9729625582695007,-0.788921594619751,-0.395548015832901,-0.7618392109870911,-0.820858895778656,0.405695378780365,0.0,0.0,1.0,0.0,0.0,0.0,-0.09110760688781738,0.2873251438140869,1.4365711212158203,1.040026307106018,-3.806468963623047,4.199357032775879,1.7735251071760616,-0.09110760688781738,0.2873251438140869,0.30142384494364544
818,4,14,2.4035863876342773,label_Hqql,label_Hqql,0.9729625582695007,-1.0617583990097046,-0.817999005317688,-1.034676194190979,-1.2433098554611206,1.5716485977172852,0.0,0.0,0.0,1.0,0.0,0.0,-0.3336251974105835,-0.4901418685913086,1.1874200105667114,-0.18047885596752167,-1.9575074911117554,2.296600580215454,1.201057408680199,-0.3336251974105835,-0.4901418685913086,0.5929121551237
818,5,12,2.3295633792877197,label_Hqql,label_Hqql,0.9729625582695007,-0.8966293931007385,-0.7771948575973511,-0.8695469498634338,-1.2025058269500732,1.4297688007354736,1.0,1.0,0.0,0.0,0.0,0.0,-0.5526586771011353,0.07287099957466125,1.3932466506958008,0.609154462814331,-1.8960144519805908,2.4344518184661865,1.5205937620685162,-0.5526586771011353,0.07287099957466125,0.5574421906836503
818,6,7,2.237560510635376,label_Hqql,label_Hqql,0.9729625582695007,-0.1666949838399887,0.2956294119358063,-0.13961267471313477,-0.1296815425157547,-0.5932528376579285,0.0,0.0,1.0,0.0,0.0,0.0,0.016492247581481934,-0.04898500442504883,4.133465766906738,1.2349146604537964,-10.4138822555542,11.272067070007324,4.313995070093802,0.016492247581481934,-0.04898500442504883,0.05168679607802122
818,7,15,2.1720528602600098,label_Hqql,label_Hqql,0.9729625582695007,-1.1642603874206543,-0.7596150040626526,-1.13717782497406,-1.18492591381073,0.9677594304084778,-1.0,1.0,0.0,0.0,0.0,0.0,-0.07509493827819824,-0.4355130195617676,1.0326576232910156,-0.09965874254703522,-2.266284465789795,2.4963650703430176,1.0374553638143211,-0.07509493827819824,-0.4355130195617676,0.44193986011992054
818,8,16,2.07987117767334,label_Hqql,label_Hqql,0.9729625582695007,-1.176565170288086,-0.7563464045524597,-1.1494828462600708,-1.1816575527191162,0.29280704259872437,-1.0,1.0,0.0,0.0,0.0,0.0,-0.05066704750061035,-0.2684623897075653,1.016821265220642,0.07215390354394913,-2.287290334701538,2.5080487728118896,1.0193780805969572,-0.05066704750061035,-0.2684623897075653,0.27320176498318194
818,9,13,2.055753231048584,label_Hqql,label_Hqql,0.9729625582695007,-0.9633001685142517,-0.7869721055030823,-0.9362180233001709,-1.2122830152511597,1.0043530464172363,0.0,0.0,0.0,1.0,0.0,0.0,-0.44892072677612305,-0.04416775703430176,1.3226759433746338,0.40211325883865356,-1.9626824855804443,2.4006850719451904,1.3824495376381083,-0.44892072677612305,-0.04416775703430176,0.45108825044623324
818,10,6,1.945862889289856,label_Hqql,label_Hqql,0.9729625582695007,-0.06013054773211479,0.3017130196094513,-0.033048152923583984,-0.12359795719385147,0.4274689555168152,-1.0,1.0,0.0,0.0,0.0,0.0,-0.1421043872833252,-0.2719813287258148,5.011981964111328,0.33793020248413086,-10.188692092895508,11.370458602905273,5.0233614274037865,-0.1421043872833252,-0.2719813287258148,0.30686723523476567
818,11,9,1.9212055206298828,label_Hqql,label_Hqql,0.9729625582695007,-0.7059732675552368,-0.42694124579429626,-0.6788910031318665,-0.8522521257400513,0.3003137707710266,0.0,0.0,0.0,1.0,0.0,0.0,-0.2750396728515625,-0.004618138074874878,1.8858554363250732,0.6558417677879333,-3.483553647994995,4.015186786651611,1.996641968679421,-0.2750396728515625,-0.004618138074874878,0.2750784412518966
818,12,11,1.9159849882125854,label_Hqql,label_Hqql,0.9729625582695007,-0.8400704264640808,-0.5831242203712463,-0.8129882216453552,-1.0084352493286133,0.4513900876045227,0.0,0.0,1.0,0.0,0.0,0.0,-0.3116004467010498,-0.027905941009521484,1.5692698955535889,0.5051003098487854,-2.7569339275360107,3.2122297286987305,1.6485552244617439,-0.3116004467010498,-0.027905941009521484,0.3128475346361558
818,13,8,1.8124780654907227,label_Hqql,label_Hqql,0.9729625582695007,-0.6017544865608215,-0.14828793704509735,-0.5746720433235168,-0.5735989212989807,0.6294443011283875,1.0,1.0,0.0,0.0,0.0,0.0,0.0024846792221069336,-0.35735243558883667,2.3168022632598877,-0.04181937500834465,-5.5093536376953125,5.978442668914795,2.3171796622558696,0.0024846792221069336,-0.35735243558883667,0.35736107349865404
818,14,2,1.8067346811294556,label_Hqql,label_Hqql,0.9729625582695007,0.9098505973815918,1.333775520324707,0.9369328022003174,0.9084645509719849,0.39247769117355347,0.0,0.0,1.0,0.0,0.0,0.0,-0.04317748546600342,-0.2949760854244232,20.0615234375,0.8898665904998779,-45.42923355102539,49.66962814331055,20.081249592150627,-0.04317748546600342,-0.2949760854244232,0.29811941604579123
818,15,3,1.7667055130004883,label_Hqql,label_Hqql,0.9729625582695007,0.3092128336429596,0.7450447678565979,0.33629506826400757,0.31973394751548767,0.6423093676567078,1.0,1.0,0.0,0.0,0.0,0.0,-0.024633288383483887,-0.3597349226474762,8.512399673461914,-0.17394113540649414,-19.655237197875977,21.420528411865234,8.514176631908748,-0.024633288383483887,-0.3597349226474762,0.36057733354825505
818,16,4,1.7623809576034546,label_Hqql,label_Hqql,0.9729625582695007,0.2212211787700653,0.6481226086616516,0.24830341339111328,0.2228115051984787,0.7225186228752136,1.0,1.0,0.0,0.0,0.0,0.0,-0.03891336917877197,-0.3786352872848511,7.502652168273926,-0.2952417731285095,-17.06551742553711,18.650806427001953,7.508459047148456,-0.03891336917877197,-0.3786352872848511,0.38062965081312977
820,1,0,4.302672863006592,label_Hqql,label_Hqql,0.8620741963386536,3.1134731769561768,2.950932025909424,2.860044002532959,2.862751007080078,-0.674864649772644,1.0,0.0,0.0,0.0,1.0,0.0,0.02982446551322937,-0.009443521499633789,147.88133239746094,443.7010498046875,178.22889709472656,500.5047912597656,467.6959590048113,0.02982446551322937,-0.009443521499633789,0.03128384313769415
820,2,1,2.740227699279785,label_Hqql,label_Hqql,0.8620741963386536,2.3234074115753174,2.173370838165283,2.0699784755706787,2.0851898193359375,-0.49049851298332214,0.0,0.0,0.0,1.0,0.0,0.0,0.07726055383682251,0.004213690757751465,45.86989974975586,144.16156005859375,65.39823150634766,164.81362915039062,151.28318843011004,0.07726055383682251,0.004213690757751465,0.07737537314271582
820,3,20,2.6145989894866943,label_Hqql,label_Hqql,0.8620741963386536,-0.42815840244293213,-0.5974369049072266,-0.6815873384475708,-0.6856178045272827,-0.7389670610427856,0.0,0.0,0.0,1.0,0.0,0.0,0.0018275082111358643,0.015148401260375977,0.8693314790725708,2.839249849319458,1.0430251359939575,3.1472175121307373,2.9693563153261127,0.0018275082111358643,0.015148401260375977,0.015258238660052787
820,4,24,2.4112746715545654,label_Hqql,label_Hqql,0.8620741963386536,-0.5083715915679932,-0.5287352800369263,-0.7618004679679871,-0.616916298866272,1.5916051864624023,0.0,0.0,0.0,1.0,0.0,0.0,0.4271381199359894,-0.4183765649795532,1.7670553922653198,1.9719843864440918,2.245431423187256,3.4717674255371094,2.647868421903404,0.4271381199359894,-0.4183765649795532,0.5979012657843618
820,5,29,2.3774569034576416,label_Hqql,label_Hqql,0.8620741963386536,-1.0368739366531372,-1.2350594997406006,-1.2903028726577759,-1.3232405185699463,-0.1538252830505371,0.0,0.0,0.0,1.0,0.0,0.0,-0.1583418995141983,0.032003164291381836,0.344247967004776,1.1959633827209473,0.23059524595737457,1.2657049894332886,1.2445220269630635,-0.1583418995141983,0.032003164291381836,0.1615436772715839
820,6,32,2.2634317874908447,label_Hqql,label_Hqql,0.8620741963386536,-1.1458252668380737,-1.3491904735565186,-1.3992539644241333,-1.4373713731765747,0.7760211825370789,-1.0,1.0,0.0,0.0,0.0,0.0,-0.38692399859428406,0.07436394691467285,0.25101813673973083,1.035139799118042,-0.04724173620343208,1.0752842426300049,1.065140605127054,-0.38692399859428406,0.07436394691467285,0.3940053010924064
820,7,27,2.2396669387817383,label_Hqql,label_Hqql,0.8620741963386536,-0.8445009589195251,-1.0282150506973267,-1.0979299545288086,-1.1163960695266724,-0.4213612675666809,0.0,0.0,0.0,1.0,0.0,0.0,-0.06681907176971436,0.06704974174499512,0.3976922035217285,1.5891474485397339,0.45749616622924805,1.7008384466171265,1.638154053177635,-0.06681907176971436,0.06704974174499512,0.09465968635188254
820,8,17,2.2079379558563232,label_Hqql,label_Hqql,0.8620741963386536,0.08278410136699677,-0.06587400287389755,-0.17064476013183594,-0.1540549248456955,-0.41322270035743713,1.0,1.0,0.0,0.0,0.0,0.0,0.0816604495048523,-0.05178189277648926,2.1937508583068848,5.757360458374023,2.692962169647217,6.725419521331787,6.161147805074225,0.0816604495048523,-0.05178189277648926,0.09669432988986666
820,9,25,2.1725804805755615,label_Hqql,label_Hqql,0.8620741963386536,-0.7319875359535217,-0.9300227761268616,-0.9854164123535156,-1.018203854560852,-0.16930609941482544,0.0,0.0,0.0,1.0,0.0,0.0,-0.15716728568077087,-0.012624263763427734,0.6140913367271423,1.8231583833694458,0.35875627398490906,1.9569672346115112,1.9238021365758018,-0.15716728568077087,-0.012624263763427734,0.15767348452999205
820,10,31,2.1686620712280273,label_Hqql,label_Hqql,0.8620741963386536,-1.1255741119384766,-1.3117629289627075,-1.3790028095245361,-1.3999439477920532,-0.2901885509490967,0.0,0.0,0.0,1.0,0.0,0.0,-0.08027535676956177,0.09899544715881348,0.23206503689289093,1.0715645551681519,0.29090824723243713,1.1343423128128052,1.0964053890969425,-0.08027535676956177,0.09899544715881348,0.12745285976647938
820,11,30,2.1188762187957764,label_Hqql,label_Hqql,0.8620741963386536,-1.0769233703613281,-1.2327946424484253,-1.3303521871566772,-1.320975422859192,-0.256830096244812,0.0,0.0,0.0,1.0,0.0,0.0,0.0557611882686615,-0.12381553649902344,0.49644601345062256,1.0653225183486938,0.48066484928131104,1.2698068618774414,1.175317281576264,0.0557611882686615,-0.12381553649902344,0.13579247842083933
820,12,8,2.0828981399536133,label_Hqql,label_Hqql,0.8620741963386536,0.571851372718811,0.4254962205886841,0.31842249631881714,0.33731546998023987,-0.19862884283065796,-1.0,1.0,0.0,0.0,0.0,0.0,0.08870765566825867,-0.12138330936431885,5.206333637237549,11.243608474731445,5.511168479919434,13.569869041442871,12.390506102467484,0.08870765566825867,-0.12138330936431885,0.15034279486025354
820,13,28,2.0559253692626953,label_Hqql,label_Hqql,0.8620741963386536,-1.006969690322876,-1.1769258975982666,-1.2603986263275146,-1.2651070356369019,-0.13222259283065796,0.0,0.0,0.0,1.0,0.0,0.0,-0.0011058449745178223,0.16694068908691406,0.18809384107589722,1.2851486206054688,0.45219841599464417,1.3753072023391724,1.298840355892449,-0.0011058449745178223,0.16694068908691406,0.1669443517041573
820,14,22,2.022620916366577,label_Hqql,label_Hqql,0.8620741963386536,-0.46323806047439575,-0.6537257432937622,-0.7166669368743896,-0.7419068217277527,-0.1373426914215088,0.0,0.0,1.0,0.0,0.0,0.0,-0.10537451505661011,0.12783145904541016,0.5179420113563538,2.776317834854126,0.6762372255325317,2.9040491580963135,2.824217528317705,-0.10537451505661011,0.12783145904541016,0.16566433033424582
820,15,14,1.986560344696045,label_Hqql,label_Hqql,0.8620741963386536,0.2826496660709381,0.12081150710582733,0.029220962896943092,0.03263058513402939,-0.37197932600975037,0.0,0.0,1.0,0.0,0.0,0.0,0.03263425827026367,-0.10190737247467041,3.2988202571868896,7.504056930541992,3.148414134979248,8.78097915649414,8.197138860971057,0.03263425827026367,-0.10190737247467041,0.10700517453628813
820,16,6,1.9750456809997559,label_Hqql,label_Hqql,0.8620741963386536,0.8042876124382019,0.6492213010787964,0.550858736038208,0.5610403418540955,-0.33788001537323,0.0,0.0,0.0,1.0,0.0,0.0,0.05878877639770508,-0.09945380687713623,6.911329746246338,15.826977729797363,7.119446754455566,18.680103302001953,17.27019695663171,0.05878877639770508,-0.09945380687713623,0.11552999581361577
822,1,0,4.07020902633667,label_Hqql,label_Hqql,0.9179022908210754,2.845878839492798,2.866786241531372,2.9272117614746094,2.9218575954437256,-0.42326802015304565,1.0,0.0,0.0,0.0,0.0,1.0,-0.0013422369956970215,0.09417343139648438,-235.10488891601562,215.77304077148438,308.4474792480469,443.8154602050781,319.11175772131105,-0.0013422369956970215,0.09417343139648438,0.0941829962421082
822,2,18,2.6776678562164307,label_Hqql,label_Hqql,0.9179022908210754,-0.4962209165096283,0.007554745767265558,-0.4148879945278168,0.06262626498937607,2.4848175048828125,-1.0,1.0,0.0,0.0,0.0,0.0,0.8195120692253113,-0.05269289016723633,-1.6970068216323853,2.092618227005005,6.964991569519043,7.469234943389893,2.6942314667935308,0.8195120692253113,-0.05269289016723633,0.8212043425847965
822,3,1,2.4224486351013184,label_Hqql,label_Hqql,0.9179022908210754,1.4931870698928833,1.5470870733261108,1.5745198726654053,1.6021584272384644,-0.4463088810443878,-1.0,1.0,0.0,0.0,0.0,0.0,0.06489008665084839,-0.060065507888793945,-28.838666915893555,36.102474212646484,49.01994705200195,67.36491394042969,46.20668083470893,0.06489008665084839,-0.060065507888793945,0.08842278316979951
822,4,7,2.366828680038452,label_Hqql,label_Hqql,0.9179022908210754,0.19919739663600922,0.022455787286162376,0.2805301249027252,0.0775274708867073,2.331814765930176,0.0,0.0,1.0,0.0,0.0,0.0,-0.5481804609298706,-0.5590300559997559,-1.2671122550964355,7.164717197418213,2.297217845916748,7.629938125610352,7.275901730094756,-0.5481804609298706,-0.5590300559997559,0.7829536520486865
822,5,28,2.2498538494110107,label_Hqql,label_Hqql,0.9179022908210754,-1.0251507759094238,-0.9908888339996338,-0.9438179731369019,-0.9358171224594116,-0.37782514095306396,0.0,0.0,0.0,1.0,0.0,0.0,0.025837302207946777,-0.10233235359191895,-0.7473666667938232,1.02129065990448,1.2715436220169067,1.7939940690994263,1.2655400217466999,0.025837302207946777,-0.10233235359191895,0.10554371974232431
822,6,24,2.2413382530212402,label_Hqql,label_Hqql,0.9179022908210754,-0.7631523013114929,-0.7243233323097229,-0.6818193197250366,-0.6692516207695007,-0.5917161703109741,0.0,0.0,0.0,1.0,0.0,0.0,0.03501307964324951,0.03854179382324219,-1.2843621969223022,1.317622184753418,1.872772216796875,2.625450372695923,1.8400311069754915,0.03501307964324951,0.03854179382324219,0.052070967123895855
822,7,9,2.109870195388794,label_Hqql,label_Hqql,0.9179022908210754,0.16761447489261627,0.1861494481563568,0.24894727766513824,0.24122080206871033,-0.5411757230758667,0.0,0.0,0.0,1.0,0.0,0.0,-0.006227731704711914,-0.06440567970275879,-4.317102432250977,5.452847003936768,6.675320148468018,9.640063285827637,6.954920118800034,-0.006227731704711914,-0.06440567970275879,0.06470607560469287
822,8,20,2.100748300552368,label_Hqql,label_Hqql,0.9179022908210754,-0.5743090510368347,-0.5235920548439026,-0.49297621846199036,-0.4685204029083252,-0.10191041231155396,0.0,0.0,0.0,1.0,0.0,0.0,0.05863147974014282,-0.16437888145446777,-1.2998069524765015,2.029238700866699,2.534618616104126,3.4973702430725098,2.4098356414497273,0.05863147974014282,-0.16437888145446777,0.17452239708627873
822,9,17,2.099959373474121,label_Hqql,label_Hqql,0.9179022908210754,-0.42982175946235657,-0.4280641973018646,-0.3484889566898346,-0.37299251556396484,-0.41290685534477234,1.0,1.0,0.0,0.0,0.0,0.0,-0.042210519313812256,-0.0870823860168457,-1.7856475114822388,2.3636276721954346,2.697282552719116,4.008750915527344,2.962308695600565,-0.042210519313812256,-0.0870823860168457,0.09677329122815159
822,10,2,2.0798964500427246,label_Hqql,label_Hqql,0.9179022908210754,1.422989010810852,1.4164586067199707,1.504321813583374,1.4715301990509033,-0.13966405391693115,0.0,0.0,1.0,0.0,0.0,0.0,-0.05901134014129639,-0.1541764736175537,-22.90258026123047,34.96455764770508,37.113834381103516,55.8970947265625,41.79770895781006,-0.05901134014129639,-0.1541764736175537,0.16508398857071516
822,11,12,2.0742404460906982,label_Hqql,label_Hqql,0.9179022908210754,-0.15201523900032043,-0.32766929268836975,-0.07068252563476562,-0.27259770035743713,1.6156408786773682,1.0,1.0,0.0,0.0,0.0,0.0,-0.5623382329940796,-0.22018909454345703,-2.1655478477478027,3.8364205360412598,1.3256531953811646,4.626964092254639,4.405419390959758,-0.5623382329940796,-0.22018909454345703,0.60391019667064
822,12,3,2.0740318298339844,label_Hqql,label_Hqql,0.9179022908210754,0.8507571220397949,0.8932741284370422,0.9320899248123169,0.9483457803726196,-0.34339818358421326,0.0,0.0,1.0,0.0,0.0,0.0,0.04238051176071167,-0.10599160194396973,-10.844406127929688,14.933442115783691,18.978506088256836,26.47248649597168,18.455590960273828,0.04238051176071167,-0.10599160194396973,0.11415045974392196
822,13,23,1.9981249570846558,label_Hqql,label_Hqql,0.9179022908210754,-0.7364471554756165,-0.7381731867790222,-0.655114471912384,-0.6831017136573792,-0.01957947015762329,0.0,0.0,0.0,1.0,0.0,0.0,-0.04871886968612671,-0.18892455101013184,-0.9912453293800354,1.6344997882843018,1.7237735986709595,2.574014902114868,1.9115849081113718,-0.04871886968612671,-0.18892455101013184,0.19510513636978832
822,14,5,1.9845162630081177,label_Hqql,label_Hqql,0.9179022908210754,0.7072107791900635,0.7497057318687439,0.7885435819625854,0.8047772645950317,-0.5096443891525269,-1.0,1.0,0.0,0.0,0.0,0.0,0.04230743646621704,-0.058984994888305664,-9.395633697509766,11.736152648925781,15.458189010620117,21.56363296508789,15.033802299374189,0.04230743646621704,-0.058984994888305664,0.07258890274908718
822,15,27,1.9360517263412476,label_Hqql,label_Hqql,0.9179022908210754,-0.9733805656433105,-0.7428843379020691,-0.8920477628707886,-0.6878128051757812,0.6697582602500916,1.0,1.0,0.0,0.0,0.0,0.0,0.3609463572502136,-0.0687718391418457,-0.841181218624115,1.0720643997192383,2.10626220703125,2.5567495822906494,1.362684086540722,0.3609463572502136,-0.0687718391418457,0.36743957145515876
822,16,25,1.9266083240509033,label_Hqql,label_Hqql,0.9179022908210754,-0.8726863265037537,-0.8775789141654968,-0.7913535237312317,-0.8225074410438538,0.10230070352554321,0.0,0.0,0.0,1.0,0.0,0.0,-0.055492520332336426,-0.2186429500579834,-0.7755966186523438,1.369074821472168,1.4045897722244263,2.109215021133423,1.5735043634048167,-0.055492520332336426,-0.2186429500579834,0.22557517466000684
826,1,0,4.065916538238525,label_Hqql,label_Hqql,0.9998456239700317,2.8874945640563965,2.680216073989868,2.9701180458068848,2.957045555114746,-0.7038958072662354,1.0,0.0,0.0,0.0,0.0,1.0,-0.02024119347333908,-0.012943923473358154,290.6571960449219,-173.8042449951172,29.923446655273438,339.9778747558594,338.6584137313273,-0.02024119347333908,-0.012943923473358154,0.024026049781628624
826,2,1,2.689525604248047,label_Hqql,label_Hqql,0.9998456239700317,1.6983821392059326,1.4888391494750977,1.7810059785842896,1.7656683921813965,-0.5057467818260193,-1.0,1.0,0.0,0.0,0.0,0.0,-0.07242857664823532,0.012870967388153076,53.968570709228516,-30.408567428588867,2.2340548038482666,61.986270904541016,61.945844069283886,-0.07242857664823532,0.012870967388153076,0.07356330958294494
826,3,18,2.566678524017334,label_Hqql,label_Hqql,0.9998456239700317,-0.9154366850852966,-1.1217581033706665,-0.8328127861022949,-0.8449288606643677,-0.7649112939834595,0.0,0.0,0.0,1.0,0.0,0.0,-0.005876451730728149,0.006512939929962158,1.2850086688995361,-0.7348403930664062,0.15215696394443512,1.4880825281143188,1.4802829737685117,-0.005876451730728149,0.006512939929962158,0.008772175982894629
826,4,20,2.4737770557403564,label_Hqql,label_Hqql,0.9998456239700317,-1.23418128490448,-1.444137692451477,-1.1515573263168335,-1.1673084497451782,-0.4083002805709839,0.0,0.0,0.0,1.0,0.0,0.0,-0.09732671082019806,-0.010807573795318604,0.8067921996116638,-0.48010051250457764,0.010476385243237019,0.9388929605484009,0.9388344664856446,-0.09732671082019806,-0.010807573795318604,0.09792493191429706
826,5,19,2.4328887462615967,label_Hqql,label_Hqql,0.9998456239700317,-1.231947660446167,-1.4415870904922485,-1.1493237018585205,-1.1647576093673706,1.83546781539917,0.0,0.0,0.0,1.0,0.0,0.0,-0.07638633251190186,-0.6544240117073059,0.3584151864051819,-0.8709716796875,0.030237220227718353,0.9423202276229858,0.9418349710344835,-0.07638633251190186,-0.6544240117073059,0.6588669508282403
826,6,11,2.396615982055664,label_Hqql,label_Hqql,0.9998456239700317,-0.20917759835720062,-0.41775596141815186,-0.1265539675951004,-0.140926793217659,-0.6176092624664307,0.0,0.0,0.0,1.0,0.0,0.0,-0.04473188519477844,0.008843541145324707,3.52907657623291,-2.0072247982025146,0.2590125799179077,4.068220615386963,4.05996710226018,-0.04473188519477844,0.008843541145324707,0.045597694821864515
826,7,9,2.37631893157959,label_Hqql,label_Hqql,0.9998456239700317,0.24045643210411072,0.033258937299251556,0.3230801522731781,0.310088187456131,-0.7168795466423035,0.0,0.0,1.0,0.0,0.0,0.0,-0.018942922353744507,-0.008542776107788086,6.64111852645874,-3.931612730026245,0.6919808983802795,7.7486042976379395,7.7176443259182355,-0.018942922353744507,-0.008542776107788086,0.020780118645661972
826,8,8,2.332592725753784,label_Hqql,label_Hqql,0.9998456239700317,0.2552918791770935,0.04704413190484047,0.3379155993461609,0.3238735496997833,-0.6436061263084412,0.0,0.0,0.0,1.0,0.0,0.0,-0.03769799321889877,0.010370731353759766,6.858104705810547,-3.8868186473846436,0.5584800243377686,7.902711868286133,7.882953720117717,-0.03769799321889877,0.010370731353759766,0.039098475181827665
826,9,3,2.3221776485443115,label_Hqql,label_Hqql,0.9998456239700317,0.9458383917808533,0.8290408253669739,1.028462290763855,1.1058701276779175,0.9042782187461853,-1.0,1.0,0.0,0.0,0.0,0.0,0.41864144802093506,0.07921242713928223,19.065649032592773,-9.133902549743652,11.667097091674805,24.151439666748047,21.140651570427515,0.41864144802093506,0.07921242713928223,0.4260695607695548
826,10,2,2.3039228916168213,label_Hqql,label_Hqql,0.9998456239700317,0.9733673930168152,0.7640230059623718,1.0559910535812378,1.0408521890640259,-0.4021938145160675,0.0,0.0,1.0,0.0,0.0,0.0,-0.06519892066717148,0.07509800791740417,19.791126251220703,-9.581778526306152,0.9521071910858154,22.009218215942383,21.988614281462553,-0.06519892066717148,0.07509800791740417,0.09945154623899329
826,11,12,2.264044761657715,label_Hqql,label_Hqql,0.9998456239700317,-0.21449889242649078,-0.42384129762649536,-0.1318751722574234,-0.14701204001903534,-0.5011406540870667,0.0,0.0,0.0,1.0,0.0,0.0,-0.06513582915067673,0.036600977182388306,3.556288242340088,-1.8940529823303223,0.17471975088119507,4.033007621765137,4.0292211111430385,-0.06513582915067673,0.036600977182388306,0.0747148430357172
826,12,17,2.215348958969116,label_Hqql,label_Hqql,0.9998456239700317,-0.9084933996200562,-1.1167633533477783,-0.8258696794509888,-0.8399341106414795,-0.3737867772579193,0.0,0.0,0.0,1.0,0.0,0.0,-0.03815224766731262,0.099488765001297,1.361116886138916,-0.618468165397644,0.10523753613233566,1.498738408088684,1.4950391464248776,-0.03815224766731262,0.099488765001297,0.10655331230680377
826,13,6,2.2137959003448486,label_Hqql,label_Hqql,0.9998456239700317,0.47267821431159973,0.2637858986854553,0.5553019046783447,0.5406153202056885,-0.5628085732460022,0.0,0.0,0.0,1.0,0.0,0.0,-0.052213843911886215,0.02810606360435486,9.448236465454102,-5.135560989379883,0.6054497957229614,10.770781517028809,10.753750926201382,-0.052213843911886215,0.02810606360435486,0.059297860900599596
826,14,13,2.1647379398345947,label_Hqql,label_Hqql,0.9998456239700317,-0.2261269986629486,-0.4332943856716156,-0.14350327849388123,-0.1564648598432541,-0.630062460899353,-1.0,1.0,0.0,0.0,0.0,0.0,-0.025600552558898926,0.0339047908782959,3.4926650524139404,-1.8722732067108154,0.32883578538894653,3.9789106845855713,3.9628419258053773,-0.025600552558898926,0.0339047908782959,0.04248438696535379
826,15,14,2.1166718006134033,label_Hqql,label_Hqql,0.9998456239700317,-0.24418006837368011,-0.38932299613952637,-0.1615564376115799,-0.11249355971813202,1.2500450611114502,0.0,0.0,0.0,1.0,0.0,0.0,0.32866349816322327,-0.3932532072067261,2.34199595451355,-3.07077956199646,1.7425322532653809,4.236867904663086,3.861946681316691,0.32866349816322327,-0.3932532072067261,0.5125112486602253
826,16,10,2.0807688236236572,label_Hqql,label_Hqql,0.9998456239700317,0.12403763085603714,-0.08575187623500824,0.20666126906871796,0.19107747077941895,-0.41992273926734924,0.0,0.0,0.0,1.0,0.0,0.0,-0.0839618593454361,0.044486820697784424,5.792135238647461,-3.026460886001587,0.16028133034706116,6.537123680114746,6.53515846152786,-0.0839618593454361,0.044486820697784424,0.09501931930160105
838,1,0,4.073897838592529,label_Hqql,label_Hqql,0.9759257435798645,2.6136491298675537,2.565767288208008,2.608566999435425,2.6187822818756104,-0.48904097080230713,-1.0,0.0,0.0,0.0,1.0,0.0,0.04021638631820679,0.0665290355682373,-228.9363250732422,5.977103233337402,175.7814483642578,288.6982727050781,229.01433732651586,0.04021638631820679,0.0665290355682373,0.07773976011112353
838,2,1,2.742281436920166,label_Hqql,label_Hqql,0.9759257435798645,1.7900991439819336,1.6934382915496826,1.7850170135498047,1.7464531660079956,-0.4618757963180542,0.0,0.0,0.0,1.0,0.0,0.0,-0.08238589763641357,0.01892256736755371,-70.42620849609375,5.20044469833374,43.66950988769531,83.02964782714844,70.61795429064549,-0.08238589763641357,0.01892256736755371,0.08453105751815261
838,3,39,2.6570920944213867,label_Hqql,label_Hqql,0.9759257435798645,-1.1657898426055908,-1.37537682056427,-1.1708718538284302,-1.3223620653152466,1.845142126083374,0.0,0.0,0.0,1.0,0.0,0.0,-0.6325665712356567,0.19276434183120728,-1.030005693435669,-0.10348375141620636,0.0355660617351532,1.035801887512207,1.0351911008683683,-0.6325665712356567,0.19276434183120728,0.6612855347929922
838,4,41,2.580329418182373,label_Hqql,label_Hqql,0.9759257435798645,-1.2468160390853882,-1.1315499544143677,-1.251898169517517,-1.0785353183746338,1.5275321006774902,0.0,0.0,0.0,1.0,0.0,0.0,0.37320125102996826,-0.4464399814605713,-0.7912824153900146,0.4733196794986725,1.1415503025054932,1.4674115180969238,0.9220408775678992,0.37320125102996826,-0.4464399814605713,0.581883004406254
838,5,40,2.543276309967041,label_Hqql,label_Hqql,0.9759257435798645,-1.1877511739730835,-1.396276593208313,-1.1928333044052124,-1.34326171875,1.6563239097595215,0.0,0.0,0.0,1.0,0.0,0.0,-0.6019840836524963,0.12128717452287674,-1.0028058290481567,-0.02874419093132019,0.0651874914765358,1.0053333044052124,1.0032177028368554,-0.6019840836524963,0.12128717452287674,0.6140809520532928
838,6,24,2.4963090419769287,label_Hqql,label_Hqql,0.9759257435798645,-0.2367504984140396,-0.33327823877334595,-0.24183262884616852,-0.28026342391967773,0.3139483332633972,0.0,0.0,1.0,0.0,0.0,0.0,-0.08202487230300903,0.2661333680152893,-3.8445534706115723,-0.6738130450248718,2.415332555770874,4.590037822723389,3.9031545457536234,-0.08202487230300903,0.2661333680152893,0.27848707195754413
838,7,27,2.490682363510132,label_Hqql,label_Hqql,0.9759257435798645,-0.5175027251243591,-0.48323309421539307,-0.5225847363471985,-0.4302184581756592,1.539926290512085,1.0,1.0,0.0,0.0,0.0,0.0,0.21682065725326538,0.5433159470558167,-2.3525869846343994,-1.1384164094924927,2.6222972869873047,3.704939842224121,2.613552647580101,0.21682065725326538,0.5433159470558167,0.5849815516209865
838,8,38,2.4721946716308594,label_Hqql,label_Hqql,0.9759257435798645,-0.9738991260528564,-1.0883921384811401,-0.9789813160896301,-1.0353775024414062,-0.20899873971939087,0.0,0.0,0.0,1.0,0.0,0.0,-0.13258492946624756,0.06520271301269531,-1.3611629009246826,0.0373440757393837,0.7627063393592834,1.5607305765151978,1.3616750797626158,-0.13258492946624756,0.06520271301269531,0.14775032083141393
838,9,14,2.446272611618042,label_Hqql,label_Hqql,0.9759257435798645,0.26286232471466064,0.19248954951763153,0.2577802538871765,0.24550427496433258,1.0125999450683594,-1.0,1.0,0.0,0.0,0.0,0.0,-0.014291584491729736,0.45292454957962036,-7.457030296325684,-2.80934476852417,5.577667713165283,9.727773666381836,7.968671085491811,-0.014291584491729736,0.45292454957962036,0.45314997186272254
838,10,16,2.4441606998443604,label_Hqql,label_Hqql,0.9759257435798645,0.18708212673664093,0.1452862024307251,0.18200016021728516,0.19830092787742615,-0.3474123477935791,0.0,0.0,0.0,1.0,0.0,0.0,0.05439203977584839,0.09921557456254959,-7.150902271270752,-0.0470844991505146,5.617185592651367,9.093425750732422,7.151057281502187,0.05439203977584839,0.09921557456254959,0.11314691434924026
838,11,32,2.411189556121826,label_Hqql,label_Hqql,0.9759257435798645,-0.6654611825942993,-0.7542455792427063,-0.670543372631073,-0.7012306451797485,-0.5538082122802734,0.0,0.0,0.0,1.0,0.0,0.0,-0.061295926570892334,-0.005564212799072266,-2.105414390563965,0.20740920305252075,1.3610265254974365,2.515587568283081,2.1156059022191998,-0.061295926570892334,-0.005564212799072266,0.06154795754740838
838,12,4,2.3988113403320312,label_Hqql,label_Hqql,0.9759257435798645,1.246267318725586,1.2210853099822998,1.2411853075027466,1.2741000652313232,0.30740636587142944,1.0,1.0,0.0,0.0,0.0,0.0,0.09210467338562012,-0.2610814571380615,-30.461875915527344,11.247793197631836,27.082735061645508,42.28395462036133,32.47212244540966,0.09210467338562012,-0.2610814571380615,0.2768515813948066
838,13,35,2.39304518699646,label_Hqql,label_Hqql,0.9759257435798645,-0.7150487303733826,-0.7317148447036743,-0.720130980014801,-0.6787000894546509,-0.2447267770767212,-1.0,1.0,0.0,0.0,0.0,0.0,0.10872423648834229,0.08631086349487305,-1.9708833694458008,0.012456915341317654,1.6866916418075562,2.5978732109069824,1.9709227358518784,0.10872423648834229,0.08631086349487305,0.13881831564027705
838,14,25,2.392676591873169,label_Hqql,label_Hqql,0.9759257435798645,-0.3222428560256958,-0.4061095118522644,-0.32732489705085754,-0.35309484601020813,-0.23208296298980713,0.0,0.0,0.0,1.0,0.0,0.0,-0.04841911792755127,0.13346797227859497,-3.451535224914551,-0.1410277932882309,2.2753961086273193,4.136473178863525,3.4544151816632707,-0.04841911792755127,0.13346797227859497,0.14197926117937756
838,15,3,2.370162010192871,label_Hqql,label_Hqql,0.9759257435798645,1.3934381008148193,1.2871519327163696,1.3883559703826904,1.340166687965393,-0.2951100468635559,0.0,0.0,1.0,0.0,0.0,0.0,-0.10902291536331177,-0.06360912322998047,-39.581844329833984,6.235099792480469,23.53258514404297,46.46914291381836,40.06992475627326,-0.10902291536331177,-0.06360912322998047,0.12622248861594626
838,16,28,2.3327667713165283,label_Hqql,label_Hqql,0.9759257435798645,-0.5438657402992249,-0.5887022018432617,-0.548947811126709,-0.5356875061988831,-0.5910661220550537,0.0,0.0,0.0,1.0,0.0,0.0,0.04733520746231079,-0.02208423614501953,-2.5004098415374756,0.28810060024261475,1.9545398950576782,3.186734676361084,2.5169527869067427,0.04733520746231079,-0.02208423614501953,0.05223346964934447
839,1,0,4.167604446411133,label_Hqql,label_Hqql,0.9971824884414673,2.787290573120117,2.830864429473877,2.7362170219421387,2.752379894256592,-0.41456183791160583,1.0,0.0,0.0,0.0,0.0,1.0,0.04381096363067627,-0.08582401275634766,-204.12466430664062,-210.8780059814453,302.6924743652344,421.61492919921875,293.49005432043043,0.04381096363067627,-0.08582401275634766,0.09635954389602601
839,2,1,2.8541762828826904,label_Hqql,label_Hqql,0.9971824884414673,2.2560226917266846,2.2163102626800537,2.204949378967285,2.1378254890441895,-0.19042682647705078,-1.0,1.0,0.0,0.0,0.0,0.0,-0.13344573974609375,0.0735931396484375,-78.6787338256836,-112.6417465209961,108.76859283447266,175.24021911621094,137.3990764732904,-0.13344573974609375,0.0735931396484375,0.1523932926991756
839,3,5,2.804666519165039,label_Hqql,label_Hqql,0.9971824884414673,0.8227214217185974,1.1059558391571045,0.7716479897499084,1.0274710655212402,1.2125554084777832,0.0,0.0,0.0,1.0,0.0,0.0,0.4706200957298279,0.1779477596282959,-8.58390998840332,-15.514701843261719,31.18267250061035,35.87127685546875,17.731031666948173,0.4706200957298279,0.1779477596282959,0.5031388274238852
839,4,24,2.668302059173584,label_Hqql,label_Hqql,0.9971824884414673,-0.9660153985023499,-1.009940266609192,-1.0170886516571045,-1.0884250402450562,-0.2272084355354309,0.0,0.0,0.0,1.0,0.0,0.0,-0.1431879997253418,0.0016837120056152344,-0.8676416277885437,-1.0693902969360352,1.0730857849121094,1.7458266019821167,1.3770975279378346,-0.1431879997253418,0.0016837120056152344,0.14319789855812248
839,5,19,2.5368504524230957,label_Hqql,label_Hqql,0.9971824884414673,-0.400627076625824,-0.36989447474479675,-0.4517005980014801,-0.4483790695667267,-0.6683939695358276,0.0,0.0,0.0,1.0,0.0,0.0,0.018031537532806396,-0.027520418167114258,-2.0150957107543945,-2.340519905090332,3.071977376937866,4.356109619140625,3.088469548113566,0.018031537532806396,-0.027520418167114258,0.03290151610321078
839,6,12,2.4277408123016357,label_Hqql,label_Hqql,0.9971824884414673,-0.17086906731128693,-0.20302976667881012,-0.22194232046604156,-0.281514436006546,-0.3267802894115448,0.0,0.0,0.0,1.0,0.0,0.0,-0.11621028184890747,0.02216362953186035,-2.633114814758301,-3.3847641944885254,3.4895410537719727,5.528726577758789,4.288347266720735,-0.11621028184890747,0.02216362953186035,0.11830492839027487
839,7,21,2.4272866249084473,label_Hqql,label_Hqql,0.9971824884414673,-0.42073485255241394,-0.41108566522598267,-0.47180819511413574,-0.48957061767578125,-0.5333156585693359,1.0,1.0,0.0,0.0,0.0,0.0,-0.026209354400634766,0.06130337715148926,-1.7485742568969727,-2.4389700889587402,2.800588846206665,4.107172012329102,3.0010143329744703,-0.026209354400634766,0.06130337715148926,0.06667109049862473
839,8,15,2.3788247108459473,label_Hqql,label_Hqql,0.9971824884414673,-0.2364216297864914,-0.2786359488964081,-0.2874948978424072,-0.35712066292762756,-0.15095937252044678,0.0,0.0,0.0,1.0,0.0,0.0,-0.1392204761505127,0.0833427906036377,-2.2047927379608154,-3.2230148315429688,3.0625784397125244,4.962693214416504,3.904988555900094,-0.1392204761505127,0.0833427906036377,0.1622601667852504
839,9,23,2.377995491027832,label_Hqql,label_Hqql,0.9971824884414673,-0.6064794063568115,-0.5927145481109619,-0.6575527787208557,-0.6711992621421814,-0.41785377264022827,1.0,1.0,0.0,0.0,0.0,0.0,-0.0854111909866333,0.04280376434326172,-1.3754206895828247,-1.8454110622406006,1.9651590585708618,3.168520927429199,2.3015916366663474,-0.0854111909866333,0.04280376434326172,0.09553655733649101
839,10,20,2.375249147415161,label_Hqql,label_Hqql,0.9971824884414673,-0.4085598289966583,-0.49789246916770935,-0.4596330225467682,-0.5763773322105408,0.2270490527153015,-1.0,1.0,0.0,0.0,0.0,0.0,-0.25676196813583374,0.0003898143768310547,-1.9270325899124146,-2.368845224380493,1.9542688131332397,3.6281578540802,3.0536670250135027,-0.25676196813583374,0.0003898143768310547,0.25676226404250935
839,11,16,2.35819935798645,label_Hqql,label_Hqql,0.9971824884414673,-0.3033352792263031,-0.04848383739590645,-0.3544086515903473,-0.12696851789951324,1.3746814727783203,1.0,1.0,0.0,0.0,0.0,0.0,0.4234188199043274,0.34101903438568115,-1.1911804676055908,-3.343118190765381,5.909363269805908,6.89459228515625,3.548992835133859,0.4234188199043274,0.34101903438568115,0.5436703770323665
839,12,10,2.304356575012207,label_Hqql,label_Hqql,0.9971824884414673,0.2889632284641266,0.2576330602169037,0.23788996040821075,0.17914828658103943,-0.23909664154052734,-1.0,1.0,0.0,0.0,0.0,0.0,-0.11446768045425415,0.08099651336669922,-4.6861186027526855,-6.81589937210083,6.749255657196045,10.676522254943848,8.271408091109354,-0.11446768045425415,0.08099651336669922,0.1402258358724922
839,13,6,2.3019134998321533,label_Hqql,label_Hqql,0.9971824884414673,0.7181574702262878,0.9455963969230652,0.6670841574668884,0.8671116232872009,0.7452417016029358,0.0,0.0,1.0,0.0,0.0,0.0,0.3776448369026184,0.08136415481567383,-8.646929740905762,-12.58675765991211,24.095552444458008,28.52703094482422,15.27075185881549,0.3776448369026184,0.08136415481567383,0.3863104302605279
839,14,13,2.2665786743164062,label_Hqql,label_Hqql,0.9971824884414673,-0.17184963822364807,-0.20807886123657227,-0.22292299568653107,-0.2865636348724365,-0.2979639768600464,0.0,0.0,0.0,1.0,0.0,0.0,-0.12545990943908691,-0.0035102367401123047,-2.7153310775756836,-3.3114120960235596,3.4337375164031982,5.4889912605285645,4.2823443264804695,-0.12545990943908691,-0.0035102367401123047,0.1255090062044773
839,15,18,2.225881814956665,label_Hqql,label_Hqql,0.9971824884414673,-0.37782999873161316,-0.23968906700611115,-0.42890334129333496,-0.3181738257408142,0.16995930671691895,-1.0,1.0,0.0,0.0,0.0,0.0,0.21652549505233765,0.10916972160339355,-1.7328956127166748,-2.679121732711792,4.13555908203125,5.246635913848877,3.190708457891654,0.21652549505233765,0.10916972160339355,0.24248983096744975
839,16,3,2.21466064453125,label_Hqql,label_Hqql,0.9971824884414673,1.167054533958435,1.1254067420959473,1.115981101989746,1.046921968460083,-0.2222977876663208,0.0,0.0,0.0,1.0,0.0,0.0,-0.13790982961654663,0.04289078712463379,-17.326946258544922,-23.251901626586914,22.790544509887695,36.88201141357422,28.997827434119596,-0.13790982961654663,0.04289078712463379,0.14442555426598014
846,1,0,4.291214942932129,label_Hqql,label_Hqql,0.9993769526481628,2.9730260372161865,2.763263702392578,2.9733002185821533,2.966899871826172,-0.5095323324203491,-1.0,0.0,0.0,0.0,1.0,0.0,-0.07141152769327164,-0.013176202774047852,-245.97921752929688,293.1424865722656,9.979474067687988,382.80267333984375,382.67256615819235,-0.07141152769327164,-0.013176202774047852,0.07261693058116495
846,2,11,2.5071017742156982,label_Hqql,label_Hqql,0.9993769526481628,0.22344769537448883,0.016367362812161446,0.2237224131822586,0.22000369429588318,-0.4476466476917267,0.0,0.0,1.0,0.0,0.0,0.0,0.04605922847986221,0.07508730888366699,-5.331542015075684,5.320847511291504,-0.6893833875656128,7.563861846923828,7.5323806659604156,0.04605922847986221,0.07508730888366699,0.08808834476564631
846,3,1,2.4276745319366455,label_Hqql,label_Hqql,0.9993769526481628,1.5523556470870972,1.3447996377944946,1.5526303052902222,1.548435926437378,-0.6374017596244812,1.0,1.0,0.0,0.0,0.0,0.0,0.03822898864746094,-0.013817787170410156,-32.29631805419922,38.53889846801758,-4.206728935241699,50.45804977416992,50.28219222534119,0.03822898864746094,-0.013817787170410156,0.040649561071362736
846,4,22,2.212196111679077,label_Hqql,label_Hqql,0.9993769526481628,-0.9385645389556885,-1.1062153577804565,-0.9382898211479187,-0.9025790691375732,1.5676369667053223,0.0,0.0,0.0,1.0,0.0,0.0,-0.3967008888721466,0.439300537109375,-1.3075966835021973,0.5842205882072449,0.5136338472366333,1.5214934349060059,1.4321741452739485,-0.3967008888721466,0.439300537109375,0.5919092473821782
846,5,20,2.1025302410125732,label_Hqql,label_Hqql,0.9993769526481628,-0.6032371520996094,-0.8079866170883179,-0.6029623746871948,-0.6043502688407898,-0.4676538407802582,0.0,0.0,0.0,1.0,0.0,0.0,0.07729682326316833,-0.030472517013549805,-1.4554574489593506,1.7967380285263062,-0.28427258133888245,2.329685688018799,2.3122767846613557,0.07729682326316833,-0.030472517013549805,0.08308654030418262
846,6,14,2.044898271560669,label_Hqql,label_Hqql,0.9993769526481628,0.017323827371001244,-0.1903826892375946,0.017598534002900124,0.013253641314804554,-0.6540547609329224,0.0,0.0,0.0,1.0,0.0,0.0,0.03565730154514313,-0.007733583450317383,-3.6301217079162598,4.278639793395996,-0.4549599289894104,5.629523277282715,5.611108811626861,0.03565730154514313,-0.007733583450317383,0.03648631889440602
846,7,16,1.991518259048462,label_Hqql,label_Hqql,0.9993769526481628,-0.27034255862236023,-0.4766741991043091,-0.2700679302215576,-0.27303794026374817,-0.5248305797576904,0.0,0.0,0.0,1.0,0.0,0.0,0.05712997168302536,-0.038321733474731445,-2.318953514099121,2.9091007709503174,-0.38186898827552795,3.7398176193237305,3.720270513833153,0.05712997168302536,-0.038321733474731445,0.06879236092046581
846,8,10,1.9884287118911743,label_Hqql,label_Hqql,0.9993769526481628,0.25316885113716125,0.04457294940948486,0.2534433901309967,0.24820928275585175,-0.7130776643753052,0.0,0.0,0.0,1.0,0.0,0.0,0.018022939562797546,-0.012140512466430664,-5.057994842529297,6.015135765075684,-0.4982772767543793,7.874862194061279,7.8590820137816095,0.018022939562797546,-0.012140512466430664,0.021730586587384415
846,9,6,1.982730507850647,label_Hqql,label_Hqql,0.9993769526481628,0.42637255787849426,0.21749229729175568,0.42664727568626404,0.42112845182418823,-0.719943642616272,0.0,0.0,0.0,1.0,0.0,0.0,0.011239912360906601,-0.016559839248657227,-6.443840026855469,7.732345104217529,-0.5697641372680664,10.081511497497559,10.065397910784327,0.011239912360906601,-0.016559839248657227,0.020014092680464668
846,10,12,1.9758398532867432,label_Hqql,label_Hqql,0.9993769526481628,0.1470288187265396,-0.06006445735692978,0.14730343222618103,0.14357170462608337,-0.6095619201660156,-1.0,1.0,0.0,0.0,0.0,0.0,0.04349896311759949,-0.019352197647094727,-4.308983325958252,5.2000603675842285,-0.6007252931594849,6.781468391418457,6.753366947671839,0.04349896311759949,-0.019352197647094727,0.047609529992203234
846,11,5,1.9712802171707153,label_Hqql,label_Hqql,0.9993769526481628,0.4272794723510742,0.21881091594696045,0.4275541603565216,0.42244723439216614,-0.710253119468689,1.0,1.0,0.0,0.0,0.0,0.0,0.019374452531337738,-0.011315345764160156,-6.492710113525391,7.708425045013428,-0.6526373624801636,10.100520133972168,10.07844736518801,0.019374452531337738,-0.011315345764160156,0.022436721254487174
846,12,13,1.9167944192886353,label_Hqql,label_Hqql,0.9993769526481628,0.06292283535003662,-0.14211022853851318,0.06319770961999893,0.061526108533144,-0.48480352759361267,1.0,1.0,0.0,0.0,0.0,0.0,0.07165364921092987,0.03278803825378418,-4.056281566619873,4.405930042266846,-0.7022268176078796,6.031437873840332,5.988792840385256,0.07165364921092987,0.03278803825378418,0.07879911736672313
846,13,7,1.908878207206726,label_Hqql,label_Hqql,0.9993769526481628,0.4218614399433136,0.21658189594745636,0.4221361577510834,0.42021822929382324,-0.5178321599960327,-1.0,1.0,0.0,0.0,0.0,0.0,0.07009369134902954,0.007940053939819336,-6.58873176574707,7.523526668548584,-1.1569489240646362,10.068408966064453,10.000741963140849,0.07009369134902954,0.007940053939819336,0.07054197348742279
846,14,9,1.9018182754516602,label_Hqql,label_Hqql,0.9993769526481628,0.3642793595790863,0.15790781378746033,0.3645540773868561,0.3615439832210541,-0.5777453184127808,-1.0,1.0,0.0,0.0,0.0,0.0,0.05544430762529373,0.0036401748657226562,-6.038583278656006,6.955440044403076,-0.929861307144165,9.258874893188477,9.211006146157422,0.05544430762529373,0.0036401748657226562,0.055563676274174335
846,15,21,1.885715365409851,label_Hqql,label_Hqql,0.9993769526481628,-0.9260501265525818,-1.0777583122253418,-0.9257755279541016,-0.874122142791748,0.9800114035606384,0.0,0.0,0.0,1.0,0.0,0.0,0.36845383048057556,0.24953818321228027,-1.1951009035110474,0.8351776599884033,-0.6206737756729126,1.5846210718154907,1.4580081938441316,0.36845383048057556,0.24953818321228027,0.4450028427737224
846,16,23,1.8787081241607666,label_Hqql,label_Hqql,0.9993769526481628,-1.2715160846710205,-1.4545137882232666,-1.271241307258606,-1.2508773803710938,0.23924583196640015,0.0,0.0,0.0,1.0,0.0,0.0,0.23421117663383484,0.11245942115783691,-0.6530605554580688,0.604766309261322,-0.25207096338272095,0.9250784516334534,0.8900732430046207,0.23421117663383484,0.11245942115783691,0.25981146369504393
854,1,0,4.34761381149292,label_Hqql,label_Hqql,0.9999631643295288,2.7913084030151367,2.5822806358337402,2.8977210521698,2.8899617195129395,-0.6654324531555176,-1.0,0.0,0.0,0.0,0.0,1.0,-0.0285547636449337,0.017787694931030273,-207.4893035888672,-209.95030212402344,-15.568280220031738,295.58978271484375,295.1795054975223,-0.0285547636449337,0.017787694931030273,0.03364188784502777
854,2,1,2.7974939346313477,label_Hqql,label_Hqql,0.9999631643295288,1.9469201564788818,1.7513234615325928,2.053332567214966,2.059004068374634,-0.2904004454612732,1.0,1.0,0.0,0.0,0.0,0.0,0.12227889895439148,0.03575754165649414,-60.96480941772461,-63.9464111328125,-18.108322143554688,90.18748474121094,88.35072995797019,0.12227889895439148,0.03575754165649414,0.127399885850868
854,3,3,2.5540144443511963,label_Hqql,label_Hqql,0.9999631643295288,0.7679141163825989,0.5647342205047607,0.874326765537262,0.8724150061607361,-0.48392346501350403,0.0,0.0,1.0,0.0,0.0,0.0,0.05854715406894684,-0.05306839942932129,-12.321663856506348,-10.816475868225098,-2.2999134063720703,16.556241989135742,16.395717440863354,0.05854715406894684,-0.05306839942932129,0.07901913861567327
854,4,13,2.5048208236694336,label_Hqql,label_Hqql,0.9999631643295288,-0.5402383208274841,-0.7383673787117004,-0.43382567167282104,-0.43068674206733704,1.651691198348999,-1.0,1.0,0.0,0.0,0.0,0.0,-0.257712721824646,-0.556110143661499,-2.4704790115356445,-0.5456953644752502,0.4487197697162628,2.573301076889038,2.530029639598697,-0.257712721824646,-0.556110143661499,0.6129227837774351
854,5,15,2.469944477081299,label_Hqql,label_Hqql,0.9999631643295288,-0.8365489840507507,-1.0463216304779053,-0.730136513710022,-0.738641083240509,-0.37292301654815674,0.0,0.0,0.0,1.0,0.0,0.0,-0.10675976425409317,-0.0014233589172363281,-1.1870797872543335,-1.1558798551559448,0.04223434254527092,1.6574077606201172,1.6568695364642088,-0.10675976425409317,-0.0014233589172363281,0.10676925219461278
854,6,14,2.4265553951263428,label_Hqql,label_Hqql,0.9999631643295288,-0.6358484625816345,-0.8458388447761536,-0.5294359922409058,-0.5381581783294678,-0.37145552039146423,0.0,0.0,0.0,1.0,0.0,0.0,-0.07603733986616135,0.07547497749328613,-1.4582878351211548,-1.6566085815429688,-0.011553249321877956,2.207054376602173,2.2070241055557482,-0.07603733986616135,0.07547497749328613,0.10713612500708702
854,7,16,2.4138667583465576,label_Hqql,label_Hqql,0.9999631643295288,-1.241263747215271,-1.4350559711456299,-1.134851098060608,-1.1273752450942993,1.245980978012085,0.0,0.0,0.0,1.0,0.0,0.0,-0.2972954511642456,0.41622447967529297,-0.3456472158432007,-0.8627176284790039,0.2023337185382843,0.9511533379554749,0.9293835076590249,-0.2972954511642456,0.41622447967529297,0.5114952617218665
854,8,8,2.279477119445801,label_Hqql,label_Hqql,0.9999631643295288,0.43545055389404297,0.23351936042308807,0.541863203048706,0.5411999821662903,-0.39056137204170227,0.0,0.0,1.0,0.0,0.0,0.0,0.07085314393043518,0.07387375831604004,-6.749755859375,-7.642982482910156,-1.5571777820587158,10.314998626708984,10.196783090526083,0.07085314393043518,0.07387375831604004,0.10235966086581011
854,9,7,2.2649996280670166,label_Hqql,label_Hqql,0.9999631643295288,0.5498131513595581,0.3591487407684326,0.6562258005142212,0.666829526424408,1.119286060333252,0.0,0.0,0.0,1.0,0.0,0.0,-0.31739699840545654,-0.3598442077636719,-10.993805885314941,-4.8261871337890625,2.861449956893921,12.34276008605957,12.006491997845854,-0.31739699840545654,-0.3598442077636719,0.4798215381346048
854,10,2,2.1885428428649902,label_Hqql,label_Hqql,0.9999631643295288,1.0485591888427734,0.8542026281356812,1.154971718788147,1.1618833541870117,-0.21481847763061523,0.0,0.0,0.0,1.0,0.0,0.0,0.13092978298664093,0.06526660919189453,-16.363248825073242,-18.210344314575195,-5.234221458435059,25.035367965698242,24.48208635240555,0.13092978298664093,0.06526660919189453,0.14629538047503884
854,11,11,2.1644859313964844,label_Hqql,label_Hqql,0.9999631643295288,-0.15041498839855194,-0.3490754961967468,-0.04400234296917915,-0.041394803673028946,-0.40304896235466003,-1.0,1.0,0.0,0.0,0.0,0.0,0.09647946059703827,0.02323460578918457,-3.086618185043335,-3.157443046569824,-0.7890018820762634,4.487612247467041,4.415502056683061,0.09647946059703827,0.02323460578918457,0.09923776107548109
854,12,9,2.1464667320251465,label_Hqql,label_Hqql,0.9999631643295288,0.2051715850830078,0.005378627683967352,0.3115842342376709,0.3130592405796051,-0.48480239510536194,1.0,1.0,0.0,0.0,0.0,0.0,0.07639667391777039,-0.019310474395751953,-5.348293781280518,-5.024527549743652,-1.16181480884552,7.446049690246582,7.33826433627304,0.07639667391777039,-0.019310474395751953,0.07879940486505675
854,13,12,2.1379928588867188,label_Hqql,label_Hqql,0.9999631643295288,-0.25277021527290344,-0.4410247802734375,-0.1463574916124344,-0.13334417343139648,0.4756348729133606,1.0,1.0,0.0,0.0,0.0,0.0,-0.29719826579093933,-0.11565446853637695,-3.0187156200408936,-2.3324644565582275,0.8301405310630798,3.935211181640625,3.814843959559335,-0.29719826579093933,-0.11565446853637695,0.3189087099493735
854,14,5,2.1324100494384766,label_Hqql,label_Hqql,0.9999631643295288,0.626227080821991,0.4249664843082428,0.7326396107673645,0.7326471209526062,-0.47621962428092957,1.0,1.0,0.0,0.0,0.0,0.0,0.07673710584640503,-0.025758981704711914,-9.818855285644531,-9.105974197387695,-2.124774694442749,13.559602737426758,13.391366069371713,0.07673710584640503,-0.025758981704711914,0.08094509591164897
854,15,6,2.096303701400757,label_Hqql,label_Hqql,0.9999631643295288,0.5901733636856079,0.3922329246997833,0.696586012840271,0.6999135613441467,-0.335591197013855,-1.0,1.0,0.0,0.0,0.0,0.0,0.10088488459587097,0.05746269226074219,-8.574718475341797,-9.394132614135742,-2.329706907272339,12.940122604370117,12.719100774163902,0.10088488459587097,0.05746269226074219,0.11610220041745532
854,16,10,2.0909032821655273,label_Hqql,label_Hqql,0.9999631643295288,0.12748222053050995,-0.066226065158844,0.23389486968517303,0.24145445227622986,1.0630626678466797,0.0,0.0,0.0,1.0,0.0,0.0,-0.2978590726852417,-0.3580749034881592,-6.008790016174316,-2.6504979133605957,1.433559536933899,6.7220377922058105,6.567396489264602,-0.2978590726852417,-0.3580749034881592,0.4657656746572965
855,1,0,4.288482666015625,label_Hqql,label_Hqql,0.999995231628418,2.909304141998291,2.7129077911376953,2.9057600498199463,2.8946785926818848,-0.7423200607299805,-1.0,0.0,0.0,0.0,0.0,1.0,-0.002522513270378113,-0.01419764757156372,258.6107482910156,234.91310119628906,69.5533676147461,356.232177734375,349.3761357695986,-0.002522513270378113,-0.01419764757156372,0.014419995484242111
855,2,1,2.680185079574585,label_Hqql,label_Hqql,0.999995231628418,1.835139274597168,1.6614822149276733,1.8315951824188232,1.843253254890442,-0.05641120672225952,0.0,0.0,1.0,0.0,0.0,0.0,0.12472489476203918,-0.13784581422805786,61.56550979614258,43.37565994262695,24.911970138549805,79.3244400024414,75.31108731068315,0.12472489476203918,-0.13784581422805786,0.18589719705686256
855,3,2,2.548452377319336,label_Hqql,label_Hqql,0.999995231628418,1.1486876010894775,0.9651978015899658,1.1451435089111328,1.1469688415527344,-0.31521788239479065,-1.0,1.0,0.0,0.0,0.0,0.0,0.07612168788909912,-0.09430718421936035,22.361337661743164,17.258499145507812,7.908129692077637,29.337135314941406,28.24686203417978,0.07612168788909912,-0.09430718421936035,0.12119552946569354
855,4,6,2.454671621322632,label_Hqql,label_Hqql,0.999995231628418,0.3777886927127838,0.18682385981082916,0.3742445409297943,0.3685948848724365,-0.5274412631988525,1.0,1.0,0.0,0.0,0.0,0.0,0.028193458914756775,0.06203341484069824,6.449872016906738,6.824995994567871,2.1644749641418457,9.649356842041016,9.390496225458167,0.028193458914756775,0.06203341484069824,0.06813967773901076
855,5,22,2.3694701194763184,label_Hqql,label_Hqql,0.999995231628418,-1.2072598934173584,-1.3427931070327759,-1.2108041048049927,-1.1610221862792969,1.917583703994751,0.0,0.0,0.0,1.0,0.0,0.0,-0.669790506362915,-0.11383962631225586,0.7838543653488159,0.5809085369110107,-0.47505983710289,1.0851563215255737,0.9756446045217931,-0.669790506362915,-0.11383962631225586,0.6793958955813644
855,6,17,2.361076831817627,label_Hqql,label_Hqql,0.999995231628418,-0.03329390287399292,-0.2302762120962143,-0.03683795779943466,-0.048505447804927826,-0.6114085912704468,0.0,0.0,0.0,1.0,0.0,0.0,-0.006855219602584839,-0.046646833419799805,3.9754796028137207,3.382408618927002,1.0160791873931885,5.317663192749023,5.219686402244833,-0.006855219602584839,-0.046646833419799805,0.0471478642559153
855,7,20,2.3575048446655273,label_Hqql,label_Hqql,0.999995231628418,-0.8246939182281494,-0.9577288627624512,-0.8282378911972046,-0.7759580016136169,1.911808729171753,0.0,0.0,0.0,1.0,0.0,0.0,-0.6778828501701355,-0.009693801403045654,1.2422584295272827,1.1386784315109253,-0.8357354998588562,1.8810231685638428,1.6851690052097956,-0.6778828501701355,-0.009693801403045654,0.6779521578551307
855,8,13,2.3413634300231934,label_Hqql,label_Hqql,0.999995231628418,0.14530430734157562,-0.04834306240081787,0.14176024496555328,0.1334279477596283,-0.5775696039199829,0.0,0.0,0.0,1.0,0.0,0.0,0.01668544113636017,-0.05304527282714844,5.158750534057617,4.33256196975708,1.4733377695083618,6.895978927612305,6.736749980103544,0.01668544113636017,-0.05304527282714844,0.05560759763936537
855,9,15,2.2726433277130127,label_Hqql,label_Hqql,0.999995231628418,0.09386913478374481,-0.11350301653146744,0.09032516181468964,0.06826791912317276,-0.3328000009059906,-1.0,1.0,0.0,0.0,0.0,0.0,-0.11650823801755905,-0.008250534534454346,4.608208656311035,4.236229419708252,0.5251654386520386,6.28303337097168,6.259490931098284,-0.11650823801755905,-0.008250534534454346,0.11680000362183392
855,10,18,2.202059745788574,label_Hqql,label_Hqql,0.999995231628418,-0.11212005466222763,-0.3172612488269806,-0.11566419154405594,-0.13549041748046875,-0.3632964491844177,0.0,0.0,0.0,1.0,0.0,0.0,-0.08235087990760803,0.0716778039932251,3.170490026473999,3.4203708171844482,0.5514095425605774,4.696274757385254,4.663790683019352,-0.08235087990760803,0.0716778039932251,0.10917589022695659
855,11,21,2.155916929244995,label_Hqql,label_Hqql,0.999995231628418,-1.156343936920166,-1.3613038063049316,-1.1598880290985107,-1.1795330047607422,0.9767513871192932,0.0,0.0,0.0,1.0,0.0,0.0,-0.32045477628707886,0.30758994817733765,0.5136784315109253,0.9149152040481567,-0.12636683881282806,1.056836724281311,1.0492546695621634,-0.32045477628707886,0.30758994817733765,0.444187842995437
855,12,12,2.105186700820923,label_Hqql,label_Hqql,0.999995231628418,0.14784474670886993,-0.03508817031979561,0.1443006992340088,0.14668259024620056,-0.37358319759368896,1.0,1.0,0.0,0.0,0.0,0.0,0.07885274291038513,-0.07174050807952881,5.257890224456787,4.250765323638916,1.9120932817459106,7.027801990509033,6.761243631839434,0.07885274291038513,-0.07174050807952881,0.10660420049885572
855,13,3,1.9334542751312256,label_Hqql,label_Hqql,0.999995231628418,0.9694049954414368,0.7650458812713623,0.9658610224723816,0.9468167424201965,-0.10967451333999634,-1.0,1.0,0.0,0.0,0.0,0.0,-0.07518863677978516,0.15534156560897827,13.471712112426758,17.221193313598633,2.742842197418213,22.04140281677246,21.864503799181907,-0.07518863677978516,0.15534156560897827,0.1725813811123638
855,14,19,1.9141215085983276,label_Hqql,label_Hqql,0.999995231628418,-0.5741312503814697,-0.7735534310340881,-0.5776754021644592,-0.5917825698852539,0.7366469502449036,1.0,1.0,0.0,0.0,0.0,0.0,-0.36488571763038635,0.12016093730926514,1.551045536994934,1.8451331853866577,-0.3984963893890381,2.4471490383148193,2.410447827613578,-0.36488571763038635,0.12016093730926514,0.3841617338904061
855,15,4,1.9101096391677856,label_Hqql,label_Hqql,0.999995231628418,0.7900037169456482,0.5889694094657898,0.7864595651626587,0.7707404494285583,-0.1844114065170288,-1.0,1.0,0.0,0.0,0.0,0.0,-0.049642324447631836,0.14567077159881592,10.554418563842773,13.226363182067871,2.559144973754883,17.13948631286621,16.921360295341195,-0.049642324447631836,0.14567077159881592,0.15389715421267003
855,16,14,1.8585107326507568,label_Hqql,label_Hqql,0.999995231628418,0.14478985965251923,-0.05772336572408676,0.14124588668346405,0.12404756247997284,-0.11923903226852417,0.0,0.0,0.0,1.0,0.0,0.0,-0.05379241704940796,0.16146546602249146,4.115220069885254,5.32748556137085,0.9898543953895569,6.8041863441467285,6.731800548902298,-0.05379241704940796,0.16146546602249146,0.17019024898588572
857,1,0,4.318915367126465,label_Hqql,label_Hqql,0.9999897480010986,2.930711269378662,2.7635498046875,2.9696431159973145,2.9619715213775635,-0.7155295610427856,-1.0,0.0,0.0,0.0,0.0,1.0,-0.017491161823272705,-0.011832714080810547,-356.78057861328125,49.699520111083984,129.98193359375,382.9591979980469,360.22551766206095,-0.017491161823272705,-0.011832714080810547,0.02111761976279819
857,2,1,2.638484001159668,label_Hqql,label_Hqql,0.9999897480010986,1.475814938545227,1.3085705041885376,1.5147467851638794,1.5069924592971802,-0.6060672402381897,-1.0,1.0,0.0,0.0,0.0,0.0,-0.017853915691375732,-0.04507613182067871,-44.411651611328125,7.699146747589111,16.24691390991211,47.91297912597656,45.07406859256102,-0.017853915691375732,-0.04507613182067871,0.04848319260764452
857,3,23,2.5141704082489014,label_Hqql,label_Hqql,0.9999897480010986,-1.12638521194458,-1.304046869277954,-1.0874534845352173,-1.105625033378601,1.9629359245300293,0.0,0.0,0.0,1.0,0.0,0.0,-0.6772332191467285,-0.13589906692504883,-1.0576280355453491,0.28415730595588684,-0.34072282910346985,1.1469151973724365,1.0951358071488768,-0.6772332191467285,-0.13589906692504883,0.6907339498728434
857,4,2,2.4946165084838867,label_Hqql,label_Hqql,0.9999897480010986,1.3525935411453247,1.1852712631225586,1.3915252685546875,1.3836932182312012,-0.5454477071762085,1.0,1.0,0.0,0.0,0.0,0.0,-0.01818704605102539,-0.060983896255493164,-37.1358528137207,7.048060417175293,13.611152648925781,40.17498779296875,37.79876611539696,-0.01818704605102539,-0.060983896255493164,0.06363807230395081
857,5,19,2.4912149906158447,label_Hqql,label_Hqql,0.9999897480010986,-0.6511601805686951,-0.7272118926048279,-0.612228274345398,-0.5287901163101196,1.537710428237915,0.0,0.0,1.0,0.0,0.0,0.0,0.26761871576309204,0.5195534825325012,-1.9946777820587158,-0.826871931552887,1.4744080305099487,2.614638566970825,2.1592722490294456,0.26761871576309204,0.5195534825325012,0.5844275816885585
857,6,12,2.2711021900177,label_Hqql,label_Hqql,0.9999897480010986,-0.23260453343391418,-0.37725830078125,-0.19367265701293945,-0.17883653938770294,-0.45448145270347595,0.0,0.0,0.0,1.0,0.0,0.0,0.06792306900024414,0.05336570739746094,-3.915823221206665,0.2871941030025482,1.7788957357406616,4.3105244636535645,3.92634078405591,0.06792306900024414,0.05336570739746094,0.08637963896916531
857,7,5,2.2544684410095215,label_Hqql,label_Hqql,0.9999897480010986,0.6601382493972778,0.49215009808540344,0.6990702152252197,0.6905720233917236,-0.32138296961784363,0.0,0.0,1.0,0.0,0.0,0.0,-0.02098742127418518,-0.11779928207397461,-13.638450622558594,3.400878667831421,5.019708633422852,14.925507545471191,14.05607737234253,-0.02098742127418518,-0.11779928207397461,0.11965426322903817
857,8,4,2.207540512084961,label_Hqql,label_Hqql,0.9999897480010986,0.8293654322624207,0.6626957058906555,0.8682972192764282,0.8611176609992981,-0.6255638003349304,-1.0,1.0,0.0,0.0,0.0,0.0,-0.015506327152252197,-0.04075908660888672,-17.65009880065918,2.981370449066162,6.496774196624756,19.04316520690918,17.90012730199413,-0.015506327152252197,-0.04075908660888672,0.04360905092917527
857,9,3,2.182366132736206,label_Hqql,label_Hqql,0.9999897480010986,0.9082403779029846,0.7365766167640686,0.947172224521637,0.9349983334541321,-0.5591180324554443,0.0,0.0,0.0,1.0,0.0,0.0,-0.03693684935569763,-0.047562360763549805,-19.732101440429688,3.4712865352630615,6.816523551940918,21.162954330444336,20.035110617745687,-0.03693684935569763,-0.047562360763549805,0.06022050316733963
857,10,21,2.1662628650665283,label_Hqql,label_Hqql,0.9999897480010986,-1.0115623474121094,-1.1144169569015503,-0.9726303815841675,-0.9159952402114868,0.10607010126113892,0.0,0.0,0.0,1.0,0.0,0.0,0.1965845227241516,0.11253762245178223,-1.2902195453643799,0.018114520236849785,0.7722247242927551,1.5037704706192017,1.2903467018920451,0.1965845227241516,0.11253762245178223,0.2265175292152516
857,11,22,2.122048854827881,label_Hqql,label_Hqql,0.9999897480010986,-1.1102803945541382,-1.2350142002105713,-1.0713485479354858,-1.0365924835205078,-0.1739937663078308,0.0,0.0,0.0,1.0,0.0,0.0,0.13273292779922485,-0.08291387557983398,-1.0961233377456665,0.23304656147956848,0.5885739326477051,1.2657867670059204,1.1206235190143703,0.13273292779922485,-0.08291387557983398,0.15650156831745307
857,12,20,2.1078171730041504,label_Hqql,label_Hqql,0.9999897480010986,-0.8360758423805237,-0.9653051495552063,-0.7971440553665161,-0.766883373260498,-0.21471184492111206,0.0,0.0,0.0,1.0,0.0,0.0,0.11875668168067932,0.08548092842102051,-1.6565898656845093,0.06811698526144028,0.8447195291519165,1.860774278640747,1.6579897185355907,0.11875668168067932,0.08548092842102051,0.1463220371903215
857,13,7,2.042788028717041,label_Hqql,label_Hqql,0.9999897480010986,0.3819783627986908,0.22475013136863708,0.42091014981269836,0.42317190766334534,-0.5423086881637573,0.0,0.0,0.0,1.0,0.0,0.0,0.022274374961853027,-0.06044960021972656,-9.282130241394043,1.7565295696258545,3.8109281063079834,10.18658447265625,9.44686921403974,0.022274374961853027,-0.06044960021972656,0.06442283715163429
857,14,15,1.9837144613265991,label_Hqql,label_Hqql,0.9999897480010986,-0.35456544160842896,-0.5373010635375977,-0.31563371419906616,-0.338879257440567,-0.2513931393623352,1.0,1.0,0.0,0.0,0.0,0.0,-0.09304770827293396,0.10076069831848145,-3.2974343299865723,0.08514507114887238,0.9284183979034424,3.4295427799224854,3.2985334383199665,-0.09304770827293396,0.10076069831848145,0.13715172015134572
857,15,18,1.9789807796478271,label_Hqql,label_Hqql,0.9999897480010986,-0.5540957450866699,-0.7207276821136475,-0.5151639580726624,-0.5223056674003601,-0.450256884098053,1.0,1.0,0.0,0.0,0.0,0.0,-0.01939404010772705,-0.08525776863098145,-2.4249913692474365,0.521520733833313,0.8900118470191956,2.6389708518981934,2.480436860059654,-0.01939404010772705,-0.08525776863098145,0.08743578159789098
857,16,8,1.867319107055664,label_Hqql,label_Hqql,0.9999897480010986,0.30703940987586975,0.17098137736320496,0.3459711968898773,0.36940330266952515,-0.3353150486946106,1.0,1.0,0.0,0.0,0.0,0.0,0.09369337558746338,0.06868267059326172,-8.47356128692627,0.49111634492874146,4.086973190307617,9.433424949645996,8.487781579868308,0.09369337558746338,0.06868267059326172,0.11617124372578602
862,1,0,4.312381744384766,label_Hqql,label_Hqql,0.9355071187019348,2.9764184951782227,3.1869239807128906,3.0421764850616455,3.0363264083862305,-0.6773687601089478,1.0,0.0,0.0,0.0,1.0,0.0,-0.006548523902893066,0.029950261116027832,-155.88314819335938,-351.518310546875,586.3217163085938,701.1689453125,384.5317653203726,-0.006548523902893066,0.029950261116027832,0.03065780987326085
862,2,37,2.456260919570923,label_Hqql,label_Hqql,0.9355071187019348,-1.1428254842758179,-0.9672049283981323,-1.0770677328109741,-1.117802619934082,2.3202643394470215,0.0,0.0,0.0,1.0,0.0,0.0,-0.06682181358337402,-0.7771987915039062,-1.0062299966812134,-0.3630301058292389,1.5163928270339966,1.8557308912277222,1.0697147582227062,-0.06682181358337402,-0.7771987915039062,0.7800660973825895
862,3,18,2.448878288269043,label_Hqql,label_Hqql,0.9355071187019348,-0.2592725455760956,-0.042909275740385056,-0.19351443648338318,-0.19350676238536835,-0.7820970416069031,0.0,0.0,0.0,1.0,0.0,0.0,0.0034407377243041992,-0.0028624534606933594,-1.6447045803070068,-3.4029557704925537,5.832102298736572,6.949717998504639,3.779571554080094,0.0034407377243041992,-0.0028624534606933594,0.004475747524390248
862,4,15,2.417743682861328,label_Hqql,label_Hqql,0.9355071187019348,-0.14303071796894073,0.4987548887729645,-0.07727279514074326,0.3481571674346924,2.0386569499969482,-1.0,1.0,0.0,0.0,0.0,0.0,0.6722792387008667,0.22729706764221191,-0.974040150642395,-4.354722499847412,14.39036750793457,15.067000389099121,4.462327001211448,0.6722792387008667,0.22729706764221191,0.7096642387403815
862,5,9,2.4081807136535645,label_Hqql,label_Hqql,0.9355071187019348,0.12652868032455444,0.335601806640625,0.19228677451610565,0.18500423431396484,-0.6660504341125488,0.0,0.0,0.0,1.0,0.0,0.0,-0.008997082710266113,0.032256126403808594,-2.644864082336426,-6.001503944396973,9.97087287902832,11.934473991394043,6.558456800852295,-0.008997082710266113,0.032256126403808594,0.03348738848990538
862,6,38,2.3399362564086914,label_Hqql,label_Hqql,0.9355071187019348,-1.205857276916504,-1.0398365259170532,-1.1400991678237915,-1.1904340982437134,-0.403033047914505,0.0,0.0,0.0,1.0,0.0,0.0,-0.0836632251739502,0.05337965488433838,-0.37525928020477295,-0.9027098417282104,1.3574492931365967,1.6728339195251465,0.9776014452386899,-0.0836632251739502,0.05337965488433838,0.0992417392132875
862,7,23,2.32505464553833,label_Hqql,label_Hqql,0.9355071187019348,-0.4007588326931,-0.16956987977027893,-0.33500099182128906,-0.32016754150390625,-0.6852471828460693,0.0,0.0,0.0,1.0,0.0,0.0,0.02856922149658203,-0.0026102066040039062,-1.3430126905441284,-2.780534029006958,4.908989906311035,5.799416542053223,3.0878880441862275,0.02856922149658203,-0.0026102066040039062,0.028688213528143408
862,8,35,2.2955212593078613,label_Hqql,label_Hqql,0.9355071187019348,-1.0341025590896606,-0.4142870008945465,-0.9683445692062378,-0.5648844242095947,2.0077264308929443,-1.0,1.0,0.0,0.0,0.0,0.0,0.638800859451294,-0.29093194007873535,-0.8409082293510437,-0.9241328239440918,3.890326976776123,4.088431358337402,1.249459133577881,0.638800859451294,-0.29093194007873535,0.7019315720165953
862,9,39,2.2281126976013184,label_Hqql,label_Hqql,0.9355071187019348,-1.280509114265442,-1.072652816772461,-1.214751124382019,-1.2232506275177002,1.7180607318878174,-1.0,1.0,0.0,0.0,0.0,0.0,-0.015679001808166504,-0.6293199062347412,-0.7736027240753174,-0.4167405068874359,1.3252573013305664,1.59622061252594,0.8787114570651442,-0.015679001808166504,-0.6293199062347412,0.6295151908262452
862,10,31,2.2210898399353027,label_Hqql,label_Hqql,0.9355071187019348,-0.9133389592170715,-0.6596713066101074,-0.847581148147583,-0.8102688789367676,-0.5346841812133789,0.0,0.0,0.0,1.0,0.0,0.0,0.06627333164215088,-0.0027158260345458984,-0.6458917856216431,-1.3368748426437378,2.4671926498413086,2.8794877529144287,1.484725746940233,0.06627333164215088,-0.0027158260345458984,0.06632895444676054
862,11,27,2.214970588684082,label_Hqql,label_Hqql,0.9355071187019348,-0.764509379863739,-0.5432277321815491,-0.6987512707710266,-0.6938253045082092,-0.4979586601257324,1.0,1.0,0.0,0.0,0.0,0.0,0.010799407958984375,0.07473409175872803,-0.6685706377029419,-1.7104458808898926,2.858703374862671,3.4006288051605225,1.8364672088147174,0.010799407958984375,0.07473409175872803,0.07551034156502376
862,12,30,2.1115918159484863,label_Hqql,label_Hqql,0.9355071187019348,-0.846059262752533,-0.6794940829277039,-0.7803012132644653,-0.8300917744636536,1.8040375709533691,0.0,0.0,0.0,1.0,0.0,0.0,-0.08270490169525146,-0.6457345485687256,-1.451526403427124,-0.7514647245407104,2.2722837924957275,2.7990894317626953,1.6345115882351915,-0.08270490169525146,-0.6457345485687256,0.6510093762609545
862,13,25,2.059459686279297,label_Hqql,label_Hqql,0.9355071187019348,-0.6297693848609924,-0.07263258844614029,-0.5640115737915039,-0.22323007881641388,1.7371432781219482,0.0,0.0,0.0,1.0,0.0,0.0,0.5449076890945435,-0.3246445655822754,-1.5529718399047852,-1.5951725244522095,6.2777323722839355,6.660797119140625,2.226274223518857,0.5449076890945435,-0.3246445655822754,0.6342858059238438
862,14,12,2.0446672439575195,label_Hqql,label_Hqql,0.9355071187019348,0.06547880172729492,0.2654246389865875,0.1312369853258133,0.11482705920934677,-0.5788754224777222,-1.0,1.0,0.0,0.0,0.0,0.0,-0.025908708572387695,-0.04883384704589844,-2.861529588699341,-5.285845756530762,8.954438209533691,10.796026229858398,6.010700204538243,-0.025908708572387695,-0.04883384704589844,0.055281152278069595
862,15,32,2.002169370651245,label_Hqql,label_Hqql,0.9355071187019348,-0.923300564289093,-0.35302767157554626,-0.8575426340103149,-0.5036253333091736,1.4777400493621826,0.0,0.0,1.0,0.0,0.0,0.0,0.5647954940795898,-0.07254147529602051,-0.7271680235862732,-1.2703465223312378,4.2154459953308105,4.46234655380249,1.4637464334116879,0.5647954940795898,-0.07254147529602051,0.5694349969669331
862,16,33,1.9791463613510132,label_Hqql,label_Hqql,0.9355071187019348,-0.94317626953125,-0.8143870234489441,-0.8774182796478271,-0.9649847149848938,-0.16994726657867432,0.0,0.0,0.0,1.0,0.0,0.0,-0.15017342567443848,-0.04752206802368164,-0.6756997108459473,-1.2520794868469238,1.817914605140686,2.308481454849243,1.422769531800619,-0.15017342567443848,-0.04752206802368164,0.15751318906061015
863,1,0,4.543761730194092,label_Hqql,label_Hqql,0.9997943043708801,2.9684457778930664,2.93098783493042,3.0181338787078857,3.0114126205444336,-0.5582433938980103,-1.0,0.0,0.0,0.0,1.0,0.0,-0.009696125984191895,-0.05965632200241089,343.175537109375,163.60057067871094,303.47174072265625,486.44598388671875,380.17705874593213,-0.009696125984191895,-0.05965632200241089,0.06043915629752499
863,2,2,2.6311326026916504,label_Hqql,label_Hqql,0.9997943043708801,1.1640139818191528,1.1427711248397827,1.213701605796814,1.2231956720352173,-0.6374825835227966,0.0,0.0,0.0,1.0,0.0,0.0,0.026793062686920166,0.030543029308319092,24.83698844909668,14.721558570861816,24.410484313964844,37.8083610534668,28.872136775373534,0.026793062686920166,0.030543029308319092,0.040629359427316505
863,3,1,2.5892975330352783,label_Hqql,label_Hqql,0.9997943043708801,1.192834496498108,1.1735666990280151,1.2425223588943481,1.2539911270141602,-0.5819485783576965,0.0,0.0,0.0,1.0,0.0,0.0,0.03115403652191162,0.044733405113220215,25.660648345947266,15.706035614013672,25.60855484008789,39.50881576538086,30.085684772712618,0.03115403652191162,0.044733405113220215,0.05451285650772742
863,4,19,2.4643731117248535,label_Hqql,label_Hqql,0.9997943043708801,-1.1347328424453735,-1.1319334506988525,-1.0850448608398438,-1.0515090227127075,-0.029477179050445557,0.0,0.0,0.0,1.0,0.0,0.0,0.0787956714630127,0.17577779293060303,0.8412562012672424,0.6806942224502563,0.9898899793624878,1.466607928276062,1.0821536954831095,0.0787956714630127,0.17577779293060303,0.19263070972423113
863,5,17,2.4061737060546875,label_Hqql,label_Hqql,0.9997943043708801,-0.663483738899231,-0.6457223892211914,-0.613796055316925,-0.5652979612350464,-0.174582839012146,0.0,0.0,0.0,1.0,0.0,0.0,0.11007446050643921,0.11104178428649902,1.732181191444397,1.22502863407135,2.0316059589385986,2.9374427795410156,2.1215906377735663,0.11007446050643921,0.11104178428649902,0.15635429227658904
863,6,7,2.309938669204712,label_Hqql,label_Hqql,0.9997943043708801,0.4090692698955536,0.39683201909065247,0.4587571620941162,0.47725656628608704,-0.5196266174316406,-1.0,1.0,0.0,0.0,0.0,0.0,0.046456992626190186,0.052486419677734375,8.335362434387207,5.191059589385986,8.556676864624023,13.025420188903809,9.819641876013078,0.046456992626190186,0.052486419677734375,0.07009334072832563
863,7,6,2.2972917556762695,label_Hqql,label_Hqql,0.9997943043708801,0.42131203413009644,0.4139226973056793,0.47099974751472473,0.49434709548950195,-0.5086015462875366,1.0,1.0,0.0,0.0,0.0,0.0,0.05695539712905884,0.04542189836502075,8.519535064697266,5.222592353820801,8.847280502319336,13.347352027893066,9.99289490652202,0.05695539712905884,0.04542189836502075,0.072849612992871
863,8,18,2.2499969005584717,label_Hqql,label_Hqql,0.9997943043708801,-0.7481723427772522,-0.7227950692176819,-0.6984845995903015,-0.6423705220222473,-0.2862231135368347,0.0,0.0,0.0,1.0,0.0,0.0,0.12571382522583008,-0.026342958211898804,1.6689882278442383,0.8650122284889221,1.8410277366638184,2.631188154220581,1.8798318701729744,0.12571382522583008,-0.026342958211898804,0.12844421863308755
863,9,8,2.196101665496826,label_Hqql,label_Hqql,0.9997943043708801,0.4069463908672333,0.4153858423233032,0.4566342830657959,0.4958104193210602,-0.43728891015052795,0.0,0.0,1.0,0.0,0.0,0.0,0.09067678451538086,-0.0004239678382873535,8.572195053100586,4.728611469268799,9.113500595092773,13.375282287597656,9.789907785863083,0.09067678451538086,-0.0004239678382873535,0.0906777756607247
863,10,15,2.110685110092163,label_Hqql,label_Hqql,0.9997943043708801,-0.24323436617851257,-0.20960985124111176,-0.19354648888111115,-0.1291855275630951,-0.21962761878967285,0.0,0.0,0.0,1.0,0.0,0.0,0.14245110750198364,0.027562439441680908,3.332557439804077,1.9618983268737793,3.8784711360931396,5.476999282836914,3.867167456237658,0.14245110750198364,0.027562439441680908,0.1450930945859176
863,11,13,1.9893243312835693,label_Hqql,label_Hqql,0.9997943043708801,-0.05619821324944496,-0.07424760609865189,-0.006510496139526367,0.00617671012878418,-0.007861137390136719,0.0,0.0,0.0,1.0,0.0,0.0,0.03383636474609375,0.19512265920639038,3.864912509918213,3.252955675125122,4.317718982696533,6.645447254180908,5.051660057213969,0.03383636474609375,0.19512265920639038,0.19803472350828744
863,12,16,1.9475345611572266,label_Hqql,label_Hqql,0.9997943043708801,-0.46472349762916565,-0.5125280618667603,-0.41503551602363586,-0.4321036636829376,0.09342700242996216,0.0,0.0,0.0,1.0,0.0,0.0,-0.03367340564727783,0.2208038568496704,2.1088545322418213,1.8695342540740967,2.163795232772827,3.5530879497528076,2.818230963798613,-0.03367340564727783,0.2208038568496704,0.22335675823125628
863,13,3,1.8812780380249023,label_Hqql,label_Hqql,0.9997943043708801,0.9381648302078247,0.8866424560546875,0.9878525137901306,0.9670668244361877,-0.025129497051239014,0.0,0.0,0.0,1.0,0.0,0.0,-0.04243457317352295,0.18901276588439941,16.079872131347656,13.366854667663574,15.824158668518066,26.22287368774414,20.910167179315675,-0.04243457317352295,0.18901276588439941,0.1937176261151521
863,14,14,1.8794441223144531,label_Hqql,label_Hqql,0.9997943043708801,-0.10340581834316254,-0.13038398325443268,-0.05371818318963051,-0.049959421157836914,-0.021540522575378418,-1.0,1.0,0.0,0.0,0.0,0.0,0.013622641563415527,0.19413751363754272,3.6158533096313477,3.0372509956359863,3.9113829135894775,6.133326053619385,4.722212274693267,0.013622641563415527,0.19413751363754272,0.19461487755187779
863,15,4,1.8691859245300293,label_Hqql,label_Hqql,0.9997943043708801,0.6180423498153687,0.5788928866386414,0.6677300333976746,0.6593173146247864,0.3727903962135315,1.0,1.0,0.0,0.0,0.0,0.0,-0.013632118701934814,0.2928805351257324,9.246129989624023,9.470629692077637,10.498661041259766,16.894529342651367,13.23569970003427,-0.013632118701934814,0.2928805351257324,0.29319761683178636
863,16,9,1.837708830833435,label_Hqql,label_Hqql,0.9997943043708801,0.27090656757354736,0.22038604319095612,0.32059445977211,0.3008106052875519,0.40451735258102417,-1.0,1.0,0.0,0.0,0.0,0.0,-0.040222764015197754,0.2984309196472168,5.598955154418945,5.79894495010376,6.122513294219971,10.123275756835938,8.060772999875903,-0.040222764015197754,0.2984309196472168,0.3011293485306702
868,1,0,4.142239093780518,label_Hqql,label_Hqql,0.9983516931533813,2.7746899127960205,2.6885969638824463,2.843515634536743,2.8560218811035156,-0.44768449664115906,-1.0,0.0,0.0,0.0,0.0,1.0,0.05107635259628296,0.07175719738006592,44.90336227416992,-284.7352294921875,-187.8710174560547,344.0726318359375,288.25416364294557,0.05107635259628296,0.07175719738006592,0.08807888038787483
868,2,19,2.840566873550415,label_Hqql,label_Hqql,0.9983516931533813,-1.2715905904769897,-1.3440959453582764,-1.202764868736267,-1.1766711473464966,2.3172690868377686,0.0,0.0,0.0,1.0,0.0,0.0,0.08585786819458008,-0.7745733261108398,-0.5664471387863159,-0.6864396929740906,-0.6173550486564636,1.0831384658813477,0.889978546443434,0.08585786819458008,-0.7745733261108398,0.7793172723950929
868,3,1,2.5431554317474365,label_Hqql,label_Hqql,0.9983516931533813,2.146409034729004,1.9950006008148193,2.2152349948883057,2.1624255180358887,-0.16944706439971924,0.0,0.0,0.0,1.0,0.0,0.0,-0.1467370092868805,-0.057602643966674805,3.1780307292938232,-117.44060516357422,-50.15216064453125,127.7405014038086,117.48359724022274,-0.1467370092868805,-0.057602643966674805,0.1576382392898676
868,4,15,2.2768354415893555,label_Hqql,label_Hqql,0.9983516931533813,-0.43689098954200745,-0.5310038924217224,-0.36806514859199524,-0.36357906460762024,-0.03915649652481079,1.0,1.0,0.0,0.0,0.0,0.0,0.028265416622161865,-0.18809902667999268,-0.30280810594558716,-2.91686749458313,-1.8319416046142578,3.4605343341827393,2.9325430482743164,0.028265416622161865,-0.18809902667999268,0.19021087669948053
868,5,17,2.1931283473968506,label_Hqql,label_Hqql,0.9983516931533813,-0.647661566734314,-0.588452935218811,-0.578835666179657,-0.4210283160209656,0.8131716847419739,0.0,0.0,1.0,0.0,0.0,0.0,0.3725482225418091,0.15444421768188477,0.5139411687850952,-2.1083548069000244,-2.335212230682373,3.1878695487976074,2.170091130978289,0.3725482225418091,0.15444421768188477,0.4032929388105261
868,6,13,2.192582368850708,label_Hqql,label_Hqql,0.9983516931533813,-0.29241064190864563,-0.4579247832298279,-0.22358489036560059,-0.2904999554157257,0.4402005076408386,-1.0,1.0,0.0,0.0,0.0,0.0,-0.2032330334186554,-0.23415255546569824,-0.5368995070457458,-3.564608335494995,-1.3197475671768188,3.841341733932495,3.6048153442508486,-0.2032330334186554,-0.23415255546569824,0.3100501332102039
868,7,12,2.113358974456787,label_Hqql,label_Hqql,0.9983516931533813,-0.04254978895187378,-0.2468346655368805,0.026275968179106712,-0.07940969616174698,1.0916025638580322,1.0,1.0,0.0,0.0,0.0,0.0,-0.4365312159061432,0.18186676502227783,1.3566992282867432,-4.969248294830322,-0.6460222005844116,5.193350315093994,5.151122344859216,-0.4365312159061432,0.18186676502227783,0.47290064778996044
868,8,4,1.9524365663528442,label_Hqql,label_Hqql,0.9983516931533813,0.650374174118042,0.503578245639801,0.7192000150680542,0.6710031628608704,-0.177740216255188,-1.0,1.0,0.0,0.0,0.0,0.0,-0.1303493082523346,-0.08490884304046631,-0.003493789117783308,-13.861373901367188,-6.165027141571045,15.171180725097656,13.861374341675713,-0.1303493082523346,-0.08490884304046631,0.1555649503851452
868,9,10,1.9354989528656006,label_Hqql,label_Hqql,0.9983516931533813,0.197612002491951,0.060185790061950684,0.26643767952919006,0.22761067748069763,-0.28224295377731323,0.0,0.0,0.0,1.0,0.0,0.0,-0.09835001826286316,-0.08415341377258301,0.003654236439615488,-7.2594404220581055,-3.4846646785736084,8.05247688293457,7.259441341787611,-0.09835001826286316,-0.08415341377258301,0.1294392642975271
868,10,5,1.90150785446167,label_Hqql,label_Hqql,0.9983516931533813,0.637047290802002,0.6290427446365356,0.7058731317520142,0.796467661857605,0.25311845541000366,-1.0,1.0,0.0,0.0,0.0,0.0,0.23503589630126953,-0.11863505840301514,-0.4620145559310913,-13.592122077941895,-12.01743221282959,18.149309158325195,13.599972059955405,0.23503589630126953,-0.11863505840301514,0.2632796035252787
868,11,9,1.8982442617416382,label_Hqql,label_Hqql,0.9983516931533813,0.3882603943347931,0.24625496566295624,0.4570862352848053,0.41367968916893005,-0.20555639266967773,0.0,0.0,0.0,1.0,0.0,0.0,-0.1136886477470398,-0.09570837020874023,-0.1053418442606926,-9.531448364257812,-4.413900375366211,10.504384994506836,9.53203046704453,-0.1136886477470398,-0.09570837020874023,0.14861090388852283
868,12,16,1.8776627779006958,label_Hqql,label_Hqql,0.9983516931533813,-0.5810081958770752,-0.6033592820167542,-0.5121822953224182,-0.43593454360961914,0.09038704633712769,0.0,0.0,0.0,1.0,0.0,0.0,0.20370709896087646,-0.08973705768585205,-0.012125950306653976,-2.386852264404297,-2.010366678237915,3.1207025051116943,2.386883066001089,0.20370709896087646,-0.08973705768585205,0.22259676926939045
868,13,8,1.8752307891845703,label_Hqql,label_Hqql,0.9983516931533813,0.40239521861076355,0.41228213906288147,0.47122105956077576,0.5797070264816284,0.40052086114883423,0.0,0.0,0.0,1.0,0.0,0.0,0.2730773091316223,-0.12452685832977295,-0.3876919746398926,-9.718732833862305,-9.094761848449707,13.316109657287598,9.726462510244586,0.2730773091316223,-0.12452685832977295,0.3001302304134839
868,14,7,1.8716762065887451,label_Hqql,label_Hqql,0.9983516931533813,0.4342854619026184,0.4290330111980438,0.5031113028526306,0.5964578986167908,0.40922921895980835,0.0,0.0,0.0,1.0,0.0,0.0,0.2410030961036682,-0.1825026273727417,-0.9944649934768677,-10.131134986877441,-9.076489448547363,13.638604164123535,10.179825968334779,0.2410030961036682,-0.1825026273727417,0.3023072961896681
868,15,3,1.8688615560531616,label_Hqql,label_Hqql,0.9983516931533813,0.8025280237197876,0.6499704718589783,0.8713538646697998,0.8173953890800476,-0.11871707439422607,0.0,0.0,0.0,1.0,0.0,0.0,-0.15093722939491272,-0.07891201972961426,0.09896371513605118,-17.2265567779541,-7.275297164916992,18.70010757446289,17.226841040683865,-0.15093722939491272,-0.07891201972961426,0.1703207388288917
868,16,18,1.8663899898529053,label_Hqql,label_Hqql,0.9983516931533813,-1.0288496017456055,-1.0203831195831299,-0.9600236415863037,-0.852958083152771,0.4366987347602844,0.0,0.0,0.0,1.0,0.0,0.0,0.27010244131088257,-0.1504448652267456,-0.08275894820690155,-1.2561473846435547,-1.1719894409179688,1.7199751138687134,1.258870642860161,0.27010244131088257,-0.1504448652267456,0.30917468569595474
871,1,0,4.207935333251953,label_Hqql,label_Hqql,0.9998352527618408,2.9028213024139404,2.8600707054138184,2.8291425704956055,2.827287197113037,-0.776498556137085,-1.0,0.0,0.0,0.0,0.0,1.0,0.0005852580070495605,0.005846142768859863,24.264982223510742,-345.30389404296875,270.9341735839844,439.5780944824219,346.1554110562842,0.0005852580070495605,0.005846142768859863,0.005875364857496774
871,2,1,2.765261650085449,label_Hqql,label_Hqql,0.9998352527618408,1.8535535335540771,1.7926241159439087,1.7798746824264526,1.7598406076431274,-0.5512851476669312,0.0,0.0,1.0,0.0,0.0,0.0,-0.042499661445617676,-0.0453869104385376,1.4630115032196045,-77.30470275878906,56.34138870239258,95.66874694824219,77.31854545504126,-0.042499661445617676,-0.0453869104385376,0.06217871711564942
871,3,26,2.7226452827453613,label_Hqql,label_Hqql,0.9998352527618408,-1.2283068895339966,-0.9720582962036133,-1.301985740661621,-1.004841685295105,2.274044990539551,1.0,1.0,0.0,0.0,0.0,0.0,0.563679039478302,-0.5223748683929443,-0.418663889169693,-0.8491461277008057,1.5749619007110596,1.8429088592529297,0.9467463220335033,0.563679039478302,-0.5223748683929443,0.7685112638574187
871,4,2,2.4072186946868896,label_Hqql,label_Hqql,0.9998352527618408,1.6021370887756348,1.5338244438171387,1.5284582376480103,1.501041054725647,-0.5113338232040405,-1.0,1.0,0.0,0.0,0.0,0.0,-0.06064045429229736,-0.03912472724914551,1.3595616817474365,-53.971187591552734,38.135414123535156,66.1006088256836,53.988308901178335,-0.06064045429229736,-0.03912472724914551,0.07216653642164236
871,5,24,2.329927921295166,label_Hqql,label_Hqql,0.9998352527618408,-1.078198790550232,-1.1345494985580444,-1.151877760887146,-1.1673331260681152,-0.48496413230895996,0.0,0.0,0.0,1.0,0.0,0.0,-0.0314599871635437,0.07220280170440674,0.15965668857097626,-1.162263035774231,0.8709626793861389,1.461137056350708,1.173177575021182,-0.0314599871635437,0.07220280170440674,0.07875897006878782
871,6,16,2.3078808784484863,label_Hqql,label_Hqql,0.9998352527618408,-0.41547277569770813,-0.47996434569358826,-0.4891517162322998,-0.5127477049827576,-0.5849969983100891,0.0,0.0,0.0,1.0,0.0,0.0,-0.05118227005004883,-0.01641702651977539,0.14475636184215546,-3.020191192626953,2.1709136962890625,3.722280979156494,3.023658255212582,-0.05118227005004883,-0.01641702651977539,0.053750753736362934
871,7,10,2.249333620071411,label_Hqql,label_Hqql,0.9998352527618408,0.4247949421405792,0.3810234069824219,0.3511161804199219,0.348239928483963,-0.6509613990783691,-1.0,1.0,0.0,0.0,0.0,0.0,-0.0018813014030456543,0.03721213340759277,1.0178091526031494,-9.991031646728516,7.828971862792969,12.734556198120117,10.042741101763674,-0.0018813014030456543,0.03721213340759277,0.037259658717084136
871,8,3,2.148306369781494,label_Hqql,label_Hqql,0.9998352527618408,1.188575029373169,1.1246758699417114,1.1148961782455444,1.0918924808502197,-0.5827460885047913,1.0,1.0,0.0,0.0,0.0,0.0,-0.049745023250579834,-0.02180337905883789,1.2706973552703857,-29.876161575317383,21.522686004638672,36.84352493286133,29.903172110048157,-0.049745023250579834,-0.02180337905883789,0.054313485218535726
871,9,18,2.133732318878174,label_Hqql,label_Hqql,0.9998352527618408,-0.45278680324554443,-0.5350707173347473,-0.526465654373169,-0.567854106426239,-0.4001849889755249,0.0,0.0,0.0,1.0,0.0,0.0,-0.09591549634933472,0.028124213218688965,0.26460379362106323,-2.8544626235961914,1.9023628234863281,3.440487861633301,2.866700548907456,-0.09591549634933472,0.028124213218688965,0.09995375835409852
871,10,20,2.1233644485473633,label_Hqql,label_Hqql,0.9998352527618408,-0.525093674659729,-0.603503942489624,-0.5987727046012878,-0.6362875699996948,-0.4074704647064209,0.0,0.0,0.0,1.0,0.0,0.0,-0.08596932888031006,-0.04732060432434082,0.043921422213315964,-2.5849905014038086,1.746612310409546,3.1200575828552246,2.5853636076337803,-0.08596932888031006,-0.04732060432434082,0.0981323855908524
871,11,22,2.1193976402282715,label_Hqql,label_Hqql,0.9998352527618408,-0.7002935409545898,-0.8267460465431213,-0.7739726305007935,-0.8595296740531921,1.6426112651824951,0.0,0.0,0.0,1.0,0.0,0.0,-0.220162034034729,-0.5695836544036865,-0.9743422865867615,-1.7613794803619385,1.0451757907867432,2.2680811882019043,2.0129084840775078,-0.220162034034729,-0.5695836544036865,0.6106528151037768
871,12,7,2.1043965816497803,label_Hqql,label_Hqql,0.9998352527618408,0.812552273273468,0.7484433650970459,0.7388733625411987,0.7156599164009094,-0.5938519835472107,-1.0,1.0,0.0,0.0,0.0,0.0,-0.05028170347213745,-0.011305451393127441,0.9258357882499695,-17.450769424438477,12.566230773925781,21.5247802734375,17.47531188310301,-0.05028170347213745,-0.011305451393127441,0.051537005493745236
871,13,13,2.0631351470947266,label_Hqql,label_Hqql,0.9998352527618408,-0.22830654680728912,-0.2650408446788788,-0.3019855320453644,-0.2978242337703705,-0.47558286786079407,0.0,0.0,0.0,1.0,0.0,0.0,0.01443403959274292,0.07980954647064209,0.5673782825469971,-3.909566640853882,3.1618289947509766,5.060019016265869,3.9505226786823395,0.01443403959274292,0.07980954647064209,0.08110428599534336
871,14,4,2.0525596141815186,label_Hqql,label_Hqql,0.9998352527618408,0.9943253397941589,0.9305405020713806,0.9206463694572449,0.8977569937705994,-0.566832959651947,1.0,1.0,0.0,0.0,0.0,0.0,-0.04947441816329956,-0.030825495719909668,0.7585115432739258,-22.644207000732422,16.31477165222168,27.920005798339844,22.656907345295362,-0.04947441816329956,-0.030825495719909668,0.0582917596146762
871,15,21,2.005516529083252,label_Hqql,label_Hqql,0.9998352527618408,-0.6724513173103333,-0.7542861104011536,-0.7461302280426025,-0.7870697379112244,-0.2771521806716919,0.0,0.0,0.0,1.0,0.0,0.0,-0.09475600719451904,0.09003841876983643,0.3220134973526001,-2.0696840286254883,1.3928968906402588,2.515441656112671,2.0945846057929205,-0.09475600719451904,0.09003841876983643,0.13071196484645228
871,16,9,1.9963892698287964,label_Hqql,label_Hqql,0.9998352527618408,0.5425109267234802,0.4686105251312256,0.4688318073749542,0.4358270466327667,-0.4612336754798889,0.0,0.0,0.0,1.0,0.0,0.0,-0.0745401382446289,-0.04020488262176514,0.2863856256008148,-11.878440856933594,8.191548347473145,14.431938171386719,11.881892690906616,-0.0745401382446289,-0.04020488262176514,0.08469158633629613
872,1,0,4.2137451171875,label_Hqql,label_Hqql,0.9944373369216919,2.6942574977874756,2.571363925933838,2.784080982208252,2.7600271701812744,-0.4620714783668518,-1.0,0.0,0.0,0.0,1.0,0.0,-0.03697657585144043,0.07596027851104736,254.89468383789062,-32.551761627197266,-136.59869384765625,291.0156555175781,256.9648167237143,-0.03697657585144043,0.07596027851104736,0.08448213463906562
872,2,26,2.692488670349121,label_Hqql,label_Hqql,0.9944373369216919,-0.9304454922676086,-1.0649198293685913,-0.8406220078468323,-0.8762563467025757,-0.3915829360485077,0.0,0.0,0.0,1.0,0.0,0.0,-0.07333287596702576,0.07104626297950745,1.4362902641296387,-0.19060152769088745,-0.7110438942909241,1.6139522790908813,1.44888186723131,-0.07333287596702576,0.07104626297950745,0.10210427112001003
872,3,23,2.5932257175445557,label_Hqql,label_Hqql,0.9944373369216919,-0.18160328269004822,-0.30517327785491943,-0.09177980571985245,-0.11651001125574112,-0.640916109085083,0.0,0.0,0.0,1.0,0.0,0.0,-0.03903931379318237,0.007593601942062378,4.142735481262207,-0.8198918104171753,-2.2350707054138184,4.778077125549316,4.223088898957488,-0.03903931379318237,0.007593601942062378,0.03977097951895393
872,4,2,2.5059170722961426,label_Hqql,label_Hqql,0.9944373369216919,1.241428256034851,1.1080464124679565,1.3312517404556274,1.2967095375061035,-0.5183308720588684,-1.0,1.0,0.0,0.0,0.0,0.0,-0.06981924176216125,-0.009157896041870117,31.525508880615234,-6.789897918701172,-15.952341079711914,35.97856521606445,32.24841738641034,-0.06981924176216125,-0.009157896041870117,0.07041728182880125
872,5,27,2.467072010040283,label_Hqql,label_Hqql,0.9944373369216919,-1.1971895694732666,-1.4061074256896973,-1.1073660850524902,-1.2174440622329712,1.6202337741851807,0.0,0.0,0.0,1.0,0.0,0.0,-0.6018789410591125,0.061947137117385864,0.9799545407295227,-0.1391289085149765,0.055079832673072815,0.9913130402565002,0.9897816704106913,-0.6018789410591125,0.061947137117385864,0.6050584331182228
872,6,13,2.4634242057800293,label_Hqql,label_Hqql,0.9944373369216919,0.09019899368286133,-0.038858700543642044,0.1800224781036377,0.14980448782444,-0.5179226398468018,1.0,1.0,0.0,0.0,0.0,0.0,-0.05648002028465271,0.04222540557384491,6.146475315093994,-0.9966708421707153,-3.1731371879577637,6.990049362182617,6.226757709008204,-0.05648002028465271,0.04222540557384491,0.07051934179521584
872,7,3,2.4617345333099365,label_Hqql,label_Hqql,0.9944373369216919,1.0665611028671265,0.9344821572303772,1.1563845872879028,1.1231454610824585,-0.5356737375259399,-1.0,1.0,0.0,0.0,0.0,0.0,-0.06564795970916748,0.007557719945907593,24.641727447509766,-4.877780914306641,-12.543065071105957,28.077667236328125,25.119862225842926,-0.06564795970916748,0.007557719945907593,0.0660815688733042
872,8,16,2.4445013999938965,label_Hqql,label_Hqql,0.9944373369216919,-0.03141835704445839,-0.15519005060195923,0.058405209332704544,0.03347339481115341,-0.6302443146705627,1.0,1.0,0.0,0.0,0.0,0.0,-0.04025077819824219,0.013451293110847473,5.13997220993042,-0.9860038757324219,-2.7627604007720947,5.919784069061279,5.2336906635582086,-0.04025077819824219,0.013451293110847473,0.042438925904386665
872,9,5,2.4012529850006104,label_Hqql,label_Hqql,0.9944373369216919,0.7617695927619934,0.6312941312789917,0.8515930771827698,0.8199574947357178,-0.5338544845581055,-1.0,1.0,0.0,0.0,0.0,0.0,-0.06058162450790405,0.027512848377227783,16.00287628173828,-2.8371474742889404,-8.207441329956055,18.207775115966797,16.25242920549066,-0.06058162450790405,0.027512848377227783,0.06653638143034987
872,10,1,2.353057622909546,label_Hqql,label_Hqql,0.9944373369216919,1.2894841432571411,1.2658922672271729,1.3793076276779175,1.454555630683899,0.3326207995414734,-1.0,1.0,0.0,0.0,0.0,0.0,0.2163042426109314,-0.18272751569747925,32.002506256103516,-12.994467735290527,-28.96695327758789,45.07904815673828,34.54007235654626,0.2163042426109314,-0.18272751569747925,0.28315520543415973
872,11,15,2.350983142852783,label_Hqql,label_Hqql,0.9944373369216919,-0.028933823108673096,-0.15946342051029205,0.06088957563042641,0.029199933633208275,-0.5571817755699158,0.0,0.0,0.0,1.0,0.0,0.0,-0.06068766117095947,-0.0014324039220809937,5.14294958114624,-1.0661710500717163,-2.651776075363159,5.883754730224609,5.252299601338762,-0.06068766117095947,-0.0014324039220809937,0.060704563250197054
872,12,10,2.330631732940674,label_Hqql,label_Hqql,0.9944373369216919,0.44826844334602356,0.31891515851020813,0.5380917191505432,0.5075785517692566,-0.5510911345481873,0.0,0.0,0.0,1.0,0.0,0.0,-0.05697110295295715,0.02503037452697754,10.221222877502441,-1.8383020162582397,-5.286552429199219,11.653342247009277,10.385217928120642,-0.05697110295295715,0.02503037452697754,0.06222721446953262
872,13,19,2.315978765487671,label_Hqql,label_Hqql,0.9944373369216919,-0.13859428465366364,-0.22928018867969513,-0.048770807683467865,-0.04061708226799965,-0.4909113049507141,-1.0,1.0,0.0,0.0,0.0,0.0,0.046250879764556885,-0.06190189719200134,4.334078788757324,-1.1756412982940674,-2.819225788116455,5.325234889984131,4.490698320908533,0.046250879764556885,-0.06190189719200134,0.07727217322532479
872,14,28,2.304036855697632,label_Hqql,label_Hqql,0.9944373369216919,-1.1978158950805664,-1.2176002264022827,-1.1079922914505005,-1.028936743736267,0.3410959839820862,0.0,0.0,0.0,1.0,0.0,0.0,0.22474414110183716,-0.17570239305496216,0.9188358783721924,-0.3655910789966583,-0.8402581810951233,1.2976709604263306,0.9888964599117236,0.22474414110183716,-0.17570239305496216,0.28527400842846323
872,15,21,2.3007726669311523,label_Hqql,label_Hqql,0.9944373369216919,-0.15843220055103302,-0.24909214675426483,-0.06860870867967606,-0.060428619384765625,-0.5110297203063965,1.0,1.0,0.0,0.0,0.0,0.0,0.05371636152267456,-0.04830673336982727,4.228122711181641,-1.085411548614502,-2.779005765914917,5.176629066467285,4.365219340500053,0.05371636152267456,-0.04830673336982727,0.07224256352108677
872,16,9,2.2817022800445557,label_Hqql,label_Hqql,0.9944373369216919,0.5068029761314392,0.3813408315181732,0.5966264605522156,0.5700041651725769,-0.603704035282135,1.0,1.0,0.0,0.0,0.0,0.0,-0.0449756383895874,-0.019632846117019653,11.012365341186523,-2.492802619934082,-5.900023937225342,12.740330696105957,11.290981149117043,-0.0449756383895874,-0.019632846117019653,0.049073992044722646
873,1,0,4.200157642364502,label_Hqql,label_Hqql,0.9917801022529602,3.159376621246338,2.949664354324341,2.9604201316833496,2.959506034851074,-0.7228779792785645,-1.0,0.0,0.0,0.0,1.0,0.0,0.0172044076025486,0.008703231811523438,-317.119140625,385.78472900390625,-14.318610191345215,499.5992736816406,499.3940392949799,0.0172044076025486,0.008703231811523438,0.019280505307686973
873,2,3,2.6336236000061035,label_Hqql,label_Hqql,0.9917801022529602,1.245845079421997,1.0361915826797485,1.0468885898590088,1.0460329055786133,-0.7089377641677856,0.0,0.0,1.0,0.0,0.0,0.0,0.020000647753477097,0.010874032974243164,-20.6619930267334,25.024978637695312,-1.0212644338607788,32.468605041503906,32.452542452847766,0.020000647753477097,0.010874032974243164,0.022765555202621263
873,3,22,2.629582405090332,label_Hqql,label_Hqql,0.9917801022529602,-1.0413525104522705,-1.2489135265350342,-1.2403091192245483,-1.2390720844268799,-0.40936779975891113,0.0,0.0,0.0,1.0,0.0,0.0,-0.09498823434114456,-0.022678852081298828,-0.7548812031745911,0.9794370532035828,0.10340540111064911,1.240900993347168,1.2365850444245379,-0.09498823434114456,-0.022678852081298828,0.09765805135765114
873,4,2,2.5748491287231445,label_Hqql,label_Hqql,0.9917801022529602,1.305037021636963,1.0953149795532227,1.1060805320739746,1.105156421661377,-0.6095870733261108,-1.0,1.0,0.0,0.0,0.0,0.0,0.01300662662833929,-0.0457918643951416,-20.906713485717773,28.4628849029541,-0.8642802238464355,35.330116271972656,35.31609386345984,0.01300662662833929,-0.0457918643951416,0.04760322658215577
873,5,10,2.4777956008911133,label_Hqql,label_Hqql,0.9917801022529602,0.5055177211761475,0.29619085788726807,0.3065614104270935,0.30603235960006714,-0.7103486657142639,1.0,1.0,0.0,0.0,0.0,0.0,-0.008996277116239071,-0.020528078079223633,-6.899191379547119,8.911798477172852,-0.027807801961898804,11.281111717224121,11.270270351209755,-0.008996277116239071,-0.020528078079223633,0.02241283095860201
873,6,20,2.4766745567321777,label_Hqql,label_Hqql,0.9917801022529602,-0.6138527393341064,-0.8225270509719849,-0.8128092885017395,-0.8126857876777649,-0.46617192029953003,0.0,0.0,0.0,1.0,0.0,0.0,-0.07302626222372055,0.04040098190307617,-1.5012468099594116,1.7126446962356567,0.14029595255851746,2.281792402267456,2.2774753214815378,-0.07302626222372055,0.04040098190307617,0.08345702075380047
873,7,1,2.4601058959960938,label_Hqql,label_Hqql,0.9917801022529602,1.7206610441207886,1.5106650590896606,1.5217043161392212,1.5205062627792358,-0.5514898300170898,-1.0,0.0,0.0,0.0,1.0,0.0,-0.014843696728348732,-0.06032824516296387,-37.10393142700195,52.08437728881836,0.21615229547023773,63.949440002441406,63.94907415204415,-0.014843696728348732,-0.06032824516296387,0.062127550225369935
873,8,4,2.4508814811706543,label_Hqql,label_Hqql,0.9917801022529602,1.217315912246704,1.0078319311141968,1.0183594226837158,1.0176732540130615,-0.6399538516998291,0.0,0.0,0.0,1.0,0.0,0.0,0.026937000453472137,-0.029585838317871094,-18.848783493041992,24.80828094482422,-1.196723461151123,31.179473876953125,31.156499203294658,0.026937000453472137,-0.029585838317871094,0.04001154611361035
873,9,17,2.389129877090454,label_Hqql,label_Hqql,0.9917801022529602,-0.544362485408783,-0.7543579339981079,-0.7433190941810608,-0.7445166707038879,-0.6412332057952881,0.0,0.0,0.0,1.0,0.0,0.0,-0.007880330085754395,-0.038901567459106445,-1.5028812885284424,2.0167829990386963,-0.00901262741535902,2.515183448791504,2.5151671579878006,-0.007880330085754395,-0.038901567459106445,0.03969170635077126
873,10,5,2.3369133472442627,label_Hqql,label_Hqql,0.9917801022529602,1.0007588863372803,0.7915474772453308,0.801802396774292,0.8013888001441956,-0.6114091873168945,1.0,1.0,0.0,0.0,0.0,0.0,0.03561737760901451,-0.030891895294189453,-13.809542655944824,18.225126266479492,-1.076957106590271,22.891876220703125,22.866103642629636,0.03561737760901451,-0.030891895294189453,0.047147712379396446
873,11,6,2.123077392578125,label_Hqql,label_Hqql,0.9917801022529602,0.7812283039093018,0.5712650418281555,0.5822718143463135,0.581106424331665,-0.5167004466056824,1.0,0.0,0.0,0.0,0.0,1.0,-0.019499078392982483,-0.06808781623840332,-9.589741706848145,13.68501091003418,0.13427817821502686,16.711429595947266,16.71055563444308,-0.019499078392982483,-0.06808781623840332,0.0708248881276226
873,12,13,2.0892293453216553,label_Hqql,label_Hqql,0.9917801022529602,-0.008352410979568958,-0.2182343751192093,-0.2073088139295578,-0.2083929479122162,-0.48767101764678955,0.0,0.0,0.0,1.0,0.0,0.0,0.006895889528095722,-0.07777714729309082,-3.0610265731811523,4.4595537185668945,-0.09931261837482452,5.4099321365356445,5.4090205259829585,0.006895889528095722,-0.07777714729309082,0.07808225107817297
873,13,16,2.069855213165283,label_Hqql,label_Hqql,0.9917801022529602,-0.2141471654176712,-0.42103758454322815,-0.4131035804748535,-0.4111963212490082,-0.4134604334831238,-1.0,1.0,0.0,0.0,0.0,0.0,0.0763169601559639,-0.05927920341491699,-2.3424148559570312,3.2808594703674316,-0.35431981086730957,4.049193382263184,4.031246236799219,0.0763169601559639,-0.05927920341491699,0.09663489206779344
873,14,14,1.9581334590911865,label_Hqql,label_Hqql,0.9917801022529602,-0.0299284216016531,-0.2382889986038208,-0.22888506948947906,-0.22844748198986053,-0.36445870995521545,0.0,0.0,0.0,1.0,0.0,0.0,-0.07993071526288986,0.07393980026245117,-3.5875611305236816,3.8259341716766357,0.3593796491622925,5.257140159606934,5.244841956746394,-0.07993071526288986,0.07393980026245117,0.10888532180826004
873,15,11,1.8565618991851807,label_Hqql,label_Hqql,0.9917801022529602,0.21028651297092438,0.004926013760268688,0.011330031789839268,0.014767360873520374,-0.2927566170692444,0.0,0.0,0.0,1.0,0.0,0.0,-0.1267234981060028,0.004705905914306641,-4.67116641998291,5.729142665863037,0.8538980484008789,7.441237449645996,7.392081669529104,-0.1267234981060028,0.004705905914306641,0.1268108454458703
873,16,21,1.8487255573272705,label_Hqql,label_Hqql,0.9917801022529602,-1.0081183910369873,-1.209971308708191,-1.2070749998092651,-1.2001298666000366,-0.11578512191772461,0.0,0.0,0.0,1.0,0.0,0.0,-0.164328932762146,0.047490835189819336,-0.8616466522216797,0.9690324068069458,0.19899499416351318,1.3118908405303955,1.2967107459749418,-0.164328932762146,0.047490835189819336,0.1710537271437617
874,1,0,4.29525899887085,label_Hqql,label_Hqql,0.9999706745147705,2.863924741744995,2.7565360069274902,2.758139133453369,2.7592244148254395,-0.43548065423965454,1.0,0.0,0.0,0.0,0.0,1.0,0.013780593872070312,0.09008187055587769,318.835693359375,-74.59410858154297,191.1217498779297,379.1411437988281,327.44538536224394,0.013780593872070312,0.09008187055587769,0.09112984236962579
874,2,1,3.385294198989868,label_Hqql,label_Hqql,0.9999706745147705,2.190180778503418,2.0679104328155518,2.084395408630371,2.070598840713501,-0.6275883316993713,0.0,0.0,0.0,1.0,0.0,0.0,-0.029820561408996582,-0.031122267246246338,117.43806457519531,-43.0051383972168,66.75061798095703,141.7631378173828,125.06454709361688,-0.029820561408996582,-0.031122267246246338,0.04310291638966572
874,3,6,2.8118550777435303,label_Hqql,label_Hqql,0.9999706745147705,0.9706365466117859,0.8516665101051331,0.8648510575294495,0.8543547987937927,-0.5643963813781738,1.0,1.0,0.0,0.0,0.0,0.0,-0.019920825958251953,-0.055429935455322266,20.37821388244629,-8.029314041137695,11.936637878417969,24.94482421875,21.903001735148944,-0.019920825958251953,-0.055429935455322266,0.058900908748848325
874,4,2,2.794631242752075,label_Hqql,label_Hqql,0.9999706745147705,1.905937671661377,1.7911734580993652,1.8001521825790405,1.793861985206604,-0.23338615894317627,0.0,0.0,0.0,1.0,0.0,0.0,-0.0074568986892700195,-0.14145705103874207,74.61454772949219,-37.09444046020508,46.59747314453125,95.47068786621094,83.32663587312503,-0.0074568986892700195,-0.14145705103874207,0.14165345963526382
874,5,15,2.7910499572753906,label_Hqql,label_Hqql,0.9999706745147705,-1.1737674474716187,-1.2786321640014648,-1.279552936553955,-1.2759437561035156,-0.295715868473053,0.0,0.0,0.0,1.0,0.0,0.0,0.020896732807159424,-0.12432712316513062,0.9241238236427307,-0.43984803557395935,0.6058165431022644,1.1893211603164673,1.0234603733522525,0.020896732807159424,-0.12432712316513062,0.12607103948382187
874,6,5,2.7520599365234375,label_Hqql,label_Hqql,0.9999706745147705,0.9977192282676697,0.8804450631141663,0.8919336199760437,0.8831333518028259,-0.6993132829666138,0.0,0.0,0.0,1.0,0.0,0.0,-0.014846205711364746,-0.02032741904258728,21.461946487426758,-7.5975189208984375,12.539247512817383,25.99173355102539,22.767025294987036,-0.014846205711364746,-0.02032741904258728,0.025171686255733825
874,7,4,2.7448556423187256,label_Hqql,label_Hqql,0.9999706745147705,1.1040034294128418,0.9810338020324707,0.998217761516571,0.9837222695350647,-0.663088321685791,0.0,0.0,0.0,1.0,0.0,0.0,-0.03194451332092285,-0.012292206287384033,25.051259994506836,-8.642253875732422,14.08010196685791,30.00838851928711,26.500078855825894,-0.03194451332092285,-0.012292206287384033,0.034227916482342614
874,8,8,2.6940512657165527,label_Hqql,label_Hqql,0.9999706745147705,0.6306522488594055,0.5071808099746704,0.5248668193817139,0.5098692774772644,-0.5990391969680786,-1.0,1.0,0.0,0.0,0.0,0.0,-0.03459608554840088,-0.03643059730529785,12.629724502563477,-4.701113700866699,7.1198248863220215,15.249460220336914,13.476290700305068,-0.03459608554840088,-0.03643059730529785,0.05024019859925961
874,9,14,2.620868444442749,label_Hqql,label_Hqql,0.9999706745147705,-0.5767542123794556,-0.6885144114494324,-0.6825396418571472,-0.6858261227607727,-0.06190067529678345,-1.0,1.0,0.0,0.0,0.0,0.0,-0.0013106465339660645,-0.1845201849937439,2.1023387908935547,-1.1606247425079346,1.3598525524139404,2.7632510662078857,2.4014325276004285,-0.0013106465339660645,-0.1845201849937439,0.18452483969499192
874,10,10,2.6142313480377197,label_Hqql,label_Hqql,0.9999706745147705,0.2340976446866989,0.0943613052368164,0.12831200659275055,0.09704961627721786,-0.44911104440689087,0.0,0.0,1.0,0.0,0.0,0.0,-0.08540874719619751,-0.02001345157623291,7.210256576538086,-2.549880266189575,3.606051206588745,8.455370903015137,7.647855207273065,-0.08540874719619751,-0.02001345157623291,0.08772224542052144
874,11,11,2.5740573406219482,label_Hqql,label_Hqql,0.9999706745147705,0.07811635732650757,-0.061898279935121536,-0.027669191360473633,-0.05920996516942978,-0.30730724334716797,1.0,1.0,0.0,0.0,0.0,0.0,-0.08684232831001282,-0.08735013008117676,5.619636058807373,-2.4241585731506348,2.876047372817993,6.763725757598877,6.120200504985746,-0.08684232831001282,-0.08735013008117676,0.12317319193518757
874,12,7,2.5205078125,label_Hqql,label_Hqql,0.9999706745147705,0.7783216834068298,0.6566528677940369,0.6725362539291382,0.6593411564826965,-0.26453012228012085,-1.0,1.0,0.0,0.0,0.0,0.0,-0.028055667877197266,-0.13089454174041748,14.978821754455566,-7.250390529632568,8.915262222290039,18.87947654724121,16.64131196702763,-0.028055667877197266,-0.13089454174041748,0.13386747759433393
874,13,3,2.424985885620117,label_Hqql,label_Hqql,0.9999706745147705,1.2414186000823975,1.1498539447784424,1.135633111000061,1.1525423526763916,-0.10366582870483398,0.0,0.0,1.0,0.0,0.0,0.0,0.05724811553955078,-0.16440114378929138,28.539384841918945,-15.014505386352539,20.46367835998535,38.19285202026367,32.24797449688836,0.05724811553955078,-0.16440114378929138,0.1740835512392168
874,14,13,2.4180383682250977,label_Hqql,label_Hqql,0.9999706745147705,-0.22164283692836761,-0.33970946073532104,-0.3274283707141876,-0.3370210528373718,-0.2999570369720459,0.0,0.0,0.0,1.0,0.0,0.0,-0.017196834087371826,-0.12382227182388306,3.6020708084106445,-1.7122195959091187,2.1859185695648193,4.548059940338135,3.988309172245715,-0.017196834087371826,-0.12382227182388306,0.12501074394729508
874,15,12,2.323477029800415,label_Hqql,label_Hqql,0.9999706745147705,-0.06943065673112869,-0.1750672608613968,-0.17521628737449646,-0.1723787784576416,-0.20140641927719116,0.0,0.0,0.0,1.0,0.0,0.0,0.01872849464416504,-0.14847183227539062,4.423195838928223,-2.2378134727478027,2.9217493534088135,5.754049777984619,4.957062695621624,0.01872849464416504,-0.14847183227539062,0.14964839287759907
874,16,9,2.2293481826782227,label_Hqql,label_Hqql,0.9999706745147705,0.23450753092765808,0.12502922117710114,0.12872223556041718,0.12771786749362946,-0.06629443168640137,0.0,0.0,0.0,1.0,0.0,0.0,0.007832944393157959,-0.18325906991958618,6.703910827636719,-3.6899619102478027,4.413858413696289,8.834047317504883,7.6523355443932575,0.007832944393157959,-0.18325906991958618,0.18342639320898746
875,1,0,4.3516526222229,label_Hqql,label_Hqql,0.9999796152114868,2.864382028579712,2.9109723567962646,2.905770778656006,2.8743960857391357,-0.5582354068756104,-1.0,0.0,0.0,0.0,1.0,0.0,-0.057902395725250244,0.017333388328552246,45.94508361816406,-324.42205810546875,340.7586669921875,472.733642578125,327.6593085722855,-0.057902395725250244,0.017333388328552246,0.060441159665180724
875,2,1,3.166527271270752,label_Hqql,label_Hqql,0.9999796152114868,2.1554737091064453,2.2647950649261475,2.1968626976013184,2.2282187938690186,-0.36022427678108215,0.0,0.0,1.0,0.0,0.0,0.0,0.06190645694732666,-0.09085845947265625,3.866576910018921,-118.9520263671875,145.28390502929688,187.8082733154297,119.01485198856973,0.06190645694732666,-0.09085845947265625,0.10994393602884849
875,3,20,2.9038772583007812,label_Hqql,label_Hqql,0.9999796152114868,-1.1082561016082764,-1.0038526058197021,-1.066867470741272,-1.040428638458252,-0.5396950244903564,0.0,0.0,0.0,1.0,0.0,0.0,0.0528031587600708,0.03803610801696777,0.1805931031703949,-1.1092641353607178,1.355841875076294,1.7610758543014526,1.1238686715583248,0.0528031587600708,0.03803610801696777,0.06507625594730909
875,4,17,2.8249499797821045,label_Hqql,label_Hqql,0.9999796152114868,-0.682746946811676,-0.6098377108573914,-0.6413581371307373,-0.6464139819145203,-0.7675877213478088,0.0,0.0,0.0,1.0,0.0,0.0,-0.006598234176635742,-0.004703521728515625,0.24431739747524261,-2.0494918823242188,2.3021883964538574,3.091953992843628,2.0640028988404895,-0.006598234176635742,-0.004703521728515625,0.00810307416357166
875,5,18,2.613816022872925,label_Hqql,label_Hqql,0.9999796152114868,-0.684175431728363,-0.5525518655776978,-0.6427867412567139,-0.5891279578208923,-0.34023192524909973,0.0,0.0,0.0,1.0,0.0,0.0,0.10266983509063721,0.051677584648132324,0.3586878478527069,-2.0283241271972656,2.6490583419799805,3.3556320667266846,2.0597950716437197,0.10266983509063721,0.051677584648132324,0.11494201926451232
875,6,2,2.4590349197387695,label_Hqql,label_Hqql,0.9999796152114868,0.9655436277389526,1.0555654764175415,1.0069323778152466,1.0189892053604126,-0.5848696827888489,0.0,0.0,0.0,1.0,0.0,0.0,0.025923490524291992,-0.04712259769439697,1.655951976776123,-21.681074142456055,25.325862884521484,33.379791259765625,21.744221138501725,0.025923490524291992,-0.04712259769439697,0.05378258616346971
875,7,4,2.3998894691467285,label_Hqql,label_Hqql,0.9999796152114868,0.525489330291748,0.5993399620056152,0.5668781399726868,0.5627638697624207,-0.7469468712806702,1.0,1.0,0.0,0.0,0.0,0.0,-0.004836022853851318,-0.012350201606750488,1.284589409828186,-11.5250825881958,12.965312004089355,17.395299911499023,11.59645198397237,-0.004836022853851318,-0.012350201606750488,0.01326328001552989
875,8,16,2.3960535526275635,label_Hqql,label_Hqql,0.9999796152114868,-0.6157113909721375,-0.5228704214096069,-0.574322521686554,-0.5594466924667358,-0.33432361483573914,0.0,0.0,0.0,1.0,0.0,0.0,0.031223595142364502,0.11215388774871826,0.5300062298774719,-2.2087361812591553,2.6640985012054443,3.5009775161743164,2.2714361364811047,0.031223595142364502,0.11215388774871826,0.1164191025165818
875,9,6,2.285646677017212,label_Hqql,label_Hqql,0.9999796152114868,0.41477400064468384,0.5167255997657776,0.4561629593372345,0.480149507522583,-0.5981900691986084,-1.0,1.0,0.0,0.0,0.0,0.0,0.04819488525390625,-0.014923334121704102,1.0713447332382202,-9.841856002807617,11.872052192687988,15.458816528320312,9.899995409970533,0.04819488525390625,-0.014923334121704102,0.05045248126648687
875,10,9,2.2575671672821045,label_Hqql,label_Hqql,0.9999796152114868,0.14503152668476105,0.23971275985240936,0.1864204853773117,0.20313648879528046,-0.6429172158241272,0.0,0.0,0.0,1.0,0.0,0.0,0.034675002098083496,-0.018434524536132812,0.7052344083786011,-6.69709587097168,7.934121608734131,10.406667709350586,6.734125680127082,0.034675002098083496,-0.018434524536132812,0.039270694740166964
875,11,19,2.200432062149048,label_Hqql,label_Hqql,0.9999796152114868,-0.9011958241462708,-0.7713070511817932,-0.8598070740699768,-0.8078833222389221,-0.1608317494392395,1.0,1.0,0.0,0.0,0.0,0.0,0.0974736213684082,0.1266191005706787,0.37371301651000977,-1.4637529850006104,1.9301249980926514,2.455014705657959,1.510706530007469,0.0974736213684082,0.1266191005706787,0.15979206329476897
875,12,15,2.1519572734832764,label_Hqql,label_Hqql,0.9999796152114868,-0.4533214569091797,-0.35503923892974854,-0.41193264722824097,-0.3916154205799103,-0.4270798861980438,0.0,0.0,0.0,1.0,0.0,0.0,0.041410207748413086,-0.08352863788604736,0.11404538154602051,-2.8622405529022217,3.404848575592041,4.4495415687561035,2.864511709127752,0.041410207748413086,-0.08352863788604736,0.09323003085307414
875,13,8,2.1456339359283447,label_Hqql,label_Hqql,0.9999796152114868,0.3073773682117462,0.41266563534736633,0.3487659990787506,0.3760893642902374,-0.4637296199798584,0.0,0.0,0.0,1.0,0.0,0.0,0.054444193840026855,-0.0640561580657959,0.5032413005828857,-8.476956367492676,10.266505241394043,13.323407173156738,8.49188089076778,0.054444193840026855,-0.0640561580657959,0.08406760154209615
875,14,14,2.116924524307251,label_Hqql,label_Hqql,0.9999796152114868,-0.38553711771965027,-0.25324326753616333,-0.3441483974456787,-0.2898193895816803,0.23237484693527222,-1.0,1.0,0.0,0.0,0.0,0.0,0.1034165620803833,0.23646855354309082,1.1111676692962646,-2.953674554824829,4.062408924102783,5.146021366119385,3.1557704233845887,0.1034165620803833,0.23646855354309082,0.25809370803506115
875,15,13,2.024770736694336,label_Hqql,label_Hqql,0.9999796152114868,-0.29089826345443726,-0.11024843156337738,-0.24950937926769257,-0.14682479202747345,0.45872360467910767,-1.0,1.0,0.0,0.0,0.0,0.0,0.18936467170715332,0.25132668018341064,1.3221216201782227,-3.361987829208374,5.174442291259766,6.312313556671143,3.612612315525695,0.18936467170715332,0.25132668018341064,0.3146809162672124
875,16,10,1.9970487356185913,label_Hqql,label_Hqql,0.9999796152114868,-0.13949918746948242,0.06842245906591415,-0.0981103852391243,0.03184618800878525,0.581335723400116,0.0,0.0,0.0,1.0,0.0,0.0,0.236741304397583,0.2514141798019409,1.641720175743103,-4.173614025115967,6.802362442016602,8.147787094116211,4.48489678432923,0.236741304397583,0.2514141798019409,0.3453339470908583
881,1,0,4.2178263664245605,label_Hqql,label_Hqql,0.9974549412727356,3.0163774490356445,2.9066061973571777,2.932065486907959,2.9345998764038086,-0.46157440543174744,-1.0,0.0,0.0,0.0,1.0,0.0,0.01776731014251709,0.08271980285644531,-3.7769174575805664,-407.10357666015625,-234.43313598632812,469.7940673828125,407.1210965240847,0.01776731014251709,0.08271980285644531,0.08460640102444714
881,2,16,2.8584189414978027,label_Hqql,label_Hqql,0.9974549412727356,-0.023091649636626244,-0.1378311663866043,-0.10740365833044052,-0.10983762890100479,-0.746665894985199,0.0,0.0,0.0,1.0,0.0,0.0,0.0033878684043884277,0.012895941734313965,-0.41850802302360535,-5.279757499694824,-2.962217092514038,6.068419933319092,5.296318364762344,0.0033878684043884277,0.012895941734313965,0.013333527873007732
881,3,11,2.644775629043579,label_Hqql,label_Hqql,0.9974549412727356,0.5780475735664368,0.44393855333328247,0.49373558163642883,0.4719323515892029,0.23470741510391235,0.0,0.0,1.0,0.0,0.0,0.0,-0.05611392855644226,-0.2525172233581543,-4.22197151184082,-11.766127586364746,-6.151224613189697,13.932134628295898,12.500672054950044,-0.05611392855644226,-0.2525172233581543,0.25867686612944246
881,4,19,2.573981523513794,label_Hqql,label_Hqql,0.9974549412727356,-1.124271273612976,-1.2531417608261108,-1.2085833549499512,-1.2251482009887695,-0.29019051790237427,0.0,0.0,0.0,1.0,0.0,0.0,-0.03941693902015686,-0.12120401859283447,-0.2324201464653015,-1.0735775232315063,-0.561032235622406,1.2334281206130981,1.0984479154110347,-0.03941693902015686,-0.12120401859283447,0.12745238014557017
881,5,4,2.481609344482422,label_Hqql,label_Hqql,0.9974549412727356,1.027725100517273,0.9057336449623108,0.9434130787849426,0.9337273240089417,-0.15349900722503662,0.0,0.0,1.0,0.0,0.0,0.0,-0.018201589584350586,-0.1605970859527588,-5.939059734344482,-23.01006507873535,-12.706437110900879,26.947895050048828,23.764164732970272,-0.018201589584350586,-0.1605970859527588,0.16162525136845088
881,6,13,2.464794874191284,label_Hqql,label_Hqql,0.9974549412727356,0.17601236701011658,0.04288766160607338,0.09170036017894745,0.07088112831115723,-0.28436970710754395,1.0,1.0,0.0,0.0,0.0,0.0,-0.05329391360282898,-0.11737513542175293,-1.4629980325698853,-6.885143280029297,-3.4857592582702637,7.8559250831604,7.038860790627695,-0.05329391360282898,-0.11737513542175293,0.12890757790906102
881,7,17,2.437924861907959,label_Hqql,label_Hqql,0.9974549412727356,-0.3379708528518677,-0.46632033586502075,-0.42228269577026367,-0.43832677602767944,-0.6421669721603394,-1.0,1.0,0.0,0.0,0.0,0.0,-0.039268046617507935,-0.003869771957397461,-0.32331031560897827,-3.3621554374694824,-1.7257068157196045,3.7955451011657715,3.377664688195793,-0.039268046617507935,-0.003869771957397461,0.039458264282112514
881,8,20,2.4328770637512207,label_Hqql,label_Hqql,0.9974549412727356,-1.265419602394104,-1.4020689725875854,-1.3497314453125,-1.3740755319595337,-0.48981353640556335,0.0,0.0,0.0,1.0,0.0,0.0,-0.06439632177352905,0.04320406913757324,-0.04379185661673546,-0.8967904448509216,-0.43353793025016785,0.9970486164093018,0.8978590249487135,-0.06439632177352905,0.04320406913757324,0.0775466172570029
881,9,8,2.2250969409942627,label_Hqql,label_Hqql,0.9974549412727356,0.7851381301879883,0.7048386931419373,0.700826108455658,0.7328323721885681,-0.33234328031539917,-1.0,1.0,0.0,0.0,0.0,0.0,0.09744274616241455,-0.0646052360534668,-2.6208255290985107,-16.5985164642334,-11.253710746765137,20.2248592376709,16.804150536918005,0.09744274616241455,-0.0646052360534668,0.11691417923073712
881,10,2,2.1876235008239746,label_Hqql,label_Hqql,0.9974549412727356,1.2936123609542847,1.1658474206924438,1.2093003988265991,1.1938410997390747,-0.39730221033096313,0.0,0.0,0.0,1.0,0.0,0.0,-0.03595525026321411,-0.09403491020202637,-6.4263482093811035,-34.144893646240234,-17.880849838256836,39.075523376464844,34.74437671654612,-0.03595525026321411,-0.09403491020202637,0.10067444739452767
881,11,7,2.0875823497772217,label_Hqql,label_Hqql,0.9974549412727356,0.7961320281028748,0.667381763458252,0.7118200063705444,0.6953755617141724,-0.49215611815452576,-1.0,1.0,0.0,0.0,0.0,0.0,-0.03909742832183838,-0.06629014015197754,-2.690717935562134,-16.856754302978516,-8.724703788757324,19.17107391357422,17.07015315220518,-0.03909742832183838,-0.06629014015197754,0.07696097441398539
881,12,12,2.0792083740234375,label_Hqql,label_Hqql,0.9974549412727356,0.18731695413589478,0.09191765636205673,0.10300502926111221,0.11991129070520401,-0.47181954979896545,0.0,0.0,0.0,1.0,0.0,0.0,0.05772608518600464,-0.05830180644989014,-1.071113109588623,-7.072811126708984,-4.452408790588379,8.425905227661133,7.153456544051346,0.05772608518600464,-0.05830180644989014,0.08204511896647061
881,13,15,2.07171368598938,label_Hqql,label_Hqql,0.9974549412727356,0.04538079351186752,-0.1019207239151001,-0.03893113136291504,-0.07392692565917969,-0.39666688442230225,0.0,0.0,0.0,1.0,0.0,0.0,-0.10062986612319946,-0.006401658058166504,-0.573778510093689,-5.812325954437256,-2.586962938308716,6.387857913970947,5.840578291511063,-0.10062986612319946,-0.006401658058166504,0.10083328409739879
881,14,1,2.070594072341919,label_Hqql,label_Hqql,0.9974549412727356,1.3563348054885864,1.2138499021530151,1.2720227241516113,1.2418434619903564,0.04527705907821655,1.0,1.0,0.0,0.0,0.0,0.0,-0.08393937349319458,-0.19393301010131836,-10.718271255493164,-36.458465576171875,-17.527971267700195,41.84914016723633,38.001329593518705,-0.08393937349319458,-0.19393301010131836,0.21131926279775837
881,15,14,2.0652949810028076,label_Hqql,label_Hqql,0.9974549412727356,0.13666492700576782,0.034388136118650436,0.05235299840569496,0.06238193437457085,-0.33421745896339417,0.0,0.0,0.0,1.0,0.0,0.0,0.03888922929763794,-0.10975980758666992,-1.3334242105484009,-6.519144058227539,-3.9947001934051514,7.761114120483398,6.654115972629276,0.03888922929763794,-0.10975980758666992,0.11644564189709748
881,16,18,2.0499558448791504,label_Hqql,label_Hqql,0.9974549412727356,-0.5373659133911133,-0.6721532344818115,-0.6216777563095093,-0.6441596150398254,-0.4383586347103119,0.0,0.0,0.0,1.0,0.0,0.0,-0.05831298232078552,-0.06909143924713135,-0.40746694803237915,-2.507542610168457,-1.2438514232635498,2.8285977840423584,2.5404328874326243,-0.05831298232078552,-0.06909143924713135,0.09041034721968656
885,1,0,4.626442909240723,label_Hqql,label_Hqql,0.9972719550132751,3.0486958026885986,2.872812032699585,2.7365798950195312,2.731663227081299,-0.6870760321617126,-1.0,0.0,0.0,0.0,0.0,1.0,-0.011434465646743774,0.02581167221069336,-380.1828308105469,-192.98329162597656,136.4229278564453,447.6524963378906,426.35845915135496,-0.011434465646743774,0.02581167221069336,0.0282310011678446
885,2,35,2.5731372833251953,label_Hqql,label_Hqql,0.9972719550132751,-0.8536761403083801,-0.9941447377204895,-1.16579270362854,-1.1352933645248413,-0.282451331615448,0.0,0.0,0.0,1.0,0.0,0.0,0.1269443929195404,0.025023221969604492,-1.4422931671142578,-0.7306877970695496,0.7579581141471863,1.785669207572937,1.6168222650281718,0.1269443929195404,0.025023221969604492,0.12938717297881872
885,3,1,2.5007879734039307,label_Hqql,label_Hqql,0.9972719550132751,2.0280656814575195,1.8360556364059448,1.7159491777420044,1.6949070692062378,-0.3666534423828125,0.0,0.0,0.0,1.0,0.0,0.0,-0.09849448502063751,-0.04511833190917969,-91.4251480102539,-38.522987365722656,22.78472137451172,101.79254150390625,99.20976889538883,-0.09849448502063751,-0.04511833190917969,0.10833663947966768
885,4,3,2.385636329650879,label_Hqql,label_Hqql,0.9972719550132751,1.2125824689865112,1.0306060314178467,0.9004660248756409,0.8894574046134949,-0.5568658113479614,-1.0,1.0,0.0,0.0,0.0,0.0,-0.04136455059051514,-0.04453778266906738,-28.51128387451172,-12.033038139343262,8.933831214904785,32.2105598449707,30.946523472530505,-0.04136455059051514,-0.04453778266906738,0.060783551480909415
885,5,38,2.3748931884765625,label_Hqql,label_Hqql,0.9972719550132751,-1.0355440378189087,-1.198614478111267,-1.3476603031158447,-1.3397629261016846,-0.4160381853580475,0.0,0.0,0.0,1.0,0.0,0.0,0.04409611225128174,-0.08526253700256348,-1.1675554513931274,-0.43765944242477417,0.47232121229171753,1.3333487510681152,1.2468887358627367,0.04409611225128174,-0.08526253700256348,0.09599045437850133
885,6,6,2.369004011154175,label_Hqql,label_Hqql,0.9972719550132751,1.132444977760315,0.9447078704833984,0.8203285336494446,0.8035591244697571,-0.4968588054180145,0.0,0.0,1.0,0.0,0.0,0.0,-0.07263875007629395,-0.021610736846923828,-25.174457550048828,-11.31149673461914,7.0728068351745605,28.4908390045166,27.598972287324575,-0.07263875007629395,-0.021610736846923828,0.07578530173927715
885,7,16,2.367474317550659,label_Hqql,label_Hqql,0.9972719550132751,0.41999542713165283,0.23114313185214996,0.10787896811962128,0.08999471366405487,-0.40467754006385803,0.0,0.0,1.0,0.0,0.0,0.0,-0.079135462641716,0.0592036247253418,-8.738216400146484,-4.809013366699219,2.489234447479248,10.280044555664062,9.97411827766649,-0.079135462641716,0.0592036247253418,0.09883061584416811
885,8,34,2.362323760986328,label_Hqql,label_Hqql,0.9972719550132751,-0.7261667847633362,-0.8947731256484985,-1.0382834672927856,-1.0359219312667847,-0.5292680263519287,0.0,0.0,0.0,1.0,0.0,0.0,0.021115809679031372,-0.06430482864379883,-1.801774024963379,-0.7188113331794739,0.6873407959938049,2.058037042617798,1.939865812302487,0.021115809679031372,-0.06430482864379883,0.06768299938174582
885,9,29,2.340721845626831,label_Hqql,label_Hqql,0.9972719550132751,-0.4013513922691345,-0.5467583537101746,-0.7134678959846497,-0.6879069209098816,-0.3459222912788391,0.0,0.0,0.0,1.0,0.0,0.0,0.11004668474197388,0.027863740921020508,-2.7482612133026123,-1.4021356105804443,1.3889868259429932,3.3835201263427734,3.085275347031662,0.11004668474197388,0.027863740921020508,0.1135194295299846
885,10,10,2.3304827213287354,label_Hqql,label_Hqql,0.9972719550132751,0.6054175496101379,0.43317845463752747,0.2933011054992676,0.2920300364494324,-0.7723491191864014,0.0,0.0,1.0,0.0,0.0,0.0,0.0052405595779418945,-0.004508018493652344,-11.76433277130127,-5.529720783233643,4.387537479400635,13.719614028930664,12.999128335947725,0.0052405595779418945,-0.004508018493652344,0.006912719828625349
885,11,2,2.306262493133545,label_Hqql,label_Hqql,0.9972719550132751,1.6692767143249512,1.4782477617263794,1.357160210609436,1.3370991945266724,-0.3789728581905365,1.0,1.0,0.0,0.0,0.0,0.0,-0.09232683479785919,-0.05054450035095215,-54.884681701660156,-22.776369094848633,14.023509979248047,61.05546188354492,59.422986079776614,-0.09232683479785919,-0.05054450035095215,0.10525678571720963
885,12,31,2.3033969402313232,label_Hqql,label_Hqql,0.9972719550132751,-0.5288535356521606,-0.7121064066886902,-0.8409698605537415,-0.8532551527023315,-0.4886793792247772,0.0,0.0,0.0,1.0,0.0,0.0,-0.047977954149246216,-0.06128334999084473,-2.3855679035186768,-0.9600791335105896,0.7246755957603455,2.6716737747192383,2.571514371902467,-0.047977954149246216,-0.06128334999084473,0.07783015527703603
885,13,37,2.299649477005005,label_Hqql,label_Hqql,0.9972719550132751,-1.0247602462768555,-1.2175853252410889,-1.3368767499923706,-1.3587340116500854,-0.3765315115451813,0.0,0.0,0.0,1.0,0.0,0.0,-0.103757843375206,0.021027565002441406,-1.1318378448486328,-0.5677347183227539,0.2839745581150055,1.2976984977722168,1.2662462704468727,-0.103757843375206,0.021027565002441406,0.10586712687045813
885,14,4,2.2993578910827637,label_Hqql,label_Hqql,0.9972719550132751,1.2076281309127808,1.076283574104309,0.8955114483833313,0.9351350665092468,-0.167924702167511,-1.0,1.0,0.0,0.0,0.0,0.0,0.15678080916404724,0.019741535186767578,-27.484243392944336,-13.74200439453125,15.424385070800781,34.38251495361328,30.728265809542858,0.15678080916404724,0.019741535186767578,0.1580188290478821
885,15,36,2.294224739074707,label_Hqql,label_Hqql,0.9972719550132751,-0.8977776169776917,-1.047041416168213,-1.2098941802978516,-1.1881901025772095,-0.3962486684322357,0.0,0.0,0.0,1.0,0.0,0.0,0.09643635153770447,-0.029807329177856445,-1.3897926807403564,-0.6108261942863464,0.6608507037162781,1.655704140663147,1.5181015562424696,0.09643635153770447,-0.029807329177856445,0.10093783616969806
885,16,9,2.2887465953826904,label_Hqql,label_Hqql,0.9972719550132751,0.6234503388404846,0.4565950632095337,0.31133389472961426,0.3154464662075043,-0.6075189113616943,0.0,0.0,1.0,0.0,0.0,0.0,0.028532356023788452,0.038748741149902344,-11.814675331115723,-6.190719127655029,4.831177234649658,14.186326026916504,13.338349091892454,0.028532356023788452,0.038748741149902344,0.04812026892038689
888,1,0,4.6689863204956055,label_Hqql,label_Hqql,0.9937615990638733,3.0505971908569336,2.8497474193573,3.1070423126220703,3.094053030014038,-0.5846331715583801,-1.0,0.0,0.0,0.0,1.0,0.0,-0.05332021415233612,-0.007475614547729492,-398.435546875,-154.98553466796875,69.58032989501953,433.1429748535156,427.51772006537516,-0.05332021415233612,-0.007475614547729492,0.05384171291960546
888,2,13,2.418698787689209,label_Hqql,label_Hqql,0.9937615990638733,-0.9856336116790771,-1.1434848308563232,-0.9291881322860718,-0.8991791009902954,1.5734257698059082,1.0,1.0,0.0,0.0,0.0,0.0,-0.5933454036712646,-0.003614664077758789,-1.2460662126541138,-0.49024859070777893,-0.518269419670105,1.4426045417785645,1.339038717516835,-0.5933454036712646,-0.003614664077758789,0.5933564138477068
888,3,15,2.373554229736328,label_Hqql,label_Hqql,0.9937615990638733,-1.1517161130905151,-1.358610987663269,-1.0952707529067993,-1.1143054962158203,0.9602208733558655,0.0,0.0,0.0,1.0,0.0,0.0,-0.30962300300598145,0.3127014636993408,-0.8138262033462524,-0.6732578277587891,-0.09970483928918839,1.0609101057052612,1.0562145576971844,-0.30962300300598145,0.3127014636993408,0.4400552344764827
888,4,16,2.305800199508667,label_Hqql,label_Hqql,0.9937615990638733,-1.2124652862548828,-1.3722223043441772,-1.1560198068618774,-1.127916693687439,-0.02991276979446411,0.0,0.0,0.0,1.0,0.0,0.0,0.1680656373500824,-0.09390735626220703,-0.9294762015342712,-0.27185288071632385,0.3804854452610016,1.0404802560806274,0.9684162317786402,0.1680656373500824,-0.09390735626220703,0.19252181699237747
888,5,6,2.1979141235351562,label_Hqql,label_Hqql,0.9937615990638733,0.20905759930610657,0.0026858090423047543,0.26550307869911194,0.24699129164218903,0.48528581857681274,1.0,1.0,0.0,0.0,0.0,0.0,-0.3155081570148468,0.06084465980529785,-6.678480625152588,-3.138350248336792,-0.7402083277702332,7.417461395263672,7.379115512158222,-0.3155081570148468,0.06084465980529785,0.321321443059326
888,6,17,2.1905300617218018,label_Hqql,label_Hqql,0.9937615990638733,-1.2164030075073242,-1.3538264036178589,-1.1599574089050293,-1.109520673751831,0.19715088605880737,0.0,0.0,0.0,1.0,0.0,0.0,0.2479133903980255,-0.026140451431274414,-0.903835654258728,-0.33229392766952515,0.4622596800327301,1.0681864023208618,0.9629839792412658,0.2479133903980255,-0.026140451431274414,0.249287730022307
888,7,8,2.160381317138672,label_Hqql,label_Hqql,0.9937615990638733,-0.005670690443366766,-0.21351630985736847,0.05077486112713814,0.030789421871304512,-0.11248797178268433,1.0,1.0,0.0,0.0,0.0,0.0,-0.14117911458015442,0.09803318977355957,-4.824975967407227,-2.4904098510742188,0.4031793475151062,5.446518898010254,5.429782160675032,-0.14117911458015442,0.09803318977355957,0.1718780052560976
888,8,11,2.1219398975372314,label_Hqql,label_Hqql,0.9937615990638733,-0.12300289422273636,-0.28582262992858887,-0.06655759364366531,-0.041516970843076706,-0.16117650270462036,0.0,0.0,0.0,1.0,0.0,0.0,0.1559257209300995,-0.03454184532165527,-4.322963237762451,-1.5482295751571655,1.7443488836288452,4.912003517150879,4.5918434176741,0.1559257209300995,-0.03454184532165527,0.15970588444323655
888,9,7,2.082775115966797,label_Hqql,label_Hqql,0.9937615990638733,0.08423882722854614,-0.12388426065444946,0.1406841278076172,0.12042131274938583,0.17294055223464966,1.0,1.0,0.0,0.0,0.0,0.0,-0.14566338062286377,0.19479608535766602,-5.187022686004639,-3.348527193069458,0.43067994713783264,6.1905412673950195,6.17396458589231,-0.14566338062286377,0.19479608535766602,0.24323514409959837
888,10,14,2.0705854892730713,label_Hqql,label_Hqql,0.9937615990638733,-1.0564404726028442,-1.1910479068756104,-0.9999948143959045,-0.9467422962188721,0.24202412366867065,0.0,0.0,0.0,1.0,0.0,0.0,0.25712960958480835,-0.04180622100830078,-1.1422852277755737,-0.39976075291633606,0.5933353900909424,1.3478394746780396,1.2102165926670028,0.25712960958480835,-0.04180622100830078,0.2605060387788177
888,11,12,2.0635926723480225,label_Hqql,label_Hqql,0.9937615990638733,-0.8615155220031738,-0.9927490949630737,-0.805070161819458,-0.7484433650970459,0.2940332293510437,0.0,0.0,0.0,1.0,0.0,0.0,0.2679714262485504,0.05475497245788574,-1.4511253833770752,-0.6711549162864685,0.8032066822052002,1.7892329692840576,1.5988163746774549,0.2679714262485504,0.05475497245788574,0.27350830388590786
888,12,3,2.008481740951538,label_Hqql,label_Hqql,0.9937615990638733,0.9952489137649536,0.8652023673057556,1.051694393157959,1.1095080375671387,0.2871599793434143,-1.0,1.0,0.0,0.0,0.0,0.0,0.2717027962207794,0.006884098052978516,-21.02326011657715,-8.5272798538208,11.492125511169434,25.43187713623047,22.686823656797827,0.2717027962207794,0.006884098052978516,0.27178999297287126
888,13,5,1.9764517545700073,label_Hqql,label_Hqql,0.9937615990638733,0.22296454012393951,0.0747535452246666,0.27940991520881653,0.3190593719482422,0.0656287670135498,-1.0,1.0,0.0,0.0,0.0,0.0,0.2106517255306244,0.04957747459411621,-6.848125457763672,-3.1243643760681152,3.304582118988037,8.221814155578613,7.52718241041855,0.2106517255306244,0.04957747459411621,0.21640719825403162
888,14,1,1.9399579763412476,label_Hqql,label_Hqql,0.9937615990638733,1.0658591985702515,0.930461049079895,1.1223045587539673,1.1747666597366333,0.21957927942276,0.0,0.0,0.0,1.0,0.0,0.0,0.25455787777900696,0.013102054595947266,-23.195459365844727,-9.576732635498047,12.231386184692383,27.916839599609375,25.094683563742485,0.25455787777900696,0.013102054595947266,0.2548948351261497
888,15,10,1.8185365200042725,label_Hqql,label_Hqql,0.9937615990638733,-0.05242184177041054,-0.1963139921426773,0.004023456480354071,0.04799175262451172,0.10616713762283325,0.0,0.0,0.0,1.0,0.0,0.0,0.2261102795600891,0.013975858688354492,-4.692901134490967,-1.9423643350601196,2.3157920837402344,5.582024097442627,5.078986145700749,0.2261102795600891,0.013975858688354492,0.22654179117509093
888,16,9,1.8072532415390015,label_Hqql,label_Hqql,0.9937615990638733,-0.008408569730818272,-0.1399090737104416,0.048036813735961914,0.10439658164978027,0.27593308687210083,0.0,0.0,0.0,1.0,0.0,0.0,0.26712143421173096,0.03159332275390625,-4.960232734680176,-2.15613055229187,2.7119991779327393,6.05043363571167,5.408586482688357,0.26712143421173096,0.03159332275390625,0.2689832683606261
892,1,0,4.4810943603515625,label_Hqql,label_Hqql,0.99868243932724,2.913031816482544,2.8755548000335693,2.9941697120666504,2.9782450199127197,-0.5243470668792725,1.0,0.0,0.0,0.0,0.0,1.0,0.00800478458404541,-0.06844674795866013,349.1385498046875,-38.379051208496094,280.35418701171875,449.4098205566406,351.24162414409915,0.00800478458404541,-0.06844674795866013,0.06891323444994665
892,2,24,2.582885503768921,label_Hqql,label_Hqql,0.99868243932724,-1.2454603910446167,-1.3187023401260376,-1.1643227338790894,-1.2160117626190186,-0.3912665545940399,0.0,0.0,0.0,1.0,0.0,0.0,-0.07761389017105103,0.06646445393562317,0.9235296249389648,0.023486535996198654,0.6387585997581482,1.1231523752212524,0.9238282229467801,-0.07761389017105103,0.06646445393562317,0.10218336256184049
892,3,1,2.4752562046051025,label_Hqql,label_Hqql,0.99868243932724,1.5062248706817627,1.442674160003662,1.5873624086380005,1.5453646183013916,-0.5381609201431274,-1.0,1.0,0.0,0.0,0.0,0.0,-0.053614675998687744,0.03755595162510872,47.075077056884766,-0.16394956409931183,33.932151794433594,58.03016662597656,47.075362551670345,-0.053614675998687744,0.03755595162510872,0.06545978143036967
892,4,20,2.3982014656066895,label_Hqql,label_Hqql,0.99868243932724,-0.695645809173584,-0.720908522605896,-0.6145083904266357,-0.6182180643081665,-0.6256613731384277,0.0,0.0,0.0,1.0,0.0,0.0,0.035607993602752686,0.025133522227406502,2.026061534881592,-0.03222750872373581,1.6895580291748047,2.638289213180542,2.0263178317937416,0.035607993602752686,0.025133522227406502,0.04358466643177636
892,5,15,2.3475606441497803,label_Hqql,label_Hqql,0.99868243932724,-0.34998080134391785,-0.401335209608078,-0.26884326338768005,-0.29864469170570374,-0.6597078442573547,0.0,0.0,0.0,1.0,0.0,0.0,-0.02429121732711792,0.025299308821558952,3.3197968006134033,-0.052255772054195404,2.514284610748291,4.1647820472717285,3.320208045149576,-0.02429121732711792,0.025299308821558952,0.03507304187095674
892,6,19,2.3312129974365234,label_Hqql,label_Hqql,0.99868243932724,-0.5542511940002441,-0.6184611320495605,-0.47311362624168396,-0.5157704949378967,-0.5510876178741455,0.0,0.0,0.0,1.0,0.0,0.0,-0.055221736431121826,0.028686165809631348,2.479696750640869,-0.030632004141807556,1.7826036214828491,3.0540974140167236,2.4798859439128704,-0.055221736431121826,0.028686165809631348,0.06222809882461419
892,7,18,2.2784464359283447,label_Hqql,label_Hqql,0.99868243932724,-0.4427184760570526,-0.49312835931777954,-0.361581027507782,-0.3904378414154053,-0.4760359823703766,-1.0,1.0,0.0,0.0,0.0,0.0,-0.02326655387878418,0.0775771290063858,2.906290054321289,0.10623867064714432,2.2060470581054688,3.6529347896575928,2.9082311694546763,-0.02326655387878418,0.0775771290063858,0.08099100860137373
892,8,22,2.264479160308838,label_Hqql,label_Hqql,0.99868243932724,-0.8917679786682129,-0.9856755137443542,-0.8106303811073303,-0.8829848170280457,-0.2706781029701233,0.0,0.0,0.0,1.0,0.0,0.0,-0.13127100467681885,0.016711637377738953,1.5307377576828003,-0.03724564611911774,0.9602953791618347,1.8074049949645996,1.5311908179422309,-0.13127100467681885,0.016711637377738953,0.13233047832115788
892,9,23,2.2313547134399414,label_Hqql,label_Hqql,0.99868243932724,-0.9212848544120789,-1.0197890996932983,-0.8401473760604858,-0.9170984029769897,-0.2165977954864502,0.0,0.0,0.0,1.0,0.0,0.0,-0.1437358260154724,0.024746645241975784,1.4677727222442627,-0.023915093392133713,0.8991166353225708,1.721435308456421,1.4679675391016955,-0.1437358260154724,0.024746645241975784,0.14585055409933265
892,10,2,2.2079830169677734,label_Hqql,label_Hqql,0.99868243932724,1.019371747970581,0.958838164806366,1.1005092859268188,1.0615288019180298,-0.5203912258148193,-1.0,1.0,0.0,0.0,0.0,0.0,-0.04628831148147583,0.05238042771816254,23.480754852294922,0.2663246691226959,17.138662338256836,29.071807861328125,23.482265164650425,-0.04628831148147583,0.05238042771816254,0.06990219587211675
892,11,7,2.204693078994751,label_Hqql,label_Hqql,0.99868243932724,0.14851458370685577,0.09188878536224365,0.22965212166309357,0.19457921385765076,-0.5988788604736328,0.0,0.0,0.0,1.0,0.0,0.0,-0.03684884309768677,0.034209202975034714,6.767559051513672,-0.046219490468502045,5.018766403198242,8.425557136535645,6.7677168792011235,-0.03684884309768677,0.034209202975034714,0.05028028247558939
892,12,17,2.192164897918701,label_Hqql,label_Hqql,0.99868243932724,-0.40401116013526917,-0.459653377532959,-0.3228735327720642,-0.35696277022361755,-0.6227102279663086,1.0,1.0,0.0,0.0,0.0,0.0,-0.03560483455657959,0.026396485045552254,3.073245048522949,-0.04500221461057663,2.2840464115142822,3.8318674564361572,3.0735745196091604,-0.03560483455657959,0.026396485045552254,0.04432243976318844
892,13,12,2.166966676712036,label_Hqql,label_Hqql,0.99868243932724,-0.23342156410217285,-0.2688228189945221,-0.15228386223316193,-0.16613230109214783,-0.5245609283447266,0.0,0.0,0.0,1.0,0.0,0.0,0.012748360633850098,0.06766940653324127,3.920370101928711,0.10442706197500229,3.1541104316711426,5.032754421234131,3.9217606693128615,0.012748360633850098,0.06766940653324127,0.06885977983853692
892,14,11,2.1615726947784424,label_Hqql,label_Hqql,0.99868243932724,-0.08968905359506607,-0.12079940736293793,-0.008551597595214844,-0.01810889132320881,-0.5079116821289062,-1.0,1.0,0.0,0.0,0.0,0.0,0.02208501100540161,0.06960226595401764,4.813694000244141,0.13753387331962585,3.9309046268463135,6.21788215637207,4.81565836561282,0.02208501100540161,0.06960226595401764,0.07302207294402503
892,15,6,2.124338150024414,label_Hqql,label_Hqql,0.99868243932724,0.2419881820678711,0.19189824163913727,0.3231258690357208,0.2945888340473175,-0.5823577046394348,0.0,0.0,0.0,1.0,0.0,0.0,-0.02130371332168579,0.05006657913327217,7.734236240386963,0.06982593238353729,5.886132717132568,9.719559669494629,7.734551433854991,-0.02130371332168579,0.05006657913327217,0.05441057385656557
892,16,3,2.106468677520752,label_Hqql,label_Hqql,0.99868243932724,0.9374114871025085,0.9094964265823364,1.0185489654541016,1.0121870040893555,0.6061353087425232,1.0,1.0,0.0,0.0,0.0,0.0,0.029414117336273193,0.3503010869026184,19.896730422973633,6.357292652130127,17.2481746673584,27.093141555786133,20.887677022333342,0.029414117336273193,0.3503010869026184,0.3515338415911445
903,1,0,4.321870803833008,label_Hqql,label_Hqql,0.9640886783599854,2.7985990047454834,2.652702808380127,2.9087977409362793,2.8847646713256836,-0.49920451641082764,-1.0,0.0,0.0,0.0,0.0,1.0,-0.0655849277973175,-0.036789774894714355,243.82501220703125,171.79714965820312,-133.7232208251953,326.8742980957031,298.26983958899024,-0.0655849277973175,-0.036789774894714355,0.07519887160711326
903,2,17,2.893886089324951,label_Hqql,label_Hqql,0.9640886783599854,-0.6793637275695801,-0.6575444340705872,-0.5691648721694946,-0.42548301815986633,2.3403799533843994,0.0,0.0,1.0,0.0,0.0,0.0,0.35930705070495605,-0.6980491280555725,2.0716676712036133,-0.09839146584272385,-2.0100998878479004,2.8882501125335693,2.0740028496752076,0.35930705070495605,-0.6980491280555725,0.7850949890716657
903,3,1,2.7523486614227295,label_Hqql,label_Hqql,0.9640886783599854,1.9506986141204834,1.846397042274475,2.0608975887298584,2.078458309173584,-0.35302114486694336,0.0,0.0,1.0,0.0,0.0,0.0,0.0633586049079895,0.09204655885696411,65.43917083740234,60.0690803527832,-52.743350982666016,103.30750274658203,88.82893388032896,0.0633586049079895,0.09204655885696411,0.11174471716056768
903,4,11,2.295179843902588,label_Hqql,label_Hqql,0.9640886783599854,-0.262363463640213,-0.36138251423835754,-0.15216469764709473,-0.12932105362415314,-0.2550271153450012,-1.0,1.0,0.0,0.0,0.0,0.0,0.07702386379241943,-0.1123812198638916,3.2309467792510986,1.9288710355758667,-2.2942960262298584,4.409402847290039,3.7629191543582974,0.07702386379241943,-0.1123812198638916,0.13624321697467925
903,5,4,2.269566774368286,label_Hqql,label_Hqql,0.9640886783599854,0.5105817914009094,0.3937264680862427,0.6207807064056396,0.6257880330085754,-0.5416927337646484,-1.0,1.0,0.0,0.0,0.0,0.0,0.02715766429901123,0.058588624000549316,8.615066528320312,7.392615795135498,-6.266830921173096,12.96776008605957,11.352098466004946,0.02715766429901123,0.058588624000549316,0.06457681931200647
903,6,2,2.264765977859497,label_Hqql,label_Hqql,0.9640886783599854,1.3614593744277954,1.2644339799880981,1.4716583490371704,1.4964954853057861,-0.3725263178348541,1.0,1.0,0.0,0.0,0.0,0.0,0.08341944217681885,0.0667986273765564,28.845335006713867,25.166399002075195,-23.627328872680664,44.985233306884766,38.2805562966528,0.08341944217681885,0.0667986273765564,0.10686842355197186
903,7,16,2.2354488372802734,label_Hqql,label_Hqql,0.9640886783599854,-0.6395919322967529,-0.7321146130561829,-0.5293929576873779,-0.5000531673431396,-0.2814505100250244,0.0,0.0,0.0,1.0,0.0,0.0,0.09557437896728516,0.08758646249771118,1.623820424079895,1.4772753715515137,-1.3864001035690308,2.5963897705078125,2.1952528995657135,0.09557437896728516,0.08758646249771118,0.12963738013337514
903,8,13,2.2290968894958496,label_Hqql,label_Hqql,0.9640886783599854,-0.35390380024909973,-0.42236313223838806,-0.24370484054088593,-0.19030174612998962,-0.17325955629348755,-1.0,1.0,0.0,0.0,0.0,0.0,0.1564115285873413,-0.009255290031433105,2.6456058025360107,1.9752675294876099,-2.326714277267456,4.04153299331665,3.3016529005121504,0.1564115285873413,-0.009255290031433105,0.15668511948680586
903,9,5,2.159334897994995,label_Hqql,label_Hqql,0.9640886783599854,0.39156654477119446,0.2735271155834198,0.5017654895782471,0.5055886507034302,-0.4719449579715729,0.0,0.0,0.0,1.0,0.0,0.0,0.02376842498779297,0.07849407196044922,7.142493724822998,6.380183219909668,-5.249943256378174,10.921714782714844,9.577157956761118,0.02376842498779297,0.07849407196044922,0.08201376323113409
903,10,10,2.1319327354431152,label_Hqql,label_Hqql,0.9640886783599854,-0.2574734389781952,-0.3606967628002167,-0.14727438986301422,-0.12863512337207794,-0.4497475326061249,0.0,0.0,0.0,1.0,0.0,0.0,0.06636923551559448,0.05711764097213745,2.8793115615844727,2.4634013175964355,-2.263223648071289,4.413724422454834,3.789298235849201,0.06636923551559448,0.05711764097213745,0.08756312199291688
903,11,20,2.127594232559204,label_Hqql,label_Hqql,0.9640886783599854,-1.1454418897628784,-1.2644802331924438,-1.0352429151535034,-1.0324184894561768,0.8627374768257141,0.0,0.0,0.0,1.0,0.0,0.0,0.020792901515960693,-0.4151639938354492,1.0363259315490723,0.24858887493610382,-0.5805879235267639,1.2136104106903076,1.065724103669918,0.020792901515960693,-0.4151639938354492,0.4156843592569407
903,12,19,2.1107044219970703,label_Hqql,label_Hqql,0.9640886783599854,-1.0259544849395752,-1.0597522258758545,-0.915755569934845,-0.827690839767456,0.8313397765159607,0.0,0.0,0.0,1.0,0.0,0.0,0.23952794075012207,-0.3300843834877014,1.1997153759002686,0.3982475697994232,-1.0225791931152344,1.625910997390747,1.2640878569239835,0.23952794075012207,-0.3300843834877014,0.407834935510005
903,13,9,2.105300188064575,label_Hqql,label_Hqql,0.9640886783599854,-0.20110423862934113,-0.2973116338253021,-0.09090528637170792,-0.06525015830993652,-0.24580413103103638,1.0,1.0,0.0,0.0,0.0,0.0,0.08485770225524902,0.10952162742614746,2.9766287803649902,2.8297791481018066,-2.541884660720825,4.8320417404174805,4.107063296703492,0.08485770225524902,0.10952162742614746,0.13854896789984525
903,14,6,2.104029893875122,label_Hqql,label_Hqql,0.9640886783599854,0.06574507802724838,-0.03249398246407509,0.17594394087791443,0.19956764578819275,-0.38296979665756226,0.0,0.0,0.0,1.0,0.0,0.0,0.08012020587921143,0.06671124696731567,4.531277656555176,3.9526612758636475,-3.68801212310791,7.053895473480225,6.012986642468799,0.08012020587921143,0.06671124696731567,0.10425755541955417
903,15,3,2.063760995864868,label_Hqql,label_Hqql,0.9640886783599854,0.9642004370689392,0.8679459095001221,1.0743992328643799,1.10000741481781,-0.2801819443702698,1.0,1.0,0.0,0.0,0.0,0.0,0.0854940414428711,0.09787207841873169,15.902223587036133,14.768867492675781,-13.448067665100098,25.531747817993164,21.702538147145457,0.0854940414428711,0.09787207841873169,0.12995451071908865
903,16,12,2.031914472579956,label_Hqql,label_Hqql,0.9640886783599854,-0.2833700478076935,-0.36634716391563416,-0.17317117750644684,-0.13428577780723572,-0.20893394947052002,0.0,0.0,0.0,1.0,0.0,0.0,0.1206936240196228,0.08525252342224121,2.706857442855835,2.451049566268921,-2.4154224395751953,4.37824010848999,3.651673752165039,0.1206936240196228,0.08525252342224121,0.1477665172792871
905,1,0,4.487154960632324,label_Hqql,label_Hqql,0.9979046583175659,2.824876308441162,3.171795606613159,2.8935248851776123,2.9163260459899902,-0.4634210169315338,-1.0,0.0,0.0,0.0,0.0,1.0,0.03902864456176758,0.0745459794998169,101.43284606933594,-292.5965576171875,612.3221435546875,686.1776733398438,309.6794597501644,0.03902864456176758,0.0745459794998169,0.08414474526621321
905,2,16,2.7941527366638184,label_Hqql,label_Hqql,0.9979046583175659,-0.16803070902824402,0.12979502975940704,-0.0993824452161789,-0.12567444145679474,-0.3391988277435303,0.0,0.0,1.0,0.0,0.0,0.0,-0.040317535400390625,0.10791480541229248,1.5452606678009033,-4.01893424987793,7.782713413238525,8.894396781921387,4.3057708991880155,-0.040317535400390625,0.10791480541229248,0.11520029899238414
905,3,28,2.7203853130340576,label_Hqql,label_Hqql,0.9979046583175659,-0.8063669204711914,-0.4617079794406891,-0.7377184629440308,-0.7171776294708252,-0.5889437198638916,0.0,0.0,0.0,1.0,0.0,0.0,0.035408616065979004,-0.03911876678466797,0.3775692284107208,-1.6881641149520874,3.406583070755005,3.820636749267578,1.729871845326882,0.035408616065979004,-0.03911876678466797,0.05276407875118402
905,4,2,2.544140338897705,label_Hqql,label_Hqql,0.9979046583175659,1.0093133449554443,1.3420101404190063,1.0779614448547363,1.0865405797958374,-0.7344839572906494,1.0,1.0,0.0,0.0,0.0,0.0,0.01619589328765869,-0.0024423599243164062,5.877124309539795,-22.38871955871582,44.60929870605469,50.25737762451172,23.14725369517101,0.01619589328765869,-0.0024423599243164062,0.016379013443584896
905,5,20,2.500152349472046,label_Hqql,label_Hqql,0.9979046583175659,-0.376544326543808,-0.049197304993867874,-0.307896226644516,-0.3046668469905853,-0.09083575010299683,0.0,0.0,1.0,0.0,0.0,0.0,0.007580995559692383,-0.17712891101837158,0.2619062066078186,-3.185826301574707,6.1008620262146,6.887568473815918,3.196573804069738,0.007580995559692383,-0.17712891101837158,0.17729106749137213
905,6,1,2.495373249053955,label_Hqql,label_Hqql,0.9979046583175659,1.0400539636611938,1.3709826469421387,1.108702301979065,1.1155129671096802,-0.6808501482009888,0.0,0.0,0.0,1.0,0.0,0.0,0.013353347778320312,-0.02662670612335205,5.5734663009643555,-23.53549575805664,46.4629020690918,52.38114547729492,24.186423612958727,0.013353347778320312,-0.02662670612335205,0.029787470115270373
905,7,22,2.4571726322174072,label_Hqql,label_Hqql,0.9979046583175659,-0.42030349373817444,-0.11006668955087662,-0.3516552448272705,-0.3655363917350769,-0.6555612087249756,0.0,0.0,0.0,1.0,0.0,0.0,-0.020108938217163086,-0.029992341995239258,0.6821349263191223,-2.9243602752685547,5.554169654846191,6.313952445983887,3.0028638126417206,-0.020108938217163086,-0.029992341995239258,0.03610969363731953
905,8,4,2.4529013633728027,label_Hqql,label_Hqql,0.9979046583175659,0.904981791973114,1.2447773218154907,0.9736300706863403,0.989307701587677,-0.6052557826042175,0.0,0.0,1.0,0.0,0.0,0.0,0.02760934829711914,-0.0401005744934082,4.333530902862549,-19.465518951416016,38.92896270751953,43.73957443237305,19.94206403896048,0.02760934829711914,-0.0401005744934082,0.048686057430161835
905,9,10,2.3885860443115234,label_Hqql,label_Hqql,0.9979046583175659,0.2853698432445526,0.6279831528663635,0.35401812195777893,0.3725135326385498,-0.6715436577796936,1.0,1.0,0.0,0.0,0.0,0.0,0.0320967435836792,0.0010552406311035156,2.117196559906006,-7.952033996582031,16.14512062072754,18.121858596801758,8.22905620080907,0.0320967435836792,0.0010552406311035156,0.03211408540603303
905,10,21,2.3656227588653564,label_Hqql,label_Hqql,0.9979046583175659,-0.40629300475120544,-0.04983750358223915,-0.33764490485191345,-0.3053070604801178,-0.5373048782348633,-1.0,1.0,0.0,0.0,0.0,0.0,0.0540391206741333,-0.037320494651794434,0.6740434765815735,-2.9885008335113525,6.160109996795654,6.881272315979004,3.063571745564354,0.0540391206741333,-0.037320494651794434,0.06567378384323655
905,11,18,2.3194470405578613,label_Hqql,label_Hqql,0.9979046583175659,-0.2797791063785553,0.036031197756528854,-0.2111309915781021,-0.21943826973438263,-0.5844438076019287,0.0,0.0,0.0,1.0,0.0,0.0,-0.011067986488342285,-0.05274021625518799,0.7522649168968201,-3.592539072036743,6.859015941619873,7.779353141784668,3.670454943096891,-0.011067986488342285,-0.05274021625518799,0.053889059516288855
905,12,6,2.2817740440368652,label_Hqql,label_Hqql,0.9979046583175659,0.7331282496452332,1.0739516019821167,0.8017765283584595,0.818481981754303,-0.5974406599998474,-1.0,1.0,0.0,0.0,0.0,0.0,0.02924954891204834,-0.041338324546813965,3.3713104724884033,-15.2322416305542,30.510656356811523,34.268157958984375,15.60086277721519,0.02924954891204834,-0.041338324546813965,0.050639837952900585
905,13,11,2.258500814437866,label_Hqql,label_Hqql,0.9979046583175659,0.28283825516700745,0.5969671010971069,0.35148635506629944,0.3414974510669708,-0.6654074788093567,1.0,1.0,0.0,0.0,0.0,0.0,-0.013829946517944336,-0.03067457675933838,1.8571275472640991,-7.98626184463501,15.274263381958008,17.3364315032959,8.199347594649232,-0.013829946517944336,-0.03067457675933838,0.03364813635335162
905,14,30,2.199781656265259,label_Hqql,label_Hqql,0.9979046583175659,-0.934532880783081,-0.7711711525917053,-0.8658846020698547,-1.0266406536102295,0.36533433198928833,-1.0,1.0,0.0,0.0,0.0,0.0,-0.26977360248565674,-0.10998845100402832,0.2140694558620453,-1.4244507551193237,1.9837015867233276,2.455491304397583,1.4404463494670963,-0.26977360248565674,-0.10998845100402832,0.29133358191659725
905,15,15,2.1962218284606934,label_Hqql,label_Hqql,0.9979046583175659,-0.16384519636631012,0.2036755532026291,-0.09519710391759872,-0.05179424211382866,-0.40404438972473145,0.0,0.0,0.0,1.0,0.0,0.0,0.07188832759857178,-0.06805050373077393,0.8227545022964478,-4.252737522125244,8.884822845458984,9.884471893310547,4.331593402333723,0.07188832759857178,-0.06805050373077393,0.09898890191800115
905,16,14,2.1902973651885986,label_Hqql,label_Hqql,0.9979046583175659,-0.07234252244234085,0.2540014684200287,-0.00369434361346066,-0.0014679908053949475,-0.5229736566543579,1.0,1.0,0.0,0.0,0.0,0.0,0.00586545467376709,-0.0690077543258667,0.9330094456672668,-4.847512722015381,9.403358459472656,10.62127685546875,4.93648520870926,0.00586545467376709,-0.0690077543258667,0.06925657886171674
909,1,0,4.518932342529297,label_Hqql,label_Hqql,0.9999573230743408,3.4683423042297363,3.461195707321167,3.164834499359131,3.146960735321045,-0.6517285108566284,-1.0,0.0,0.0,0.0,1.0,0.0,-0.03423154354095459,-0.014220714569091797,-330.7249755859375,-702.5287475585938,688.0929565429688,1037.4957275390625,776.4828720728908,-0.03423154354095459,-0.014220714569091797,0.03706787417767371
909,2,1,2.569573163986206,label_Hqql,label_Hqql,0.9999573230743408,1.5256469249725342,1.5501248836517334,1.2221391201019287,1.2358900308609009,-0.39809852838516235,1.0,1.0,0.0,0.0,0.0,0.0,0.032045841217041016,0.09522795677185059,-15.708224296569824,-45.77981948852539,47.27375411987305,67.65789794921875,48.39979527801038,0.032045841217041016,0.09522795677185059,0.10047536857483653
909,3,13,2.492666721343994,label_Hqql,label_Hqql,0.9999573230743408,-0.7504281401634216,-0.683432936668396,-1.0539360046386719,-0.997667670249939,-0.1459592580795288,0.0,0.0,0.0,1.0,0.0,0.0,0.1164999008178711,0.11473166942596436,-0.5734583735466003,-1.7838753461837769,2.058192491531372,2.783383369445801,1.8737838074102897,0.1164999008178711,0.11473166942596436,0.16351019191427354
909,4,4,2.317748785018921,label_Hqql,label_Hqql,0.9999573230743408,0.5303452610969543,0.6923274397850037,0.2268376350402832,0.37809276580810547,0.4766083359718323,0.0,0.0,1.0,0.0,0.0,0.0,0.29140836000442505,-0.13015079498291016,-6.1623005867004395,-9.918795585632324,16.072486877441406,19.866586685180664,11.677176644652073,0.29140836000442505,-0.13015079498291016,0.31915209808984824
909,5,7,2.2687876224517822,label_Hqql,label_Hqql,0.9999573230743408,0.16911377012729645,0.19889239966869354,-0.13439393043518066,-0.11534242331981659,-0.49925851821899414,-1.0,1.0,0.0,0.0,0.0,0.0,0.03634786605834961,0.06581544876098633,-2.4549660682678223,-6.523166179656982,6.8496527671813965,9.817160606384277,6.969831805988366,0.03634786605834961,0.06581544876098633,0.0751853753239667
909,6,14,2.224804639816284,label_Hqql,label_Hqql,0.9999573230743408,-0.8474485278129578,-0.8353464007377625,-1.1509562730789185,-1.1495810747146606,-0.25825220346450806,0.0,0.0,0.0,1.0,0.0,0.0,0.006540417671203613,0.13527894020080566,-0.4672258794307709,-1.5629279613494873,1.5356707572937012,2.2403857707977295,1.6312706197249804,0.006540417671203613,0.13527894020080566,0.13543695479878062
909,7,8,2.1896305084228516,label_Hqql,label_Hqql,0.9999573230743408,-0.012189113534986973,0.07408630847930908,-0.3156968057155609,-0.24014835059642792,-0.05251646041870117,0.0,0.0,0.0,1.0,0.0,0.0,0.15333938598632812,0.10680711269378662,-1.6868764162063599,-5.108129024505615,6.207329273223877,8.213979721069336,5.379454821313207,0.15333938598632812,0.10680711269378662,0.18687088220653147
909,8,15,2.1362557411193848,label_Hqql,label_Hqql,0.9999573230743408,-1.0888789892196655,-0.9649900197982788,-1.39238703250885,-1.2792248725891113,0.3365841507911682,0.0,0.0,0.0,1.0,0.0,0.0,0.2231099009513855,0.17595720291137695,-0.2856392562389374,-1.1195495128631592,1.45966374874115,1.8616119623184204,1.1554137338879396,0.2231099009513855,0.17595720291137695,0.28414602787815374
909,9,11,2.1201961040496826,label_Hqql,label_Hqql,0.9999573230743408,-0.29160937666893005,-0.27593788504600525,-0.5951170921325684,-0.5901723504066467,-0.4740559756755829,0.0,0.0,0.0,1.0,0.0,0.0,0.013958215713500977,0.08028161525726318,-1.2221759557724,-3.395697593688965,3.4343035221099854,4.981858730316162,3.608943919577195,0.013958215713500977,0.08028161525726318,0.08148600821134791
909,10,5,2.0178534984588623,label_Hqql,label_Hqql,0.9999573230743408,0.46480968594551086,0.6796213388442993,0.1613020896911621,0.3653865158557892,0.7379090189933777,0.0,0.0,1.0,0.0,0.0,0.0,0.3829898238182068,-0.033786773681640625,-4.716476917266846,-9.530330657958984,16.356576919555664,19.509227752685547,10.633548653255126,0.3829898238182068,-0.033786773681640625,0.3844772440913968
909,11,3,1.9869602918624878,label_Hqql,label_Hqql,0.9999573230743408,0.5513986349105835,0.7233422994613647,0.24789084494113922,0.4091074764728546,0.5101032853126526,-1.0,1.0,0.0,0.0,0.0,0.0,0.3089056611061096,0.10885977745056152,-3.7500405311584473,-11.434488296508789,16.924007415771484,20.766603469848633,12.033716241806918,0.3089056611061096,0.10885977745056152,0.3275258136544178
909,12,2,1.9336296319961548,label_Hqql,label_Hqql,0.9999573230743408,1.2059522867202759,1.276364803314209,0.9024445414543152,0.9621300101280212,-0.10108625888824463,0.0,0.0,1.0,0.0,0.0,0.0,0.12308841943740845,0.12401318550109863,-9.110413551330566,-29.269725799560547,33.97243881225586,45.75852966308594,30.65479543982846,0.12308841943740845,0.12401318550109863,0.17472844410035043
909,13,9,1.849827527999878,label_Hqql,label_Hqql,0.9999573230743408,-0.12361447513103485,0.04679379239678383,-0.4271222651004791,-0.2674410343170166,0.47520941495895386,-1.0,1.0,0.0,0.0,0.0,0.0,0.30604881048202515,0.08926963806152344,-1.514817476272583,-4.330536365509033,6.429656982421875,7.899885177612305,4.587833606335023,0.30604881048202515,0.08926963806152344,0.3188023567621449
909,14,12,1.786187767982483,label_Hqql,label_Hqql,0.9999573230743408,-0.43863946199417114,-0.2692601680755615,-0.7421471476554871,-0.5834946632385254,0.42760759592056274,1.0,1.0,0.0,0.0,0.0,0.0,0.30396074056625366,0.04238688945770264,-1.0941985845565796,-2.712873935699463,4.089076995849609,5.029611110687256,2.9252274327722136,0.30396074056625366,0.04238688945770264,0.3069019064839527
909,15,10,1.774154543876648,label_Hqql,label_Hqql,0.9999573230743408,-0.18065866827964783,-0.02748110331594944,-0.48416662216186523,-0.3417157530784607,0.3094070553779602,1.0,1.0,0.0,0.0,0.0,0.0,0.27556854486465454,0.031400203704833984,-1.6247955560684204,-3.9041919708251953,5.707281589508057,7.104591369628906,4.2287912627694935,0.27556854486465454,0.031400203704833984,0.27735175447710475
909,16,6,1.6841334104537964,label_Hqql,label_Hqql,0.9999573230743408,0.18482215702533722,0.3275328576564789,-0.11868562549352646,0.013298368081450462,0.2808294892311096,0.0,0.0,0.0,1.0,0.0,0.0,0.2571231722831726,0.08306443691253662,-2.395240306854248,-6.713517189025879,9.400911331176758,11.79769515991211,7.128007377586331,0.2571231722831726,0.08306443691253662,0.27020737666569883
921,1,0,4.500467300415039,label_Hqql,label_Hqql,0.9999858140945435,2.9950478076934814,3.1471188068389893,2.961235523223877,2.958068370819092,-0.7839924693107605,1.0,0.0,0.0,0.0,1.0,0.0,-0.003063678741455078,-0.0025746822357177734,-387.53631591796875,-75.91959381103516,531.8253784179688,662.4095458984375,394.90274863528646,-0.003063678741455078,-0.0025746822357177734,0.0040018890596522595
921,2,11,2.5305964946746826,label_Hqql,label_Hqql,0.9999858140945435,0.0047148107551038265,0.14291715621948242,-0.02909712679684162,-0.04613323137164116,-0.656598687171936,1.0,1.0,0.0,0.0,0.0,0.0,-0.02802860736846924,-0.02235269546508789,-5.428036689758301,-0.9523096084594727,7.193234443664551,9.062702178955078,5.510941470903723,-0.02802860736846924,-0.02235269546508789,0.03585032532029199
921,3,2,2.3845558166503906,label_Hqql,label_Hqql,0.9999858140945435,1.3710622787475586,1.4899566173553467,1.3372503519058228,1.3009060621261597,-0.41483065485954285,0.0,0.0,0.0,1.0,0.0,0.0,-0.06291544437408447,0.07289624214172363,-37.41440963745117,-10.311419486999512,48.46052169799805,62.08531188964844,38.80932130759146,-0.06291544437408447,0.07289624214172363,0.09629234268192524
921,4,13,2.350477933883667,label_Hqql,label_Hqql,0.9999858140945435,-0.07575231790542603,0.11387760192155838,-0.10956425219774246,-0.07517294585704803,-0.5354005098342896,0.0,0.0,0.0,1.0,0.0,0.0,0.06283819675445557,-0.02066802978515625,-4.837158679962158,-0.8570466041564941,7.173593521118164,8.694427490234375,4.912497631228887,0.06283819675445557,-0.02066802978515625,0.06614987850746043
921,5,22,2.314694881439209,label_Hqql,label_Hqql,0.9999858140945435,-0.6800675988197327,-0.46961480379104614,-0.7138794660568237,-0.6586652398109436,1.5454185009002686,0.0,0.0,0.0,1.0,0.0,0.0,0.0986483097076416,0.5779967308044434,-1.481635332107544,-1.4483100175857544,3.1588528156280518,3.777723789215088,2.0719182330364005,0.0986483097076416,0.5779967308044434,0.5863545939351025
921,6,1,2.3008220195770264,label_Hqql,label_Hqql,0.9999858140945435,1.7290270328521729,1.81452476978302,1.6952152252197266,1.625474452972412,-0.26237791776657104,0.0,0.0,1.0,0.0,0.0,0.0,-0.12503564357757568,0.04930448532104492,-62.78007507324219,-15.718616485595703,74.53253936767578,98.709228515625,64.71794751398693,-0.12503564357757568,0.04930448532104492,0.13440552234797376
921,7,10,2.2891721725463867,label_Hqql,label_Hqql,0.9999858140945435,0.08918862044811249,0.2554748058319092,0.05537676811218262,0.0664244145154953,-0.26059669256210327,0.0,0.0,1.0,0.0,0.0,0.0,0.02209150791168213,-0.13302898406982422,-6.205441474914551,-0.39145416021347046,8.638672828674316,10.643655776977539,6.2177761505330915,0.02209150791168213,-0.13302898406982422,0.13485082619124533
921,8,25,2.2722842693328857,label_Hqql,label_Hqql,0.9999858140945435,-1.1762489080429077,-0.8268563747406006,-1.210060715675354,-1.0159066915512085,0.5276264548301697,0.0,0.0,0.0,1.0,0.0,0.0,0.3276996612548828,0.05267763137817383,-0.9884601831436157,-0.25103282928466797,2.025463104248047,2.267723798751831,1.0198387201116534,0.3276996612548828,0.05267763137817383,0.3319066146285423
921,9,6,2.1376442909240723,label_Hqql,label_Hqql,0.9999858140945435,0.4390357434749603,0.6335016489028931,0.40522387623786926,0.44445109367370605,-0.5151078701019287,0.0,0.0,0.0,1.0,0.0,0.0,0.0711979866027832,0.0018887519836425781,-10.04906177520752,-2.0152587890625,15.118724822998047,18.265287399291992,10.249141942076447,0.0711979866027832,0.0018887519836425781,0.07122303475944991
921,10,18,2.074798822402954,label_Hqql,label_Hqql,0.9999858140945435,-0.413578063249588,-0.25752565264701843,-0.447390079498291,-0.4465762972831726,-0.2733142375946045,0.0,0.0,0.0,1.0,0.0,0.0,0.004009366035461426,0.13161039352416992,-2.8705742359161377,-0.9756743311882019,4.119146347045898,5.114635944366455,3.0318536977309876,0.004009366035461426,0.13161039352416992,0.13167144982718607
921,11,12,2.066516637802124,label_Hqql,label_Hqql,0.9999858140945435,-0.07534275949001312,0.1324494630098343,-0.10915470123291016,-0.05660109594464302,-0.407595694065094,1.0,1.0,0.0,0.0,0.0,0.0,0.09226453304290771,-0.03333282470703125,-4.850461483001709,-0.7961835861206055,7.436931133270264,8.92818832397461,4.91537230542011,0.09226453304290771,-0.03333282470703125,0.09810107675543364
921,12,16,2.056429386138916,label_Hqql,label_Hqql,0.9999858140945435,-0.325313001871109,-0.2424815148115158,-0.3591250479221344,-0.4315319061279297,-0.24114567041397095,-1.0,1.0,0.0,0.0,0.0,0.0,-0.13605165481567383,-0.03177785873413086,-3.3930087089538574,-0.5623681545257568,3.903325080871582,5.225747108459473,3.4392973178051105,-0.13605165481567383,-0.03177785873413086,0.13971358231685865
921,13,7,2.050372838973999,label_Hqql,label_Hqql,0.9999858140945435,0.12952281534671783,0.2307799756526947,0.09571079909801483,0.04172926023602486,-0.2791471481323242,-1.0,1.0,0.0,0.0,0.0,0.0,-0.09558534622192383,0.0884246826171875,-6.3218913078308105,-1.848402738571167,7.884624004364014,10.274710655212402,6.58656985023192,-0.09558534622192383,0.0884246826171875,0.13021322094286505
921,14,4,2.0459327697753906,label_Hqql,label_Hqql,0.9999858140945435,0.67037433385849,0.7996958494186401,0.6365624666213989,0.6106452941894531,-0.4635227620601654,0.0,0.0,0.0,1.0,0.0,0.0,-0.04392075538635254,0.07174277305603027,-13.754833221435547,-3.7737696170806885,18.246767044067383,23.1599063873291,14.263126377912673,-0.04392075538635254,0.07174277305603027,0.08411930955183167
921,15,17,2.042059898376465,label_Hqql,label_Hqql,0.9999858140945435,-0.3858248293399811,-0.2759096920490265,-0.4196367561817169,-0.4649602472782135,-0.34192752838134766,0.0,0.0,0.0,1.0,0.0,0.0,-0.07941794395446777,0.08250570297241211,-3.0328991413116455,-0.8673101663589478,3.8561911582946777,4.982059478759766,3.1544736686234205,-0.07941794395446777,0.08250570297241211,0.11451812452588837
921,16,21,2.035524368286133,label_Hqql,label_Hqql,0.9999858140945435,-0.6508657932281494,-0.5307425260543823,-0.6846778988838196,-0.7197928428649902,-0.12613534927368164,0.0,0.0,0.0,1.0,0.0,0.0,-0.06066727638244629,0.15716338157653809,-2.0268402099609375,-0.7471930980682373,2.705155372619629,3.461826801300049,2.1601802615789514,-0.06066727638244629,0.15716338157653809,0.16846615960553216
926,1,0,4.383105754852295,label_Hqql,label_Hqql,0.9999943971633911,2.819659948348999,2.8387506008148193,2.910839557647705,2.9220919609069824,-0.6624050140380859,-1.0,0.0,0.0,0.0,1.0,0.0,0.033478736877441406,-0.007902383804321289,72.15172576904297,-298.7921447753906,-295.51153564453125,426.3914794921875,307.380248732623,0.033478736877441406,-0.007902383804321289,0.034398742603469604
926,2,16,3.1734306812286377,label_Hqql,label_Hqql,0.9999943971633911,-0.5204045176506042,-0.5626060962677002,-0.42922475934028625,-0.47926464676856995,2.2887206077575684,1.0,1.0,0.0,0.0,0.0,0.0,-0.10140109062194824,0.7654932737350464,2.2045509815216064,-1.3835512399673462,-2.036581039428711,3.30777907371521,2.6027406831536366,-0.10140109062194824,0.7654932737350464,0.7721801171442575
926,3,1,2.700329303741455,label_Hqql,label_Hqql,0.9999943971633911,1.970336675643921,1.9455418586730957,2.061516523361206,2.028883218765259,-0.26174861192703247,1.0,1.0,0.0,0.0,0.0,0.0,-0.06043463945388794,-0.12022817134857178,11.355029106140137,-90.6478271484375,-76.29745483398438,119.02641296386719,91.3562545901171,-0.06043463945388794,-0.12022817134857178,0.1345628434291687
926,4,10,2.4866015911102295,label_Hqql,label_Hqql,0.9999943971633911,-0.022098636254668236,-0.055950794368982315,0.06908101588487625,0.027390480041503906,-0.07443445920944214,1.0,1.0,0.0,0.0,0.0,0.0,-0.08114415407180786,0.16222965717315674,2.099917411804199,-4.870424747467041,-4.287405490875244,6.821437835693359,5.303837323781512,-0.08114415407180786,0.16222965717315674,0.18139138735493826
926,5,12,2.3677661418914795,label_Hqql,label_Hqql,0.9999943971633911,-0.1615620255470276,-0.16291961073875427,-0.07038245350122452,-0.07957825809717178,-0.5947185754776001,1.0,1.0,0.0,0.0,0.0,0.0,-0.009797155857086182,-0.0503765344619751,0.8397910594940186,-4.263830184936523,-3.9208950996398926,5.854775428771973,4.34574468527339,-0.009797155857086182,-0.0503765344619751,0.05132036133238544
926,6,14,2.297393798828125,label_Hqql,label_Hqql,0.9999943971633911,-0.2840549647808075,-0.3366462290287018,-0.1928752362728119,-0.2533048689365387,0.9889360070228577,0.0,0.0,1.0,0.0,0.0,0.0,-0.12430691719055176,0.4296115040779114,2.278139591217041,-2.849339008331299,-2.7491867542266846,4.5680060386657715,3.648102627595465,-0.12430691719055176,0.4296115040779114,0.4472340037357445
926,7,13,2.295870065689087,label_Hqql,label_Hqql,0.9999943971633911,-0.21939261257648468,-0.25342559814453125,-0.12821288406848907,-0.17008432745933533,-0.28946053981781006,-1.0,1.0,0.0,0.0,0.0,0.0,-0.08860665559768677,-0.09186685085296631,0.6097016334533691,-3.9544241428375244,-3.1960623264312744,5.144680976867676,4.001150632417129,-0.08860665559768677,-0.09186685085296631,0.1276348608407916
926,8,17,2.1791210174560547,label_Hqql,label_Hqql,0.9999943971633911,-0.6631025075912476,-0.6687042713165283,-0.5719229578971863,-0.5853628516197205,-0.049651145935058594,0.0,0.0,0.0,1.0,0.0,0.0,-0.018454790115356445,-0.1866772174835205,0.12340454757213593,-2.1191563606262207,-1.8905409574508667,2.842568874359131,2.12274641988723,-0.018454790115356445,-0.1866772174835205,0.18758721386488866
926,9,5,2.1640005111694336,label_Hqql,label_Hqql,0.9999943971633911,0.5463491082191467,0.5208159685134888,0.6375287771224976,0.6041573286056519,-0.1575537919998169,-1.0,1.0,0.0,0.0,0.0,0.0,-0.06214296817779541,-0.14810240268707275,1.1539959907531738,-11.891358375549316,-9.951313018798828,15.54941177368164,11.947221884706975,-0.06214296817779541,-0.14810240268707275,0.16061155056729373
926,10,3,2.1033456325531006,label_Hqql,label_Hqql,0.9999943971633911,0.8641065359115601,0.8443669676780701,0.9552860260009766,0.9277083277702332,-0.288791298866272,-1.0,1.0,0.0,0.0,0.0,0.0,-0.04924941062927246,-0.11793172359466553,2.380941390991211,-18.659637451171875,-15.985329627990723,24.686052322387695,18.81092639176793,-0.04924941062927246,-0.11793172359466553,0.12780217477546807
926,11,6,2.058155059814453,label_Hqql,label_Hqql,0.9999943971633911,0.4493674337863922,0.43083563446998596,0.5405470728874207,0.5141769647598267,-0.30285200476646423,-1.0,1.0,0.0,0.0,0.0,0.0,-0.04664367437362671,-0.11520254611968994,1.3447003364562988,-10.314249992370605,-8.874715805053711,13.673771858215332,10.401536997001102,-0.04664367437362671,-0.11520254611968994,0.12428700250441399
926,12,2,2.0358386039733887,label_Hqql,label_Hqql,0.9999943971633911,1.0135070085525513,0.9903402328491211,1.1046866178512573,1.0736815929412842,-0.26179349422454834,1.0,1.0,0.0,0.0,0.0,0.0,-0.05682724714279175,-0.12196230888366699,2.854278564453125,-23.110754013061523,-19.5574893951416,30.410009384155273,23.286344865086402,-0.05682724714279175,-0.12196230888366699,0.13455162877521376
926,13,4,1.9647787809371948,label_Hqql,label_Hqql,0.9999943971633911,0.736602783203125,0.7021827697753906,0.8277824521064758,0.7855241298675537,0.8444429039955139,0.0,0.0,0.0,1.0,0.0,0.0,-0.08210200071334839,0.402829110622406,9.459345817565918,-12.503433227539062,-12.654546737670898,20.148265838623047,15.678490545069373,-0.08210200071334839,0.402829110622406,0.411110728254534
926,14,15,1.8733539581298828,label_Hqql,label_Hqql,0.9999943971633911,-0.4017747938632965,-0.46427997946739197,-0.31059521436691284,-0.3809386193752289,1.0712478160858154,0.0,0.0,0.0,1.0,0.0,0.0,-0.14814358949661255,0.44373583793640137,1.9593267440795898,-2.3808517456054688,-2.232257843017578,3.8066246509552,3.0834098534930665,-0.14814358949661255,0.44373583793640137,0.46781194616860855
926,15,9,1.8511821031570435,label_Hqql,label_Hqql,0.9999943971633911,0.2616296410560608,0.2166406363248825,0.3528091311454773,0.29998183250427246,0.977337658405304,0.0,0.0,0.0,1.0,0.0,0.0,-0.10642963647842407,0.4313998222351074,4.978562355041504,-6.2040605545043945,-6.173606872558594,10.069253921508789,7.954649614344668,-0.10642963647842407,0.4313998222351074,0.4443344170165212
926,16,11,1.8285903930664062,label_Hqql,label_Hqql,0.9999943971633911,-0.028224026784300804,-0.050377488136291504,0.06295571476221085,0.03296403959393501,0.6205592751502991,1.0,1.0,0.0,0.0,0.0,0.0,-0.05488228797912598,0.35087352991104126,2.9500715732574463,-4.351979732513428,-4.429083347320557,6.8759660720825195,5.257627780620202,-0.05488228797912598,0.35087352991104126,0.3551398309483999
928,1,0,4.386582374572754,label_Hqql,label_Hqql,0.7864165902137756,3.261777639389038,3.2031126022338867,3.1717777252197266,3.1785848140716553,-0.7025031447410583,-1.0,0.0,0.0,0.0,1.0,0.0,0.022742629051208496,0.008767843246459961,-552.2443237304688,170.8288116455078,-425.1535339355469,717.5735473632812,578.062519093514,0.022742629051208496,0.008767843246459961,0.02437421283560489
928,2,14,2.599632501602173,label_Hqql,label_Hqql,0.7864165902137756,-0.7199061512947083,-0.3938591480255127,-0.8099053502082825,-0.41838741302490234,2.2480292320251465,0.0,0.0,1.0,0.0,0.0,0.0,0.741133987903595,-0.17713141441345215,-1.730747938156128,0.9140623211860657,-3.7267813682556152,4.209500789642334,1.957293629592593,0.741133987903595,-0.17713141441345215,0.7620073004886476
928,3,10,2.3374996185302734,label_Hqql,label_Hqql,0.7864165902137756,-0.552203357219696,-0.7582669854164124,-0.642202615737915,-0.782795250415802,1.6812148094177246,-1.0,1.0,0.0,0.0,0.0,0.0,-0.568530797958374,0.248091459274292,-2.482574462890625,0.15081724524497986,-0.2246888428926468,2.5011770725250244,2.487151343457,-0.568530797958374,0.248091459274292,0.6203036678853617
928,4,12,2.2183218002319336,label_Hqql,label_Hqql,0.7864165902137756,-0.6354129910469055,-0.7480002641677856,-0.7254124283790588,-0.772528350353241,-0.3239574432373047,0.0,0.0,1.0,0.0,0.0,0.0,-0.11886882781982422,-0.005808115005493164,-2.100026845932007,0.6833062171936035,-1.2510366439819336,2.5381317138671875,2.208397640845182,-0.11886882781982422,-0.005808115005493164,0.11901063997465122
928,5,8,2.111764669418335,label_Hqql,label_Hqql,0.7864165902137756,-0.4012264609336853,-0.22717000544071198,-0.49122586846351624,-0.25169801712036133,1.185654878616333,-1.0,1.0,0.0,0.0,0.0,0.0,0.4862479567527771,-0.09994745254516602,-2.8316538333892822,1.2264004945755005,-4.357501029968262,5.341312408447266,3.0858259194652002,0.4862479567527771,-0.09994745254516602,0.49641370722061934
928,6,11,2.0624632835388184,label_Hqql,label_Hqql,0.7864165902137756,-0.59822678565979,-0.654035747051239,-0.688226044178009,-0.6785638928413391,0.9360756278038025,-1.0,1.0,0.0,0.0,0.0,0.0,0.027661442756652832,0.433136522769928,-2.310898780822754,-0.2888959050178528,-1.727090835571289,2.902763605117798,2.3288868626758523,0.027661442756652832,0.433136522769928,0.4340188967920682
928,7,13,1.9584163427352905,label_Hqql,label_Hqql,0.7864165902137756,-0.6445927023887634,-0.8251403570175171,-0.7345922589302063,-0.8496686220169067,0.8355303406715393,0.0,0.0,0.0,1.0,0.0,0.0,-0.36662426590919495,-0.1810293197631836,-1.923364281654358,1.0253971815109253,-0.6458155512809753,2.273289918899536,2.179626009157152,-0.36662426590919495,-0.1810293197631836,0.40888258335049815
928,8,15,1.9118003845214844,label_Hqql,label_Hqql,0.7864165902137756,-0.9352570176124573,-1.0893092155456543,-1.0252563953399658,-1.1138372421264648,0.21626704931259155,0.0,0.0,0.0,1.0,0.0,0.0,-0.25358846783638,0.015582561492919922,-1.3775544166564941,0.41586214303970337,-0.5990894436836243,1.5586872100830078,1.4389570851361024,-0.25358846783638,0.015582561492919922,0.2540667771320827
928,9,7,1.8344372510910034,label_Hqql,label_Hqql,0.7864165902137756,-0.35666245222091675,-0.4431898891925812,-0.44666174054145813,-0.4677179753780365,-0.3032856285572052,0.0,0.0,1.0,0.0,0.0,0.0,-0.047191083431243896,-0.11486220359802246,-2.9979584217071533,1.351878046989441,-2.1389389038085938,3.92305850982666,3.288666743867008,-0.047191083431243896,-0.11486220359802246,0.124178597877445
928,10,6,1.7718214988708496,label_Hqql,label_Hqql,0.7864165902137756,0.08547717332839966,-0.03978562355041504,-0.004522132687270641,-0.06431388854980469,-0.16868650913238525,1.0,1.0,0.0,0.0,0.0,0.0,-0.15715187788009644,-0.014597415924072266,-5.864343643188477,1.9653041362762451,-3.234057903289795,6.980799198150635,6.184896661502892,-0.15715187788009644,-0.014597415924072266,0.1578283791746627
928,11,2,1.7675224542617798,label_Hqql,label_Hqql,0.7864165902137756,0.8564826846122742,0.7150160074234009,0.7664833068847656,0.6904879212379456,0.09359240531921387,-1.0,1.0,0.0,0.0,0.0,0.0,-0.2090446949005127,-0.07878470420837402,-17.227201461791992,7.032076358795166,-8.652610778808594,20.521055221557617,18.607164429893505,-0.2090446949005127,-0.07878470420837402,0.22339810671366359
928,12,1,1.722874641418457,label_Hqql,label_Hqql,0.7864165902137756,1.045969843864441,0.9202525019645691,0.955970287322998,0.8957244157791138,-0.13977384567260742,1.0,1.0,0.0,0.0,0.0,0.0,-0.15847063064575195,-0.04615974426269531,-22.87140464782715,8.47664737701416,-12.718031883239746,27.512664794921875,24.3916932851922,-0.15847063064575195,-0.04615974426269531,0.1650565441527835
928,13,9,1.7142382860183716,label_Hqql,label_Hqql,0.7864165902137756,-0.5336096286773682,-0.6681783199310303,-0.6236090660095215,-0.6927064061164856,-0.016888976097106934,0.0,0.0,0.0,1.0,0.0,0.0,-0.1861284077167511,-0.06070542335510254,-2.3817455768585205,0.9223467111587524,-1.2525625228881836,2.84470534324646,2.5541016910981624,-0.1861284077167511,-0.06070542335510254,0.1957777632518447
928,14,5,1.6863356828689575,label_Hqql,label_Hqql,0.7864165902137756,0.1790432333946228,0.05180659145116806,0.0890437588095665,0.02727832831442356,-0.0249708890914917,-1.0,1.0,0.0,0.0,0.0,0.0,-0.16316881775856018,-0.10448837280273438,-6.4742889404296875,2.8390228748321533,-3.6486294269561768,7.956660270690918,7.069403664241446,-0.16316881775856018,-0.10448837280273438,0.19375727893343628
928,15,4,1.6462212800979614,label_Hqql,label_Hqql,0.7864165902137756,0.6142817139625549,0.4908301532268524,0.5242823362350464,0.4663020670413971,-0.12060481309890747,0.0,0.0,0.0,1.0,0.0,0.0,-0.15116667747497559,-0.07744193077087402,-12.195113182067871,4.958904266357422,-6.97285270690918,14.89738941192627,13.164783213040137,-0.15116667747497559,-0.07744193077087402,0.16984880635537047
928,16,3,1.6300276517868042,label_Hqql,label_Hqql,0.7864165902137756,0.7511209845542908,0.6188338994979858,0.6611216068267822,0.5943058133125305,-0.06624150276184082,-1.0,1.0,0.0,0.0,0.0,0.0,-0.17884302139282227,-0.04080772399902344,-15.038928031921387,5.482394218444824,-7.9801530838012695,17.886539459228516,16.00706102680152,-0.17884302139282227,-0.04080772399902344,0.18343962668653127
937,1,0,4.503199100494385,label_Hqql,label_Hqql,0.9911550283432007,3.11911940574646,3.1947126388549805,3.2102606296539307,3.220932722091675,-0.6651989817619324,1.0,0.0,0.0,0.0,1.0,0.0,0.02758115530014038,0.019364595413208008,-370.2797546386719,-291.8735046386719,-529.5311889648438,709.0137939453125,471.4840818154266,0.02758115530014038,0.019364595413208008,0.03370026236111076
937,2,2,2.552983045578003,label_Hqql,label_Hqql,0.9911550283432007,0.2391611784696579,0.10778333991765976,0.33030226826667786,0.13400372862815857,1.023181676864624,0.0,0.0,1.0,0.0,0.0,0.0,-0.45534950494766235,-0.020156383514404297,-6.2335381507873535,-4.526040077209473,-3.866032600402832,8.619062423706055,7.703378262673316,-0.45534950494766235,-0.020156383514404297,0.45579540525597767
937,3,4,2.5291125774383545,label_Hqql,label_Hqql,0.9911550283432007,-0.023311113938689232,0.02227954752743244,0.06782965362071991,0.04849977418780327,1.671199083328247,-1.0,1.0,0.0,0.0,0.0,0.0,-0.031079351902008057,-0.6170175075531006,-5.292088985443115,-0.16492219269275665,-5.489421844482422,7.628016471862793,5.2946581721099735,-0.031079351902008057,-0.6170175075531006,0.6177997497099601
937,4,5,2.403728723526001,label_Hqql,label_Hqql,0.9911550283432007,-0.16072364151477814,-0.14046916365623474,-0.06958270072937012,-0.11424893885850906,1.7879815101623535,0.0,0.0,1.0,0.0,0.0,0.0,-0.08202409744262695,-0.6417748928070068,-4.350863456726074,-0.027830438688397408,-4.197429656982422,6.045593738555908,4.350952464965798,-0.08202409744262695,-0.6417748928070068,0.6469953366128095
937,5,7,2.212486982345581,label_Hqql,label_Hqql,0.9911550283432007,-0.3479442000389099,-0.4790760576725006,-0.2568032741546631,-0.45285582542419434,1.2180726528167725,-1.0,1.0,0.0,0.0,0.0,0.0,-0.45613089203834534,-0.21559953689575195,-3.0231685638427734,-1.3959101438522339,-1.668230414390564,3.7270076274871826,3.329881874048499,-0.45613089203834534,-0.21559953689575195,0.5045181374156527
937,6,8,2.209505319595337,label_Hqql,label_Hqql,0.9911550283432007,-0.4305647611618042,-0.45908060669898987,-0.33942365646362305,-0.4328603744506836,-0.04916238784790039,1.0,1.0,0.0,0.0,0.0,0.0,-0.1877000331878662,-0.001875162124633789,-2.362361192703247,-1.7821097373962402,-2.4353878498077393,3.8350043296813965,2.9591663557348045,-0.1877000331878662,-0.001875162124633789,0.18770939958275862
937,7,12,2.185509443283081,label_Hqql,label_Hqql,0.9911550283432007,-0.6852766871452332,-0.6304094195365906,-0.5941357612609863,-0.6041890382766724,0.9171348214149475,0.0,0.0,1.0,0.0,0.0,0.0,-0.012548506259918213,-0.42910027503967285,-2.0074050426483154,-0.4469371438026428,-2.187472343444824,3.0024094581604004,2.0565572726671992,-0.012548506259918213,-0.42910027503967285,0.4292837185923525
937,8,3,2.15971302986145,label_Hqql,label_Hqql,0.9911550283432007,0.2117767035961151,0.08651716262102127,0.30291748046875,0.11273755878210068,0.9910010695457458,-1.0,1.0,0.0,0.0,0.0,0.0,-0.4399656355381012,-0.0831296443939209,-6.256406784057617,-3.9665324687957764,-3.8456625938415527,8.361150741577148,7.407834074384583,-0.4399656355381012,-0.0831296443939209,0.4477502632400176
937,9,11,2.107485055923462,label_Hqql,label_Hqql,0.9911550283432007,-0.6565588116645813,-0.6060842871665955,-0.5654178261756897,-0.5798640847206116,1.2295019626617432,0.0,0.0,0.0,1.0,0.0,0.0,-0.02118593454360962,-0.5069329738616943,-2.121347427368164,-0.3016239404678345,-2.2521464824676514,3.1085777282714844,2.14268334316223,-0.02118593454360962,-0.5069329738616943,0.5073754860167639
937,10,9,2.013179063796997,label_Hqql,label_Hqql,0.9911550283432007,-0.43150511384010315,-0.5439224243164062,-0.3403642475605011,-0.5177021026611328,0.8959529995918274,-1.0,1.0,0.0,0.0,0.0,0.0,-0.39956897497177124,-0.14181208610534668,-2.584364414215088,-1.4332588911056519,-1.669939637184143,3.3972558975219727,2.9551938133385933,-0.39956897497177124,-0.14181208610534668,0.4239882469191124
937,11,10,2.0113396644592285,label_Hqql,label_Hqql,0.9911550283432007,-0.5279157161712646,-0.6241871118545532,-0.43677467107772827,-0.5979666113853455,0.7119517922401428,0.0,0.0,0.0,1.0,0.0,0.0,-0.3526383638381958,0.1360921859741211,-1.8228378295898438,-1.8187059164047241,-1.5955336093902588,3.029217004776001,2.5749619343495858,-0.3526383638381958,0.1360921859741211,0.3779879610962425
937,12,1,1.9092459678649902,label_Hqql,label_Hqql,0.9911550283432007,0.7120404839515686,0.6467559337615967,0.8031814098358154,0.6729763150215149,0.2917354702949524,0.0,0.0,1.0,0.0,0.0,0.0,-0.27283984422683716,0.007163286209106445,-12.001984596252441,-9.225401878356934,-10.832422256469727,18.614431381225586,15.137888692478635,-0.27283984422683716,0.007163286209106445,0.27293386244113854
937,13,6,1.8944251537322998,label_Hqql,label_Hqql,0.9911550283432007,-0.3090627193450928,-0.3969409167766571,-0.21792186796665192,-0.37072041630744934,0.5792635083198547,1.0,1.0,0.0,0.0,0.0,0.0,-0.34319937229156494,-0.03334951400756836,-2.87546443939209,-2.030424118041992,-2.2203421592712402,4.191009044647217,3.520073556239282,-0.34319937229156494,-0.03334951400756836,0.34481589178265143
943,1,0,4.3611369132995605,label_Hqql,label_Hqql,0.8783115744590759,3.108003616333008,3.214909076690674,3.125415325164795,3.082057237625122,-0.49017566442489624,1.0,0.0,0.0,0.0,0.0,1.0,-0.07401418685913086,-0.02283298969268799,447.16595458984375,124.05916595458984,563.217529296875,729.7684936523438,464.0561039374384,-0.07401418685913086,-0.02283298969268799,0.07745608610512628
943,2,15,2.494174003601074,label_Hqql,label_Hqql,0.8783115744590759,-0.8511439561843872,-0.5562868118286133,-0.8337323665618896,-0.6891385912895203,0.2944602370262146,-1.0,0.0,0.0,0.0,1.0,0.0,0.250512957572937,0.11003842949867249,1.492368221282959,0.6371281743049622,2.916787624359131,3.337775468826294,1.6226814901231963,0.250512957572937,0.11003842949867249,0.27361505418831483
943,3,20,2.396594285964966,label_Hqql,label_Hqql,0.8783115744590759,-1.245178461074829,-1.0068652629852295,-1.227766752243042,-1.1397173404693604,-0.16731339693069458,0.0,0.0,0.0,1.0,0.0,0.0,0.15682291984558105,0.02061176300048828,0.878991425037384,0.28551751375198364,1.4901878833770752,1.7535125017166138,0.9242002899525434,0.15682291984558105,0.02061176300048828,0.15817165663570018
943,4,18,2.330095052719116,label_Hqql,label_Hqql,0.8783115744590759,-1.137636661529541,-0.8167668581008911,-1.1202248334884644,-0.9496188759803772,0.616331160068512,0.0,0.0,1.0,0.0,0.0,0.0,0.2928013801574707,-0.19910290837287903,1.0728797912597656,0.1015363484621048,2.032632350921631,2.3006465435028076,1.0776737338140037,0.2928013801574707,-0.19910290837287903,0.35408278176813224
943,5,12,2.212204694747925,label_Hqql,label_Hqql,0.8783115744590759,-0.6098362803459167,-0.31419268250465393,-0.5924244523048401,-0.44704461097717285,0.6027202010154724,1.0,1.0,0.0,0.0,0.0,0.0,0.2512972354888916,0.24459394812583923,1.9669380187988281,1.1738463640213013,4.121040344238281,4.716907024383545,2.2905808119606452,0.2512972354888916,0.24459394812583923,0.350680053644551
943,6,17,2.2053122520446777,label_Hqql,label_Hqql,0.8783115744590759,-1.0946701765060425,-0.7826741337776184,-1.077258586883545,-0.9155259728431702,0.5310294032096863,0.0,0.0,0.0,1.0,0.0,0.0,0.27842724323272705,0.18222439289093018,1.0186761617660522,0.524759829044342,2.12636399269104,2.415470600128174,1.1458944108115126,0.27842724323272705,0.18222439289093018,0.332757357752829
943,7,16,2.199821949005127,label_Hqql,label_Hqql,0.8783115744590759,-1.0788787603378296,-0.7788006663322449,-1.061467170715332,-0.911652684211731,0.3301662802696228,0.0,0.0,0.0,1.0,0.0,0.0,0.25903797149658203,0.11282315850257874,1.076629638671875,0.463188111782074,2.1273813247680664,2.428873300552368,1.172038653698322,0.25903797149658203,0.11282315850257874,0.2825415646795389
943,8,19,2.195281982421875,label_Hqql,label_Hqql,0.8783115744590759,-1.1798350811004639,-0.9258644580841064,-1.1624234914779663,-1.0587164163589478,-0.054994404315948486,0.0,0.0,0.0,1.0,0.0,0.0,0.18303251266479492,-0.03447726368904114,0.9807902574539185,0.25984427332878113,1.687016487121582,1.9686272144317627,1.014627308669684,0.18303251266479492,-0.03447726368904114,0.18625139570986304
943,9,2,2.1609959602355957,label_Hqql,label_Hqql,0.8783115744590759,1.0678510665893555,1.3607178926467896,1.0852627754211426,1.2278660535812378,0.22908633947372437,-1.0,1.0,0.0,0.0,0.0,0.0,0.24725353717803955,0.07109397649765015,23.51233673095703,8.972591400146484,45.06801986694336,51.61863327026367,25.166195083561874,0.24725353717803955,0.07109397649765015,0.2572715785727227
943,10,9,2.134866237640381,label_Hqql,label_Hqql,0.8783115744590759,-0.0820462703704834,0.20895220339298248,-0.06463465839624405,0.07610020786523819,0.26606661081314087,1.0,0.0,0.0,0.0,1.0,0.0,0.24419927597045898,0.10676071047782898,4.48378849029541,1.896886944770813,8.6881742477417,9.95926284790039,4.868525372938662,0.24419927597045898,0.10676071047782898,0.26651667055969913
943,11,8,2.1285040378570557,label_Hqql,label_Hqql,0.8783115744590759,0.056430112570524216,0.3310813307762146,0.07384181022644043,0.19822950661182404,0.399726927280426,-1.0,1.0,0.0,0.0,0.0,0.0,0.21369993686676025,-0.21045517921447754,5.91307258605957,0.4919494688510895,10.223360061645508,11.857650756835938,5.933501637980062,0.21369993686676025,-0.21045517921447754,0.29993173469150475
943,12,14,2.08856463432312,label_Hqql,label_Hqql,0.8783115744590759,-0.806019127368927,-0.5450598001480103,-0.7886074781417847,-0.6779116988182068,0.07527869939804077,0.0,0.0,1.0,0.0,0.0,0.0,0.1946622133255005,0.09994333982467651,1.5985199213027954,0.6634497046470642,2.916928291320801,3.391740322113037,1.730731478132345,0.1946622133255005,0.09994333982467651,0.21881967112692
943,13,13,2.0085806846618652,label_Hqql,label_Hqql,0.8783115744590759,-0.7224491238594055,-0.42201700806617737,-0.7050374746322632,-0.5548688173294067,0.2554258704185486,0.0,0.0,0.0,1.0,0.0,0.0,0.259615421295166,-0.04711756110191345,1.891320824623108,0.4755735695362091,3.542158365249634,4.043531894683838,1.950196062372818,0.259615421295166,-0.04711756110191345,0.26385646010370695
943,14,1,2.0054101943969727,label_Hqql,label_Hqql,0.8783115744590759,1.104429841041565,1.3972303867340088,1.1218414306640625,1.2643784284591675,0.36953550577163696,1.0,1.0,0.0,0.0,0.0,0.0,0.2471456527709961,0.15622857213020325,23.88003921508789,11.526229858398438,47.47981262207031,54.38255310058594,26.516226120297947,0.2471456527709961,0.15622857213020325,0.292383892226374
943,15,11,1.9202251434326172,label_Hqql,label_Hqql,0.8783115744590759,-0.6024745106697083,-0.2813558876514435,-0.5850628018379211,-0.41420772671699524,0.5253265500068665,0.0,0.0,0.0,1.0,0.0,0.0,0.2932037115097046,0.1543121337890625,2.0865895748138428,1.0022128820419312,4.3679962158203125,4.943447589874268,2.3147973377063935,0.2932037115097046,0.1543121337890625,0.33133163307719293
943,16,4,1.9177969694137573,label_Hqql,label_Hqql,0.8783115744590759,0.35334017872810364,0.6099599003791809,0.3707517981529236,0.47710803151130676,0.07873016595840454,0.0,0.0,0.0,1.0,0.0,0.0,0.1874455213546753,-0.11456263065338135,8.923457145690918,1.6136428117752075,15.155418395996094,17.661218643188477,9.068182318137197,0.1874455213546753,-0.11456263065338135,0.2196825432713057
947,1,0,4.193037033081055,label_Hqql,label_Hqql,0.9436970353126526,2.800542116165161,2.693586587905884,2.8458080291748047,2.871908187866211,-0.36513885855674744,-1.0,0.0,0.0,0.0,0.0,1.0,0.10280022025108337,-0.03537130355834961,222.65809631347656,199.7086181640625,-175.00201416015625,346.5340881347656,299.0989134432633,0.10280022025108337,-0.03537130355834961,0.10871529054869958
947,2,1,2.7079873085021973,label_Hqql,label_Hqql,0.9436970353126526,1.7940776348114014,1.6403652429580688,1.8393436670303345,1.818686604499817,-0.311777800321579,-1.0,1.0,0.0,0.0,0.0,0.0,-0.04678618907928467,0.11273247003555298,45.29345703125,54.70291519165039,-29.66516876220703,76.9671859741211,71.02046310963189,-0.04678618907928467,0.11273247003555298,0.12205555001260461
947,3,28,2.680112361907959,label_Hqql,label_Hqql,0.9436970353126526,-1.1856189966201782,-1.330178141593933,-1.1403528451919556,-1.151856780052185,-0.5387739539146423,0.0,0.0,0.0,1.0,0.0,0.0,-0.014031529426574707,0.06378132104873657,0.6789132356643677,0.7427467703819275,-0.45627328753471375,1.1048897504806519,1.006278264931249,-0.014031529426574707,0.06378132104873657,0.06530651370859449
947,4,25,2.505419969558716,label_Hqql,label_Hqql,0.9436970353126526,-0.9934244155883789,-1.1241790056228638,-0.9481582045555115,-0.9458577632904053,-0.5097107887268066,0.0,0.0,0.0,1.0,0.0,0.0,0.03165385127067566,0.06530523300170898,0.8919296264648438,0.9787827134132385,-0.6675114631652832,1.4829449653625488,1.324218282097894,0.03165385127067566,0.06530523300170898,0.0725723070990137
947,5,2,2.4087963104248047,label_Hqql,label_Hqql,0.9436970353126526,1.7102512121200562,1.5136988162994385,1.7555174827575684,1.692020058631897,0.2282666563987732,0.0,0.0,0.0,1.0,0.0,0.0,-0.2565622329711914,-0.01609623432159424,46.08335494995117,42.96477508544922,-12.469439506530762,64.22721099853516,63.00513869190693,-0.2565622329711914,-0.01609623432159424,0.2570666609004356
947,6,19,2.3671696186065674,label_Hqql,label_Hqql,0.9436970353126526,-0.4022001326084137,-0.5419409871101379,-0.3569340705871582,-0.3636198043823242,-0.7483422160148621,0.0,0.0,0.0,1.0,0.0,0.0,0.002368032932281494,-0.012695491313934326,2.2467451095581055,2.109029531478882,-1.452929139137268,3.406885862350464,3.081536816585727,0.002368032932281494,-0.012695491313934326,0.012914452356586848
947,7,26,2.3012301921844482,label_Hqql,label_Hqql,0.9436970353126526,-1.0357507467269897,-1.1586095094680786,-0.9904845952987671,-0.9802884459495544,-0.31144875288009644,0.0,0.0,0.0,1.0,0.0,0.0,0.05618414282798767,0.1084480881690979,0.7990774512290955,0.9567071795463562,-0.66278076171875,1.4117690324783325,1.2465205174638447,0.05618414282798767,0.1084480881690979,0.12213781450823553
947,8,17,2.2528128623962402,label_Hqql,label_Hqql,0.9436970353126526,-0.3063986003398895,-0.45268741250038147,-0.26113247871398926,-0.2743664085865021,-0.7048345804214478,0.0,0.0,0.0,1.0,0.0,0.0,-0.020051658153533936,-0.012804687023162842,2.5765321254730225,2.4180729389190674,-1.5788532495498657,3.870190143585205,3.533496077757442,-0.020051658153533936,-0.012804687023162842,0.02379136407327959
947,9,9,2.2426791191101074,label_Hqql,label_Hqql,0.9436970353126526,0.1245972290635109,0.003998088650405407,0.16986335813999176,0.1823192536830902,0.7449243664741516,0.0,0.0,1.0,0.0,0.0,0.0,0.06302139163017273,-0.3810547888278961,6.060555458068848,2.458923578262329,-3.5282814502716064,7.431380271911621,6.5403851281145915,0.06302139163017273,-0.3810547888278961,0.38623108094983255
947,10,22,2.204225540161133,label_Hqql,label_Hqql,0.9436970353126526,-0.5711550712585449,-0.7164285182952881,-0.5258888602256775,-0.5381074547767639,0.2424209713935852,0.0,0.0,1.0,0.0,0.0,0.0,-0.01650857925415039,0.26008182764053345,1.2533437013626099,2.070991277694702,-1.0910372734069824,2.65522837638855,2.4207179319435097,-0.01650857925415039,0.26008182764053345,0.26060523835454785
947,11,21,2.181835412979126,label_Hqql,label_Hqql,0.9436970353126526,-0.46193864941596985,-0.6144145131111145,-0.41667240858078003,-0.43609341979026794,-0.4653175175189972,0.0,0.0,0.0,1.0,0.0,0.0,-0.0422225296497345,0.07223594188690186,1.8912510871887207,2.1045291423797607,-1.1958707571029663,3.0718040466308594,2.8294652473423683,-0.0422225296497345,0.07223594188690186,0.08367062393881482
947,12,11,2.1649329662323,label_Hqql,label_Hqql,0.9436970353126526,-0.03976576402783394,-0.2213602066040039,0.00550045957788825,-0.04303903505206108,-0.07644385099411011,-1.0,1.0,0.0,0.0,0.0,0.0,-0.16759511828422546,0.06806409358978271,3.4728150367736816,3.8321688175201416,-1.4972323179244995,5.385828495025635,5.17164984561166,-0.16759511828422546,0.06806409358978271,0.1808890392171461
947,13,23,2.1645021438598633,label_Hqql,label_Hqql,0.9436970353126526,-0.7475214600563049,-0.876479983329773,-0.702255368232727,-0.6981588006019592,-0.2936989665031433,0.0,0.0,0.0,1.0,0.0,0.0,0.037325501441955566,0.12094670534133911,1.188037395477295,1.4590798616409302,-0.9604328274726868,2.1125288009643555,1.8815809564561898,0.037325501441955566,0.12094670534133911,0.1265752684801345
947,14,15,2.1590235233306885,label_Hqql,label_Hqql,0.9436970353126526,-0.24097029864788055,-0.39767464995384216,-0.19570407271385193,-0.21935348212718964,-0.5244508385658264,-1.0,1.0,0.0,0.0,0.0,0.0,-0.05949404835700989,0.03472632169723511,2.6996302604675293,2.7864022254943848,-1.5672433376312256,4.186618328094482,3.8796959810624387,-0.05949404835700989,0.03472632169723511,0.0688872935201122
947,15,24,2.1452221870422363,label_Hqql,label_Hqql,0.9436970353126526,-0.9055776000022888,-1.044533610343933,-0.8603113889694214,-0.8662124276161194,-0.35449323058128357,1.0,1.0,0.0,0.0,0.0,0.0,-0.003334939479827881,0.11132675409317017,0.959068775177002,1.1550008058547974,-0.6983914375305176,1.661646842956543,1.5012793800771214,-0.003334939479827881,0.11132675409317017,0.11137669414314331
947,16,10,2.133931875228882,label_Hqql,label_Hqql,0.9436970353126526,0.04710238054394722,-0.10091861337423325,0.09236860275268555,0.07740263640880585,-0.4111824631690979,0.0,0.0,0.0,1.0,0.0,0.0,-0.0261555016040802,0.09361934661865234,3.819521427154541,4.4375457763671875,-2.5770459175109863,6.397008895874023,5.8549599870406395,-0.0261555016040802,0.09361934661865234,0.09720438429137039
949,1,0,4.239356517791748,label_Hqql,label_Hqql,0.9999692440032959,3.324892520904541,3.1385271549224854,3.0016491413116455,2.998202085494995,-0.6996599435806274,1.0,0.0,0.0,0.0,0.0,1.0,-0.0037077665328979492,-0.02480947971343994,312.7497863769531,549.8882446289062,167.20310974121094,654.3289794921875,632.6053354658729,-0.0037077665328979492,-0.02480947971343994,0.025085011786205445
949,2,1,2.896507740020752,label_Hqql,label_Hqql,0.9999692440032959,2.424807071685791,2.2341432571411133,2.1015634536743164,2.093818187713623,-0.4988616704940796,-1.0,1.0,0.0,0.0,0.0,0.0,-0.028919368982315063,0.06950855255126953,71.75074005126953,159.46580505371094,41.672359466552734,179.76190185546875,174.86426644495722,-0.028919368982315063,0.06950855255126953,0.07528458527552559
949,3,14,2.467148542404175,label_Hqql,label_Hqql,0.9999692440032959,-0.6480287313461304,-0.764198899269104,-0.9712725281715393,-0.9045236706733704,2.377769947052002,0.0,0.0,0.0,1.0,0.0,0.0,-0.7944422364234924,0.0006444454193115234,1.023963451385498,1.91202974319458,-1.2026612758636475,2.4800713062286377,2.1689534085899664,-0.7944422364234924,0.0006444454193115234,0.7944424978080281
949,4,16,2.3773999214172363,label_Hqql,label_Hqql,0.9999692440032959,-0.7995036244392395,-0.9245625138282776,-1.1227473020553589,-1.064887523651123,2.337167263031006,0.0,0.0,0.0,1.0,0.0,0.0,-0.7676869034767151,0.16053175926208496,0.5690242052078247,1.651643991470337,-0.9155429005622864,1.9722919464111328,1.7469162603492083,-0.7676869034767151,0.16053175926208496,0.7842917999708063
949,5,11,2.26709246635437,label_Hqql,label_Hqql,0.9999692440032959,-0.14696438610553741,-0.3316001296043396,-0.4702080190181732,-0.4719250202178955,-0.7062715888023376,0.0,0.0,0.0,1.0,0.0,0.0,0.005798161029815674,0.02270340919494629,2.0080699920654297,3.9569525718688965,1.2165056467056274,4.601054668426514,4.437321123048627,0.005798161029815674,0.02270340919494629,0.023432103200541878
949,6,18,2.138983964920044,label_Hqql,label_Hqql,0.9999692440032959,-1.173301339149475,-1.3329697847366333,-1.4965449571609497,-1.473294734954834,-0.02862626314163208,0.0,0.0,0.0,1.0,0.0,0.0,0.11874359846115112,0.15194916725158691,0.3418925106525421,0.9653892517089844,0.4027600884437561,1.100492000579834,1.024142029288678,0.11874359846115112,0.15194916725158691,0.19284343806298887
949,7,2,2.1286864280700684,label_Hqql,label_Hqql,0.9999692440032959,1.276940107345581,1.1585612297058105,0.9536963701248169,1.0182362794876099,0.26166290044784546,-1.0,0.0,0.0,0.0,1.0,0.0,0.25783807039260864,-0.06296849250793457,17.885616302490234,28.82916259765625,18.55863380432129,38.670902252197266,33.9266250399595,0.25783807039260864,-0.06296849250793457,0.26541571466758634
949,8,10,1.974844217300415,label_Hqql,label_Hqql,0.9999692440032959,-0.08693882077932358,-0.1927070915699005,-0.4101826250553131,-0.3330319821834564,0.40643519163131714,1.0,1.0,0.0,0.0,0.0,0.0,0.2937113642692566,-0.06856751441955566,2.57170033454895,4.093882083892822,2.8440756797790527,5.610860824584961,4.834616130318706,0.2937113642692566,-0.06856751441955566,0.3016088021503748
949,9,5,1.947965145111084,label_Hqql,label_Hqql,0.9999692440032959,0.664375364780426,0.47699254751205444,0.34113162755966187,0.33666756749153137,-0.5839506983757019,1.0,1.0,0.0,0.0,0.0,0.0,-0.009638339281082153,0.053145408630371094,6.012775421142578,12.799458503723145,3.651017665863037,14.60578727722168,14.141414577531734,-0.009638339281082153,0.053145408630371094,0.05401233231944695
949,10,7,1.9278123378753662,label_Hqql,label_Hqql,0.9999692440032959,0.2879112958908081,0.09721901267766953,-0.03533225134015083,-0.04310612753033638,-0.5788116455078125,0.0,0.0,0.0,1.0,0.0,0.0,-0.0290796160697937,0.04703342914581299,3.5572540760040283,7.453644752502441,1.9668601751327515,8.489959716796875,8.258987629107725,-0.0290796160697937,0.04703342914581299,0.055297084262923075
949,11,17,1.9239475727081299,label_Hqql,label_Hqql,0.9999692440032959,-1.025347113609314,-1.1718742847442627,-1.348590612411499,-1.3121992349624634,0.4955342411994934,0.0,0.0,0.0,1.0,0.0,0.0,0.16728493571281433,0.277337908744812,0.2698971629142761,1.2360618114471436,0.5641584992408752,1.3852683305740356,1.2651850774756905,0.16728493571281433,0.277337908744812,0.3238835675723393
949,12,15,1.9211690425872803,label_Hqql,label_Hqql,0.9999692440032959,-0.7704939246177673,-0.966389000415802,-1.0937376022338867,-1.106713891029358,-0.26217323541641235,0.0,0.0,0.0,1.0,0.0,0.0,-0.06360961496829987,0.11845850944519043,0.6649855375289917,1.6950603723526,0.3692416250705719,1.8578952550888062,1.8208337186692412,-0.06360961496829987,0.11845850944519043,0.13445669033704358
949,13,4,1.8799676895141602,label_Hqql,label_Hqql,0.9999692440032959,0.9203521609306335,0.7246964573860168,0.5971084237098694,0.5843715071678162,-0.4633130431175232,-1.0,1.0,0.0,0.0,0.0,0.0,-0.06200765073299408,0.056920409202575684,8.597676277160645,18.482948303222656,4.167097568511963,20.80681610107422,20.384783917090026,-0.06200765073299408,0.056920409202575684,0.08417173951638189
949,14,13,1.8691179752349854,label_Hqql,label_Hqql,0.9999692440032959,-0.6014775633811951,-0.7489284873008728,-0.9247210621833801,-0.8892533183097839,-0.1252884864807129,0.0,0.0,0.0,1.0,0.0,0.0,0.16403409838676453,-0.03930699825286865,1.1751199960708618,1.9981651306152344,1.0254164934158325,2.5347681045532227,2.3180963945384536,0.16403409838676453,-0.03930699825286865,0.16867787509098447
949,15,3,1.8351404666900635,label_Hqql,label_Hqql,0.9999692440032959,1.0459848642349243,0.8539060354232788,0.7227411866188049,0.7135810852050781,-0.4516090452671051,1.0,1.0,0.0,0.0,0.0,0.0,-0.03785380721092224,0.07844173908233643,9.809566497802734,22.33277130126953,5.589168071746826,25.02475929260254,24.39221738320692,-0.03785380721092224,0.07844173908233643,0.08709774480790541
949,16,8,1.7833237648010254,label_Hqql,label_Hqql,0.9999692440032959,0.26547637581825256,0.07437419891357422,-0.057767342776060104,-0.06595077365636826,-0.38687971234321594,-1.0,1.0,0.0,0.0,0.0,0.0,-0.03224928677082062,0.09811604022979736,3.0719759464263916,7.3850321769714355,1.8787696361541748,8.217358589172363,7.9984833856379165,-0.03224928677082062,0.09811604022979736,0.10328007478503218
950,1,0,4.190698623657227,label_Hqql,label_Hqql,0.999446451663971,2.9883601665496826,2.901216983795166,2.8752336502075195,2.8662073612213135,-0.5324004292488098,1.0,0.0,0.0,0.0,1.0,0.0,-0.004980742931365967,-0.06671422719955444,334.6573181152344,-202.48764038085938,253.64801025390625,466.1910400390625,391.1480091667212,-0.004980742931365967,-0.06671422719955444,0.06689989470082985
950,2,27,2.892270803451538,label_Hqql,label_Hqql,0.999446451663971,-1.1286917924880981,-1.1516731977462769,-1.2418184280395508,-1.1866827011108398,1.639310359954834,1.0,1.0,0.0,0.0,0.0,0.0,0.141496479511261,0.5931850075721741,1.0842267274856567,0.12608224153518677,0.9066754579544067,1.4258277416229248,1.0915330174689146,0.141496479511261,0.5931850075721741,0.6098276042640911
950,3,8,2.5837533473968506,label_Hqql,label_Hqql,0.999446451663971,0.598262369632721,0.5120295882225037,0.485135942697525,0.477020263671875,-0.5052083730697632,0.0,0.0,0.0,1.0,0.0,0.0,-0.0025936365127563477,-0.07365226745605469,10.962176322937012,-6.737110137939453,8.380459785461426,15.355457305908203,12.86693291914928,-0.0025936365127563477,-0.07365226745605469,0.07369792026766098
950,4,9,2.460089921951294,label_Hqql,label_Hqql,0.999446451663971,0.5700802803039551,0.5331742167472839,0.4569537043571472,0.49816492199897766,0.37586623430252075,0.0,0.0,1.0,0.0,0.0,0.0,0.11763221025466919,0.26940488815307617,12.092774391174316,-2.5523664951324463,9.885558128356934,15.826371192932129,12.359197676278022,0.11763221025466919,0.26940488815307617,0.2939665468215222
950,5,16,2.186217784881592,label_Hqql,label_Hqql,0.999446451663971,0.144963338971138,0.007266521453857422,0.03183684125542641,-0.027742624282836914,0.002352118492126465,0.0,0.0,1.0,0.0,0.0,0.0,-0.15254750847816467,0.1302490532398224,6.331750392913818,-2.290971040725708,3.2255141735076904,7.466160297393799,6.73346948813226,-0.15254750847816467,0.1302490532398224,0.20058803108053533
950,6,1,2.179412603378296,label_Hqql,label_Hqql,0.999446451663971,1.5884405374526978,1.461808443069458,1.4753139019012451,1.426798939704895,-0.2894391417503357,1.0,1.0,0.0,0.0,0.0,0.0,-0.11713436245918274,0.05071061849594116,48.195068359375,-21.911455154418945,27.455944061279297,59.638282775878906,52.942199436262015,-0.11713436245918274,0.05071061849594116,0.12764021974659903
950,7,25,2.133848190307617,label_Hqql,label_Hqql,0.999446451663971,-0.5668596029281616,-0.6704484820365906,-0.6799861788749695,-0.7054577469825745,-0.4963499903678894,1.0,1.0,0.0,0.0,0.0,0.0,-0.05183422565460205,0.055460989475250244,2.2219889163970947,-0.99749755859375,1.44510018825531,2.8354947566986084,2.4356182221341722,-0.05183422565460205,0.055460989475250244,0.07591250425842914
950,8,24,2.0921003818511963,label_Hqql,label_Hqql,0.999446451663971,-0.5624011158943176,-0.6841495037078857,-0.675527811050415,-0.719158947467804,-0.23380035161972046,0.0,0.0,0.0,1.0,0.0,0.0,-0.1021648645401001,0.0979730486869812,2.276829719543457,-0.9079278707504272,1.3126654624938965,2.7805354595184326,2.451180652314664,-0.1021648645401001,0.0979730486869812,0.14154991280646764
950,9,26,2.0691978931427,label_Hqql,label_Hqql,0.999446451663971,-0.8884075284004211,-0.8814297318458557,-1.0015342235565186,-0.91643887758255,0.05826467275619507,0.0,0.0,0.0,1.0,0.0,0.0,0.21367406845092773,0.019545674324035645,1.3800804615020752,-0.680104672908783,1.425813913345337,2.0976438522338867,1.5385592111882285,0.21367406845092773,0.019545674324035645,0.21456616907880194
950,10,2,2.026073455810547,label_Hqql,label_Hqql,0.999446451663971,1.4169833660125732,1.3739925622940063,1.3038567304611206,1.338983178138733,-0.2028430700302124,0.0,0.0,0.0,1.0,0.0,0.0,0.10361939668655396,0.10747230052947998,38.637062072753906,-14.983448028564453,32.406097412109375,52.60685729980469,41.440635618177126,0.10361939668655396,0.10747230052947998,0.1492892318648076
950,11,23,1.9918105602264404,label_Hqql,label_Hqql,0.999446451663971,-0.4481995105743408,-0.6062098741531372,-0.561326265335083,-0.6412192583084106,0.12730830907821655,-1.0,1.0,0.0,0.0,0.0,0.0,-0.22744840383529663,0.04484441876411438,2.6197612285614014,-1.2096452713012695,1.1462628841400146,3.108020067214966,2.885548574717651,-0.22744840383529663,0.04484441876411438,0.23182708707464586
950,12,3,1.9744844436645508,label_Hqql,label_Hqql,0.999446451663971,1.3627336025238037,1.330691933631897,1.249606966972351,1.295682668685913,-0.19005626440048218,0.0,0.0,0.0,1.0,0.0,0.0,0.12869775295257568,0.08178538084030151,35.38786697387695,-14.779875755310059,31.2199649810791,49.45130920410156,38.350304513826394,0.12869775295257568,0.08178538084030151,0.15248593421766926
950,13,20,1.9676015377044678,label_Hqql,label_Hqql,0.999446451663971,-0.16561393439769745,-0.19966411590576172,-0.2787403464317322,-0.23467358946800232,-0.284950852394104,-1.0,1.0,0.0,0.0,0.0,0.0,0.12364059686660767,0.035954564809799194,3.90643048286438,-1.8460566997528076,3.489206314086914,5.555372714996338,4.320662501995991,0.12364059686660767,0.035954564809799194,0.1287622923226868
950,14,4,1.9598793983459473,label_Hqql,label_Hqql,0.999446451663971,0.9133232831954956,0.7879502773284912,0.8001967072486877,0.7529409527778625,-0.30610570311546326,-1.0,1.0,0.0,0.0,0.0,0.0,-0.11374139785766602,0.04804807901382446,18.34925079345703,-8.401347160339355,10.543169021606445,22.7745418548584,20.18112085067937,-0.11374139785766602,0.04804807901382446,0.12347357402916055
950,15,13,1.9430503845214844,label_Hqql,label_Hqql,0.999446451663971,0.2815813720226288,0.2163996398448944,0.16845478117465973,0.18139033019542694,-0.2769782543182373,0.0,0.0,0.0,1.0,0.0,0.0,0.0507163405418396,0.12051904201507568,7.668883800506592,-2.859464168548584,5.85933256149292,10.065788269042969,8.184638909376861,0.0507163405418396,0.12051904201507568,0.13075544610526715
950,16,21,1.935207724571228,label_Hqql,label_Hqql,0.999446451663971,-0.2083379626274109,-0.32149234414100647,-0.3214646279811859,-0.35650181770324707,-0.32147765159606934,1.0,1.0,0.0,0.0,0.0,0.0,-0.07759898900985718,0.09104874730110168,3.7651944160461426,-1.531741976737976,2.2907602787017822,4.667974472045898,4.064839784533484,-0.07759898900985718,0.09104874730110168,0.11963058756209385
952,1,0,4.370419025421143,label_Hqql,label_Hqql,0.9985945820808411,3.1549720764160156,3.501936197280884,2.946934938430786,2.9281840324401855,-0.5723349452018738,-1.0,0.0,0.0,0.0,0.0,1.0,-0.028895139694213867,-0.04903602600097656,-81.58405303955078,-489.5093994140625,981.3257446289062,1099.670654296875,496.26143294142497,-0.028895139694213867,-0.04903602600097656,0.0569162625610342
952,2,12,2.6122891902923584,label_Hqql,label_Hqql,0.9985945820808411,-0.14273390173912048,0.44161707162857056,-0.35077103972435,-0.13213486969470978,1.458252191543579,0.0,0.0,1.0,0.0,0.0,0.0,0.3386375904083252,0.4517256021499634,1.4702889919281006,-4.215152740478516,13.148836135864258,13.886005401611328,4.464220239341747,0.3386375904083252,0.4517256021499634,0.5645630498671549
952,3,1,2.517333507537842,label_Hqql,label_Hqql,0.9985945820808411,2.223146915435791,2.5969622135162354,2.0151097774505615,2.023210048675537,-0.3317980170249939,1.0,1.0,0.0,0.0,0.0,0.0,0.013885855674743652,0.11622393131256104,0.014809397980570793,-131.0952606201172,271.9013366699219,301.8548278808594,131.09526145660155,0.013885855674743652,0.11622393131256104,0.11705049849345672
952,4,19,2.4466936588287354,label_Hqql,label_Hqql,0.9985945820808411,-0.5087491869926453,-0.1251428872346878,-0.7167860865592957,-0.6988947987556458,-0.6715475916862488,0.0,0.0,1.0,0.0,0.0,0.0,0.029388904571533203,0.012943863868713379,-0.27254152297973633,-2.63236927986145,5.584047794342041,6.179420471191406,2.6464404220209463,0.029388904571533203,0.012943863868713379,0.03211310205767218
952,5,25,2.269834518432617,label_Hqql,label_Hqql,0.9985945820808411,-1.0199748277664185,-0.6295248866081238,-1.2280117273330688,-1.2032768726348877,-0.2284104824066162,-1.0,1.0,0.0,0.0,0.0,0.0,0.03900468349456787,-0.13747107982635498,-0.31984615325927734,-1.2341599464416504,2.718885660171509,3.0062055587768555,1.2749322864982338,0.03900468349456787,-0.13747107982635498,0.14289738669106403
952,6,27,2.2501940727233887,label_Hqql,label_Hqql,0.9985945820808411,-1.2580007314682007,-0.7321162223815918,-1.4660378694534302,-1.3058682680130005,1.3185031414031982,0.0,0.0,0.0,1.0,0.0,0.0,0.24997758865356445,-0.4669203758239746,-0.4995894134044647,-0.7575165033340454,2.432650566101074,2.596384048461914,0.9074253880122906,0.24997758865356445,-0.4669203758239746,0.5296257472863761
952,7,21,2.211012601852417,label_Hqql,label_Hqql,0.9985945820808411,-0.7139589190483093,-0.3842140734195709,-0.9219956994056702,-0.957966148853302,-0.5650768280029297,0.0,0.0,0.0,1.0,0.0,0.0,-0.0565495491027832,-0.015857338905334473,-0.2597491145133972,-1.95682954788208,3.7839598655700684,4.267903804779053,1.973993789745773,-0.0565495491027832,-0.015857338905334473,0.05873079857184579
952,8,26,2.2103748321533203,label_Hqql,label_Hqql,0.9985945820808411,-1.1164122819900513,-0.517108678817749,-1.3244491815567017,-1.0908607244491577,0.6404657959938049,-1.0,1.0,0.0,0.0,0.0,0.0,0.3507575988769531,-0.0815657377243042,-0.21816182136535645,-1.0892165899276733,3.313997507095337,3.5299131870269775,1.1108498368704562,0.3507575988769531,-0.0815657377243042,0.3601164571918861
952,9,20,2.158222198486328,label_Hqql,label_Hqql,0.9985945820808411,-0.6879100203514099,-0.26364055275917053,-0.8959470391273499,-0.8373926281929016,-0.42076972126960754,0.0,0.0,0.0,1.0,0.0,0.0,0.09327411651611328,0.0169827938079834,-0.2027648389339447,-2.0387771129608154,4.6377482414245605,5.070151329040527,2.048835204754337,0.09327411651611328,0.0169827938079834,0.09480757405073688
952,10,7,2.0987236499786377,label_Hqql,label_Hqql,0.9985945820808411,0.4966827630996704,0.9173535704612732,0.28864577412605286,0.34360164403915405,-0.409346342086792,0.0,0.0,1.0,0.0,0.0,0.0,0.08765113353729248,0.043074607849121094,-0.8120930194854736,-11.09924602508545,25.03697967529297,27.398962020874023,11.128915373821124,0.08765113353729248,0.043074607849121094,0.09766341716184133
952,11,22,2.05330491065979,label_Hqql,label_Hqql,0.9985945820808411,-0.7506802082061768,-0.31670501828193665,-0.9587171673774719,-0.8904569745063782,-0.31369027495384216,-1.0,1.0,0.0,0.0,0.0,0.0,0.10793101787567139,-0.055963993072509766,-0.3207269310951233,-1.8454463481903076,4.308371067047119,4.700008392333984,1.873109176844382,0.10793101787567139,-0.055963993072509766,0.1215774368059239
952,12,15,2.030308246612549,label_Hqql,label_Hqql,0.9985945820808411,-0.27778640389442444,0.047495245933532715,-0.48582354187965393,-0.5262566804885864,-0.5256044268608093,0.0,0.0,0.0,1.0,0.0,0.0,-0.06374716758728027,-0.025339841842651367,-0.5189343094825745,-3.644155263900757,6.998874187469482,7.907806396484375,3.6809184186794672,-0.06374716758728027,-0.025339841842651367,0.06859889911661397
952,13,24,2.025555372238159,label_Hqql,label_Hqql,0.9985945820808411,-0.9367865324020386,-0.6704655289649963,-1.1448235511779785,-1.2442173957824707,0.9077195525169373,0.0,0.0,0.0,1.0,0.0,0.0,-0.16011929512023926,-0.3957662582397461,-0.703283965587616,-1.251782774925232,2.445009708404541,2.835425853729248,1.4358163015693048,-0.16011929512023926,-0.3957662582397461,0.42692987694806706
952,14,2,2.023695468902588,label_Hqql,label_Hqql,0.9985945820808411,1.4053685665130615,1.761885404586792,1.1973316669464111,1.1881333589553833,-0.49690842628479004,0.0,0.0,1.0,0.0,0.0,0.0,-0.013629436492919922,0.07453703880310059,-1.6940114498138428,-40.72349166870117,81.9859848022461,91.55858612060547,40.758710093461914,-0.013629436492919922,0.07453703880310059,0.0757728955012903
952,15,5,2.021019220352173,label_Hqql,label_Hqql,0.9985945820808411,0.6534349918365479,1.0971816778182983,0.4453980326652527,0.5234296917915344,-0.28164196014404297,-1.0,1.0,0.0,0.0,0.0,0.0,0.12350666522979736,-0.039237022399902344,-2.1540844440460205,-13.754463195800781,32.570281982421875,35.42445755004883,13.92211685041895,0.12350666522979736,-0.039237022399902344,0.12958950683985057
952,16,17,1.9957302808761597,label_Hqql,label_Hqql,0.9985945820808411,-0.4005105793476105,-0.06764189898967743,-0.6085476279258728,-0.6413938403129578,-0.5160985589027405,1.0,1.0,0.0,0.0,0.0,0.0,-0.051763176918029785,0.04856002330780029,-0.20850509405136108,-3.0819385051727295,5.953324317932129,6.7084550857543945,3.088983542188544,-0.051763176918029785,0.04856002330780029,0.07097536437596752
953,1,0,4.535849571228027,label_Hqql,label_Hqql,0.9530162215232849,3.1783857345581055,3.1851489543914795,3.1434340476989746,3.1220247745513916,-0.5487291812896729,1.0,0.0,0.0,0.0,1.0,0.0,-0.03796607255935669,-0.05004638433456421,468.0260009765625,210.39389038085938,-475.2225646972656,699.3928833007812,513.1412346515395,-0.03796607255935669,-0.05004638433456421,0.06281769854543583
953,2,3,2.7127747535705566,label_Hqql,label_Hqql,0.9530162215232849,0.6862515211105347,0.8026922345161438,0.651299774646759,0.7395681738853455,0.8707364201545715,0.0,0.0,1.0,0.0,0.0,0.0,0.1761629581451416,0.3787170946598053,9.615882873535156,10.973273277282715,-18.11394691467285,23.25925636291504,14.590336865729785,0.1761629581451416,0.3787170946598053,0.4176841218073903
953,3,4,2.5988638401031494,label_Hqql,label_Hqql,0.9530162215232849,0.4314229190349579,0.4994870722293854,0.3964710235595703,0.4363631308078766,0.8923459649085999,0.0,0.0,1.0,0.0,0.0,0.0,0.08523339033126831,0.41441217064857483,6.40534782409668,7.858514785766602,-11.16714859008789,15.082769393920898,10.138280691802352,0.08523339033126831,0.41441217064857483,0.4230864899864162
953,4,13,2.4778740406036377,label_Hqql,label_Hqql,0.9530162215232849,-0.9261001944541931,-0.862652599811554,-0.9610520005226135,-0.9257765412330627,-0.23685169219970703,0.0,0.0,0.0,1.0,0.0,0.0,0.0763014554977417,0.11831775307655334,1.2107571363449097,0.8121272921562195,-1.5865479707717896,2.1546735763549805,1.4579038314906507,0.0763014554977417,0.11831775307655334,0.14078708322910205
953,5,10,2.386645555496216,label_Hqql,label_Hqql,0.9530162215232849,-0.44106200337409973,-0.34309688210487366,-0.47601357102394104,-0.4062209129333496,-0.14706099033355713,-1.0,1.0,0.0,0.0,0.0,0.0,0.13413190841674805,0.09302803874015808,2.461233377456665,1.5621346235275269,-3.4269473552703857,4.52610445022583,2.915121664756075,0.13413190841674805,0.09302803874015808,0.1632347537975882
953,6,11,2.3407554626464844,label_Hqql,label_Hqql,0.9530162215232849,-0.6023083329200745,-0.5494792461395264,-0.6372602581977844,-0.612603485584259,-0.14846932888031006,0.0,0.0,0.0,1.0,0.0,0.0,0.05556488037109375,0.15311208367347717,1.876813530921936,1.3558770418167114,-2.4492290019989014,3.370393753051758,2.3153469680325025,0.05556488037109375,0.15311208367347717,0.16288267586667354
953,7,1,2.331831693649292,label_Hqql,label_Hqql,0.9530162215232849,1.472078561782837,1.559401512145996,1.437126874923706,1.4962773323059082,-0.021528899669647217,-1.0,1.0,0.0,0.0,0.0,0.0,0.12198525667190552,0.15164324641227722,36.38093185424805,26.201641082763672,-51.869293212890625,68.56049346923828,44.83411868224254,0.12198525667190552,0.15164324641227722,0.1946177716133994
953,8,12,2.267033100128174,label_Hqql,label_Hqql,0.9530162215232849,-0.8469644784927368,-0.7803322672843933,-0.881916344165802,-0.8434562087059021,0.3998463749885559,1.0,1.0,0.0,0.0,0.0,0.0,0.05353957414627075,0.29514482617378235,1.174574851989746,1.1336228847503662,-1.7219816446304321,2.423565149307251,1.6323991324907263,0.05353957414627075,0.29514482617378235,0.2999615882357543
953,9,9,2.1379261016845703,label_Hqql,label_Hqql,0.9530162215232849,-0.3461945056915283,-0.26855722069740295,-0.38114622235298157,-0.33168116211891174,-0.032626330852508545,0.0,0.0,0.0,1.0,0.0,0.0,0.1036023497581482,0.16146346926689148,2.689527988433838,1.9774034023284912,-3.7688403129577637,5.034664154052734,3.338215843247596,0.1036023497581482,0.16146346926689148,0.19184342256931844
953,10,6,2.0652501583099365,label_Hqql,label_Hqql,0.9530162215232849,0.009304367937147617,0.08720827102661133,-0.025647448375821114,0.02408432960510254,0.1981135606765747,1.0,1.0,0.0,0.0,0.0,0.0,0.10392540693283081,0.22685661911964417,4.244978427886963,3.570925712585449,-6.265475273132324,8.369409561157227,5.547193190977719,0.10392540693283081,0.22685661911964417,0.24952838685117526
953,11,8,2.0559816360473633,label_Hqql,label_Hqql,0.9530162215232849,-0.01826159842312336,0.06808199733495712,-0.05321316793560982,0.004958057310432196,0.1694047451019287,-1.0,1.0,0.0,0.0,0.0,0.0,0.11994338035583496,0.21058890223503113,4.1363654136657715,3.366194725036621,-6.1531805992126465,8.14382553100586,5.332990320845781,0.11994338035583496,0.21058890223503113,0.24235119194206575
953,12,5,1.960311770439148,label_Hqql,label_Hqql,0.9530162215232849,0.36516574025154114,0.4784972667694092,0.3302138149738312,0.4153733253479004,0.06822943687438965,0.0,0.0,0.0,1.0,0.0,0.0,0.17045164108276367,0.1343879997730255,7.575684070587158,5.259921073913574,-11.36619758605957,14.637219429016113,9.222676338305934,0.17045164108276367,0.1343879997730255,0.2170573574675643
953,13,2,1.9214390516281128,label_Hqql,label_Hqql,0.9530162215232849,0.783576488494873,0.8859227895736694,0.7486249208450317,0.8227986693382263,0.16245251893997192,1.0,1.0,0.0,0.0,0.0,0.0,0.1501166820526123,0.18804165720939636,13.239861488342285,10.287298202514648,-20.12671661376953,26.1959285736084,16.766706192271347,0.1501166820526123,0.18804165720939636,0.24061313986676044
953,14,7,1.9161790609359741,label_Hqql,label_Hqql,0.9530162215232849,-0.015955055132508278,0.0573105551302433,-0.0509067066013813,-0.005813550669699907,-0.03707760572433472,1.0,1.0,0.0,0.0,0.0,0.0,0.0950356125831604,0.16536745429039001,4.2984490394592285,3.186246156692505,-5.971898555755615,8.019468307495117,5.350591436081223,0.0950356125831604,0.16536745429039001,0.19073060215272428
954,1,0,4.489121437072754,label_Hqql,label_Hqql,0.9999850988388062,3.064333200454712,2.8556790351867676,3.037102222442627,3.028500556945801,-0.5604736804962158,1.0,0.0,0.0,0.0,0.0,1.0,-0.05736827477812767,0.0171663761138916,31.03717803955078,-434.8835754394531,27.06548500061035,436.8290100097656,435.98971387827635,-0.05736827477812767,0.0171663761138916,0.05988157830169766
954,2,1,2.8928418159484863,label_Hqql,label_Hqql,0.9999850988388062,1.7093360424041748,1.5181164741516113,1.6821051836013794,1.6909377574920654,-0.267980694770813,-1.0,1.0,0.0,0.0,0.0,0.0,0.11314491182565689,0.06991791725158691,7.78242826461792,-62.43968200683594,14.765050888061523,64.63381958007812,62.922810480848,0.11314491182565689,0.06991791725158691,0.13300483534381533
954,3,2,2.564826250076294,label_Hqql,label_Hqql,0.9999850988388062,1.3367947340011597,1.1490228176116943,1.3095638751983643,1.3218441009521484,0.2987200617790222,0.0,0.0,0.0,1.0,0.0,0.0,0.13393816351890564,-0.23981177806854248,-6.824300289154053,-36.31965255737305,9.462890625,38.14753723144531,36.955219338069725,0.13393816351890564,-0.23981177806854248,0.2746800330333695
954,4,4,2.5326900482177734,label_Hqql,label_Hqql,0.9999850988388062,0.7247186899185181,0.5498293042182922,0.6974877715110779,0.7226507067680359,0.011793017387390137,-1.0,1.0,0.0,0.0,0.0,0.0,0.19985488057136536,0.035299062728881836,1.3759320974349976,-15.353026390075684,5.005306243896484,16.207441329956055,15.414558328771935,0.19985488057136536,0.035299062728881836,0.20294826216977627
954,5,9,2.3284027576446533,label_Hqql,label_Hqql,0.9999850988388062,0.3392983078956604,0.16232864558696747,0.31206753849983215,0.33515018224716187,0.18965435028076172,0.0,0.0,0.0,1.0,0.0,0.0,0.19021549820899963,-0.15821361541748047,-0.9238614439964294,-8.839942932128906,2.796130657196045,9.317535400390625,8.888088152746853,0.19021549820899963,-0.15821361541748047,0.24741358867768026
954,6,3,2.2795464992523193,label_Hqql,label_Hqql,0.9999850988388062,0.7940759062767029,0.600357711315155,0.7668449878692627,0.7731790542602539,-0.33504965901374817,1.0,1.0,0.0,0.0,0.0,0.0,0.09696333855390549,0.06410372257232666,2.006847620010376,-16.901357650756836,3.7114391326904297,17.420608520507812,17.020086010615163,0.09696333855390549,0.06410372257232666,0.11623758544958303
954,7,10,2.273348569869995,label_Hqql,label_Hqql,0.9999850988388062,-0.13220612704753876,-0.31906530261039734,-0.159436896443367,-0.14624400436878204,-0.16645872592926025,0.0,0.0,0.0,1.0,0.0,0.0,0.1391441524028778,0.07566249370574951,0.5863354802131653,-4.493777275085449,1.1848167181015015,4.684187412261963,4.531867550296589,0.1391441524028778,0.07566249370574951,0.15838531529686667
954,8,7,2.239548444747925,label_Hqql,label_Hqql,0.9999850988388062,0.555795431137085,0.3611048758029938,0.5285645127296448,0.533926248550415,0.1693214774131775,1.0,1.0,0.0,0.0,0.0,0.0,0.09019356220960617,-0.22492027282714844,-2.0587270259857178,-11.93325424194336,2.556788206100464,12.377300262451172,12.109538132000873,0.09019356220960617,-0.22492027282714844,0.24233036910939781
954,9,8,2.223175287246704,label_Hqql,label_Hqql,0.9999850988388062,0.3557821810245514,0.16624745726585388,0.3285512328147888,0.33906883001327515,-0.21622389554977417,0.0,0.0,0.0,1.0,0.0,0.0,0.12358327955007553,0.07763266563415527,1.1951217651367188,-9.021051406860352,2.233001947402954,9.369844436645508,9.099872774864528,0.12358327955007553,0.07763266563415527,0.1459440226861541
954,10,5,2.207336664199829,label_Hqql,label_Hqql,0.9999850988388062,0.5946180820465088,0.4025994837284088,0.5673871636390686,0.5754206776618958,0.20134121179580688,0.0,0.0,0.0,1.0,0.0,0.0,0.10822587460279465,-0.2257319688796997,-2.1863696575164795,-12.612010955810547,2.938952922821045,13.133182525634766,12.800118461514096,0.10822587460279465,-0.2257319688796997,0.2503352985654351
954,11,6,2.137162923812866,label_Hqql,label_Hqql,0.9999850988388062,0.557884931564331,0.3711495101451874,0.5306541323661804,0.5439708828926086,-0.11911112070083618,1.0,1.0,0.0,0.0,0.0,0.0,0.13959750533103943,0.09740710258483887,1.8329150676727295,-12.00664234161377,3.181088447570801,12.556187629699707,12.145741556806415,0.13959750533103943,0.09740710258483887,0.1702222286560216
962,1,0,4.086246490478516,label_Hqql,label_Hqql,0.9899100661277771,2.7252116203308105,2.5253243446350098,2.615022659301758,2.6127922534942627,-0.4886414408683777,1.0,0.0,0.0,0.0,1.0,0.0,0.02157464623451233,-0.07479000091552734,-202.39730834960938,-176.55615234375,-45.9862060546875,272.4912414550781,268.5828463576859,0.02157464623451233,-0.07479000091552734,0.07783964026823953
962,2,13,2.81268310546875,label_Hqql,label_Hqql,0.9899100661277771,0.03592263534665108,-0.17340417206287384,-0.07426638156175613,-0.0859365463256836,0.1415116786956787,0.0,0.0,1.0,0.0,0.0,0.0,-0.19267985224723816,-0.1351933479309082,-4.562984466552734,-3.5188119411468506,0.2528238296508789,5.767736434936523,5.762192700627011,-0.19267985224723816,-0.1351933479309082,0.23537792332074206
962,3,2,2.569281578063965,label_Hqql,label_Hqql,0.9899100661277771,1.603642463684082,1.4178251028060913,1.4934535026550293,1.5052931308746338,-0.2923782467842102,1.0,1.0,0.0,0.0,0.0,0.0,0.11554303765296936,0.05248618125915527,-35.9275016784668,-40.453861236572266,-14.470290184020996,56.00632858276367,54.10453091751262,0.11554303765296936,0.05248618125915527,0.12690544816218252
962,4,5,2.549591541290283,label_Hqql,label_Hqql,0.9899100661277771,1.5405306816101074,1.3546255826950073,1.4303418397903442,1.4420936107635498,-0.30983540415763855,-1.0,1.0,0.0,0.0,0.0,0.0,0.11488866806030273,0.04262542724609375,-33.19293212890625,-36.64061737060547,-13.189250946044922,51.17133712768555,49.43991893817477,0.11488866806030273,0.04262542724609375,0.12254114858520976
962,5,1,2.5175764560699463,label_Hqql,label_Hqql,0.9899100661277771,1.6876505613327026,1.4789263010025024,1.57746160030365,1.5663940906524658,-0.4378550052642822,0.0,0.0,0.0,1.0,0.0,0.0,-0.08842581510543823,0.019434213638305664,-41.9937858581543,-44.24856948852539,-3.6863436698913574,61.11466979980469,61.003392958764024,-0.08842581510543823,0.019434213638305664,0.09053625481982593
962,6,4,2.5148379802703857,label_Hqql,label_Hqql,0.9899100661277771,1.5725176334381104,1.3881371021270752,1.4623287916183472,1.4756050109863281,-0.2685663104057312,1.0,1.0,0.0,0.0,0.0,0.0,0.12322872877120972,0.04965925216674805,-34.47426223754883,-38.59721755981445,-14.2531156539917,53.6806755065918,51.75152133206264,0.12322872877120972,0.04965925216674805,0.13285842434836054
962,7,18,2.495946168899536,label_Hqql,label_Hqql,0.9899100661277771,-0.11348891258239746,-0.316135972738266,-0.22367767989635468,-0.22866810858249664,-0.785280704498291,0.0,0.0,0.0,1.0,0.0,0.0,-0.003621891140937805,-0.0006504058837890625,-3.2713687419891357,-3.311221122741699,-0.6782166361808777,4.703830242156982,4.654679233819918,-0.003621891140937805,-0.0006504058837890625,0.0036798265245078046
962,8,3,2.450531482696533,label_Hqql,label_Hqql,0.9899100661277771,1.589465618133545,1.3794816732406616,1.4792766571044922,1.466949462890625,-0.20155251026153564,0.0,0.0,1.0,0.0,0.0,0.0,-0.14206533133983612,0.04691648483276367,-35.42744064331055,-39.44609069824219,-0.35800641775131226,53.02099609375,53.019785192975284,-0.14206533133983612,0.04691648483276367,0.14961188093784653
962,9,31,2.3874430656433105,label_Hqql,label_Hqql,0.9899100661277771,-0.909770131111145,-1.1051875352859497,-1.0199588537216187,-1.0177198648452759,-0.5110315680503845,0.0,0.0,0.0,1.0,0.0,0.0,0.056010499596595764,0.045626163482666016,-0.9985857605934143,-1.1089768409729004,-0.30780982971191406,1.5237289667129517,1.492314697064316,0.056010499596595764,0.045626163482666016,0.07224211278200009
962,10,32,2.374678611755371,label_Hqql,label_Hqql,0.9899100661277771,-1.2650253772735596,-1.4546642303466797,-1.3752139806747437,-1.3671964406967163,-0.023319542407989502,0.0,0.0,0.0,1.0,0.0,0.0,0.09354633092880249,0.1701502799987793,-0.5135708451271057,-0.7370918393135071,-0.21986910700798035,0.9248793721199036,0.8983648437840489,0.09354633092880249,0.1701502799987793,0.19417011565610198
962,11,6,2.3118042945861816,label_Hqql,label_Hqql,0.9899100661277771,1.0212451219558716,0.8139480352401733,0.9110562205314636,0.901416003704071,-0.5433340072631836,-1.0,1.0,0.0,0.0,0.0,0.0,-0.06340567767620087,0.009851932525634766,-16.371047973632812,-16.922319412231445,-2.01348614692688,23.63628387451172,23.545192843647985,-0.06340567767620087,0.009851932525634766,0.06416650634145463
962,12,8,2.276923418045044,label_Hqql,label_Hqql,0.9899100661277771,0.7066803574562073,0.4993281662464142,0.5964914560317993,0.5867959856987,-0.4587060213088989,-1.0,1.0,0.0,0.0,0.0,0.0,-0.06227991729974747,-0.05832076072692871,-11.156351089477539,-10.060256958007812,-1.3016281127929688,15.079344749450684,15.022414575987153,-0.06227991729974747,-0.05832076072692871,0.08532349752929175
962,13,22,2.2730188369750977,label_Hqql,label_Hqql,0.9899100661277771,-0.3448849022388458,-0.5498319864273071,-0.45507383346557617,-0.4623640477657318,-0.46415433287620544,-1.0,1.0,0.0,0.0,0.0,0.0,-0.0359211266040802,0.07588934898376465,-2.161729574203491,-2.5519375801086426,-0.3783811330795288,3.3686959743499756,3.344467097275254,-0.0359211266040802,0.07588934898376465,0.08396142343770727
962,14,26,2.2091028690338135,label_Hqql,label_Hqql,0.9899100661277771,-0.5485082268714905,-0.7561741471290588,-0.6586969494819641,-0.6687062382698059,-0.47689947485923767,0.0,0.0,0.0,1.0,0.0,0.0,-0.06711050122976303,0.044953346252441406,-1.6743413209915161,-1.8569214344024658,-0.20452088117599487,2.5086660385131836,2.5003151946750486,-0.06711050122976303,0.044953346252441406,0.08077513673527216
962,15,30,2.1701979637145996,label_Hqql,label_Hqql,0.9899100661277771,-0.8380710482597351,-1.0172741413116455,-0.9482600092887878,-0.9298062920570374,-0.24128222465515137,-1.0,1.0,0.0,0.0,0.0,0.0,0.13850605487823486,0.018067121505737305,-1.1397242546081543,-1.1976364850997925,-0.4815867841243744,1.7276313304901123,1.653270857114556,0.13850605487823486,0.018067121505737305,0.13967944772741508
962,16,28,2.1641156673431396,label_Hqql,label_Hqql,0.9899100661277771,-0.5833589434623718,-0.7748642563819885,-0.6935479044914246,-0.6873965859413147,-0.43279826641082764,1.0,1.0,0.0,0.0,0.0,0.0,0.07474997639656067,0.05328941345214844,-1.5782396793365479,-1.779953122138977,-0.5362821221351624,2.442570686340332,2.3788807457383445,0.07474997639656067,0.05328941345214844,0.09180043876453095
966,1,0,4.467945098876953,label_Hqql,label_Hqql,0.9995831847190857,3.196014404296875,3.002601146697998,3.0789735317230225,3.070028781890869,-0.6383793354034424,-1.0,0.0,0.0,0.0,0.0,1.0,-0.017155185341835022,0.03658246994018555,-122.73146057128906,-511.7160339355469,-115.92637634277344,538.8462524414062,526.2283827395551,-0.017155185341835022,0.03658246994018555,0.04040516663791019
966,2,22,2.6010868549346924,label_Hqql,label_Hqql,0.9995831847190857,-1.199090600013733,-1.3919776678085327,-1.316131591796875,-1.3245502710342407,-0.6103405356407166,0.0,0.0,0.0,1.0,0.0,0.0,-0.0136861652135849,-0.04539668560028076,-0.30804774165153503,-0.9377995133399963,-0.22096198797225952,1.011526346206665,0.9870974310357336,-0.0136861652135849,-0.04539668560028076,0.04741487300145683
966,3,18,2.5498430728912354,label_Hqql,label_Hqql,0.9995831847190857,-0.2677134871482849,-0.2879837155342102,-0.3847544491291046,-0.2205561101436615,1.8250901699066162,0.0,0.0,1.0,0.0,0.0,0.0,0.5342228412628174,-0.38118183612823486,-2.2693140506744385,-2.9656333923339844,-3.16772723197937,4.896862506866455,3.7342693633848647,0.5342228412628174,-0.38118183612823486,0.6562725320482413
966,4,4,2.4317688941955566,label_Hqql,label_Hqql,0.9995831847190857,0.7436673641204834,0.5569024085998535,0.6266264915466309,0.6243298649787903,-0.6867990493774414,0.0,0.0,0.0,1.0,0.0,0.0,0.023373723030090332,0.015955328941345215,-4.010627269744873,-15.321293830871582,-4.149268627166748,16.372037887573242,15.837524293548055,0.023373723030090332,0.015955328941345215,0.028300237629990024
966,5,9,2.4181971549987793,label_Hqql,label_Hqql,0.9995831847190857,0.37841853499412537,0.21927036345005035,0.2613774836063385,0.2866978049278259,1.7164809703826904,0.0,0.0,1.0,0.0,0.0,0.0,-0.6215097904205322,0.09755933284759521,-1.6310611963272095,-9.256343841552734,3.7167587280273438,10.107152938842773,9.39895004451112,-0.6215097904205322,0.09755933284759521,0.62912021348407
966,6,21,2.410719633102417,label_Hqql,label_Hqql,0.9995831847190857,-0.642029345035553,-0.8241848945617676,-0.7590704560279846,-0.7567573189735413,-0.5217109322547913,0.0,0.0,0.0,1.0,0.0,0.0,0.048221468925476074,0.05014967918395996,-0.48130837082862854,-2.1340181827545166,-0.6295093297958374,2.276394844055176,2.1876223056452404,0.048221468925476074,0.05014967918395996,0.06957226737418266
966,7,7,2.3897173404693604,label_Hqql,label_Hqql,0.9995831847190857,0.46597978472709656,0.27632859349250793,0.34893855452537537,0.3437558710575104,-0.745470404624939,-1.0,1.0,0.0,0.0,0.0,0.0,0.006241738796234131,-0.012119531631469727,-2.985485792160034,-10.224374771118164,-2.6023037433624268,10.965511322021484,10.651336295294925,0.006241738796234131,-0.012119531631469727,0.013632400748459882
966,8,10,2.3587260246276855,label_Hqql,label_Hqql,0.9995831847190857,0.2872270345687866,0.10156190395355225,0.1701861321926117,0.16898950934410095,-0.6275686621665955,0.0,0.0,0.0,1.0,0.0,0.0,0.029504626989364624,0.03142869472503662,-1.9656740427017212,-8.013349533081055,-2.2139892578125,8.542797088623047,8.25091783873053,0.029504626989364624,0.03142869472503662,0.04310783995865587
966,9,5,2.357919454574585,label_Hqql,label_Hqql,0.9995831847190857,0.6153413653373718,0.42876580357551575,0.4983002841472626,0.4961932599544525,-0.7092441916465759,1.0,1.0,0.0,0.0,0.0,0.0,0.021848559379577637,-0.0061179399490356445,-3.61955189704895,-12.678165435791016,-3.4334795475006104,13.633398056030273,13.184727329479236,0.021848559379577637,-0.0061179399490356445,0.022688956260324893
966,10,8,2.24411940574646,label_Hqql,label_Hqql,0.9995831847190857,0.451243132352829,0.2692279517650604,0.33420222997665405,0.33665555715560913,-0.5435869097709656,0.0,0.0,0.0,1.0,0.0,0.0,0.04894566535949707,0.04139506816864014,-2.3836076259613037,-10.153411865234375,-3.009033441543579,10.854844093322754,10.42944666890929,0.04894566535949707,0.04139506816864014,0.06410327469147138
966,11,17,2.2171690464019775,label_Hqql,label_Hqql,0.9995831847190857,-0.232360377907753,-0.41412588953971863,-0.3494015038013458,-0.346698522567749,-0.5175842642784119,0.0,0.0,0.0,1.0,0.0,0.0,0.05022987723350525,-0.04961729049682617,-1.2414758205413818,-3.7263448238372803,-1.1384471654891968,4.089372634887695,3.9277102692443835,0.05022987723350525,-0.04961729049682617,0.07060393815602246
966,12,23,2.160362482070923,label_Hqql,label_Hqql,0.9995831847190857,-1.3082295656204224,-1.506249189376831,-1.4252705574035645,-1.4388216733932495,0.21805721521377563,0.0,0.0,0.0,1.0,0.0,0.0,-0.05016818642616272,0.2495208978652954,-0.018966298550367355,-0.8443810343742371,-0.1576063334941864,0.8591732978820801,0.8445940158985311,-0.05016818642616272,0.2495208978652954,0.2545142931168963
966,13,6,2.0189852714538574,label_Hqql,label_Hqql,0.9995831847190857,0.48777082562446594,0.31539857387542725,0.3707297742366791,0.38282617926597595,-0.403728723526001,0.0,0.0,1.0,0.0,0.0,0.0,0.09512141346931458,0.027683019638061523,-2.65773344039917,-10.66186809539795,-3.701869010925293,11.594947814941406,10.988128972845226,0.09512141346931458,0.027683019638061523,0.09906781958174712
966,14,20,2.016697406768799,label_Hqql,label_Hqql,0.9995831847190857,-0.5138366222381592,-0.6842426061630249,-0.6308775544166565,-0.6168151497840881,-0.3443402349948883,1.0,1.0,0.0,0.0,0.0,0.0,0.09993478655815125,-0.054677724838256836,-0.843035876750946,-2.488347291946411,-0.8984766602516174,2.780165672302246,2.6272764861784674,0.09993478655815125,-0.054677724838256836,0.1139149470346687
966,15,1,1.9266560077667236,label_Hqql,label_Hqql,0.9995831847190857,1.033788800239563,0.8626482486724854,0.9167477488517761,0.9300757050514221,-0.3707233667373657,0.0,0.0,1.0,0.0,0.0,0.0,0.1005905270576477,-0.03740251064300537,-7.298411846160889,-22.832826614379883,-8.214193344116211,25.339252471923828,23.970915432634524,0.1005905270576477,-0.03740251064300537,0.10731915922208618
966,16,19,1.9154912233352661,label_Hqql,label_Hqql,0.9995831847190857,-0.3033841848373413,-0.4508501887321472,-0.4204251766204834,-0.3834226429462433,-0.06966722011566162,-1.0,1.0,0.0,0.0,0.0,0.0,0.17269131541252136,0.05928182601928711,-0.7491292953491211,-3.4687745571136475,-1.4899301528930664,3.880361318588257,3.5487450780845404,0.17269131541252136,0.05928182601928711,0.18258320107580533
967,1,0,4.405028343200684,label_Hqql,label_Hqql,0.9999159574508667,2.9177236557006836,2.8458831310272217,3.015803337097168,3.0327470302581787,-0.5781394243240356,-1.0,0.0,0.0,0.0,1.0,0.0,0.053820908069610596,0.0134049654006958,127.09100341796875,329.974853515625,-246.0027313232422,430.75848388671875,353.60362993391954,0.053820908069610596,0.0134049654006958,0.05546515341032896
967,2,17,2.5421974658966064,label_Hqql,label_Hqql,0.9999159574508667,-0.8140013217926025,-0.8857997059822083,-0.7159215807914734,-0.6989362239837646,-0.5842574834823608,0.0,0.0,0.0,1.0,0.0,0.0,0.05392587184906006,0.0010260343551635742,0.6347190737724304,1.5890315771102905,-1.1906397342681885,2.0845892429351807,1.7111077276618645,0.05392587184906006,0.0010260343551635742,0.05393563201798254
967,3,1,2.4266765117645264,label_Hqql,label_Hqql,0.9999159574508667,1.6916459798812866,1.5525308847427368,1.78972589969635,1.7393945455551147,-0.22417402267456055,0.0,0.0,1.0,0.0,0.0,0.0,-0.13765710592269897,0.04211878776550293,20.39832305908203,57.86231994628906,-29.069395065307617,67.89086151123047,61.35258473112114,-0.13765710592269897,0.04211878776550293,0.14395649028039217
967,4,21,2.3699519634246826,label_Hqql,label_Hqql,0.9999159574508667,-1.2902635335922241,-1.4982774257659912,-1.1921838521957397,-1.3114138841629028,1.6457877159118652,0.0,0.0,0.0,1.0,0.0,0.0,-0.5199551582336426,0.32173585891723633,0.051366522908210754,0.8650277853012085,-0.06537022441625595,0.8690137267112732,0.8665515501219725,-0.5199551582336426,0.32173585891723633,0.6114469146925054
967,5,2,2.3044161796569824,label_Hqql,label_Hqql,0.9999159574508667,0.9755774140357971,0.8493785858154297,1.0736572742462158,1.036242127418518,-0.2585132122039795,1.0,1.0,0.0,0.0,0.0,0.0,-0.09661194682121277,0.09482419490814209,6.227705001831055,21.160757064819336,-11.462297439575195,24.863426208496094,22.058149268379996,-0.09661194682121277,0.09482419490814209,0.13537169648254455
967,6,20,2.1692323684692383,label_Hqql,label_Hqql,0.9999159574508667,-1.237506628036499,-1.219191074371338,-1.1394269466400146,-1.0323272943496704,0.3151528239250183,0.0,0.0,0.0,1.0,0.0,0.0,0.25688570737838745,0.10831713676452637,0.25168779492378235,0.8998493552207947,-0.896235466003418,1.2947252988815308,0.9343851498203917,0.25688570737838745,0.10831713676452637,0.27878821490902306
967,7,4,2.0755269527435303,label_Hqql,label_Hqql,0.9999159574508667,0.4242129623889923,0.3143553137779236,0.5222926735877991,0.5012189149856567,-0.41597869992256165,-1.0,1.0,0.0,0.0,0.0,0.0,-0.047723352909088135,0.08330368995666504,2.9437308311462402,9.592887878417969,-5.7735724449157715,11.577679634094238,10.03439330772615,-0.047723352909088135,0.08330368995666504,0.09600532887960724
967,8,19,2.0626296997070312,label_Hqql,label_Hqql,0.9999159574508667,-1.2142740488052368,-1.4034353494644165,-1.1161943674087524,-1.216571569442749,0.6111792922019958,0.0,0.0,0.0,1.0,0.0,0.0,-0.3501020073890686,-0.04350590705871582,0.39787471294403076,0.8801656365394592,-0.23924219608306885,0.9951043725013733,0.9659170952753691,-0.3501020073890686,-0.04350590705871582,0.35279481221647385
967,9,14,1.9860484600067139,label_Hqql,label_Hqql,0.9999159574508667,-0.628475546836853,-0.7136890292167664,-0.5303959846496582,-0.526825487613678,-0.020507454872131348,-1.0,1.0,0.0,0.0,0.0,0.0,0.017160892486572266,-0.19411605596542358,1.2132714986801147,1.8715300559997559,-1.4531018733978271,2.665640115737915,2.230392898128027,0.017160892486572266,-0.19411605596542358,0.1948731367184999
967,10,5,1.9653266668319702,label_Hqql,label_Hqql,0.9999159574508667,0.3948246240615845,0.26393210887908936,0.4929044544696808,0.4507956802845001,-0.1376662254333496,1.0,1.0,0.0,0.0,0.0,0.0,-0.11108753085136414,0.12279021739959717,2.4573795795440674,9.302743911743164,-4.843446254730225,10.773031234741211,9.62183759400639,-0.11108753085136414,0.12279021739959717,0.1655834442198045
967,11,9,1.9302387237548828,label_Hqql,label_Hqql,0.9999159574508667,-0.054402194917201996,-0.1934724599123001,0.043677568435668945,-0.0066089630126953125,-0.20848369598388672,-1.0,1.0,0.0,0.0,0.0,0.0,-0.13823246955871582,0.0525357723236084,1.6340281963348389,4.793798923492432,-2.3964457511901855,5.604729175567627,5.064637821729653,-0.13823246955871582,0.0525357723236084,0.14787908240836264
967,12,3,1.900443196296692,label_Hqql,label_Hqql,0.9999159574508667,0.7688907384872437,0.6339725852012634,0.8669705986976624,0.8208361864089966,0.19195175170898438,0.0,0.0,0.0,1.0,0.0,0.0,-0.12383615970611572,-0.214854896068573,9.215042114257812,13.588737487792969,-8.031137466430664,18.27758026123047,16.418611015542545,-0.12383615970611572,-0.214854896068573,0.2479879448993356
967,13,13,1.872255563735962,label_Hqql,label_Hqql,0.9999159574508667,-0.5389962196350098,-0.7147042751312256,-0.4409162998199463,-0.5278404951095581,0.46080106496810913,0.0,0.0,0.0,1.0,0.0,0.0,-0.2797468304634094,0.14523398876190186,0.5921510457992554,2.464379072189331,-0.8131716847419739,2.6617767810821533,2.534523046351305,-0.2797468304634094,0.14523398876190186,0.3152002548317748
967,14,18,1.861618995666504,label_Hqql,label_Hqql,0.9999159574508667,-1.0172438621520996,-1.167684555053711,-0.91916424036026,-0.9808208346366882,0.30236297845840454,0.0,0.0,0.0,1.0,0.0,0.0,-0.17693129181861877,-0.2112950086593628,0.7145848274230957,1.0618633031845093,-0.5512643456459045,1.3935843706130981,1.2799160715582927,-0.17693129181861877,-0.2112950086593628,0.27559075221960083
967,15,16,1.8402854204177856,label_Hqql,label_Hqql,0.9999159574508667,-0.7879194021224976,-0.9507375955581665,-0.6898395419120789,-0.7638739347457886,0.17520904541015625,0.0,0.0,0.0,1.0,0.0,0.0,-0.22402513027191162,0.09618878364562988,0.4991135597229004,1.7044932842254639,-0.6747028231620789,1.8999040126800537,1.7760663561559216,-0.22402513027191162,0.09618878364562988,0.24380225817775514
967,16,8,1.780901551246643,label_Hqql,label_Hqql,0.9999159574508667,0.04870380088686943,-0.07661590725183487,0.1467837244272232,0.11024785041809082,0.05336880683898926,0.0,0.0,0.0,1.0,0.0,0.0,-0.09346890449523926,-0.19177711009979248,3.1807034015655518,4.931621551513672,-3.0702412128448486,6.623001575469971,5.868369897687499,-0.09346890449523926,-0.19177711009979248,0.21334220413637825
968,1,0,4.347124099731445,label_Hqql,label_Hqql,0.8952940702438354,2.6529197692871094,3.2061707973480225,2.761918067932129,2.6788899898529053,-0.3032151758670807,-1.0,0.0,0.0,0.0,1.0,0.0,-0.1226649284362793,0.01944255828857422,177.1491241455078,-165.2067413330078,-678.7896728515625,720.7152709960938,242.22939451559526,-0.1226649284362793,0.01944255828857422,0.12419620662919673
968,2,36,2.653907299041748,label_Hqql,label_Hqql,0.8952940702438354,-1.478888988494873,-0.793195366859436,-1.3698904514312744,-1.3204761743545532,-0.4393731653690338,0.0,0.0,0.0,1.0,0.0,0.0,0.0761263370513916,-0.04830127954483032,0.4523710608482361,-0.48313698172569275,-2.2855324745178223,2.379436731338501,0.6618617074615897,0.0761263370513916,-0.04830127954483032,0.09015671244300072
968,3,6,2.467230796813965,label_Hqql,label_Hqql,0.8952940702438354,0.7346930503845215,1.6557658910751343,0.843691349029541,1.1284852027893066,1.272528886795044,1.0,1.0,0.0,0.0,0.0,0.0,0.42228782176971436,0.300223171710968,13.942138671875,-7.077724456787109,-77.10987854003906,78.67929077148438,15.635773541209746,0.42228782176971436,0.300223171710968,0.5181321812503094
968,4,38,2.4583685398101807,label_Hqql,label_Hqql,0.8952940702438354,-1.6424317359924316,-0.6209685802459717,-1.5334333181381226,-1.1482492685317993,1.4853498935699463,0.0,0.0,1.0,0.0,0.0,0.0,0.5682317018508911,-0.05949157476425171,0.35381847620010376,-0.38646021485328674,-2.9977304935455322,3.0431771278381348,0.523964704693944,0.5682317018508911,-0.05949157476425171,0.5713374786028749
968,5,4,2.4493682384490967,label_Hqql,label_Hqql,0.8952940702438354,0.936906635761261,1.633707880973816,1.0459051132202148,1.1064271926879883,-0.305544376373291,0.0,0.0,1.0,0.0,0.0,0.0,0.09263551235198975,-0.08184778690338135,13.747016906738281,-15.706228256225586,-73.32575225830078,76.23865509033203,20.87261554934616,0.09263551235198975,-0.08184778690338135,0.1236139084799804
968,6,1,2.442439079284668,label_Hqql,label_Hqql,0.8952940702438354,1.4576338529586792,2.1453914642333984,1.5666322708129883,1.6181108951568604,-0.15637356042861938,-1.0,1.0,0.0,0.0,0.0,0.0,0.07919549942016602,-0.14006787538528442,26.953371047973633,-34.67483901977539,-152.1438751220703,158.35594177246094,43.91843202912737,0.07919549942016602,-0.14006787538528442,0.16090660907295598
968,7,20,2.4400510787963867,label_Hqql,label_Hqql,0.8952940702438354,-0.21853429079055786,0.3893485367298126,-0.10953588038682938,-0.13793238997459412,-0.5203941464424133,-1.0,1.0,0.0,0.0,0.0,0.0,-0.040248751640319824,0.05715113878250122,3.030665397644043,-2.619844436645508,-12.247632026672363,12.886911392211914,4.006060112467029,-0.040248751640319824,0.05715113878250122,0.06990146402430254
968,8,3,2.360692024230957,label_Hqql,label_Hqql,0.8952940702438354,1.009731411933899,1.695386528968811,1.118729829788208,1.1681058406829834,-0.34650561213493347,-1.0,1.0,0.0,0.0,0.0,0.0,0.07606756687164307,-0.08406722545623779,15.215518951416016,-17.462068557739258,-79.97467041015625,83.26105499267578,23.161084933052813,0.07606756687164307,-0.08406722545623779,0.11337359977385301
968,9,7,2.3469605445861816,label_Hqql,label_Hqql,0.8952940702438354,0.6218204498291016,1.3099335432052612,0.7308189272880554,0.782652735710144,-0.42668604850769043,1.0,1.0,0.0,0.0,0.0,0.0,0.0797194242477417,-0.04852855205535889,9.093122482299805,-9.715974807739258,-46.12489700317383,48.0063591003418,13.30733042134034,0.0797194242477417,-0.04852855205535889,0.09332848957837636
968,10,22,2.3196868896484375,label_Hqql,label_Hqql,0.8952940702438354,-0.5758497714996338,0.18391025066375732,-0.46685147285461426,-0.34337034821510315,0.6172063946723938,-1.0,1.0,0.0,0.0,0.0,0.0,0.1857212781906128,-0.30172377824783325,1.1508983373641968,-2.1112160682678223,-9.302521705627441,9.60927677154541,2.4045374336574414,0.1857212781906128,-0.30172377824783325,0.3543016109657175
968,11,5,2.318063259124756,label_Hqql,label_Hqql,0.8952940702438354,0.8637557625770569,1.2385129928588867,0.9727542400360107,0.7112322449684143,0.8155364394187927,0.0,0.0,1.0,0.0,0.0,0.0,-0.3988797664642334,0.06338214874267578,14.300053596496582,-12.206758499145508,-39.060420989990234,43.349891662597656,18.801502225065313,-0.3988797664642334,0.06338214874267578,0.4038840983175743
968,12,33,2.3166751861572266,label_Hqql,label_Hqql,0.8952940702438354,-1.2899184226989746,-0.6269391775131226,-1.180919885635376,-1.1542199850082397,-0.4566468298435211,1.0,1.0,0.0,0.0,0.0,0.0,0.04117858409881592,-0.07531625032424927,0.5752541422843933,-0.6486409902572632,-2.8867201805114746,3.0173308849334717,0.8669789284966942,0.04117858409881592,-0.07531625032424927,0.085838297695657
968,13,31,2.310793161392212,label_Hqql,label_Hqql,0.8952940702438354,-1.0852876901626587,-0.11300867795944214,-0.9762893319129944,-0.6402893662452698,1.674056053161621,-1.0,1.0,0.0,0.0,0.0,0.0,0.4965721368789673,0.36874884366989136,1.0691266059875488,-0.4535616338253021,-6.177707195281982,6.287471771240234,1.1613569026396378,0.4965721368789673,0.36874884366989136,0.6185140231493752
968,14,2,2.309896469116211,label_Hqql,label_Hqql,0.8952940702438354,1.0271875858306885,1.7105962038040161,1.136185884475708,1.183315396308899,-0.30607300996780396,-1.0,1.0,0.0,0.0,0.0,0.0,0.07272601127624512,-0.09979313611984253,15.316265106201172,-18.14609718322754,-81.70931243896484,85.08995056152344,23.745922171745068,0.07272601127624512,-0.09979313611984253,0.1234817506062574
968,15,30,2.289111375808716,label_Hqql,label_Hqql,0.8952940702438354,-1.0615452527999878,-0.39207515120506287,-0.9525468349456787,-0.9193558096885681,-0.26970356702804565,0.0,0.0,0.0,1.0,0.0,0.0,0.051973700523376465,-0.12196159362792969,0.7543836236000061,-0.9350522756576538,-4.045619010925293,4.220242977142334,1.2014230769252074,0.051973700523376465,-0.12196159362792969,0.13257411461653396
968,16,8,2.2748026847839355,label_Hqql,label_Hqql,0.8952940702438354,0.5350858569145203,0.9354945421218872,0.6440843343734741,0.40821394324302673,0.636616051197052,0.0,0.0,0.0,1.0,0.0,0.0,-0.3583775758743286,0.023603618144989014,8.631165504455566,-7.982409954071045,-25.542579650878906,28.11830711364746,11.756525279186713,-0.3583775758743286,0.023603618144989014,0.35915403057615075
971,1,0,4.09454345703125,label_Hqql,label_Hqql,0.993024468421936,2.938399076461792,2.791837453842163,2.848445415496826,2.8339993953704834,-0.5319086313247681,-1.0,0.0,0.0,0.0,0.0,1.0,-0.032649844884872437,-0.0585324764251709,-179.80563354492188,-316.72418212890625,-162.35414123535156,398.7519836425781,364.2036153029172,-0.032649844884872437,-0.0585324764251709,0.06702285556039386
971,2,22,2.578023672103882,label_Hqql,label_Hqql,0.993024468421936,-1.0837311744689941,-1.2403850555419922,-1.173685073852539,-1.198223352432251,-0.5151016116142273,0.0,0.0,0.0,1.0,0.0,0.0,-0.06946229934692383,-0.015745878219604492,-0.5308112502098083,-1.0358573198318481,-0.47228923439979553,1.2561122179031372,1.1639419961486566,-0.06946229934692383,-0.015745878219604492,0.07122460046548713
971,3,1,2.5414376258850098,label_Hqql,label_Hqql,0.993024468421936,1.596593976020813,1.4684474468231201,1.5066403150558472,1.5106091499328613,-0.3998907208442688,0.0,0.0,1.0,0.0,0.0,0.0,0.028229206800460815,0.09596133232116699,-18.96088981628418,-50.09413528442383,-27.493616104125977,60.20661544799805,53.56246570612135,0.028229206800460815,0.09596133232116699,0.1000273233543547
971,4,2,2.5394694805145264,label_Hqql,label_Hqql,0.993024468421936,1.5817686319351196,1.4387805461883545,1.4918149709701538,1.4809421300888062,-0.6651966571807861,-1.0,1.0,0.0,0.0,0.0,0.0,-0.020276397466659546,0.026918649673461914,-21.90277862548828,-47.64684295654297,-24.08884620666504,57.70827865600586,52.439997666310155,-0.020276397466659546,0.026918649673461914,0.033700830768224825
971,5,3,2.444103717803955,label_Hqql,label_Hqql,0.993024468421936,1.312281847000122,1.1668020486831665,1.2223281860351562,1.2089637517929077,-0.6741310358047485,1.0,1.0,0.0,0.0,0.0,0.0,-0.02888476848602295,0.012484312057495117,-15.370460510253906,-32.203433990478516,-16.05414581298828,39.12885665893555,35.68350062811077,-0.02888476848602295,0.012484312057495117,0.031467251199303416
971,6,17,2.3867945671081543,label_Hqql,label_Hqql,0.993024468421936,-0.3953632712364197,-0.5265682935714722,-0.48531684279441833,-0.48440662026405334,-0.6328636407852173,0.0,0.0,0.0,1.0,0.0,0.0,0.018579721450805664,0.037425994873046875,-1.2699283361434937,-2.8408567905426025,-1.563599705696106,3.482532024383545,3.111781689532895,0.018579721450805664,0.037425994873046875,0.04178410153906458
971,7,4,2.366865396499634,label_Hqql,label_Hqql,0.993024468421936,1.2203375101089478,1.0757231712341309,1.130383849143982,1.117884874343872,-0.6492081880569458,0.0,0.0,0.0,1.0,0.0,0.0,-0.025864839553833008,0.027425289154052734,-13.055118560791016,-28.437788009643555,-14.181751251220703,34.35499954223633,31.291275261927833,-0.025864839553833008,0.027425289154052734,0.03769796294667561
971,8,11,2.355473279953003,label_Hqql,label_Hqql,0.993024468421936,0.4997330605983734,0.36423996090888977,0.4097793996334076,0.40640148520469666,-0.758237361907959,0.0,0.0,0.0,1.0,0.0,0.0,0.004765301942825317,0.009289741516113281,-4.846851348876953,-10.071989059448242,-5.444171905517578,12.432857513427734,11.177519027572954,0.004765301942825317,0.009289741516113281,0.010440660900656309
971,9,8,2.3177995681762695,label_Hqql,label_Hqql,0.993024468421936,0.6886574625968933,0.5480697751045227,0.598703920841217,0.5902312994003296,-0.6765069365501404,0.0,0.0,0.0,1.0,0.0,0.0,-0.012119650840759277,0.02839493751525879,-6.095327854156494,-13.311396598815918,-6.856935977935791,16.166751861572266,14.64057038030363,-0.012119650840759277,0.02839493751525879,0.030873263724416438
971,10,14,2.31011700630188,label_Hqql,label_Hqql,0.993024468421936,-0.25590288639068604,-0.19097281992435455,-0.34585636854171753,-0.14881114661693573,1.5800650119781494,0.0,0.0,1.0,0.0,0.0,0.0,0.48043906688690186,0.3510308265686035,-0.40472471714019775,-3.7761826515197754,-4.149069786071777,5.624779224395752,3.7978095679355928,0.48043906688690186,0.3510308265686035,0.5950162503601006
971,11,23,2.259599447250366,label_Hqql,label_Hqql,0.993024468421936,-1.1245213747024536,-1.0027382373809814,-1.2144750356674194,-0.9605763554573059,1.5588905811309814,0.0,0.0,0.0,1.0,0.0,0.0,0.5872034430503845,0.05445075035095215,-0.43098941445350647,-1.0099376440048218,-1.3804177045822144,1.7638816833496094,1.0980555177899642,0.5872034430503845,0.05445075035095215,0.5897226193253977
971,12,7,2.219456911087036,label_Hqql,label_Hqql,0.993024468421936,0.8160106539726257,0.669224739074707,0.7260571718215942,0.7113862633705139,-0.663597583770752,0.0,0.0,0.0,1.0,0.0,0.0,-0.03343844413757324,0.0066874027252197266,-7.656418323516846,-15.805007934570312,-7.813539981842041,19.22161293029785,17.561862582212488,-0.03343844413757324,0.0066874027252197266,0.03410059972421134
971,13,19,2.2143163681030273,label_Hqql,label_Hqql,0.993024468421936,-0.4426799416542053,-0.6032617092132568,-0.532633364200592,-0.5610999464988708,-0.41548725962638855,-1.0,1.0,0.0,0.0,0.0,0.0,-0.08741861581802368,0.03998267650604248,-1.1801317930221558,-2.65820050239563,-1.1239569187164307,3.1211376190185547,2.9083914729344924,-0.08741861581802368,0.03998267650604248,0.09612818947700025
971,14,5,2.1986494064331055,label_Hqql,label_Hqql,0.993024468421936,0.9466938972473145,0.8031141757965088,0.8567402362823486,0.8452757000923157,-0.6840104460716248,1.0,1.0,0.0,0.0,0.0,0.0,-0.022340893745422363,0.01848602294921875,-9.002537727355957,-19.15659523010254,-9.674980163574219,23.273279190063477,21.1665024588961,-0.022340893745422363,0.01848602294921875,0.028997389155289384
971,15,16,2.1757092475891113,label_Hqql,label_Hqql,0.993024468421936,-0.3230767250061035,-0.28460898995399475,-0.4130304753780365,-0.24244746565818787,1.847938060760498,1.0,1.0,0.0,0.0,0.0,0.0,0.4277647137641907,0.5052136182785034,0.16352485120296478,-3.446425199508667,-3.5053563117980957,4.920527458190918,3.450302455259438,0.4277647137641907,0.5052136182785034,0.6619844789991812
971,16,18,2.1452486515045166,label_Hqql,label_Hqql,0.993024468421936,-0.4257826805114746,-0.3514121472835541,-0.5157364010810852,-0.30925074219703674,1.7797346115112305,0.0,0.0,0.0,1.0,0.0,0.0,0.498620867729187,0.409043550491333,-0.14521437883377075,-2.975909948348999,-3.3357951641082764,4.472656726837158,2.9794508280054934,0.498620867729187,0.409043550491333,0.6449336368445695
977,1,0,4.29985237121582,label_Hqql,label_Hqql,0.9980839490890503,3.1242449283599854,2.91607666015625,3.0567729473114014,3.047196626663208,-0.6788033246994019,-1.0,0.0,0.0,0.0,1.0,0.0,-0.005719609558582306,0.029754430055618286,463.30279541015625,-104.53268432617188,-34.40206527709961,476.19329833984375,474.94901023931,-0.005719609558582306,0.029754430055618286,0.030299175590060314
977,2,6,2.5852651596069336,label_Hqql,label_Hqql,0.9980839490890503,0.7753633856773376,0.5676060914993286,0.707891047000885,0.6987261176109314,-0.6686831712722778,0.0,0.0,0.0,1.0,0.0,0.0,0.0020020976662635803,0.03276810050010681,16.175708770751953,-3.5984485149383545,-1.3286292552947998,16.62430763244629,16.571131100526713,0.0020020976662635803,0.03276810050010681,0.03282920659184986
977,3,9,2.3395261764526367,label_Hqql,label_Hqql,0.9980839490890503,0.22447575628757477,0.02290339395403862,0.15700359642505646,0.15402354300022125,-0.37464964389801025,0.0,0.0,1.0,0.0,0.0,0.0,0.07739514112472534,0.07292239367961884,7.423271179199219,-1.3411580324172974,-1.1776231527328491,7.6348185539245605,7.543451455921699,0.07739514112472534,0.07292239367961884,0.10633759151721213
977,4,5,2.2793729305267334,label_Hqql,label_Hqql,0.9980839490890503,0.8342011570930481,0.6249408721923828,0.7667288184165955,0.7560608386993408,-0.3303914964199066,0.0,0.0,1.0,0.0,0.0,0.0,-0.03211134672164917,-0.11292529106140137,16.839488983154297,-6.426808834075928,-0.8290137648582458,18.04326820373535,18.024213186808776,-0.03211134672164917,-0.11292529106140137,0.11740212923784724
977,5,1,2.237914562225342,label_Hqql,label_Hqql,0.9980839490890503,1.1685619354248047,0.9616222977638245,1.101089596748352,1.0927423238754272,-0.4561610817909241,1.0,1.0,0.0,0.0,0.0,0.0,0.015361793339252472,-0.08457595109939575,27.433021545410156,-9.588157653808594,-2.7196836471557617,29.18766212463379,29.060341331533362,0.015361793339252472,-0.08457595109939575,0.08595973591726119
977,6,11,2.214322090148926,label_Hqql,label_Hqql,0.9980839490890503,-0.025876760482788086,-0.2162153124809265,-0.093348927795887,-0.08509540557861328,1.3993632793426514,1.0,1.0,0.0,0.0,0.0,0.0,-0.31479406356811523,-0.45080992579460144,4.026344299316406,-3.4084038734436035,1.2603775262832642,5.4255595207214355,5.2752881799142575,-0.31479406356811523,-0.45080992579460144,0.5498407875491419
977,7,8,2.108370542526245,label_Hqql,label_Hqql,0.9980839490890503,0.4131331145763397,0.208490252494812,0.3456607758998871,0.3396102488040924,-0.5188746452331543,1.0,1.0,0.0,0.0,0.0,0.0,0.04498497396707535,-0.053998321294784546,9.41900634765625,-2.9721765518188477,-1.218656063079834,9.952693939208984,9.876816999032153,0.04498497396707535,-0.053998321294784546,0.07028133881389305
977,8,13,2.0947630405426025,label_Hqql,label_Hqql,0.9980839490890503,-0.243016317486763,-0.3715207576751709,-0.3104887306690216,-0.24040068686008453,1.0336158275604248,0.0,0.0,0.0,1.0,0.0,0.0,0.4138651490211487,0.1971035897731781,3.8626163005828857,-0.21095393598079681,-1.9807615280151367,4.346000671386719,3.868372558148246,0.4138651490211487,0.1971035897731781,0.45840395578111115
977,9,12,2.0865564346313477,label_Hqql,label_Hqql,0.9980839490890503,-0.1995134949684143,-0.33340516686439514,-0.2669857442378998,-0.20228533446788788,0.9761276841163635,0.0,0.0,0.0,1.0,0.0,0.0,0.39672234654426575,0.19943851232528687,4.110795021057129,-0.2148822396993637,-2.028791666030884,4.589205265045166,4.116407424209403,0.39672234654426575,0.19943851232528687,0.44403191376984613
977,10,10,2.0628960132598877,label_Hqql,label_Hqql,0.9980839490890503,0.1163722351193428,-0.08364276587963104,0.04889998212456703,0.04747738689184189,-0.3437560796737671,-1.0,1.0,0.0,0.0,0.0,0.0,0.08985944092273712,-0.07025089859962463,6.1319403648376465,-2.045097589492798,-1.0907310247421265,6.556850433349609,6.463986137707483,0.08985944092273712,-0.07025089859962463,0.11406098314937332
977,11,15,2.029710531234741,label_Hqql,label_Hqql,0.9980839490890503,-0.5747613310813904,-0.7264890074729919,-0.642233669757843,-0.5953691005706787,0.7974171042442322,0.0,0.0,1.0,0.0,0.0,0.0,0.33562901616096497,0.2164185792207718,2.4067835807800293,-0.08486241102218628,-1.025017261505127,2.617340087890625,2.4082792266506057,0.33562901616096497,0.2164185792207718,0.3993542762023649
977,12,16,2.025266408920288,label_Hqql,label_Hqql,0.9980839490890503,-1.2687714099884033,-1.4746015071868896,-1.3362438678741455,-1.3434813022613525,-0.028551757335662842,0.0,0.0,0.0,1.0,0.0,0.0,-0.18734970688819885,-0.04578059911727905,0.8543321490287781,-0.261885404586792,0.09782592952251434,0.8989089131355286,0.8935700229974806,-0.18734970688819885,-0.04578059911727905,0.19286206450888946
977,13,4,2.0130720138549805,label_Hqql,label_Hqql,0.9980839490890503,0.8517850041389465,0.6447901129722595,0.7843126654624939,0.7759100794792175,-0.34123167395591736,-1.0,1.0,0.0,0.0,0.0,0.0,-0.00041050463914871216,-0.1146913468837738,17.256183624267578,-6.620778560638428,-1.4371644258499146,18.56222915649414,18.482710353826626,-0.00041050463914871216,-0.1146913468837738,0.11469208152297565
977,14,17,2.0000905990600586,label_Hqql,label_Hqql,0.9980839490890503,-1.3007522821426392,-1.5037301778793335,-1.3682245016098022,-1.3726102113723755,0.3967391848564148,0.0,0.0,0.0,1.0,0.0,0.0,-0.21997074782848358,-0.20279154181480408,0.7670174241065979,-0.37473535537719727,0.1215256080031395,0.862270712852478,0.8536640530400674,-0.21997074782848358,-0.20279154181480408,0.2991847912776446
977,15,3,1.981576681137085,label_Hqql,label_Hqql,0.9980839490890503,0.9805000424385071,0.7768483757972717,0.9130277037620544,0.9079683423042297,-0.36255601048469543,-1.0,1.0,0.0,0.0,0.0,0.0,0.05008670687675476,-0.09721702337265015,20.875564575195312,-7.593707084655762,-2.8550875186920166,22.416187286376953,22.21381515230332,0.05008670687675476,-0.09721702337265015,0.10936099779718708
977,16,14,1.899937391281128,label_Hqql,label_Hqql,0.9980839490890503,-0.5417460203170776,-0.7474473118782043,-0.609218180179596,-0.6163275241851807,-0.4086591601371765,0.0,0.0,0.0,1.0,0.0,0.0,0.032846495509147644,-0.09215658903121948,2.3768317699432373,-0.8510031700134277,-0.2806425392627716,2.5401370525360107,2.524586235006522,0.032846495509147644,-0.09215658903121948,0.09783521436119788
978,1,0,4.762551307678223,label_Hqql,label_Hqql,0.9999245405197144,2.9673550128936768,2.8869118690490723,2.971229076385498,2.963552713394165,-0.5238862633705139,-1.0,0.0,0.0,0.0,0.0,1.0,0.00634610652923584,0.06873610615730286,327.2440185546875,192.343505859375,-254.0585479736328,456.76080322265625,379.5848678834499,0.00634610652923584,0.06873610615730286,0.06902843876076308
978,2,1,2.711728572845459,label_Hqql,label_Hqql,0.9999245405197144,1.6899940967559814,1.6396392583847046,1.693868637084961,1.7162798643112183,-0.2905258536338806,1.0,1.0,0.0,0.0,0.0,0.0,0.08028507232666016,-0.09887897968292236,57.202823638916016,21.77731704711914,-46.5296630859375,76.88737487792969,61.20796165561858,0.08028507232666016,-0.09887897968292236,0.127368541883908
978,3,18,2.456223726272583,label_Hqql,label_Hqql,0.9999245405197144,-0.6588857173919678,-0.7474798560142517,-0.655010998249054,-0.6708391308784485,0.18430137634277344,-1.0,1.0,0.0,0.0,0.0,0.0,-0.017668962478637695,-0.24544018507003784,2.0853962898254395,0.4602087736129761,-1.3680450916290283,2.5400190353393555,2.1355724761590436,-0.017668962478637695,-0.24544018507003784,0.24607534757119806
978,4,13,2.353893280029297,label_Hqql,label_Hqql,0.9999245405197144,-0.3908351957798004,-0.4972202479839325,-0.3869604468345642,-0.42057937383651733,-0.2691468596458435,0.0,0.0,0.0,1.0,0.0,0.0,-0.06337887048721313,-0.1166016161441803,2.9463233947753906,1.0622855424880981,-1.838358998298645,3.631643533706665,3.1319757534789465,-0.06337887048721313,-0.1166016161441803,0.1327132928973948
978,5,15,2.283207654953003,label_Hqql,label_Hqql,0.9999245405197144,-0.49403104186058044,-0.6024583578109741,-0.4901564121246338,-0.5258174538612366,-0.37374281883239746,0.0,0.0,0.0,1.0,0.0,0.0,-0.06916719675064087,-0.08106693625450134,2.508296489715576,1.006425380706787,-1.5682605504989624,3.1247215270996094,2.702673366733443,-0.06916719675064087,-0.08106693625450134,0.10656429636624665
978,6,16,2.2822465896606445,label_Hqql,label_Hqql,0.9999245405197144,-0.5385352969169617,-0.4915362000465393,-0.5346607565879822,-0.41489532589912415,0.42075115442276,-1.0,1.0,0.0,0.0,0.0,0.0,0.288169264793396,-0.10048913955688477,2.3716866970062256,0.8985399603843689,-2.6368582248687744,3.661252975463867,2.536192391985246,0.288169264793396,-0.10048913955688477,0.3051877984789848
978,7,14,2.24898362159729,label_Hqql,label_Hqql,0.9999245405197144,-0.4789698123931885,-0.6042288541793823,-0.47509530186653137,-0.5275878310203552,-0.2757647633552551,0.0,0.0,0.0,1.0,0.0,0.0,-0.118954598903656,-0.05501106381416321,2.535189151763916,1.0947349071502686,-1.4453341960906982,3.116828441619873,2.7614540648279395,-0.118954598903656,-0.05501106381416321,0.13105881787310464
978,8,12,2.2245354652404785,label_Hqql,label_Hqql,0.9999245405197144,-0.09721542149782181,-0.20393256843090057,-0.0933409184217453,-0.1272919625043869,-0.2774532437324524,1.0,1.0,0.0,0.0,0.0,0.0,-0.06494933366775513,-0.11334693431854248,4.476472854614258,1.6304579973220825,-2.7877204418182373,5.521600246429443,4.764158110215262,-0.06494933366775513,-0.11334693431854248,0.13063668498280784
978,9,2,2.2080185413360596,label_Hqql,label_Hqql,0.9999245405197144,1.2481969594955444,1.18830406665802,1.252071499824524,1.2649447917938232,-0.3425808250904083,-1.0,1.0,0.0,0.0,0.0,0.0,0.057520270347595215,-0.09883540868759155,30.43057632446289,11.586545944213867,-23.828317642211914,40.34942626953125,32.561757052658265,0.057520270347595215,-0.09883540868759155,0.11435479662569335
978,10,4,2.202622890472412,label_Hqql,label_Hqql,0.9999245405197144,0.73844313621521,0.5883984565734863,0.7423178553581238,0.6650392413139343,0.2140544056892395,-1.0,1.0,0.0,0.0,0.0,0.0,-0.2022247612476349,-0.1528865396976471,14.971639633178711,4.791768550872803,-6.777054309844971,17.125513076782227,15.719765874557458,-0.2022247612476349,-0.1528865396976471,0.2535136053200758
978,11,17,2.1884777545928955,label_Hqql,label_Hqql,0.9999245405197144,-0.5724315643310547,-0.6942899227142334,-0.56855708360672,-0.6176489591598511,0.13854354619979858,0.0,0.0,0.0,1.0,0.0,0.0,-0.10856926441192627,-0.20800653100013733,2.338395118713379,0.6086469292640686,-1.2930781841278076,2.740546226501465,2.4163076823378966,-0.10856926441192627,-0.20800653100013733,0.2346358926372047
978,12,8,2.174037218093872,label_Hqql,label_Hqql,0.9999245405197144,0.46490633487701416,0.37650325894355774,0.46878108382225037,0.45314422249794006,-0.3316119611263275,1.0,1.0,0.0,0.0,0.0,0.0,-0.014479100704193115,-0.11619839072227478,10.003154754638672,3.6111574172973633,-6.853100776672363,12.652589797973633,10.635015887987757,-0.014479100704193115,-0.11619839072227478,0.11709701261624311
978,13,6,2.0684070587158203,label_Hqql,label_Hqql,0.9999245405197144,0.482418417930603,0.31776243448257446,0.48629316687583923,0.39440321922302246,0.26138490438461304,0.0,0.0,1.0,0.0,0.0,0.0,-0.25715911388397217,-0.06540495157241821,10.055346488952637,4.2186055183410645,-4.055524826049805,11.634169578552246,10.904431463046103,-0.25715911388397217,-0.06540495157241821,0.265346222026582
978,14,19,2.042086601257324,label_Hqql,label_Hqql,0.9999245405197144,-0.8991243839263916,-1.052198052406311,-0.8952497839927673,-0.9755573868751526,0.29572147130966187,0.0,0.0,0.0,1.0,0.0,0.0,-0.21221184730529785,-0.1732165813446045,1.4521647691726685,0.4324338138103485,-0.6367747187614441,1.6435521841049194,1.515183658885243,-0.21221184730529785,-0.1732165813446045,0.27393037836180023
978,15,9,2.03125,label_Hqql,label_Hqql,0.9999245405197144,0.41731563210487366,0.2606211006641388,0.42119020223617554,0.33726170659065247,0.47639375925064087,0.0,0.0,0.0,1.0,0.0,0.0,-0.22576496005058289,-0.22550831735134125,9.657955169677734,2.3341286182403564,-4.030036449432373,10.722193717956543,9.936007974332222,-0.22576496005058289,-0.22550831735134125,0.3190984462219685
978,16,11,2.006979465484619,label_Hqql,label_Hqql,0.9999245405197144,0.3371136784553528,0.27676400542259216,0.3409880995750427,0.3534049391746521,-0.33418020606040955,0.0,0.0,0.0,1.0,0.0,0.0,0.05642509460449219,-0.10187229514122009,8.290011405944824,3.127657890319824,-6.471911907196045,10.972336769104004,8.86039124359501,0.05642509460449219,-0.10187229514122009,0.11645495188469122
987,1,0,4.286453723907471,label_Hqql,label_Hqql,0.851045548915863,2.827697515487671,2.6613078117370605,2.8071436882019043,2.8154048919677734,-0.277226984500885,-1.0,0.0,0.0,0.0,0.0,1.0,0.1290912628173828,0.020400285720825195,-143.25778198242188,275.9615478515625,-113.2636489868164,330.9172668457031,310.9301657786734,0.1290912628173828,0.020400285720825195,0.13069325075641017
987,2,1,2.9257357120513916,label_Hqql,label_Hqql,0.851045548915863,1.758960247039795,1.5571004152297974,1.7384060621261597,1.7111971378326416,-0.12184149026870728,1.0,1.0,0.0,0.0,0.0,0.0,-0.07478734850883484,0.15215301513671875,-38.72673034667969,55.34099578857422,-10.360121726989746,68.3354721069336,67.54543254888098,-0.07478734850883484,0.15215301513671875,0.16953963404518863
987,3,37,2.850011110305786,label_Hqql,label_Hqql,0.851045548915863,-1.1897032260894775,-1.3676459789276123,-1.210257649421692,-1.2135491371154785,2.1233365535736084,0.0,0.0,0.0,1.0,0.0,0.0,-0.5325295925140381,0.500530481338501,-0.8189408183097839,0.574616551399231,0.3098374307155609,1.0473048686981201,1.000424032616092,-0.5325295925140381,0.500530481338501,0.7308341327908262
987,4,4,2.751615524291992,label_Hqql,label_Hqql,0.851045548915863,0.7895285487174988,0.6372599005699158,0.7689743638038635,0.7913568615913391,1.8857061862945557,-1.0,1.0,0.0,0.0,0.0,0.0,-0.6392394304275513,-0.20539355278015137,-4.2332658767700195,16.371423721313477,7.159534454345703,18.363616943359375,16.909880385331263,-0.6392394304275513,-0.20539355278015137,0.6714265119408028
987,5,16,2.612281560897827,label_Hqql,label_Hqql,0.851045548915863,0.013446318916976452,-0.15785683691501617,-0.007107973098754883,-0.003760099411010742,0.8930237889289856,0.0,0.0,1.0,0.0,0.0,0.0,0.10800868272781372,-0.4092428684234619,-0.2743470072746277,5.573365211486816,-1.907925009727478,5.897274017333984,5.580113445174034,0.10800868272781372,-0.4092428684234619,0.4232559519960239
987,6,11,2.436944007873535,label_Hqql,label_Hqql,0.851045548915863,0.3753625452518463,0.21894343197345734,0.35480818152427673,0.37304022908210754,1.7642204761505127,1.0,1.0,0.0,0.0,0.0,0.0,-0.6235933303833008,-0.14860355854034424,-2.8531746864318848,8.912445068359375,3.8035995960235596,10.102432250976562,9.358006352200185,-0.6235933303833008,-0.14860355854034424,0.6410551140965884
987,7,35,2.4049031734466553,label_Hqql,label_Hqql,0.851045548915863,-0.8774610161781311,-1.0292609930038452,-0.8980152010917664,-0.8751642107963562,1.7649292945861816,0.0,0.0,0.0,1.0,0.0,0.0,-0.6410268545150757,0.016230344772338867,-0.7142571806907654,1.390038251876831,0.6647175550460815,1.6982989311218262,1.5628082613836916,-0.6410268545150757,0.016230344772338867,0.6412322919979319
987,8,27,2.3858134746551514,label_Hqql,label_Hqql,0.851045548915863,-0.3767133057117462,-0.5795868635177612,-0.3972674310207367,-0.42549005150794983,-0.4336850941181183,-1.0,1.0,0.0,0.0,0.0,0.0,-0.09138265252113342,-0.005989551544189453,-1.3970762491226196,2.874253034591675,-0.4365818500518799,3.228503704071045,3.19580233317425,-0.09138265252113342,-0.005989551544189453,0.09157873066110228
987,9,14,2.330746650695801,label_Hqql,label_Hqql,0.851045548915863,0.12912653386592865,-0.0737844780087471,0.10857224464416504,0.08031225204467773,0.8617202639579773,-1.0,1.0,0.0,0.0,0.0,0.0,-0.36856475472450256,-0.19168245792388916,-1.735193133354187,6.350032329559326,0.9312092065811157,6.649845123291016,6.582841772098746,-0.36856475472450256,-0.19168245792388916,0.41543007004895094
987,10,34,2.263913869857788,label_Hqql,label_Hqql,0.851045548915863,-0.8549063801765442,-1.0161046981811523,-0.8754606246948242,-0.8620076775550842,1.6283433437347412,0.0,0.0,0.0,1.0,0.0,0.0,-0.6053338050842285,-0.046088576316833496,-0.6468095779418945,1.4787085056304932,0.6243056654930115,1.7305198907852173,1.6139831085675396,-0.6053338050842285,-0.046088576316833496,0.6070858031980845
987,11,3,2.2191359996795654,label_Hqql,label_Hqql,0.851045548915863,0.8347981572151184,0.6349746584892273,0.8142439126968384,0.7890714406967163,-0.019010305404663086,0.0,0.0,1.0,0.0,0.0,0.0,-0.05664302408695221,0.18685054779052734,-10.849386215209961,14.412413597106934,-3.0985310077667236,18.303762435913086,18.0395910968309,-0.05664302408695221,0.18685054779052734,0.19524743119266688
987,12,33,2.2085700035095215,label_Hqql,label_Hqql,0.851045548915863,-0.67796391248703,-0.8784077763557434,-0.6985183358192444,-0.7243109345436096,0.13659489154815674,-1.0,1.0,0.0,0.0,0.0,0.0,-0.07594184577465057,-0.22149145603179932,-0.48779621720314026,2.020094156265259,-0.31632035970687866,2.1067187786102295,2.078154361373269,-0.07594184577465057,-0.22149145603179932,0.23414873272078007
987,13,2,2.2047460079193115,label_Hqql,label_Hqql,0.851045548915863,1.0267789363861084,0.8200991749763489,1.0062247514724731,0.9741960167884827,-0.09872263669967651,0.0,0.0,1.0,0.0,0.0,0.0,-0.1300974190235138,0.1175224781036377,-12.925244331359863,19.903493881225586,-2.3169450759887695,23.844900131225586,23.732067118254463,-0.1300974190235138,0.1175224781036377,0.17531934090738457
987,14,21,2.1989457607269287,label_Hqql,label_Hqql,0.851045548915863,-0.20900185406208038,-0.4087129533290863,-0.22955597937107086,-0.2546159625053406,-0.37993842363357544,-1.0,1.0,0.0,0.0,0.0,0.0,-0.05910146236419678,-0.08680582046508789,-1.4746546745300293,3.7837817668914795,-0.6873987317085266,4.12111759185791,4.060986440333638,-0.05910146236419678,-0.08680582046508789,0.10501539563418137
987,15,17,2.1818058490753174,label_Hqql,label_Hqql,0.851045548915863,-0.027162836864590645,-0.21554523706436157,-0.04771704599261284,-0.06144833564758301,1.1889228820800781,0.0,0.0,0.0,1.0,0.0,0.0,-0.47737812995910645,-0.1390988826751709,-1.6530287265777588,4.999409198760986,1.3291022777557373,5.430755615234375,5.265605027681744,-0.47737812995910645,-0.1390988826751709,0.4972307091529389
987,16,13,2.1741228103637695,label_Hqql,label_Hqql,0.851045548915863,0.22912240028381348,0.03955380991101265,0.20856818556785583,0.19365061819553375,-0.3895838260650635,-1.0,1.0,0.0,0.0,0.0,0.0,0.01454421877861023,-0.10156798362731934,-2.6527316570281982,7.115276336669922,-1.856573462486267,7.818598747253418,7.593690972865206,0.01454421877861023,-0.10156798362731934,0.10260404279559109
1009,1,0,4.428463935852051,label_Hqql,label_Hqql,0.970779299736023,2.783003807067871,2.6147873401641846,2.849982500076294,2.832441568374634,-0.5563838481903076,1.0,0.0,0.0,0.0,1.0,0.0,-0.05719977617263794,0.020916223526000977,215.07875061035156,-197.05059814453125,103.87088012695312,309.64007568359375,291.698143966031,-0.05719977617263794,0.020916223526000977,0.06090404584910197
1009,2,31,2.8837385177612305,label_Hqql,label_Hqql,0.970779299736023,-1.2951449155807495,-1.4180397987365723,-1.2281659841537476,-1.2003852128982544,-0.3668556809425354,0.0,0.0,0.0,1.0,0.0,0.0,0.10311383008956909,-0.03306680917739868,0.6022072434425354,-0.6147016882896423,0.4574405252933502,0.9745581150054932,0.8605299121127595,0.10311383008956909,-0.03306680917739868,0.10828608324671746
1009,3,26,2.8678979873657227,label_Hqql,label_Hqql,0.970779299736023,-0.9715979099273682,-1.1213430166244507,-0.9046191573143005,-0.9036885499954224,-0.49118202924728394,0.0,0.0,0.0,1.0,0.0,0.0,0.014730900526046753,-0.07578611373901367,0.91350257396698,-1.0158263444900513,0.5921380519866943,1.4889652729034424,1.366158890760631,0.014730900526046753,-0.07578611373901367,0.0772044977055806
1009,4,25,2.8581645488739014,label_Hqql,label_Hqql,0.970779299736023,-0.9115389585494995,-1.0455766916275024,-0.8445600271224976,-0.8279221653938293,-0.4588015377521515,0.0,0.0,0.0,1.0,0.0,0.0,0.06817573308944702,-0.051264941692352295,1.022179126739502,-1.082093596458435,0.7328552603721619,1.659172534942627,1.4885485274717385,0.06817573308944702,-0.051264941692352295,0.08529961798861588
1009,5,1,2.718996286392212,label_Hqql,label_Hqql,0.970779299736023,1.6894259452819824,1.5421597957611084,1.7564046382904053,1.7598142623901367,-0.5115521550178528,0.0,0.0,0.0,1.0,0.0,0.0,0.023554295301437378,-0.0681566596031189,41.24017333984375,-45.161781311035156,27.097187042236328,66.89241790771484,61.15830596318151,0.023554295301437378,-0.0681566596031189,0.07211196208260273
1009,6,27,2.674048900604248,label_Hqql,label_Hqql,0.970779299736023,-0.9885621666908264,-1.1497231721878052,-0.9215834736824036,-0.9320687055587769,-0.4093400239944458,0.0,0.0,0.0,1.0,0.0,0.0,-0.028255462646484375,-0.09348839521408081,0.873939573764801,-1.0071316957473755,0.5160024166107178,1.4298052787780762,1.3334483983908736,-0.028255462646484375,-0.09348839521408081,0.09766499479890961
1009,7,29,2.6650450229644775,label_Hqql,label_Hqql,0.970779299736023,-1.0560338497161865,-1.196675181388855,-0.9890549778938293,-0.9790207147598267,-0.49384739995002747,0.0,0.0,0.0,1.0,0.0,0.0,0.04638242721557617,0.060883164405822754,0.9248232245445251,-0.7816833853721619,0.566895067691803,1.337047815322876,1.2109198617678285,0.04638242721557617,0.060883164405822754,0.07653815559885582
1009,8,21,2.6475796699523926,label_Hqql,label_Hqql,0.970779299736023,-0.5541732907295227,-0.6888473033905029,-0.48719438910484314,-0.47119301557540894,-0.4913390278816223,0.0,0.0,0.0,1.0,0.0,0.0,0.06611365079879761,-0.03979271650314331,1.7236865758895874,-1.7832859754562378,1.2153573036193848,2.761937379837036,2.480162148360642,0.06611365079879761,-0.03979271650314331,0.07716524547129287
1009,9,6,2.606703758239746,label_Hqql,label_Hqql,0.970779299736023,0.33280983567237854,0.18808390200138092,0.39978885650634766,0.4057382643222809,-0.6405779719352722,-1.0,1.0,0.0,0.0,0.0,0.0,0.03217768669128418,-0.023517191410064697,6.222373008728027,-6.231307029724121,3.9848835468292236,9.666741371154785,8.806083871871556,0.03217768669128418,-0.023517191410064697,0.03985551169687911
1009,10,2,2.542689085006714,label_Hqql,label_Hqql,0.970779299736023,1.3543412685394287,1.2113724946975708,1.4213200807571411,1.4290268421173096,-0.6414068937301636,1.0,1.0,0.0,0.0,0.0,0.0,0.03787308931350708,-0.011730968952178955,27.089519500732422,-26.496360778808594,17.384428024291992,41.7012939453125,37.89326063169213,0.03787308931350708,-0.011730968952178955,0.03964828529338779
1009,11,19,2.4706389904022217,label_Hqql,label_Hqql,0.970779299736023,-0.46733102202415466,-0.6226135492324829,-0.40035226941108704,-0.40495920181274414,-0.42673179507255554,0.0,0.0,0.0,1.0,0.0,0.0,-0.00560075044631958,-0.09314882755279541,1.840915560722351,-2.1200244426727295,1.1550014019012451,3.036033868789673,2.807752435532646,-0.00560075044631958,-0.09314882755279541,0.09331705353268697
1009,12,14,2.4696202278137207,label_Hqql,label_Hqql,0.970779299736023,-0.20728303492069244,-0.2630138695240021,-0.14030428230762482,-0.04535951465368271,1.1117722988128662,1.0,1.0,0.0,0.0,0.0,0.0,0.28173917531967163,0.3860733211040497,3.7857906818389893,-1.4968597888946533,3.026585578918457,5.074692249298096,4.07097043888907,0.28173917531967163,0.3860733211040497,0.47794306374098505
1009,13,23,2.4276766777038574,label_Hqql,label_Hqql,0.970779299736023,-0.6162567138671875,-0.7445664405822754,-0.5492779016494751,-0.5269119143486023,-0.44477397203445435,0.0,0.0,0.0,1.0,0.0,0.0,0.08640071749687195,0.020530760288238525,1.672910213470459,-1.5338714122772217,1.1637167930603027,2.5506129264831543,2.269667396720298,0.08640071749687195,0.020530760288238525,0.08880650934468366
1009,14,22,2.409237861633301,label_Hqql,label_Hqql,0.970779299736023,-0.5894913077354431,-0.7344894409179688,-0.5225126147270203,-0.5168349146842957,-0.32251209020614624,0.0,0.0,0.0,1.0,0.0,0.0,0.03148719668388367,-0.11514437198638916,1.5065851211547852,-1.8141075372695923,1.0653026103973389,2.5875961780548096,2.3581316511304715,0.03148719668388367,-0.11514437198638916,0.11937198144937335
1009,15,3,2.4076874256134033,label_Hqql,label_Hqql,0.970779299736023,1.150970697402954,1.0036147832870483,1.217949390411377,1.221269130706787,-0.5188983082771301,-1.0,1.0,0.0,0.0,0.0,0.0,0.022923022508621216,-0.06643170118331909,19.145675659179688,-20.893781661987305,12.536556243896484,30.9921932220459,28.33914269319562,0.022923022508621216,-0.06643170118331909,0.07027542872897008
1009,16,30,2.3386659622192383,label_Hqql,label_Hqql,0.970779299736023,-1.1120195388793945,-1.2234604358673096,-1.0450406074523926,-1.0058060884475708,-0.2044682502746582,0.0,0.0,0.0,1.0,0.0,0.0,0.1370289921760559,0.05821669101715088,0.8518096804618835,-0.7238732576370239,0.6375083923339844,1.286852478981018,1.1178426655172067,0.1370289921760559,0.05821669101715088,0.148882933238743
1012,1,0,4.09487771987915,label_Hqql,label_Hqql,0.7935882806777954,2.8433568477630615,2.9250447750091553,2.8822708129882812,2.91874623298645,-0.3235492408275604,-1.0,0.0,0.0,0.0,0.0,1.0,0.08532541990280151,-0.08311080932617188,-10.784781455993652,317.7811584472656,362.6903381347656,482.3333435058594,317.9641114577865,0.08532541990280151,-0.08311080932617188,0.11911269415322909
1012,2,1,2.9064974784851074,label_Hqql,label_Hqql,0.7935882806777954,1.4837290048599243,1.5901795625686646,1.5226428508758545,1.58388090133667,-0.23579257726669312,1.0,1.0,0.0,0.0,0.0,0.0,0.1317586898803711,0.050351500511169434,-7.595017433166504,44.94942092895508,55.26715087890625,71.64225006103516,45.58656306038532,0.1317586898803711,0.050351500511169434,0.14105185558055625
1012,3,24,2.615830898284912,label_Hqql,label_Hqql,0.7935882806777954,-0.8554796576499939,-1.0452181100845337,-0.816565752029419,-1.0515166521072388,1.8104043006896973,0.0,0.0,0.0,1.0,0.0,0.0,-0.6503349542617798,0.05433773994445801,-0.2750163972377777,1.5890388488769531,0.39369574189186096,1.6600226163864136,1.6126619242698823,-0.6503349542617798,0.05433773994445801,0.6526010593899942
1012,4,25,2.4925339221954346,label_Hqql,label_Hqql,0.7935882806777954,-0.8613659739494324,-1.00443696975708,-0.8224520683288574,-1.0107357501983643,1.4947071075439453,0.0,0.0,0.0,1.0,0.0,0.0,-0.4478066861629486,0.35857248306274414,-0.7322209477424622,1.4216746091842651,0.7341030836105347,1.7596060037612915,1.5991579692801154,-0.4478066861629486,0.35857248306274414,0.5736767851168666
1012,5,16,2.3463802337646484,label_Hqql,label_Hqql,0.7935882806777954,-0.07791642099618912,-0.15810199081897736,-0.03900256007909775,-0.1644006222486496,0.33311742544174194,0.0,0.0,1.0,0.0,0.0,0.0,-0.2641003131866455,-0.10246086120605469,-0.07137459516525269,4.89681339263916,3.281708002090454,5.895208835601807,4.897333533175502,-0.2641003131866455,-0.10246086120605469,0.2832793735949913
1012,6,19,2.3339409828186035,label_Hqql,label_Hqql,0.7935882806777954,-0.415346622467041,-0.3091173768043518,-0.3764328360557556,-0.3154160976409912,-0.1839314103126526,-1.0,1.0,0.0,0.0,0.0,0.0,0.1307917833328247,-0.08133137226104736,-0.1079537570476532,3.022275924682617,3.661817789077759,4.751230716705322,3.0242033295691066,0.1307917833328247,-0.08133137226104736,0.1540171506724028
1012,7,26,2.333746910095215,label_Hqql,label_Hqql,0.7935882806777954,-0.8951717019081116,-0.5706040859222412,-0.8562579154968262,-0.5769026875495911,1.297834873199463,0.0,0.0,1.0,0.0,0.0,0.0,0.5053936243057251,0.14012205600738525,-0.38754287362098694,1.4736573696136475,2.8935022354125977,3.270200490951538,1.5237636043399339,0.5053936243057251,0.14012205600738525,0.5244586790859822
1012,8,23,2.330995559692383,label_Hqql,label_Hqql,0.7935882806777954,-0.8503525853157043,-0.9464842677116394,-0.811438798904419,-0.9527828097343445,1.3942205905914307,0.0,0.0,0.0,1.0,0.0,0.0,-0.30613410472869873,-0.4551863670349121,0.5389224886894226,1.5325202941894531,1.0073299407958984,1.9114835262298584,1.624517128539348,-0.30613410472869873,-0.4551863670349121,0.548555119210899
1012,9,21,2.3301169872283936,label_Hqql,label_Hqql,0.7935882806777954,-0.6848993897438049,-0.7796822190284729,-0.6459857225418091,-0.7859809398651123,0.7064923644065857,0.0,0.0,0.0,1.0,0.0,0.0,-0.30248695611953735,0.2243804931640625,-0.688951313495636,1.9389005899429321,1.2847555875778198,2.425816535949707,2.057666010325391,-0.30248695611953735,0.2243804931640625,0.3766231064804851
1012,10,22,2.2323291301727295,label_Hqql,label_Hqql,0.7935882806777954,-0.7185601592063904,-0.6790578365325928,-0.679646372795105,-0.6853564381599426,-0.12008869647979736,0.0,0.0,0.0,1.0,0.0,0.0,0.0031470060348510742,0.16994869709014893,-0.5551000237464905,1.8808571100234985,1.9997286796569824,2.8008344173431396,1.9610608110635686,0.0031470060348510742,0.16994869709014893,0.16997783175938733
1012,11,13,2.2112014293670654,label_Hqql,label_Hqql,0.7935882806777954,0.10179705172777176,0.04313666746020317,0.14071083068847656,0.03683795779943466,0.09991472959518433,1.0,1.0,0.0,0.0,0.0,0.0,-0.21086609363555908,0.07842767238616943,-1.2295713424682617,6.21023416519165,4.654154300689697,7.858720302581787,6.330786212843776,-0.21086609363555908,0.07842767238616943,0.22497868619278738
1012,12,27,2.152052164077759,label_Hqql,label_Hqql,0.7935882806777954,-0.902782678604126,-1.0069490671157837,-0.8638688921928406,-1.0132478475570679,0.6121168732643127,0.0,0.0,0.0,1.0,0.0,0.0,-0.3282530903816223,0.1299213171005249,-0.368462473154068,1.4615558385849,0.8956335783004761,1.7533025741577148,1.5072856608567675,-0.3282530903816223,0.1299213171005249,0.35302923389178503
1012,13,18,2.1429545879364014,label_Hqql,label_Hqql,0.7935882806777954,-0.38591745495796204,-0.4622947871685028,-0.34700360894203186,-0.4685935080051422,0.22245699167251587,0.0,0.0,0.0,1.0,0.0,0.0,-0.25438541173934937,0.025034070014953613,-0.44658976793289185,3.122279644012451,2.1505215167999268,3.8174357414245605,3.1540565302855423,-0.25438541173934937,0.025034070014953613,0.25561424523549525
1012,14,2,2.134826183319092,label_Hqql,label_Hqql,0.7935882806777954,1.434100866317749,1.3472366333007812,1.4730147123336792,1.340937852859497,0.4269410967826843,1.0,1.0,0.0,0.0,0.0,0.0,-0.28151410818099976,0.12180447578430176,-10.046544075012207,41.261009216308594,27.570932388305664,50.63401794433594,42.46650361637352,-0.28151410818099976,0.12180447578430176,0.3067352660292458
1012,15,28,2.1152687072753906,label_Hqql,label_Hqql,0.7935882806777954,-0.9109840989112854,-0.6688941121101379,-0.8720703721046448,-0.675192654132843,0.44815534353256226,-1.0,1.0,0.0,0.0,0.0,0.0,0.3012244701385498,0.08143746852874756,-0.2937336564064026,1.4604837894439697,2.230733633041382,2.8417978286743164,1.4897289552581343,0.3012244701385498,0.08143746852874756,0.3120388480471956
1012,16,3,2.1147029399871826,label_Hqql,label_Hqql,0.7935882806777954,1.312869668006897,1.2197538614273071,1.3517833948135376,1.2134552001953125,0.47736531496047974,0.0,0.0,0.0,1.0,0.0,0.0,-0.29800379276275635,0.11477208137512207,-8.204713821411133,34.75823974609375,22.48758888244629,42.2036018371582,35.71347867595911,-0.29800379276275635,0.11477208137512207,0.31934133957908656
1018,1,0,4.209954261779785,label_Hqql,label_Hqql,0.9992672801017761,2.9049289226531982,2.7023184299468994,2.754706621170044,2.7407844066619873,-0.45246315002441406,1.0,0.0,0.0,0.0,1.0,0.0,-0.080106720328331,-0.033641934394836426,224.07931518554688,-265.2086486816406,-50.716766357421875,350.8836975097656,347.1990305711776,-0.080106720328331,-0.033641934394836426,0.08688421255664297
1018,2,1,3.322796583175659,label_Hqql,label_Hqql,0.9992672801017761,2.014052629470825,1.82231605052948,1.863830327987671,1.8607819080352783,-0.7523931860923767,-1.0,1.0,0.0,0.0,0.0,0.0,0.0037060678005218506,-0.011309981346130371,64.40313720703125,-72.85965728759766,-22.501056671142578,99.81400299072266,97.24347660472591,0.0037060678005218506,-0.011309981346130371,0.011901706457138062
1018,3,22,3.010096311569214,label_Hqql,label_Hqql,0.9992672801017761,-0.6337181329727173,-0.8253021836280823,-0.7839401364326477,-0.7868360877037048,-0.7484055757522583,0.0,0.0,0.0,1.0,0.0,0.0,0.004725053906440735,-0.012001991271972656,1.4649914503097534,-1.6596667766571045,-0.5145529508590698,2.2727644443511963,2.2137510607609108,0.004725053906440735,-0.012001991271972656,0.012898601820014396
1018,4,23,2.6302051544189453,label_Hqql,label_Hqql,0.9992672801017761,-1.1420584917068481,-1.3109171390533447,-1.2922805547714233,-1.2724510431289673,-0.31356921792030334,0.0,0.0,0.0,1.0,0.0,0.0,0.12055246531963348,0.015985488891601562,0.730869472026825,-0.7827070355415344,-0.3782128691673279,1.1357135772705078,1.0708877105593222,0.12055246531963348,0.015985488891601562,0.12160770020744965
1018,5,2,2.6035947799682617,label_Hqql,label_Hqql,0.9992672801017761,1.6912904977798462,1.5299549102783203,1.5410683155059814,1.5684210062026978,-0.1358078122138977,1.0,1.0,0.0,0.0,0.0,0.0,0.1514737457036972,0.06802690029144287,44.1259765625,-42.58185958862305,-23.67890739440918,65.73622131347656,61.32142018593102,0.1514737457036972,0.06802690029144287,0.16604804967469577
1018,6,4,2.5730478763580322,label_Hqql,label_Hqql,0.9992672801017761,1.1543147563934326,0.959021270275116,1.0040926933288574,0.9974872469902039,-0.6870721578598022,-1.0,1.0,0.0,0.0,0.0,0.0,-0.020020946860313416,-0.019904911518096924,18.67447280883789,-21.496074676513672,-5.897078514099121,29.07941246032715,28.474851381285173,-0.020020946860313416,-0.019904911518096924,0.02823196443265614
1018,7,6,2.5547285079956055,label_Hqql,label_Hqql,0.9992672801017761,0.7135326862335205,0.5188049077987671,0.563310444355011,0.5572709441184998,-0.6716845631599426,-1.0,1.0,0.0,0.0,0.0,0.0,-0.016211599111557007,-0.02768099308013916,9.859612464904785,-11.52921199798584,-3.2007505893707275,15.504804611206055,15.170190745425927,-0.016211599111557007,-0.02768099308013916,0.032078861009339904
1018,8,3,2.5322327613830566,label_Hqql,label_Hqql,0.9992672801017761,1.5256162881851196,1.3702462911605835,1.3753942251205444,1.4087122678756714,0.07859748601913452,0.0,0.0,1.0,0.0,0.0,0.0,0.17456863820552826,0.13331031799316406,36.94452667236328,-31.26401138305664,-19.891752243041992,52.32607650756836,48.397690635038124,0.17456863820552826,0.13331031799316406,0.21964938044158272
1018,9,18,2.4914841651916504,label_Hqql,label_Hqql,0.9992672801017761,-0.19079674780368805,-0.36829614639282227,-0.34101882576942444,-0.32982996106147766,-0.46023568511009216,0.0,0.0,0.0,1.0,0.0,0.0,0.08142472803592682,0.024186789989471436,2.869495153427124,-3.0229315757751465,-1.3001638650894165,4.366067409515381,4.167987253742526,0.08142472803592682,0.024186789989471436,0.08494108043649694
1018,10,11,2.4583117961883545,label_Hqql,label_Hqql,0.9992672801017761,0.5169287323951721,0.3223731815814972,0.36670663952827454,0.36083903908729553,-0.6964864730834961,0.0,0.0,0.0,1.0,0.0,0.0,-0.014829084277153015,-0.021208226680755615,7.501504898071289,-8.657703399658203,-2.4331777095794678,11.711052894592285,11.455496667200455,-0.014829084277153015,-0.021208226680755615,0.025878381314163007
1018,11,16,2.442298173904419,label_Hqql,label_Hqql,0.9992672801017761,-0.0469176284968853,-0.23288516700267792,-0.1971396952867508,-0.1944189965724945,-0.612449586391449,0.0,0.0,0.0,1.0,0.0,0.0,0.037874117493629456,0.02764052152633667,3.5370872020721436,-3.700540542602539,-1.3647549152374268,5.29788064956665,5.11908059933692,0.037874117493629456,0.02764052152633667,0.046887601838536484
1018,12,7,2.4407527446746826,label_Hqql,label_Hqql,0.9992672801017761,0.6876994967460632,0.5000751614570618,0.5374772548675537,0.5385411977767944,-0.6848252415657043,0.0,0.0,0.0,1.0,0.0,0.0,0.028528019785881042,-0.0039023756980895996,9.763884544372559,-10.882413864135742,-3.7566111087799072,15.095446586608887,14.620546258815747,0.028528019785881042,-0.0039023756980895996,0.02879368765880224
1018,13,17,2.4056906700134277,label_Hqql,label_Hqql,0.9992672801017761,-0.06064708158373833,-0.23893362283706665,-0.21086931228637695,-0.2004675418138504,-0.43504348397254944,0.0,0.0,0.0,1.0,0.0,0.0,0.07762648165225983,0.047944843769073486,3.5413460731506348,-3.5575006008148193,-1.5458729267120361,5.252301216125488,5.019655619125402,0.07762648165225983,0.047944843769073486,0.09123912920315218
1018,14,14,2.376633644104004,label_Hqql,label_Hqql,0.9992672801017761,0.22667908668518066,0.03651418536901474,0.07645702362060547,0.07498002052307129,-0.7486754059791565,1.0,1.0,0.0,0.0,0.0,0.0,0.012831076979637146,-4.571676254272461e-05,5.075229167938232,-5.612936019897461,-1.8219225406646729,7.784721374511719,7.567232114224682,0.012831076979637146,-4.571676254272461e-05,0.012831158423141368
1018,15,9,2.3537917137145996,label_Hqql,label_Hqql,0.9992672801017761,0.6012378931045532,0.41723668575286865,0.4510156512260437,0.45570269227027893,-0.6047665476799011,0.0,0.0,0.0,1.0,0.0,0.0,0.048571452498435974,-0.004803180694580078,8.620721817016602,-9.625723838806152,-3.588212728500366,13.41069221496582,12.921741526100384,0.048571452498435974,-0.004803180694580078,0.04880836549806405
1018,16,13,2.344576358795166,label_Hqql,label_Hqql,0.9992672801017761,0.31337833404541016,0.12365836650133133,0.1631559282541275,0.16212452948093414,-0.6351124048233032,1.0,1.0,0.0,0.0,0.0,0.0,0.015683189034461975,-0.038121938705444336,5.498408317565918,-6.567085266113281,-2.08728289604187,8.816763877868652,8.564992873264998,0.015683189034461975,-0.038121938705444336,0.04122189501893773
1019,1,0,4.340425968170166,label_Hqql,label_Hqql,0.9996482133865356,2.805971384048462,3.068171262741089,2.892972707748413,2.829349994659424,-0.3760858178138733,1.0,0.0,0.0,0.0,1.0,0.0,-0.101479172706604,-0.03055208921432495,183.35446166992188,-239.24864196777344,-509.2364196777344,591.760498046875,301.4278873921434,-0.101479172706604,-0.03055208921432495,0.1059785480584483
1019,2,1,3.2448885440826416,label_Hqql,label_Hqql,0.9996482133865356,1.9383422136306763,2.291869878768921,2.025343656539917,2.053048610687256,-0.5222913026809692,0.0,0.0,0.0,1.0,0.0,0.0,0.0470738410949707,0.05103123188018799,58.55656051635742,-64.71477508544922,-174.61929321289062,195.2146759033203,87.27469790188968,0.0470738410949707,0.05103123188018799,0.06942717870289752
1019,3,13,2.6781089305877686,label_Hqql,label_Hqql,0.9996482133865356,0.0017472028266638517,0.39833471179008484,0.08874869346618652,0.1595136672258377,-0.07704848051071167,-1.0,1.0,0.0,0.0,0.0,0.0,0.1152803897857666,0.13919991254806519,4.025900363922119,-3.7290992736816406,-11.843059539794922,13.053412437438965,5.487627459403671,0.1152803897857666,0.13919991254806519,0.18073788734669682
1019,4,11,2.6557252407073975,label_Hqql,label_Hqql,0.9996482133865356,0.046936988830566406,0.4429171681404114,0.13393831253051758,0.20409579575061798,-0.1437566876411438,0.0,0.0,0.0,1.0,0.0,0.0,0.11438703536987305,0.11760765314102173,4.207489013671875,-4.0695695877075195,-12.620394706726074,13.911819458007812,5.853576721062386,0.11438703536987305,0.11760765314102173,0.16406082389786864
1019,5,21,2.6408023834228516,label_Hqql,label_Hqql,0.9996482133865356,-0.7182532548904419,-0.3043682873249054,-0.6312517523765564,-0.5431893467903137,-0.07892990112304688,-1.0,1.0,0.0,0.0,0.0,0.0,0.14204001426696777,-0.11100006103515625,1.0644103288650513,-1.6480785608291626,-4.360502243041992,4.783575057983398,1.9619205618116475,0.14204001426696777,-0.11100006103515625,0.18026752120881015
1019,6,20,2.6332547664642334,label_Hqql,label_Hqql,0.9996482133865356,-0.5885125398635864,-0.25399261713027954,-0.5015111565589905,-0.49281367659568787,-0.4233986735343933,0.0,0.0,0.0,1.0,0.0,0.0,0.016611933708190918,-0.09267324209213257,1.3172961473464966,-1.959869384765625,-4.566020488739014,5.1405158042907715,2.361431164602414,0.016611933708190918,-0.09267324209213257,0.09415033797811
1019,7,2,2.6199800968170166,label_Hqql,label_Hqql,0.9996482133865356,0.8455169796943665,1.1886482238769531,0.9325183033943176,0.9498269557952881,-0.4709709882736206,-1.0,1.0,0.0,0.0,0.0,0.0,0.03043222427368164,0.07642078399658203,12.631211280822754,-13.266493797302246,-35.9737548828125,40.369266510009766,18.317951743976263,0.03043222427368164,0.07642078399658203,0.08225725804387055
1019,8,19,2.510624408721924,label_Hqql,label_Hqql,0.9996482133865356,-0.4093252718448639,0.07271061092615128,-0.3223237991333008,-0.16611060500144958,0.19359833002090454,0.0,0.0,1.0,0.0,0.0,0.0,0.24828827381134033,0.0074356794357299805,1.9460853338241577,-2.3488855361938477,-7.609223365783691,8.197853088378906,3.0503297180249453,0.24828827381134033,0.0074356794357299805,0.24839958985651736
1019,9,5,2.3090333938598633,label_Hqql,label_Hqql,0.9996482133865356,0.6196885704994202,0.9814062714576721,0.7066900730133057,0.7425850629806519,-0.44977232813835144,0.0,0.0,0.0,1.0,0.0,0.0,0.0601351261138916,0.06363946199417114,9.024663925170898,-9.724459648132324,-26.934223175048828,30.024356842041016,13.26686377447341,0.0601351261138916,0.06363946199417114,0.08755692157471733
1019,10,14,2.300197124481201,label_Hqql,label_Hqql,0.9996482133865356,-0.14550524950027466,0.3112245798110962,-0.05850400775671005,0.0724031925201416,0.29554814100265503,-1.0,1.0,0.0,0.0,0.0,0.0,0.20914411544799805,0.17684131860733032,3.373556613922119,-2.8967554569244385,-10.632845878601074,11.526012420654297,4.446580304521575,0.20914411544799805,0.17684131860733032,0.2738870442231703
1019,11,15,2.276407480239868,label_Hqql,label_Hqql,0.9996482133865356,-0.15547476708889008,0.28647083044052124,-0.06847352534532547,0.04764962196350098,0.04968196153640747,1.0,1.0,0.0,0.0,0.0,0.0,0.18521595001220703,0.1040073037147522,3.109217882156372,-3.0902414321899414,-10.213582992553711,11.125548362731934,4.383700257538635,0.18521595001220703,0.1040073037147522,0.21242049657445272
1019,12,4,2.2559046745300293,label_Hqql,label_Hqql,0.9996482133865356,0.6263035535812378,0.9632893800735474,0.7133050560951233,0.7244681715965271,-0.3438320457935333,1.0,1.0,0.0,0.0,0.0,0.0,0.020563125610351562,0.11217278242111206,9.575878143310547,-9.363249778747559,-26.011531829833984,29.25725746154785,13.392829747097842,0.020563125610351562,0.11217278242111206,0.11404198898195894
1019,13,10,2.2307660579681396,label_Hqql,label_Hqql,0.9996482133865356,0.08225522190332413,0.6132533550262451,0.1692565381526947,0.37443211674690247,0.7710269093513489,-1.0,1.0,0.0,0.0,0.0,0.0,0.3232121467590332,0.2231406569480896,4.851464748382568,-3.7902133464813232,-16.64168930053711,17.7445125579834,6.156494734558285,0.3232121467590332,0.2231406569480896,0.3927567244437806
1019,14,23,2.2244338989257812,label_Hqql,label_Hqql,0.9996482133865356,-0.9697080850601196,-0.45281633734703064,-0.8827067613601685,-0.6916376352310181,0.6326064467430115,0.0,0.0,0.0,1.0,0.0,0.0,0.30172836780548096,-0.19295746088027954,0.6464933156967163,-1.2077007293701172,-3.618889808654785,3.8694777488708496,1.369852057326501,0.30172836780548096,-0.19295746088027954,0.35815162940844514
1019,15,8,2.2209370136260986,label_Hqql,label_Hqql,0.9996482133865356,0.12399399280548096,0.5141929984092712,0.21099548041820526,0.275371789932251,-0.04960322380065918,-1.0,1.0,0.0,0.0,0.0,0.0,0.10522961616516113,-0.15530675649642944,3.298713207244873,-5.641051769256592,-13.94738483428955,15.402986526489258,6.534751249059499,0.10522961616516113,-0.15530675649642944,0.1875992023749258
1019,16,9,2.1649749279022217,label_Hqql,label_Hqql,0.9996482133865356,0.09997867047786713,0.5610494017601013,0.1869802474975586,0.322228342294693,0.07916253805160522,0.0,0.0,0.0,1.0,0.0,0.0,0.2159416675567627,0.04095262289047241,4.189188480377197,-4.724602222442627,-15.210762023925781,16.469318389892578,6.314361906355607,0.2159416675567627,0.04095262289047241,0.2197906301660848
1281,1,0,4.583898067474365,label_Tbl,label_Tbl,0.9999911785125732,3.158419370651245,2.994858503341675,2.975637197494507,2.9903228282928467,-0.38465338945388794,1.0,0.0,0.0,0.0,0.0,1.0,0.10368603467941284,0.00559079647064209,304.41461181640625,395.0252990722656,187.85440063476562,532.9188842773438,498.7115827755219,0.10368603467941284,0.00559079647064209,0.10383665437944611
1281,2,25,2.4916000366210938,label_Tbl,label_Tbl,0.9999911785125732,-1.0236116647720337,-1.2329533100128174,-1.206394076347351,-1.2374892234802246,0.0857771635055542,0.0,0.0,0.0,1.0,0.0,0.0,-0.2212381213903427,-0.009553372859954834,0.7893137335777283,0.9927911162376404,0.05502774938941002,1.2695189714431763,1.268325814014204,-0.2212381213903427,-0.009553372859954834,0.22144428935813482
1281,3,1,2.488945722579956,label_Tbl,label_Tbl,0.9999911785125732,1.8929283618927002,1.6853816509246826,1.7101460695266724,1.680845856666565,-0.06859153509140015,-1.0,0.0,0.0,0.0,0.0,1.0,-0.18084990978240967,0.026985347270965576,48.52880859375,65.84027099609375,6.859000205993652,82.0794906616211,81.79233795636293,-0.18084990978240967,0.026985347270965576,0.18285212286336827
1281,4,7,2.4096007347106934,label_Tbl,label_Tbl,0.9999911785125732,0.5115455985069275,0.30735114216804504,0.3287631869316101,0.30281534790992737,-0.1594322919845581,0.0,0.0,1.0,0.0,0.0,0.0,-0.13564099371433258,0.08512908220291138,6.201523780822754,9.52715015411377,1.470160961151123,11.462410926818848,11.36773888084786,-0.13564099371433258,0.08512908220291138,0.16014193645801106
1281,5,8,2.40741229057312,label_Tbl,label_Tbl,0.9999911785125732,0.4871942102909088,0.2772226333618164,0.3044118285179138,0.27268680930137634,0.8469093441963196,0.0,0.0,1.0,0.0,0.0,0.0,-0.25559765100479126,-0.32278358936309814,9.148213386535645,6.0704545974731445,0.09895592927932739,10.979527473449707,10.979081345248007,-0.25559765100479126,-0.32278358936309814,0.4117273427418833
1281,6,9,2.403571128845215,label_Tbl,label_Tbl,0.9999911785125732,0.46024951338768005,0.25160956382751465,0.27746695280075073,0.24707373976707458,0.06234258413314819,0.0,0.0,1.0,0.0,0.0,0.0,-0.20225322246551514,-0.07463783025741577,7.0984883308410645,7.824328899383545,0.659201979637146,10.58504581451416,10.564499955455311,-0.20225322246551514,-0.07463783025741577,0.21558564818470632
1281,7,24,2.387842893600464,label_Tbl,label_Tbl,0.9999911785125732,-0.9009948372840881,-1.1102087497711182,-1.0837770700454712,-1.1147444248199463,0.09140020608901978,0.0,0.0,0.0,1.0,0.0,0.0,-0.21721047163009644,0.04981726408004761,0.868581235408783,1.2365726232528687,0.07165514677762985,1.5128382444381714,1.5111403690864489,-0.21721047163009644,0.04981726408004761,0.22285005897730906
1281,8,26,2.3815701007843018,label_Tbl,label_Tbl,0.9999911785125732,-1.2070980072021484,-1.4169061183929443,-1.3898802995681763,-1.421441674232483,0.5793071389198303,0.0,0.0,0.0,1.0,0.0,0.0,-0.28802821040153503,-0.1895923614501953,0.7342790365219116,0.642772912979126,-0.022854581475257874,0.9761378169059753,0.9758702378570718,-0.28802821040153503,-0.1895923614501953,0.34482678768821373
1281,9,22,2.334904670715332,label_Tbl,label_Tbl,0.9999911785125732,-0.8580531477928162,-1.062088131904602,-1.0408354997634888,-1.0666238069534302,-0.2641993761062622,0.0,0.0,0.0,1.0,0.0,0.0,-0.13387593626976013,0.004458487033843994,0.9822003841400146,1.2715771198272705,0.2106560915708542,1.6204943656921387,1.6067439018938299,-0.13387593626976013,0.004458487033843994,0.13395015647148692
1281,10,18,2.2559380531311035,label_Tbl,label_Tbl,0.9999911785125732,-0.23869170248508453,-0.4470990002155304,-0.42147424817085266,-0.45163482427597046,0.4642931818962097,0.0,0.0,1.0,0.0,0.0,0.0,-0.19712752103805542,-0.24706894159317017,3.0711758136749268,2.391282320022583,0.2628670334815979,3.9012112617492676,3.892345310035382,-0.19712752103805542,-0.24706894159317017,0.3160732849365449
1281,11,23,2.238555669784546,label_Tbl,label_Tbl,0.9999911785125732,-0.8667029142379761,-1.0656923055648804,-1.0494853258132935,-1.070228099822998,-0.21639961004257202,0.0,0.0,0.0,1.0,0.0,0.0,-0.08677856624126434,0.11728733777999878,0.8225615620613098,1.3572028875350952,0.2837115228176117,1.612172245979309,1.5870120356551625,-0.08677856624126434,0.11728733777999878,0.14590009993968145
1281,12,15,2.2221696376800537,label_Tbl,label_Tbl,0.9999911785125732,0.027578067034482956,-0.18176333606243134,-0.15520448982715607,-0.18629898130893707,0.13461816310882568,-1.0,1.0,0.0,0.0,0.0,0.0,-0.22880689799785614,-0.047348201274871826,3.709354877471924,4.319873332977295,0.20390689373016357,5.699269771575928,5.693910714086858,-0.22880689799785614,-0.047348201274871826,0.2336545499992823
1281,13,17,2.1927413940429688,label_Tbl,label_Tbl,0.9999911785125732,-0.11391924321651459,-0.32303768396377563,-0.29670169949531555,-0.3275735676288605,0.4618759751319885,-1.0,1.0,0.0,0.0,0.0,0.0,-0.3048681318759918,-0.0810931921005249,3.147820472717285,3.4250028133392334,-0.18732106685638428,4.657680511474609,4.651818784071423,-0.3048681318759918,-0.0810931921005249,0.3154689899793794
1281,14,20,2.1811420917510986,label_Tbl,label_Tbl,0.9999911785125732,-0.3301452398300171,-0.537147045135498,-0.5129275918006897,-0.5416829586029053,-0.09461140632629395,0.0,0.0,0.0,1.0,0.0,0.0,-0.17199155688285828,0.03895151615142822,1.993511438369751,2.773533582687378,0.31680572032928467,3.430297613143921,3.4156370400271916,-0.17199155688285828,0.03895151615142822,0.17634714698424936
1281,15,4,2.1750683784484863,label_Tbl,label_Tbl,0.9999911785125732,0.8751857280731201,0.6682272553443909,0.6924033761024475,0.6636914014816284,-0.09802901744842529,-1.0,1.0,0.0,0.0,0.0,0.0,-0.17495197057724,0.013766288757324219,11.541263580322266,15.23254680633545,1.7157658338546753,19.19424057006836,19.11102423308791,-0.17495197057724,0.013766288757324219,0.17549274262774936
1281,16,21,2.1667306423187256,label_Tbl,label_Tbl,0.9999911785125732,-0.7577889561653137,-0.9667035341262817,-0.9405712485313416,-0.9712391495704651,0.11317688226699829,0.0,0.0,0.0,1.0,0.0,0.0,-0.20890934765338898,-0.09206050634384155,1.2695965766906738,1.351340413093567,0.10333385318517685,1.8570606708526611,1.8541834805661952,-0.20890934765338898,-0.09206050634384155,0.2282942232410821
1287,1,0,4.297880172729492,label_Tbl,label_Tbl,1.0,2.8699889183044434,2.962078332901001,2.891084909439087,2.96737003326416,-0.0909375548362732,-1.0,0.0,0.0,0.0,0.0,1.0,0.17368155717849731,-0.03546571731567383,184.4954833984375,273.9631042480469,386.6742248535156,508.5384216308594,330.2943624763361,0.17368155717849731,-0.03546571731567383,0.17726562105682794
1287,2,7,2.925835609436035,label_Tbl,label_Tbl,1.0,0.658271074295044,0.5371568202972412,0.6793670058250427,0.5424484610557556,0.4354216456413269,0.0,0.0,1.0,0.0,0.0,0.0,-0.3087220788002014,-0.009074211120605469,7.520947456359863,11.83035945892334,7.5377912521362305,15.916668891906738,14.018632442883394,-0.3087220788002014,-0.009074211120605469,0.30885540831622016
1287,3,12,2.424736738204956,label_Tbl,label_Tbl,1.0,0.2891419529914856,0.17215964198112488,0.31023773550987244,0.17745132744312286,0.4497186541557312,0.0,0.0,0.0,1.0,0.0,0.0,-0.29638242721557617,0.09884202480316162,3.660879135131836,7.419508457183838,4.56491231918335,9.449316024780273,8.273520519601442,-0.29638242721557617,0.09884202480316162,0.3124296545294398
1287,4,18,2.409834623336792,label_Tbl,label_Tbl,1.0,0.11663367599248886,0.009998893365263939,0.1377294510602951,0.015290402807295322,0.282842218875885,1.0,1.0,0.0,0.0,0.0,0.0,-0.26682835817337036,0.04568183422088623,3.165346622467041,5.638697624206543,3.7876923084259033,7.495360374450684,6.466400091054993,-0.26682835817337036,0.04568183422088623,0.27071055151818696
1287,5,20,2.3444199562072754,label_Tbl,label_Tbl,1.0,-0.15000426769256592,-0.25923046469688416,-0.12890848517417908,-0.25393906235694885,0.3297916054725647,0.0,0.0,0.0,1.0,0.0,0.0,-0.2738463878631592,0.06917345523834229,2.0715949535369873,3.9023122787475586,2.5520265102386475,5.102194309234619,4.41809311495173,-0.2738463878631592,0.06917345523834229,0.28244789086716643
1287,6,27,2.2871153354644775,label_Tbl,label_Tbl,1.0,-0.5133126974105835,-0.13846920430660248,-0.4922168552875519,-0.13317760825157166,1.9081647396087646,0.0,0.0,1.0,0.0,0.0,0.0,0.6545152068138123,-0.17318952083587646,1.7541371583938599,1.9585514068603516,5.463124752044678,6.062891483306885,2.6292433861802804,0.6545152068138123,-0.17318952083587646,0.6770411849200076
1287,7,3,2.2843899726867676,label_Tbl,label_Tbl,1.0,0.7904843688011169,0.6690289974212646,0.8115801215171814,0.6743205189704895,0.45681923627853394,1.0,1.0,0.0,0.0,0.0,0.0,-0.30980777740478516,0.052381277084350586,8.189703941345215,14.820751190185547,9.083964347839355,19.216238021850586,16.932983094784912,-0.30980777740478516,0.052381277084350586,0.31420480125147743
1287,8,14,2.2305500507354736,label_Tbl,label_Tbl,1.0,0.18902193009853363,0.0872553363442421,0.21011795103549957,0.09254684299230576,0.24292844533920288,1.0,1.0,0.0,0.0,0.0,0.0,-0.25313830375671387,0.06246781349182129,3.404752254486084,6.311061382293701,4.314522743225098,8.36997127532959,7.170901873928199,-0.25313830375671387,0.06246781349182129,0.26073210111391215
1287,9,13,2.2252309322357178,label_Tbl,label_Tbl,1.0,0.2704295814037323,0.11883366107940674,0.29152536392211914,0.12412533909082413,0.9011364579200745,0.0,0.0,1.0,0.0,0.0,0.0,-0.4091965854167938,0.11586511135101318,3.440831184387207,7.28342342376709,3.4327120780944824,8.756202697753906,8.05528249097017,-0.4091965854167938,0.11586511135101318,0.4252841045056188
1287,10,1,2.2158946990966797,label_Tbl,label_Tbl,1.0,1.2271872758865356,1.113956093788147,1.2482830286026,1.119247555732727,0.3527829051017761,1.0,1.0,0.0,0.0,0.0,0.0,-0.2854001522064209,0.04004406929016113,15.623010635375977,27.466650009155273,17.83213233947754,36.283599853515625,31.598976629607805,-0.2854001522064209,0.04004406929016113,0.2881957223221112
1287,11,10,2.17460298538208,label_Tbl,label_Tbl,1.0,0.42209193110466003,0.32898715138435364,0.4431877136230469,0.3342786729335785,0.17589157819747925,-1.0,1.0,0.0,0.0,0.0,0.0,-0.2293999195098877,0.08305692672729492,4.567656993865967,8.900406837463379,6.298009872436523,11.82223129272461,10.00403579991483,-0.2293999195098877,0.08305692672729492,0.24397290043881142
1287,12,9,2.158449172973633,label_Tbl,label_Tbl,1.0,0.5460582375526428,0.4747638702392578,0.5671539902687073,0.4800553619861603,-0.08885067701339722,0.0,0.0,1.0,0.0,0.0,0.0,-0.17288917303085327,0.04144477844238281,5.88988733291626,10.388781547546387,8.328108787536621,14.559359550476074,11.942259201553435,-0.17288917303085327,0.04144477844238281,0.17778733310174413
1287,13,11,2.156965494155884,label_Tbl,label_Tbl,1.0,0.35844093561172485,0.23122824728488922,0.3795367181301117,0.23651976883411407,0.5334332585334778,1.0,1.0,0.0,0.0,0.0,0.0,-0.3276066780090332,0.06165730953216553,4.34358549118042,8.035693168640137,4.716610431671143,10.281292915344238,9.134500512875501,-0.3276066780090332,0.06165730953216553,0.33335830467360433
1287,14,29,2.1472089290618896,label_Tbl,label_Tbl,1.0,-1.0564281940460205,-1.186149001121521,-1.035332441329956,-1.1808574199676514,0.5520278811454773,0.0,0.0,0.0,1.0,0.0,0.0,-0.3352662920951843,0.04295611381530762,0.5952939391136169,1.0537080764770508,0.614493191242218,1.3573052883148193,1.2102378214129539,-0.3352662920951843,0.04295611381530762,0.33800697378806716
1287,15,2,2.1433651447296143,label_Tbl,label_Tbl,1.0,0.8084510564804077,0.6854804754257202,0.8295468688011169,0.6907719969749451,0.5245154500007629,-1.0,1.0,0.0,0.0,0.0,0.0,-0.31501978635787964,0.10202383995056152,7.6377177238464355,15.604300498962402,9.217508316040039,19.673208236694336,17.373224401102874,-0.31501978635787964,0.10202383995056152,0.33112887176327876
1287,16,15,2.1284890174865723,label_Tbl,label_Tbl,1.0,0.1809171885251999,0.07615461200475693,0.20201297104358673,0.08144611865282059,0.3144688010215759,0.0,0.0,0.0,1.0,0.0,0.0,-0.2612168788909912,0.09691894054412842,3.148683786392212,6.3506340980529785,4.198164939880371,8.238286018371582,7.088354042656332,-0.2612168788909912,0.09691894054412842,0.2786171905208777
1289,1,0,4.074702262878418,label_Tbl,label_Tbl,0.999985933303833,2.7219536304473877,2.5553781986236572,2.819697380065918,2.8116965293884277,-0.2716519832611084,1.0,0.0,0.0,0.0,1.0,0.0,-0.009748995304107666,-0.13172674179077148,-230.39706420898438,135.59344482421875,-97.16299438476562,284.44512939453125,267.3357242783263,-0.009748995304107666,-0.13172674179077148,0.13208700697741657
1289,2,7,3.074564218521118,label_Tbl,label_Tbl,0.999985933303833,0.668766975402832,0.5171499848365784,0.766510546207428,0.7734683156013489,-0.060172855854034424,0.0,0.0,1.0,0.0,0.0,0.0,0.04848405718803406,0.17848896980285645,-13.882061958312988,3.129384756088257,-6.063021183013916,15.46819019317627,14.230414370849438,0.04848405718803406,0.17848896980285645,0.18495679534068912
1289,3,17,2.7776482105255127,label_Tbl,label_Tbl,0.999985933303833,-0.633490800857544,-0.8011757731437683,-0.535747230052948,-0.5448572635650635,-0.33291172981262207,0.0,0.0,0.0,1.0,0.0,0.0,-0.014417707920074463,0.11587858200073242,-2.125558376312256,0.6211923956871033,-0.7938560843467712,2.352463722229004,2.2144702309064073,-0.014417707920074463,0.11587858200073242,0.11677206886995299
1289,4,19,2.6963815689086914,label_Tbl,label_Tbl,0.999985933303833,-1.0416513681411743,-1.1944565773010254,-0.9439077973365784,-0.9381383061408997,-0.3596787750720978,0.0,0.0,0.0,1.0,0.0,0.0,0.04413330554962158,0.1008460521697998,-1.181082844734192,0.36452794075012207,-0.5207948684692383,1.341292142868042,1.2360571611834688,0.04413330554962158,0.1008460521697998,0.11008031112315336
1289,5,2,2.6941075325012207,label_Tbl,label_Tbl,0.999985933303833,1.3893063068389893,1.2242729663848877,1.4870498180389404,1.4805912971496582,-0.2790868878364563,1.0,0.0,0.0,0.0,0.0,1.0,-0.0033617913722991943,0.13018488883972168,-38.39068603515625,10.625945091247559,-14.748686790466309,42.4769401550293,39.83409950447166,-0.0033617913722991943,0.13018488883972168,0.1302282877236799
1289,6,14,2.6558823585510254,label_Tbl,label_Tbl,0.999985933303833,-0.04677918925881386,-0.2138737142086029,0.05096444860100746,0.042444560676813126,-0.5001062154769897,-1.0,1.0,0.0,0.0,0.0,0.0,-0.012895405292510986,0.07385611534118652,-4.8498430252075195,1.641455054283142,-1.8437626361846924,5.44373893737793,5.120092974193506,-0.012895405292510986,0.07385611534118652,0.07497344363805605
1289,7,1,2.608107805252075,label_Tbl,label_Tbl,0.999985933303833,1.397359848022461,1.2335351705551147,1.4951034784317017,1.4898536205291748,-0.31667107343673706,1.0,1.0,0.0,0.0,0.0,0.0,0.0014019012451171875,0.12082409858703613,-38.73261260986328,11.111954689025879,-15.124212265014648,43.042728424072266,40.29504704795249,0.0014019012451171875,0.12082409858703613,0.1208322313229003
1289,8,18,2.5690133571624756,label_Tbl,label_Tbl,0.999985933303833,-0.6743587851524353,-0.8424077033996582,-0.5766153335571289,-0.5860891938209534,-0.054800570011138916,0.0,0.0,0.0,1.0,0.0,0.0,-0.015961676836013794,0.18561482429504395,-2.0409717559814453,0.44483065605163574,-0.7454102635383606,2.2178990840911865,2.0888848750654767,-0.015961676836013794,0.18561482429504395,0.18629986077691357
1289,9,16,2.552337884902954,label_Tbl,label_Tbl,0.999985933303833,-0.2971210181713104,-0.45752382278442383,-0.1993773877620697,-0.2012055367231369,-0.2511395215988159,0.0,0.0,0.0,1.0,0.0,0.0,0.015261739492416382,0.13636374473571777,-3.456728458404541,0.9338127970695496,-1.3970838785171509,3.8435428142547607,3.580639324913177,0.015261739492416382,0.13636374473571777,0.13721512879665412
1289,10,12,2.5196468830108643,label_Tbl,label_Tbl,0.999985933303833,0.17576320469379425,0.01422812882810831,0.27350690960884094,0.2705465853214264,-0.27861374616622925,-1.0,1.0,0.0,0.0,0.0,0.0,0.010310739278793335,0.12993812561035156,-6.780925273895264,1.8786563873291016,-2.708064317703247,7.5407819747924805,7.036355405449897,0.010310739278793335,0.12993812561035156,0.13034656816198403
1289,11,9,2.5056490898132324,label_Tbl,label_Tbl,0.999985933303833,0.417654424905777,0.24997283518314362,0.5153979659080505,0.5062912702560425,-0.3936524987220764,-1.0,1.0,0.0,0.0,0.0,0.0,-0.014661967754364014,0.10052323341369629,-9.497745513916016,2.9347307682037354,-3.5610618591308594,10.560324668884277,9.940815586708844,-0.014661967754364014,0.10052323341369629,0.10158687786507899
1289,12,3,2.455003023147583,label_Tbl,label_Tbl,0.999985933303833,1.3654215335845947,1.2042585611343384,1.4631651639938354,1.4605770111083984,-0.20883303880691528,0.0,0.0,0.0,1.0,0.0,0.0,0.01226276159286499,0.14728212356567383,-37.273006439208984,9.633667945861816,-14.89712142944336,41.279640197753906,38.497851460937916,0.01226276159286499,0.14728212356567383,0.14779174281365606
1289,13,4,2.437364101409912,label_Tbl,label_Tbl,0.999985933303833,0.9496333599090576,0.7844326496124268,1.0473768711090088,1.0407510995864868,-0.29684633016586304,1.0,1.0,0.0,0.0,0.0,0.0,-0.004096537828445435,0.12572169303894043,-20.459854125976562,5.761404037475586,-7.853283882141113,22.660383224487305,21.255573559405075,-0.004096537828445435,0.12572169303894043,0.1257884164887906
1289,14,13,2.4204719066619873,label_Tbl,label_Tbl,0.999985933303833,0.06774596124887466,-0.09705061465501785,0.16548943519592285,0.15926766395568848,-0.4864923357963562,0.0,0.0,0.0,1.0,0.0,0.0,-0.002380192279815674,0.07834076881408691,-5.720523834228516,1.907591462135315,-2.23901104927063,6.432454586029053,6.030198846173156,-0.002380192279815674,0.07834076881408691,0.07837691862832519
1289,15,11,2.4012773036956787,label_Tbl,label_Tbl,0.999985933303833,0.37874430418014526,0.21276120841503143,0.4764878749847412,0.4690798223018646,-0.2572568655014038,-1.0,1.0,0.0,0.0,0.0,0.0,-0.010835230350494385,0.1352524757385254,-9.075183868408203,2.46242618560791,-3.406766176223755,10.013605117797852,9.403324144417441,-0.010835230350494385,0.1352524757385254,0.13568579295618488
1289,16,8,2.395500659942627,label_Tbl,label_Tbl,0.999985933303833,0.49430134892463684,0.3265104591846466,0.5920448899269104,0.5828287601470947,-0.2791968584060669,0.0,0.0,0.0,1.0,0.0,0.0,-0.014866739511489868,0.1293492317199707,-10.686751365661621,2.967543601989746,-3.970719337463379,11.780474662780762,11.0911212138891,-0.014866739511489868,0.1293492317199707,0.13020078221826922
1291,1,0,4.44416618347168,label_Tbl,label_Tbl,0.9998583793640137,3.2456135749816895,3.0486674308776855,2.9881975650787354,2.956516981124878,-0.3591494858264923,-1.0,0.0,0.0,0.0,0.0,1.0,-0.1006259173154831,-0.04495830088853836,562.7081909179688,49.33991622924805,-110.11595153808594,575.5001831054688,564.8671839111229,-0.1006259173154831,-0.04495830088853836,0.11021263110173347
1291,2,24,2.4418442249298096,label_Tbl,label_Tbl,0.9998583793640137,-0.35348638892173767,-0.5192775726318359,-0.6109024882316589,-0.6114282011985779,1.8233888149261475,0.0,0.0,1.0,0.0,0.0,0.0,-0.6535078287124634,-0.055345237255096436,3.2938151359558105,0.2543658912181854,1.2121846675872803,3.5189929008483887,3.3036222781163733,-0.6535078287124634,-0.055345237255096436,0.6558472211386591
1291,3,9,2.4196977615356445,label_Tbl,label_Tbl,0.9998583793640137,0.49403417110443115,0.3688003122806549,0.23661823570728302,0.2766498625278473,0.3251447081565857,0.0,0.0,1.0,0.0,0.0,0.0,0.20776331424713135,0.18962152302265167,10.516934394836426,3.509016990661621,-5.803799152374268,12.514120101928711,11.086889072505658,0.20776331424713135,0.18962152302265167,0.2812861829887531
1291,4,14,2.256584644317627,label_Tbl,label_Tbl,0.9998583793640137,0.16140104830265045,0.04447498172521591,-0.09601487964391708,-0.04767565801739693,0.14931249618530273,0.0,0.0,1.0,0.0,0.0,0.0,0.23282623291015625,-0.04600638151168823,6.867738723754883,0.5949309468269348,-3.804774284362793,7.8737592697143555,6.893459074314921,0.23282623291015625,-0.04600638151168823,0.23732813122538451
1291,5,13,2.235564947128296,label_Tbl,label_Tbl,0.9998583793640137,0.26927366852760315,0.16566182672977448,0.011857748031616211,0.07351136207580566,0.5465766787528992,0.0,0.0,1.0,0.0,0.0,0.0,0.27104371786117554,0.1996612399816513,7.602631568908691,2.6217615604400635,-4.793074131011963,9.362008094787598,8.041992318596689,0.27104371786117554,0.1996612399816513,0.33664418566643783
1291,6,26,2.212561845779419,label_Tbl,label_Tbl,0.9998583793640137,-0.7208375930786133,-0.8746059536933899,-0.9782536625862122,-0.9667564034461975,-0.21679812669754028,0.0,0.0,0.0,1.0,0.0,0.0,0.11186060309410095,0.09351460635662079,1.9050137996673584,0.4378799796104431,-0.8160401582717896,2.118192195892334,1.9546908843770434,0.11186060309410095,0.09351460635662079,0.14580046682576064
1291,7,15,2.197479248046875,label_Tbl,label_Tbl,0.9998583793640137,0.11344101279973984,-0.026931190863251686,-0.1439749151468277,-0.11908183246850967,-0.15037083625793457,0.0,0.0,1.0,0.0,0.0,0.0,0.15909942984580994,-0.03261135518550873,6.404941082000732,0.6413840055465698,-3.019925355911255,7.110175132751465,6.436974732471122,0.15909942984580994,-0.03261135518550873,0.16240729375338167
1291,8,17,2.189143180847168,label_Tbl,label_Tbl,0.9998583793640137,-0.05661361292004585,-0.18824629485607147,-0.3140295445919037,-0.2803969383239746,0.05395764112472534,0.0,0.0,0.0,1.0,0.0,0.0,0.18771088123321533,0.10169737040996552,4.910935878753662,1.1711997985839844,-2.5291430950164795,5.646730422973633,5.048663206575892,0.18771088123321533,0.10169737040996552,0.2134894144487075
1291,9,1,2.143660545349121,label_Tbl,label_Tbl,0.9998583793640137,1.7365409135818481,1.6010533571243286,1.4791247844696045,1.5089027881622314,-0.0747675895690918,0.0,0.0,1.0,0.0,0.0,0.0,0.17527762055397034,0.04637226462364197,64.37361907958984,11.633572578430176,-31.86335563659668,72.76383972167969,65.41638055060625,0.17527762055397034,0.04637226462364197,0.18130811121785667
1291,10,25,2.102402687072754,label_Tbl,label_Tbl,0.9998583793640137,-0.40647315979003906,-0.5291281938552856,-0.6638889908790588,-0.6212788820266724,0.24195581674575806,0.0,0.0,0.0,1.0,0.0,0.0,0.2156544327735901,0.14610837399959564,2.944749116897583,0.8420777320861816,-1.6306456327438354,3.4698195457458496,3.062783418451997,0.2156544327735901,0.14610837399959564,0.2604889466516854
1291,11,19,2.088487386703491,label_Tbl,label_Tbl,0.9998583793640137,-0.12567085027694702,-0.2668985426425934,-0.3830868601799011,-0.3590492606163025,-0.09357410669326782,0.0,0.0,0.0,1.0,0.0,0.0,0.1562138795852661,0.08238367736339569,4.469250679016113,0.9750430583953857,-2.1315104961395264,5.046607971191406,4.574375432516555,0.1562138795852661,0.08238367736339569,0.17660647346854558
1291,12,5,2.0723674297332764,label_Tbl,label_Tbl,0.9998583793640137,0.8163302540779114,0.7040008902549744,0.558914303779602,0.6118502616882324,0.22422903776168823,0.0,0.0,1.0,0.0,0.0,0.0,0.2462729811668396,0.070106640458107,17.210786819458008,3.5340514183044434,-9.968256950378418,20.200664520263672,17.569880545184397,0.2462729811668396,0.070106640458107,0.2560572636913954
1291,13,27,2.0704917907714844,label_Tbl,label_Tbl,0.9998583793640137,-0.8096206784248352,-0.9105810523033142,-1.067036747932434,-1.0027315616607666,0.3907788395881653,0.0,0.0,0.0,1.0,0.0,0.0,0.27840328216552734,0.10542178153991699,1.673378348350525,0.4056735634803772,-1.0410124063491821,2.0120818614959717,1.7218496266617471,0.27840328216552734,0.10542178153991699,0.29769470862544434
1291,14,10,2.043964147567749,label_Tbl,label_Tbl,0.9998583793640137,0.4901750981807709,0.3886060118675232,0.2327589988708496,0.29645538330078125,0.3992449641227722,-1.0,1.0,0.0,0.0,0.0,0.0,0.27660679817199707,0.11565235257148743,10.688409805297852,2.707235336303711,-6.64302921295166,12.873249053955078,11.025934306539229,0.27660679817199707,0.11565235257148743,0.2998112530414487
1291,15,29,2.0225636959075928,label_Tbl,label_Tbl,0.9998583793640137,-1.0554795265197754,-1.233389973640442,-1.3128955364227295,-1.3255406618118286,0.10718965530395508,0.0,0.0,0.0,1.0,0.0,0.0,0.010759890079498291,-0.22654204070568085,1.206514835357666,-0.1138991191983223,-0.37552401423454285,1.268727421760559,1.211879143022228,0.010759890079498291,-0.22654204070568085,0.22679742379845774
1291,16,28,2.021106481552124,label_Tbl,label_Tbl,0.9998583793640137,-0.8953006863594055,-1.054869532585144,-1.1527166366577148,-1.1470202207565308,0.06457310914993286,0.0,0.0,0.0,1.0,0.0,0.0,0.08981114625930786,-0.1966007947921753,1.52034592628479,-0.09771490842103958,-0.599770188331604,1.637291669845581,1.5234828318358196,0.08981114625930786,-0.1966007947921753,0.21614327309755862
1294,1,0,4.323391437530518,label_Tbl,label_Tbl,0.999996542930603,3.135760545730591,3.15313458442688,3.047307014465332,2.9847586154937744,-0.25869494676589966,1.0,0.0,0.0,0.0,0.0,1.0,-0.1123310923576355,-0.07546472549438477,-165.09005737304688,453.7259521484375,-461.8133239746094,668.1268920898438,482.82705671538554,-0.1123310923576355,-0.07546472549438477,0.135326269084027
1294,2,23,2.3581089973449707,label_Tbl,label_Tbl,0.999996542930603,-1.263612151145935,-1.1739078760147095,-1.352065920829773,-1.342284083366394,0.3717229962348938,0.0,0.0,0.0,1.0,0.0,0.0,0.029997408390045166,0.2913907766342163,-0.5907302498817444,0.6792365908622742,-1.0476289987564087,1.3812497854232788,0.900180301101703,0.029997408390045166,0.2913907766342163,0.2929307584013855
1294,3,22,2.3512067794799805,label_Tbl,label_Tbl,0.999996542930603,-0.8440186381340027,-0.6506567597389221,-0.9324725866317749,-0.8190327286720276,0.4217568039894104,0.0,0.0,0.0,1.0,0.0,0.0,0.21638447046279907,0.21557104587554932,-0.9789712429046631,1.3148629665374756,-2.412576913833618,2.916809320449829,1.6392831711470814,0.21638447046279907,0.21557104587554932,0.3054392163382825
1294,4,20,2.3109495639801025,label_Tbl,label_Tbl,0.999996542930603,-0.6243938207626343,-0.4213225543498993,-0.7128477692604065,-0.5896987318992615,0.4618402123451233,0.0,0.0,0.0,1.0,0.0,0.0,0.23310106992721558,0.21255338191986084,-1.3343322277069092,1.803486943244934,-3.3689191341400146,4.047545433044434,2.243436571056164,0.23310106992721558,0.21255338191986084,0.3154600592258596
1294,5,1,2.193732976913452,label_Tbl,label_Tbl,0.999996542930603,1.8784393072128296,2.0744242668151855,1.7899854183197021,1.906048059463501,0.35450464487075806,0.0,0.0,0.0,1.0,0.0,0.0,0.22091084718704224,0.1857510805130005,-45.90803146362305,65.6593017578125,-118.55640411376953,143.08848571777344,80.11673520674992,0.22091084718704224,0.1857510805130005,0.2886261705331724
1294,6,9,2.12715220451355,label_Tbl,label_Tbl,0.999996542930603,-0.021880006417632103,0.14968165755271912,-0.11033396422863007,-0.018694352358579636,-0.05890989303588867,0.0,0.0,0.0,1.0,0.0,0.0,0.17845183610916138,0.04980814456939697,-2.4228017330169678,4.719988822937012,-7.455678939819336,9.150705337524414,5.305493636426335,0.17845183610916138,0.04980814456939697,0.1852725265013055
1294,7,21,2.125671625137329,label_Tbl,label_Tbl,0.999996542930603,-0.6283739805221558,-0.5575269460678101,-0.7168278098106384,-0.7259030938148499,0.6772454380989075,-1.0,1.0,0.0,0.0,0.0,0.0,-0.02089846134185791,-0.36871957778930664,-0.12420550733804703,2.2272560596466064,-2.425185203552246,3.3318674564361572,2.2307166030864676,-0.02089846134185791,-0.36871957778930664,0.36931134931326126
1294,8,19,2.117154836654663,label_Tbl,label_Tbl,0.999996542930603,-0.39319130778312683,-0.12680496275424957,-0.4816451966762543,-0.2951809763908386,0.8710517287254333,0.0,0.0,0.0,1.0,0.0,0.0,0.3397906422615051,0.24303948879241943,-1.9321753978729248,2.4515624046325684,-5.316095352172852,6.164765357971191,3.121451584111664,0.3397906422615051,0.24303948879241943,0.4177629395733503
1294,9,8,2.1118900775909424,label_Tbl,label_Tbl,0.999996542930603,0.009573733434081078,0.13094007968902588,-0.07887997478246689,-0.0374361015856266,-0.11326813697814941,1.0,1.0,0.0,0.0,0.0,0.0,0.08853965997695923,0.14709103107452393,-3.0016887187957764,4.667430400848389,-6.968142986297607,8.908958435058594,5.5493280414217345,0.08853965997695923,0.14709103107452393,0.17168297181550102
1294,10,18,2.0735270977020264,label_Tbl,label_Tbl,0.999996542930603,-0.35093751549720764,-0.1481330543756485,-0.43939122557640076,-0.3165092468261719,0.4630628228187561,-1.0,1.0,0.0,0.0,0.0,0.0,0.23231571912765503,0.21386301517486572,-1.9755572080612183,2.662867546081543,-4.974377155303955,5.97976541519165,3.3156733630285378,0.23231571912765503,0.21386301517486572,0.3157657084192081
1294,11,7,2.0660994052886963,label_Tbl,label_Tbl,0.999996542930603,0.04273504018783569,0.19760331511497498,-0.04571866989135742,0.029227303341031075,-0.0501629114151001,1.0,1.0,0.0,0.0,0.0,0.0,0.14887434244155884,0.11391842365264893,-2.983266830444336,4.995555877685547,-7.88336181640625,9.79909896850586,5.818544449319607,0.14887434244155884,0.11391842365264893,0.18745926780213062
1294,12,12,2.0607621669769287,label_Tbl,label_Tbl,0.999996542930603,-0.13677674531936646,0.07218389213085175,-0.22523078322410583,-0.0961921215057373,0.4909440875053406,0.0,0.0,0.0,1.0,0.0,0.0,0.2431907057762146,0.21217167377471924,-2.676501750946045,3.6204562187194824,-6.843418598175049,8.19168758392334,4.502373246908991,0.2431907057762146,0.21217167377471924,0.3227360198804888
1294,13,3,2.0458078384399414,label_Tbl,label_Tbl,0.999996542930603,0.6310206055641174,0.8468856811523438,0.5425666570663452,0.6785096526145935,0.629093587398529,0.0,0.0,1.0,0.0,0.0,0.0,0.25497251749038696,0.250266432762146,-8.422513008117676,10.529144287109375,-20.784635543823242,24.775041580200195,13.483382542621841,0.25497251749038696,0.250266432762146,0.3572733855787126
1294,14,15,2.0345993041992188,label_Tbl,label_Tbl,0.999996542930603,-0.20908872783184052,0.004964566323906183,-0.2975425124168396,-0.16341161727905273,0.4335816502571106,0.0,0.0,0.0,1.0,0.0,0.0,0.2518855929374695,0.17793643474578857,-2.300638437271118,3.3458304405212402,-6.236232757568359,7.441647529602051,4.060482552082677,0.2518855929374695,0.17793643474578857,0.30839540648249425
1294,15,17,2.0274720191955566,label_Tbl,label_Tbl,0.999996542930603,-0.2632504999637604,-0.08454098552465439,-0.35170429944992065,-0.25291699171066284,0.059795081615448,0.0,0.0,0.0,1.0,0.0,0.0,0.1909523606300354,0.09869229793548584,-1.8775197267532349,3.2555556297302246,-5.362682819366455,6.5484418869018555,3.7581541722786866,0.1909523606300354,0.09869229793548584,0.21494876994756168
1294,16,10,2.008521318435669,label_Tbl,label_Tbl,0.999996542930603,-0.02484945021569729,0.19210636615753174,-0.11330332607030869,0.023730183020234108,0.5482749342918396,0.0,0.0,0.0,1.0,0.0,0.0,0.25682908296585083,0.2182983160018921,-3.1665456295013428,4.228882789611816,-8.161835670471191,9.72244930267334,5.283035195036001,0.25682908296585083,0.2182983160018921,0.33706873575925406
1300,1,0,4.167104244232178,label_Tbl,label_Tbl,0.9998855590820312,2.86726713180542,2.7250258922576904,2.9247710704803467,2.928572654724121,-0.08796632289886475,1.0,0.0,0.0,0.0,1.0,0.0,0.17545995116233826,-0.03001338243484497,313.1145324707031,-101.0378189086914,-152.06143188476562,362.4527893066406,329.01269169163146,0.17545995116233826,-0.03001338243484497,0.1780084199892533
1300,2,22,2.4284732341766357,label_Tbl,label_Tbl,0.9998855590820312,-0.44122445583343506,-0.5518118739128113,-0.383720725774765,-0.34826532006263733,2.036736488342285,0.0,0.0,0.0,1.0,0.0,0.0,0.2739829421043396,-0.6541218757629395,1.7277268171310425,-2.3471150398254395,-1.6703623533248901,3.3591814041137695,2.9144448810723005,0.2739829421043396,-0.6541218757629395,0.7091840952219504
1300,3,39,2.3574185371398926,label_Tbl,label_Tbl,0.9998855590820312,-1.2474162578582764,-1.4525803327560425,-1.1899126768112183,-1.2490335702896118,1.4359402656555176,0.0,0.0,0.0,1.0,0.0,0.0,-0.15398554503917694,-0.5373572111129761,0.6288456320762634,-0.6732426881790161,-0.10866446048021317,0.9276370406150818,0.9212505338765906,-0.15398554503917694,-0.5373572111129761,0.5589850806740086
1300,4,35,2.352221727371216,label_Tbl,label_Tbl,0.9998855590820312,-0.969621479511261,-1.1792997121810913,-0.9121176600456238,-0.9757529497146606,0.9494255185127258,0.0,0.0,0.0,1.0,0.0,0.0,-0.30198904871940613,0.3163593113422394,1.3692188262939453,0.0468931645154953,0.04154830053448677,1.3706514835357666,1.370021592222563,-0.30198904871940613,0.3163593113422394,0.4373563757616754
1300,5,5,2.3394529819488525,label_Tbl,label_Tbl,0.9998855590820312,0.3890714943408966,0.17925243079662323,0.4465753138065338,0.3827991485595703,0.7289701104164124,0.0,0.0,1.0,0.0,0.0,0.0,-0.2944023013114929,0.24379631876945496,9.536073684692383,-0.36568012833595276,0.21698421239852905,9.545548439025879,9.543082482937175,-0.2944023013114929,0.24379631876945496,0.38224254088607246
1300,6,1,2.3380825519561768,label_Tbl,label_Tbl,0.9998855590820312,1.675503134727478,1.465692400932312,1.7330069541931152,1.6692392826080322,0.9287247061729431,-1.0,1.0,0.0,0.0,0.0,0.0,-0.2948016822338104,0.31602615118026733,59.919464111328125,2.0321431159973145,1.3871411085128784,59.970123291015625,59.953913842489335,-0.2948016822338104,0.31602615118026733,0.43218116580630594
1300,7,36,2.312795639038086,label_Tbl,label_Tbl,0.9998855590820312,-1.031227469444275,-1.2406995296478271,-0.9737238883972168,-1.037152886390686,0.8228111863136292,0.0,0.0,0.0,1.0,0.0,0.0,-0.31050726771354675,0.2611129879951477,1.2543245553970337,-0.02635921537876129,0.04874139279127121,1.2555478811264038,1.2546014899191495,-0.31050726771354675,0.2611129879951477,0.40570279245118135
1300,8,38,2.283667802810669,label_Tbl,label_Tbl,0.9998855590820312,-1.2359490394592285,-1.4339522123336792,-1.1784452199935913,-1.230405330657959,-0.3055678904056549,0.0,0.0,0.0,1.0,0.0,0.0,-0.08599860966205597,0.08878730237483978,0.9190188646316528,-0.17992806434631348,-0.17487290501594543,0.9526543617248535,0.9364666475044711,-0.08599860966205597,0.08878730237483978,0.12360803342343044
1300,9,34,2.251342296600342,label_Tbl,label_Tbl,0.9998855590820312,-0.8859568238258362,-1.09544038772583,-0.8284531831741333,-0.8918939232826233,0.5005634427070618,0.0,0.0,0.0,1.0,0.0,0.0,-0.2332560420036316,0.2265131175518036,1.541568398475647,-0.0858173593878746,-0.059319283813238144,1.54509437084198,1.543955228091501,-0.2332560420036316,0.2265131175518036,0.32514085186921243
1300,10,30,2.241584062576294,label_Tbl,label_Tbl,0.9998855590820312,-0.6106008291244507,-0.6658941507339478,-0.5530970692634583,-0.4623473584651947,1.2299504280090332,0.0,0.0,1.0,0.0,0.0,0.0,0.4179166555404663,-0.2879050374031067,1.9263004064559937,-1.2347785234451294,-1.7058788537979126,2.8540031909942627,2.288080255994938,0.4179166555404663,-0.2879050374031067,0.5074875777200986
1300,11,29,2.2372255325317383,label_Tbl,label_Tbl,0.9998855590820312,-0.5875779986381531,-0.7960529327392578,-0.5300741791725159,-0.5925062298774719,1.5009191036224365,0.0,0.0,1.0,0.0,0.0,0.0,-0.33769887685775757,-0.46567022800445557,1.7336912155151367,-1.6079741716384888,0.1562516689300537,2.3697428703308105,2.3645858342235826,-0.33769887685775757,-0.46567022800445557,0.5752297738127892
1300,12,24,2.2243566513061523,label_Tbl,label_Tbl,0.9998855590820312,-0.4878539443016052,-0.6875064373016357,-0.43035030364990234,-0.4839596748352051,1.594632863998413,-1.0,1.0,0.0,0.0,0.0,0.0,-0.43640637397766113,-0.40980619192123413,2.099546194076538,-1.7396572828292847,0.4512176811695099,2.76723313331604,2.7266282626647595,-0.43640637397766113,-0.40980619192123413,0.5986581981275405
1300,13,37,2.2046191692352295,label_Tbl,label_Tbl,0.9998855590820312,-1.1988009214401245,-1.4082907438278198,-1.1412971019744873,-1.2047438621520996,0.5318064093589783,0.0,0.0,0.0,1.0,0.0,0.0,-0.30985379219055176,0.12184987962245941,0.9748495221138,-0.1575954705476761,0.03771890699863434,0.9882259964942932,0.9875059104140328,-0.30985379219055176,0.12184987962245941,0.3329515966306116
1300,14,31,2.183602809906006,label_Tbl,label_Tbl,0.9998855590820312,-0.6173654198646545,-0.8270993828773499,-0.5598616003990173,-0.6235526204109192,0.8963328003883362,0.0,0.0,0.0,1.0,0.0,0.0,-0.24409399926662445,-0.34679198265075684,1.8324966430664062,-1.3330618143081665,-0.062490276992321014,2.266936779022217,2.266075406427648,-0.24409399926662445,-0.34679198265075684,0.42408319904096375
1300,15,25,2.1631438732147217,label_Tbl,label_Tbl,0.9998855590820312,-0.5030481815338135,-0.7118089199066162,-0.445544570684433,-0.5082622766494751,0.5629066824913025,1.0,1.0,0.0,0.0,0.0,0.0,-0.30013158917427063,0.16129383444786072,2.6486284732818604,-0.32160237431526184,0.07595624774694443,2.672809362411499,2.6680818721779533,-0.30013158917427063,0.16129383444786072,0.3407266820358615
1300,16,19,2.149470329284668,label_Tbl,label_Tbl,0.9998855590820312,-0.33723703026771545,-0.5467114448547363,-0.2797333598136902,-0.34316471219062805,0.9356525540351868,0.0,0.0,0.0,1.0,0.0,0.0,-0.310423344373703,0.3031797409057617,3.380457878112793,0.0711866170167923,0.13107621669769287,3.383746862411499,3.381207328771358,-0.310423344373703,0.3031797409057617,0.43391313419605015
1315,1,0,4.132997989654541,label_Tbl,label_Tbl,0.9999822378158569,3.1872143745422363,3.57403826713562,3.2134413719177246,3.1541638374328613,-0.44088923931121826,1.0,0.0,0.0,0.0,0.0,1.0,-0.08883702754974365,0.012962102890014648,-362.02197265625,372.80078125,-1102.6649169921875,1218.9791259765625,519.6540495238471,-0.08883702754974365,0.012962102890014648,0.0897776897408551
1315,2,5,2.6384806632995605,label_Tbl,label_Tbl,0.9999822378158569,-0.6055915355682373,0.09206118434667587,-0.5793643593788147,-0.3278132379055023,1.491398811340332,0.0,0.0,1.0,0.0,0.0,0.0,0.384848952293396,0.42432069778442383,-2.1325957775115967,0.8733924627304077,-8.106431007385254,8.427633285522461,2.30451277805409,0.384848952293396,0.42432069778442383,0.5728496928947286
1315,3,17,2.4537689685821533,label_Tbl,label_Tbl,0.9999822378158569,-1.6418923139572144,-0.9323757886886597,-1.6156654357910156,-1.3522502183914185,0.8579890131950378,0.0,0.0,0.0,1.0,0.0,0.0,0.4024568796157837,-0.09917879104614258,-0.32091471552848816,0.41470009088516235,-1.8785895109176636,1.9504002332687378,0.5243685917585953,0.4024568796157837,-0.09917879104614258,0.41449725275741917
1315,4,16,2.377537965774536,label_Tbl,label_Tbl,0.9999822378158569,-1.6129305362701416,-0.759964644908905,-1.5867035388946533,-1.179839015007019,1.672818660736084,0.0,0.0,0.0,1.0,0.0,0.0,0.6137495040893555,-0.07408475875854492,-0.34521034359931946,0.4236893057823181,-2.4345293045043945,2.4951183795928955,0.5465188095228406,0.6137495040893555,-0.07408475875854492,0.6182046629153177
1315,5,14,2.253952741622925,label_Tbl,label_Tbl,0.9999822378158569,-1.277209758758545,-0.41734030842781067,-1.2509828805923462,-0.8372147679328918,1.7805454730987549,0.0,0.0,0.0,1.0,0.0,0.0,0.6238546371459961,-0.1643359661102295,-0.49370574951171875,0.7319163084030151,-3.9737436771392822,4.070637226104736,0.8828628713493537,0.6238546371459961,-0.1643359661102295,0.6451363561650707
1315,6,15,2.2504992485046387,label_Tbl,label_Tbl,0.9999822378158569,-1.3579705953598022,-0.6369847655296326,-1.3317437171936035,-1.0568588972091675,1.0133161544799805,1.0,1.0,0.0,0.0,0.0,0.0,0.41831421852111816,-0.17470097541809082,-0.43312549591064453,0.6566869020462036,-2.8650262355804443,2.9743387699127197,0.7866609069522154,0.41831421852111816,-0.17470097541809082,0.4533290374870842
1315,7,12,2.2397539615631104,label_Tbl,label_Tbl,0.9999822378158569,-1.2018024921417236,-0.4692983627319336,-1.175575613975525,-0.8891725540161133,1.2788081169128418,0.0,0.0,0.0,1.0,0.0,0.0,0.4365091323852539,-0.2820460796356201,-0.4503236413002014,0.8740991353988647,-3.649282932281494,3.7794320583343506,0.9832805705488721,0.4365091323852539,-0.2820460796356201,0.5197020431877767
1315,8,13,2.2193171977996826,label_Tbl,label_Tbl,0.9999822378158569,-1.219740390777588,-0.41782429814338684,-1.1935136318206787,-0.837698757648468,1.5605275630950928,0.0,0.0,0.0,1.0,0.0,0.0,0.5388612747192383,-0.24059128761291504,-0.47386208176612854,0.833061933517456,-3.953308582305908,4.06782341003418,0.958403598496777,0.5388612747192383,-0.24059128761291504,0.5901318844692962
1315,9,7,2.2087957859039307,label_Tbl,label_Tbl,0.9999822378158569,-0.6628063917160034,-0.6111563444137573,-0.6365793347358704,-1.031030535697937,1.8750851154327393,-1.0,1.0,0.0,0.0,0.0,0.0,-0.6677596569061279,-0.03677010536193848,-1.401892066001892,1.595169186592102,-2.2349236011505127,3.086134910583496,2.1236445320655624,-0.6677596569061279,-0.03677010536193848,0.6687712613739601
1315,10,1,2.142953634262085,label_Tbl,label_Tbl,0.9999822378158569,0.8734211921691895,1.7044488191604614,0.8996480703353882,1.2845746278762817,1.609112024307251,1.0,1.0,0.0,0.0,0.0,0.0,0.5815858840942383,-0.15651392936706543,-10.783459663391113,15.719781875610352,-82.16207122802734,84.34598541259766,19.06291017994763,0.5815858840942383,-0.15651392936706543,0.6022779679380572
1315,11,10,2.140000104904175,label_Tbl,label_Tbl,0.9999822378158569,-0.9959782361984253,-0.20169536769390106,-0.9697511792182922,-0.6215696334838867,1.341844081878662,0.0,0.0,0.0,1.0,0.0,0.0,0.527637243270874,-0.09120011329650879,-0.8157727122306824,1.0369765758514404,-5.379848480224609,5.539275646209717,1.319395898464438,0.527637243270874,-0.09120011329650879,0.5354610360724518
1315,12,2,2.1118173599243164,label_Tbl,label_Tbl,0.9999822378158569,0.5616393685340881,1.4370605945587158,0.5878664255142212,1.017185926437378,1.857647180557251,1.0,1.0,0.0,0.0,0.0,0.0,0.6465976238250732,-0.15282177925109863,-6.944652557373047,10.043991088867188,-56.256465911865234,57.566654205322266,12.211058763918528,0.6465976238250732,-0.15282177925109863,0.6644117573837044
1315,13,11,2.029154062271118,label_Tbl,label_Tbl,0.9999822378158569,-1.0469062328338623,-0.2149573564529419,-1.020679235458374,-0.6348316073417664,1.546222448348999,1.0,1.0,0.0,0.0,0.0,0.0,0.5787019729614258,-0.09566354751586914,-0.7542181015014648,0.9675871133804321,-5.27199125289917,5.4353179931640625,1.2268128490574066,0.5787019729614258,-0.09566354751586914,0.5865556135889995
1315,14,8,2.028822898864746,label_Tbl,label_Tbl,0.9999822378158569,-0.792283296585083,0.07842652499675751,-0.76605623960495,-0.34144774079322815,1.8452098369598389,-1.0,1.0,0.0,0.0,0.0,0.0,0.6395666599273682,-0.1681530475616455,-0.9814289212226868,1.4670112133026123,-8.073199272155762,8.265068054199219,1.7650282228247596,0.6395666599273682,-0.1681530475616455,0.6613024723187709
1315,15,9,2.018913745880127,label_Tbl,label_Tbl,0.9999822378158569,-0.9387264847755432,-0.1277550905942917,-0.9124994874000549,-0.5476293563842773,1.5409867763519287,0.0,0.0,0.0,1.0,0.0,0.0,0.5521671772003174,-0.19397187232971191,-0.765175461769104,1.2102396488189697,-5.987581253051758,6.156403541564941,1.4318426920814398,0.5521671772003174,-0.19397187232971191,0.5852466820345594
1315,16,4,2.011355400085449,label_Tbl,label_Tbl,0.9999822378158569,0.07581565529108047,0.8328405022621155,0.10204271972179413,0.4129660427570343,1.101719617843628,-1.0,1.0,0.0,0.0,0.0,0.0,0.47252941131591797,-0.052436113357543945,-3.954627275466919,4.644606113433838,-23.4990177154541,24.282894134521484,6.100118264166187,0.47252941131591797,-0.052436113357543945,0.47542990076625724
1316,1,0,4.272583961486816,label_Tbl,label_Tbl,1.0,3.0454914569854736,2.838524580001831,2.7271909713745117,2.7159154415130615,-0.08817285299301147,-1.0,0.0,0.0,0.0,1.0,0.0,-0.030065476894378662,-0.17539864778518677,345.2822570800781,246.78900146484375,39.594154357910156,426.25384521484375,424.41094271746556,-0.030065476894378662,-0.17539864778518677,0.1779567884228034
1316,2,3,3.052077054977417,label_Tbl,label_Tbl,1.0,1.7713251113891602,1.5704954862594604,1.4530247449874878,1.4478862285614014,-0.22937119007110596,0.0,0.0,1.0,0.0,0.0,0.0,0.038997165858745575,0.13722354173660278,40.92534255981445,55.240966796875,11.201458930969238,69.65573120117188,68.74916782253881,0.038997165858745575,0.13722354173660278,0.14265720925264055
1316,3,1,2.7111129760742188,label_Tbl,label_Tbl,1.0,2.2702910900115967,2.0681183338165283,1.9519906044006348,1.945509433746338,-0.2626206874847412,1.0,1.0,0.0,0.0,0.0,0.0,0.02659817785024643,0.13168549537658691,84.09861755371094,112.21163177490234,21.087839126586914,141.8052978515625,140.22848419644137,0.02659817785024643,0.13168549537658691,0.1343448278034195
1316,4,12,2.6237614154815674,label_Tbl,label_Tbl,1.0,0.26734572649002075,0.07154569774866104,-0.05095477029681206,-0.05106325075030327,-0.07562404870986938,-1.0,1.0,0.0,0.0,0.0,0.0,0.07815208286046982,0.16336244344711304,4.604055404663086,6.566659450531006,1.6259372234344482,8.184222221374512,8.019871726434005,0.07815208286046982,0.16336244344711304,0.18109399764884795
1316,5,2,2.6122262477874756,label_Tbl,label_Tbl,1.0,1.9293696880340576,1.726888656616211,1.6110690832138062,1.604279637336731,-0.3223613202571869,1.0,1.0,0.0,0.0,0.0,0.0,0.023602448403835297,0.1170538067817688,52.6775016784668,68.1847915649414,12.696417808532715,87.0936508178711,86.16313007220302,0.023602448403835297,0.1170538067817688,0.11940966984611996
1316,6,9,2.5817320346832275,label_Tbl,label_Tbl,1.0,0.898409903049469,0.6945841312408447,0.5801094174385071,0.57197505235672,-0.07620465755462646,1.0,1.0,0.0,0.0,0.0,0.0,0.00960589200258255,0.18069368600845337,11.059340476989746,16.370071411132812,2.6318469047546387,19.93073844909668,19.75571435791608,0.00960589200258255,0.18069368600845337,0.18094883620650015
1316,7,7,2.5668935775756836,label_Tbl,label_Tbl,1.0,0.9694569110870361,0.7623667120933533,0.6511564254760742,0.6397576332092285,0.11621159315109253,1.0,1.0,0.0,0.0,0.0,0.0,-0.03220393508672714,0.22677773237228394,11.393070220947266,18.663476943969727,1.9929769039154053,21.957204818725586,21.86612495842656,-0.03220393508672714,0.22677773237228394,0.22905290510051465
1316,8,19,2.5500729084014893,label_Tbl,label_Tbl,1.0,-0.12165465205907822,-0.32599350810050964,-0.4399549961090088,-0.44860270619392395,-0.029613077640533447,0.0,0.0,0.0,1.0,0.0,0.0,0.004127509891986847,0.19255250692367554,2.530102491378784,3.8425240516662598,0.5874846577644348,4.638054370880127,4.6006966542595285,0.004127509891986847,0.19255250692367554,0.1925967400048624
1316,9,15,2.5243380069732666,label_Tbl,label_Tbl,1.0,0.022164558991789818,-0.18458767235279083,-0.29613593220710754,-0.3071969449520111,-0.02499169111251831,-1.0,1.0,0.0,0.0,0.0,0.0,-0.030019067227840424,0.19141244888305664,3.112558603286743,4.715400695800781,0.5273675918579102,5.676321029663086,5.650046440592574,-0.030019067227840424,0.19141244888305664,0.19375208382011888
1316,10,6,2.466252326965332,label_Tbl,label_Tbl,1.0,1.0620949268341064,0.8623433113098145,0.7437943816184998,0.7397340536117554,-0.16814619302749634,1.0,1.0,0.0,0.0,0.0,0.0,0.04822269827127457,0.1504228115081787,14.592360496520996,20.250173568725586,4.300288677215576,25.328214645385742,24.960098445798224,0.04822269827127457,0.1504228115081787,0.15796344783077967
1316,11,4,2.4633352756500244,label_Tbl,label_Tbl,1.0,1.3951739072799683,1.192297101020813,1.0768734216690063,1.069687843322754,-0.29756617546081543,0.0,0.0,0.0,1.0,0.0,0.0,0.019679270684719086,0.12405729293823242,24.335119247436523,31.95908546447754,5.7598443031311035,40.58025360107422,40.169405926808714,0.019679270684719086,0.12405729293823242,0.1256084616012984
1316,12,21,2.4610331058502197,label_Tbl,label_Tbl,1.0,-0.46089622378349304,-0.6608449816703796,-0.7791967391967773,-0.783454179763794,-0.35998502373695374,0.0,0.0,0.0,1.0,0.0,0.0,0.046646155416965485,0.09962409734725952,1.7712459564208984,2.211886167526245,0.4836725890636444,2.874663829803467,2.8336818198646303,0.046646155416965485,0.09962409734725952,0.11000374806087264
1316,13,8,2.455852508544922,label_Tbl,label_Tbl,1.0,0.9620822668075562,0.7586956024169922,0.6437817215919495,0.6360862851142883,0.05929499864578247,0.0,0.0,0.0,1.0,0.0,0.0,0.014452539384365082,0.2143370509147644,11.502544403076172,18.326204299926758,2.9882941246032715,21.842350006103516,21.63696586371095,0.014452539384365082,0.2143370509147644,0.2148237586709043
1316,14,22,2.451667308807373,label_Tbl,label_Tbl,1.0,-0.7110356092453003,-0.9163976907730103,-1.0293363332748413,-1.0390067100524902,-0.5686649680137634,0.0,0.0,0.0,1.0,0.0,0.0,-0.007981926202774048,0.05728030204772949,1.3034331798553467,1.49345064163208,0.22894249856472015,1.995431661605835,1.9822544925763423,-0.007981926202774048,0.05728030204772949,0.05783376305053696
1316,15,5,2.4182329177856445,label_Tbl,label_Tbl,1.0,1.1993191242218018,0.9979403614997864,0.8810186386108398,0.8753312826156616,-0.3559468984603882,1.0,1.0,0.0,0.0,0.0,0.0,0.0332154855132103,0.10592770576477051,18.830854415893555,23.82170867919922,4.769752502441406,30.74197769165039,30.365685937077284,0.0332154855132103,0.10592770576477051,0.11101327545147957
1316,16,18,2.417829990386963,label_Tbl,label_Tbl,1.0,-0.042702410370111465,-0.25244078040122986,-0.36100292205810547,-0.37504997849464417,-0.10867446660995483,-1.0,1.0,0.0,0.0,0.0,0.0,-0.12685680389404297,0.11737990379333496,3.1472227573394775,4.076454162597656,-0.018715638667345047,5.151924133300781,5.149998992628568,-0.12685680389404297,0.11737990379333496,0.17283139329631134
1322,1,0,4.112597465515137,label_Tbl,label_Tbl,0.9999998807907104,2.452399969100952,2.462327241897583,2.5765819549560547,2.5983433723449707,0.5284550786018372,-1.0,0.0,0.0,0.0,0.0,1.0,0.07550466060638428,-0.323417067527771,5.022782325744629,181.82546997070312,170.10227966308594,249.03921508789062,181.89483190118096,0.07550466060638428,-0.323417067527771,0.33211376566102774
1322,2,18,2.9425466060638428,label_Tbl,label_Tbl,0.9999998807907104,-0.446487694978714,-0.4883992671966553,-0.3223057687282562,-0.35238322615623474,1.596850872039795,1.0,1.0,0.0,0.0,0.0,0.0,-0.03940129280090332,0.5979158878326416,-2.2545180320739746,1.8122810125350952,2.2668840885162354,3.67769718170166,2.8926137013680098,-0.03940129280090332,0.5979158878326416,0.5992127091418193
1322,3,20,2.8125572204589844,label_Tbl,label_Tbl,0.9999998807907104,-1.1332465410232544,-1.183782935142517,-1.009064793586731,-1.0477665662765503,0.13396286964416504,0.0,0.0,0.0,1.0,0.0,0.0,-0.05839043855667114,0.22607183456420898,-0.5406040549278259,0.9400994777679443,0.8238534331321716,1.361901044845581,1.0844536745771898,-0.05839043855667114,0.22607183456420898,0.23349072293790918
1322,4,12,2.8014798164367676,label_Tbl,label_Tbl,0.9999998807907104,0.12504875659942627,0.09055914729833603,0.24923066794872284,0.22657527029514313,0.0471501350402832,0.0,0.0,1.0,0.0,0.0,0.0,-0.02120870351791382,0.2107229232788086,-3.1750473976135254,5.722843647003174,5.281004428863525,8.40956974029541,6.5446058235112226,-0.02120870351791382,0.2107229232788086,0.21178753386372254
1322,5,16,2.6733431816101074,label_Tbl,label_Tbl,0.9999998807907104,-0.34831753373146057,-0.3963170647621155,-0.2241356372833252,-0.26030102372169495,-0.010664165019989014,0.0,0.0,0.0,1.0,0.0,0.0,-0.05241811275482178,0.1902446746826172,-1.5546656847000122,2.9426701068878174,2.5533509254455566,4.194746017456055,3.328106481042173,-0.05241811275482178,0.1902446746826172,0.19733396765349867
1322,6,15,2.655534505844116,label_Tbl,label_Tbl,0.9999998807907104,-0.23668290674686432,-0.30664053559303284,-0.11250090599060059,-0.17062439024448395,0.07019472122192383,0.0,0.0,0.0,1.0,0.0,0.0,-0.10543662309646606,0.1902906894683838,-1.8236240148544312,3.451369524002075,2.738058090209961,4.768072605133057,3.903531239629588,-0.10543662309646606,0.1902906894683838,0.21754867958307425
1322,7,14,2.601229667663574,label_Tbl,label_Tbl,0.9999998807907104,-0.18408924341201782,-0.25086838006973267,-0.05990724638104439,-0.1148524284362793,0.016125261783599854,0.0,0.0,0.0,1.0,0.0,0.0,-0.09756571054458618,0.17919182777404785,-1.924502968788147,3.7422642707824707,2.992253541946411,5.163509845733643,4.208117577878433,-0.09756571054458618,0.17919182777404785,0.20403131871130473
1322,8,17,2.57991099357605,label_Tbl,label_Tbl,0.9999998807907104,-0.3667256832122803,-0.4407528340816498,-0.24254359304904938,-0.3047366142272949,-0.06529271602630615,0.0,0.0,0.0,1.0,0.0,0.0,-0.11562144756317139,0.14271950721740723,-1.3764355182647705,2.9349992275238037,2.2336363792419434,3.9367406368255615,3.2417271941830843,-0.11562144756317139,0.14271950721740723,0.18367682727274756
1322,9,13,2.552889347076416,label_Tbl,label_Tbl,0.9999998807907104,0.04645683616399765,-0.00814212579280138,0.17063875496387482,0.12787409126758575,-0.13757121562957764,0.0,0.0,0.0,1.0,0.0,0.0,-0.06803345680236816,0.1509873867034912,-2.527423143386841,5.275369167327881,4.373247146606445,7.30360746383667,5.849563026185894,-0.06803345680236816,0.1509873867034912,0.16560719244051356
1322,10,2,2.5147545337677,label_Tbl,label_Tbl,0.9999998807907104,1.5916444063186646,1.5323837995529175,1.7158262729644775,1.6683999300003052,-0.03284341096878052,0.0,0.0,0.0,1.0,0.0,0.0,-0.07922208309173584,0.17466235160827637,-24.108707427978516,47.406986236572266,39.02168655395508,65.96471405029297,53.185074202095635,-0.07922208309173584,0.17466235160827637,0.1917891433807635
1322,11,1,2.5094358921051025,label_Tbl,label_Tbl,0.9999998807907104,1.7501757144927979,1.6930477619171143,1.8743574619293213,1.829063892364502,-0.10170620679855347,1.0,1.0,0.0,0.0,0.0,0.0,-0.07411617040634155,0.15805912017822266,-29.245100021362305,59.95016860961914,49.36283874511719,82.98332214355469,66.70306283508464,-0.07411617040634155,0.15805912017822266,0.17457345785432474
1322,12,8,2.427262783050537,label_Tbl,label_Tbl,0.9999998807907104,0.7489827275276184,0.6922556757926941,0.8731646537780762,0.8282718062400818,-0.019065558910369873,0.0,0.0,0.0,1.0,0.0,0.0,-0.0731247067451477,0.18102192878723145,-7.324160575866699,14.178230285644531,11.829404830932617,19.86454963684082,15.958243705804465,-0.0731247067451477,0.18102192878723145,0.1952336073487691
1322,13,11,2.4064691066741943,label_Tbl,label_Tbl,0.9999998807907104,0.408945769071579,0.34024491906166077,0.5331276655197144,0.4762612283229828,-0.1761133074760437,-1.0,1.0,0.0,0.0,0.0,0.0,-0.10243278741836548,0.11762094497680664,-3.9442896842956543,8.990769386291504,6.922640800476074,12.013899803161621,9.817909923762675,-0.10243278741836548,0.11762094497680664,0.15597167254194919
1322,14,3,2.404869556427002,label_Tbl,label_Tbl,0.9999998807907104,1.189927577972412,1.1238563060760498,1.314109444618225,1.2598724365234375,-0.01912301778793335,0.0,0.0,0.0,1.0,0.0,0.0,-0.095822274684906,0.17008423805236816,-13.458867073059082,26.767898559570312,21.368404388427734,36.800411224365234,29.960999585890328,-0.095822274684906,0.17008423805236816,0.19521925202101412
1322,15,4,2.356746196746826,label_Tbl,label_Tbl,0.9999998807907104,1.1850950717926025,1.135543942451477,1.3092769384384155,1.2715600728988647,-0.09048736095428467,0.0,0.0,0.0,1.0,0.0,0.0,-0.05606645345687866,0.16828417778015137,-13.318399429321289,26.607759475708008,22.69151496887207,37.420013427734375,29.754875695859912,-0.05606645345687866,0.16828417778015137,0.17737816013921762
1322,16,9,2.3273541927337646,label_Tbl,label_Tbl,0.9999998807907104,0.6950202584266663,0.6458912491798401,0.8192021250724792,0.7819072604179382,0.030951857566833496,0.0,0.0,0.0,1.0,0.0,0.0,-0.05507248640060425,0.20030498504638672,-7.03259801864624,12.993118286132812,11.285541534423828,18.591449737548828,14.774253202422987,-0.05507248640060425,0.20030498504638672,0.20773797388243187
1324,1,0,4.406231880187988,label_Tbl,label_Tbl,0.9999998807907104,3.0415127277374268,2.863471746444702,2.973287343978882,2.958820104598999,-0.3146570026874542,-1.0,0.0,0.0,0.0,1.0,0.0,-0.025589674711227417,-0.11860663443803787,-420.6813049316406,33.40705108642578,-130.48712158203125,441.718994140625,422.00567695385223,-0.025589674711227417,-0.11860663443803787,0.1213357539414693
1324,2,11,2.6427431106567383,label_Tbl,label_Tbl,0.9999998807907104,-0.6299879550933838,-0.7859106659889221,-0.6982138752937317,-0.6905625462532043,1.2078070640563965,0.0,0.0,1.0,0.0,0.0,0.0,0.06808274984359741,-0.49731308221817017,-1.9962552785873413,0.9839553236961365,-0.9097194075584412,2.404327869415283,2.2255792990405423,0.06808274984359741,-0.49731308221817017,0.5019517532309279
1324,3,13,2.4781126976013184,label_Tbl,label_Tbl,0.9999998807907104,-0.784406304359436,-0.9512807726860046,-0.8526319861412048,-0.8559324741363525,-0.07174938917160034,0.0,0.0,0.0,1.0,0.0,0.0,0.024565517902374268,0.18039774894714355,-1.7420729398727417,-0.3891203701496124,-0.6463781595230103,1.898430347442627,1.785002182156153,0.024565517902374268,0.18039774894714355,0.18206266090280154
1324,4,2,2.4007976055145264,label_Tbl,label_Tbl,0.9999998807907104,1.6003528833389282,1.4335367679595947,1.532127022743225,1.5288848876953125,0.10480833053588867,1.0,1.0,0.0,0.0,0.0,0.0,0.02480211853981018,0.2248382568359375,-51.982337951660156,-14.062427520751953,-19.513816833496094,57.27760314941406,53.85086189372469,0.02480211853981018,0.2248382568359375,0.22620209287512305
1324,5,12,2.354517936706543,label_Tbl,label_Tbl,0.9999998807907104,-0.7103538513183594,-0.8552056550979614,-0.7785795331001282,-0.7598574757575989,0.6364139914512634,0.0,0.0,0.0,1.0,0.0,0.0,0.10808894038200378,0.3424501419067383,-1.841307282447815,-0.7393115758895874,-0.89747554063797,2.177718162536621,1.9841860080747729,0.10808894038200378,0.3424501419067383,0.3591034930557618
1324,6,1,2.3309338092803955,label_Tbl,label_Tbl,0.9999998807907104,1.9898407459259033,1.8259609937667847,1.9216150045394897,1.9213093519210815,0.05831021070480347,0.0,0.0,0.0,1.0,0.0,0.0,0.03693285584449768,0.21137523651123047,-91.00007629394531,-23.30752944946289,-35.25450134277344,100.33511352539062,93.93750483455183,0.03693285584449768,0.21137523651123047,0.21457755346496302
1324,7,7,2.325039863586426,label_Tbl,label_Tbl,0.9999998807907104,0.10737820714712143,-0.062496673315763474,0.03915243223309517,0.03285155072808266,0.08087432384490967,0.0,0.0,0.0,1.0,0.0,0.0,0.011763185262680054,0.21990418434143066,-6.168186664581299,-1.636019229888916,-2.2241289615631104,6.757946014404297,6.381464224587089,0.011763185262680054,0.21990418434143066,0.2202185796393984
1324,8,14,2.315523386001587,label_Tbl,label_Tbl,0.9999998807907104,-0.9328687191009521,-1.0577000379562378,-1.0010943412780762,-0.9623517990112305,0.5118243098258972,0.0,0.0,0.0,1.0,0.0,0.0,0.17328500747680664,0.27843761444091797,-1.3715736865997314,-0.4511767327785492,-0.757863461971283,1.630684494972229,1.4438749329403515,0.17328500747680664,0.27843761444091797,0.3279560930243349
1324,9,10,2.312305450439453,label_Tbl,label_Tbl,0.9999998807907104,-0.361390620470047,-0.3975836932659149,-0.4296163022518158,-0.30223554372787476,1.051856517791748,0.0,0.0,1.0,0.0,0.0,0.0,0.4041137099266052,-0.2258935570716858,-3.209864377975464,0.6057860851287842,-2.619565725326538,4.187162399291992,3.2665281425286192,0.4041137099266052,-0.2258935570716858,0.4629641343313145
1324,10,3,2.2801196575164795,label_Tbl,label_Tbl,0.9999998807907104,1.33287513256073,1.164698839187622,1.2646493911743164,1.2600469589233398,0.014632999897003174,-1.0,0.0,0.0,0.0,0.0,1.0,0.019053667783737183,0.20276498794555664,-35.67692184448242,-8.811177253723145,-13.092135429382324,39.01146697998047,36.748872049272954,0.019053667783737183,0.20276498794555664,0.20365824950778388
1324,11,9,2.2298810482025146,label_Tbl,label_Tbl,0.9999998807907104,-0.24558104574680328,-0.41466352343559265,-0.3138069212436676,-0.3193153738975525,0.21886569261550903,1.0,1.0,0.0,0.0,0.0,0.0,0.01342591643333435,0.2543623447418213,-3.6891582012176514,-1.1158685684204102,-1.350100040435791,4.086233139038086,3.8542250706983983,0.01342591643333435,0.2543623447418213,0.25471642596156224
1324,12,8,2.2241408824920654,label_Tbl,label_Tbl,0.9999998807907104,-0.03623463958501816,-0.23516133427619934,-0.10446033626794815,-0.13981327414512634,0.18924468755722046,0.0,0.0,1.0,0.0,0.0,0.0,-0.15173059701919556,0.1952962875366211,-5.05535364151001,-1.2085405588150024,-0.931895911693573,5.28068208694458,5.197804413695209,-0.15173059701919556,0.1952962875366211,0.2473111683636388
1324,13,4,2.210374355316162,label_Tbl,label_Tbl,0.9999998807907104,0.7803105711936951,0.6217777132987976,0.7120847105979919,0.7171258926391602,0.07943183183670044,-1.0,1.0,0.0,0.0,0.0,0.0,0.057092249393463135,0.21231579780578613,-16.16290283203125,-4.155950546264648,-6.62385368347168,17.961917877197266,16.68865940993108,0.057092249393463135,0.21231579780578613,0.2198579608263318
1324,14,5,2.153897523880005,label_Tbl,label_Tbl,0.9999998807907104,0.5528834462165833,0.38000252842903137,0.4846576154232025,0.47535064816474915,-0.10517436265945435,1.0,1.0,0.0,0.0,0.0,0.0,-0.0017150342464447021,0.17369794845581055,-11.786593437194824,-2.5499424934387207,-4.031262397766113,12.715995788574219,12.059269943639565,-0.0017150342464447021,0.17369794845581055,0.17370641508080206
1324,15,6,2.1507582664489746,label_Tbl,label_Tbl,0.9999998807907104,0.4830050468444824,0.3100610077381134,0.4147791862487793,0.4054091274738312,0.034015774726867676,-1.0,1.0,0.0,0.0,0.0,0.0,-0.0020414888858795166,0.20849394798278809,-10.58006477355957,-2.6773743629455566,-3.644514322280884,11.50687026977539,10.913574304144094,-0.0020414888858795166,0.20849394798278809,0.20850394246229664
1328,1,0,4.0673651695251465,label_Tbl,label_Tbl,0.9970056414604187,3.0157299041748047,3.0285356044769287,3.0164995193481445,2.9569218158721924,-0.3732796311378479,1.0,0.0,0.0,0.0,0.0,1.0,-0.10626387596130371,0.009414434432983398,-93.50569915771484,395.8509826660156,383.7265930175781,559.1845703125,406.7447802401689,-0.10626387596130371,0.009414434432983398,0.10668009612862318
1328,2,1,2.815884828567505,label_Tbl,label_Tbl,0.9970056414604187,1.6666491031646729,1.6715636253356934,1.6674185991287231,1.599949598312378,-0.3039892017841339,0.0,0.0,0.0,1.0,0.0,0.0,-0.12279784679412842,0.01724410057067871,-14.060126304626465,57.5064697265625,54.51203918457031,80.47511291503906,59.20034807426472,-0.12279784679412842,0.01724410057067871,0.12400270231638469
1328,3,27,2.37788987159729,label_Tbl,label_Tbl,0.9970056414604187,-0.7336010336875916,-0.7521133422851562,-0.7328315377235413,-0.8237271308898926,1.3305764198303223,0.0,0.0,1.0,0.0,0.0,0.0,-0.1732439398765564,0.5036827325820923,-1.2745715379714966,1.435081958770752,1.637943148612976,2.523261785507202,1.9193730314340474,-0.1732439398765564,0.5036827325820923,0.5326441192816413
1328,4,32,2.2790136337280273,label_Tbl,label_Tbl,0.9970056414604187,-0.9454086422920227,-0.556062638759613,-0.9446390867233276,-0.6276765465736389,1.4113314151763916,-1.0,1.0,0.0,0.0,0.0,0.0,0.5528327822685242,-0.00026416778564453125,-0.3126620650291443,1.3833458423614502,3.019437313079834,3.3388447761535645,1.4182395025125336,0.5528327822685242,-0.00026416778564453125,0.5528328453840061
1328,5,26,2.2651915550231934,label_Tbl,label_Tbl,0.9970056414604187,-0.7098463177680969,-0.3527871072292328,-0.7090769410133362,-0.4244008958339691,1.318082332611084,-1.0,1.0,0.0,0.0,0.0,0.0,0.5020344853401184,-0.16838479042053223,-0.10749535262584686,1.982713222503662,3.9955029487609863,4.46388053894043,1.985625083828015,0.5020344853401184,-0.16838479042053223,0.5295205964980816
1328,6,36,2.196614980697632,label_Tbl,label_Tbl,0.9970056414604187,-1.0936195850372314,-0.7276731729507446,-1.0928500890731812,-0.799286961555481,1.2842364311218262,0.0,0.0,0.0,1.0,0.0,0.0,0.5167339444160461,0.06699717044830322,-0.3276630640029907,1.0998446941375732,2.3474044799804688,2.6129159927368164,1.1476155430867954,0.5167339444160461,0.06699717044830322,0.5210591042864949
1328,7,33,2.1916327476501465,label_Tbl,label_Tbl,0.9970056414604187,-0.9634941816329956,-0.6193714141845703,-0.9627246260643005,-0.6909854412078857,1.2271606922149658,0.0,0.0,0.0,1.0,0.0,0.0,0.48189812898635864,-0.1568772792816162,-0.09069614112377167,1.379087209701538,2.7190396785736084,3.05012845993042,1.3820663232917287,0.48189812898635864,-0.1568772792816162,0.5067901809184501
1328,8,35,2.173177480697632,label_Tbl,label_Tbl,0.9970056414604187,-1.0685603618621826,-0.7153728604316711,-1.0677907466888428,-0.7869866490364075,1.2670056819915771,1.0,1.0,0.0,0.0,0.0,0.0,0.4948582053184509,-0.14882004261016846,-0.08761584758758545,1.1862118244171143,2.374295949935913,2.659235954284668,1.1894431592705343,0.4948582053184509,-0.14882004261016846,0.5167514377856055
1328,9,37,2.1724860668182373,label_Tbl,label_Tbl,0.9970056414604187,-1.245058298110962,-0.9072743654251099,-1.2442888021469116,-0.978888213634491,1.1307861804962158,0.0,0.0,0.0,1.0,0.0,0.0,0.47172802686691284,-0.10231626033782959,-0.11086976528167725,0.917685866355896,1.7979053258895874,2.02160906791687,0.9243589422745828,0.47172802686691284,-0.10231626033782959,0.48269653868788964
1328,10,23,2.158200740814209,label_Tbl,label_Tbl,0.9970056414604187,-0.6488743424415588,-0.6728514432907104,-0.6481046080589294,-0.7444652915000916,0.16616523265838623,0.0,0.0,0.0,1.0,0.0,0.0,-0.18533599376678467,0.15489602088928223,-0.7983933091163635,2.013845682144165,1.814391016960144,2.825778007507324,2.166334763496278,-0.18533599376678467,0.15489602088928223,0.24154131711335558
1328,11,25,2.143854856491089,label_Tbl,label_Tbl,0.9970056414604187,-0.6803788542747498,-0.5786166191101074,-0.6796093583106995,-0.6502304673194885,-0.3617834448814392,-1.0,1.0,0.0,0.0,0.0,0.0,0.06689506769180298,-0.08675920963287354,-0.28035488724708557,2.0519332885742188,2.4786410331726074,3.2329816818237305,2.0709971230212596,0.06689506769180298,-0.08675920963287354,0.10955414431965502
1328,12,21,2.137972593307495,label_Tbl,label_Tbl,0.9970056414604187,-0.5992064476013184,-0.23763619363307953,-0.5984368920326233,-0.3092500567436218,1.2711224555969238,-1.0,1.0,0.0,0.0,0.0,0.0,0.5093777775764465,-0.0929034948348999,-0.3006613552570343,2.306112766265869,4.718165397644043,5.262044906616211,2.3256296655485404,0.5093777775764465,-0.0929034948348999,0.5177806288779623
1328,13,30,2.129239797592163,label_Tbl,label_Tbl,0.9970056414604187,-0.7554103136062622,-0.6545220017433167,-0.7546407580375671,-0.7261360883712769,-0.1774132251739502,0.0,0.0,0.0,1.0,0.0,0.0,0.06648343801498413,0.1407332420349121,-0.6611143350601196,1.739071249961853,2.225510358810425,2.900747776031494,1.8604948203276102,0.06648343801498413,0.1407332420349121,0.1556466926855479
1328,14,29,2.1206483840942383,label_Tbl,label_Tbl,0.9970056414604187,-0.7452133893966675,-0.4608490765094757,-0.744443953037262,-0.5324631333351135,0.7890111804008484,0.0,0.0,0.0,1.0,0.0,0.0,0.3849875330924988,-0.09795093536376953,-0.23460568487644196,1.873160481452942,3.3270654678344727,3.8253278732299805,1.8877950144688276,0.3849875330924988,-0.09795093536376953,0.397252799077974
1328,15,2,2.099652051925659,label_Tbl,label_Tbl,0.9970056414604187,0.8320285677909851,1.0511523485183716,0.8327980637550354,0.97953861951828,0.5738889575004578,-1.0,1.0,0.0,0.0,0.0,0.0,0.2759271264076233,-0.20454192161560059,-0.32352304458618164,17.965442657470703,27.8773136138916,33.17001724243164,17.968355435020932,0.2759271264076233,-0.20454192161560059,0.3434722358295806
1328,16,34,2.0496985912323,label_Tbl,label_Tbl,0.9970056414604187,-1.037805438041687,-0.8338454365730286,-1.0370357036590576,-0.9054592847824097,-0.152685284614563,1.0,1.0,0.0,0.0,0.0,0.0,0.1321982741355896,-0.09333884716033936,-0.1601433902978897,1.2325066328048706,1.6173527240753174,2.245194673538208,1.2428670505585473,0.1321982741355896,-0.09333884716033936,0.16182868742484965
1344,1,0,4.196662425994873,label_Tbl,label_Tbl,0.9937971830368042,3.1715004444122314,3.1436662673950195,3.213101625442505,3.180011749267578,-0.48315221071243286,1.0,0.0,0.0,0.0,0.0,1.0,-0.05482834577560425,0.05716979503631592,-156.05389404296875,-483.5616149902344,419.874755859375,659.1505737304688,508.118739408357,-0.05482834577560425,0.05716979503631592,0.07921194963503671
1344,2,12,2.5482685565948486,label_Tbl,label_Tbl,0.9937971830368042,-0.7933614253997803,-0.6461771726608276,-0.7517605423927307,-0.609831690788269,1.5486836433410645,0.0,0.0,0.0,1.0,0.0,0.0,0.28998249769210815,-0.5105681419372559,-1.3581748008728027,-1.1229891777038574,2.347684383392334,2.935534954071045,1.7623119709534585,0.28998249769210815,-0.5105681419372559,0.5871709091303957
1344,3,11,2.337116241455078,label_Tbl,label_Tbl,0.9937971830368042,-0.6596130728721619,-0.4170730412006378,-0.6180121302604675,-0.3807276785373688,1.8450164794921875,1.0,1.0,0.0,0.0,0.0,0.0,0.4540216326713562,-0.48075079917907715,-1.6028698682785034,-1.4078389406204224,3.4658422470092773,4.0721917152404785,2.133354705003924,0.4540216326713562,-0.48075079917907715,0.661254091741507
1344,4,4,2.218022584915161,label_Tbl,label_Tbl,0.9937971830368042,0.2088398039340973,0.3989323675632477,0.2504406273365021,0.43527764081954956,1.3617961406707764,0.0,0.0,1.0,0.0,0.0,0.0,0.3653976321220398,-0.3982081413269043,-5.122243404388428,-5.308493137359619,10.782639503479004,13.064562797546387,7.37682024202806,0.3653976321220398,-0.3982081413269043,0.5404490294000178
1344,5,7,2.202317237854004,label_Tbl,label_Tbl,0.9937971830368042,-0.3132719397544861,-0.12831652164459229,-0.2716710865497589,-0.09197106212377548,1.4922065734863281,0.0,0.0,0.0,1.0,0.0,0.0,0.35649043321609497,-0.4486677646636963,-2.5534873008728027,-2.3921737670898438,5.059423446655273,6.151467800140381,3.498970238180297,0.35649043321609497,-0.4486677646636963,0.5730516486521237
1344,6,13,2.1972439289093018,label_Tbl,label_Tbl,0.9937971830368042,-0.891713559627533,-0.7994225025177002,-0.8501125574111938,-0.7630771994590759,1.6774818897247314,0.0,0.0,0.0,1.0,0.0,0.0,0.18952900171279907,-0.5896596908569336,-1.2535535097122192,-0.879496157169342,1.7935906648635864,2.358363389968872,1.5313098615849972,0.18952900171279907,-0.5896596908569336,0.6193704816277126
1344,7,10,2.1878700256347656,label_Tbl,label_Tbl,0.9937971830368042,-0.5981971621513367,-0.5047705769538879,-0.5565961599349976,-0.46842527389526367,0.10472416877746582,0.0,0.0,0.0,1.0,0.0,0.0,0.19166076183319092,-0.12010002136230469,-1.0949217081069946,-2.0555579662323,2.7355434894561768,3.5926828384399414,2.3289852080734663,0.19166076183319092,-0.12010002136230469,0.22618103978385362
1344,8,14,2.175386667251587,label_Tbl,label_Tbl,0.9937971830368042,-1.2100696563720703,-1.1268320083618164,-1.1684685945510864,-1.0904865264892578,1.2705509662628174,0.0,0.0,0.0,1.0,0.0,0.0,0.17244136333465576,-0.4880704879760742,-0.7347763180732727,-0.635904848575592,1.112766146659851,1.4773353338241577,0.9717361854141595,0.17244136333465576,-0.4880704879760742,0.5176377353148802
1344,9,1,2.109466791152954,label_Tbl,label_Tbl,0.9937971830368042,0.5828592777252197,0.6871293783187866,0.6244600415229797,0.7234746813774109,1.558945894241333,0.0,0.0,0.0,1.0,0.0,0.0,0.2118932604789734,-0.5503547191619873,-10.011795043945312,-7.628490447998047,15.18001651763916,19.7196044921875,12.586894236354151,0.2118932604789734,-0.5503547191619873,0.5897364417604528
1344,10,3,2.085134506225586,label_Tbl,label_Tbl,0.9937971830368042,0.22713403403759003,0.42090633511543274,0.26873478293418884,0.4572514593601227,1.4486424922943115,0.0,0.0,0.0,1.0,0.0,0.0,0.37175899744033813,-0.42168688774108887,-5.3843512535095215,-5.324118137359619,11.153687477111816,13.481180191040039,7.572151105315531,0.37175899744033813,-0.42168688774108887,0.5621606384927809
1344,11,9,2.075423240661621,label_Tbl,label_Tbl,0.9937971830368042,-0.5105869174003601,-0.41071850061416626,-0.46898603439331055,-0.37437304854393005,1.217404842376709,-1.0,1.0,0.0,0.0,0.0,0.0,0.20295387506484985,-0.4617140293121338,-1.9496405124664307,-1.7792893648147583,3.1464457511901855,4.1093268394470215,2.639501614243354,0.20295387506484985,-0.4617140293121338,0.5043511874353868
1344,12,6,2.051471471786499,label_Tbl,label_Tbl,0.9937971830368042,0.01100701093673706,0.23850978910923004,0.05260801315307617,0.2748550772666931,1.5928149223327637,-1.0,1.0,0.0,0.0,0.0,0.0,0.4280490279197693,-0.4178776741027832,-3.9391422271728516,-3.9248647689819336,8.761396408081055,10.388800621032715,5.560701838859183,0.4280490279197693,-0.4178776741027832,0.5982037452378673
1344,13,2,2.041867733001709,label_Tbl,label_Tbl,0.9937971830368042,0.3308284878730774,0.5253631472587585,0.37242940068244934,0.5617084503173828,1.4029052257537842,-1.0,1.0,0.0,0.0,0.0,0.0,0.37089937925338745,-0.4071033000946045,-6.153364658355713,-6.264617919921875,12.921154975891113,15.650748252868652,8.78119207746348,0.37089937925338745,-0.4071033000946045,0.5507262899830239
1344,14,8,2.024770975112915,label_Tbl,label_Tbl,0.9937971830368042,-0.3747856914997101,-0.27285805344581604,-0.3331848680973053,-0.23651275038719177,1.2648954391479492,1.0,1.0,0.0,0.0,0.0,0.0,0.20116227865219116,-0.4754164218902588,-2.396432876586914,-2.127596378326416,3.8111677169799805,5.003826141357422,3.2046149349109503,0.20116227865219116,-0.4754164218902588,0.5162238240874576
1344,15,5,1.9330564737319946,label_Tbl,label_Tbl,0.9937971830368042,0.1510583609342575,0.2280178964138031,0.19265927374362946,0.26436319947242737,1.240976095199585,0.0,0.0,0.0,1.0,0.0,0.0,0.1604928970336914,-0.4843459129333496,-5.119434356689453,-4.464020729064941,7.655309677124023,10.234249114990234,6.792355202871375,0.1604928970336914,-0.4843459129333496,0.5102439939612292
1345,1,0,4.070184230804443,label_Tbl,label_Tbl,0.9997449517250061,3.0886688232421875,2.9756040573120117,3.1813852787017822,3.1199252605438232,-0.3674757778644562,1.0,0.0,0.0,0.0,1.0,0.0,-0.10014969110488892,0.04077211022377014,418.50347900390625,169.2016143798828,255.00296020507812,518.4600830078125,451.41372181972,-0.10014969110488892,0.04077211022377014,0.1081310575205104
1345,2,12,2.6175851821899414,label_Tbl,label_Tbl,0.9997449517250061,-0.9225261211395264,-0.6495414972305298,-0.8298097252845764,-0.5052204728126526,1.9529602527618408,0.0,0.0,1.0,0.0,0.0,0.0,0.6746532320976257,0.1360786259174347,1.300100564956665,0.6760462522506714,2.527376413345337,2.9214603900909424,1.4653668531063537,0.6746532320976257,0.1360786259174347,0.6882400569651188
1345,3,11,2.60006046295166,label_Tbl,label_Tbl,0.9997449517250061,-0.5631901621818542,-0.32986578345298767,-0.4704737067222595,-0.18554462492465973,2.240095615386963,0.0,0.0,1.0,0.0,0.0,0.0,0.6085001826286316,-0.4553721845149994,2.4330966472625732,-0.27349230647087097,3.908978223800659,4.612468719482422,2.4484193547305435,0.6085001826286316,-0.4553721845149994,0.760023880341296
1345,4,4,2.507608413696289,label_Tbl,label_Tbl,0.9997449517250061,0.055763375014066696,0.2645733058452606,0.14847970008850098,0.40889421105384827,1.6849255561828613,0.0,0.0,1.0,0.0,0.0,0.0,0.5668819546699524,-0.25411272048950195,5.904219627380371,0.5287973284721375,9.007306098937988,10.782902717590332,5.927852564204247,0.5668819546699524,-0.25411272048950195,0.6212313781877101
1345,5,16,2.320915937423706,label_Tbl,label_Tbl,0.9997449517250061,-1.1996972560882568,-0.9025188088417053,-1.1069809198379517,-0.7581979036331177,2.065190553665161,0.0,0.0,0.0,1.0,0.0,0.0,0.71438068151474,-0.05236881971359253,0.9447588324546814,0.2830275297164917,1.780488133430481,2.0353899002075195,0.9862422796040293,0.71438068151474,-0.05236881971359253,0.7162975997444492
1345,6,18,2.305954933166504,label_Tbl,label_Tbl,0.9997449517250061,-1.2487056255340576,-0.9474377036094666,-1.155989408493042,-0.8031168580055237,2.168687582015991,0.0,0.0,0.0,1.0,0.0,0.0,0.7210530638694763,-0.17578837275505066,0.9066629409790039,0.15344105660915375,1.6727960109710693,1.908881425857544,0.9195552437988869,0.7210530638694763,-0.17578837275505066,0.7421718621124272
1345,7,8,2.264906883239746,label_Tbl,label_Tbl,0.9997449517250061,-0.26961565017700195,-0.18915720283985138,-0.1768992394208908,-0.0448361374437809,1.6993534564971924,-1.0,1.0,0.0,0.0,0.0,0.0,0.3360375761985779,-0.5267843008041382,3.661715030670166,-0.6789910793304443,4.23249626159668,5.639387607574463,3.7241355844875113,0.3360375761985779,-0.5267843008041382,0.6248383408459501
1345,8,13,2.2513766288757324,label_Tbl,label_Tbl,0.9997449517250061,-1.1257774829864502,-0.9320055246353149,-1.0330613851547241,-0.7876845598220825,1.7590358257293701,0.0,0.0,0.0,1.0,0.0,0.0,0.5410417914390564,-0.3414166271686554,1.0960845947265625,0.0022145074326545,1.6145217418670654,1.9514319896697998,1.0960868317975825,0.5410417914390564,-0.3414166271686554,0.6397589650726311
1345,9,15,2.1898114681243896,label_Tbl,label_Tbl,0.9997449517250061,-1.1758322715759277,-0.9980517029762268,-1.0831159353256226,-0.8537307977676392,1.2825210094451904,0.0,0.0,0.0,1.0,0.0,0.0,0.5132805705070496,-0.08717185258865356,0.9871215224266052,0.25865185260772705,1.4532406330108643,1.7757303714752197,1.0204458245763115,0.5132805705070496,-0.08717185258865356,0.5206302679865821
1345,10,14,2.1808669567108154,label_Tbl,label_Tbl,0.9997449517250061,-1.16182541847229,-1.019107460975647,-1.0691088438034058,-0.8747866749763489,1.3026294708251953,0.0,0.0,0.0,1.0,0.0,0.0,0.4512731432914734,-0.26957041025161743,1.038231611251831,0.0768304169178009,1.3730579614639282,1.7231122255325317,1.0410705026876597,0.4512731432914734,-0.26957041025161743,0.525657356021384
1345,11,17,2.142275094985962,label_Tbl,label_Tbl,0.9997449517250061,-1.2003027200698853,-0.963636040687561,-1.10758638381958,-0.8193151354789734,1.7327911853790283,0.0,0.0,0.0,1.0,0.0,0.0,0.6141288876533508,-0.15422436594963074,0.9678030014038086,0.18533764779567719,1.5836790800094604,1.8652163743972778,0.9853896149324158,0.6141288876533508,-0.15422436594963074,0.6331977935076114
1345,12,9,2.135952949523926,label_Tbl,label_Tbl,0.9997449517250061,-0.30047890543937683,-0.3592352569103241,-0.2077624350786209,-0.21491412818431854,0.9987217783927917,1.0,1.0,0.0,0.0,0.0,0.0,0.04178488254547119,0.44773489236831665,2.505187511444092,2.5342845916748047,2.616187572479248,4.422949314117432,3.5635042948052935,0.04178488254547119,0.44773489236831665,0.44968045349270735
1345,13,7,2.1187334060668945,label_Tbl,label_Tbl,0.9997449517250061,-0.17616023123264313,-0.18884994089603424,-0.08344382792711258,-0.04452905431389809,1.7435603141784668,1.0,1.0,0.0,0.0,0.0,0.0,0.1263384222984314,-0.6232132911682129,4.090567111968994,-1.1752697229385376,3.5827736854553223,5.641862869262695,4.256054301718716,0.1263384222984314,-0.6232132911682129,0.6358900873874136
1345,14,10,2.067675828933716,label_Tbl,label_Tbl,0.9997449517250061,-0.39068174362182617,-0.12771253287792206,-0.2979654371738434,0.016608523204922676,1.875006914138794,-1.0,1.0,0.0,0.0,0.0,0.0,0.6443977952003479,-0.17883053421974182,3.090317726135254,0.5133310556411743,5.216511249542236,6.156777858734131,3.13266219390975,0.6443977952003479,-0.17883053421974182,0.6687517315330015
1345,15,1,2.038776397705078,label_Tbl,label_Tbl,0.9997449517250061,0.9159643650054932,1.0871986150741577,1.008680820465088,1.2315194606781006,1.5027921199798584,-1.0,1.0,0.0,0.0,0.0,0.0,0.5017040371894836,-0.282349556684494,20.219623565673828,1.2367039918899536,28.442886352539062,34.92283248901367,20.25740886444041,0.5017040371894836,-0.282349556684494,0.5756980224841467
1345,16,2,2.0193123817443848,label_Tbl,label_Tbl,0.9997449517250061,0.37054169178009033,0.44289714097976685,0.46325793862342834,0.5872182250022888,0.856959879398346,0.0,0.0,1.0,0.0,0.0,0.0,0.32096022367477417,-0.2618764638900757,9.262885093688965,0.7571656107902527,10.35148811340332,13.911421775817871,9.293779641300336,0.32096022367477417,-0.2618764638900757,0.4142399636936678
1348,1,0,4.252160549163818,label_Tbl,label_Tbl,0.9999995231628418,2.9709792137145996,2.7718234062194824,3.0939109325408936,3.0875022411346436,-0.32888832688331604,1.0,0.0,0.0,0.0,1.0,0.0,0.11120045930147171,0.038808465003967285,196.55377197265625,327.03387451171875,67.68580627441406,387.512451171875,381.5554223894945,0.11120045930147171,0.038808465003967285,0.11777792282436646
1348,2,4,2.8545453548431396,label_Tbl,label_Tbl,0.9999995231628418,0.5597324371337891,0.41150906682014465,0.6826639771461487,0.7271876931190491,1.2362990379333496,-1.0,0.0,0.0,0.0,1.0,0.0,-0.4916069507598877,-0.13221079111099243,7.958116054534912,9.217817306518555,-5.350493431091309,13.301411628723145,12.177839177530606,-0.4916069507598877,-0.13221079111099243,0.5090747364794576
1348,3,10,2.645094394683838,label_Tbl,label_Tbl,0.9999995231628418,0.18959428369998932,0.004854249767959118,0.31252583861351013,0.3205327093601227,0.6222200989723206,-1.0,1.0,0.0,0.0,0.0,0.0,-0.33487457036972046,-0.1194922924041748,4.620488166809082,5.4915452003479,-1.9583661556243896,7.440474510192871,7.176766652684676,-0.33487457036972046,-0.1194922924041748,0.35555503909283814
1348,4,14,2.4544031620025635,label_Tbl,label_Tbl,0.9999995231628418,-0.7753171324729919,-0.9680857062339783,-0.652385413646698,-0.6524071097373962,0.717478334903717,0.0,0.0,0.0,1.0,0.0,0.0,-0.2880719304084778,-0.2468518614768982,1.330547571182251,1.2246235609054565,-0.406229168176651,1.8533973693847656,1.8083306404260664,-0.2880719304084778,-0.2468518614768982,0.37936958049358227
1348,5,2,2.3781681060791016,label_Tbl,label_Tbl,0.9999995231628418,0.7628981471061707,0.5685238242149353,0.8858296871185303,0.8842024803161621,0.4107968211174011,1.0,1.0,0.0,0.0,0.0,0.0,-0.2771892845630646,-0.12162607908248901,10.50694465637207,12.433767318725586,-3.4755308628082275,16.6461181640625,16.27865030487092,-0.2771892845630646,-0.12162607908248901,0.3026991948941448
1348,6,1,2.351918935775757,label_Tbl,label_Tbl,0.9999995231628418,0.8832411766052246,0.7128117084503174,1.0061726570129395,1.0284903049468994,0.8607377409934998,0.0,0.0,0.0,1.0,0.0,0.0,-0.40469494462013245,-0.09273678064346313,12.046120643615723,15.120373725891113,-6.688429832458496,20.45653533935547,19.33221984592466,-0.40469494462013245,-0.09273678064346313,0.415184427315387
1348,7,8,2.344684362411499,label_Tbl,label_Tbl,0.9999995231628418,0.2718331515789032,0.0663766860961914,0.3947646915912628,0.3820551335811615,-0.012547969818115234,1.0,1.0,0.0,0.0,0.0,0.0,-0.17802923917770386,-0.08402758836746216,4.974238872528076,6.35651159286499,-0.9120075702667236,8.124009132385254,8.071449187797468,-0.17802923917770386,-0.08402758836746216,0.1968630122929235
1348,8,3,2.3155508041381836,label_Tbl,label_Tbl,0.9999995231628418,0.5831658840179443,0.3906548023223877,0.7060976028442383,0.7063333988189697,0.6322385668754578,-1.0,1.0,0.0,0.0,0.0,0.0,-0.2894785702228546,-0.21073412895202637,8.951363563537598,8.856742858886719,-2.846956253051758,12.910981178283691,12.592410560137777,-0.2894785702228546,-0.21073412895202637,0.35805965386152827
1348,9,5,2.308687448501587,label_Tbl,label_Tbl,0.9999995231628418,0.4271240830421448,0.24591584503650665,0.5500556230545044,0.5615944266319275,0.6612553000450134,0.0,0.0,0.0,1.0,0.0,0.0,-0.35406020283699036,-0.08997535705566406,6.256813049316406,7.89824914932251,-2.9504597187042236,10.499298095703125,10.07621204415974,-0.35406020283699036,-0.08997535705566406,0.36531382688075875
1348,10,17,2.224853277206421,label_Tbl,label_Tbl,0.9999995231628418,-1.1318258047103882,-1.3386110067367554,-1.0088942050933838,-1.0229326486587524,-0.0966254472732544,0.0,0.0,0.0,1.0,0.0,0.0,-0.16118688881397247,0.07028353214263916,0.5301908254623413,0.9485363364219666,-0.10438154637813568,1.0916588306427002,1.0866570263506536,-0.16118688881397247,0.07028353214263916,0.17584364650442538
1348,11,12,2.2046468257904053,label_Tbl,label_Tbl,0.9999995231628418,-0.4991632103919983,-0.6985192894935608,-0.3762315809726715,-0.3828408718109131,0.3881832957267761,0.0,0.0,0.0,1.0,0.0,0.0,-0.24010604619979858,-0.1748865842819214,1.8383160829544067,1.954152226448059,-0.471448689699173,2.7240376472473145,2.6829306634687264,-0.24010604619979858,-0.1748865842819214,0.2970458395323816
1348,12,9,2.2021570205688477,label_Tbl,label_Tbl,0.9999995231628418,0.2092539519071579,0.008474660106003284,0.3321855068206787,0.32415327429771423,0.4843737483024597,-1.0,1.0,0.0,0.0,0.0,0.0,-0.22685980796813965,-0.22723472118377686,5.331888675689697,5.104200839996338,-1.1978729963302612,7.479055881500244,7.3811857492524435,-0.22685980796813965,-0.22723472118377686,0.32109343030154014
1348,13,6,2.1715128421783447,label_Tbl,label_Tbl,0.9999995231628418,0.3347010910511017,0.16618753969669342,0.4576326310634613,0.48186615109443665,0.8544875979423523,-1.0,1.0,0.0,0.0,0.0,0.0,-0.4126407504081726,-0.0284726619720459,5.047142505645752,7.245247840881348,-3.1292495727539062,9.36904239654541,8.829907346517963,-0.4126407504081726,-0.0284726619720459,0.4136219063071904
1348,14,7,2.166948080062866,label_Tbl,label_Tbl,0.9999995231628418,0.2983110547065735,0.12364284694194794,0.4212426245212555,0.43932145833969116,0.7618958353996277,0.0,0.0,0.0,1.0,0.0,0.0,-0.38567888736724854,-0.06100577116012573,5.012661457061768,6.7187275886535645,-2.7319962978363037,8.816568374633789,8.382605519386388,-0.38567888736724854,-0.06100577116012573,0.3904739533895704
1348,15,11,2.1642918586730957,label_Tbl,label_Tbl,0.9999995231628418,-0.26387453079223633,-0.4232777953147888,-0.14094281196594238,-0.10759925842285156,1.0122830867767334,1.0,0.0,0.0,0.0,1.0,0.0,-0.4500862658023834,-0.0519179105758667,2.217869997024536,3.02978777885437,-1.4808100461959839,4.036255836486816,3.754805095953306,-0.4500862658023834,-0.0519179105758667,0.45307076279814995
1348,16,13,2.1498074531555176,label_Tbl,label_Tbl,0.9999995231628418,-0.6268450021743774,-0.8234993815422058,-0.503913402557373,-0.5078206658363342,0.5470653176307678,1.0,1.0,0.0,0.0,0.0,0.0,-0.25120314955711365,-0.22429567575454712,1.6103581190109253,1.5506867170333862,-0.4180555045604706,2.278625249862671,2.2355944546916793,-0.25120314955711365,-0.22429567575454712,0.336766347056238
1356,1,0,4.345045566558838,label_Tbl,label_Tbl,0.9999035596847534,3.030600070953369,2.959897756576538,3.0899784564971924,3.0999650955200195,-0.32828935980796814,-1.0,0.0,0.0,0.0,0.0,1.0,0.056169748306274414,-0.10369133949279785,246.01513671875,-334.81060791015625,290.48846435546875,506.9567565917969,415.477545318533,0.056169748306274414,-0.10369133949279785,0.11792766643413613
1356,2,7,2.6085150241851807,label_Tbl,label_Tbl,0.9999035596847534,0.48414042592048645,0.33365198969841003,0.5435190796852112,0.47371912002563477,0.5679987072944641,0.0,0.0,1.0,0.0,0.0,0.0,-0.177597314119339,0.29227209091186523,9.369458198547363,-5.63083553314209,4.706094741821289,11.901276588439941,10.931287926663627,-0.177597314119339,0.29227209091186523,0.3419996799828865
1356,3,16,2.5679993629455566,label_Tbl,label_Tbl,0.9999035596847534,-1.0910001993179321,-1.3000255823135376,-1.0316216945648193,-1.1599584817886353,1.4191975593566895,0.0,0.0,0.0,1.0,0.0,0.0,-0.5430310964584351,-0.11366444826126099,0.6727892756462097,-0.9350236654281616,0.060830723494291306,1.1535228490829468,1.1519178201309614,-0.5430310964584351,-0.11366444826126099,0.5547994038563732
1356,4,15,2.4660799503326416,label_Tbl,label_Tbl,0.9999035596847534,-1.0711079835891724,-1.124839186668396,-1.01172935962677,-0.9847718477249146,0.9910807013511658,0.0,0.0,0.0,1.0,0.0,0.0,0.09749484062194824,0.43702733516693115,1.0932317972183228,-0.4575568735599518,0.8890822529792786,1.4815469980239868,1.1851219578554613,0.09749484062194824,0.43702733516693115,0.447770181712682
1356,5,17,2.387021064758301,label_Tbl,label_Tbl,0.9999035596847534,-1.1382653713226318,-1.2529823780059814,-1.0788865089416504,-1.1129149198532104,0.9514473080635071,0.0,0.0,0.0,1.0,0.0,0.0,-0.06213784217834473,0.43343034386634827,0.9917206168174744,-0.4192692041397095,0.6022804975509644,1.2337090969085693,1.0767062957746543,-0.06213784217834473,0.43343034386634827,0.4378618211430197
1356,6,10,2.2770886421203613,label_Tbl,label_Tbl,0.9999035596847534,0.022819697856903076,-0.10213876515626907,0.08219847828149796,0.03792843595147133,-0.1972275972366333,-1.0,1.0,0.0,0.0,0.0,0.0,-0.09336501359939575,0.1182851791381836,4.269842624664307,-3.708270788192749,2.9626007080078125,6.385868072509766,5.655336265684283,-0.09336501359939575,0.1182851791381836,0.1506930966174879
1356,7,14,2.270343780517578,label_Tbl,label_Tbl,0.9999035596847534,-0.9367266893386841,-1.0451459884643555,-0.8773481845855713,-0.9050787687301636,0.46983426809310913,0.0,0.0,0.0,1.0,0.0,0.0,-0.043964922428131104,0.31439948081970215,1.2468405961990356,-0.7122564315795898,0.833260178565979,1.660193681716919,1.4359389599340417,-0.043964922428131104,0.31439948081970215,0.3174585767368868
1356,8,13,2.1680917739868164,label_Tbl,label_Tbl,0.9999035596847534,-0.7932537794113159,-0.9650024771690369,-0.7338752746582031,-0.8249354362487793,1.1278009414672852,0.0,0.0,0.0,1.0,0.0,0.0,-0.26220643520355225,0.40438076853752136,1.6028398275375366,-0.7332140207290649,0.5989803671836853,1.8615789413452148,1.7625828527857186,-0.26220643520355225,0.40438076853752136,0.481950226294325
1356,9,11,2.153824806213379,label_Tbl,label_Tbl,0.9999035596847534,-0.2884550392627716,-0.4753793776035309,-0.2290763407945633,-0.3353120684623718,1.2613234519958496,-1.0,1.0,0.0,0.0,0.0,0.0,-0.34039533138275146,0.38690680265426636,3.269833564758301,-1.5654321908950806,0.9360588192939758,3.746742010116577,3.6252433691423462,-0.34039533138275146,0.38690680265426636,0.5153308214800669
1356,10,12,2.070960283279419,label_Tbl,label_Tbl,0.9999035596847534,-0.4168833792209625,-0.5270740389823914,-0.35750484466552734,-0.38700684905052185,0.5814318060874939,0.0,0.0,0.0,1.0,0.0,0.0,-0.04902619123458862,0.34186041355133057,2.6602983474731445,-1.424271821975708,1.733429193496704,3.4800164699554443,3.017571460701858,-0.04902619123458862,0.34186041355133057,0.34535794442933726
1356,11,8,2.0273730754852295,label_Tbl,label_Tbl,0.9999035596847534,0.08170238882303238,-0.0776868537068367,0.14108099043369293,0.062380265444517136,0.6989491581916809,0.0,0.0,0.0,1.0,0.0,0.0,-0.21095061302185059,0.30972224473953247,5.327197074890137,-3.0762922763824463,2.4264252185821533,6.612876892089844,6.151634160485189,-0.21095061302185059,0.30972224473953247,0.37473728133292183
1356,12,2,1.9989449977874756,label_Tbl,label_Tbl,0.9999035596847534,1.13994300365448,0.9755281805992126,1.1993216276168823,1.1155952215194702,0.6987274289131165,-1.0,1.0,0.0,0.0,0.0,0.0,-0.2324177324771881,0.29388517141342163,23.933612823486328,-14.331068992614746,10.361991882324219,29.773286819458008,27.896189009533778,-0.2324177324771881,0.29388517141342163,0.37468186017811694
1356,13,9,1.9590085744857788,label_Tbl,label_Tbl,0.9999035596847534,0.04467817395925522,-0.07370420545339584,0.10405678302049637,0.06636299937963486,0.31450599431991577,1.0,1.0,0.0,0.0,0.0,0.0,-0.07873904705047607,0.2672693133354187,4.9243693351745605,-3.1296205520629883,3.1532411575317383,6.650608062744141,5.834718343596594,-0.07873904705047607,0.2672693133354187,0.2786264943992285
1356,14,1,1.9045673608779907,label_Tbl,label_Tbl,0.9999035596847534,1.1575894355773926,0.9964391589164734,1.216968297958374,1.1365063190460205,0.7293741106987,1.0,1.0,0.0,0.0,0.0,0.0,-0.21916234493255615,0.3132960796356201,24.82526969909668,-14.217763900756836,11.03200626373291,30.67612075805664,28.60836985867164,-0.21916234493255615,0.3132960796356201,0.382343519562429
1356,15,6,1.8316571712493896,label_Tbl,label_Tbl,0.9999035596847534,0.49894383549690247,0.34664395451545715,0.5583224892616272,0.4867110550403595,0.5945195555686951,0.0,0.0,0.0,1.0,0.0,0.0,-0.1841878890991211,0.29600274562835693,9.591100692749023,-5.715442657470703,4.7266693115234375,12.124227523803711,11.164922627107032,-0.1841878890991211,0.29600274562835693,0.34862989531925676
1356,16,3,1.819232702255249,label_Tbl,label_Tbl,0.9999035596847534,0.6382240653038025,0.4752425253391266,0.6976027488708496,0.6153097748756409,0.7368473410606384,1.0,1.0,0.0,0.0,0.0,0.0,-0.22679942846298218,0.31013023853302,11.799907684326172,-6.80766487121582,5.141912460327148,14.569320678710938,13.622852944864587,-0.22679942846298218,0.31013023853302,0.38421184990013424
1359,1,0,4.149241924285889,label_Tbl,label_Tbl,0.9620976448059082,3.083616018295288,3.081908702850342,3.090406894683838,3.05049204826355,-0.3546111285686493,1.0,0.0,0.0,0.0,1.0,0.0,-0.06615453958511353,-0.08956439048051834,-446.3773498535156,40.011165618896484,-404.15911865234375,603.4884033203125,448.16696870299427,-0.06615453958511353,-0.08956439048051834,0.11134721886901854
1359,2,7,2.429283380508423,label_Tbl,label_Tbl,0.9620976448059082,0.131016343832016,0.1514887809753418,0.1378072202205658,0.12007217109203339,1.0101444721221924,-1.0,1.0,0.0,0.0,0.0,0.0,-0.0218011736869812,-0.4520106911659241,-5.938224792480469,2.8819973468780518,-6.352694988250732,9.174359321594238,6.600638029269734,-0.0218011736869812,-0.4520106911659241,0.4525361378966616
1359,3,21,2.40889310836792,label_Tbl,label_Tbl,0.9620976448059082,-0.9102606177330017,-0.7842675447463989,-0.9034696221351624,-0.8156841993331909,0.6084224581718445,0.0,0.0,0.0,1.0,0.0,0.0,0.18335789442062378,0.3005964756011963,-1.424326777458191,-0.4417892396450043,-1.8931747674942017,2.4099783897399902,1.4912694261100325,0.18335789442062378,0.3005964756011963,0.35210560715533235
1359,4,4,2.3880083560943604,label_Tbl,label_Tbl,0.9620976448059082,0.7052207589149475,0.7899646759033203,0.7120116353034973,0.7585479021072388,1.0778510570526123,0.0,0.0,1.0,0.0,0.0,0.0,0.10685980319976807,0.457139253616333,-13.45070743560791,-6.619086265563965,-17.231937408447266,22.840171813964844,14.991125158215958,0.10685980319976807,0.457139253616333,0.4694627937726175
1359,5,5,2.386410713195801,label_Tbl,label_Tbl,0.9620976448059082,0.5316815376281738,0.6329972743988037,0.5384724140167236,0.6015806794166565,0.9732677340507507,0.0,0.0,1.0,0.0,0.0,0.0,0.13796693086624146,0.42130160331726074,-10.675651550292969,-4.786283016204834,-14.009364128112793,18.252132415771484,11.69948892620885,0.13796693086624146,0.42130160331726074,0.4433169464055539
1359,6,24,2.276395082473755,label_Tbl,label_Tbl,0.9620976448059082,-1.230512261390686,-1.202648639678955,-1.2237212657928467,-1.234065294265747,-0.18999344110488892,0.0,0.0,0.0,1.0,0.0,0.0,-0.0045937299728393555,0.15243244171142578,-0.932800829410553,-0.14346113801002502,-0.9309920072555542,1.3256864547729492,0.9437682371579089,-0.0045937299728393555,0.15243244171142578,0.1525016447162803
1359,7,23,2.2367658615112305,label_Tbl,label_Tbl,0.9620976448059082,-1.0375981330871582,-0.9254453778266907,-1.0308072566986084,-0.9568620324134827,0.43168145418167114,0.0,0.0,0.0,1.0,0.0,0.0,0.15803009271621704,0.26427531242370605,-1.200018048286438,-0.3249468505382538,-1.5279076099395752,1.9698059558868408,1.2432352037679444,0.15803009271621704,0.26427531242370605,0.30792036464083306
1359,8,16,2.235323667526245,label_Tbl,label_Tbl,0.9620976448059082,-0.5171003341674805,-0.4086286723613739,-0.5103093981742859,-0.44004544615745544,-0.10919195413589478,-1.0,1.0,0.0,0.0,0.0,0.0,0.15049642324447632,0.0847160816192627,-2.605639934539795,-0.22171008586883545,-3.1827194690704346,4.121613502502441,2.6150554163620536,0.15049642324447632,0.0847160816192627,0.1727020205275611
1359,9,3,2.188781261444092,label_Tbl,label_Tbl,0.9620976448059082,0.7092158198356628,0.8009467124938965,0.7160066962242126,0.7695301175117493,0.3954358696937561,0.0,0.0,1.0,0.0,0.0,0.0,0.1200404167175293,0.27369141578674316,-14.51507568359375,-4.077540397644043,-17.634849548339844,23.201330184936523,15.076927995943793,0.1200404167175293,0.27369141578674316,0.2988589846751642
1359,10,14,2.1803646087646484,label_Tbl,label_Tbl,0.9620976448059082,-0.4075261652469635,-0.19909951090812683,-0.400735467672348,-0.23051628470420837,0.850019633769989,0.0,0.0,1.0,0.0,0.0,0.0,0.3285074830055237,0.24948573112487793,-2.963369846343994,-0.7555795907974243,-4.643224239349365,5.5598554611206055,3.058179419891912,0.3285074830055237,0.24948573112487793,0.41250490472907025
1359,11,19,2.1692540645599365,label_Tbl,label_Tbl,0.9620976448059082,-0.7448638081550598,-0.6501352787017822,-0.73807293176651,-0.681551992893219,1.0516796112060547,0.0,0.0,0.0,1.0,0.0,0.0,0.125666081905365,0.44553661346435547,-1.7042216062545776,-0.8142231106758118,-2.2255632877349854,2.918983221054077,1.8887378211873473,0.125666081905365,0.44553661346435547,0.46291990460416843
1359,12,10,2.161698818206787,label_Tbl,label_Tbl,0.9620976448059082,0.10020147264003754,0.3030000925064087,0.10699243098497391,0.2715836465358734,0.4803815484046936,-1.0,1.0,0.0,0.0,0.0,0.0,0.31877321004867554,-0.029063764959573746,-6.313735008239746,0.1824910193681717,-9.478798866271973,11.391385078430176,6.316371800838056,0.31877321004867554,-0.029063764959573746,0.32009539496587947
1359,13,22,2.0759963989257812,label_Tbl,label_Tbl,0.9620976448059082,-1.0081900358200073,-1.008689522743225,-1.001399040222168,-1.040106177330017,0.3516485095024109,0.0,0.0,0.0,1.0,0.0,0.0,-0.06358081102371216,-0.28080397844314575,-1.2458552122116089,0.3591090738773346,-1.173757791519165,1.7489488124847412,1.2965780102777735,-0.06358081102371216,-0.28080397844314575,0.2879121286780598
1359,14,12,2.0715572834014893,label_Tbl,label_Tbl,0.9620976448059082,-0.009868132881820202,0.15422365069389343,-0.003077173139899969,0.12280688434839249,0.5670714974403381,0.0,0.0,1.0,0.0,0.0,0.0,0.251548707485199,0.23136234283447266,-5.25330114364624,-1.238508701324463,-7.463113307952881,9.210273742675781,5.397321253093177,0.251548707485199,0.23136234283447266,0.3417678831009875
1359,15,18,2.0530967712402344,label_Tbl,label_Tbl,0.9620976448059082,-0.5274850726127625,-0.46268925070762634,-0.5206941366195679,-0.4941057562828064,0.3983106017112732,0.0,0.0,0.0,1.0,0.0,0.0,0.0686635971069336,0.29160261154174805,-2.4676513671875,-0.7411395907402039,-2.8138601779937744,3.8152852058410645,2.5765463634378665,0.0686635971069336,0.29160261154174805,0.2995776570868243
1359,16,20,2.0308728218078613,label_Tbl,label_Tbl,0.9620976448059082,-0.8587252497673035,-0.6898649334907532,-0.8519343733787537,-0.7212815284729004,0.4517201781272888,1.0,1.0,0.0,0.0,0.0,0.0,0.2583635449409485,0.1765601634979248,-1.5801997184753418,-0.28220999240875244,-2.23830246925354,2.757925271987915,1.6052020527288449,0.2583635449409485,0.1765601634979248,0.31293004440108885
1362,1,0,4.249076843261719,label_Tbl,label_Tbl,0.9999901056289673,3.0505011081695557,2.8494389057159424,2.9083638191223145,2.905088186264038,-0.18578588962554932,-1.0,0.0,0.0,0.0,1.0,0.0,0.15262822806835175,0.01683187484741211,-311.5384826660156,292.6859436035156,68.74842071533203,432.9522399902344,427.4591065411096,0.15262822806835175,0.01683187484741211,0.1535535346846947
1362,2,4,2.9267425537109375,label_Tbl,label_Tbl,0.9999901056289673,1.0558114051818848,0.8644049763679504,0.9136744141578674,0.9200538992881775,0.21428126096725464,0.0,0.0,1.0,0.0,0.0,0.0,-0.23902596533298492,-0.08464336395263672,-16.22016716003418,18.676925659179688,-5.778147220611572,25.402921676635742,24.73704458454922,-0.23902596533298492,-0.08464336395263672,0.25357032784729333
1362,3,27,2.5082650184631348,label_Tbl,label_Tbl,0.9999901056289673,-0.9188348650932312,-1.127742886543274,-1.0609718561172485,-1.0720936059951782,1.8374779224395752,0.0,0.0,0.0,1.0,0.0,0.0,-0.06338892877101898,-0.6563154458999634,-0.21058252453804016,1.457985281944275,-0.08234891295433044,1.4754142761230469,1.4731144157895344,-0.06338892877101898,-0.6563154458999634,0.6593694873267985
1362,4,29,2.4343912601470947,label_Tbl,label_Tbl,0.9999901056289673,-1.1345785856246948,-1.3444997072219849,-1.2767153978347778,-1.2888505458831787,1.4863409996032715,0.0,0.0,0.0,1.0,0.0,0.0,-0.022524021565914154,0.571141242980957,-1.0608383417129517,0.21492956578731537,-0.01624433882534504,1.0825139284133911,1.0823921218753438,-0.022524021565914154,0.571141242980957,0.5715852088545804
1362,5,23,2.2906601428985596,label_Tbl,label_Tbl,0.9999901056289673,-0.6865271925926208,-0.8740847706794739,-0.8286641240119934,-0.8184356093406677,0.2634924054145813,0.0,0.0,0.0,1.0,0.0,0.0,-0.26209378242492676,-0.044669389724731445,-1.4069514274597168,1.4949350357055664,-0.5282810926437378,2.119769811630249,2.0528865239488856,-0.26209378242492676,-0.044669389724731445,0.26587309973779744
1362,6,22,2.268794536590576,label_Tbl,label_Tbl,0.9999901056289673,-0.6696686148643494,-0.8708299398422241,-0.8118056058883667,-0.8151808381080627,-0.12812304496765137,0.0,0.0,0.0,1.0,0.0,0.0,-0.1667640656232834,-0.02008509635925293,-1.478455901145935,1.495484471321106,-0.33630281686782837,2.1296491622924805,2.102927876936298,-0.1667640656232834,-0.02008509635925293,0.1679692372994747
1362,7,21,2.1250972747802734,label_Tbl,label_Tbl,0.9999901056289673,-0.6130212545394897,-0.7985556721687317,-0.7551581263542175,-0.7429065108299255,0.34829455614089966,0.0,0.0,0.0,1.0,0.0,0.0,-0.2734483778476715,0.08739137649536133,-1.7677661180496216,1.4402203559875488,-0.6135449409484863,2.361285448074341,2.2801823878639906,-0.2734483778476715,0.08739137649536133,0.2870736282441787
1362,8,8,2.122544527053833,label_Tbl,label_Tbl,0.9999901056289673,0.6664907336235046,0.4680512547492981,0.5243539214134216,0.5237004160881042,0.003592848777770996,0.0,0.0,1.0,0.0,0.0,0.0,-0.18975871801376343,0.06596755981445312,-10.802206039428711,9.192622184753418,-2.5992915630340576,14.420412063598633,14.18421509812548,-0.18975871801376343,0.06596755981445312,0.20089820808085979
1362,9,20,2.1111416816711426,label_Tbl,label_Tbl,0.9999901056289673,-0.31265634298324585,-0.5063539743423462,-0.45479345321655273,-0.4507049024105072,0.09857207536697388,0.0,0.0,0.0,1.0,0.0,0.0,-0.2241751104593277,-0.014491558074951172,-2.475994825363159,2.4766499996185303,-0.7646980285644531,3.5845654010772705,3.5020487711960278,-0.2241751104593277,-0.014491558074951172,0.22464301770785455
1362,10,16,2.0808191299438477,label_Tbl,label_Tbl,0.9999901056289673,-0.015695035457611084,-0.21435028314590454,-0.1578320413827896,-0.15870122611522675,-0.03783416748046875,0.0,0.0,0.0,1.0,0.0,0.0,-0.18804098665714264,-0.030767440795898438,-3.722235918045044,3.846435308456421,-0.9715269804000854,5.440033912658691,5.352579267206126,-0.18804098665714264,-0.030767440795898438,0.1905414602550343
1362,11,28,2.080331802368164,label_Tbl,label_Tbl,0.9999901056289673,-1.1036871671676636,-1.2856857776641846,-1.245823860168457,-1.2300368547439575,0.3724384903907776,0.0,0.0,0.0,1.0,0.0,0.0,-0.2922552227973938,0.022363662719726562,-0.8287280201911926,0.7699919939041138,-0.3264743983745575,1.1773968935012817,1.1312284482483839,-0.2922552227973938,0.022363662719726562,0.2931096188503475
1362,12,14,2.070760726928711,label_Tbl,label_Tbl,0.9999901056289673,0.1180986613035202,-0.0807797983288765,-0.024038266390562057,-0.025130748748779297,-0.04386603832244873,0.0,0.0,0.0,1.0,0.0,0.0,-0.18624643981456757,-0.03234076499938965,-4.498887062072754,4.663661479949951,-1.164334774017334,6.583722114562988,6.479947777324643,-0.18624643981456757,-0.03234076499938965,0.18903349286395543
1362,13,19,2.0674760341644287,label_Tbl,label_Tbl,0.9999901056289673,-0.3023270070552826,-0.5056167244911194,-0.4444641172885895,-0.44996756315231323,-0.10138285160064697,0.0,0.0,1.0,0.0,0.0,0.0,-0.14620235562324524,0.09554576873779297,-2.7736217975616455,2.222321033477783,-0.49448519945144653,3.5883426666259766,3.554108700046589,-0.14620235562324524,0.09554576873779297,0.1746542948612535
1362,14,26,2.0388879776000977,label_Tbl,label_Tbl,0.9999901056289673,-0.9123486280441284,-1.085669994354248,-1.0544856786727905,-1.030020833015442,0.6005907654762268,0.0,0.0,0.0,1.0,0.0,0.0,-0.334073007106781,-0.1048743724822998,-0.9520092606544495,1.1420749425888062,-0.4942084550857544,1.5668116807937622,1.4868277663741205,-0.334073007106781,-0.1048743724822998,0.35014769466744106
1362,15,6,2.0325658321380615,label_Tbl,label_Tbl,0.9999901056289673,0.8650102615356445,0.6682268977165222,0.722873330116272,0.7238760590553284,0.01261669397354126,0.0,0.0,0.0,1.0,0.0,0.0,-0.20245304703712463,-0.016863584518432617,-13.285122871398926,13.351831436157227,-3.694967746734619,19.19423484802246,18.835230086402532,-0.20245304703712463,-0.016863584518432617,0.20315416987457216
1362,16,24,2.0198400020599365,label_Tbl,label_Tbl,0.9999901056289673,-0.8515088558197021,-1.04936683177948,-0.9936459064483643,-0.9937176704406738,0.20858067274093628,0.0,0.0,0.0,1.0,0.0,0.0,-0.19431287050247192,0.16068506240844727,-1.3290057182312012,0.9295673370361328,-0.304717481136322,1.650213360786438,1.6218358835516244,-0.19431287050247192,0.16068506240844727,0.2521451584387791
1363,1,0,4.152470588684082,label_Tbl,label_Hqql,0.5286086201667786,3.2217905521392822,3.0228261947631836,3.1274592876434326,3.122437000274658,-0.5711385607719421,-1.0,0.0,0.0,0.0,1.0,0.0,0.030403554439544678,-0.04846876859664917,416.44940185546875,353.057373046875,-97.7161865234375,554.6422729492188,545.966677525779,0.030403554439544678,-0.04846876859664917,0.05721536202659109
1363,2,9,2.7759511470794678,label_Tbl,label_Hqql,0.5286086201667786,-1.1586263179779053,-1.2920920848846436,-1.2529572248458862,-1.192481517791748,1.8901948928833008,0.0,0.0,0.0,1.0,0.0,0.0,0.32855382561683655,0.5868340134620667,0.2407589703798294,1.0177497863769531,-0.5170502066612244,1.1666706800460815,1.0458391413064867,0.32855382561683655,0.5868340134620667,0.6725487162157516
1363,3,1,2.439788579940796,label_Tbl,label_Hqql,0.5286086201667786,1.4998410940170288,1.2900391817092896,1.4055099487304688,1.3896496295928955,-0.07687091827392578,0.0,0.0,1.0,0.0,0.0,0.0,-0.12383948266506195,0.13170427083969116,29.600252151489258,36.053585052490234,-1.1100114583969116,46.66120529174805,46.648000199032026,-0.12383948266506195,0.13170427083969116,0.18078227906563438
1363,4,2,2.2149081230163574,label_Tbl,label_Hqql,0.5286086201667786,1.2052154541015625,0.9961109161376953,1.1108845472335815,1.0957214832305908,0.06079596281051636,-1.0,1.0,0.0,0.0,0.0,0.0,-0.09724961221218109,0.19197165966033936,17.9705753326416,24.795137405395508,-1.5435117483139038,30.661739349365234,30.622547522023545,-0.09724961221218109,0.19197165966033936,0.21519898974708215
1363,5,3,2.1248743534088135,label_Tbl,label_Hqql,0.5286086201667786,0.9816634654998779,0.7722948789596558,0.887332558631897,0.8719054460525513,0.18962103128433228,-1.0,1.0,0.0,0.0,0.0,0.0,-0.1424216330051422,0.20230036973953247,12.870889663696289,18.1503963470459,-0.1159510686993599,22.270843505859375,22.250768262914004,-0.1424216330051422,0.20230036973953247,0.24740525690575565
1363,6,7,2.0653207302093506,label_Tbl,label_Hqql,0.5286086201667786,-0.3763890266418457,-0.5856858491897583,-0.4707200527191162,-0.4860755503177643,0.16248369216918945,-1.0,1.0,0.0,0.0,0.0,0.0,-0.1373666673898697,0.19755715131759644,1.8618085384368896,2.5992860794067383,-0.03282405436038971,3.200496196746826,3.1972830898114353,-0.1373666673898697,0.19755715131759644,0.24062092458163897
1363,7,4,1.9950640201568604,label_Tbl,label_Hqql,0.5286086201667786,0.8512888550758362,0.6413322687149048,0.7569577097892761,0.740942656993866,0.22506898641586304,1.0,1.0,0.0,0.0,0.0,0.0,-0.13945257663726807,0.21500205993652344,10.491471290588379,15.200515747070312,-0.15108565986156464,18.47075843811035,18.469614203284614,-0.13945257663726807,0.21500205993652344,0.25626725679985246
1363,8,8,1.9920523166656494,label_Tbl,label_Hqql,0.5286086201667786,-0.48122188448905945,-0.690041720867157,-0.5755528807640076,-0.5904313921928406,0.09070718288421631,-1.0,1.0,0.0,0.0,0.0,0.0,-0.11923821270465851,0.18806171417236328,1.6240322589874268,2.222440242767334,-0.07816877961158752,2.7572288513183594,2.7525844965965223,-0.11923821270465851,0.18806171417236328,0.22267680549722518
1363,9,6,1.9577686786651611,label_Tbl,label_Hqql,0.5286086201667786,0.39002060890197754,0.18179254233837128,0.2956896722316742,0.28140297532081604,0.16978561878204346,1.0,1.0,0.0,0.0,0.0,0.0,-0.07795853167772293,0.22957074642181396,5.313053607940674,7.942868709564209,-0.6663473844528198,9.580249786376953,9.556029613716442,-0.07795853167772293,0.22957074642181396,0.24244640701403544
1363,10,5,1.9348307847976685,label_Tbl,label_Hqql,0.5286086201667786,0.5129770040512085,0.3030644953250885,0.41864609718322754,0.4026750922203064,0.14580172300338745,1.0,1.0,0.0,0.0,0.0,0.0,-0.13766589760780334,0.19224178791046143,6.682223320007324,9.225129127502441,-0.1135341227054596,11.392431259155273,11.39101031153706,-0.13766589760780334,0.19224178791046143,0.23645042690418858
1372,1,0,4.1785807609558105,label_Tbl,label_Tbl,0.9999347925186157,3.058112621307373,2.956305503845215,2.832180976867676,2.8557229042053223,-0.265397846698761,-1.0,0.0,0.0,0.0,1.0,0.0,0.0875500738620758,-0.1009824275970459,-427.1514892578125,-65.42404174804688,260.0809326171875,504.36175537109375,432.1327342539758,0.0875500738620758,-0.1009824275970459,0.1336505372852932
1372,2,3,3.047022819519043,label_Tbl,label_Tbl,0.9999347925186157,1.3631144762039185,1.2142481803894043,1.137182354927063,1.1136654615402222,-0.29036372900009155,0.0,0.0,1.0,0.0,0.0,0.0,-0.058822184801101685,0.11301779747009277,-35.8299446105957,-13.731778144836426,16.763011932373047,41.87296676635742,38.371169669653845,-0.058822184801101685,0.11301779747009277,0.1274090733416026
1372,3,22,2.5173094272613525,label_Tbl,label_Tbl,0.9999347925186157,-0.2713380753993988,-0.46608617901802063,-0.49727004766464233,-0.5666688084602356,0.4936220049858093,0.0,0.0,0.0,1.0,0.0,0.0,-0.2733554244041443,0.17282342910766602,-3.3832855224609375,-1.5344325304031372,0.784028172492981,3.7968149185180664,3.7149837303618374,-0.2733554244041443,0.17282342910766602,0.32340551278495905
1372,4,20,2.414201259613037,label_Tbl,label_Tbl,0.9999347925186157,-0.09566832333803177,-0.24925987422466278,-0.32160046696662903,-0.34984245896339417,-0.23131954669952393,0.0,0.0,0.0,1.0,0.0,0.0,-0.07599517703056335,0.12015438079833984,-4.4461750984191895,-1.740482211112976,1.9967219829559326,5.175388813018799,4.774699082979325,-0.07599517703056335,0.12015438079833984,0.14217011696182544
1372,5,19,2.3682072162628174,label_Tbl,label_Tbl,0.9999347925186157,-0.06871277093887329,-0.22660081088542938,-0.29464492201805115,-0.32718339562416077,-0.1640351414680481,0.0,0.0,0.0,1.0,0.0,0.0,-0.09219485521316528,0.1295311450958252,-4.6035637855529785,-1.8520591259002686,1.9882487058639526,5.345657825469971,4.962148983402789,-0.09219485521316528,0.1295311450958252,0.15899122264330265
1372,6,21,2.292243480682373,label_Tbl,label_Tbl,0.9999347925186157,-0.25093406438827515,-0.4390532672405243,-0.4768660366535187,-0.5396358370780945,0.38447993993759155,0.0,0.0,0.0,1.0,0.0,0.0,-0.23152658343315125,0.1846144199371338,-3.4644854068756104,-1.6207786798477173,0.9714855551719666,3.946310520172119,3.8248637444362608,-0.23152658343315125,0.1846144199371338,0.2961199805567877
1372,7,23,2.2863056659698486,label_Tbl,label_Tbl,0.9999347925186157,-0.3362515866756439,-0.505059003829956,-0.5621837377548218,-0.6056416630744934,-0.08205389976501465,0.0,0.0,0.0,1.0,0.0,0.0,-0.13642582297325134,0.11663365364074707,-3.1573243141174316,-1.2231518030166626,1.1966359615325928,3.5912022590637207,3.3859706374598146,-0.13642582297325134,0.11663365364074707,0.1794865296770726
1372,8,14,2.251143455505371,label_Tbl,label_Tbl,0.9999347925186157,0.559715211391449,0.39299631118774414,0.3337833285331726,0.2924135625362396,-0.14989423751831055,0.0,0.0,0.0,1.0,0.0,0.0,-0.12757614254951477,0.1006934642791748,-11.423896789550781,-4.217472553253174,4.4181342124938965,12.954242706298828,12.177540498629126,-0.12757614254951477,0.1006934642791748,0.16252644675976757
1372,9,15,2.2332944869995117,label_Tbl,label_Tbl,0.9999347925186157,0.32464829087257385,0.16261586546897888,0.09871620684862137,0.06203312799334526,-0.3290574252605438,1.0,1.0,0.0,0.0,0.0,0.0,-0.10873284935951233,0.04515361785888672,-8.32007884979248,-2.5565598011016846,3.332944631576538,9.321357727050781,8.704005404603862,-0.10873284935951233,0.04515361785888672,0.1177356434372564
1372,10,13,2.194880247116089,label_Tbl,label_Tbl,0.9999347925186157,0.5780040621757507,0.41457557678222656,0.3520717918872833,0.31399282813072205,-0.11314749717712402,0.0,0.0,0.0,1.0,0.0,0.0,-0.11403059959411621,0.12838387489318848,-11.601944923400879,-4.652118682861328,4.715625762939453,13.359807014465332,12.49989336934739,-0.11403059959411621,0.12838387489318848,0.17171312406564482
1372,11,26,2.180487871170044,label_Tbl,label_Tbl,0.9999347925186157,-0.6562129259109497,-0.8213785886764526,-0.8821449875831604,-0.9219613671302795,-0.24400240182876587,-1.0,1.0,0.0,0.0,0.0,0.0,-0.12654879689216614,0.05749988555908203,-2.0412535667419434,-0.6549158692359924,0.7801145315170288,2.285539150238037,2.1437422698435187,-0.12654879689216614,0.05749988555908203,0.13899940587701176
1372,12,8,2.149397850036621,label_Tbl,label_Tbl,0.9999347925186157,0.9262069463729858,0.7715511918067932,0.7002748847007751,0.6709684729576111,-0.3323301672935486,-1.0,1.0,0.0,0.0,0.0,0.0,-0.08000478148460388,0.08525800704956055,-19.391416549682617,-6.8207106590271,8.507003784179688,22.247196197509766,20.55599984669855,-0.08000478148460388,0.08525800704956055,0.11691746159775336
1372,13,16,2.1463053226470947,label_Tbl,label_Tbl,0.9999347925186157,0.19633568823337555,0.05042571946978569,-0.029596472159028053,-0.05015702173113823,-0.24330919981002808,0.0,0.0,0.0,1.0,0.0,0.0,-0.04838719964027405,0.13049030303955078,-6.719979286193848,-2.711005449295044,3.248305559158325,7.940979957580566,7.24621778260782,-0.04838719964027405,0.13049030303955078,0.1391726994650227
1372,14,18,2.1406002044677734,label_Tbl,label_Tbl,0.9999347925186157,0.06550650298595428,-0.09519443660974503,-0.1604255586862564,-0.19577717781066895,-0.32995983958244324,-1.0,1.0,0.0,0.0,0.0,0.0,-0.10378482937812805,0.05511188507080078,-5.727933883666992,-1.8226757049560547,2.333589553833008,6.4495344161987305,6.010937805459101,-0.10378482937812805,0.05511188507080078,0.1175100450391553
1372,15,17,2.1196253299713135,label_Tbl,label_Tbl,0.9999347925186157,0.15995509922504425,0.005182528402656317,-0.06597680598497391,-0.0954003781080246,-0.3241179585456848,1.0,1.0,0.0,0.0,0.0,0.0,-0.0861964225769043,0.0820009708404541,-6.496897220611572,-2.261458396911621,2.8008956909179688,7.443964004516602,6.879234519636066,-0.0861964225769043,0.0820009708404541,0.11897051098416472
1372,16,11,2.0800247192382812,label_Tbl,label_Tbl,0.9999347925186157,0.8354830741882324,0.6786695718765259,0.6095510125160217,0.578086793422699,-0.20231056213378906,-1.0,1.0,0.0,0.0,0.0,0.0,-0.08894339203834534,0.12006711959838867,-16.815393447875977,-6.5807952880859375,7.298521518707275,19.48272132873535,18.057251270073316,-0.08894339203834534,0.12006711959838867,0.1494223550742678
1386,1,0,4.130491256713867,label_Tbl,label_Tbl,0.9999628067016602,2.887207508087158,3.0197346210479736,2.908782720565796,2.8304526805877686,-0.06030076742172241,-1.0,0.0,0.0,0.0,0.0,1.0,-0.1292632818222046,0.13224291801452637,-312.8416748046875,129.32766723632812,436.26470947265625,552.1978759765625,338.51965822887195,-0.1292632818222046,0.13224291801452637,0.1849248101051977
1386,2,14,2.7014424800872803,label_Tbl,label_Tbl,0.9999628067016602,-1.1253808736801147,-0.8505963087081909,-1.103805661201477,-1.0398778915405273,0.1374812126159668,0.0,0.0,0.0,1.0,0.0,0.0,0.11543571949005127,-0.20397067070007324,-0.8185428380966187,0.7299014925956726,1.8980404138565063,2.192105293273926,1.0967080590078009,0.11543571949005127,-0.20397067070007324,0.23437030494502395
1386,3,10,2.588315725326538,label_Tbl,label_Tbl,0.9999628067016602,-0.41769763827323914,-0.03897268697619438,-0.3961222171783447,-0.22825421392917633,0.5453498959541321,0.0,0.0,1.0,0.0,0.0,0.0,0.2832285165786743,0.1813960075378418,-2.8386476039886475,1.0132410526275635,6.305576801300049,6.988911151885986,3.0140633122680587,0.2832285165786743,0.1813960075378418,0.33633748550232273
1386,4,13,2.516559600830078,label_Tbl,label_Tbl,0.9999628067016602,-0.9714823365211487,-0.6990728974342346,-0.9499068856239319,-0.8883544206619263,0.24830931425094604,0.0,0.0,0.0,1.0,0.0,0.0,0.11151456832885742,-0.2371687889099121,-0.9890732765197754,0.9427302479743958,2.3540701866149902,2.721884250640869,1.366384377388526,0.11151456832885742,-0.2371687889099121,0.2620773423677939
1386,5,1,2.4845364093780518,label_Tbl,label_Tbl,0.9999628067016602,1.9875218868255615,2.294718027114868,2.009097099304199,2.105436325073242,0.12474220991134644,0.0,0.0,1.0,0.0,0.0,0.0,0.1685166358947754,-0.15826845169067383,-72.65349578857422,59.05465316772461,172.20384216308594,196.0105743408203,93.62682580895616,0.1685166358947754,-0.15826845169067383,0.23118555182765088
1386,6,11,2.477639675140381,label_Tbl,label_Tbl,0.9999628067016602,-0.4844515919685364,-0.5331459641456604,-0.46287640929222107,-0.7224277257919312,1.8271076679229736,0.0,0.0,1.0,0.0,0.0,0.0,-0.49560707807540894,-0.43096351623535156,-1.5821328163146973,2.2369580268859863,2.0964505672454834,3.449960947036743,2.7399134041990307,-0.49560707807540894,-0.43096351623535156,0.6567769242021089
1386,7,9,2.4531991481781006,label_Tbl,label_Tbl,0.9999628067016602,-0.25622883439064026,0.1570226103067398,-0.2346535623073578,-0.032259080559015274,0.9035506844520569,1.0,1.0,0.0,0.0,0.0,0.0,0.33192479610443115,-0.2668449878692627,-2.66888689994812,2.699439764022827,8.379734992980957,9.247175216674805,3.79604166524846,0.33192479610443115,-0.2668449878692627,0.4258876821650459
1386,8,12,2.4152908325195312,label_Tbl,label_Tbl,0.9999628067016602,-0.8635264039039612,-0.46534034609794617,-0.8419511914253235,-0.6546221375465393,0.7627447247505188,-1.0,1.0,0.0,0.0,0.0,0.0,0.31320416927337646,-0.2335355281829834,-1.1579906940460205,1.095731258392334,3.4475367069244385,3.8008627891540527,1.5942300455440024,0.31320416927337646,-0.2335355281829834,0.39068618426293356
1386,9,2,2.385058879852295,label_Tbl,label_Tbl,0.9999628067016602,1.9298350811004639,2.2031774520874023,1.951410174369812,2.0138957500457764,0.06532621383666992,0.0,0.0,0.0,1.0,0.0,0.0,0.11305582523345947,-0.18443894386291504,-65.46022033691406,56.11524963378906,148.8094482421875,171.98316955566406,86.22042500486646,0.11305582523345947,-0.18443894386291504,0.216331559492567
1386,10,8,2.1864211559295654,label_Tbl,label_Tbl,0.9999628067016602,-0.2104514092206955,0.06231100484728813,-0.18887615203857422,-0.12697085738182068,0.029409289360046387,-1.0,1.0,0.0,0.0,0.0,0.0,0.11192488670349121,-0.17455029487609863,-3.1027331352233887,2.6070098876953125,6.985296249389648,8.076960563659668,4.052586021660032,0.11192488670349121,-0.17455029487609863,0.2073523226417354
1386,11,5,2.1535418033599854,label_Tbl,label_Tbl,0.9999628067016602,0.2758467495441437,0.5419332981109619,0.29742202162742615,0.35265159606933594,0.27652305364608765,0.0,0.0,0.0,1.0,0.0,0.0,0.10105454921722412,-0.24943804740905762,-5.807049751281738,5.672552585601807,13.8174409866333,16.025646209716797,8.117861765901107,0.10105454921722412,-0.24943804740905762,0.2691307515181787
1386,12,6,2.1521153450012207,label_Tbl,label_Tbl,0.9999628067016602,0.14881056547164917,0.4159684479236603,0.17038573324680328,0.2266867607831955,0.2025051712989807,0.0,0.0,0.0,1.0,0.0,0.0,0.10282933712005615,-0.2285599708557129,-4.940995216369629,4.628963947296143,11.547966003417969,13.386420249938965,6.770579070770464,0.10282933712005615,-0.2285599708557129,0.2506262812438362
1386,13,7,2.1250853538513184,label_Tbl,label_Tbl,0.9999628067016602,0.05051450803875923,0.3021436035633087,0.0720897689461708,0.11286205798387527,-0.0595775842666626,0.0,0.0,0.0,1.0,0.0,0.0,0.07701325416564941,-0.16832423210144043,-4.5280442237854,3.756754159927368,9.73807430267334,11.37745475769043,5.883569181261313,0.07701325416564941,-0.16832423210144043,0.1851056142577056
1386,14,4,2.1146278381347656,label_Tbl,label_Tbl,0.9999628067016602,0.4936639964580536,0.75503009557724,0.5152392387390137,0.565748393535614,0.046537935733795166,0.0,0.0,0.0,1.0,0.0,0.0,0.09322428703308105,-0.18999576568603516,-8.372725486755371,7.258554458618164,18.690340042114258,21.728275299072266,11.08102634710741,0.09322428703308105,-0.18999576568603516,0.21163449310414656
1386,15,3,2.036720037460327,label_Tbl,label_Tbl,0.9999628067016602,1.0045273303985596,1.274890661239624,1.0261025428771973,1.085608959197998,0.05771571397781372,1.0,1.0,0.0,0.0,0.0,0.0,0.10806560516357422,-0.18520689010620117,-17.442607879638672,14.975788116455078,39.44972610473633,45.66227340698242,22.989536736345737,0.10806560516357422,-0.18520689010620117,0.21442893266110336
1387,1,0,4.253146171569824,label_Tbl,label_Tbl,0.7712481021881104,2.7978734970092773,2.8095555305480957,2.9116337299346924,2.9136741161346436,-0.5782092809677124,-1.0,0.0,0.0,0.0,0.0,1.0,0.03507596254348755,0.04294323921203613,100.85173034667969,280.3740539550781,-280.1407165527344,408.9737243652344,297.9608726747934,0.03507596254348755,0.04294323921203613,0.05544767752011169
1387,2,45,2.6752185821533203,label_Tbl,label_Tbl,0.7712481021881104,-1.2213555574417114,-0.8416508436203003,-1.107595443725586,-0.7375321984291077,2.0648996829986572,0.0,0.0,0.0,1.0,0.0,0.0,0.6822423934936523,-0.21799880266189575,0.5448188185691833,0.785799503326416,-2.0038506984710693,2.2202985286712646,0.9561947523884258,0.6822423934936523,-0.21799880266189575,0.7162249377409081
1387,3,15,2.587491512298584,label_Tbl,label_Tbl,0.7712481021881104,-0.010636591352522373,0.05045893043279648,0.10312352329492569,0.15457762777805328,0.8200390934944153,0.0,0.0,1.0,0.0,0.0,0.0,0.13447332382202148,0.3820338249206543,0.03344333916902542,5.391294956207275,-5.830778121948242,7.941357135772705,5.3913986832510155,0.13447332382202148,0.3820338249206543,0.4050097754415903
1387,4,31,2.530599594116211,label_Tbl,label_Tbl,0.7712481021881104,-0.6615293025970459,-0.8357532024383545,-0.5477691888809204,-0.7316345572471619,2.1320672035217285,0.0,0.0,0.0,1.0,0.0,0.0,-0.48092442750930786,-0.5531955361366272,1.7198936939239502,1.2523248195648193,-0.6979578137397766,2.239084005355835,2.1275224492581573,-0.48092442750930786,-0.5531955361366272,0.7330167843758053
1387,5,44,2.42734432220459,label_Tbl,label_Tbl,0.7712481021881104,-1.1743788719177246,-1.374466896057129,-1.0606187582015991,-1.2703481912612915,1.7427258491516113,0.0,0.0,0.0,1.0,0.0,0.0,-0.6346865892410278,-0.03555035591125488,0.42049548029899597,0.9321085810661316,-0.1733083873987198,1.0371493101119995,1.0225667977442845,-0.6346865892410278,-0.03555035591125488,0.6356814409496522
1387,6,41,2.4180519580841064,label_Tbl,label_Tbl,0.7712481021881104,-1.0628951787948608,-0.7896934747695923,-0.949134886264801,-0.6855747699737549,1.9297044277191162,0.0,0.0,0.0,1.0,0.0,0.0,0.5102856159210205,0.4531158208847046,-0.07774224132299423,1.196585774421692,-2.0690066814422607,2.3913700580596924,1.1991085737472995,0.5102856159210205,0.4531158208847046,0.6824260816761878
1387,7,42,2.407006025314331,label_Tbl,label_Tbl,0.7712481021881104,-1.0996990203857422,-1.3029266595840454,-0.9859387874603271,-1.1988080739974976,1.867757797241211,0.0,0.0,0.0,1.0,0.0,0.0,-0.6640416979789734,-0.0621037483215332,0.49520570039749146,1.024262547492981,-0.15902504324913025,1.1487520933151245,1.1376917209433235,-0.6640416979789734,-0.0621037483215332,0.6669394666762363
1387,8,40,2.3452682495117188,label_Tbl,label_Tbl,0.7712481021881104,-0.9380117654800415,-1.1407018899917603,-0.8242514729499817,-1.0365830659866333,1.9013278484344482,0.0,0.0,0.0,1.0,0.0,0.0,-0.658600389957428,-0.14939463138580322,0.7340002059936523,1.23110032081604,-0.2082233875989914,1.448351263999939,1.4333053765028863,-0.658600389957428,-0.14939463138580322,0.6753319402626949
1387,9,18,2.3410439491271973,label_Tbl,label_Tbl,0.7712481021881104,-0.08752378076314926,-0.27124035358428955,0.026236247271299362,-0.16712164878845215,1.4184346199035645,0.0,0.0,1.0,0.0,0.0,0.0,-0.5276157855987549,-0.17091619968414307,2.562469482421875,4.094903469085693,-1.3489937782287598,5.015402793884277,4.830578047136127,-0.5276157855987549,-0.17091619968414307,0.5546086589005451
1387,10,29,2.3057210445404053,label_Tbl,label_Tbl,0.7712481021881104,-0.5506958961486816,-0.21815477311611176,-0.4369359016418457,-0.11403598636388779,1.677694320678711,0.0,0.0,1.0,0.0,0.0,0.0,0.6069787740707397,0.12354075908660889,0.6520815491676331,2.4057042598724365,-4.802228927612305,5.410547733306885,2.4925134568810754,0.6069787740707397,0.12354075908660889,0.619423563749486
1387,11,27,2.3047831058502197,label_Tbl,label_Tbl,0.7712481021881104,-0.41968834400177,-0.5353279113769531,-0.30592823028564453,-0.4312094748020172,0.501975953578949,-1.0,1.0,0.0,0.0,0.0,0.0,-0.27409541606903076,-0.1755506992340088,1.6061158180236816,2.5403635501861572,-1.6660505533218384,3.4392237663269043,3.005504115455558,-0.27409541606903076,-0.1755506992340088,0.3254940016522647
1387,12,46,2.294203281402588,label_Tbl,label_Tbl,0.7712481021881104,-1.226083517074585,-1.3902705907821655,-1.112323522567749,-1.2861518859863281,1.1850330829620361,0.0,0.0,0.0,1.0,0.0,0.0,-0.4376175105571747,-0.23401540517807007,0.5535825490951538,0.7717428207397461,-0.3551725745201111,1.0139961242675781,0.949758190291628,-0.4376175105571747,-0.23401540517807007,0.49625829505098973
1387,13,43,2.2264091968536377,label_Tbl,label_Tbl,0.7712481021881104,-1.138938069343567,-0.9919155240058899,-1.0251779556274414,-0.8877969980239868,1.184128999710083,0.0,0.0,0.0,1.0,0.0,0.0,0.2942509651184082,-0.39932990074157715,0.762262761592865,0.7589636445045471,-1.4324513673782349,1.7913646697998047,1.0756720370962543,0.2942509651184082,-0.39932990074157715,0.4960322571157974
1387,14,21,2.2052364349365234,label_Tbl,label_Tbl,0.7712481021881104,-0.22162030637264252,-0.21532852947711945,-0.1078602746129036,-0.11120981723070145,-0.5231201648712158,1.0,1.0,0.0,0.0,0.0,0.0,0.023298203945159912,0.06518125534057617,1.2661919593811035,3.7821147441864014,-3.685682773590088,5.432436943054199,3.988437540716104,0.023298203945159912,0.06518125534057617,0.06921995633373121
1387,15,23,2.205186367034912,label_Tbl,label_Tbl,0.7712481021881104,-0.24710704386234283,-0.2359251230955124,-0.13334684073925018,-0.131806418299675,-0.04956555366516113,-1.0,1.0,0.0,0.0,0.0,0.0,0.027589261531829834,0.1855689287185669,0.7741023898124695,3.7671196460723877,-3.5764050483703613,5.274923324584961,3.8458321515294878,0.027589261531829834,0.1855689287185669,0.18760862095764222
1387,16,20,2.160949468612671,label_Tbl,label_Tbl,0.7712481021881104,-0.2051876038312912,-0.37431856989860535,-0.09142766147851944,-0.2701997756958008,1.3848881721496582,-1.0,1.0,0.0,0.0,0.0,0.0,-0.5398654937744141,-0.08308899402618408,1.8540394306182861,3.637974262237549,-1.088426113128662,4.328665256500244,4.083175105599834,-0.5398654937744141,-0.08308899402618408,0.5462220540188534
1388,1,0,4.1109538078308105,label_Tbl,label_Tbl,0.9999998807907104,2.768404245376587,2.563771963119507,2.8935048580169678,2.864558458328247,-0.05087077617645264,1.0,0.0,0.0,0.0,0.0,1.0,0.11225660145282745,0.1499103605747223,257.0140380859375,124.72134399414062,35.513065338134766,287.87640380859375,285.67749197468197,0.11225660145282745,0.1499103605747223,0.18728230236031965
1388,2,20,2.659468412399292,label_Tbl,label_Tbl,0.9999998807907104,-0.9140624403953552,-1.1193290948867798,-0.7889619469642639,-0.8185424208641052,0.14796286821365356,0.0,0.0,0.0,1.0,0.0,0.0,-0.12815964221954346,-0.19934821128845215,1.4754019975662231,0.1518145352602005,-0.17306724190711975,1.4932551383972168,1.4831920669753704,-0.12815964221954346,-0.19934821128845215,0.2369907239487376
1388,3,24,2.608309507369995,label_Tbl,label_Tbl,0.9999998807907104,-1.1885733604431152,-1.2298649549484253,-1.063472867012024,-0.9290783405303955,2.1493749618530273,0.0,0.0,0.0,1.0,0.0,0.0,0.7107372283935547,0.19628646969795227,0.8802502155303955,0.4787943661212921,0.7885923981666565,1.2751322984695435,1.002040162354183,0.7107372283935547,0.19628646969795227,0.7373437366730914
1388,4,2,2.608213186264038,label_Tbl,label_Tbl,0.9999998807907104,1.480284571647644,1.275277018547058,1.6053848266601562,1.5760637521743774,0.19635462760925293,-1.0,1.0,0.0,0.0,0.0,0.0,-0.13082192838191986,-0.2119688242673874,45.17953872680664,4.073328018188477,-5.414793968200684,45.68748474121094,45.3627900454853,-0.13082192838191986,-0.2119688242673874,0.24908865772423827
1388,5,19,2.5339255332946777,label_Tbl,label_Tbl,0.9999998807907104,-0.8020749092102051,-1.0075665712356567,-0.6769744157791138,-0.7067798376083374,0.10442972183227539,0.0,0.0,0.0,1.0,0.0,0.0,-0.12535274028778076,-0.18817880749702454,1.7292715311050415,0.19747966527938843,-0.1981748789548874,1.7517566680908203,1.740510915360554,-0.12535274028778076,-0.18817880749702454,0.2261074370485368
1388,6,1,2.5100011825561523,label_Tbl,label_Tbl,0.9999998807907104,1.705430030822754,1.5037015676498413,1.8305301666259766,1.8044884204864502,0.272217333316803,-1.0,0.0,0.0,0.0,1.0,0.0,-0.1657717227935791,-0.21064865589141846,62.31241989135742,5.700947284698486,-9.676512718200684,63.31645584106445,62.57266553903347,-0.1657717227935791,-0.21064865589141846,0.2680543234249589
1388,7,22,2.3778867721557617,label_Tbl,label_Tbl,0.9999998807907104,-1.1079226732254028,-1.3154994249343872,-0.9828225374221802,-1.0147124528884888,0.42170149087905884,0.0,0.0,0.0,1.0,0.0,0.0,-0.09499500691890717,-0.29027676582336426,1.1243284940719604,0.013051376678049564,-0.09372365474700928,1.1283035278320312,1.1244042427060272,-0.09499500691890717,-0.29027676582336426,0.3054253625951772
1388,8,21,2.3665359020233154,label_Tbl,label_Tbl,0.9999998807907104,-1.098265290260315,-1.186635136604309,-0.9731647968292236,-0.885848343372345,2.06068754196167,0.0,0.0,0.0,1.0,0.0,0.0,-0.6184514164924622,0.35914987325668335,0.8998870253562927,0.6998993158340454,-0.7348911166191101,1.35636305809021,1.140024434259881,-0.6184514164924622,0.35914987325668335,0.7151718576830499
1388,9,17,2.360919713973999,label_Tbl,label_Tbl,0.9999998807907104,-0.6239765882492065,-0.8268760442733765,-0.4988762438297272,-0.5260891318321228,0.14176052808761597,0.0,0.0,0.0,1.0,0.0,0.0,-0.1544114351272583,-0.1777334213256836,2.227496385574341,0.27797552943229675,-0.32135918736457825,2.267660140991211,2.2447740515940393,-0.1544114351272583,-0.1777334213256836,0.23544014176472214
1388,10,18,2.317725419998169,label_Tbl,label_Tbl,0.9999998807907104,-0.6731978058815002,-0.8034091591835022,-0.5480973124504089,-0.5026223063468933,2.0773003101348877,1.0,1.0,0.0,0.0,0.0,0.0,0.47089850902557373,-0.5437675714492798,2.0314409732818604,-0.5011839866638184,1.049507975578308,2.3449699878692627,2.0923522209266276,0.47089850902557373,-0.5437675714492798,0.7193250847581752
1388,11,10,2.311171770095825,label_Tbl,label_Tbl,0.9999998807907104,-0.13606703281402588,-0.33960455656051636,-0.01096653938293457,-0.03881797567009926,0.16434836387634277,1.0,1.0,0.0,0.0,0.0,0.0,-0.14430122077465057,-0.1931324601173401,4.480315208435059,0.489173024892807,-0.5992097854614258,4.548741340637207,4.506940715742472,-0.14430122077465057,-0.1931324601173401,0.24108709933970007
1388,12,14,2.278254508972168,label_Tbl,label_Tbl,0.9999998807907104,-0.5251467823982239,-0.7270362973213196,-0.40004652738571167,-0.42624974250793457,0.15882253646850586,-1.0,1.0,0.0,0.0,0.0,0.0,-0.1545286625623703,-0.18324759602546692,2.5669963359832764,0.30597710609436035,-0.3703956604003906,2.6152944564819336,2.58516772732553,-0.1545286625623703,-0.18324759602546692,0.23970562989305783
1388,13,15,2.226749897003174,label_Tbl,label_Tbl,0.9999998807907104,-0.5594938397407532,-0.7601067423820496,-0.43439343571662903,-0.45931991934776306,0.25310009717941284,0.0,0.0,0.0,1.0,0.0,0.0,-0.17587171494960785,-0.19591549038887024,2.447575330734253,0.26034218072891235,-0.4058142900466919,2.494611978530884,2.4613823454891306,-0.17587171494960785,-0.19591549038887024,0.26327502633867045
1388,14,16,2.2125797271728516,label_Tbl,label_Tbl,0.9999998807907104,-0.6040983200073242,-0.8039055466651917,-0.47899794578552246,-0.5031189918518066,0.42709213495254517,-1.0,1.0,0.0,0.0,0.0,0.0,-0.17197805643081665,-0.2540339529514313,2.306790590286255,0.11046529561281204,-0.3716515004634857,2.3433074951171875,2.3094340018645334,-0.17197805643081665,-0.2540339529514313,0.30677304501186403
1388,15,23,2.207043170928955,label_Tbl,label_Tbl,0.9999998807907104,-1.1581437587738037,-1.356549859046936,-1.0330432653427124,-1.0557631254196167,1.7678301334381104,0.0,0.0,0.0,1.0,0.0,0.0,-0.19424451887607574,0.6118648052215576,0.6392195820808411,0.8286656737327576,-0.19206707179546356,1.064038634300232,1.0465603054475983,-0.19424451887607574,0.6118648052215576,0.6419575320706291
1388,16,4,2.1764767169952393,label_Tbl,label_Tbl,0.9999998807907104,0.721574604511261,0.5186966061592102,0.846674919128418,0.8194833397865295,0.1853485107421875,0.0,0.0,0.0,1.0,0.0,0.0,-0.15462881326675415,-0.19176003336906433,15.252520561218262,1.6864975690841675,-2.2002100944519043,15.502406120300293,15.345476777243274,-0.15462881326675415,-0.19176003336906433,0.2463371273072522
1404,1,0,4.177798271179199,label_Tbl,label_Tbl,1.0,2.6844642162323,2.474510431289673,2.7368037700653076,2.686495304107666,0.5170106291770935,-1.0,0.0,0.0,0.0,0.0,1.0,-0.2571125626564026,-0.20567071437835693,-27.390365600585938,251.91006469726562,2.9243502616882324,253.4116668701172,253.3947766302895,-0.2571125626564026,-0.20567071437835693,0.3292526577396851
1404,2,1,2.915656566619873,label_Tbl,label_Tbl,1.0,2.1571106910705566,2.006136894226074,2.2094504833221436,2.2181217670440674,0.12957745790481567,0.0,0.0,1.0,0.0,0.0,0.0,0.1708892434835434,0.15749287605285645,-54.182552337646484,106.27882385253906,-51.129756927490234,129.7890167236328,119.29349260249205,0.1708892434835434,0.15749287605285645,0.2323943621213264
1404,3,2,2.5777697563171387,label_Tbl,label_Tbl,1.0,1.5694535970687866,1.4218319654464722,1.6217933893203735,1.6338165998458862,0.19122588634490967,-1.0,1.0,0.0,0.0,0.0,0.0,0.18279491364955902,0.1673142910003662,-23.852346420288086,45.67211151123047,-22.753067016601562,56.32780838012695,51.52549077541815,0.18279491364955902,0.1673142910003662,0.24780648181414658
1404,4,9,2.5766754150390625,label_Tbl,label_Tbl,1.0,-0.04078305885195732,-0.19000692665576935,0.011556672863662243,0.021977806463837624,0.18674099445343018,1.0,1.0,0.0,0.0,0.0,0.0,0.17642171680927277,0.17242097854614258,-2.413944959640503,4.5652174949646,-2.244492769241333,5.632545471191406,5.164139913335486,0.17642171680927277,0.17242097854614258,0.24668525696672794
1404,5,28,2.571631669998169,label_Tbl,label_Tbl,1.0,-1.2788885831832886,-1.1669546365737915,-1.2265487909317017,-0.9549697637557983,2.3690547943115234,1.0,1.0,0.0,0.0,0.0,0.0,0.7819204926490784,-0.12760138511657715,-0.16320040822029114,0.8654956817626953,-1.0728163719177246,1.3950382471084595,0.880748061816285,0.7819204926490784,-0.12760138511657715,0.7922636999814181
1404,6,20,2.559312582015991,label_Tbl,label_Tbl,1.0,-0.5274798274040222,-0.6744173765182495,-0.4751400351524353,-0.46243247389793396,0.15335124731063843,-1.0,1.0,0.0,0.0,0.0,0.0,0.18227283656597137,0.1535627841949463,-1.1612337827682495,2.300049304962158,-1.136311650276184,2.8194634914398193,2.576565680028197,0.18227283656597137,0.1535627841949463,0.23833781831574477
1404,7,13,2.5582008361816406,label_Tbl,label_Tbl,1.0,-0.17407724261283875,-0.31965401768684387,-0.12173742800951004,-0.10766935348510742,0.1580159068107605,1.0,1.0,0.0,0.0,0.0,0.0,0.1889813095331192,0.14713335037231445,-1.899340271949768,3.822908878326416,-1.9139305353164673,4.6802496910095215,4.268738193030483,0.1889813095331192,0.14713335037231445,0.23950398356736127
1404,8,22,2.5412001609802246,label_Tbl,label_Tbl,1.0,-0.6591027975082397,-0.553600549697876,-0.6067628860473633,-0.34161561727523804,2.3121259212493896,0.0,0.0,0.0,1.0,0.0,0.0,0.7765329480171204,0.04826521873474121,-0.7565500140190125,1.9963653087615967,-2.5823898315429688,3.3506088256835938,2.134910389158981,0.7765329480171204,0.04826521873474121,0.7780314586799638
1404,9,26,2.530658006668091,label_Tbl,label_Tbl,1.0,-1.0426570177078247,-1.2057452201843262,-0.9903174042701721,-0.9937604069709778,-0.140178382396698,1.0,1.0,0.0,0.0,0.0,0.0,0.1084354966878891,0.12430620193481445,-0.523810625076294,1.117620825767517,-0.44612929224967957,1.3198351860046387,1.234282739542316,0.1084354966878891,0.12430620193481445,0.16495541452588963
1404,10,19,2.4832653999328613,label_Tbl,label_Tbl,1.0,-0.47297343611717224,-0.6115943193435669,-0.420633465051651,-0.39960959553718567,1.0795905590057373,1.0,1.0,0.0,0.0,0.0,0.0,0.182594433426857,0.4329700469970703,-1.8922754526138306,2.043696641921997,-1.2293070554733276,3.08420467376709,2.7852113659053104,0.182594433426857,0.4329700469970703,0.46989763642214694
1404,11,23,2.465883731842041,label_Tbl,label_Tbl,1.0,-0.8647627830505371,-1.019773006439209,-0.8124231100082397,-0.8077881932258606,-0.08778136968612671,0.0,0.0,0.0,1.0,0.0,0.0,0.1560126692056656,0.08581089973449707,-0.6194144487380981,1.4659239053726196,-0.656405508518219,1.7214747667312622,1.5914167133872998,0.1560126692056656,0.08581089973449707,0.17805466426331085
1404,12,8,2.465277910232544,label_Tbl,label_Tbl,1.0,0.194030299782753,0.04183373227715492,0.2463701218366623,0.253818541765213,0.18318498134613037,1.0,1.0,0.0,0.0,0.0,0.0,0.1660270243883133,0.18124794960021973,-3.4322876930236816,6.354710102081299,-3.0573811531066895,7.844106197357178,7.222391521454368,0.1660270243883133,0.18124794960021973,0.24579624094261768
1404,13,14,2.4610447883605957,label_Tbl,label_Tbl,1.0,-0.20526738464832306,-0.3594065010547638,-0.1529277265071869,-0.14742159843444824,0.20425313711166382,0.0,0.0,0.0,1.0,0.0,0.0,0.15926460921764374,0.19408130645751953,-1.9861600399017334,3.5670278072357178,-1.698350191116333,4.421867370605469,4.082709771915622,0.15926460921764374,0.19408130645751953,0.25106327741329754
1404,14,17,2.458430528640747,label_Tbl,label_Tbl,1.0,-0.3972512483596802,-0.5493789911270142,-0.3449114263057709,-0.33739423751831055,0.08360826969146729,-1.0,1.0,0.0,0.0,0.0,0.0,0.1644820123910904,0.14745640754699707,-1.381730318069458,2.7788329124450684,-1.3085254430770874,3.3708767890930176,3.103399914152262,0.1644820123910904,0.14745640754699707,0.22090206999231335
1404,15,3,2.4399518966674805,label_Tbl,label_Tbl,1.0,1.1129378080368042,0.9663498997688293,1.1652776002883911,1.1783344745635986,0.23587578535079956,1.0,1.0,0.0,0.0,0.0,0.0,0.1865035444498062,0.17967009544372559,-12.71808910369873,23.63602638244629,-11.961346626281738,29.385452270507812,26.840483110430732,0.1865035444498062,0.17967009544372559,0.2589689465729401
1404,16,4,2.4216034412384033,label_Tbl,label_Tbl,1.0,1.015017032623291,0.8693796992301941,1.067356824874878,1.0813645124435425,0.2306881546974182,1.0,1.0,0.0,0.0,0.0,0.0,0.1894017606973648,0.17470502853393555,-10.955656051635742,20.605148315429688,-10.473962783813477,25.5841007232666,23.33663507497595,0.1894017606973648,0.17470502853393555,0.2576720278771157
1410,1,0,4.345274925231934,label_Tbl,label_Tbl,1.0,3.0321266651153564,2.8444955348968506,3.0741565227508545,3.0692591667175293,-0.2456945776939392,-1.0,0.0,0.0,0.0,1.0,0.0,0.09206035733222961,-0.10357749462127686,172.95166015625,378.766357421875,-106.96920776367188,429.9053649902344,416.38471425526484,0.09206035733222961,-0.10357749462127686,0.13857635723368703
1410,2,20,2.712524652481079,label_Tbl,label_Tbl,1.0,-1.1173676252365112,-1.3236957788467407,-1.0753376483917236,-1.0989320278167725,0.8052462935447693,0.0,0.0,0.0,1.0,0.0,0.0,-0.26460933685302734,0.30171656608581543,0.025567932054400444,1.1090401411056519,0.11392250657081604,1.1151690483093262,1.1093348248987691,-0.26460933685302734,0.30171656608581543,0.4013115839349957
1410,3,1,2.5379772186279297,label_Tbl,label_Tbl,1.0,1.1235768795013428,0.9154837131500244,1.16560697555542,1.1402473449707031,0.6858355402946472,-1.0,0.0,0.0,0.0,1.0,0.0,-0.23593738675117493,0.286906361579895,1.0315032005310059,27.232011795043945,2.01416015625,27.32587242126465,27.251540603388246,-0.23593738675117493,0.286906361579895,0.37145889514451924
1410,4,4,2.4911704063415527,label_Tbl,label_Tbl,1.0,0.6506046652793884,0.4406481087207794,0.692634642124176,0.6654117703437805,0.49019259214401245,0.0,0.0,1.0,0.0,0.0,0.0,-0.17322537302970886,0.2720850706100464,0.7301408648490906,13.846701622009277,0.15434220433235168,13.86679744720459,13.865938536264933,-0.17322537302970886,0.2720850706100464,0.32254815998569225
1410,5,14,2.414914131164551,label_Tbl,label_Tbl,1.0,-0.5796849727630615,-0.7861068248748779,-0.5376551747322083,-0.561343252658844,0.6938397288322449,0.0,0.0,0.0,1.0,0.0,0.0,-0.26328960061073303,0.2648601531982422,0.14317454397678375,2.3871095180511475,0.24241100251674652,2.4036543369293213,2.3913993395527524,-0.26328960061073303,0.2648601531982422,0.3734599236088869
1410,6,18,2.3750133514404297,label_Tbl,label_Tbl,1.0,-1.0429130792617798,-1.246064305305481,-1.0008829832077026,-1.0213006734848022,0.8848887085914612,0.0,0.0,0.0,1.0,0.0,0.0,-0.3022071123123169,0.2934262752532959,0.03866233676671982,1.2332254648208618,0.17344146966934204,1.2459622621536255,1.2338313593708397,-0.3022071123123169,0.2934262752532959,0.4212221714738818
1410,7,11,2.333693504333496,label_Tbl,label_Tbl,1.0,0.024302875623106956,-0.1819620281457901,0.0663326233625412,0.042801711708307266,0.7056204676628113,-1.0,1.0,0.0,0.0,0.0,0.0,-0.2625362277030945,0.26973235607147217,0.31173986196517944,5.658751487731934,0.570193886756897,5.697652816772461,5.667331836185917,-0.2625362277030945,0.26973235607147217,0.3764051205396102
1410,8,17,2.313619375228882,label_Tbl,label_Tbl,1.0,-0.9519873261451721,-1.1550076007843018,-0.9099574089050293,-0.9302439093589783,0.7294614911079407,0.0,0.0,0.0,1.0,0.0,0.0,-0.30354464054107666,0.23251652717590332,0.12942510843276978,1.3989992141723633,0.19939695298671722,1.419052004814148,1.4049731883376722,-0.30354464054107666,0.23251652717590332,0.38236538050816526
1410,9,10,2.308856964111328,label_Tbl,label_Tbl,1.0,0.028105782344937325,-0.17905516922473907,0.07013577967882156,0.045708656311035156,0.7101545929908752,1.0,1.0,0.0,0.0,0.0,0.0,-0.24884483218193054,0.2839219570159912,0.2326764017343521,5.69345235824585,0.4949410557746887,5.721362113952637,5.698204810599499,-0.24884483218193054,0.2839219570159912,0.37753864461726766
1410,10,19,2.3067028522491455,label_Tbl,label_Tbl,1.0,-1.0634812116622925,-1.2685644626617432,-1.0214512348175049,-1.043800950050354,0.9295716881752014,0.0,0.0,0.0,1.0,0.0,0.0,-0.2807568907737732,0.3288452625274658,-0.0048866611905395985,1.1980948448181152,0.1425037831068039,1.206549882888794,1.1981048103723375,-0.2807568907737732,0.3288452625274658,0.43239292131545626
1410,11,15,2.291860580444336,label_Tbl,label_Tbl,1.0,-0.6070306897163391,-0.8150847554206848,-0.5650008916854858,-0.5903212428092957,0.7978630661964417,0.0,0.0,0.0,1.0,0.0,0.0,-0.23669329285621643,0.32179057598114014,0.0068441713228821754,2.299769401550293,0.17171981930732727,2.3061816692352295,2.299779585740357,-0.23669329285621643,0.32179057598114014,0.3994657553200181
1410,12,12,2.271888256072998,label_Tbl,label_Tbl,1.0,-0.3934847116470337,-0.6008780598640442,-0.3514549732208252,-0.3761143982410431,0.6540206074714661,0.0,0.0,0.0,1.0,0.0,0.0,-0.248447448015213,0.26534855365753174,0.18528375029563904,3.1146373748779297,0.2697683870792389,3.131783962249756,3.1201435936684225,-0.248447448015213,0.26534855365753174,0.36350514350338425
1410,13,2,2.26884388923645,label_Tbl,label_Tbl,1.0,1.0056710243225098,0.8016142845153809,1.0477008819580078,1.0263779163360596,0.7690277695655823,1.0,1.0,0.0,0.0,0.0,0.0,-0.2908359467983246,0.26321089267730713,1.4165558815002441,22.9835147857666,2.9727401733398438,23.223466873168945,23.02712709985692,-0.2908359467983246,0.26321089267730713,0.39225695911489294
1410,14,8,2.2378735542297363,label_Tbl,label_Tbl,1.0,0.2878418564796448,0.08110899478197098,0.32987168431282043,0.30587247014045715,0.7400791049003601,1.0,1.0,0.0,0.0,0.0,0.0,-0.2573043704032898,0.28641700744628906,0.3166196942329407,8.252096176147461,0.7874471545219421,8.29680061340332,8.258168037232211,-0.2573043704032898,0.28641700744628906,0.3850197932355179
1410,15,3,2.229557752609253,label_Tbl,label_Tbl,1.0,0.7936855554580688,0.5873115062713623,0.8357153534889221,0.812075138092041,0.7388644814491272,1.0,1.0,0.0,0.0,0.0,0.0,-0.2636370062828064,0.2801821231842041,0.7581571936607361,16.993694305419922,1.7302677631378174,17.098939895629883,17.010598122240175,-0.2636370062828064,0.2801821231842041,0.3847161203196053
1410,16,5,2.212662935256958,label_Tbl,label_Tbl,1.0,0.5889223217964172,0.38312676548957825,0.6309521794319153,0.6078904271125793,0.7163154482841492,-1.0,1.0,0.0,0.0,0.0,0.0,-0.26474064588546753,0.2713174819946289,0.6782876253128052,12.678257942199707,1.3055241107940674,12.77287769317627,12.696389193451909,-0.26474064588546753,0.2713174819946289,0.3790788646439686
1412,1,0,4.127763271331787,label_Tbl,label_Tbl,1.0,2.6850650310516357,3.200218439102173,2.7749571800231934,2.8869969844818115,0.16544461250305176,-1.0,0.0,0.0,0.0,1.0,0.0,0.1800084114074707,-0.16078612208366394,224.83998107910156,-117.32964324951172,-668.095947265625,714.61279296875,253.61242532003126,0.1800084114074707,-0.16078612208366394,0.2413611510416374
1412,2,14,2.6127195358276367,label_Tbl,label_Tbl,1.0,-0.8710719347000122,-0.6085219979286194,-0.7811797261238098,-0.9217436909675598,0.3038594126701355,0.0,0.0,0.0,1.0,0.0,0.0,-0.219962477684021,0.16665266454219818,1.558587670326233,-0.2411797195672989,-2.6662375926971436,3.097771167755127,1.5771376551282754,-0.219962477684021,0.16665266454219818,0.27596485679866534
1412,3,1,2.419698715209961,label_Tbl,label_Tbl,1.0,2.165860414505005,2.435845136642456,2.2557525634765625,2.1226236820220947,0.22880655527114868,1.0,0.0,0.0,0.0,0.0,1.0,-0.20764505863189697,0.15177686512470245,119.08523559570312,-20.245769500732422,-207.14682006835938,239.79367065429688,120.79397551020872,-0.20764505863189697,0.15177686512470245,0.25720164688688535
1412,4,3,2.377392292022705,label_Tbl,label_Tbl,1.0,1.321775197982788,1.5858336687088013,1.4116674661636353,1.2726120948791504,0.279796302318573,-1.0,1.0,0.0,0.0,0.0,0.0,-0.21748757362365723,0.1599114090204239,35.70720672607422,-5.772157669067383,-61.32463073730469,71.1988525390625,36.17073978141964,-0.21748757362365723,0.1599114090204239,0.26994907559686704
1412,5,2,2.3309836387634277,label_Tbl,label_Tbl,1.0,1.430571436882019,1.6901334524154663,1.5204637050628662,1.3769118785858154,0.24674314260482788,1.0,1.0,0.0,0.0,0.0,0.0,-0.22494637966156006,0.1337108016014099,41.52048873901367,-7.833184242248535,-71.01814270019531,82.6385498046875,42.25292605843496,-0.22494637966156006,0.1337108016014099,0.2616857890442932
1412,6,13,2.3273680210113525,label_Tbl,label_Tbl,1.0,-0.5485348105430603,-0.36772212386131287,-0.4586426615715027,-0.6809437870979309,0.8072435259819031,0.0,0.0,0.0,1.0,0.0,0.0,-0.358772873878479,0.1809253990650177,2.4760184288024902,-0.3470367193222046,-3.5836756229400635,4.3696489334106445,2.5002203391556255,-0.358772873878479,0.1809253990650177,0.40181086976071084
1412,7,15,2.3066601753234863,label_Tbl,label_Tbl,1.0,-0.8780918717384338,-0.5245618224143982,-0.7881996035575867,-0.8377835154533386,2.2712392807006836,0.0,0.0,0.0,1.0,0.0,0.0,-0.07198631763458252,-0.7644277811050415,0.729582667350769,-1.380463719367981,-3.124065637588501,3.4925286769866943,1.5614003166997061,-0.07198631763458252,-0.7644277811050415,0.7678097827273135
1412,8,17,2.29685640335083,label_Tbl,label_Tbl,1.0,-1.1385782957077026,-0.9265452027320862,-1.048686146736145,-1.2397667169570923,0.7363935112953186,0.0,0.0,0.0,1.0,0.0,0.0,-0.30495190620422363,0.2335292249917984,1.0721874237060547,-0.09313636273145676,-1.6461174488067627,1.966713786125183,1.076225001389706,-0.30495190620422363,0.2335292249917984,0.38409837805288843
1412,9,12,2.251966953277588,label_Tbl,label_Tbl,1.0,-0.5255416631698608,-0.29147595167160034,-0.43564948439598083,-0.6046977639198303,0.4565679430961609,0.0,0.0,0.0,1.0,0.0,0.0,-0.2675912380218506,0.16456039249897003,2.552488327026367,-0.4004485011100769,-4.1310577392578125,4.872493267059326,2.5837096705410167,-0.2675912380218506,0.16456039249897003,0.314141995673106
1412,10,16,2.242131471633911,label_Tbl,label_Tbl,1.0,-1.102156400680542,-0.9436967968940735,-1.0122641324996948,-1.2569183111190796,1.2854959964752197,0.0,0.0,0.0,1.0,0.0,0.0,-0.39802348613739014,-0.3367612659931183,0.8977416157722473,-0.6923485398292542,-1.5484503507614136,1.9191104173660278,1.1337047716637103,-0.39802348613739014,-0.3367612659931183,0.5213739979997554
1412,11,11,2.1784496307373047,label_Tbl,label_Tbl,1.0,-0.09729645401239395,0.1657242476940155,-0.00740437489002943,-0.14749737083911896,0.28927916288375854,-1.0,1.0,0.0,0.0,0.0,0.0,-0.21931016445159912,0.1614345759153366,4.703712463378906,-0.7530167698860168,-8.059242248535156,9.362842559814453,4.763606322302005,-0.21931016445159912,0.1614345759153366,0.27231979460324224
1412,12,10,2.1597816944122314,label_Tbl,label_Tbl,1.0,0.07956882566213608,0.34929969906806946,0.16946081817150116,0.03607826307415962,0.0748593807220459,-1.0,1.0,0.0,0.0,0.0,0.0,-0.20814073085784912,0.0671834647655487,5.937685966491699,-1.5350911617279053,-10.511157989501953,12.170313835144043,6.132912808078034,-0.20814073085784912,0.0671834647655487,0.21871484124298313
1412,13,6,2.0637426376342773,label_Tbl,label_Tbl,1.0,0.46887120604515076,0.7206338047981262,0.5587632656097412,0.40741220116615295,0.3798697590827942,0.0,0.0,0.0,1.0,0.0,0.0,-0.2379159927368164,0.17436103522777557,10.58191967010498,-1.554047703742981,-17.706932067871094,20.68640899658203,10.695423702222532,-0.2379159927368164,0.17436103522777557,0.2949674392295639
1412,14,5,2.0570340156555176,label_Tbl,label_Tbl,1.0,0.6450788378715515,0.8877339363098145,0.7349709272384644,0.5745123028755188,0.3825252652168274,0.0,0.0,0.0,1.0,0.0,0.0,-0.25315260887145996,0.15268146991729736,13.564385414123535,-2.2934682369232178,-22.37262535095215,26.263795852661133,13.756909108395789,-0.25315260887145996,0.15268146991729736,0.29563131538207005
1412,15,7,2.055629014968872,label_Tbl,label_Tbl,1.0,0.3337821662425995,0.5940232872962952,0.4236745834350586,0.2808014750480652,0.29916197061538696,0.0,0.0,0.0,1.0,0.0,0.0,-0.22379708290100098,0.1594511717557907,8.704667091369629,-1.411242127418518,-14.841550827026367,17.263675689697266,8.818323736049507,-0.22379708290100098,0.1594511717557907,0.27479048471388556
1412,16,4,2.0352156162261963,label_Tbl,label_Tbl,1.0,0.7052891850471497,0.9769914746284485,0.795181393623352,0.6637698411941528,0.2830581068992615,0.0,0.0,0.0,1.0,0.0,0.0,-0.20480573177337646,0.17711025476455688,14.839414596557617,-2.1376380920410156,-25.79505729675293,29.835594177246094,14.992588908559856,-0.20480573177337646,0.17711025476455688,0.27076452889917924
1414,1,0,4.221970558166504,label_Tbl,label_Tbl,0.9865466356277466,3.128453493118286,3.2922351360321045,2.9505434036254883,2.952930450439453,-0.401457279920578,-1.0,0.0,0.0,0.0,0.0,1.0,0.017940402030944824,-0.0980072021484375,-458.0259094238281,136.07940673828125,-660.2473754882812,815.0042724609375,477.8130791865867,0.017940402030944824,-0.0980072021484375,0.09963568486238564
1414,2,38,2.811295509338379,label_Tbl,label_Tbl,0.9865466356277466,-0.49114400148391724,-0.23902958631515503,-0.6690540313720703,-0.578334629535675,1.7090344429016113,0.0,0.0,1.0,0.0,0.0,0.0,0.16923105716705322,0.6039984822273254,-2.4854347705841064,-1.0897513628005981,-4.496015548706055,5.251580715179443,2.7138430373833766,0.16923105716705322,0.6039984822273254,0.6272585728730945
1414,3,67,2.7197625637054443,label_Tbl,label_Tbl,0.9865466356277466,-1.292899489402771,-0.6583067774772644,-1.4708096981048584,-0.997611939907074,2.2635905742645264,-1.0,1.0,0.0,0.0,0.0,0.0,0.7658812999725342,0.004997968673706055,-0.848438024520874,0.159469336271286,-2.749377965927124,2.885106086730957,0.863294590892175,0.7658812999725342,0.004997968673706055,0.7658976076072325
1414,4,36,2.6870603561401367,label_Tbl,label_Tbl,0.9865466356277466,-0.41330868005752563,-0.09774380922317505,-0.5912187695503235,-0.43704870343208313,1.9980645179748535,0.0,0.0,1.0,0.0,0.0,0.0,0.2735089063644409,0.6438289284706116,-2.727048635482788,-1.3275617361068726,-5.665279865264893,6.426088333129883,3.033020676398964,0.2735089063644409,0.6438289284706116,0.6995161263304002
1414,5,68,2.4588983058929443,label_Tbl,label_Tbl,0.9865466356277466,-1.3494657278060913,-1.2647556066513062,-1.5273756980895996,-1.6040607690811157,2.1478140354156494,1.0,1.0,0.0,0.0,0.0,0.0,-0.13511919975280762,0.7244606614112854,-0.6855499148368835,-0.40506598353385925,-0.9045188426971436,1.2131328582763672,0.7962770477347134,-0.13511919975280762,0.7244606614112854,0.7369534911202444
1414,6,66,2.3338749408721924,label_Tbl,label_Tbl,0.9865466356277466,-1.2807286977767944,-1.4100844860076904,-1.4586387872695923,-1.7493895292282104,2.3260891437530518,0.0,0.0,0.0,1.0,0.0,0.0,-0.6201441287994385,-0.4756031036376953,-0.690501868724823,0.5430070757865906,-0.44715601205825806,0.9856967329978943,0.8784358343480626,-0.6201441287994385,-0.4756031036376953,0.781522266268993
1414,7,28,2.3227171897888184,label_Tbl,label_Tbl,0.9865466356277466,-0.2562148869037628,-0.3615967333316803,-0.4341250956058502,-0.7009015679359436,2.2098255157470703,0.0,0.0,1.0,0.0,0.0,0.0,-0.5489833354949951,0.5145948529243469,-3.5988354682922363,-1.2078450918197632,-2.2406325340270996,4.408053874969482,3.796117291874856,-0.5489833354949951,0.5145948529243469,0.7524563544202684
1414,8,6,2.2400715351104736,label_Tbl,label_Tbl,0.9865466356277466,0.5506170392036438,0.7326599359512329,0.3727071285247803,0.393355131149292,0.6724441647529602,0.0,0.0,1.0,0.0,0.0,0.0,0.049929261207580566,0.36470919847488403,-11.838944435119629,-2.0800740718841553,-17.27424430847168,21.044876098632812,12.020287579021343,0.049929261207580566,0.36470919847488403,0.368111030229912
1414,9,51,2.2083523273468018,label_Tbl,label_Tbl,0.9865466356277466,-0.9019613862037659,-0.4165080189704895,-1.0798715353012085,-0.7558130025863647,1.4100375175476074,-1.0,1.0,0.0,0.0,0.0,0.0,0.5404102802276611,-0.11499261856079102,-1.4390541315078735,0.45428067445755005,-3.7832276821136475,4.075479984283447,1.5090552423935601,0.5404102802276611,-0.11499261856079102,0.5525093422732387
1414,10,10,2.0555202960968018,label_Tbl,label_Tbl,0.9865466356277466,0.3619006276130676,0.30993548035621643,0.18399052321910858,-0.029369497671723366,0.8482601046562195,-1.0,1.0,0.0,0.0,0.0,0.0,-0.4120413064956665,0.0044209957122802734,-9.02080249786377,1.70090651512146,-6.933480262756348,11.504807472229004,9.17975820371364,-0.4120413064956665,0.0044209957122802734,0.4120650233418796
1414,11,33,2.0241167545318604,label_Tbl,label_Tbl,0.9865466356277466,-0.37479978799819946,-0.02651963196694851,-0.5527098774909973,-0.36582478880882263,1.2289338111877441,0.0,0.0,0.0,1.0,0.0,0.0,0.32618141174316406,-0.38844752311706543,-2.681830644607544,1.7541172504425049,-6.3517656326293945,7.114356517791748,3.2045503482791604,0.32618141174316406,-0.38844752311706543,0.5072334685157779
1414,12,62,1.9908068180084229,label_Tbl,label_Tbl,0.9865466356277466,-1.2249058485031128,-1.07305908203125,-1.402815818786621,-1.41236412525177,0.11459106206893921,0.0,0.0,0.0,1.0,0.0,0.0,-0.003201723098754883,0.2286253571510315,-0.950676441192627,-0.03598945215344429,-1.2805795669555664,1.5952945947647095,0.9513574178535549,-0.003201723098754883,0.2286253571510315,0.22864777489238292
1414,13,53,1.9805278778076172,label_Tbl,label_Tbl,0.9865466356277466,-0.951326310634613,-1.0387543439865112,-1.1292364597320557,-1.3780595064163208,1.243983507156372,-1.0,1.0,0.0,0.0,0.0,0.0,-0.5066630840301514,-0.06640243530273438,-1.3600454330444336,0.3577110767364502,-0.8999322056770325,1.675421953201294,1.4063003926490854,-0.5066630840301514,-0.06640243530273438,0.5109958552993146
1414,14,50,1.9704034328460693,label_Tbl,label_Tbl,0.9865466356277466,-0.8825621008872986,-0.7413154244422913,-1.0604721307754517,-1.080620527267456,0.36401957273483276,0.0,0.0,0.0,1.0,0.0,0.0,-0.02214670181274414,0.2901609539985657,-1.5438069105148315,-0.15392158925533295,-2.0394370555877686,2.562486171722412,1.551461128289148,-0.02214670181274414,0.2901609539985657,0.29100490653344724
1414,15,18,1.9564341306686401,label_Tbl,label_Tbl,0.9865466356277466,0.056203220039606094,0.22338911890983582,-0.12170672416687012,-0.11591587215662003,0.9048284888267517,1.0,1.0,0.0,0.0,0.0,0.0,0.023819804191589355,0.4255409836769104,-5.768884658813477,-1.3797087669372559,-8.255948066711426,10.166797637939453,5.931578751753786,0.023819804191589355,0.4255409836769104,0.42620712319298254
1414,16,55,1.9514001607894897,label_Tbl,label_Tbl,0.9865466356277466,-0.9914002418518066,-1.0411715507507324,-1.169310450553894,-1.380476474761963,0.8271388411521912,0.0,0.0,0.0,1.0,0.0,0.0,-0.4067341089248657,0.006415843963623047,-1.3055448532104492,0.2434694916009903,-1.0119266510009766,1.6696467399597168,1.328052994832939,-0.4067341089248657,0.006415843963623047,0.4067847076976593
1418,1,0,4.090401649475098,label_Tbl,label_Tbl,0.9999992847442627,3.0069832801818848,2.8698954582214355,3.0940613746643066,3.0895936489105225,-0.24078351259231567,1.0,0.0,0.0,0.0,1.0,0.0,0.052168965339660645,0.1297057867050171,-126.85919189453125,381.1360168457031,-193.3182373046875,445.7912902832031,401.6938111362205,0.052168965339660645,0.1297057867050171,0.13980412028755843
1418,2,9,2.9929561614990234,label_Tbl,label_Tbl,0.9999992847442627,-0.45194774866104126,-0.6434059739112854,-0.36486950516700745,-0.4237079620361328,1.894960880279541,1.0,1.0,0.0,0.0,0.0,0.0,-0.18602728843688965,-0.647549033164978,1.263750672340393,2.576941967010498,-0.6547448635101318,2.9471793174743652,2.870138613931517,-0.18602728843688965,-0.647549033164978,0.6737402336183282
1418,3,10,2.693575382232666,label_Tbl,label_Tbl,0.9999992847442627,-0.7132248282432556,-0.9051019549369812,-0.6261464953422546,-0.6854038834571838,1.7637810707092285,0.0,0.0,0.0,1.0,0.0,0.0,-0.6407510638237,0.015777587890625,-0.406870573759079,1.9337239265441895,0.4555399715900421,2.027892589569092,1.9760647478968192,-0.6407510638237,0.015777587890625,0.6409452847715237
1418,4,12,2.5421502590179443,label_Tbl,label_Tbl,0.9999992847442627,-1.1313601732254028,-1.2548203468322754,-1.0442818403244019,-1.0351221561431885,0.8256363272666931,0.0,0.0,0.0,1.0,0.0,0.0,0.09533828496932983,-0.39506828784942627,0.21971848607063293,1.0649504661560059,-0.5759086012840271,1.2304739952087402,1.0873802042004743,0.09533828496932983,-0.39506828784942627,0.40640908041672774
1418,5,13,2.443422555923462,label_Tbl,label_Tbl,0.9999992847442627,-1.16588294506073,-1.2320904731750488,-1.0788047313690186,-1.012392282485962,0.4380568861961365,-1.0,1.0,0.0,0.0,0.0,0.0,0.09540343284606934,0.2944439649581909,-0.48351091146469116,0.9151790142059326,-0.5482710599899292,1.2710847854614258,1.0350533462331104,0.09540343284606934,0.2944439649581909,0.3095142379586355
1418,6,11,2.404919147491455,label_Tbl,label_Tbl,0.9999992847442627,-1.0504510402679443,-1.1752334833145142,-0.9633728265762329,-0.9555355310440063,0.7335876822471619,-1.0,1.0,0.0,0.0,0.0,0.0,0.08010238409042358,0.37493574619293213,-0.6551249027252197,1.0299102067947388,-0.6255040168762207,1.3786365985870361,1.2206161035439071,0.08010238409042358,0.37493574619293213,0.3833969297089122
1418,7,1,2.337841510772705,label_Tbl,label_Tbl,0.9999992847442627,1.2773159742355347,1.0814353227615356,1.3643943071365356,1.301133394241333,1.064208984375,0.0,0.0,0.0,1.0,0.0,0.0,-0.21069106459617615,-0.4157090187072754,7.543657302856445,33.096012115478516,-6.887156009674072,34.63648223876953,33.94484914461751,-0.21069106459617615,-0.4157090187072754,0.4660522641670523
1418,8,3,2.262995719909668,label_Tbl,label_Tbl,0.9999992847442627,1.062256932258606,0.8746341466903687,1.1493353843688965,1.094332218170166,0.7866255640983582,-1.0,1.0,0.0,0.0,0.0,0.0,-0.15875238180160522,-0.3635023832321167,4.2704620361328125,24.597932815551758,-6.395934104919434,25.776866912841797,24.965879611991436,-0.15875238180160522,-0.3635023832321167,0.39665640212041364
1418,9,8,2.235931634902954,label_Tbl,label_Tbl,0.9999992847442627,-0.24282923340797424,-0.44147706031799316,-0.15575088560581207,-0.22177910804748535,0.8371363282203674,0.0,0.0,0.0,1.0,0.0,0.0,-0.23163379728794098,-0.33743035793304443,0.5622593760490417,3.828338146209717,-0.7025526762008667,3.9326694011688232,3.869406746218276,-0.23163379728794098,-0.33743035793304443,0.40928408532564936
1418,10,4,2.2047817707061768,label_Tbl,label_Tbl,0.9999992847442627,0.7791860699653625,0.5884113311767578,0.8662644624710083,0.8081092834472656,0.9892151951789856,1.0,1.0,0.0,0.0,0.0,0.0,-0.17857769131660461,-0.41011059284210205,3.6118085384368896,16.265695571899414,-3.928377389907837,17.125823974609375,16.661873044649987,-0.17857769131660461,-0.41011059284210205,0.44730380078562815
1418,11,2,2.146249771118164,label_Tbl,label_Tbl,0.9999992847442627,1.07355797290802,0.8769194483757019,1.1606361865997314,1.096617579460144,0.9629848599433899,0.0,0.0,0.0,1.0,0.0,0.0,-0.21620795130729675,-0.38407206535339355,4.853216648101807,24.90371322631836,-5.005079746246338,25.861156463623047,25.37220219634308,-0.21620795130729675,-0.38407206535339355,0.44074621903462746
1418,12,6,2.1036860942840576,label_Tbl,label_Tbl,0.9999992847442627,0.5065332651138306,0.310374915599823,0.5936117172241211,0.5300730466842651,0.8643984198570251,0.0,0.0,0.0,1.0,0.0,0.0,-0.21269595623016357,-0.3576301336288452,1.8652665615081787,11.131436347961426,-2.266888380050659,11.512031555175781,11.286633444663531,-0.21269595623016357,-0.3576301336288452,0.416099606195499
1418,13,5,2.082045793533325,label_Tbl,label_Tbl,0.9999992847442627,0.591753363609314,0.4037362039089203,0.6788317561149597,0.62343430519104,0.7540372014045715,-1.0,1.0,0.0,0.0,0.0,0.0,-0.16051587462425232,-0.35379958152770996,2.0585756301879883,12.580531120300293,-3.2426300048828125,13.154528617858887,12.74784283296778,-0.16051587462425232,-0.35379958152770996,0.38850931764318264
1418,14,7,1.9933782815933228,label_Tbl,label_Tbl,0.9999992847442627,0.14437271654605865,-0.04464813321828842,0.23145122826099396,0.1750500649213791,0.69117671251297,1.0,1.0,0.0,0.0,0.0,0.0,-0.16700667142868042,-0.333293080329895,0.9500606060028076,6.660371780395508,-1.666304111480713,6.932475566864014,6.72779067808796,-0.16700667142868042,-0.333293080329895,0.3727941867806915
1423,1,0,4.247530460357666,label_Tbl,label_Tbl,0.9999998807907104,3.016516923904419,3.091909408569336,3.11104679107666,3.05364990234375,-0.2898116707801819,1.0,0.0,0.0,0.0,1.0,0.0,-0.09476226568222046,-0.0853719711303711,-212.84375,-347.1470642089844,-457.1009521484375,612.1722412109375,407.2020949147723,-0.09476226568222046,-0.0853719711303711,0.127547091115057
1423,2,9,2.7434089183807373,label_Tbl,label_Tbl,0.9999998807907104,-0.5534071922302246,-0.010107957758009434,-0.45887699723243713,-0.04836726188659668,1.9976348876953125,0.0,0.0,1.0,0.0,0.0,0.0,0.6786923408508301,-0.16896533966064453,-1.4699997901916504,-2.000945806503296,-6.846840858459473,7.283125400543213,2.4828780686386156,0.6786923408508301,-0.16896533966064453,0.6994087356733659
1423,3,13,2.7171714305877686,label_Tbl,label_Tbl,0.9999998807907104,-0.8011892437934875,-0.5452063679695129,-0.7066590189933777,-0.5834659337997437,0.6774465441703796,0.0,0.0,0.0,1.0,0.0,0.0,0.2249164581298828,0.2929856777191162,-0.29767894744873047,-1.7171026468276978,-2.908957004547119,3.3910300731658936,1.7427146225061834,0.2249164581298828,0.2929856777191162,0.36936163916441184
1423,4,8,2.6332192420959473,label_Tbl,label_Tbl,0.9999998807907104,-0.545544445514679,-0.28611186146736145,-0.45101431012153625,-0.32437124848365784,0.761450469493866,0.0,0.0,0.0,1.0,0.0,0.0,0.23065626621246338,0.3149296045303345,-0.3745107352733612,-2.482837438583374,-4.2193732261657715,4.909974575042725,2.5109241400859252,0.23065626621246338,0.3149296045303345,0.3903626121348043
1423,5,1,2.5681724548339844,label_Tbl,label_Tbl,0.9999998807907104,1.7757911682128906,2.03364634513855,1.8703211545944214,1.9953867197036743,0.7770115733146667,-1.0,0.0,0.0,0.0,1.0,0.0,0.22803306579589844,0.3216150999069214,-9.8621244430542,-68.48269653320312,-115.91142272949219,134.99110412597656,69.1891698388489,0.22803306579589844,0.3216150999069214,0.3942529030767124
1423,6,5,2.4361627101898193,label_Tbl,label_Tbl,0.9999998807907104,-0.22299909591674805,0.08286688476800919,-0.12846888601779938,0.0446074940264225,1.5399370193481445,1.0,1.0,0.0,0.0,0.0,0.0,0.3068373203277588,0.4980536699295044,0.13297824561595917,-3.978367567062378,-7.301980972290039,8.317662239074707,3.980589367475741,0.3068373203277588,0.4980536699295044,0.5849842726742039
1423,7,2,2.2772207260131836,label_Tbl,label_Tbl,0.9999998807907104,0.7767018675804138,1.021226406097412,0.8712318539619446,0.9829670786857605,0.585212767124176,-1.0,1.0,0.0,0.0,0.0,0.0,0.20576679706573486,0.27854251861572266,-3.0719568729400635,-16.316173553466797,-27.100025177001953,31.78183937072754,16.60284428813488,0.20576679706573486,0.27854251861572266,0.3463032045065155
1423,8,14,2.2512497901916504,label_Tbl,label_Tbl,0.9999998807907104,-1.189590334892273,-1.0675781965255737,-1.095060110092163,-1.1058377027511597,0.50688236951828,0.0,0.0,0.0,1.0,0.0,0.0,-0.0077190399169921875,0.3266294002532959,-0.13765421509742737,-0.9910714030265808,-1.2585551738739014,1.6078346967697144,1.0005854330496542,-0.0077190399169921875,0.3266294002532959,0.326720597280104
1423,9,10,2.203782320022583,label_Tbl,label_Tbl,0.9999998807907104,-0.5912788510322571,-0.35731250047683716,-0.496748685836792,-0.3955717980861664,0.24417716264724731,-1.0,1.0,0.0,0.0,0.0,0.0,0.18067610263824463,0.18841516971588135,-0.6414843201637268,-2.2629525661468506,-3.7274749279022217,4.435115337371826,2.352117439594914,0.18067610263824463,0.18841516971588135,0.261044307050757
1423,10,3,2.202375650405884,label_Tbl,label_Tbl,0.9999998807907104,0.40326622128486633,0.6287815570831299,0.4977964460849762,0.5905221700668335,0.08181905746459961,0.0,0.0,1.0,0.0,0.0,0.0,0.17376375198364258,0.13567042350769043,-3.1462290287017822,-9.216347694396973,-15.3072509765625,18.142539978027344,9.73857391639362,0.17376375198364258,0.13567042350769043,0.22045476932511332
1423,11,4,2.2006592750549316,label_Tbl,label_Tbl,0.9999998807907104,0.03433539718389511,0.2834208607673645,0.12886543571949005,0.24516114592552185,0.6412696242332458,1.0,1.0,0.0,0.0,0.0,0.0,0.2133166790008545,0.29038703441619873,-0.9967473745346069,-5.662078380584717,-9.46740436553955,11.077177047729492,5.749142276594525,0.2133166790008545,0.29038703441619873,0.36031740909507576
1423,12,6,2.1994497776031494,label_Tbl,label_Tbl,0.9999998807907104,-0.25852343440055847,0.005191206932067871,-0.16399340331554413,-0.033068180084228516,0.7478719353675842,-1.0,1.0,0.0,0.0,0.0,0.0,0.2352069616317749,0.307281494140625,-0.5929334163665771,-3.736870288848877,-6.391752243041992,7.444056987762451,3.783618584361488,0.2352069616317749,0.307281494140625,0.38696799795505854
1423,13,11,2.0965888500213623,label_Tbl,label_Tbl,0.9999998807907104,-0.708595335483551,-0.49978670477867126,-0.6140651106834412,-0.5380463600158691,0.9338052868843079,1.0,1.0,0.0,0.0,0.0,0.0,0.14444458484649658,-0.4086756706237793,-1.524631142616272,-1.2776248455047607,-3.0192999839782715,3.6183528900146484,1.9891770577016172,0.14444458484649658,-0.4086756706237793,0.4334513142802459
1423,14,7,2.0661191940307617,label_Tbl,label_Tbl,0.9999998807907104,-0.4003918468952179,-0.10244159400463104,-0.30586180090904236,-0.14070114493370056,0.8876526951789856,1.0,1.0,0.0,0.0,0.0,0.0,0.29382383823394775,0.3027842044830322,-0.4978765845298767,-3.0491271018981934,-5.583861827850342,6.383106231689453,3.0895075945776878,0.29382383823394775,0.3027842044830322,0.42191316926466255
1423,15,12,2.0584890842437744,label_Tbl,label_Tbl,0.9999998807907104,-0.7877785563468933,-0.7124892473220825,-0.6932485103607178,-0.7507488131523132,0.4486613869667053,0.0,0.0,0.0,1.0,0.0,0.0,-0.09496033191680908,0.29737138748168945,-0.29575759172439575,-1.7516300678253174,-1.9935789108276367,2.670212984085083,1.7764234989360899,-0.09496033191680908,0.29737138748168945,0.31216535158555897
1427,1,0,4.198822975158691,label_Tbl,label_Tbl,0.9982197880744934,2.941993236541748,2.8558359146118164,3.0426864624023438,3.0677995681762695,-0.36948028206825256,-1.0,0.0,0.0,0.0,0.0,1.0,0.10717219114303589,-0.009915828704833984,-345.6323547363281,-120.63030242919922,238.5195770263672,436.9267578125,366.0783993965487,0.10717219114303589,-0.009915828704833984,0.10762993177226783
1427,2,12,2.527535915374756,label_Tbl,label_Tbl,0.9982197880744934,-0.6864011883735657,-0.8962528109550476,-0.58570796251297,-0.6842893362045288,1.4745659828186035,0.0,0.0,0.0,1.0,0.0,0.0,-0.48476749658584595,0.2972433567047119,-1.643277883529663,-1.2310560941696167,0.042272329330444336,2.0536913871765137,2.053256269804108,-0.48476749658584595,0.2972433567047119,0.5686414853413289
1427,3,14,2.5067250728607178,label_Tbl,label_Tbl,0.9982197880744934,-0.8973532915115356,-1.0806561708450317,-0.7966600656509399,-0.8686927556991577,2.3077549934387207,0.0,0.0,0.0,1.0,0.0,0.0,-0.22741198539733887,0.7429115772247314,-0.7043794393539429,-1.3458372354507446,0.42765703797340393,1.578074336051941,1.5190221390454708,-0.22741198539733887,0.7429115772247314,0.7769387509172764
1427,4,18,2.4781153202056885,label_Tbl,label_Tbl,0.9982197880744934,-1.2275123596191406,-1.1236753463745117,-1.1268187761306763,-0.9117117524147034,1.7117905616760254,0.0,0.0,0.0,1.0,0.0,0.0,0.513661801815033,0.3612060546875,-0.7206928133964539,-0.615603506565094,1.1418960094451904,1.484012246131897,0.9478216122122008,0.513661801815033,0.3612060546875,0.6279476575215289
1427,5,9,2.3390936851501465,label_Tbl,label_Tbl,0.9982197880744934,0.19895848631858826,0.040126919746398926,0.29965171217918396,0.25209054350852966,1.7178893089294434,1.0,1.0,0.0,0.0,0.0,0.0,-0.11875614523887634,0.6181685924530029,-4.14830207824707,-5.974463939666748,2.8824567794799805,7.825002670288086,7.273419381471639,-0.11875614523887634,0.6181685924530029,0.6294723430996185
1427,6,17,2.2871618270874023,label_Tbl,label_Tbl,0.9982197880744934,-1.209665298461914,-1.4138033390045166,-1.1089719533920288,-1.2018399238586426,0.7274748682975769,0.0,0.0,0.0,1.0,0.0,0.0,-0.3757582902908325,-0.0680398941040039,-0.935055136680603,-0.26652342081069946,0.12635861337184906,0.980474054813385,0.9722977128808945,-0.3757582902908325,-0.0680398941040039,0.38186872078238304
1427,7,1,2.191298007965088,label_Tbl,label_Tbl,0.9982197880744934,1.4234212636947632,1.2281585931777954,1.5241146087646484,1.4401222467422485,0.4247707724571228,0.0,0.0,0.0,1.0,0.0,0.0,-0.2994344234466553,-0.06397652626037598,-40.17461395263672,-11.62788200378418,8.673274993896484,42.713382720947266,41.82352503241831,-0.2994344234466553,-0.06397652626037598,0.3061927005288915
1427,8,16,2.1762142181396484,label_Tbl,label_Tbl,0.9982197880744934,-1.1558687686920166,-1.356977105140686,-1.0551753044128418,-1.145013451576233,0.6068794131278992,0.0,0.0,0.0,1.0,0.0,0.0,-0.3456278443336487,-0.06517863273620605,-1.0089221000671387,-0.2907019257545471,0.16842125356197357,1.0633894205093384,1.0499673393212228,-0.3456278443336487,-0.06517863273620605,0.35171986145807305
1427,9,15,2.17346453666687,label_Tbl,label_Tbl,0.9982197880744934,-0.921360433101654,-1.1223485469818115,-0.8206669688224792,-0.9103849530220032,0.5781956315040588,0.0,0.0,0.0,1.0,0.0,0.0,-0.3445478081703186,0.0008721351623535156,-1.3805313110351562,-0.49859488010406494,0.2370513528585434,1.4868277311325073,1.4678091003991065,-0.3445478081703186,0.0008721351623535156,0.344548911962746
1427,10,11,2.1652073860168457,label_Tbl,label_Tbl,0.9982197880744934,-0.44523224234580994,-0.6366032361984253,-0.34453892707824707,-0.4246395528316498,0.31424349546432495,-1.0,1.0,0.0,0.0,0.0,0.0,-0.2785083055496216,0.005411386489868164,-2.7210025787353516,-0.9967070817947388,0.6630070805549622,2.9759602546691895,2.897806073632985,-0.2785083055496216,0.005411386489868164,0.2785608719182651
1427,11,13,2.1434082984924316,label_Tbl,label_Tbl,0.9982197880744934,-0.889735996723175,-1.0695077180862427,-0.7890427708625793,-0.8575440049171448,1.6721305847167969,0.0,0.0,0.0,1.0,0.0,0.0,-0.20935305953025818,0.5814943313598633,-0.9214953184127808,-1.2284313440322876,0.46121838688850403,1.603408694267273,1.5356422724246832,-0.20935305953025818,0.5814943313598633,0.618032653618184
1427,12,5,2.0844411849975586,label_Tbl,label_Tbl,0.9982197880744934,0.3827963173389435,0.23018182814121246,0.4834896922111511,0.44214528799057007,1.0393624305725098,0.0,0.0,1.0,0.0,0.0,0.0,-0.09488144516944885,0.44994544982910156,-6.618797779083252,-6.75601053237915,3.992154121398926,10.265936851501465,9.457915328126775,-0.09488144516944885,0.44994544982910156,0.45984062071478166
1427,13,2,2.015329122543335,label_Tbl,label_Tbl,0.9982197880744934,1.069610357284546,0.8741737008094788,1.1703038215637207,1.0861371755599976,0.42859524488449097,1.0,0.0,0.0,0.0,0.0,1.0,-0.30070459842681885,-0.06258702278137207,-24.22507095336914,-7.048044204711914,5.199323654174805,25.759912490844727,25.22952615106638,-0.30070459842681885,-0.06258702278137207,0.30714880910671033
1427,14,10,1.9588463306427002,label_Tbl,label_Tbl,0.9982197880744934,-0.2859667241573334,-0.4840596318244934,-0.18527325987815857,-0.27209600806236267,0.494210422039032,0.0,0.0,0.0,1.0,0.0,0.0,-0.3203846216201782,-0.0451662540435791,-3.4750735759735107,-1.0770422220230103,0.6767907738685608,3.7005677223205566,3.638152870131983,-0.3203846216201782,-0.0451662540435791,0.32355261747517033
1427,15,8,1.9572731256484985,label_Tbl,label_Tbl,0.9982197880744934,0.27599912881851196,0.07519631087779999,0.376692533493042,0.2871597707271576,0.5812460780143738,-1.0,1.0,0.0,0.0,0.0,0.0,-0.3437926471233368,-0.03235220909118652,-7.724231719970703,-2.5029242038726807,1.3175325393676758,8.227014541625977,8.119629624196739,-0.3437926471233368,-0.03235220909118652,0.3453115255087079
1427,16,6,1.9508564472198486,label_Tbl,label_Tbl,0.9982197880744934,0.32682740688323975,0.1278378665447235,0.4275207817554474,0.33980149030685425,0.5366968512535095,0.0,0.0,0.0,1.0,0.0,0.0,-0.32752329111099243,-0.06633925437927246,-8.392626762390137,-2.4076318740844727,1.5608617067337036,8.869564056396484,8.731143980824887,-0.32752329111099243,-0.06633925437927246,0.33417421039298306
1429,1,0,4.352969169616699,label_Tbl,label_Tbl,0.951740026473999,2.9737656116485596,2.7780988216400146,3.0780386924743652,3.0664873123168945,-0.5461194515228271,-1.0,0.0,0.0,0.0,1.0,0.0,0.05261421203613281,0.03549933433532715,-319.65679931640625,211.1109161376953,-78.32157135009766,391.0019836425781,383.07739200024093,0.05261421203613281,0.03549933433532715,0.0634701350749664
1429,2,16,2.7519164085388184,label_Tbl,label_Tbl,0.951740026473999,-0.8629507422447205,-1.0720945596694946,-0.7586778998374939,-0.7837058305740356,2.387673854827881,0.0,0.0,0.0,1.0,0.0,0.0,-0.10097634047269821,-0.7904952764511108,-0.25597748160362244,1.5748742818832397,-0.07895541191101074,1.597494125366211,1.5955417496340805,-0.10097634047269821,-0.7904952764511108,0.7969184421424669
1429,3,1,2.644609212875366,label_Tbl,label_Tbl,0.951740026473999,1.3445802927017212,1.1349689960479736,1.4488530158996582,1.4233578443527222,1.419313907623291,1.0,1.0,0.0,0.0,0.0,0.0,-0.18356074392795563,-0.5235838890075684,-15.511272430419922,33.9971809387207,1.2378559112548828,37.38929748535156,37.36854137092883,-0.18356074392795563,-0.5235838890075684,0.5548284739806296
1429,4,18,2.2484445571899414,label_Tbl,label_Tbl,0.951740026473999,-0.968866765499115,-1.1495590209960938,-0.8645938634872437,-0.86117023229599,-0.09615212678909302,0.0,0.0,0.0,1.0,0.0,0.0,0.14095444977283478,0.10533022880554199,-1.194387674331665,0.6741280555725098,-0.40532881021499634,1.4301406145095825,1.371499380935105,0.14095444977283478,0.10533022880554199,0.1759619675128419
1429,5,21,2.221143960952759,label_Tbl,label_Tbl,0.951740026473999,-1.2733392715454102,-1.4126745462417603,-1.1690664291381836,-1.1242856979370117,0.5858455300331116,0.0,0.0,0.0,1.0,0.0,0.0,0.3064877986907959,0.16155719757080078,-0.7964156270027161,0.39221978187561035,-0.41990572214126587,0.9820564985275269,0.887757967144582,0.3064877986907959,0.16155719757080078,0.34646139587731933
1429,6,13,2.2067782878875732,label_Tbl,label_Tbl,0.951740026473999,-0.7261696457862854,-0.9349043965339661,-0.6218967437744141,-0.6465157866477966,1.3154444694519043,0.0,0.0,0.0,1.0,0.0,0.0,-0.21058405935764313,-0.48512721061706543,-0.8724718689918518,1.7325825691223145,0.11673899739980698,1.9433674812316895,1.939858118783076,-0.21058405935764313,-0.48512721061706543,0.5288610938012342
1429,7,20,2.174888849258423,label_Tbl,label_Tbl,0.951740026473999,-1.0730844736099243,-1.260928750038147,-0.9688118696212769,-0.9725399613380432,1.171231985092163,0.0,0.0,0.0,1.0,0.0,0.0,-0.4033697843551636,-0.2831122875213623,-0.7324901819229126,0.9273958802223206,0.3021032512187958,1.2197833061218262,1.1817804302266959,-0.4033697843551636,-0.2831122875213623,0.4928080257831742
1429,8,6,2.173809051513672,label_Tbl,label_Tbl,0.951740026473999,0.1785120964050293,-0.022004425525665283,0.2827848494052887,0.2663842737674713,1.4525492191314697,0.0,0.0,0.0,1.0,0.0,0.0,-0.31542062759399414,-0.46651196479797363,-3.2940187454223633,6.249009609222412,1.1707156896591187,7.160394668579102,7.064041378088605,-0.31542062759399414,-0.46651196479797363,0.5631372706644934
1429,9,17,2.1541388034820557,label_Tbl,label_Tbl,0.951740026473999,-0.8649703860282898,-1.0732277631759644,-0.7606976628303528,-0.7848390340805054,0.9297223687171936,0.0,0.0,0.0,1.0,0.0,0.0,-0.22103117406368256,-0.3716738224029541,-0.871810257434845,1.3308088779449463,0.11239806562662125,1.5949102640151978,1.5909448119233105,-0.22103117406368256,-0.3716738224029541,0.4324305842185455
1429,10,12,2.1180057525634766,label_Tbl,label_Tbl,0.951740026473999,-0.675483763217926,-0.8681740760803223,-0.5712109804153442,-0.5797852873802185,0.935606062412262,0.0,0.0,0.0,1.0,0.0,0.0,-0.37374621629714966,-0.22041845321655273,-1.3926503658294678,1.5524053573608398,0.46958959102630615,2.137744665145874,2.085530492466506,-0.37374621629714966,-0.22041845321655273,0.43390151960417633
1429,11,8,2.0908753871917725,label_Tbl,label_Tbl,0.951740026473999,0.07289652526378632,-0.13679035007953644,0.17716927826404572,0.151598259806633,1.4440481662750244,-1.0,1.0,0.0,0.0,0.0,0.0,-0.16960318386554718,-0.5347609519958496,-2.4596266746520996,5.5545125007629395,0.11641112715005875,6.077450275421143,6.074732298611348,-0.16960318386554718,-0.5347609519958496,0.5610120459997611
1429,12,14,2.0899229049682617,label_Tbl,label_Tbl,0.951740026473999,-0.7728980183601379,-0.9752017855644226,-0.6686254143714905,-0.6868131160736084,1.054950475692749,0.0,0.0,0.0,1.0,0.0,0.0,-0.29900068044662476,-0.3544731140136719,-1.02032470703125,1.500558853149414,0.2705673575401306,1.8346514701843262,1.8145906920139019,-0.29900068044662476,-0.3544731140136719,0.4637376364563202
1429,13,10,2.0647695064544678,label_Tbl,label_Tbl,0.951740026473999,-0.018048809841275215,-0.17615248262882233,0.08622393757104874,0.11223620921373367,0.16473764181137085,-1.0,1.0,0.0,0.0,0.0,0.0,0.2292979508638382,0.07478213310241699,-4.5634589195251465,2.7627742290496826,-2.0747992992401123,5.745136260986328,5.334611396427549,0.2292979508638382,0.07478213310241699,0.24118440600856178
1429,14,9,2.020378351211548,label_Tbl,label_Tbl,0.951740026473999,0.049551449716091156,-0.15858173370361328,0.15382428467273712,0.12980704009532928,1.3173799514770508,-1.0,0.0,0.0,0.0,0.0,1.0,-0.22126707434654236,-0.4808814525604248,-2.664816379547119,5.23641300201416,0.41648411750793457,5.891170501708984,5.875480190109194,-0.22126707434654236,-0.4808814525604248,0.529344962766722
1429,15,15,1.9789217710494995,label_Tbl,label_Tbl,0.951740026473999,-0.8491991758346558,-1.056976079940796,-0.7449262738227844,-0.7685873508453369,0.026086926460266113,0.0,0.0,0.0,1.0,0.0,0.0,-0.0707012265920639,0.19404268264770508,-1.4823521375656128,0.6711181402206421,-0.1298900991678238,1.6323721408843994,1.6271961829719719,-0.0707012265920639,0.19404268264770508,0.20652173282911498
1429,16,7,1.9438343048095703,label_Tbl,label_Tbl,0.951740026473999,0.12166516482830048,-0.08688608556985855,0.225938081741333,0.20150260627269745,-0.06238478422164917,0.0,0.0,0.0,1.0,0.0,0.0,-0.08608359098434448,0.16307783126831055,-5.8472819328308105,2.8686370849609375,-0.4194534718990326,6.526540279388428,6.513047268922804,-0.08608359098434448,0.16307783126831055,0.18440380605599083
1434,1,0,4.337498664855957,label_Tbl,label_Tbl,0.6718581318855286,3.0258188247680664,3.0129787921905518,2.8462252616882324,2.8002569675445557,-0.42834046483039856,-1.0,0.0,0.0,0.0,0.0,1.0,-0.0864264965057373,-0.034112125635147095,405.55670166015625,-76.17913818359375,358.9065246582031,546.8943481445312,412.64936611590724,-0.0864264965057373,-0.034112125635147095,0.09291488800835032
1434,2,23,2.5650510787963867,label_Tbl,label_Tbl,0.6718581318855286,-0.11995843797922134,-0.27953433990478516,-0.2995515763759613,-0.4922562539577484,1.66066575050354,-1.0,1.0,0.0,0.0,0.0,0.0,-0.5417158603668213,-0.2915024161338806,4.166545867919922,-1.977152943611145,1.5542213916778564,4.956328392028809,4.611858435805547,-0.5417158603668213,-0.2915024161338806,0.6151664262497227
1434,3,31,2.5342512130737305,label_Tbl,label_Tbl,0.6718581318855286,-0.33173680305480957,-0.5162233114242554,-0.5113301277160645,-0.728945255279541,1.8225038051605225,1.0,1.0,0.0,0.0,0.0,0.0,-0.6039714813232422,-0.2550760805606842,3.129985809326172,-1.3478999137878418,0.926672101020813,3.5343806743621826,3.407879889927531,-0.6039714813232422,-0.2550760805606842,0.6556259277408056
1434,4,33,2.5338382720947266,label_Tbl,label_Tbl,0.6718581318855286,-0.38544872403144836,-0.0891653373837471,-0.5650419592857361,-0.30188706517219543,1.6582756042480469,0.0,0.0,0.0,1.0,0.0,0.0,0.4789142608642578,-0.3851442337036133,2.712402582168579,-1.6137769222259521,5.688395023345947,6.505324363708496,3.1561691530182348,0.4789142608642578,-0.3851442337036133,0.6145689139667755
1434,5,43,2.4496688842773438,label_Tbl,label_Tbl,0.6718581318855286,-0.912712812423706,-0.6444263458251953,-1.0923060178756714,-0.8571481108665466,1.079566240310669,0.0,0.0,0.0,1.0,0.0,0.0,0.43288159370422363,0.18278849124908447,1.4853301048278809,0.04639561474323273,2.5401225090026855,2.9428863525390625,1.4860545324366148,0.43288159370422363,0.18278849124908447,0.4698915903706143
1434,6,22,2.4483513832092285,label_Tbl,label_Tbl,0.6718581318855286,-0.10124681144952774,0.18606217205524445,-0.2808401882648468,-0.026659822091460228,1.7805283069610596,0.0,0.0,1.0,0.0,0.0,0.0,0.46422314643859863,-0.447986900806427,3.910653591156006,-2.672837495803833,8.394664764404297,9.638862609863281,4.736799741280633,0.46422314643859863,-0.447986900806427,0.6451320740619707
1434,7,39,2.345184803009033,label_Tbl,label_Tbl,0.6718581318855286,-0.6699091792106628,-0.6196013689041138,-0.8495023846626282,-0.8323231339454651,-0.6220954656600952,0.0,0.0,0.0,1.0,0.0,0.0,0.044063568115234375,0.006043940782546997,2.079986572265625,-0.3048318922519684,2.2085978984832764,3.049126386642456,2.1022051810751536,0.044063568115234375,0.006043940782546997,0.04447614253989249
1434,8,44,2.336076498031616,label_Tbl,label_Tbl,0.6718581318855286,-0.961753249168396,-0.8892412781715393,-1.1413465738296509,-1.1019631624221802,-0.06487768888473511,0.0,0.0,0.0,1.0,0.0,0.0,0.08725619316101074,0.16174565255641937,1.3854360580444336,0.014108247123658657,1.5438133478164673,2.0743653774261475,1.3855078901134419,0.08725619316101074,0.16174565255641937,0.18378057396213984
1434,9,11,2.293792724609375,label_Tbl,label_Tbl,0.6718581318855286,0.5093474388122559,0.5752878785133362,0.32975420355796814,0.3625660240650177,-0.12513399124145508,0.0,0.0,1.0,0.0,0.0,0.0,0.07459372282028198,0.1513308733701706,11.332098007202148,-0.0026276696007698774,12.413052558898926,16.8077449798584,11.332098311852153,0.07459372282028198,0.1513308733701706,0.168716498064557
1434,10,38,2.254741668701172,label_Tbl,label_Tbl,0.6718581318855286,-0.6503919363021851,-0.6004074811935425,-0.8299852609634399,-0.8131294250488281,-0.456514447927475,0.0,0.0,0.0,1.0,0.0,0.0,0.043425679206848145,0.07408175617456436,2.155158042907715,-0.16731874644756317,2.2690443992614746,3.133889675140381,2.1616432991644565,0.043425679206848145,0.07408175617456436,0.0858713934467334
1434,11,37,2.229118585586548,label_Tbl,label_Tbl,0.6718581318855286,-0.5804545879364014,-0.4250860810279846,-0.7600477337837219,-0.6378079652786255,0.5763289332389832,0.0,0.0,0.0,1.0,0.0,0.0,0.23983323574066162,0.2467237263917923,2.3779635429382324,0.22697487473487854,3.240551710128784,4.025842189788818,2.388771275217505,0.23983323574066162,0.2467237263917923,0.34408222582761777
1434,12,1,2.2102537155151367,label_Tbl,label_Tbl,0.6718581318855286,1.3527921438217163,1.4501897096633911,1.173198938369751,1.2374677658081055,-0.17874449491500854,0.0,0.0,1.0,0.0,0.0,0.0,0.13437438011169434,0.07788404822349548,37.7069206237793,-2.7832350730895996,44.84455871582031,58.65656661987305,37.80949960525884,0.13437438011169434,0.07788404822349548,0.15531387252297163
1434,13,36,2.1437911987304688,label_Tbl,label_Tbl,0.6718581318855286,-0.5669360756874084,-0.5562233924865723,-0.7465294003486633,-0.7689455151557922,-0.49529871344566345,-1.0,1.0,0.0,0.0,0.0,0.0,-0.03750598430633545,0.06630219519138336,2.4265058040618896,-0.2073879987001419,2.2786710262298584,3.3380775451660156,2.435352171483806,-0.03750598430633545,0.06630219519138336,0.07617532373402414
1434,14,5,2.1261112689971924,label_Tbl,label_Tbl,0.6718581318855286,0.7583789825439453,0.7912983298301697,0.5787855982780457,0.5785763263702393,-0.5615503191947937,1.0,1.0,0.0,0.0,0.0,0.0,0.00934147834777832,0.05887594819068909,16.10447120666504,-1.4969611167907715,16.18798065185547,22.88372802734375,16.17389518426179,0.00934147834777832,0.05887594819068909,0.05961241895003688
1434,15,2,2.117133378982544,label_Tbl,label_Tbl,0.6718581318855286,1.3318860530853271,1.3370996713638306,1.1522928476333618,1.1243778467178345,-0.34659966826438904,0.0,0.0,1.0,0.0,0.0,0.0,-0.04776477813720703,0.10279478877782822,36.65335464477539,-1.7889277935028076,33.82228088378906,49.906063079833984,36.696984472379256,-0.04776477813720703,0.10279478877782822,0.1133500887973844
1434,16,28,2.104702949523926,label_Tbl,label_Tbl,0.6718581318855286,-0.2765072286128998,-0.22029142081737518,-0.45610055327415466,-0.4330132305622101,-0.2930132746696472,0.0,0.0,0.0,1.0,0.0,0.0,0.0556718111038208,0.11386558413505554,3.6850311756134033,-0.13898108899593353,3.9366347789764404,5.3940582275390625,3.687651082781721,0.0556718111038208,0.11386558413505554,0.1267466835936819
1451,1,0,4.210775375366211,label_Tbl,label_Tbl,0.9997144341468811,3.307126998901367,3.1493921279907227,3.1634464263916016,3.1366639137268066,-0.5964161157608032,-1.0,0.0,0.0,0.0,0.0,1.0,-0.04475587606430054,-0.024234510958194733,614.531494140625,52.290523529052734,-247.51271057128906,664.5643920898438,616.7521837348056,-0.04475587606430054,-0.024234510958194733,0.050895971978791116
1451,2,17,2.6797056198120117,label_Tbl,label_Tbl,0.9997144341468811,-1.2780001163482666,-1.4245073795318604,-1.4216803312301636,-1.4372354745864868,1.8148398399353027,0.0,0.0,0.0,1.0,0.0,0.0,-0.0036260485649108887,-0.6536998748779297,0.7543002367019653,-0.45685869455337524,-0.39330071210861206,0.9655952453613281,0.8818666077574631,-0.0036260485649108887,-0.6536998748779297,0.6537099315779255
1451,3,1,2.48745059967041,label_Tbl,label_Tbl,0.9997144341468811,1.1867024898529053,1.0299265384674072,1.0430221557617188,1.0171983242034912,-0.6050025224685669,0.0,0.0,0.0,1.0,0.0,0.0,-0.04109358787536621,-0.02622629702091217,29.72087860107422,2.4693353176116943,-12.086338996887207,32.1793098449707,29.82328355045091,-0.04109358787536621,-0.02622629702091217,0.048749375584714434
1451,4,16,2.41806697845459,label_Tbl,label_Tbl,0.9997144341468811,-0.9994813203811646,-1.018134355545044,-1.143161654472351,-1.0308626890182495,0.8142357468605042,0.0,0.0,0.0,1.0,0.0,0.0,0.3374830186367035,0.22128042578697205,1.2418030500411987,0.425904244184494,-1.1197826862335205,1.7255094051361084,1.3128096740601773,0.3374830186367035,0.22128042578697205,0.4035589358502735
1451,5,2,2.3379123210906982,label_Tbl,label_Tbl,0.9997144341468811,1.1034729480743408,1.1065515279769897,0.9597926735877991,1.0938230752944946,0.944264829158783,1.0,0.0,0.0,0.0,0.0,1.0,0.3843546211719513,0.20597392320632935,25.17632484436035,8.206310272216797,-24.243310928344727,35.90181350708008,26.480008703787224,0.3843546211719513,0.20597392320632935,0.4360662012323829
1451,6,11,2.3333210945129395,label_Tbl,label_Tbl,0.9997144341468811,-0.5174773931503296,-0.5133113861083984,-0.6611576676368713,-0.526039719581604,1.5099029541015625,1.0,1.0,0.0,0.0,0.0,0.0,0.385515421628952,0.4299488961696625,2.242997884750366,1.3416824340820312,-2.396994113922119,3.549114227294922,2.6136471194327098,0.385515421628952,0.4299488961696625,0.5774757082607543
1451,7,8,2.2077748775482178,label_Tbl,label_Tbl,0.9997144341468811,-0.4230351150035858,-0.5756537914276123,-0.5667155385017395,-0.5883819460868835,0.8990210890769958,0.0,0.0,1.0,0.0,0.0,0.0,-0.025555729866027832,-0.4239857792854309,2.844116687774658,-0.9263312220573425,-1.2625128030776978,3.246694803237915,2.9911685453408574,-0.025555729866027832,-0.4239857792854309,0.42475526643616734
1451,8,12,2.1508796215057373,label_Tbl,label_Tbl,0.9997144341468811,-0.5237089991569519,-0.5450311303138733,-0.667389452457428,-0.5577594041824341,1.2420384883880615,-1.0,1.0,0.0,0.0,0.0,0.0,0.3302786648273468,0.3892763555049896,2.2753512859344482,1.238296627998352,-2.1851227283477783,3.391879081726074,2.5904829691228692,0.3302786648273468,0.3892763555049896,0.5105096251740823
1451,9,15,2.150362253189087,label_Tbl,label_Tbl,0.9997144341468811,-0.9792187213897705,-1.0715487003326416,-1.1228991746902466,-1.084276795387268,-0.08713257312774658,0.0,0.0,0.0,1.0,0.0,0.0,0.16018763184547424,0.0781099945306778,1.327749252319336,0.25154078006744385,-0.8542718887329102,1.598740577697754,1.3513662867895935,0.16018763184547424,0.0781099945306778,0.1782168584669916
1451,10,7,2.1426775455474854,label_Tbl,label_Tbl,0.9997144341468811,-0.1873379796743393,-0.23069319128990173,-0.33101823925971985,-0.24342145025730133,1.0000479221343994,0.0,0.0,1.0,0.0,0.0,0.0,0.2816832363605499,0.350949227809906,3.753105640411377,1.8597956895828247,-3.270967960357666,5.3144965171813965,4.188632468369425,0.2816832363605499,0.350949227809906,0.45001200666973623
1451,11,13,2.134355068206787,label_Tbl,label_Tbl,0.9997144341468811,-0.9266557097434998,-1.027383804321289,-1.070335865020752,-1.0401118993759155,-0.14940601587295532,0.0,0.0,0.0,1.0,0.0,0.0,0.13738438487052917,0.08706358075141907,1.4288036823272705,0.28396037220954895,-0.8818257451057434,1.7028594017028809,1.4567475607041027,0.13738438487052917,0.08706358075141907,0.16264850537128386
1451,12,14,2.09057354927063,label_Tbl,label_Tbl,0.9997144341468811,-0.9547198414802551,-1.0578739643096924,-1.0984002351760864,-1.070602297782898,-0.2773299813270569,0.0,0.0,0.0,1.0,0.0,0.0,0.13065996766090393,-0.001403994858264923,1.3913880586624146,0.1504572629928589,-0.8361895084381104,1.6302794218063354,1.399499238219037,0.13065996766090393,-0.001403994858264923,0.13066751069302
1451,13,10,2.0415658950805664,label_Tbl,label_Tbl,0.9997144341468811,-0.4762023091316223,-0.645126223564148,-0.6198826432228088,-0.6578544974327087,-0.39579206705093384,0.0,0.0,1.0,0.0,0.0,0.0,-0.09007421135902405,0.045805469155311584,2.7391886711120605,0.4277985095977783,-0.9783228635787964,2.939945697784424,2.772393576093181,-0.09007421135902405,0.045805469155311584,0.10105198937422429
1451,14,5,2.0319669246673584,label_Tbl,label_Tbl,0.9997144341468811,0.1221972182393074,0.07395095378160477,-0.021483134478330612,0.06122269481420517,0.6631200909614563,-1.0,1.0,0.0,0.0,0.0,0.0,0.27002736926078796,0.2467392086982727,6.109630107879639,2.2708446979522705,-4.993956565856934,8.212392807006836,6.517999363096571,0.27002736926078796,0.2467392086982727,0.36578001210967187
1451,15,3,2.0115301609039307,label_Tbl,label_Tbl,0.9997144341468811,1.009034276008606,0.951370894908905,0.8653538823127747,0.9386426210403442,0.33669108152389526,0.0,0.0,1.0,0.0,0.0,0.0,0.24788841605186462,0.13894425332546234,22.429763793945312,5.681035041809082,-17.08685302734375,28.76332664489746,23.13803066378906,0.24788841605186462,0.13894425332546234,0.28417278607367136
1451,16,9,2.003803014755249,label_Tbl,label_Tbl,0.9997144341468811,-0.47231772541999817,-0.5227788090705872,-0.6159980893135071,-0.5355072617530823,0.7701117396354675,1.0,1.0,0.0,0.0,0.0,0.0,0.263734370470047,0.29072728753089905,2.5679190158843994,1.08523690700531,-2.1139121055603027,3.5014357566833496,2.7878212310812103,0.263734370470047,0.29072728753089905,0.3925279275189296
1455,1,0,4.552828788757324,label_Tbl,label_Tbl,0.9999303817749023,2.9078094959259033,2.81514048576355,2.8777034282684326,2.822896957397461,-0.0304071307182312,-1.0,0.0,0.0,0.0,0.0,1.0,-0.11212480068206787,-0.1563493013381958,-96.41053771972656,-335.0348815917969,220.01461791992188,412.24969482421875,348.63069811282566,-0.11212480068206787,-0.1563493013381958,0.19239821973431928
1455,2,32,2.589681625366211,label_Tbl,label_Tbl,0.9999303817749023,-1.0143451690673828,-1.032564401626587,-1.044451117515564,-1.0248078107833862,0.0001736283302307129,0.0,0.0,0.0,1.0,0.0,0.0,0.06703156232833862,0.1884784698486328,0.08301328122615814,-1.282543420791626,1.097868800163269,1.6903032064437866,1.2852271515478573,0.06703156232833862,0.1884784698486328,0.20004340515163185
1455,3,2,2.4815258979797363,label_Tbl,label_Tbl,0.9999303817749023,1.2632362842559814,1.2414140701293945,1.2331304550170898,1.2491705417633057,0.2695006728172302,0.0,0.0,1.0,0.0,0.0,0.0,0.059078872203826904,0.26076650619506836,4.54107141494751,-32.95753479003906,28.071949005126953,43.52992630004883,33.26891084830233,0.059078872203826904,0.26076650619506836,0.26737517441613523
1455,4,31,2.4624550342559814,label_Tbl,label_Tbl,0.9999303817749023,-1.0055609941482544,-0.9816656708717346,-1.035666823387146,-0.9739091396331787,0.10467123985290527,0.0,0.0,0.0,1.0,0.0,0.0,0.1562536358833313,0.16351354122161865,0.05161580815911293,-1.3004330396652222,1.2690800428390503,1.8177882432937622,1.3014569844235528,0.1562536358833313,0.16351354122161865,0.22616780692573082
1455,5,33,2.444230079650879,label_Tbl,label_Tbl,0.9999303817749023,-1.190685510635376,-1.2029712200164795,-1.220791220664978,-1.1952146291732788,0.34584492444992065,0.0,0.0,0.0,1.0,0.0,0.0,0.08000755310058594,0.2750614881515503,0.1504952609539032,-0.9876206517219543,0.8705068230628967,1.3250757455825806,0.9990212086223602,0.08000755310058594,0.2750614881515503,0.28646122044229394
1455,6,19,2.408583402633667,label_Tbl,label_Tbl,0.9999303817749023,-0.11260204017162323,-0.17368513345718384,-0.14270786941051483,-0.1659286916255951,-0.33671706914901733,-1.0,1.0,0.0,0.0,0.0,0.0,-0.038050949573516846,0.10939180850982666,-0.0673491433262825,-4.660093307495117,3.357880115509033,5.7654218673706055,4.660579957652005,-0.038050949573516846,0.10939180850982666,0.11582073446709318
1455,7,30,2.3958687782287598,label_Tbl,label_Tbl,0.9999303817749023,-0.9592036604881287,-0.9862942695617676,-0.9893093705177307,-0.9785377383232117,-0.24641203880310059,0.0,0.0,0.0,1.0,0.0,0.0,0.047345638275146484,0.13004660606384277,0.008626289665699005,-1.3905367851257324,1.1520748138427734,1.805808186531067,1.3905635417560767,0.047345638275146484,0.13004660606384277,0.1383969985671847
1455,8,23,2.3633241653442383,label_Tbl,label_Tbl,0.9999303817749023,-0.3740331828594208,-0.2628503739833832,-0.4041387438774109,-0.2550939619541168,0.47732847929000854,1.0,1.0,0.0,0.0,0.0,0.0,0.31904417276382446,0.013558387756347656,-0.3530834913253784,-3.188572406768799,3.9024548530578613,5.075877666473389,3.2080620232554558,0.31904417276382446,0.013558387756347656,0.3193321375200193
1455,9,29,2.3466956615448,label_Tbl,label_Tbl,0.9999303817749023,-0.8449892997741699,-0.824517548084259,-0.8750951290130615,-0.8167610168457031,0.27377647161483765,0.0,0.0,0.0,1.0,0.0,0.0,0.14923006296157837,0.2231426239013672,0.16228744387626648,-1.6289474964141846,1.580267071723938,2.275313377380371,1.6370116555827976,0.14923006296157837,0.2231426239013672,0.2684441139103326
1455,10,1,2.311199903488159,label_Tbl,label_Tbl,0.9999303817749023,1.428244948387146,1.3992565870285034,1.398139238357544,1.407013177871704,-0.051474153995513916,-1.0,1.0,0.0,0.0,0.0,0.0,0.04308253526687622,0.18210458755493164,2.4521615505218506,-42.04127502441406,34.65735626220703,54.54020309448242,42.112728502773116,0.04308253526687622,0.18210458755493164,0.187131466230491
1455,11,28,2.242311716079712,label_Tbl,label_Tbl,0.9999303817749023,-0.7158685922622681,-0.6651654839515686,-0.7459743618965149,-0.6574088931083679,0.14273178577423096,0.0,0.0,0.0,1.0,0.0,0.0,0.21007174253463745,0.10684716701507568,-0.03345688432455063,-1.9683314561843872,2.0704736709594727,2.856975555419922,1.9686157787932252,0.21007174253463745,0.10684716701507568,0.23568295252454405
1455,12,6,2.1999921798706055,label_Tbl,label_Tbl,0.9999303817749023,0.718343198299408,0.7372366786003113,0.6882373690605164,0.7449931502342224,0.027644813060760498,0.0,0.0,1.0,0.0,0.0,0.0,0.14597976207733154,0.14663612842559814,0.34812861680984497,-15.270835876464844,14.676396369934082,21.18292236328125,15.274803497910137,0.14597976207733154,0.14663612842559814,0.20691120099163998
1455,13,21,2.1849076747894287,label_Tbl,label_Tbl,0.9999303817749023,-0.2944083511829376,-0.30301234126091003,-0.32451409101486206,-0.29525575041770935,0.09549123048782349,-1.0,1.0,0.0,0.0,0.0,0.0,0.07989561557769775,0.2091308832168579,0.30619895458221436,-3.581477165222168,3.131605863571167,4.792850017547607,3.594542597437824,0.07989561557769775,0.2091308832168579,0.22387281144346743
1455,14,18,2.1583704948425293,label_Tbl,label_Tbl,0.9999303817749023,-0.10856156051158905,-0.058563005179166794,-0.13866738975048065,-0.050806570798158646,0.5511897206306458,-1.0,1.0,0.0,0.0,0.0,0.0,0.2083909511566162,0.2658576965332031,0.6634663939476013,-4.640369415283203,4.918671131134033,6.796029567718506,4.687559702680448,0.2083909511566162,0.2658576965332031,0.3377974294305685
1455,15,3,2.1556618213653564,label_Tbl,label_Tbl,0.9999303817749023,0.9154815673828125,0.896651029586792,0.8853759169578552,0.9044075608253479,-0.12377667427062988,0.0,0.0,0.0,1.0,0.0,0.0,0.0656861662864685,0.15577292442321777,0.6462593674659729,-20.233123779296875,17.256580352783203,26.600500106811523,20.243442124263012,0.0656861662864685,0.15577292442321777,0.1690558381860121
1455,16,8,2.1469357013702393,label_Tbl,label_Tbl,0.9999303817749023,0.5633711814880371,0.5704658031463623,0.5332653522491455,0.5782223343849182,-0.0036000609397888184,0.0,0.0,0.0,1.0,0.0,0.0,0.12142270803451538,0.15778887271881104,0.41546058654785156,-12.234253883361816,11.34836196899414,16.692359924316406,12.241306122368167,0.12142270803451538,0.15778887271881104,0.19909998086466085
1468,1,0,4.240090847015381,label_Tbl,label_Tbl,1.0,2.4504902362823486,2.243293523788452,2.564126491546631,2.536447525024414,0.8079439997673035,1.0,0.0,0.0,0.0,1.0,0.0,0.0861249789595604,0.3926515579223633,151.5325164794922,-99.71745300292969,-16.267765045166016,182.127197265625,181.39921164106272,0.0861249789595604,0.3926515579223633,0.40198601709467924
1468,2,1,3.178183078765869,label_Tbl,label_Tbl,1.0,2.376068115234375,2.1672191619873047,2.4897043704986572,2.4603729248046875,-0.04077976942062378,0.0,0.0,1.0,0.0,0.0,0.0,-0.06079317256808281,-0.17980587482452393,65.95832061767578,-149.1715545654297,9.360496520996094,163.37156677246094,163.10319662769052,-0.06079317256808281,-0.17980587482452393,0.18980506434841263
1468,3,7,2.7738168239593506,label_Tbl,label_Tbl,1.0,0.27185434103012085,0.061914801597595215,0.38549044728279114,0.3550688624382019,0.7069405913352966,0.0,0.0,1.0,0.0,0.0,0.0,-0.01657889597117901,-0.3763701915740967,1.7595473527908325,-7.8775787353515625,0.10609973967075348,8.072391510009766,8.071694593973211,-0.01657889597117901,-0.3763701915740967,0.37673516015517505
1468,4,9,2.717127799987793,label_Tbl,label_Tbl,1.0,0.06271163374185562,-0.1468861997127533,0.17634782195091248,0.14626769721508026,0.8532769083976746,0.0,0.0,1.0,0.0,0.0,0.0,0.030466079711914062,-0.4121948480606079,1.0949857234954834,-5.886000633239746,-0.20300179719924927,5.990426540374756,5.986985651323846,0.030466079711914062,-0.4121948480606079,0.41331921656356646
1468,5,11,2.5617475509643555,label_Tbl,label_Tbl,1.0,-0.08993838727474213,-0.2988896071910858,0.023697804659605026,-0.0057357787154614925,-0.13724368810653687,-1.0,1.0,0.0,0.0,0.0,0.0,-0.049896158277988434,-0.15799760818481445,2.0422868728637695,-4.359256744384766,0.22374378144741058,4.821161270141602,4.81394381298076,-0.049896158277988434,-0.15799760818481445,0.16568907870775376
1468,6,15,2.551342010498047,label_Tbl,label_Tbl,1.0,-0.34062376618385315,-0.46799108386039734,-0.22698749601840973,-0.1748371124267578,1.7056019306182861,0.0,0.0,1.0,0.0,0.0,0.0,0.49207350611686707,-0.387609601020813,0.6965559124946594,-3.2920022010803223,-1.736401081085205,3.786496877670288,3.3648876104780907,0.49207350611686707,-0.387609601020813,0.6264004615464936
1468,7,14,2.503248453140259,label_Tbl,label_Tbl,1.0,-0.33045557141304016,-0.5404531359672546,-0.2168193757534027,-0.24729904532432556,0.07985872030258179,0.0,0.0,0.0,1.0,0.0,0.0,-0.0060904668644070625,-0.2198803424835205,1.2544509172439575,-3.1753089427948,0.009067445062100887,3.414134979248047,3.4141227256744644,-0.0060904668644070625,-0.2198803424835205,0.2199646762489303
1468,8,17,2.497145175933838,label_Tbl,label_Tbl,1.0,-0.42495548725128174,-0.634175717830658,-0.3113192021846771,-0.3410218060016632,-0.29065173864364624,1.0,1.0,0.0,0.0,0.0,0.0,-0.009848792105913162,-0.12695562839508057,1.3487370014190674,-2.660646677017212,0.01913348026573658,2.9862985610961914,2.982973724141671,-0.009848792105913162,-0.12695562839508057,0.12733707349839357
1468,9,13,2.496224880218506,label_Tbl,label_Tbl,1.0,-0.1749480962753296,-0.38435274362564087,-0.061311814934015274,-0.09119868278503418,0.10616761445999146,0.0,0.0,0.0,1.0,0.0,0.0,-0.04468129202723503,-0.2220919132232666,1.557739019393921,-3.9686639308929443,0.17590227723121643,4.267058372497559,4.263431041885511,-0.04468129202723503,-0.2220919132232666,0.22654190732929314
1468,10,2,2.4784839153289795,label_Tbl,label_Tbl,1.0,1.546825885772705,1.3375569581985474,1.6604622602462769,1.6307108402252197,0.024623453617095947,0.0,0.0,0.0,1.0,0.0,0.0,-0.04914227873086929,-0.20021307468414307,19.238712310791016,-46.02760314941406,2.280992269515991,49.93867492675781,49.88655433137603,-0.04914227873086929,-0.20021307468414307,0.20615586053600488
1468,11,16,2.454263687133789,label_Tbl,label_Tbl,1.0,-0.3651774823665619,-0.5625107884407043,-0.2515411376953125,-0.26935696601867676,-0.13981211185455322,-1.0,1.0,0.0,0.0,0.0,0.0,-0.12048579007387161,-0.11279928684234619,1.5098506212234497,-2.8767573833465576,0.38115713000297546,3.308229446411133,3.248904729450799,-0.12048579007387161,-0.11279928684234619,0.16504697731817736
1468,12,8,2.449603319168091,label_Tbl,label_Tbl,1.0,0.2443326860666275,0.03478233888745308,0.35796913504600525,0.3279360830783844,0.09199172258377075,-1.0,1.0,0.0,0.0,0.0,0.0,-0.03443952649831772,-0.22032248973846436,2.8482484817504883,-7.2189226150512695,0.24065224826335907,7.7654852867126465,7.760500185934707,-0.03443952649831772,-0.22032248973846436,0.22299793826397601
1468,13,18,2.4120001792907715,label_Tbl,label_Tbl,1.0,-0.5612099766731262,-0.7685633301734924,-0.4475736618041992,-0.4754094183444977,0.22563451528549194,1.0,1.0,0.0,0.0,0.0,0.0,-0.06941253691911697,-0.24683451652526855,0.8402981162071228,-2.307090997695923,0.16211682558059692,2.4646565914154053,2.4553553298353394,-0.06941253691911697,-0.24683451652526855,0.2564086169180179
1468,14,10,2.4023520946502686,label_Tbl,label_Tbl,1.0,-0.05792555585503578,-0.26765939593315125,0.055710554122924805,0.02549457550048828,-0.022692441940307617,0.0,0.0,0.0,1.0,0.0,0.0,-0.031014317646622658,-0.19183599948883057,1.9822471141815186,-4.632960796356201,0.13899755477905273,5.041125774383545,5.039209200088288,-0.031014317646622658,-0.19183599948883057,0.19432688593955344
1468,15,12,2.361473321914673,label_Tbl,label_Tbl,1.0,-0.10202561318874359,-0.31131452322006226,0.011610746383666992,-0.018160628154873848,0.1135481595993042,1.0,1.0,0.0,0.0,0.0,0.0,-0.037535976618528366,-0.22528135776519775,1.7147139310836792,-4.409893035888672,0.1613830178976059,4.7363409996032715,4.7315325692033285,-0.037535976618528366,-0.22528135776519775,0.22838703924968626
1468,16,3,2.337146043777466,label_Tbl,label_Tbl,1.0,1.314868688583374,1.1059833765029907,1.4285049438476562,1.399137258529663,0.008963167667388916,1.0,1.0,0.0,0.0,0.0,0.0,-0.05974823608994484,-0.1932135820388794,14.04322338104248,-32.94762420654297,2.0179734230041504,35.87268829345703,35.81561201187876,-0.05974823608994484,-0.1932135820388794,0.20224079707159623
1474,1,0,4.165884017944336,label_Tbl,label_Tbl,0.999911904335022,2.9449517726898193,2.788546323776245,2.908785104751587,2.8688626289367676,-0.07873797416687012,-1.0,0.0,0.0,0.0,1.0,0.0,-0.09144067764282227,-0.1554100513458252,-342.4636535644531,133.67759704589844,149.54550170898438,396.8815002441406,367.628962358353,-0.09144067764282227,-0.1554100513458252,0.18031550567571986
1474,2,40,2.5822346210479736,label_Tbl,label_Tbl,0.999911904335022,-1.1662847995758057,-1.2408673763275146,-1.2024513483047485,-1.1605509519577026,0.16153830289840698,0.0,0.0,0.0,1.0,0.0,0.0,0.154486745595932,0.18417000770568848,-1.0339106321334839,0.033688392490148544,0.7110123634338379,1.255246877670288,1.0344593288415116,0.154486745595932,0.18417000770568848,0.2403845800028271
1474,3,34,2.464332103729248,label_Tbl,label_Tbl,0.999911904335022,-0.7796373963356018,-0.8295437693595886,-0.8158040642738342,-0.7492274045944214,1.6773347854614258,0.0,0.0,0.0,1.0,0.0,0.0,0.21460404992103577,0.5809641480445862,-1.6793097257614136,-0.6402048468589783,1.368682861328125,2.2590343952178955,1.7972043292231972,0.21460404992103577,0.5809641480445862,0.6193337061356198
1474,4,1,2.4570701122283936,label_Tbl,label_Tbl,0.999911904335022,1.0004140138626099,0.9093645811080933,0.9642473459243774,0.989680826663971,0.5991836190223694,0.0,0.0,1.0,0.0,0.0,0.0,0.11184903979301453,0.33143168687820435,-22.704694747924805,-2.6154732704162598,14.540221214294434,27.08803939819336,22.85484333844155,0.11184903979301453,0.33143168687820435,0.3497958987317482
1474,5,42,2.438605785369873,label_Tbl,label_Tbl,0.999911904335022,-1.277936577796936,-1.3645620346069336,-1.3141034841537476,-1.2842456102371216,-0.14035028219223022,0.0,0.0,0.0,1.0,0.0,0.0,0.12353309988975525,0.10925054550170898,-0.8768563270568848,0.09461922198534012,0.5733452439308167,1.051928997039795,0.8819466057924377,0.12353309988975525,0.10925054550170898,0.1649124266415155
1474,6,6,2.382859706878662,label_Tbl,label_Tbl,0.999911904335022,0.5129594802856445,0.4391553997993469,0.4767926037311554,0.5194718241691589,0.24254709482192993,0.0,0.0,1.0,0.0,0.0,0.0,0.1564481556415558,0.20845985412597656,-11.39033317565918,0.09433800727128983,7.856283187866211,13.837260246276855,11.390723836180825,0.1564481556415558,0.20845985412597656,0.260636789778166
1474,7,41,2.367767333984375,label_Tbl,label_Tbl,0.999911904335022,-1.2575349807739258,-1.3461240530014038,-1.2937017679214478,-1.2658076286315918,-0.17916983366012573,0.0,0.0,0.0,1.0,0.0,0.0,0.11836948990821838,0.10038948059082031,-0.9018898606300354,0.10541323572397232,0.584716796875,1.0800050497055054,0.908029333762441,0.11836948990821838,0.10038948059082031,0.15520755121586868
1474,8,35,2.3429670333862305,label_Tbl,label_Tbl,0.999911904335022,-0.799727737903595,-1.0092164278030396,-0.8358946442604065,-0.9289000630378723,1.8656961917877197,0.0,0.0,0.0,1.0,0.0,0.0,-0.4495397210121155,0.49197059869766235,-1.6806292533874512,-0.4746021032333374,0.06677505373954773,1.7476328611373901,1.7463567343859527,-0.4495397210121155,0.49197059869766235,0.6664240622535976
1474,9,23,2.2239532470703125,label_Tbl,label_Tbl,0.999911904335022,-0.10419680923223495,-0.3124217092990875,-0.1403636932373047,-0.23210544884204865,1.4318947792053223,1.0,1.0,0.0,0.0,0.0,0.0,-0.422936350107193,0.36394983530044556,-4.665863990783691,-0.6918567419052124,0.30601346492767334,4.728855609893799,4.716879533315602,-0.422936350107193,0.36394983530044556,0.557973690112012
1474,10,31,2.1670567989349365,label_Tbl,label_Tbl,0.999911904335022,-0.5551526546478271,-0.6422983407974243,-0.5913192629814148,-0.5619821548461914,-0.026796042919158936,0.0,0.0,0.0,1.0,0.0,0.0,0.12216821312904358,0.14980053901672363,-2.4711475372314453,0.16566963493824005,1.6060454845428467,2.9518465995788574,2.47669468822978,0.12216821312904358,0.14980053901672363,0.193300992725967
1474,11,12,2.150956392288208,label_Tbl,label_Tbl,0.999911904335022,0.2959296703338623,0.186195507645607,0.2597629427909851,0.2665117681026459,0.13453418016433716,-1.0,1.0,0.0,0.0,0.0,0.0,0.060119420289993286,0.22576600313186646,-8.353796005249023,-0.07538717240095139,4.809574127197266,9.64069938659668,8.354136156603934,0.060119420289993286,0.22576600313186646,0.23363354396606406
1474,12,36,2.119565725326538,label_Tbl,label_Tbl,0.999911904335022,-0.8817760944366455,-0.957408607006073,-0.9179428815841675,-0.877092182636261,-0.08784645795822144,0.0,0.0,0.0,1.0,0.0,0.0,0.15183499455451965,0.0929720401763916,-1.5413223505020142,0.1917494684457779,1.0625656843185425,1.881884217262268,1.553203929561824,0.15183499455451965,0.0929720401763916,0.17803838301313452
1474,13,17,2.0783259868621826,label_Tbl,label_Tbl,0.999911904335022,0.1279006153345108,0.012097739614546299,0.09173373878002167,0.0924139991402626,-0.0783812403678894,1.0,1.0,0.0,0.0,0.0,0.0,0.04236927628517151,0.17535877227783203,-6.565696716308594,0.2718646228313446,3.6491854190826416,7.517866611480713,6.5713228305792954,0.04236927628517151,0.17535877227783203,0.18040469668974182
1474,14,33,2.06699538230896,label_Tbl,label_Tbl,0.999911904335022,-0.7253445386886597,-0.8119783401489258,-0.7615113854408264,-0.7316619157791138,0.2376449704170227,0.0,0.0,0.0,1.0,0.0,0.0,0.12351098656654358,0.2281211018562317,-1.9420204162597656,-0.022099504247307777,1.2625198364257812,2.316438674926758,1.942146154453297,0.12351098656654358,0.2281211018562317,0.2594112582652151
1474,15,4,2.002798557281494,label_Tbl,label_Tbl,0.999911904335022,0.7513337731361389,0.6329178214073181,0.7151668667793274,0.7132342457771301,0.21314066648483276,-1.0,1.0,0.0,0.0,0.0,0.0,0.03422936797142029,0.2509616017341614,-16.002553939819336,-0.54781574010849,8.742949485778809,18.25006103515625,16.011927887732256,0.03422936797142029,0.2509616017341614,0.25328516572570675
1474,16,38,1.9570358991622925,label_Tbl,label_Tbl,0.999911904335022,-1.1216990947723389,-1.1813994646072388,-1.1578658819198608,-1.1010832786560059,-0.009877681732177734,1.0,0.0,0.0,0.0,1.0,0.0,0.19122251868247986,0.04952049255371094,-1.0871130228042603,0.18350224196910858,0.8074403405189514,1.3665459156036377,1.102491631332549,0.19122251868247986,0.04952049255371094,0.1975305820222112
1475,1,0,4.437465667724609,label_Tbl,label_Tbl,0.9986506104469299,2.985323190689087,2.7774863243103027,3.0992705821990967,3.0787413120269775,-0.39846035838127136,1.0,0.0,0.0,0.0,1.0,0.0,0.06345491856336594,0.07778562605381012,378.8045654296875,-90.45514678955078,30.664274215698242,390.6601257324219,389.4547886097866,0.06345491856336594,0.07778562605381012,0.10038491077082544
1475,2,21,2.6254005432128906,label_Tbl,label_Tbl,0.9986506104469299,-1.2771666049957275,-1.4655288457870483,-1.1632195711135864,-1.164273977279663,0.6338254809379578,0.0,0.0,0.0,1.0,0.0,0.0,-0.26512372493743896,-0.2412475347518921,0.7511191964149475,-0.4640722870826721,-0.2229660153388977,0.9106354713439941,0.8829173997952349,-0.26512372493743896,-0.2412475347518921,0.35845636073107723
1475,3,4,2.5713539123535156,label_Tbl,label_Tbl,0.9986506104469299,0.17970170080661774,0.059346649795770645,0.293648898601532,0.3606016933917999,1.2060363292694092,-1.0,1.0,0.0,0.0,0.0,0.0,0.5014419555664062,0.008205413818359375,6.7516350746154785,-2.1180179119110107,3.820608139038086,8.042829513549805,7.076056532840438,0.5014419555664062,0.008205413818359375,0.5015090862768015
1475,4,2,2.554795742034912,label_Tbl,label_Tbl,0.9986506104469299,0.6088626980781555,0.4380362331867218,0.7228097319602966,0.739291250705719,1.0527386665344238,-1.0,1.0,0.0,0.0,0.0,0.0,-0.35272353887557983,-0.300210177898407,10.689305305480957,-7.509165287017822,-4.493348121643066,13.815154075622559,13.063261890566872,-0.35272353887557983,-0.300210177898407,0.4631846778453556
1475,5,1,2.5079588890075684,label_Tbl,label_Tbl,0.9986506104469299,1.5440037250518799,1.3486465215682983,1.6579509973526,1.6499013900756836,0.670147716999054,0.0,0.0,1.0,0.0,0.0,0.0,-0.22045347094535828,-0.29408103227615356,40.83082962036133,-28.31122398376465,-10.269927978515625,50.736114501953125,49.685833503583964,-0.22045347094535828,-0.29408103227615356,0.3675369184129181
1475,6,15,2.506582021713257,label_Tbl,label_Tbl,0.9986506104469299,-0.5584807991981506,-0.6606665849685669,-0.4445335268974304,-0.35941174626350403,1.4728224277496338,0.0,0.0,1.0,0.0,0.0,0.0,0.5541645288467407,0.12553592026233673,2.422133684158325,-0.45741868019104004,1.4805207252502441,2.875396490097046,2.464946943226587,0.5541645288467407,0.12553592026233673,0.5682055898247059
1475,7,3,2.4770278930664062,label_Tbl,label_Tbl,0.9986506104469299,0.3336062729358673,0.147743359208107,0.4475533068180084,0.44899824261665344,0.6585105061531067,0.0,0.0,1.0,0.0,0.0,0.0,-0.2793206572532654,-0.23437851667404175,7.531728267669678,-4.5822272300720215,-2.355679750442505,9.125402450561523,8.81610668526805,-0.2793206572532654,-0.23437851667404175,0.3646276438323351
1475,8,19,2.47051739692688,label_Tbl,label_Tbl,0.9986506104469299,-1.1452134847640991,-1.3425527811050415,-1.031266212463379,-1.0412977933883667,0.4702907204627991,0.0,0.0,0.0,1.0,0.0,0.0,-0.20596718788146973,-0.24172282218933105,0.9066668152809143,-0.5607715845108032,-0.20460692048072815,1.085529088973999,1.0660719881538923,-0.20596718788146973,-0.24172282218933105,0.31757267711655485
1475,9,20,2.4105188846588135,label_Tbl,label_Tbl,0.9986506104469299,-1.1588568687438965,-1.3612014055252075,-1.0449097156524658,-1.0599464178085327,-0.1463155746459961,0.0,0.0,0.0,1.0,0.0,0.0,-0.16336467862129211,-0.004294335842132568,0.9935716986656189,-0.32538387179374695,-0.15547239780426025,1.056991457939148,1.0454948036278195,-0.16336467862129211,-0.004294335842132568,0.16342111106391083
1475,10,18,2.3610355854034424,label_Tbl,label_Tbl,0.9986506104469299,-0.903289258480072,-1.0865390300750732,-0.7893421649932861,-0.7852839827537537,0.8228868842124939,0.0,0.0,0.0,1.0,0.0,0.0,-0.2934224009513855,-0.2802024483680725,1.249552845954895,-0.8409767746925354,-0.4244840145111084,1.5648677349090576,1.5061952895976793,-0.2934224009513855,-0.2802024483680725,0.405721724155286
1475,11,17,2.3496432304382324,label_Tbl,label_Tbl,0.9986506104469299,-0.7763373255729675,-0.9622838497161865,-0.6623902916908264,-0.6610288023948669,0.5927484631538391,0.0,0.0,0.0,1.0,0.0,0.0,-0.27885740995407104,-0.20850133895874023,1.5664002895355225,-0.898293673992157,-0.4816197454929352,1.8688229322433472,1.8056969268931307,-0.27885740995407104,-0.20850133895874023,0.34818710980431244
1475,12,16,2.339334726333618,label_Tbl,label_Tbl,0.9986506104469299,-0.7038737535476685,-0.8949559926986694,-0.5899267196655273,-0.593701183795929,0.9689242243766785,0.0,0.0,0.0,1.0,0.0,0.0,-0.24873726069927216,-0.36564749479293823,1.5599209070205688,-1.255871057510376,-0.47195306420326233,2.057499647140503,2.002639595446995,-0.24873726069927216,-0.36564749479293823,0.44223106551725816
1475,13,11,2.2645978927612305,label_Tbl,label_Tbl,0.9986506104469299,-0.44536441564559937,-0.6367284059524536,-0.33141711354255676,-0.3354736268520355,0.460063636302948,0.0,0.0,0.0,1.0,0.0,0.0,-0.24697557091712952,-0.19554561376571655,2.5317671298980713,-1.4086395502090454,-0.677541196346283,2.9754281044006348,2.897259081001466,-0.24697557091712952,-0.19554561376571655,0.3150159038728884
1475,14,14,2.2387309074401855,label_Tbl,label_Tbl,0.9986506104469299,-0.5281963348388672,-0.7150994539260864,-0.41424912214279175,-0.41384458541870117,0.8185194134712219,0.0,0.0,0.0,1.0,0.0,0.0,-0.2735026776790619,-0.29819726943969727,2.10914945602417,-1.4753316640853882,-0.672269880771637,2.6602747440338135,2.573929864409676,-0.2735026776790619,-0.29819726943969727,0.40462986320699096
1475,15,13,2.2206883430480957,label_Tbl,label_Tbl,0.9986506104469299,-0.5273838043212891,-0.7051233649253845,-0.4134366810321808,-0.4038683772087097,0.6853734850883484,0.0,0.0,0.0,1.0,0.0,0.0,-0.32113707065582275,-0.18645882606506348,2.2631301879882812,-1.2323778867721558,-0.8007301092147827,2.6984591484069824,2.5769193824388217,-0.32113707065582275,-0.18645882606506348,0.37134338820957147
1475,16,6,2.2203385829925537,label_Tbl,label_Tbl,0.9986506104469299,-0.008100234903395176,-0.20826177299022675,0.10584688186645508,0.0929931178689003,0.2563452124595642,0.0,0.0,1.0,0.0,0.0,0.0,-0.1832531988620758,-0.19015741348266602,4.742476940155029,-2.605283260345459,-0.9136148691177368,5.4875569343566895,5.410969265717416,-0.1832531988620758,-0.19015741348266602,0.26408630558134044
1476,1,0,4.305108547210693,label_Tbl,label_Hqql,0.9812347292900085,3.0737125873565674,3.0472302436828613,3.037925958633423,3.0603504180908203,-0.5319421887397766,-1.0,0.0,0.0,0.0,0.0,1.0,0.06185555458068848,-0.02578425407409668,-436.4727478027344,68.85923767089844,-366.8690185546875,574.319580078125,441.8710832212113,0.06185555458068848,-0.02578425407409668,0.06701445657947323
1476,2,11,2.6631901264190674,label_Tbl,label_Hqql,0.9812347292900085,-0.09334709495306015,-0.17388640344142914,-0.12913379073143005,-0.16076602041721344,2.193089246749878,0.0,0.0,1.0,0.0,0.0,0.0,-0.067177414894104,-0.7452507019042969,-3.0672762393951416,3.6798465251922607,-3.204923152923584,5.76376485824585,4.790558837727343,-0.067177414894104,-0.7452507019042969,0.7482722858429957
1476,3,14,2.4175338745117188,label_Tbl,label_Hqql,0.9812347292900085,-0.6839239001274109,-0.4655224084854126,-0.7197107076644897,-0.4524022042751312,1.4814002513885498,-1.0,1.0,0.0,0.0,0.0,0.0,0.5268075466156006,0.2185702919960022,-2.052583694458008,-0.18084940314292908,-3.1896331310272217,3.7998743057250977,2.060535447249583,0.5268075466156006,0.2185702919960022,0.5703500361307658
1476,4,15,2.336923360824585,label_Tbl,label_Hqql,0.9812347292900085,-1.085207223892212,-1.0550711154937744,-1.120993971824646,-1.0419507026672363,0.6119557023048401,0.0,0.0,0.0,1.0,0.0,0.0,0.1821141242980957,0.3023832440376282,-1.144412636756897,-0.19844280183315277,-1.1533087491989136,1.6368203163146973,1.1614903481167054,0.1821141242980957,0.3023832440376282,0.35298892410893296
1476,5,12,2.3260416984558105,label_Tbl,label_Hqql,0.9812347292900085,-0.37512731552124023,-0.5273746252059937,-0.41091394424438477,-0.5142543911933899,0.40694278478622437,0.0,0.0,0.0,1.0,0.0,0.0,-0.2824501693248749,0.10614299774169922,-3.2020862102508545,0.07861438393592834,-1.3566817045211792,3.478522777557373,3.2030510953215066,-0.2824501693248749,0.10614299774169922,0.30173570243052916
1476,6,2,2.3070099353790283,label_Tbl,label_Hqql,0.9812347292900085,1.1085058450698853,0.9730048775672913,1.0727190971374512,0.9861250519752502,0.09889870882034302,1.0,1.0,0.0,0.0,0.0,0.0,-0.2247079610824585,-0.002740621566772461,-26.434011459350586,3.5481631755828857,-12.989042282104492,29.666160583496094,26.67107841377323,-0.2247079610824585,-0.002740621566772461,0.22472467327912157
1476,7,16,2.2963743209838867,label_Tbl,label_Hqql,0.9812347292900085,-1.3164821863174438,-1.3733772039413452,-1.352268934249878,-1.3602570295333862,0.23767024278640747,1.0,1.0,0.0,0.0,0.0,0.0,-0.02395498752593994,0.25830918550491333,-0.8279069662094116,-0.10623496770858765,-0.6023597717285156,1.0387650728225708,0.8346950419537165,-0.02395498752593994,0.25830918550491333,0.25941757215651307
1476,8,8,2.2839128971099854,label_Tbl,label_Hqql,0.9812347292900085,0.2643202841281891,0.15456411242485046,0.22853359580039978,0.167684406042099,-0.18232887983322144,0.0,0.0,0.0,1.0,0.0,0.0,-0.14623582363128662,0.049597740173339844,-7.959043979644775,0.646827757358551,-4.598579406738281,9.214754104614258,7.985284416826318,-0.14623582363128662,0.049597740173339844,0.15441778376671159
1476,9,9,2.2809364795684814,label_Tbl,label_Hqql,0.9812347292900085,0.2482208013534546,0.1345444619655609,0.2124340981245041,0.14766459167003632,-0.15053588151931763,1.0,1.0,0.0,0.0,0.0,0.0,-0.1578025221824646,0.038224220275878906,-7.770389556884766,0.7205424308776855,-4.39016056060791,8.954949378967285,7.803725729447374,-0.1578025221824646,0.038224220275878906,0.16236602792100982
1476,10,1,2.249579906463623,label_Tbl,label_Hqql,0.9812347292900085,1.4426771402359009,1.3290027379989624,1.4068905115127563,1.3421227931976318,0.003719031810760498,-1.0,1.0,0.0,0.0,0.0,0.0,-0.15791839361190796,0.12423586845397949,-42.98910140991211,0.27742061018943787,-24.179269790649414,49.33211135864258,42.989996536713804,-0.15791839361190796,0.12423586845397949,0.20092976397607196
1476,11,7,2.2049241065979004,label_Tbl,label_Hqql,0.9812347292900085,0.5220124125480652,0.3943040668964386,0.48622575402259827,0.4074242115020752,0.026239633560180664,0.0,0.0,0.0,1.0,0.0,0.0,-0.19982513785362244,0.052315473556518555,-11.503573417663574,0.9034267663955688,-5.940723419189453,12.978466033935547,11.538993946519598,-0.19982513785362244,0.052315473556518555,0.20655990533417176
1476,12,6,2.180217981338501,label_Tbl,label_Hqql,0.9812347292900085,0.7183954119682312,0.6118020415306091,0.6826089024543762,0.6249221563339233,-0.20567315816879272,0.0,0.0,0.0,1.0,0.0,0.0,-0.1372431516647339,0.056928396224975586,-15.234408378601074,1.1257423162460327,-8.95601749420166,17.707759857177734,15.275944959595055,-0.1372431516647339,0.056928396224975586,0.1485817114439626
1476,13,10,2.1283276081085205,label_Tbl,label_Hqql,0.9812347292900085,-0.00201089377515018,-0.10275501757860184,-0.03779759258031845,-0.08963489532470703,-0.15805011987686157,-1.0,1.0,0.0,0.0,0.0,0.0,-0.12137866020202637,0.10499262809753418,-5.4564433097839355,0.14024198055267334,-3.3008573055267334,6.3802490234375,5.458245268032136,-0.12137866020202637,0.10499262809753418,0.16048747959659065
1476,14,13,2.1153485774993896,label_Tbl,label_Hqql,0.9812347292900085,-0.5092634558677673,-0.6146275997161865,-0.5450502038002014,-0.6015074253082275,-0.007730007171630859,1.0,1.0,0.0,0.0,0.0,0.0,-0.16004210710525513,0.11669301986694336,-2.644237995147705,0.037011269479990005,-1.4809291362762451,3.070868730545044,2.6444970049238616,-0.16004210710525513,0.11669301986694336,0.19806750599822473
1476,15,3,2.0998013019561768,label_Tbl,label_Hqql,0.9812347292900085,1.0586633682250977,0.9242522716522217,1.0228767395019531,0.9373725652694702,0.1114702820777893,0.0,0.0,0.0,1.0,0.0,0.0,-0.22113850712776184,0.05496716499328613,-24.766864776611328,1.8789864778518677,-12.195027351379395,27.670324325561523,24.83803899358605,-0.22113850712776184,0.05496716499328613,0.22786756803480024
1476,16,5,2.051962375640869,label_Tbl,label_Hqql,0.9812347292900085,0.8095118403434753,0.702161431312561,0.773725152015686,0.7152815461158752,-0.08658850193023682,-1.0,1.0,0.0,0.0,0.0,0.0,-0.1394321322441101,0.11121344566345215,-17.396270751953125,0.3388458490371704,-10.156935691833496,20.14765167236328,17.39957047126938,-0.1394321322441101,0.11121344566345215,0.1783528805443765
1483,1,0,4.221884727478027,label_Tbl,label_Tbl,0.9999655485153198,3.095207691192627,2.9361844062805176,3.132457733154297,3.1326212882995605,-0.38332492113113403,1.0,0.0,0.0,0.0,0.0,1.0,0.06476366519927979,-0.0815892219543457,-343.95416259765625,298.85223388671875,-180.4215850830078,490.0704650878906,455.65022074760043,0.06476366519927979,-0.0815892219543457,0.10416877396398544
1483,2,14,2.8599438667297363,label_Tbl,label_Tbl,0.9999655485153198,-0.9331426620483398,-1.0971137285232544,-0.8958926796913147,-0.9006764888763428,1.9537451267242432,0.0,0.0,0.0,1.0,0.0,0.0,-0.6881545782089233,0.019692420959472656,-1.179633378982544,0.8316299915313721,0.5410981774330139,1.541405439376831,1.4433098598791059,-0.6881545782089233,0.019692420959472656,0.6884362824206364
1483,3,10,2.58147931098938,label_Tbl,label_Tbl,0.9999655485153198,0.014888858422636986,-0.18726438283920288,0.0521390438079834,0.009172772988677025,1.2904016971588135,-1.0,1.0,0.0,0.0,0.0,0.0,-0.46947312355041504,0.22957825660705566,-5.141077041625977,2.1989970207214355,0.8303042650222778,5.654656887054443,5.5916241866809555,-0.46947312355041504,0.22957825660705566,0.5226004110627147
1483,4,13,2.3403382301330566,label_Tbl,label_Tbl,0.9999655485153198,-0.7864263653755188,-0.8251334428787231,-0.7491763234138489,-0.6286962628364563,1.005058765411377,0.0,0.0,0.0,1.0,0.0,0.0,0.4069041907787323,-0.1951122283935547,-1.2026642560958862,1.3120574951171875,-1.4142321348190308,2.2733123302459717,1.7798584728522264,0.4069041907787323,-0.1951122283935547,0.45126466972497814
1483,5,4,2.168046236038208,label_Tbl,label_Tbl,0.9999655485153198,0.5190367102622986,0.309203177690506,0.5562869310379028,0.5056402087211609,1.1257586479187012,-1.0,1.0,0.0,0.0,0.0,0.0,-0.3034244775772095,0.37378835678100586,-11.103951454162598,2.9535489082336426,-0.20796138048171997,11.492776870727539,11.49004739110017,-0.3034244775772095,0.37378835678100586,0.48143966315421816
1483,6,12,2.1399896144866943,label_Tbl,label_Tbl,0.9999655485153198,-0.5761522054672241,-0.7799080014228821,-0.5389021635055542,-0.5834709405899048,0.6603335738182068,0.0,0.0,0.0,1.0,0.0,0.0,-0.18775588274002075,0.31310319900512695,-2.280989170074463,0.7575578093528748,-0.3224681615829468,2.425034284591675,2.4034985809250053,-0.18775588274002075,0.31310319900512695,0.3650833942138817
1483,7,1,2.088956832885742,label_Tbl,label_Tbl,0.9999655485153198,1.0980416536331177,0.8891932368278503,1.1352916955947876,1.0856302976608276,0.8616140484809875,-1.0,1.0,0.0,0.0,0.0,0.0,-0.2643929123878479,0.3204004764556885,-24.99582290649414,8.099530220031738,-1.5019227266311646,26.318601608276367,26.27534115017395,-0.2643929123878479,0.3204004764556885,0.4154035115811618
1483,8,3,2.041900157928467,label_Tbl,label_Tbl,0.9999655485153198,0.5783360004425049,0.36849725246429443,0.61558598279953,0.5649343132972717,0.7900223135948181,1.0,1.0,0.0,0.0,0.0,0.0,-0.3031880259513855,0.25707530975341797,-11.629030227661133,4.600132465362549,-0.2293035387992859,12.508702278137207,12.50582115395622,-0.3031880259513855,0.25707530975341797,0.39750558985392115
1483,9,11,2.038395881652832,label_Tbl,label_Tbl,0.9999655485153198,-0.18088948726654053,-0.39023229479789734,-0.1436394602060318,-0.19379515945911407,0.7179864048957825,0.0,0.0,0.0,1.0,0.0,0.0,-0.27818700671195984,0.25812721252441406,-3.932645559310913,1.550866961479187,-0.1832546889781952,4.231367588043213,4.227397476861565,-0.27818700671195984,0.25812721252441406,0.37949659886352605
1483,10,5,2.020251750946045,label_Tbl,label_Tbl,0.9999655485153198,0.38562464714050293,0.17669713497161865,0.4228748381137848,0.3731343746185303,1.0085062980651855,1.0,1.0,0.0,0.0,0.0,0.0,-0.26813527941703796,0.36403560638427734,-9.152865409851074,2.5304110050201416,-0.507219135761261,9.510766983032227,9.496205824705745,-0.26813527941703796,0.36403560638427734,0.4521265871231436
1483,11,2,2.0093226432800293,label_Tbl,label_Tbl,0.9999655485153198,0.7604951858520508,0.5509381890296936,0.797745406627655,0.7473754286766052,0.8623833060264587,0.0,0.0,0.0,1.0,0.0,0.0,-0.28594425320625305,0.301588773727417,-15.336071968078613,5.290212631225586,-0.577306866645813,16.233137130737305,16.2228682141496,-0.28594425320625305,0.301588773727417,0.41559584259240234
1483,12,7,1.9968456029891968,label_Tbl,label_Tbl,0.9999655485153198,0.2851492166519165,0.07735707610845566,0.32239922881126404,0.2737939655780792,0.8224409222602844,0.0,0.0,0.0,1.0,0.0,0.0,-0.2420586347579956,0.32546472549438477,-7.838603973388672,2.4961915016174316,-0.6543967723846436,8.252449035644531,8.226462439248827,-0.2420586347579956,0.32546472549438477,0.40561024420253483
1483,13,9,1.9765700101852417,label_Tbl,label_Tbl,0.9999655485153198,0.10321798175573349,-0.10512248426675797,0.14046816527843475,0.09131450206041336,0.9350479245185852,-1.0,1.0,0.0,0.0,0.0,0.0,-0.25623467564582825,0.3499903678894043,-6.089948654174805,1.7760709524154663,-0.4144589602947235,6.358706951141357,6.343650576639566,-0.25623467564582825,0.3499903678894043,0.43376199305458213
1483,14,6,1.9615952968597412,label_Tbl,label_Tbl,0.9999655485153198,0.3439047336578369,0.13670839369297028,0.3811549246311188,0.33314546942710876,0.8852594494819641,0.0,0.0,0.0,1.0,0.0,0.0,-0.23196132481098175,0.35171031951904297,-8.593256950378418,2.4901058673858643,-0.802357017993927,8.982675552368164,8.94676993366972,-0.23196132481098175,0.35171031951904297,0.4213148526509041
1483,15,8,1.9532285928726196,label_Tbl,label_Tbl,0.9999655485153198,0.2410622537136078,0.03483991697430611,0.27831244468688965,0.2312769889831543,0.8390626311302185,1.0,1.0,0.0,0.0,0.0,0.0,-0.21910890936851501,0.3462646007537842,-7.407298564910889,2.1902403831481934,-0.7924614548683167,7.766124725341797,7.724326829290955,-0.21910890936851501,0.3462646007537842,0.4097656499754923
1485,1,0,4.3215107917785645,label_Tbl,label_Tbl,0.9999517202377319,2.890089511871338,2.7944393157958984,2.9458396434783936,2.9384429454803467,-0.1322004795074463,-1.0,0.0,0.0,0.0,1.0,0.0,0.011773228645324707,0.16653424501419067,231.8733673095703,248.55128479003906,211.29701232910156,400.2367248535156,339.9161656030175,0.011773228645324707,0.16653424501419067,0.1669498837231748
1485,2,1,2.81791090965271,label_Tbl,label_Tbl,0.9999517202377319,1.9288026094436646,1.8175559043884277,1.9845532178878784,1.961559534072876,0.3700088858604431,0.0,0.0,1.0,0.0,0.0,0.0,-0.03174525499343872,-0.29077446460723877,80.48957824707031,30.553203582763672,49.15471267700195,99.13756561279297,86.09338218214602,-0.03174525499343872,-0.29077446460723877,0.2925022230380904
1485,3,15,2.6844723224639893,label_Tbl,label_Tbl,0.9999517202377319,-0.4335143268108368,-0.5710424184799194,-0.37776365876197815,-0.4270388185977936,1.4342224597930908,1.0,1.0,0.0,0.0,0.0,0.0,-0.22406527400016785,-0.5116435289382935,2.917097330093384,0.4168006181716919,1.057023048400879,3.268153429031372,2.946723534460987,-0.22406527400016785,-0.5116435289382935,0.5585555905343716
1485,4,18,2.5797102451324463,label_Tbl,label_Tbl,0.9999517202377319,-0.9049848914146423,-1.021479606628418,-0.849234402179718,-0.8774760365486145,-0.041423916816711426,0.0,0.0,0.0,1.0,0.0,0.0,-0.04704409837722778,-0.18371638655662537,1.3397300243377686,0.680281937122345,0.831505537033081,1.7172831296920776,1.5025511811871861,-0.04704409837722778,-0.18371638655662537,0.1896440293854507
1485,5,20,2.5236129760742188,label_Tbl,label_Tbl,0.9999517202377319,-1.2520215511322021,-1.3455301523208618,-1.1962710618972778,-1.2015265226364136,0.30998092889785767,0.0,0.0,0.0,1.0,0.0,0.0,0.017544984817504883,-0.2769400179386139,0.8510636687278748,0.3365994691848755,0.5751373767852783,1.0809216499328613,0.9152095775744973,0.017544984817504883,-0.2769400179386139,0.27749522523475295
1485,6,2,2.489802837371826,label_Tbl,label_Tbl,0.9999517202377319,1.2926520109176636,1.1626431941986084,1.348402500152588,1.3066468238830566,0.167589008808136,0.0,0.0,1.0,0.0,0.0,0.0,-0.08827781677246094,-0.2252139151096344,31.56195831298828,14.412033081054688,17.581758499145508,38.897071838378906,34.69674206723485,-0.08827781677246094,-0.2252139151096344,0.2418972519337948
1485,7,19,2.478790521621704,label_Tbl,label_Tbl,0.9999517202377319,-0.9179311394691467,-1.0377380847930908,-0.8621805906295776,-0.8937343955039978,-0.0958176851272583,0.0,0.0,0.0,1.0,0.0,0.0,-0.05689364671707153,-0.16659879684448242,1.3035564422607422,0.6902297735214233,0.7997032403945923,1.6778563261032104,1.4750174705456607,-0.05689364671707153,-0.16659879684448242,0.17604557974228172
1485,8,17,2.4095656871795654,label_Tbl,label_Tbl,0.9999517202377319,-0.46721747517585754,-0.5869904160499573,-0.4114670157432556,-0.44298675656318665,0.22137027978897095,0.0,0.0,0.0,1.0,0.0,0.0,-0.05679166316986084,-0.24894684553146362,2.5814530849456787,1.1055008172988892,1.5228387117385864,3.194537401199341,2.8082079849655144,-0.05679166316986084,-0.24894684553146362,0.2553425638346755
1485,9,16,2.4000368118286133,label_Tbl,label_Tbl,0.9999517202377319,-0.4553864896297455,-0.5770929455757141,-0.3996359705924988,-0.43308934569358826,-0.27459073066711426,-1.0,1.0,0.0,0.0,0.0,0.0,-0.06458359956741333,-0.11437827348709106,2.4508728981018066,1.4664174318313599,1.5235263109207153,3.2400262355804443,2.8560738868294058,-0.06458359956741333,-0.11437827348709106,0.13135231546863493
1485,10,10,2.321444511413574,label_Tbl,label_Tbl,0.9999517202377319,-0.11377771943807602,-0.23257975280284882,-0.058027029037475586,-0.08857612311840057,0.14822256565093994,0.0,0.0,0.0,1.0,0.0,0.0,-0.05388885736465454,-0.2308492362499237,4.243215084075928,1.9087414741516113,2.5384790897369385,5.300192832946777,4.652759209853434,-0.05388885736465454,-0.2308492362499237,0.23705564499762743
1485,11,4,2.306467056274414,label_Tbl,label_Tbl,0.9999517202377319,0.6146360635757446,0.4976811110973358,0.6703866720199585,0.6416847109794617,0.17157268524169922,0.0,0.0,0.0,1.0,0.0,0.0,-0.04840373992919922,-0.2380213737487793,12.050520896911621,5.317147254943848,7.268564224243164,15.043907165527344,13.171450520639727,-0.04840373992919922,-0.2380213737487793,0.24289317899107343
1485,12,12,2.3034887313842773,label_Tbl,label_Tbl,0.9999517202377319,-0.2874029278755188,-0.3953235447406769,-0.23165249824523926,-0.2513198256492615,0.09316688776016235,0.0,0.0,0.0,1.0,0.0,0.0,-0.02223038673400879,-0.22218236327171326,3.2980828285217285,1.5180925130844116,2.112807273864746,4.2007036209106445,3.6306962448093656,-0.02223038673400879,-0.22218236327171326,0.22329172094671837
1485,13,6,2.266218662261963,label_Tbl,label_Tbl,0.9999517202377319,0.39663222432136536,0.2820107936859131,0.4523828327655792,0.42601442337036133,0.14699381589889526,0.0,0.0,0.0,1.0,0.0,0.0,-0.041541337966918945,-0.23307541012763977,8.806382179260254,3.9378602504730225,5.399202823638916,11.054885864257812,9.646715007682566,-0.041541337966918945,-0.23307541012763977,0.2367484520883912
1485,14,8,2.2313404083251953,label_Tbl,label_Tbl,0.9999517202377319,0.12332391738891602,0.012446379289031029,0.17907452583312988,0.1564498394727707,0.07595014572143555,0.0,0.0,0.0,1.0,0.0,0.0,-0.03068220615386963,-0.21682745218276978,5.915711402893066,2.761460065841675,3.735417366027832,7.52161169052124,6.528499299039356,-0.03068220615386963,-0.21682745218276978,0.2189875379891282
1485,15,11,2.229224443435669,label_Tbl,label_Tbl,0.9999517202377319,-0.1449507474899292,-0.2605102062225342,-0.08920030295848846,-0.1165066733956337,0.20730739831924438,-1.0,1.0,0.0,0.0,0.0,0.0,-0.045063793659210205,-0.2477620244026184,4.0886921882629395,1.7567079067230225,2.472745895385742,5.0928754806518555,4.4501040976482305,-0.045063793659210205,-0.2477620244026184,0.2518268576523234
1485,16,3,2.2032999992370605,label_Tbl,label_Tbl,0.9999517202377319,0.9333885312080383,0.816349446773529,0.9891389608383179,0.9603530764579773,0.02516263723373413,1.0,1.0,0.0,0.0,0.0,0.0,-0.048687875270843506,-0.20046278834342957,18.67234992980957,9.091320991516113,11.453908920288086,23.717510223388672,20.767974606880685,-0.048687875270843506,-0.20046278834342957,0.20629066558817405
1486,1,0,4.305064678192139,label_Tbl,label_Tbl,0.9998478889465332,2.9848031997680664,2.9354159832000732,3.066971778869629,3.0998332500457764,-0.3454625606536865,1.0,0.0,0.0,0.0,0.0,1.0,0.11195623874664307,-0.019456863403320312,36.90495681762695,-387.4115295410156,-296.9725036621094,489.53277587890625,389.1653492527567,0.11195623874664307,-0.019456863403320312,0.11363436508288682
1486,2,3,2.7698099613189697,label_Tbl,label_Tbl,0.9998478889465332,0.9343810081481934,0.7358766198158264,1.016549825668335,0.9002941250801086,0.8526316285133362,1.0,1.0,0.0,0.0,0.0,0.0,-0.41143468022346497,0.03769576549530029,3.15165114402771,-20.5572566986084,-3.76810359954834,21.141807556152344,20.797444744634642,-0.41143468022346497,0.03769576549530029,0.4131579199614374
1486,3,12,2.611553192138672,label_Tbl,label_Tbl,0.9998478889465332,-0.6478942036628723,-0.5189100503921509,-0.565725564956665,-0.35449275374412537,1.3991949558258057,0.0,0.0,1.0,0.0,0.0,0.0,0.473513662815094,0.2793983221054077,0.8324459791183472,-2.0032973289489746,-2.7731125354766846,3.520840883255005,2.1693700690118316,0.473513662815094,0.2793983221054077,0.5497987006786063
1486,4,2,2.601560115814209,label_Tbl,label_Tbl,0.9998478889465332,1.205936312675476,1.0167680978775024,1.2881048917770386,1.1811853647232056,0.5923014283180237,1.0,1.0,0.0,0.0,0.0,0.0,-0.34650203585624695,0.033057570457458496,4.5047430992126465,-30.3212890625,-7.589932918548584,31.580055236816406,30.65409076781737,-0.34650203585624695,0.033057570457458496,0.34807537088549323
1486,5,1,2.5721888542175293,label_Tbl,label_Tbl,0.9998478889465332,1.3958609104156494,1.2060195207595825,1.4780296087265015,1.3704370260238647,0.6089803576469421,-1.0,1.0,0.0,0.0,0.0,0.0,-0.3505176901817322,0.03484177589416504,5.979806423187256,-39.76171112060547,-9.789424896240234,41.38362121582031,40.20885171323936,-0.3505176901817322,0.03484177589416504,0.35224508581071223
1486,6,7,2.4548606872558594,label_Tbl,label_Tbl,0.9998478889465332,0.11568447202444077,-0.08540690690279007,0.19785332679748535,0.0790104866027832,1.005185842514038,-1.0,1.0,0.0,0.0,0.0,0.0,-0.45091116428375244,0.01864445209503174,0.8568165302276611,-6.400543212890625,-0.9117711782455444,6.540346622467041,6.45763795722179,-0.45091116428375244,0.01864445209503174,0.45129645873821467
1486,7,9,2.429239273071289,label_Tbl,label_Tbl,0.9998478889465332,-0.3623606860637665,-0.5158771872520447,-0.28019198775291443,-0.35145998001098633,0.31910163164138794,0.0,0.0,0.0,1.0,0.0,0.0,-0.18449220061302185,0.2103257179260254,1.0408334732055664,-3.0914947986602783,-1.3651129007339478,3.5361287593841553,3.2620046611077544,-0.18449220061302185,0.2103257179260254,0.27977540940571155
1486,8,4,2.360377311706543,label_Tbl,label_Tbl,0.9998478889465332,0.6116647124290466,0.4196486175060272,0.6938334703445435,0.5840660929679871,0.6644473671913147,-1.0,0.0,0.0,0.0,1.0,0.0,-0.36398962140083313,0.03936290740966797,2.0091612339019775,-12.960854530334473,-3.0116255283355713,13.456982612609863,13.115657780695033,-0.36398962140083313,0.03936290740966797,0.3661118448879576
1486,9,6,2.3547515869140625,label_Tbl,label_Tbl,0.9998478889465332,0.28887560963630676,0.10020272433757782,0.37104418873786926,0.26462021470069885,0.6222078204154968,1.0,1.0,0.0,0.0,0.0,0.0,-0.35053569078445435,0.05951404571533203,1.431343674659729,-8.145569801330566,-2.013388156890869,8.526225090026855,8.270371944679205,-0.35053569078445435,0.05951404571533203,0.35555195422208163
1486,10,10,2.3381500244140625,label_Tbl,label_Tbl,0.9998478889465332,-0.38729649782180786,-0.5654783248901367,-0.3051277995109558,-0.40106090903282166,0.5415238738059998,-1.0,1.0,0.0,0.0,0.0,0.0,-0.3290115296840668,0.06505239009857178,0.5619568824768066,-3.0972821712493896,-0.836247444152832,3.2942347526550293,3.147848850580724,-0.3290115296840668,0.06505239009857178,0.33538097758010416
1486,11,8,2.3271141052246094,label_Tbl,label_Tbl,0.9998478889465332,-0.3387041687965393,-0.4409460127353668,-0.2565355598926544,-0.2765286862850189,0.6555553078651428,1.0,1.0,0.0,0.0,0.0,0.0,-0.08183491230010986,0.3545675277709961,1.525081753730774,-3.0097949504852295,-1.7956290245056152,3.935654401779175,3.3741280354380327,-0.08183491230010986,0.3545675277709961,0.36388883552645956
1486,12,11,2.232384443283081,label_Tbl,label_Tbl,0.9998478889465332,-0.5249550342559814,-0.6397993564605713,-0.44278615713119507,-0.4753820300102234,-0.15754657983779907,0.0,0.0,0.0,1.0,0.0,0.0,-0.0583345890045166,0.14964532852172852,0.6749585270881653,-2.496234178543091,-1.445365071296692,2.9624035358428955,2.5858758839928346,-0.0583345890045166,0.14964532852172852,0.16061335132143256
1486,13,5,2.1425178050994873,label_Tbl,label_Tbl,0.9998478889465332,0.5800736546516418,0.3919774293899536,0.6622422933578491,0.5563948750495911,0.5622339844703674,0.0,0.0,0.0,1.0,0.0,0.0,-0.3401675224304199,0.016313791275024414,1.6344642639160156,-12.429903030395508,-3.1860053539276123,12.93540096282959,12.5369040346911,-0.3401675224304199,0.016313791275024414,0.34055848705063174
1492,1,0,4.307469367980957,label_Tbl,label_Tbl,0.9999988079071045,3.2563462257385254,3.8416261672973633,3.1059629917144775,3.1508076190948486,-0.5135862231254578,-1.0,0.0,0.0,0.0,0.0,1.0,0.06982135772705078,-0.01587549038231373,573.4762573242188,-11.664728164672852,1691.958740234375,1786.5428466796875,573.5948775902285,0.06982135772705078,-0.01587549038231373,0.0716034439795163
1492,2,23,2.63612699508667,label_Tbl,label_Tbl,0.9999988079071045,-1.3304555416107178,-0.6699482202529907,-1.4808388948440552,-1.360767126083374,2.20129132270813,0.0,0.0,0.0,1.0,0.0,0.0,0.18265068531036377,0.7277520895004272,0.6133477091789246,0.5415281057357788,2.716998815536499,2.83752179145813,0.8181980821639803,0.18265068531036377,0.7277520895004272,0.7503228482570575
1492,3,9,2.539696455001831,label_Tbl,label_Tbl,0.9999988079071045,-0.16551662981510162,0.05266308784484863,-0.3159000873565674,-0.638155460357666,2.256800413131714,-1.0,1.0,0.0,0.0,0.0,0.0,-0.5112912654876709,-0.5679639577865601,3.6324074268341064,-2.3407111167907715,6.691096782684326,7.966402530670166,4.321262806956721,-0.5112912654876709,-0.5679639577865601,0.764200114831552
1492,4,19,2.4591150283813477,label_Tbl,label_Tbl,0.9999988079071045,-1.0186303853988647,-0.7429296970367432,-1.1690140962600708,-1.4337483644485474,2.354339361190796,1.0,1.0,0.0,0.0,0.0,0.0,-0.416556715965271,-0.6695868372917175,0.9980207085609436,-0.7972844839096069,2.210188150405884,2.5565836429595947,1.2773832169711234,-0.416556715965271,-0.6695868372917175,0.7885848275804553
1492,5,21,2.4220125675201416,label_Tbl,label_Tbl,0.9999988079071045,-1.1660282611846924,-0.6857821345329285,-1.3164116144180298,-1.3766008615493774,-0.4312519133090973,-1.0,1.0,0.0,0.0,0.0,0.0,-0.09152531623840332,0.011025615967810154,1.0348161458969116,0.006792138330638409,2.5700247287750244,2.7740578651428223,1.0348384361590175,-0.09152531623840332,0.011025615967810154,0.09218702576832254
1492,6,1,2.07372784614563,label_Tbl,label_Tbl,0.9999988079071045,1.6193959712982178,1.9904533624649048,1.4690123796463013,1.299634575843811,0.3291195034980774,1.0,0.0,0.0,0.0,1.0,0.0,-0.2607078552246094,0.10822819918394089,55.03830337524414,5.731697082519531,114.21443939208984,126.91337585449219,55.33594844105569,-0.2607078552246094,0.10822819918394089,0.28227987684993533
1492,7,8,1.9545948505401611,label_Tbl,label_Tbl,0.9999988079071045,0.0030889392364770174,0.3591959774494171,-0.14729441702365875,-0.33162274956703186,0.3696548342704773,0.0,0.0,0.0,1.0,0.0,0.0,-0.2845008373260498,0.06756512075662613,5.487212657928467,0.3467200696468353,11.051450729370117,12.343592643737793,5.498155832643005,-0.2845008373260498,0.06756512075662613,0.29241370005880524
1492,8,22,1.9518135786056519,label_Tbl,label_Tbl,0.9999988079071045,-1.2025620937347412,-0.8969504237174988,-1.3529454469680786,-1.5877689123153687,0.8251686692237854,0.0,0.0,0.0,1.0,0.0,0.0,-0.3658411502838135,0.176730215549469,0.967676043510437,0.16836856305599213,1.8012510538101196,2.0516457557678223,0.9822142832445234,-0.3658411502838135,0.176730215549469,0.40629215637167493
1492,9,11,1.9237037897109985,label_Tbl,label_Tbl,0.9999988079071045,-0.3923957347869873,-0.147462397813797,-0.5427790880203247,-0.8382812142372131,1.1412742137908936,1.0,1.0,0.0,0.0,0.0,0.0,-0.4699668884277344,0.12109996378421783,3.1037683486938477,0.3636676073074341,5.08102560043335,5.985496997833252,3.1250011345531457,-0.4699668884277344,0.12109996378421783,0.4853185319426669
1492,10,20,1.9063729047775269,label_Tbl,label_Tbl,0.9999988079071045,-1.1290528774261475,-0.6774717569351196,-1.279436469078064,-1.3682903051376343,0.32659298181533813,-1.0,1.0,0.0,0.0,0.0,0.0,-0.13578975200653076,-0.24675267934799194,1.0567258596420288,-0.2711942195892334,2.582751989364624,2.807187795639038,1.090970140368103,-0.13578975200653076,-0.24675267934799194,0.2816482584988021
1492,11,6,1.8829126358032227,label_Tbl,label_Tbl,0.9999988079071045,0.14082598686218262,0.5079640746116638,-0.009557628072798252,-0.18285465240478516,0.30078691244125366,0.0,0.0,1.0,0.0,0.0,0.0,-0.2669336795806885,-0.06693018227815628,6.676737308502197,-0.477478951215744,13.720792770385742,15.26653003692627,6.693788705628469,-0.2669336795806885,-0.06693018227815628,0.27519672707769055
1492,12,14,1.8605351448059082,label_Tbl,label_Tbl,0.9999988079071045,-0.6649754047393799,-0.23899687826633453,-0.8153587579727173,-0.9298156499862671,0.18211358785629272,0.0,0.0,0.0,1.0,0.0,0.0,-0.17427527904510498,0.17295178771018982,2.087095022201538,0.3550198972225189,4.806211948394775,5.251826286315918,2.117074575711098,-0.17427527904510498,0.17295178771018982,0.2455283970509313
1492,13,2,1.8590494394302368,label_Tbl,label_Tbl,0.9999988079071045,1.344680666923523,1.692406177520752,1.194297194480896,1.0015875101089478,0.4171850085258484,1.0,1.0,0.0,0.0,0.0,0.0,-0.29789602756500244,0.0620819590985775,37.31187057495117,2.152287244796753,74.00536346435547,82.90730285644531,37.373894982808814,-0.29789602756500244,0.0620819590985775,0.30429625841361596
1492,14,15,1.8464164733886719,label_Tbl,label_Tbl,0.9999988079071045,-0.6703460812568665,-0.344193696975708,-0.8207297325134277,-1.0350123643875122,0.6182309985160828,-1.0,1.0,0.0,0.0,0.0,0.0,-0.3330988883972168,0.12147562950849533,2.086527109146118,0.24527236819267273,3.9985361099243164,4.519018173217773,2.100893598400571,-0.3330988883972168,0.12147562950849533,0.3545577499025324
1492,15,16,1.827873945236206,label_Tbl,label_Tbl,0.9999988079071045,-0.7919192910194397,-0.541923999786377,-0.9423025846481323,-1.2327427864074707,1.0622949600219727,0.0,0.0,0.0,1.0,0.0,0.0,-0.4574953317642212,0.08635362982749939,1.76002836227417,0.1444544941186905,2.9135658740997314,3.406968355178833,1.765946470559225,-0.4574953317642212,0.08635362982749939,0.46557376211556384
1492,16,10,1.8265857696533203,label_Tbl,label_Tbl,0.9999988079071045,-0.2380487471818924,0.09659550338983536,-0.388432115316391,-0.5942232012748718,0.4961199164390564,0.0,0.0,0.0,1.0,0.0,0.0,-0.31888067722320557,0.0575372613966465,3.8904361724853516,0.20667965710163116,7.534780502319336,8.482400894165039,3.8959222390651127,-0.31888067722320557,0.0575372613966465,0.3240299720015978
1493,1,0,4.335227012634277,label_Tbl,label_Tbl,0.9999953508377075,3.0134594440460205,2.804311513900757,3.0497653484344482,3.0283336639404297,-0.25945401191711426,1.0,0.0,0.0,0.0,1.0,0.0,-0.07290370762348175,0.1137845516204834,-401.8688049316406,-53.59910583496094,20.017017364501953,405.9212646484375,405.4274294167729,-0.07290370762348175,0.1137845516204834,0.13513650421971318
1493,2,1,2.5725595951080322,label_Tbl,label_Tbl,0.9999953508377075,1.6705477237701416,1.49397611618042,1.7068537473678589,1.7179983854293823,0.571186363697052,0.0,0.0,1.0,0.0,0.0,0.0,0.18925651907920837,-0.2858172059059143,-57.421443939208984,15.707141876220703,18.846050262451172,62.44285583496094,59.530971182935076,0.18925651907920837,-0.2858172059059143,0.34279659450735883
1493,3,2,2.4981210231781006,label_Tbl,label_Tbl,0.9999953508377075,1.3777439594268799,1.1998931169509888,1.4140499830245972,1.4239153861999512,0.6080077290534973,-1.0,1.0,0.0,0.0,0.0,0.0,0.18290013074874878,-0.3007538914680481,-37.634483337402344,10.9013090133667,12.142930030822754,41.02301025390625,39.181537415958104,0.18290013074874878,-0.3007538914680481,0.35200193332009394
1493,4,17,2.4483585357666016,label_Tbl,label_Tbl,0.9999953508377075,-1.1586233377456665,-1.3217707872390747,-1.1223174333572388,-1.0977487564086914,0.6927312016487122,0.0,0.0,0.0,1.0,0.0,0.0,0.24771341681480408,-0.27911192178726196,-1.010610818862915,0.26917362213134766,0.3958180546760559,1.1182398796081543,1.0458435189138389,0.24771341681480408,-0.27911192178726196,0.37318279938100507
1493,5,16,2.394775390625,label_Tbl,label_Tbl,0.9999953508377075,-0.9974380135536194,-1.1831326484680176,-0.9611318111419678,-0.9591103792190552,1.3549625873565674,0.0,0.0,0.0,1.0,0.0,0.0,-0.3873058557510376,0.3744804859161377,-1.216126561164856,-0.5045754313468933,-0.35307714343070984,1.3631666898727417,1.3166473250986999,-0.3873058557510376,0.3744804859161377,0.5387406242627617
1493,6,10,2.3808839321136475,label_Tbl,label_Tbl,0.9999953508377075,-0.29302239418029785,-0.46721163392066956,-0.25671616196632385,-0.2431894689798355,1.114842414855957,-1.0,0.0,0.0,0.0,1.0,0.0,0.2003471553325653,-0.4347699284553528,-3.2945446968078613,1.4553269147872925,1.1821690797805786,3.7907156944274902,3.601666445989842,0.2003471553325653,-0.4347699284553528,0.47871063633360356
1493,7,13,2.312110662460327,label_Tbl,label_Tbl,0.9999953508377075,-0.6625661253929138,-0.8450455069541931,-0.626259982585907,-0.6210232377052307,0.600877583026886,0.0,0.0,0.0,1.0,0.0,0.0,0.15999504923820496,-0.31153684854507446,-2.0340025424957275,0.613023042678833,0.6076005101203918,2.209557056427002,2.1243736944648646,0.15999504923820496,-0.31153684854507446,0.3502193937835715
1493,8,15,2.300776958465576,label_Tbl,label_Tbl,0.9999953508377075,-0.9576337933540344,-1.1530919075012207,-0.9213278293609619,-0.9290696382522583,0.8937717080116272,0.0,0.0,0.0,1.0,0.0,0.0,0.08228401094675064,-0.41537123918533325,-1.2855268716812134,0.5383124351501465,0.28705674409866333,1.422940969467163,1.3936856229622832,0.08228401094675064,-0.41537123918533325,0.42344294161060747
1493,9,14,2.27105712890625,label_Tbl,label_Tbl,0.9999953508377075,-0.8326210975646973,-0.9909041523933411,-0.7963149547576904,-0.7668820023536682,0.6129412055015564,0.0,0.0,0.0,1.0,0.0,0.0,0.2668931186199188,-0.23139411211013794,-1.6286842823028564,0.3515482544898987,0.6648876667022705,1.7939549684524536,1.6661928659837868,0.2668931186199188,-0.23139411211013794,0.3532352925259665
1493,10,7,2.1814284324645996,label_Tbl,label_Tbl,0.9999953508377075,-0.0148529764264822,-0.20002810657024384,0.021453093737363815,0.02399420738220215,0.20588427782058716,1.0,1.0,0.0,0.0,0.0,0.0,0.14443355798721313,-0.20585590600967407,-5.265546798706055,0.9965612888336182,1.44619882106781,5.55248498916626,5.3590220648701665,0.14443355798721313,-0.20585590600967407,0.2514710852402507
1493,11,12,2.1674273014068604,label_Tbl,label_Tbl,0.9999953508377075,-0.6507917642593384,-0.8491189479827881,-0.6144856810569763,-0.6250967383384705,0.924104630947113,0.0,0.0,0.0,1.0,0.0,0.0,-0.3053862154483795,0.30417561531066895,-2.0487003326416016,-0.6857070922851562,-0.39785057306289673,2.1967365741729736,2.16040905140114,-0.3053862154483795,0.30417561531066895,0.431026154120035
1493,12,8,2.1631932258605957,label_Tbl,label_Tbl,0.9999953508377075,-0.015715980902314186,-0.21954549849033356,0.02059025689959526,0.004476737696677446,0.4321649670600891,0.0,0.0,1.0,0.0,0.0,0.0,-0.25522929430007935,0.17247438430786133,-5.25479793548584,-1.0175890922546387,-0.7138264179229736,5.399808883666992,5.352418976823644,-0.25522929430007935,0.17247438430786133,0.30804124060146937
1493,13,6,2.156395435333252,label_Tbl,label_Tbl,0.9999953508377075,0.32562342286109924,0.14798586070537567,0.3619295060634613,0.37200817465782166,0.4980481266975403,0.0,0.0,0.0,1.0,0.0,0.0,0.18417063355445862,-0.2671876549720764,-8.448657989501953,2.1427242755889893,2.7128546237945557,9.12856388092041,8.716139578091527,0.18417063355445862,-0.2671876549720764,0.32451204173855863
1493,14,9,2.154388189315796,label_Tbl,label_Tbl,0.9999953508377075,-0.26661208271980286,-0.4612513780593872,-0.2303059995174408,-0.23722906410694122,0.7374227643013,0.0,0.0,0.0,1.0,0.0,0.0,0.08800432831048965,-0.3741450905799866,-3.5064992904663086,1.301223635673523,0.792213499546051,3.823129892349243,3.7401497595786384,0.08800432831048965,-0.3741450905799866,0.3843557084348908
1493,15,5,2.1468327045440674,label_Tbl,label_Tbl,0.9999953508377075,0.5309901237487793,0.35805776715278625,0.5672962069511414,0.5820798873901367,0.6575251221656799,0.0,0.0,0.0,1.0,0.0,0.0,0.20605790615081787,-0.3005226254463196,-11.227198600769043,3.2492876052856445,3.906625747680664,12.323537826538086,11.687936445881851,0.20605790615081787,-0.3005226254463196,0.3643812688550389
1493,16,11,2.138831377029419,label_Tbl,label_Tbl,0.9999953508377075,-0.3323251008987427,-0.5213496088981628,-0.2960191071033478,-0.29732754826545715,0.7466207146644592,0.0,0.0,0.0,1.0,0.0,0.0,0.12377377599477768,-0.3663089871406555,-3.2014873027801514,1.1595773696899414,0.8462136387825012,3.508591890335083,3.4050169788357256,0.12377377599477768,-0.3663089871406555,0.386655171546972
1496,1,0,4.304383754730225,label_Tbl,label_Tbl,0.9999932050704956,3.357692241668701,3.5916104316711426,3.069143056869507,3.0982720851898193,-0.482194185256958,1.0,0.0,0.0,0.0,0.0,1.0,0.05374884605407715,0.05851149559020996,-503.1518249511719,-431.6757507324219,-1059.6754150390625,1249.967041015625,662.9522703197379,0.05374884605407715,0.05851149559020996,0.07945145416131819
1496,2,23,3.170764207839966,label_Tbl,label_Tbl,0.9999932050704956,-0.4664194583892822,-0.3555234968662262,-0.754968523979187,-0.8488618731498718,2.013587474822998,0.0,0.0,1.0,0.0,0.0,0.0,-0.16231954097747803,-0.6844118237495422,-2.8098020553588867,0.09510819613933563,-3.4448533058166504,4.446464538574219,2.8114112397996673,-0.16231954097747803,-0.6844118237495422,0.7033968850309998
1496,3,29,2.330288887023926,label_Tbl,label_Tbl,0.9999932050704956,-0.8616700768470764,-0.8921822905540466,-1.150219202041626,-1.3855206966400146,1.1724193096160889,0.0,0.0,0.0,1.0,0.0,0.0,-0.44732069969177246,-0.20750069618225098,-1.444111704826355,-0.6852930188179016,-1.3083964586257935,2.0656685829162598,1.5984633676306237,-0.44732069969177246,-0.20750069618225098,0.4931048035548383
1496,4,32,2.2701401710510254,label_Tbl,label_Tbl,0.9999932050704956,-1.1606913805007935,-0.9918169379234314,-1.4492404460906982,-1.485155463218689,1.5567407608032227,0.0,0.0,0.0,1.0,0.0,0.0,-0.058068037033081055,0.586316704750061,-0.34174686670303345,-0.9851670265197754,-1.456896424293518,1.7916171550750732,1.0427583569759376,-0.058068037033081055,0.586316704750061,0.5891851790344403
1496,5,21,2.1746773719787598,label_Tbl,label_Tbl,0.9999932050704956,-0.339872270822525,-0.2437671720981598,-0.6284216046333313,-0.737105667591095,0.5837592482566833,0.0,0.0,1.0,0.0,0.0,0.0,-0.1897904872894287,-0.2892298698425293,-3.150970458984375,-1.1908793449401855,-3.982649564743042,5.216158390045166,3.3685024042736513,-0.1897904872894287,-0.2892298698425293,0.34593980209667297
1496,6,31,2.126368761062622,label_Tbl,label_Tbl,0.9999932050704956,-0.961055338382721,-0.757759153842926,-1.2496047019958496,-1.2510976791381836,-0.5667284727096558,0.0,0.0,0.0,1.0,0.0,0.0,0.0016835927963256836,-0.05829358100891113,-1.1506590843200684,-0.7742398381233215,-2.0836284160614014,2.5029923915863037,1.3868899218270805,0.0016835927963256836,-0.05829358100891113,0.05831788809230256
1496,7,27,2.0846669673919678,label_Tbl,label_Tbl,0.9999932050704956,-0.8197153210639954,-0.6974400877952576,-1.108264684677124,-1.1907786130905151,0.020819664001464844,0.0,0.0,0.0,1.0,0.0,0.0,-0.14144790172576904,-0.1486659049987793,-1.4878735542297363,-0.8165230751037598,-2.136075973510742,2.728240728378296,1.697196996683982,-0.14144790172576904,-0.1486659049987793,0.205204922484157
1496,8,20,1.9912071228027344,label_Tbl,label_Tbl,0.9999932050704956,-0.2714264392852783,-0.18785259127616882,-0.5599757432937622,-0.6811911463737488,0.30312174558639526,0.0,0.0,0.0,1.0,0.0,0.0,-0.21339070796966553,-0.1746976375579834,-3.301797389984131,-1.7016912698745728,-4.2572102546691895,5.64990758895874,3.7145146631119057,-0.21339070796966553,-0.1746976375579834,0.2757804540139413
1496,9,22,1.9904989004135132,label_Tbl,label_Tbl,0.9999932050704956,-0.42427563667297363,-0.23814129829406738,-0.7128247022628784,-0.7314797043800354,-0.6363307237625122,0.0,0.0,0.0,1.0,0.0,0.0,-0.027932286262512207,-0.029900074005126953,-2.428964138031006,-1.7365391254425049,-4.328250408172607,5.258249282836914,2.98587255555781,-0.027932286262512207,-0.029900074005126953,0.04091731957695906
1496,10,28,1.9674484729766846,label_Tbl,label_Tbl,0.9999932050704956,-0.8434783220291138,-0.7020458579063416,-1.132027506828308,-1.1953845024108887,-0.34351736307144165,0.0,0.0,0.0,1.0,0.0,0.0,-0.10678517818450928,0.040254831314086914,-1.2643988132476807,-1.0453213453292847,-2.157449960708618,2.7103488445281982,1.6405490160135932,-0.10678517818450928,0.040254831314086914,0.11412066300203039
1496,11,24,1.9345225095748901,label_Tbl,label_Tbl,0.9999932050704956,-0.5335012078285217,-0.38074401021003723,-0.8220505118370056,-0.8740823864936829,-0.3166024684906006,0.0,0.0,0.0,1.0,0.0,0.0,-0.08655428886413574,-0.08433818817138672,-2.1558046340942383,-1.3703877925872803,-3.445436716079712,4.2891130447387695,2.554497273917988,-0.08655428886413574,-0.08433818817138672,0.12084938934396187
1496,12,30,1.9273203611373901,label_Tbl,label_Tbl,0.9999932050704956,-0.8668711185455322,-0.7736319899559021,-1.1554203033447266,-1.2669705152511597,0.3763630986213684,1.0,1.0,0.0,0.0,0.0,0.0,-0.19730228185653687,-0.21808528900146484,-1.4405409097671509,-0.6650100350379944,-1.8575029373168945,2.4468741416931152,1.586630536518822,-0.19730228185653687,-0.21808528900146484,0.29409077459969524
1496,13,25,1.9230101108551025,label_Tbl,label_Tbl,0.9999932050704956,-0.5716856718063354,-0.4621719419956207,-0.8602349758148193,-0.9555104970932007,0.3036002516746521,0.0,0.0,0.0,1.0,0.0,0.0,-0.164870023727417,-0.2212209701538086,-2.1993324756622314,-1.0069438219070435,-2.9541375637054443,3.8181052207946777,2.4188838746370864,-0.164870023727417,-0.2212209701538086,0.2759000586438345
1496,14,18,1.921514868736267,label_Tbl,label_Tbl,0.9999932050704956,0.0032050132285803556,0.08014518767595291,-0.28534430265426636,-0.41319337487220764,0.13659900426864624,-1.0,1.0,0.0,0.0,0.0,0.0,-0.2262033224105835,-0.06048274040222168,-4.5691142082214355,-3.0598936080932617,-6.195835590362549,8.285385131835938,5.499068424798967,-0.2262033224105835,-0.06048274040222168,0.2341497489986887
1496,15,19,1.9032167196273804,label_Tbl,label_Tbl,0.9999932050704956,-0.04796980693936348,0.05027902126312256,-0.3365190327167511,-0.4430595338344574,0.25846391916275024,0.0,0.0,0.0,1.0,0.0,0.0,-0.18578386306762695,-0.1884303092956543,-4.575195789337158,-2.279015064239502,-6.0750651359558105,7.939316272735596,5.111391803980501,-0.18578386306762695,-0.1884303092956543,0.2646159958082404
1496,16,5,1.8949984312057495,label_Tbl,label_Tbl,0.9999932050704956,0.8226650357246399,0.9240877032279968,0.5341156721115112,0.43074917793273926,0.25782233476638794,-1.0,1.0,0.0,0.0,0.0,0.0,-0.17988431453704834,-0.19385147094726562,-15.91235065460205,-7.818945407867432,-21.235074996948242,27.663816452026367,17.729602664646084,-0.17988431453704834,-0.19385147094726562,0.26445559060999696
1499,1,0,4.188712120056152,label_Tbl,label_Tbl,0.7965450882911682,3.0916848182678223,2.882883310317993,3.176851272583008,3.1561803817749023,-0.5506501197814941,-1.0,0.0,0.0,0.0,0.0,1.0,-0.028834164142608643,-0.05526798963546753,331.07171630859375,-309.7244567871094,26.553054809570312,454.1396484375,453.36268094273925,-0.028834164142608643,-0.05526798963546753,0.06233746626346827
1499,2,11,2.830657482147217,label_Tbl,label_Tbl,0.7965450882911682,-0.3731069266796112,-0.5657508373260498,-0.2879401743412018,-0.2924536168575287,2.1315433979034424,0.0,0.0,1.0,0.0,0.0,0.0,0.13623663783073425,0.7201119661331177,3.2114388942718506,0.07478589564561844,0.7242940068244934,3.292952299118042,3.2123095588422865,0.13623663783073425,0.7201119661331177,0.7328858473565492
1499,3,17,2.7078328132629395,label_Tbl,label_Tbl,0.7965450882911682,-0.8014994859695435,-0.7930082082748413,-0.7163327932357788,-0.5197111368179321,2.2628417015075684,0.0,0.0,1.0,0.0,0.0,0.0,0.7444033622741699,-0.17937695980072021,1.1149665117263794,-1.3383618593215942,1.6218459606170654,2.380072832107544,1.7419422461029084,0.7444033622741699,-0.17937695980072021,0.7657104279506962
1499,4,18,2.4640614986419678,label_Tbl,label_Tbl,0.7965450882911682,-0.9301950931549072,-1.123367428779602,-0.8450283408164978,-0.8500705361366272,2.23313307762146,1.0,1.0,0.0,0.0,0.0,0.0,-0.28601229190826416,0.7022752165794373,1.4493788480758667,0.007893910631537437,-0.28980961441993713,1.4846651554107666,1.4494003446511199,-0.28601229190826416,0.7022752165794373,0.7582832656364729
1499,5,22,2.4014203548431396,label_Tbl,label_Tbl,0.7965450882911682,-1.2545273303985596,-1.4575973749160767,-1.1693605184555054,-1.184300422668457,-0.5854786038398743,0.0,0.0,0.0,1.0,0.0,0.0,0.053572095930576324,0.0024989843368530273,0.7008095979690552,-0.5835232138633728,0.12895646691322327,0.9210120439529419,0.9119393805089175,0.053572095930576324,0.0024989843368530273,0.053630349477797636
1499,6,4,2.239358901977539,label_Tbl,label_Tbl,0.7965450882911682,0.13043613731861115,-0.07569974660873413,0.2156030684709549,0.19759730994701385,0.5471192002296448,0.0,0.0,1.0,0.0,0.0,0.0,0.01779991388320923,0.3363090753555298,6.171188831329346,-2.3265159130096436,0.6948916912078857,6.631675720214844,6.5951685259295045,0.01779991388320923,0.3363090753555298,0.33677979615876763
1499,7,3,2.1587777137756348,label_Tbl,label_Tbl,0.7965450882911682,0.13829421997070312,-0.008468401618301868,0.22346104681491852,0.2648288309574127,2.014451503753662,0.0,0.0,0.0,1.0,0.0,0.0,0.34412065148353577,0.6137198209762573,6.646601676940918,-0.5536678433418274,2.9680163860321045,7.300204277038574,6.669622323090312,0.34412065148353577,0.6137198209762573,0.7036128491127649
1499,8,10,2.1354856491088867,label_Tbl,label_Tbl,0.7965450882911682,-0.18480737507343292,-0.3613331913948059,-0.09964046627283096,-0.08803606033325195,0.12363511323928833,0.0,0.0,1.0,0.0,0.0,0.0,0.22435855865478516,0.05460864305496216,3.366270065307617,-2.5179717540740967,1.331771731376648,4.409713268280029,4.203802553272588,0.22435855865478516,0.05460864305496216,0.23090878445385515
1499,9,13,2.0877487659454346,label_Tbl,label_Tbl,0.7965450882911682,-0.4420633614063263,-0.6080514788627625,-0.35689666867256165,-0.3347543179988861,0.720849335193634,1.0,1.0,0.0,0.0,0.0,0.0,0.2315928041934967,0.30153971910476685,2.686476707458496,-1.1209357976913452,0.9443095922470093,3.099853992462158,2.9109541669808157,0.2315928041934967,0.30153971910476685,0.38021234744809246
1499,10,9,2.025254964828491,label_Tbl,label_Tbl,0.7965450882911682,-0.143199622631073,-0.29309356212615967,-0.05803270265460014,-0.01979651488363743,1.9155514240264893,0.0,0.0,0.0,1.0,0.0,0.0,0.3329903781414032,0.5916131138801575,4.436579704284668,-0.46852821111679077,1.9310518503189087,4.861246585845947,4.461250739095813,0.3329903781414032,0.5916131138801575,0.678887817278916
1499,11,8,1.9597804546356201,label_Tbl,label_Tbl,0.7965450882911682,-0.09134187549352646,-0.26605966687202454,-0.006175041198730469,0.007237481884658337,1.752457618713379,-1.0,1.0,0.0,0.0,0.0,0.0,0.23156923055648804,0.5946139097213745,4.779225826263428,-0.49021682143211365,1.558389663696289,5.052659511566162,4.804301409199713,0.23156923055648804,0.5946139097213745,0.6381144177768301
1499,12,2,1.9346332550048828,label_Tbl,label_Tbl,0.7965450882911682,0.36626988649368286,0.17736470699310303,0.4514369070529938,0.450661838054657,0.6248435378074646,0.0,0.0,1.0,0.0,0.0,0.0,-0.3341059684753418,0.12352889776229858,7.760346412658691,-5.010344505310059,-2.3023557662963867,9.519841194152832,9.237235977626387,-0.3341059684753418,0.12352889776229858,0.35621087399630924
1499,13,16,1.9140324592590332,label_Tbl,label_Tbl,0.7965450882911682,-0.6757112145423889,-0.7951833009719849,-0.5905442237854004,-0.5218861103057861,1.3752350807189941,1.0,1.0,0.0,0.0,0.0,0.0,0.4285961389541626,0.33471375703811646,1.949649453163147,-0.7385652661323547,1.1240822076797485,2.3726887702941895,2.0848529066954615,0.4285961389541626,0.33471375703811646,0.5438087434723601
1499,14,20,1.9045995473861694,label_Tbl,label_Tbl,0.7965450882911682,-1.0143969058990479,-1.2001968622207642,-0.9292298555374146,-0.9268997311592102,0.013505339622497559,-1.0,1.0,0.0,0.0,0.0,0.0,0.15478545427322388,0.1319219470024109,1.0854721069335938,-0.6879791021347046,0.31425195932388306,1.3303380012512207,1.2851322655294783,0.15478545427322388,0.1319219470024109,0.20337634315592162
1499,15,14,1.9034758806228638,label_Tbl,label_Tbl,0.7965450882911682,-0.5626950860023499,-0.7170321941375732,-0.47752827405929565,-0.44373512268066406,1.437560796737671,-1.0,1.0,0.0,0.0,0.0,0.0,0.3131010830402374,0.46355700492858887,2.3837900161743164,-0.5663818717002869,1.007652997970581,2.652939558029175,2.450151682203179,0.3131010830402374,0.46355700492858887,0.5593901903138215
1499,16,21,1.865799069404602,label_Tbl,label_Tbl,0.7965450882911682,-1.227827787399292,-1.4274097681045532,-1.1426609754562378,-1.1541128158569336,0.28484123945236206,0.0,0.0,0.0,1.0,0.0,0.0,0.08558496087789536,0.25735238194465637,0.8573678731918335,-0.4030838906764984,0.1646745800971985,0.9615997076034546,0.9473944758675719,0.08558496087789536,0.25735238194465637,0.2712103132645571
1504,1,0,4.167220115661621,label_Tbl,label_Tbl,0.9974276423454285,2.0394794940948486,1.9944007396697998,2.1375792026519775,2.2527709007263184,1.0858492851257324,-1.0,0.0,0.0,0.0,0.0,1.0,0.4439546763896942,0.15868520736694336,-64.56230163574219,77.46326446533203,-78.23572540283203,127.63106536865234,100.84070673160979,0.4439546763896942,0.15868520736694336,0.47146235239451295
1504,2,1,2.9609365463256836,label_Tbl,label_Tbl,0.9974276423454285,1.7668042182922363,1.562867522239685,1.8649042844772339,1.8212378025054932,-0.039777278900146484,0.0,0.0,1.0,0.0,0.0,0.0,-0.13792432844638824,-0.13075947761535645,-26.937089920043945,62.770877838134766,-9.029446601867676,68.90080261230469,68.30658766129788,-0.13792432844638824,-0.13075947761535645,0.19005567964054135
1504,3,12,2.9124197959899902,label_Tbl,label_Tbl,0.9974276423454285,0.5699085593223572,0.36277347803115845,0.6680084466934204,0.6211436986923218,0.34876471757888794,0.0,0.0,1.0,0.0,0.0,0.0,-0.17919746041297913,-0.2244260311126709,-3.789353609085083,11.760765075683594,-1.1201924085617065,12.406837463378906,12.356164289135405,-0.17919746041297913,-0.2244260311126709,0.2871911789373879
1504,4,36,2.55910325050354,label_Tbl,label_Tbl,0.9974276423454285,-1.213638424873352,-1.4202773571014404,-1.115538477897644,-1.1619070768356323,0.1659347414970398,0.0,0.0,0.0,1.0,0.0,0.0,-0.17165803909301758,-0.16984665393829346,-0.34625184535980225,0.9026635885238647,-0.09496976435184479,0.9714480042457581,0.9667946495827588,-0.17165803909301758,-0.16984665393829346,0.2414836811034948
1504,5,37,2.458184242248535,label_Tbl,label_Tbl,0.9974276423454285,-1.3188611268997192,-1.5277928113937378,-1.2207611799240112,-1.2694225311279297,0.20996469259262085,0.0,0.0,0.0,1.0,0.0,0.0,-0.2144726663827896,-0.1332414150238037,-0.32615163922309875,0.7652591466903687,-0.04599187895655632,0.8331336379051208,0.8318632419822296,-0.2144726663827896,-0.1332414150238037,0.25249118658457936
1504,6,32,2.370425224304199,label_Tbl,label_Tbl,0.9974276423454285,-0.5996526479721069,-0.7963696718215942,-0.5015528798103333,-0.5379992723464966,0.37068599462509155,-1.0,1.0,0.0,0.0,0.0,0.0,-0.08352883160114288,-0.280498743057251,-0.5876663327217102,2.248624324798584,-0.4352695345878601,2.36867094039917,2.3241478164459486,-0.08352883160114288,-0.280498743057251,0.2926715062409557
1504,7,33,2.3324694633483887,label_Tbl,label_Tbl,0.9974276423454285,-0.8200511336326599,-0.9789469838142395,-0.7219510674476624,-0.7205765843391418,-0.07303076982498169,-1.0,1.0,0.0,0.0,0.0,0.0,-0.0035935044288635254,-0.18170678615570068,-0.5887225866317749,1.5909497737884521,-0.45682191848754883,1.824862003326416,1.6963830542445109,-0.0035935044288635254,-0.18170678615570068,0.18174231595617404
1504,8,35,2.3278329372406006,label_Tbl,label_Tbl,0.9974276423454285,-0.893744170665741,-1.1025123596191406,-0.7956443428993225,-0.8441421389579773,0.5900948643684387,0.0,0.0,0.0,1.0,0.0,0.0,-0.21039056777954102,-0.27660179138183594,-0.39182764291763306,1.4757424592971802,-0.09066059440374374,1.5295634269714355,1.5268741624400086,-0.21039056777954102,-0.27660179138183594,0.3475237286952336
1504,9,34,2.2974421977996826,label_Tbl,label_Tbl,0.9974276423454285,-0.8540539741516113,-1.054155707359314,-0.7559542059898376,-0.7957852482795715,0.15473836660385132,0.0,0.0,0.0,1.0,0.0,0.0,-0.10116671025753021,-0.21618425846099854,-0.5082345008850098,1.5339462757110596,-0.27368536591529846,1.6389622688293457,1.6159497160053171,-0.10116671025753021,-0.21618425846099854,0.2386845970536492
1504,10,24,2.2942867279052734,label_Tbl,label_Tbl,0.9974276423454285,-0.10846776515245438,-0.3104575276374817,-0.010367726907134056,-0.05208730697631836,-0.3215855062007904,0.0,0.0,0.0,1.0,0.0,0.0,-0.11816108226776123,-0.018519878387451172,-2.3197214603424072,4.074063777923584,-0.713318407535553,4.742143630981445,4.688187637047188,-0.11816108226776123,-0.018519878387451172,0.11960362560631102
1504,11,14,2.2792255878448486,label_Tbl,label_Tbl,0.9974276423454285,0.5435196161270142,0.340734601020813,0.6416196227073669,0.5991048216819763,-0.29416924715042114,0.0,0.0,0.0,1.0,0.0,0.0,-0.12591026723384857,-0.01175379753112793,-5.957482814788818,10.30025577545166,-1.717248558998108,12.02230453491211,11.899028133769136,-0.12591026723384857,-0.01175379753112793,0.12645768917429226
1504,12,25,2.256963014602661,label_Tbl,label_Tbl,0.9974276423454285,-0.13922889530658722,-0.33942291140556335,-0.04112877696752548,-0.08105258643627167,-0.12178903818130493,-1.0,1.0,0.0,0.0,0.0,0.0,-0.14238199591636658,-0.09206247329711914,-1.9275118112564087,4.051486015319824,-0.5729193687438965,4.549922466278076,4.486629103777698,-0.14238199591636658,-0.09206247329711914,0.16955274032203374
1504,13,5,2.2405951023101807,label_Tbl,label_Tbl,0.9974276423454285,0.9953705668449402,0.7906963229179382,1.0934704542160034,1.0490665435791016,-0.024277448654174805,0.0,0.0,0.0,1.0,0.0,0.0,-0.1462210714817047,-0.12739109992980957,-9.018417358398438,20.821596145629883,-2.8096954822540283,22.864057540893555,22.69076282767883,-0.1462210714817047,-0.12739109992980957,0.19393064246421846
1504,14,28,2.2312779426574707,label_Tbl,label_Tbl,0.9974276423454285,-0.2704654633998871,-0.4744047224521637,-0.17236542701721191,-0.21603430807590485,0.18563300371170044,0.0,0.0,0.0,1.0,0.0,0.0,-0.13795027136802673,-0.20417332649230957,-1.212185263633728,3.516555070877075,-0.49159884452819824,3.751962423324585,3.719617275995212,-0.13795027136802673,-0.20417332649230957,0.24640824787625812
1504,15,29,2.220146417617798,label_Tbl,label_Tbl,0.9974276423454285,-0.3608306050300598,-0.5588276982307434,-0.2627306282520294,-0.3004574775695801,-0.13975876569747925,0.0,0.0,0.0,1.0,0.0,0.0,-0.08401648700237274,-0.14207792282104492,-1.2551201581954956,3.018603563308716,-0.6106276512145996,3.3256819248199463,3.269142713912741,-0.08401648700237274,-0.14207792282104492,0.16506031092107717
1504,16,2,2.2168447971343994,label_Tbl,label_Tbl,0.9974276423454285,1.3701727390289307,1.16610848903656,1.4682725667953491,1.4244786500930786,0.11463397741317749,0.0,0.0,1.0,0.0,0.0,0.0,-0.139320507645607,0.18131327629089355,-25.48306655883789,29.205360412597656,-5.069106101989746,39.09009552001953,38.76002783889465,-0.139320507645607,0.18131327629089355,0.2286584964744751
1506,1,0,4.242579460144043,label_Tbl,label_Tbl,1.0,2.78839373588562,2.582257032394409,2.8350448608398438,2.792259693145752,0.04049438238143921,-1.0,0.0,0.0,0.0,1.0,0.0,-0.19940505921840668,0.066253662109375,-65.4583969116211,286.57196044921875,30.969499588012695,295.57977294921875,293.95287078364777,-0.19940505921840668,0.066253662109375,0.21012359549750595
1506,2,4,2.9991633892059326,label_Tbl,label_Tbl,1.0,1.039624571800232,0.9071163535118103,1.0862758159637451,1.1171189546585083,0.027246594429016113,0.0,0.0,1.0,0.0,0.0,0.0,0.17469853162765503,-0.11068642139434814,-1.1507595777511597,24.144180297851562,12.033204078674316,27.00118064880371,24.171588484436633,0.17469853162765503,-0.11068642139434814,0.20681165545961377
1506,3,18,2.8807785511016846,label_Tbl,label_Tbl,1.0,-0.7237131595611572,-0.6751807332038879,-0.6770618557929993,-0.4651781916618347,1.5679106712341309,-1.0,1.0,0.0,0.0,0.0,0.0,0.5868894457817078,-0.07744872570037842,-0.15724392235279083,1.9403163194656372,1.9745335578918457,2.8163905143737793,1.946677443928903,0.5868894457817078,-0.07744872570037842,0.5919776403569417
1506,4,16,2.5707647800445557,label_Tbl,label_Tbl,1.0,-0.649421751499176,-0.7714957594871521,-0.6027704477310181,-0.5614931583404541,0.06082874536514282,0.0,0.0,0.0,1.0,0.0,0.0,0.2072046995162964,-0.05814075469970703,-0.21647316217422485,2.15378999710083,1.1567955017089844,2.454352855682373,2.1646413055176836,0.2072046995162964,-0.05814075469970703,0.21520719053667836
1506,5,5,2.438717842102051,label_Tbl,label_Tbl,1.0,0.9707878828048706,0.8529058694839478,1.017439365386963,1.0629085302352905,0.14799433946609497,-1.0,0.0,0.0,0.0,1.0,0.0,0.21978044509887695,-0.08868420124053955,-1.5241634845733643,21.854656219482422,12.020922660827637,24.989030838012695,21.9077400203551,0.21978044509887695,-0.08868420124053955,0.23699858986401792
1506,6,14,2.3821401596069336,label_Tbl,label_Tbl,1.0,-0.3329280912876129,-0.4459415376186371,-0.28627657890319824,-0.23593898117542267,0.15738576650619507,0.0,0.0,0.0,1.0,0.0,0.0,0.2340763807296753,-0.04994964599609375,-0.3679381012916565,3.3821301460266113,1.9224159717559814,3.907667636871338,3.40208506228814,0.2340763807296753,-0.04994964599609375,0.2393464416920356
1506,7,19,2.349148750305176,label_Tbl,label_Tbl,1.0,-0.953804612159729,-1.0699334144592285,-0.9071532487869263,-0.8599308729171753,0.24863427877426147,0.0,0.0,0.0,1.0,0.0,0.0,0.22496569156646729,0.13460147380828857,-0.4046245813369751,1.3416428565979004,0.7772178649902344,1.6024339199066162,1.4013302988525926,0.22496569156646729,0.13460147380828857,0.2621585763108701
1506,8,15,2.3056986331939697,label_Tbl,label_Tbl,1.0,-0.5782020092010498,-0.6888735890388489,-0.5315505266189575,-0.47887110710144043,0.16971755027770996,1.0,1.0,0.0,0.0,0.0,0.0,0.2382643222808838,-0.04474508762359619,-0.27157601714134216,2.381033182144165,1.3657132387161255,2.761833667755127,2.396470852641009,0.2382643222808838,-0.04474508762359619,0.2424293920679012
1506,9,7,2.3051366806030273,label_Tbl,label_Tbl,1.0,0.9067238569259644,0.784529983997345,0.9533751010894775,0.994532585144043,0.04914450645446777,-1.0,1.0,0.0,0.0,0.0,0.0,0.20680147409439087,-0.04794323444366455,-2.2019951343536377,19.8701114654541,10.674555778503418,22.663532257080078,19.991751104425237,0.20680147409439087,-0.04794323444366455,0.21228613571435417
1506,10,1,2.2996537685394287,label_Tbl,label_Tbl,1.0,1.7084628343582153,1.5820422172546387,1.755114197731018,1.7920446395874023,0.028895199298858643,0.0,0.0,0.0,1.0,0.0,0.0,0.19388282299041748,-0.0731515884399414,-5.345408916473389,62.61662292480469,32.63805389404297,70.81424713134766,62.84437017737937,0.19388282299041748,-0.0731515884399414,0.20722380158181666
1506,11,3,2.2979423999786377,label_Tbl,label_Tbl,1.0,1.1468971967697144,1.0184167623519897,1.1935486793518066,1.2284194231033325,-0.004217326641082764,-1.0,1.0,0.0,0.0,0.0,0.0,0.18744245171546936,-0.06666862964630127,-2.5784225463867188,28.056474685668945,14.428291320800781,31.65452766418457,28.174705581696816,0.18744245171546936,-0.06666862964630127,0.19894566817104045
1506,12,13,2.281961441040039,label_Tbl,label_Tbl,1.0,-0.08740311861038208,-0.21269679069519043,-0.04075159877538681,-0.0026943206321448088,0.0147133469581604,0.0,0.0,0.0,1.0,0.0,0.0,0.19736605882644653,-0.05031406879425049,-0.5207703709602356,4.803261756896973,2.528158187866211,5.45289945602417,4.8314102790530065,0.19736605882644653,-0.05031406879425049,0.20367834125237008
1506,13,11,2.259958028793335,label_Tbl,label_Tbl,1.0,0.3289327621459961,0.20216549932956696,0.37558436393737793,0.4121679663658142,-0.012547791004180908,-1.0,1.0,0.0,0.0,0.0,0.0,0.19259005784988403,-0.040793776512145996,-1.0267951488494873,8.697040557861328,4.535401344299316,9.863171577453613,8.75744384753826,0.19259005784988403,-0.040793776512145996,0.1968630554084351
1506,14,12,2.2151429653167725,label_Tbl,label_Tbl,1.0,-0.030055509880185127,-0.14036686718463898,0.016595840454101562,0.069635771214962,0.19883543252944946,0.0,0.0,0.0,1.0,0.0,0.0,0.24187594652175903,-0.06205272674560547,-0.5039958357810974,5.219614505767822,3.0102334022521973,6.046477794647217,5.243890482390584,0.24187594652175903,-0.06205272674560547,0.24970885927888425
1506,15,17,2.2064242362976074,label_Tbl,label_Tbl,1.0,-0.6506330966949463,-0.7717120051383972,-0.6039817929267883,-0.561709463596344,0.10078167915344238,1.0,1.0,0.0,0.0,0.0,0.0,0.20678263902664185,-0.08918476104736328,-0.1492588073015213,2.1557376384735107,1.153761386871338,2.453594923019409,2.1608986458157684,0.20678263902664185,-0.08918476104736328,0.22519542936280423
1506,16,2,2.1902332305908203,label_Tbl,label_Tbl,1.0,1.2028322219848633,1.0798075199127197,1.2494837045669556,1.2898101806640625,0.07789260149002075,1.0,1.0,0.0,0.0,0.0,0.0,0.20429903268814087,-0.08018958568572998,-2.381762742996216,30.425382614135742,16.208749771118164,34.55603790283203,30.518464918479737,0.20429903268814087,-0.08018958568572998,0.21947315191102323
1509,1,0,4.308061122894287,label_Tbl,label_Tbl,0.9999442100524902,3.007115602493286,2.799065113067627,2.881743907928467,2.869617462158203,-0.2696554660797119,1.0,0.0,0.0,0.0,0.0,1.0,-0.05789543688297272,0.11927783489227295,292.5478515625,-275.38092041015625,30.028841018676758,402.8903503417969,401.7697061499029,-0.05789543688297272,0.11927783489227295,0.13258613618496695
1509,2,19,2.518458366394043,label_Tbl,label_Tbl,0.9999442100524902,-0.6404120326042175,-0.8385136723518372,-0.7657835483551025,-0.7679615020751953,-0.22936981916427612,0.0,0.0,0.0,1.0,0.0,0.0,0.05233320593833923,-0.1327117681503296,1.1714524030685425,-1.8535252809524536,0.40774253010749817,2.230271339416504,2.1926825351119423,0.05233320593833923,-0.1327117681503296,0.1426575544770464
1509,3,4,2.5155322551727295,label_Tbl,label_Tbl,0.9999442100524902,1.0780538320541382,0.8893856406211853,0.9526823163032532,0.9599378705024719,0.11068987846374512,0.0,0.0,1.0,0.0,0.0,0.0,0.1155652403831482,-0.19616174697875977,12.246417999267578,-22.40751075744629,6.401459217071533,26.325841903686523,25.53568663963936,0.1155652403831482,-0.19616174697875977,0.22767247475831107
1509,4,8,2.388380289077759,label_Tbl,label_Tbl,0.9999442100524902,0.5981877446174622,0.40130355954170227,0.47281622886657715,0.47185590863227844,-0.11917150020599365,-1.0,1.0,0.0,0.0,0.0,0.0,0.06132306158542633,-0.1587764024734497,6.587724685668945,-11.050996780395508,2.51016902923584,13.108893394470215,12.865560476500194,0.06132306158542633,-0.1587764024734497,0.1702071204874252
1509,5,1,2.3871517181396484,label_Tbl,label_Tbl,0.9999442100524902,1.8343091011047363,1.6351689100265503,1.7089377641677856,1.705721139907837,-0.12260377407073975,0.0,0.0,0.0,1.0,0.0,0.0,0.0440344363451004,-0.16352391242980957,38.20966720581055,-64.79466247558594,13.35348129272461,76.3979263305664,75.22185156790478,0.0440344363451004,-0.16352391242980957,0.16934905231675412
1509,6,12,2.3785274028778076,label_Tbl,label_Tbl,0.9999442100524902,-0.058476805686950684,-0.2573555111885071,-0.1838483363389969,-0.18680334091186523,-0.6152523159980774,0.0,0.0,1.0,0.0,0.0,0.0,0.046160101890563965,0.0015739202499389648,3.235745429992676,-3.8579299449920654,0.9047355055809021,5.115879058837891,5.035242987998193,0.046160101890563965,0.0015739202499389648,0.04618692706275678
1509,7,16,2.3687171936035156,label_Tbl,label_Tbl,0.9999442100524902,-0.3153286278247833,-0.5134994983673096,-0.4406999945640564,-0.4429473876953125,-0.20931333303451538,0.0,0.0,0.0,1.0,0.0,0.0,0.05179177224636078,-0.13829147815704346,1.8473752737045288,-2.9594368934631348,0.6468245387077332,3.5481605529785156,3.4887049356868247,0.05179177224636078,-0.13829147815704346,0.1476716648625556
1509,8,14,2.3320953845977783,label_Tbl,label_Tbl,0.9999442100524902,-0.07663042098283768,-0.26839908957481384,-0.20200194418430328,-0.19784697890281677,0.10938405990600586,-1.0,1.0,0.0,0.0,0.0,0.0,0.09494416415691376,-0.2065715789794922,2.3080403804779053,-4.329562187194824,1.1259037256240845,5.035801887512207,4.906338668569855,0.09494416415691376,-0.2065715789794922,0.2273460172282232
1509,9,6,2.320857048034668,label_Tbl,label_Tbl,0.9999442100524902,0.7426286339759827,0.5441726446151733,0.617257297039032,0.6147248148918152,0.010209739208221436,-1.0,1.0,0.0,0.0,0.0,0.0,0.04933464527130127,-0.19645249843597412,7.580070972442627,-13.87899112701416,2.8924970626831055,16.076997756958008,15.814040301295716,0.04933464527130127,-0.19645249843597412,0.20255244102646985
1509,10,11,2.314512252807617,label_Tbl,label_Tbl,0.9999442100524902,-0.04241727665066719,-0.2430071383714676,-0.16778887808322906,-0.17245487868785858,-0.4575565457344055,0.0,0.0,0.0,1.0,0.0,0.0,0.03177006542682648,-0.07949769496917725,2.9802873134613037,-4.20261812210083,0.8504990935325623,5.221825122833252,5.1520977815826345,0.03177006542682648,-0.07949769496917725,0.08561086708261507
1509,11,3,2.305480480194092,label_Tbl,label_Tbl,0.9999442100524902,1.4589974880218506,1.2635014057159424,1.3336259126663208,1.3340535163879395,-0.1782892942428589,0.0,0.0,0.0,1.0,0.0,0.0,0.07170256972312927,-0.13790035247802734,23.31609344482422,-37.31914138793945,9.05135440826416,44.92533493041992,44.00407398708431,0.07170256972312927,-0.13790035247802734,0.1554276864605029
1509,12,15,2.3050777912139893,label_Tbl,label_Tbl,0.9999442100524902,-0.15864373743534088,-0.3623974621295929,-0.2840151786804199,-0.2918451130390167,-0.46009916067123413,0.0,0.0,0.0,1.0,0.0,0.0,0.0012225061655044556,-0.08496642112731934,2.5048410892486572,-3.5734286308288574,0.5855892896652222,4.403014183044434,4.363899753891673,0.0012225061655044556,-0.08496642112731934,0.08497521544844516
1509,13,2,2.2812533378601074,label_Tbl,label_Tbl,0.9999442100524902,1.6284048557281494,1.4371777772903442,1.5030335187911987,1.5077301263809204,-0.16941457986831665,-1.0,0.0,0.0,0.0,1.0,0.0,0.10006509721279144,-0.12181687355041504,30.460912704467773,-47.0536003112793,13.157621383666992,57.57631301879883,56.052729684136075,0.10006509721279144,-0.12181687355041504,0.15764635854279416
1509,14,21,2.2521703243255615,label_Tbl,label_Tbl,0.9999442100524902,-0.7253879308700562,-0.9288899302482605,-0.8507594466209412,-0.8583377003669739,-0.136335551738739,0.0,0.0,0.0,1.0,0.0,0.0,0.0038986951112747192,-0.1658703088760376,0.9825429320335388,-1.6751338243484497,0.26584410667419434,1.9601370096206665,1.9420257317464478,0.0038986951112747192,-0.1658703088760376,0.1659161209473112
1509,15,20,2.2174482345581055,label_Tbl,label_Tbl,0.9999442100524902,-0.6531594395637512,-0.8541434407234192,-0.7785308361053467,-0.7835913300514221,0.0510750412940979,0.0,0.0,0.0,1.0,0.0,0.0,0.028276309370994568,-0.21088147163391113,1.0046699047088623,-1.9043470621109009,0.3478100895881653,2.181025266647339,2.153113873068058,0.028276309370994568,-0.21088147163391113,0.21276875886776297
1509,16,10,2.207688093185425,label_Tbl,label_Tbl,0.9999442100524902,0.04093276336789131,-0.16202665865421295,-0.08443884551525116,-0.09147439152002335,-0.33285534381866455,0.0,0.0,0.0,1.0,0.0,0.0,0.009501025080680847,-0.11639904975891113,3.1802077293395996,-4.854672908782959,0.8272824883460999,5.862249374389648,5.803582536073949,0.009501025080680847,-0.11639904975891113,0.11678616468726591
1516,1,0,4.0724358558654785,label_Tbl,label_Tbl,0.9999170303344727,2.9868266582489014,2.8363876342773438,3.0561091899871826,3.058070182800293,-0.4520113170146942,-1.0,0.0,0.0,0.0,0.0,1.0,0.08699488639831543,0.0006305575370788574,320.1021728515625,-223.29893493652344,168.10276794433594,424.9545593261719,390.2919617518113,0.08699488639831543,0.0006305575370788574,0.0869971715762264
1516,2,3,2.6671805381774902,label_Tbl,label_Tbl,0.9999170303344727,0.7673843502998352,0.5716290473937988,0.8366673588752747,0.7933118939399719,1.3565692901611328,-1.0,0.0,0.0,0.0,1.0,0.0,-0.5338252186775208,-0.07553184032440186,12.68478775024414,-10.368664741516113,-3.339073657989502,16.720121383666992,16.383316171969067,-0.5338252186775208,-0.07553184032440186,0.539142303106419
1516,3,26,2.453749895095825,label_Tbl,label_Tbl,0.9999170303344727,-1.1251275539398193,-1.0132873058319092,-1.0558445453643799,-0.7916045784950256,2.040771007537842,0.0,0.0,0.0,1.0,0.0,0.0,0.7024156451225281,-0.10481393337249756,0.8287411332130432,-0.718907356262207,1.3473165035247803,1.7374986410140991,1.0971051238450922,0.7024156451225281,-0.10481393337249756,0.7101927197190293
1516,4,1,2.3670973777770996,label_Tbl,label_Tbl,0.9999170303344727,1.1599335670471191,0.9532896876335144,1.2292163372039795,1.174972653388977,0.9203826785087585,0.0,0.0,0.0,1.0,0.0,0.0,-0.42940253019332886,-0.02440822124481201,23.123626708984375,-17.006954193115234,-2.8175723552703857,28.842283248901367,28.704330737768046,-0.42940253019332886,-0.02440822124481201,0.4300956802861061
1516,5,17,2.3610496520996094,label_Tbl,label_Tbl,0.9999170303344727,-0.49832409620285034,-0.7064968943595886,-0.42904117703437805,-0.4848141670227051,0.42597144842147827,-1.0,1.0,0.0,0.0,0.0,0.0,-0.28107964992523193,-0.12219703197479248,1.9981849193572998,-1.795174479484558,0.13522781431674957,2.693169355392456,2.686148615348673,-0.28107964992523193,-0.12219703197479248,0.30649287793607766
1516,6,27,2.344733238220215,label_Tbl,label_Tbl,0.9999170303344727,-1.3142585754394531,-1.5138673782348633,-1.2449756860733032,-1.2921844720840454,1.230952501296997,0.0,0.0,0.0,1.0,0.0,0.0,-0.5041335225105286,-0.060393571853637695,0.6562668681144714,-0.5200673341751099,-0.14535796642303467,0.8498736023902893,0.8373507235685549,-0.5041335225105286,-0.060393571853637695,0.507738113637448
1516,7,22,2.2893760204315186,label_Tbl,label_Tbl,0.9999170303344727,-1.0179346799850464,-1.1996804475784302,-0.9486518502235413,-0.9779976606369019,1.670288324356079,0.0,0.0,0.0,1.0,0.0,0.0,-0.6174399852752686,0.012772440910339355,1.0575065612792969,-0.7187731862068176,-0.3707525432109833,1.331319808959961,1.278653596701884,-0.6174399852752686,0.012772440910339355,0.6175720773023436
1516,8,24,2.225766897201538,label_Tbl,label_Tbl,0.9999170303344727,-1.0918998718261719,-1.2939832210540771,-1.022617220878601,-1.0723001956939697,1.2785372734069824,0.0,0.0,0.0,1.0,0.0,0.0,-0.48208126425743103,-0.1939522624015808,0.7984697818756104,-0.8282235860824585,-0.17400500178337097,1.1635230779647827,1.1504383082598442,-0.48208126425743103,-0.1939522624015808,0.5196343189577981
1516,9,23,2.194655418395996,label_Tbl,label_Tbl,0.9999170303344727,-1.0745298862457275,-1.2821235656738281,-1.0052469968795776,-1.0604407787322998,0.8589367270469666,0.0,0.0,0.0,1.0,0.0,0.0,-0.414363831281662,-0.017522990703582764,0.9548431634902954,-0.6921879053115845,-0.09795384854078293,1.1834038496017456,1.1793428522375475,-0.414363831281662,-0.017522990703582764,0.4147341797797904
1516,10,21,2.1899819374084473,label_Tbl,label_Tbl,0.9999170303344727,-0.8780896067619324,-1.064165472984314,-0.8088068962097168,-0.84248286485672,1.588644027709961,0.0,0.0,0.0,1.0,0.0,0.0,-0.5943393707275391,-0.057982563972473145,1.2260735034942627,-0.9668147563934326,-0.4153003692626953,1.615692138671875,1.561405459562246,-0.5943393707275391,-0.057982563972473145,0.5971610045219204
1516,11,16,2.182863712310791,label_Tbl,label_Tbl,0.9999170303344727,-0.4831954538822174,-0.6874354481697083,-0.41391268372535706,-0.46575263142585754,1.0473060607910156,0.0,0.0,0.0,1.0,0.0,0.0,-0.4598623812198639,-0.042548179626464844,2.1813201904296875,-1.6661207675933838,-0.3535756766796112,2.7675137519836426,2.7448344550049235,-0.4598623812198639,-0.042548179626464844,0.4618265445497144
1516,12,6,2.1622819900512695,label_Tbl,label_Tbl,0.9999170303344727,0.17200660705566406,-0.03411126136779785,0.24128957092761993,0.187571719288826,0.9486355185508728,0.0,0.0,0.0,1.0,0.0,0.0,-0.43681544065475464,-0.017324984073638916,5.667236804962158,-4.106599807739258,-0.7391301989555359,7.037616729736328,6.998695234430615,-0.43681544065475464,-0.017324984073638916,0.43715887760350847
1516,13,7,2.158554792404175,label_Tbl,label_Tbl,0.9999170303344727,0.05404045432806015,-0.1514214426279068,0.12332324683666229,0.07026128470897675,0.9834030270576477,0.0,0.0,0.0,1.0,0.0,0.0,-0.44539177417755127,-0.020225346088409424,4.778232097625732,-3.4835879802703857,-0.6755197644233704,5.951740264892578,5.913280578077208,-0.44539177417755127,-0.020225346088409424,0.4458507565648204
1516,14,12,2.1224963665008545,label_Tbl,label_Tbl,0.9999170303344727,-0.15158699452877045,-0.35288339853286743,-0.08230428397655487,-0.13120059669017792,1.1464321613311768,1.0,1.0,0.0,0.0,0.0,0.0,-0.48627012968063354,0.018132150173187256,3.6589467525482178,-2.4583706855773926,-0.6854128837585449,4.463266372680664,4.408114990071086,-0.48627012968063354,0.018132150173187256,0.4866080701031613
1516,15,4,2.105306625366211,label_Tbl,label_Tbl,0.9999170303344727,0.4145316779613495,0.27596357464790344,0.4838144779205322,0.49764639139175415,-0.18819624185562134,-1.0,1.0,0.0,0.0,0.0,0.0,0.11945351958274841,0.09552407264709473,8.616755485534668,-4.867605686187744,4.61461877822876,10.959795951843262,9.896568102817211,0.11945351958274841,0.09552407264709473,0.15295094571722495
1516,16,2,2.105219602584839,label_Tbl,label_Tbl,0.9999170303344727,0.9448278546333313,0.8173779845237732,1.0141106843948364,1.0390609502792358,-0.13729780912399292,0.0,0.0,1.0,0.0,0.0,0.0,0.16385036706924438,-0.024524390697479248,17.004457473754883,-12.50947380065918,10.887487411499023,23.75238609313965,21.110151793535657,0.16385036706924438,-0.024524390697479248,0.1656755519918637
1519,1,0,4.154462814331055,label_Tbl,label_Tbl,0.9169783592224121,2.341041326522827,2.131626605987549,2.4504318237304688,2.438445568084717,-0.1008346676826477,-1.0,0.0,0.0,0.0,0.0,1.0,-0.09307053685188293,0.14795231819152832,26.948204040527344,-152.78428649902344,-6.34405517578125,155.2723388671875,155.14265661650109,-0.09307053685188293,0.14795231819152832,0.17479134214298184
1519,2,1,3.1170809268951416,label_Tbl,label_Tbl,0.9169783592224121,1.704659342765808,1.5049690008163452,1.814049482345581,1.8117884397506714,-0.6101716160774231,1.0,1.0,0.0,0.0,0.0,0.0,0.038085877895355225,-0.028313279151916504,-0.10503992438316345,-62.503726959228516,-10.806076049804688,63.43120193481445,62.50381522098874,0.038085877895355225,-0.028313279151916504,0.047457095058529
1519,3,4,3.109825372695923,label_Tbl,label_Tbl,0.9169783592224121,1.1859211921691895,0.9978334307670593,1.295311450958252,1.3046528100967407,-0.3024941682815552,0.0,0.0,1.0,0.0,0.0,0.0,0.1175692230463028,-0.040583014488220215,-0.41556528210639954,-29.787111282348633,-7.572039604187012,30.737281799316406,29.790009953853883,0.1175692230463028,-0.040583014488220215,0.12437645787150552
1519,4,31,3.087007761001587,label_Tbl,label_Tbl,0.9169783592224121,-0.6970437169075012,-0.8993431925773621,-0.5876532793045044,-0.5925238728523254,-0.6742845773696899,0.0,0.0,0.0,1.0,0.0,0.0,0.01464979350566864,-0.027805685997009277,-0.0023720150347799063,-2.0222740173339844,-0.301618754863739,2.044644594192505,2.0222754084544117,0.01464979350566864,-0.027805685997009277,0.03142885017818833
1519,5,2,3.0042307376861572,label_Tbl,label_Tbl,0.9169783592224121,1.566491961479187,1.365631341934204,1.675882339477539,1.6724507808685303,-0.5962960720062256,-1.0,1.0,0.0,0.0,0.0,0.0,0.02697761356830597,-0.04319334030151367,-0.8496514558792114,-51.30091094970703,-8.292597770690918,51.982234954833984,51.30794647874975,0.02697761356830597,-0.04319334030151367,0.05092598825985816
1519,6,27,2.899991512298584,label_Tbl,label_Tbl,0.9169783592224121,-0.6069194674491882,-0.8092268109321594,-0.4975290596485138,-0.5024073719978333,-0.5744342803955078,0.0,0.0,0.0,1.0,0.0,0.0,0.014572933316230774,-0.05447590351104736,-0.06403503566980362,-2.2992537021636963,-0.34288376569747925,2.325561761856079,2.300145228612032,0.014572933316230774,-0.05447590351104736,0.05639143949913188
1519,7,5,2.779798984527588,label_Tbl,label_Tbl,0.9169783592224121,1.018879771232605,0.8186747431755066,1.128270149230957,1.1254940032958984,-0.5889235138893127,0.0,0.0,0.0,1.0,0.0,0.0,0.033728599548339844,-0.04058277606964111,-0.3273375928401947,-23.463481903076172,-3.9531922340393066,23.796424865722656,23.465765125298375,0.033728599548339844,-0.04058277606964111,0.052769121093788424
1519,8,35,2.7377772331237793,label_Tbl,label_Tbl,0.9169783592224121,-1.1113135814666748,-1.3125097751617432,-1.0019234418869019,-1.0056902170181274,-0.5491009950637817,0.0,0.0,0.0,1.0,0.0,0.0,0.024981126189231873,0.057535529136657715,0.09407065063714981,-1.1150093078613281,-0.17858989536762238,1.1331325769424438,1.1189705286238305,0.024981126189231873,0.057535529136657715,0.06272474614310938
1519,9,22,2.734166145324707,label_Tbl,label_Tbl,0.9169783592224121,-0.40430915355682373,-0.607017457485199,-0.294918954372406,-0.30019810795783997,-0.7340539693832397,0.0,0.0,0.0,1.0,0.0,0.0,0.010636851191520691,0.01259613037109375,0.1204906478524208,-3.0699028968811035,-0.445761501789093,3.1044363975524902,3.0722665562250433,0.010636851191520691,0.01259613037109375,0.016486512778515216
1519,10,17,2.7146975994110107,label_Tbl,label_Tbl,0.9169783592224121,-0.16864730417728424,-0.36765143275260925,-0.05925703048706055,-0.06083216518163681,-0.6249558329582214,0.0,0.0,0.0,1.0,0.0,0.0,0.04376094043254852,9.632110595703125e-05,0.11497420072555542,-4.300443172454834,-0.7685432434082031,4.370090484619141,4.301979840299798,0.04376094043254852,9.632110595703125e-05,0.04376104643740267
1519,11,28,2.7110114097595215,label_Tbl,label_Tbl,0.9169783592224121,-0.6162470579147339,-0.8151423335075378,-0.5068567395210266,-0.5083230137825012,-0.5881417393684387,-1.0,1.0,0.0,0.0,0.0,0.0,0.033945098519325256,-0.04065680503845215,-0.0318293571472168,-2.2694756984710693,-0.382866233587265,2.3059921264648438,2.269698890585963,0.033945098519325256,-0.04065680503845215,0.05296456843420331
1519,12,13,2.691997528076172,label_Tbl,label_Tbl,0.9169783592224121,0.15107697248458862,-0.04731875658035278,0.2604672312736511,0.2595005929470062,-0.5944416522979736,0.0,0.0,0.0,1.0,0.0,0.0,0.04863807559013367,-0.016589999198913574,0.0682145357131958,-6.7921929359436035,-1.2471449375152588,6.9060773849487305,6.792535469319594,0.04863807559013367,-0.016589999198913574,0.05138959496368413
1519,13,9,2.677231788635254,label_Tbl,label_Tbl,0.9169783592224121,0.5396825671195984,0.34133490920066833,0.6490729451179504,0.6481543183326721,-0.5701301693916321,0.0,0.0,0.0,1.0,0.0,0.0,0.04901781678199768,-0.029996037483215332,-0.03980110213160515,-11.833914756774902,-2.177349805831909,12.032621383666992,11.833981688271521,0.04901781678199768,-0.029996037483215332,0.057467457110680936
1519,14,29,2.666844129562378,label_Tbl,label_Tbl,0.9169783592224121,-0.6462446451187134,-0.8535050749778748,-0.5368543863296509,-0.5466857552528381,-0.2893482446670532,0.0,0.0,0.0,1.0,0.0,0.0,-0.04542091488838196,0.11930954456329346,0.31622445583343506,-2.151371955871582,-0.19275899231433868,2.1830151081085205,2.1744882614026384,-0.04542091488838196,0.11930954456329346,0.12766294267796802
1519,15,3,2.6481268405914307,label_Tbl,label_Tbl,0.9169783592224121,1.2131675481796265,1.0137654542922974,1.3225579261779785,1.320584774017334,-0.5301334261894226,-1.0,1.0,0.0,0.0,0.0,0.0,0.040441811084747314,-0.05400192737579346,-0.8475835919380188,-30.96080207824707,-5.428781509399414,31.444887161254883,30.972401638776912,0.040441811084747314,-0.05400192737579346,0.06746664541916148
1519,16,10,2.610229015350342,label_Tbl,label_Tbl,0.9169783592224121,0.5039028525352478,0.30094897747039795,0.6132932305335999,0.6077684164047241,-0.6397509574890137,1.0,1.0,0.0,0.0,0.0,0.0,0.007638216018676758,-0.039327383041381836,-0.14273850619792938,-11.243392944335938,-1.5973951816558838,11.358055114746094,11.244298963559034,0.007638216018676758,-0.039327383041381836,0.04006226904247359
1525,1,0,4.1773786544799805,label_Tbl,label_Tbl,0.9999741315841675,3.2673356533050537,3.0664103031158447,3.2414586544036865,3.2364861965179443,-0.6336318850517273,-1.0,0.0,0.0,0.0,0.0,1.0,0.036792270839214325,-0.019396543502807617,-561.14501953125,-156.91217041015625,94.43443298339844,590.273681640625,582.6707150419977,0.036792270839214325,-0.019396543502807617,0.041592031608980215
1525,2,5,2.5453717708587646,label_Tbl,label_Tbl,0.9999741315841675,-0.6490333080291748,-0.7984600067138672,-0.674910306930542,-0.6283841729164124,1.7191643714904785,0.0,0.0,1.0,0.0,0.0,0.0,-0.5466155409812927,0.3128070831298828,-1.7815730571746826,-1.2316137552261353,-0.9414442181587219,2.3616080284118652,2.1658427921049506,-0.5466155409812927,0.3128070831298828,0.629791093060625
1525,3,2,2.5260159969329834,label_Tbl,label_Tbl,0.9999741315841675,0.2404901534318924,0.0506088025867939,0.2146133929491043,0.22068461775779724,0.6683099865913391,0.0,0.0,1.0,0.0,0.0,0.0,-0.36548152565956116,0.034192800521850586,-7.310888767242432,-2.4735970497131348,-1.8773324489593506,7.943057060241699,7.718016385791176,-0.36548152565956116,0.034192800521850586,0.36707750299625763
1525,4,4,2.4728143215179443,label_Tbl,label_Tbl,0.9999741315841675,-0.5134515762329102,-0.6471976041793823,-0.539328396320343,-0.4771217405796051,1.639979362487793,-1.0,1.0,0.0,0.0,0.0,0.0,-0.5972898006439209,0.12384891510009766,-2.404621124267578,-1.06206214427948,-1.2894260883331299,2.9312589168548584,2.628721885172602,-0.5972898006439209,0.12384891510009766,0.609994803030916
1525,5,3,2.440505027770996,label_Tbl,label_Tbl,0.9999741315841675,-0.4991895854473114,-0.6634172201156616,-0.5250664353370667,-0.4933413863182068,1.9275224208831787,-1.0,1.0,0.0,0.0,0.0,0.0,-0.4867544174194336,0.4775261878967285,-1.9268032312393188,-1.866816520690918,-0.9930393099784851,2.8641197681427,2.6828295909056217,-0.4867544174194336,0.4775261878967285,0.681880578257303
1525,6,1,2.411452293395996,label_Tbl,label_Tbl,0.9999741315841675,1.1177222728729248,0.9619709253311157,1.0918453931808472,1.1320466995239258,1.61989164352417,1.0,0.0,0.0,0.0,0.0,1.0,-0.5233603119850159,0.30345702171325684,-22.372509002685547,-15.15909194946289,-11.064830780029297,29.202205657958984,27.024567116006068,-0.5233603119850159,0.30345702171325684,0.6049728755804951
1525,7,6,2.3474438190460205,label_Tbl,label_Tbl,0.9999741315841675,-0.8713983297348022,-1.0635337829589844,-0.8972752094268799,-0.8934580087661743,1.561781644821167,1.0,1.0,0.0,0.0,0.0,0.0,-0.3340586721897125,0.48685789108276367,-1.1218838691711426,-1.1074388027191162,-0.3326460123062134,1.6171510219573975,1.5764022702579323,-0.3340586721897125,0.48685789108276367,0.5904454272620883
1535,1,0,4.237298011779785,label_Tbl,label_Tbl,0.8967874646186829,2.847118616104126,2.83398699760437,2.855675458908081,2.836751699447632,-0.32624971866607666,1.0,0.0,0.0,0.0,1.0,0.0,-0.02593165636062622,0.11556386947631836,-317.1966857910156,-39.74690246582031,277.774169921875,423.499755859375,319.67726496019657,-0.02593165636062622,0.11556386947631836,0.11843757313431051
1535,2,2,2.6095516681671143,label_Tbl,label_Tbl,0.8967874646186829,1.308890700340271,1.333112120628357,1.3174476623535156,1.3358768224716187,0.2610054612159729,0.0,0.0,1.0,0.0,0.0,0.0,0.05282163619995117,-0.2599387764930725,-34.399658203125,8.814665794372559,34.66072463989258,49.622581481933594,35.511052048035786,0.05282163619995117,-0.2599387764930725,0.2652513765761744
1535,3,21,2.4693045616149902,label_Tbl,label_Tbl,0.8967874646186829,-0.49445945024490356,-0.5128831267356873,-0.4859023094177246,-0.5101184844970703,2.0271799564361572,1.0,1.0,0.0,0.0,0.0,0.0,-0.03870832920074463,0.7057342529296875,-2.039827346801758,-1.7704836130142212,2.3014440536499023,3.551285982131958,2.701019775698095,-0.03870832920074463,0.7057342529296875,0.70679499892666
1535,4,9,2.4146687984466553,label_Tbl,label_Tbl,0.8967874646186829,0.35884565114974976,0.30233702063560486,0.367402583360672,0.30510178208351135,0.8315832018852234,0.0,0.0,1.0,0.0,0.0,0.0,-0.1248440146446228,0.3883206844329834,-8.427474975585938,-3.537416934967041,6.781029224395752,11.380598068237305,9.139784080377327,-0.1248440146446228,0.3883206844329834,0.4078957979081023
1535,5,24,2.3528993129730225,label_Tbl,label_Tbl,0.8967874646186829,-0.8686664700508118,-0.8566697835922241,-0.8601094484329224,-0.8539050221443176,0.14402979612350464,0.0,0.0,0.0,1.0,0.0,0.0,0.02758270502090454,-0.23439007997512817,-1.5425716638565063,0.3535386323928833,1.4893426895141602,2.1731679439544678,1.5825665555442718,0.02758270502090454,-0.23439007997512817,0.23600744735498755
1535,6,23,2.3445279598236084,label_Tbl,label_Tbl,0.8967874646186829,-0.8568612933158875,-0.832410454750061,-0.8483044505119324,-0.8296458125114441,-0.08706146478652954,0.0,0.0,0.0,1.0,0.0,0.0,0.053290605545043945,-0.17008143663406372,-1.5886703729629517,0.25798991322517395,1.5719972848892212,2.2498018741607666,1.6094820127159473,0.053290605545043945,-0.17008143663406372,0.17823463110985055
1535,7,1,2.3394501209259033,label_Tbl,label_Tbl,0.8967874646186829,1.7649834156036377,1.7738546133041382,1.7735403776168823,1.7766191959381104,0.018556714057922363,1.0,1.0,0.0,0.0,0.0,0.0,0.021049320697784424,-0.20355373620986938,-66.84503936767578,13.165088653564453,63.50600814819336,93.1375961303711,68.12913361640771,0.021049320697784424,-0.20355373620986938,0.20463918839468473
1535,8,27,2.284586191177368,label_Tbl,label_Tbl,0.8967874646186829,-1.242525577545166,-1.2356438636779785,-1.2339684963226318,-1.2328790426254272,0.4344789385795593,0.0,0.0,0.0,1.0,0.0,0.0,0.016876161098480225,-0.3081579804420471,-0.886530876159668,0.2733279764652252,0.8594717979431152,1.2646489143371582,0.9277096405142092,0.016876161098480225,-0.3081579804420471,0.30861974292572886
1535,9,25,2.2782795429229736,label_Tbl,label_Tbl,0.8967874646186829,-0.9251715540885925,-0.9336714148521423,-0.9166144132614136,-0.9309068322181702,0.06284970045089722,0.0,0.0,0.0,1.0,0.0,0.0,-0.01588815450668335,0.21512651443481445,-1.423296570777893,-0.32458898425102234,1.2879725694656372,1.9467934370040894,1.4598394216780215,-0.01588815450668335,0.21512651443481445,0.21571242585094785
1535,10,17,2.186476707458496,label_Tbl,label_Tbl,0.8967874646186829,-0.2019747495651245,-0.20446036756038666,-0.19341763854026794,-0.20169587433338165,-0.43679279088974,1.0,1.0,0.0,0.0,0.0,0.0,-0.003450632095336914,-0.09073621779680252,-4.088295936584473,0.33452439308166504,3.6873533725738525,5.5174384117126465,4.101959316553464,-0.003450632095336914,-0.09073621779680252,0.09080180660056358
1535,11,26,2.1634063720703125,label_Tbl,label_Tbl,0.8967874646186829,-1.0737384557724,-1.1014986038208008,-1.0651816129684448,-1.0987340211868286,0.9571657776832581,1.0,1.0,0.0,0.0,0.0,0.0,-0.06481701135635376,0.43448328971862793,-1.0664139986038208,-0.5067141652107239,0.9658531546592712,1.5317801237106323,1.1806769505852948,-0.06481701135635376,0.43448328971862793,0.43929144540485976
1535,12,5,2.1440906524658203,label_Tbl,label_Tbl,0.8967874646186829,0.7457363605499268,0.7351620197296143,0.7542932629585266,0.7379267811775208,0.09224957227706909,-1.0,1.0,0.0,0.0,0.0,0.0,-0.020408928394317627,-0.2221267819404602,-15.525320053100586,3.3583736419677734,13.918710708618164,21.1202335357666,15.884402295027378,-0.020408928394317627,-0.2221267819404602,0.22306239399197064
1535,13,22,2.111020803451538,label_Tbl,label_Tbl,0.8967874646186829,-0.6831363439559937,-0.7403594851493835,-0.6745792031288147,-0.7375946640968323,-0.1424371600151062,0.0,0.0,0.0,1.0,0.0,0.0,-0.1265583634376526,0.10491561889648438,-2.0494630336761475,-0.23467449843883514,1.5260813236236572,2.565988063812256,2.062855023171177,-0.1265583634376526,0.10491561889648438,0.16439071276823794
1535,14,19,2.0967700481414795,label_Tbl,label_Tbl,0.8967874646186829,-0.31642094254493713,-0.33601728081703186,-0.30786386132240295,-0.33325260877609253,0.2502252459526062,0.0,0.0,0.0,1.0,0.0,0.0,-0.0401005744934082,0.2594759464263916,-3.358395576477051,-0.9242919087409973,2.961599349975586,4.572112083435059,3.483265189540512,-0.0401005744934082,0.2594759464263916,0.26255632319289707
1535,15,15,2.083066463470459,label_Tbl,label_Tbl,0.8967874646186829,0.12042373418807983,0.14626969397068024,0.12898091971874237,0.14903445541858673,-0.15875399112701416,0.0,0.0,0.0,1.0,0.0,0.0,0.056140124797821045,-0.15016013383865356,-6.436924457550049,0.9141088724136353,6.376009464263916,9.10621166229248,6.5015068640147815,0.056140124797821045,-0.15016013383865356,0.16031150740591665
1535,16,28,2.0791852474212646,label_Tbl,label_Tbl,0.8967874646186829,-1.266990303993225,-1.2935171127319336,-1.2584333419799805,-1.2907525300979614,0.21471863985061646,0.0,0.0,0.0,1.0,0.0,0.0,-0.055491745471954346,0.24753594398498535,-0.8665085434913635,-0.22738514840602875,0.743672788143158,1.164298176765442,0.8958465614485306,-0.055491745471954346,0.24753594398498535,0.2536796747476273
1823,1,0,4.090138912200928,label_Wqq,label_Zqq,0.7806323170661926,2.962916135787964,2.99709153175354,3.012462854385376,3.018552303314209,-0.5805239677429199,-1.0,1.0,0.0,0.0,0.0,0.0,0.021316945552825928,0.05055883526802063,322.23089599609375,196.05142211914062,-378.88201904296875,534.621826171875,377.1855119823438,0.021316945552825928,0.05055883526802063,0.05486900756675841
1823,2,3,2.677140235900879,label_Wqq,label_Zqq,0.7806323170661926,1.284529685974121,1.326825737953186,1.3340765237808228,1.348286509513855,-0.40964826941490173,0.0,0.0,1.0,0.0,0.0,0.0,0.03759324550628662,0.0900563895702362,28.57282829284668,18.969491958618164,-35.246551513671875,49.178932189941406,34.29647418934749,0.03759324550628662,0.0900563895702362,0.09758793680635987
1823,3,1,2.6750218868255615,label_Wqq,label_Zqq,0.7806323170661926,1.5335623025894165,1.5577051639556885,1.5831091403961182,1.5791658163070679,-0.5476303100585938,0.0,0.0,0.0,1.0,0.0,0.0,0.0009456872940063477,0.06308534741401672,41.496334075927734,25.964889526367188,-47.76707077026367,68.39454650878906,48.95019131584119,0.0009456872940063477,0.06308534741401672,0.06309243522646144
1823,4,2,2.6492977142333984,label_Wqq,label_Zqq,0.7806323170661926,1.3132808208465576,1.2930806875228882,1.3628277778625488,1.3145414590835571,0.010483980178833008,-1.0,1.0,0.0,0.0,0.0,0.0,-0.09345805644989014,-0.1797800362110138,33.96235275268555,11.11352252960205,-30.30575942993164,46.8643913269043,35.73446218307784,-0.09345805644989014,-0.1797800362110138,0.20262100023300714
1823,5,4,2.5204315185546875,label_Wqq,label_Zqq,0.7806323170661926,1.161023497581482,1.1034902334213257,1.2105704545974731,1.1249510049819946,0.9286141991615295,0.0,0.0,1.0,0.0,0.0,0.0,-0.17901915311813354,-0.393330454826355,28.59758758544922,2.947274684906006,-21.24163818359375,35.745147705078125,28.749059876380777,-0.17901915311813354,-0.393330454826355,0.43215356515599984
1823,6,5,2.500622510910034,label_Wqq,label_Zqq,0.7806323170661926,0.6947333216667175,0.7246110439300537,0.744280219078064,0.7460718154907227,-0.5125106573104858,0.0,0.0,0.0,1.0,0.0,0.0,0.012626349925994873,0.07075455784797668,12.458938598632812,7.929351806640625,-14.653268814086914,20.804279327392578,14.768201348775602,0.012626349925994873,0.07075455784797668,0.0718723324285246
1823,7,12,2.3529911041259766,label_Wqq,label_Zqq,0.7806323170661926,-1.2616623640060425,-1.3346800804138184,-1.2121155261993408,-1.3132193088531494,1.2841472625732422,0.0,0.0,0.0,1.0,0.0,0.0,-0.21704185009002686,-0.47367942333221436,0.9024657011032104,0.020172329619526863,-0.6247624158859253,1.0978065729141235,0.9026911235577694,-0.21704185009002686,-0.47367942333221436,0.521036813266434
1823,8,7,2.263453245162964,label_Wqq,label_Zqq,0.7806323170661926,-0.01443248987197876,-0.06667659431695938,0.035114288330078125,-0.04521598666906357,1.0768704414367676,0.0,0.0,0.0,1.0,0.0,0.0,-0.16639035940170288,-0.4387247860431671,5.353440761566162,0.3071063756942749,-4.046482563018799,6.71771240234375,5.362242284118666,-0.16639035940170288,-0.4387247860431671,0.4692176356345215
1823,9,8,2.2559115886688232,label_Wqq,label_Zqq,0.7806323170661926,-0.0377538688480854,-0.11270768195390701,0.011792993173003197,-0.0912470817565918,1.1334524154663086,0.0,0.0,1.0,0.0,0.0,0.0,-0.22191637754440308,-0.42941009998321533,5.1750311851501465,0.34526148438453674,-3.5589544773101807,6.290175914764404,5.186535766759538,-0.22191637754440308,-0.42941009998321533,0.48336312704841794
1823,10,6,2.237433910369873,label_Wqq,label_Zqq,0.7806323170661926,0.28623083233833313,0.20631830394268036,0.3357776999473572,0.22777891159057617,1.0686640739440918,1.0,1.0,0.0,0.0,0.0,0.0,-0.2347104549407959,-0.4039245843887329,8.204262733459473,0.757785975933075,-5.526270389556885,9.921859741210938,8.239184825269593,-0.2347104549407959,-0.4039245843887329,0.4671659956933146
1823,11,10,2.1810851097106934,label_Wqq,label_Zqq,0.7806323170661926,-0.5259332060813904,-0.615839421749115,-0.4763863980770111,-0.5943787693977356,0.738735020160675,-1.0,1.0,0.0,0.0,0.0,0.0,-0.26250821352005005,-0.2811957001686096,2.52290415763855,0.5504968166351318,-1.6462289094924927,3.0655572414398193,2.5822649232321795,-0.26250821352005005,-0.2811957001686096,0.38468374537898375
1823,12,9,2.153348445892334,label_Wqq,label_Zqq,0.7806323170661926,-0.48749539256095886,-0.5380167961120605,-0.437948614358902,-0.5165562033653259,0.10375851392745972,1.0,1.0,0.0,0.0,0.0,0.0,-0.1798175573348999,0.13680043816566467,2.1997647285461426,1.6134306192398071,-2.0129315853118896,3.4260380268096924,2.72802551748627,-0.1798175573348999,0.13680043816566467,0.22593962425437433
1823,13,11,2.1468067169189453,label_Wqq,label_Zqq,0.7806323170661926,-0.9093618988990784,-0.9809316396713257,-0.8598150610923767,-0.9594708681106567,0.6614544987678528,0.0,0.0,0.0,1.0,0.0,0.0,-0.21341532468795776,-0.2965543270111084,1.4635769128799438,0.2958800494670868,-1.0400422811508179,1.8196951150894165,1.4931853145500167,-0.21341532468795776,-0.2965543270111084,0.3653636129675174
1824,1,0,4.1898603439331055,label_Wqq,label_Wqq,0.7663268446922302,3.042994260787964,3.069840908050537,3.027693748474121,3.042727470397949,-0.6547247171401978,1.0,1.0,0.0,0.0,0.0,0.0,0.036301493644714355,0.0011220276355743408,390.3133850097656,162.78704833984375,-415.9447021484375,593.1737060546875,422.8997063429817,0.036301493644714355,0.0011220276355743408,0.03631882964595953
1824,2,1,2.9575695991516113,label_Wqq,label_Wqq,0.7663268446922302,1.9371238946914673,1.9651755094528198,1.9218233823776245,1.9380617141723633,-0.6450165510177612,-1.0,1.0,0.0,0.0,0.0,0.0,0.03871375322341919,0.0015773475170135498,80.39443969726562,33.57289505004883,-85.98513793945312,122.4121322631836,87.1229316327158,0.03871375322341919,0.0015773475170135498,0.03874587350716497
1824,3,15,2.611599922180176,label_Wqq,label_Wqq,0.7663268446922302,-0.7788318395614624,-0.7762538194656372,-0.7941322922706604,-0.8033674955368042,-0.7221367359161377,-1.0,1.0,0.0,0.0,0.0,0.0,-0.016515731811523438,-0.010302841663360596,1.6684359312057495,0.6735783219337463,-1.6387940645217896,2.4377267360687256,1.7992738013758434,-0.016515731811523438,-0.010302841663360596,0.019465814743042383
1824,4,11,2.5768556594848633,label_Wqq,label_Wqq,0.7663268446922302,-0.27782201766967773,-0.2799244523048401,-0.2931225299835205,-0.3070380687713623,-0.7030192017555237,0.0,0.0,0.0,1.0,0.0,0.0,-0.024030327796936035,-0.0032207369804382324,3.4032351970672607,1.4020599126815796,-3.3151233196258545,4.953567028045654,3.680731150913649,-0.024030327796936035,-0.0032207369804382324,0.02424520160207704
1824,5,13,2.410487174987793,label_Wqq,label_Wqq,0.7663268446922302,-0.6525329351425171,-0.6846936345100403,-0.6678333878517151,-0.7118073105812073,-0.320919930934906,0.0,0.0,0.0,1.0,0.0,0.0,-0.09004443883895874,-0.07897377014160156,2.0489814281463623,0.6677430272102356,-1.7536137104034424,2.7783749103546143,2.155041912185607,-0.09004443883895874,-0.07897377014160156,0.11977001851966751
1824,6,12,2.3614070415496826,label_Wqq,label_Wqq,0.7663268446922302,-0.3135048449039459,-0.27389228343963623,-0.32880523800849915,-0.30100587010383606,-0.4579409956932068,1.0,1.0,0.0,0.0,0.0,0.0,0.06152653694152832,-0.05939072370529175,3.3038012981414795,1.1487152576446533,-3.5651466846466064,4.996438503265381,3.4978064212799067,0.06152653694152832,-0.05939072370529175,0.08551475200370724
1824,7,8,2.3386895656585693,label_Wqq,label_Wqq,0.7663268446922302,0.2280312478542328,0.29324352741241455,0.21273083984851837,0.26612991094589233,-0.3443186581134796,-1.0,1.0,0.0,0.0,0.0,0.0,0.11112672090530396,0.02507379651069641,6.925743103027344,3.0852444171905518,-8.274534225463867,11.233712196350098,7.581863269865547,0.11112672090530396,0.02507379651069641,0.11392033782703215
1824,8,2,2.223196029663086,label_Wqq,label_Wqq,0.7663268446922302,0.8918967247009277,0.7811270356178284,0.8765961527824402,0.7540134191513062,0.35568898916244507,0.0,0.0,1.0,0.0,0.0,0.0,-0.2882691025733948,-0.019416362047195435,18.215499877929688,7.1615705490112305,-11.20595645904541,22.553625106811523,19.572749641563433,-0.2882691025733948,-0.019416362047195435,0.2889222570409178
1824,9,17,2.179544687271118,label_Wqq,label_Wqq,0.7663268446922302,-1.2579282522201538,-1.372565746307373,-1.2732287645339966,-1.3996795415878296,0.587137758731842,0.0,0.0,0.0,1.0,0.0,0.0,-0.2994855046272278,0.17483672499656677,0.7646054625511169,0.488845556974411,-0.5078837275505066,1.0399699211120605,0.907519416837254,-0.2994855046272278,0.17483672499656677,0.3467844400911759
1824,10,16,2.143874406814575,label_Wqq,label_Wqq,0.7663268446922302,-1.138392686843872,-1.1265716552734375,-1.1536933183670044,-1.153685212135315,0.2320505976676941,1.0,1.0,0.0,0.0,0.0,0.0,-0.001214742660522461,-0.25800979137420654,1.0665700435638428,0.145955428481102,-1.0028904676437378,1.4778848886489868,1.0765104016826217,-0.001214742660522461,-0.25800979137420654,0.25801265093923764
1824,11,10,2.1327295303344727,label_Wqq,label_Wqq,0.7663268446922302,0.04425768926739693,0.018269777297973633,0.028957271948456764,-0.008843660354614258,0.6153778433799744,0.0,0.0,1.0,0.0,0.0,0.0,-0.07616394758224487,-0.3455502390861511,5.824368953704834,0.2824724316596985,-4.849822998046875,7.584447383880615,5.831214657644536,-0.07616394758224487,-0.3455502390861511,0.3538444780462275
1824,12,9,2.1273868083953857,label_Wqq,label_Wqq,0.7663268446922302,0.07271286100149155,0.09294838458299637,0.057412195950746536,0.06583461910486221,-0.27928370237350464,-1.0,1.0,0.0,0.0,0.0,0.0,0.02257084846496582,-0.12820744514465332,5.859861373901367,1.5953184366226196,-5.856856346130371,8.438321113586426,6.073138911268971,0.02257084846496582,-0.12820744514465332,0.13017907739321147
1824,13,3,2.039449691772461,label_Wqq,label_Wqq,0.7663268446922302,0.8243432641029358,0.7113733887672424,0.8090426921844482,0.684259831905365,0.3876764178276062,1.0,1.0,0.0,0.0,0.0,0.0,-0.2946730852127075,0.03645184636116028,16.15085792541504,7.416165351867676,-10.044129371643066,20.414546966552734,17.77216138383805,-0.2946730852127075,0.03645184636116028,0.29691912072467347
1824,14,14,2.020434856414795,label_Wqq,label_Wqq,0.7663268446922302,-0.7492265701293945,-0.8389632701873779,-0.7645271420478821,-0.8660768866539001,0.13392609357833862,0.0,0.0,0.0,1.0,0.0,0.0,-0.23029297590255737,0.03845474123954773,1.7041970491409302,0.78667151927948,-1.201908826828003,2.22883939743042,1.8770028400474357,-0.23029297590255737,0.03845474123954773,0.23348152362415414
1824,15,4,1.8820081949234009,label_Wqq,label_Wqq,0.7663268446922302,0.34550923109054565,0.22622546553611755,0.3302084803581238,0.1991117000579834,0.4787910580635071,0.0,0.0,0.0,1.0,0.0,0.0,-0.31322425603866577,0.0640096366405487,8.043036460876465,3.9651002883911133,-4.877744674682617,10.208077430725098,8.967299248267981,-0.31322425603866577,0.0640096366405487,0.31969777627288987
1824,16,6,1.8709009885787964,label_Wqq,label_Wqq,0.7663268446922302,0.3069527745246887,0.2018887996673584,0.29165220260620117,0.17477501928806305,0.2911866307258606,-1.0,1.0,0.0,0.0,0.0,0.0,-0.2722587585449219,0.017122596502304077,7.779519557952881,3.3917086124420166,-5.016093730926514,9.859273910522461,8.486731518334059,-0.2722587585449219,0.017122596502304077,0.2727966548830883
1837,1,0,4.233418941497803,label_Wqq,label_Zqq,0.480549693107605,2.7616233825683594,3.090411901473999,2.851080894470215,2.820490837097168,-0.6029733419418335,-1.0,1.0,0.0,0.0,0.0,0.0,-0.046686410903930664,-0.015703439712524414,81.26033782958984,-271.0026550292969,541.3950805664062,610.86376953125,282.92345526150206,-0.046686410903930664,-0.015703439712524414,0.04925666433991998
1837,2,42,2.8404672145843506,label_Wqq,label_Zqq,0.480549693107605,-1.2315727472305298,-0.9247979521751404,-1.1421152353286743,-1.1947189569473267,-0.46404245495796204,0.0,0.0,0.0,1.0,0.0,0.0,-0.08232617378234863,-0.0166318416595459,0.2698175013065338,-0.9028855562210083,1.7318534851074219,1.9716289043426514,0.9423395415898778,-0.08232617378234863,-0.0166318416595459,0.0839893865118068
1837,3,1,2.676234006881714,label_Wqq,label_Zqq,0.480549693107605,1.7019360065460205,2.030714273452759,1.7913932800292969,1.7607933282852173,-0.5997574329376221,-1.0,1.0,0.0,0.0,0.0,0.0,-0.04670286178588867,-0.01802527904510498,17.743911743164062,-59.67913818359375,119.1390609741211,134.42686462402344,62.26111096250751,-0.04670286178588867,-0.01802527904510498,0.05006064306064916
1837,4,13,2.6378486156463623,label_Wqq,label_Zqq,0.480549693107605,-0.10520417243242264,0.6369114518165588,-0.015746688470244408,0.3669903576374054,1.6001341342926025,1.0,1.0,0.0,0.0,0.0,0.0,0.5854076147079468,-0.1316744089126587,0.8216840028762817,-4.6378703117370605,17.739286422729492,18.354475021362305,4.710096137986444,0.5854076147079468,-0.1316744089126587,0.6000335201641205
1837,5,23,2.5972180366516113,label_Wqq,label_Zqq,0.480549693107605,-0.6091954112052917,-0.2846164107322693,-0.5197378396987915,-0.5545373558998108,-0.5784285664558411,0.0,0.0,0.0,1.0,0.0,0.0,-0.053476572036743164,0.01444387435913086,0.7243921756744385,-2.175231456756592,4.353700160980225,4.920475482940674,2.292678763944428,-0.053476572036743164,0.01444387435913086,0.055392862927486776
1837,6,2,2.536968946456909,label_Wqq,label_Zqq,0.480549693107605,1.342618465423584,1.6654853820800781,1.43207585811615,1.395564317703247,-0.5740209817886353,1.0,1.0,0.0,0.0,0.0,0.0,-0.05624377727508545,-0.005319356918334961,11.072893142700195,-35.5807991027832,70.54163360595703,79.77934265136719,37.263953458299014,-0.05624377727508545,-0.005319356918334961,0.056494761174767844
1837,7,4,2.4054439067840576,label_Wqq,label_Zqq,0.480549693107605,0.39569297432899475,0.7286091446876526,0.4851502776145935,0.45868805050849915,-0.6386436223983765,-1.0,1.0,0.0,0.0,0.0,0.0,-0.040062904357910156,-0.004712343215942383,2.868237257003784,-9.196897506713867,18.573131561279297,20.92344093322754,9.633779565231102,-0.040062904357910156,-0.004712343215942383,0.04033909374509912
1837,8,3,2.4017508029937744,label_Wqq,label_Zqq,0.480549693107605,1.2007489204406738,1.5252288579940796,1.2902064323425293,1.255307912826538,-0.577727735042572,1.0,1.0,0.0,0.0,0.0,0.0,-0.05363905429840088,-0.01451420783996582,8.774018287658691,-29.135303497314453,57.770442962646484,65.29389190673828,30.427771965636804,-0.05363905429840088,-0.01451420783996582,0.05556806974556992
1837,9,14,2.389544725418091,label_Wqq,label_Zqq,0.480549693107605,-0.18128034472465515,0.19626200199127197,-0.09182286262512207,-0.07365889102220535,-0.5028382539749146,0.0,0.0,1.0,0.0,0.0,0.0,0.03119814395904541,-0.06742215156555176,1.002665400505066,-4.104339599609375,8.82066535949707,9.780341148376465,4.22503745004605,0.03119814395904541,-0.06742215156555176,0.07429044829732524
1837,10,35,2.346914291381836,label_Wqq,label_Zqq,0.480549693107605,-1.029995322227478,-0.6699070930480957,-0.9405378699302673,-0.9398279190063477,-0.417080819606781,0.0,0.0,0.0,1.0,0.0,0.0,0.0034700632095336914,0.09566688537597656,0.49253782629966736,-1.1562793254852295,2.544189929962158,2.837688684463501,1.2568115964139488,0.0034700632095336914,0.09566688537597656,0.09572979837134515
1837,11,21,2.287891149520874,label_Wqq,label_Zqq,0.480549693107605,-0.5419687628746033,-0.22742860019207,-0.45251134037971497,-0.49734950065612793,-0.40198078751564026,-1.0,1.0,0.0,0.0,0.0,0.0,-0.07010531425476074,-0.07061481475830078,0.5911014676094055,-2.453585147857666,4.703146457672119,5.339339733123779,2.523783077603485,-0.07010531425476074,-0.07061481475830078,0.09950480968329066
1837,12,40,2.2837026119232178,label_Wqq,label_Zqq,0.480549693107605,-1.103171706199646,-0.7312186360359192,-1.0137144327163696,-1.001139760017395,-0.2910231947898865,-1.0,1.0,0.0,0.0,0.0,0.0,0.020733118057250977,-0.1255437135696411,0.20432014763355255,-1.1134705543518066,2.3361241817474365,2.599715232849121,1.1320615699411036,0.020733118057250977,-0.1255437135696411,0.12724419908676385
1837,13,37,2.22680401802063,label_Wqq,label_Zqq,0.480549693107605,-1.0815773010253906,-0.4188275933265686,-0.9921198487281799,-0.6887487173080444,1.0724210739135742,0.0,0.0,0.0,1.0,0.0,0.0,0.46761858463287354,0.021340250968933105,0.3765215575695038,-1.105149507522583,3.8905911445617676,4.061997413635254,1.1675289792086416,0.46761858463287354,0.021340250968933105,0.46810527342198244
1837,14,22,2.20690655708313,label_Wqq,label_Zqq,0.480549693107605,-0.547545850276947,-0.20971842110157013,-0.45808857679367065,-0.47963947057724,-0.3639243245124817,0.0,0.0,0.0,1.0,0.0,0.0,-0.03214144706726074,0.10417318344116211,1.0007667541503906,-2.2950501441955566,4.870259761810303,5.476150035858154,2.5037550320637907,-0.03214144706726074,0.10417318344116211,0.10901891931148251
1837,15,17,2.179281711578369,label_Wqq,label_Zqq,0.480549693107605,-0.230922669172287,0.07295393943786621,-0.1414651870727539,-0.19696712493896484,-0.3622972071170807,1.0,1.0,0.0,0.0,0.0,0.0,-0.08720779418945312,-0.06609678268432617,0.9390880465507507,-3.8221096992492676,7.1931657791137695,8.200702667236328,3.9357856791585886,-0.08720779418945312,-0.06609678268432617,0.10942570104234678
1837,16,36,2.1235227584838867,label_Wqq,label_Zqq,0.480549693107605,-1.0726866722106934,-0.46016907691955566,-0.9832291007041931,-0.7300901412963867,0.9932261109352112,1.0,1.0,0.0,0.0,0.0,0.0,0.39174211025238037,0.21798360347747803,0.5926674604415894,-1.023200273513794,3.6392195224761963,3.8290457725524902,1.1824523323944123,0.39174211025238037,0.21798360347747803,0.44830651604679417
1930,1,0,4.097206115722656,label_Wqq,label_Wqq,0.8149542808532715,3.077711820602417,3.0674283504486084,2.9330203533172607,2.8997626304626465,-0.5352857112884521,0.0,0.0,1.0,0.0,0.0,0.0,-0.06570947170257568,-0.007865667343139648,-379.5220642089844,231.20767211914062,-389.79998779296875,591.1328125,444.4029532622398,-0.06570947170257568,-0.007865667343139648,0.06617857201681318
1930,2,29,2.7476918697357178,label_Wqq,label_Wqq,0.8149542808532715,-1.1729410886764526,-0.8511937260627747,-1.3176329135894775,-1.0188593864440918,2.1178925037384033,0.0,0.0,0.0,1.0,0.0,0.0,0.5354567766189575,0.4953958988189697,-1.023681879043579,0.044969186186790466,-1.9357643127441406,2.190235137939453,1.024669125712537,0.5354567766189575,0.4953958988189697,0.7294731360329996
1930,3,1,2.423676013946533,label_Wqq,label_Wqq,0.8149542808532715,1.5161391496658325,1.542593002319336,1.371447205543518,1.3749271631240845,-0.6474542617797852,1.0,1.0,0.0,0.0,0.0,0.0,0.011275947093963623,0.036431312561035156,-41.83604049682617,23.011022567749023,-46.898746490478516,66.93380737304688,47.74684747777108,0.011275947093963623,0.036431312561035156,0.03813643294522581
1930,4,24,2.3712711334228516,label_Wqq,label_Wqq,0.8149542808532715,-0.5389404892921448,-0.539527416229248,-0.6836324334144592,-0.7071930766105652,-0.6167736053466797,0.0,0.0,0.0,1.0,0.0,0.0,-0.044886231422424316,0.009136199951171875,-2.1867728233337402,1.281738519668579,-2.293982982635498,3.4186527729034424,2.5347246425742616,-0.044886231422424316,0.009136199951171875,0.04580659254796437
1930,5,7,2.366429090499878,label_Wqq,label_Wqq,0.8149542808532715,0.635168731212616,0.6527732610702515,0.4904769957065582,0.48510757088661194,-0.7715358734130859,0.0,0.0,0.0,1.0,0.0,0.0,-0.0067435503005981445,0.0022721290588378906,-11.654250144958496,6.93884801864624,-12.982156753540039,18.775131225585938,13.563523077251572,-0.0067435503005981445,0.0022721290588378906,0.007116041112635092
1930,6,2,2.3489553928375244,label_Wqq,label_Wqq,0.8149542808532715,1.2098486423492432,1.2423878908157349,1.0651566982269287,1.074722170829773,-0.5951406955718994,-1.0,1.0,0.0,0.0,0.0,0.0,0.023759007453918457,0.04537034034729004,-27.14153289794922,14.614140510559082,-30.820104598999023,43.59053039550781,30.82589675764233,0.023759007453918457,0.04537034034729004,0.05121482420573449
1930,7,30,2.2722980976104736,label_Wqq,label_Wqq,0.8149542808532715,-1.2077604532241821,-1.130647897720337,-1.3524521589279175,-1.2983137369155884,-0.35463854670524597,0.0,0.0,0.0,1.0,0.0,0.0,0.11122989654541016,-0.004958629608154297,-0.834080159664154,0.5048091411590576,-1.0992412567138672,1.4693037271499634,0.9749471686933227,0.11122989654541016,-0.004958629608154297,0.11134036955701876
1930,8,5,2.2688474655151367,label_Wqq,label_Wqq,0.8149542808532715,0.9316214323043823,0.9219948649406433,0.7869295477867126,0.7543291449546814,-0.5365496277809143,1.0,1.0,0.0,0.0,0.0,0.0,-0.06430613994598389,-0.014233827590942383,-17.622236251831055,10.890069961547852,-18.209014892578125,27.581235885620117,20.715618124563782,-0.06430613994598389,-0.014233827590942383,0.06586259547452664
1930,9,11,2.2617790699005127,label_Wqq,label_Wqq,0.8149542808532715,0.39526671171188354,0.4017293155193329,0.25057482719421387,0.23406343162059784,-0.6766292452812195,0.0,0.0,0.0,1.0,0.0,0.0,-0.029968857765197754,0.0072896480560302734,-8.297249794006348,4.883894443511963,-8.90816593170166,13.116867065429688,9.627916653124153,-0.029968857765197754,0.0072896480560302734,0.030842688023767315
1930,10,26,2.228053331375122,label_Wqq,label_Wqq,0.8149542808532715,-0.6404016017913818,-0.5986064672470093,-0.785093367099762,-0.7662721872329712,-0.4464418292045593,-1.0,1.0,0.0,0.0,0.0,0.0,0.04096674919128418,0.0783226490020752,-1.9638389348983765,0.9753648042678833,-2.245985984802246,3.141963243484497,2.1927151806897576,0.04096674919128418,0.0783226490020752,0.08838954624843287
1930,11,18,2.187197208404541,label_Wqq,label_Wqq,0.8149542808532715,-0.010148346424102783,-0.02283087931573391,-0.15484032034873962,-0.19049668312072754,-0.5151126384735107,0.0,0.0,0.0,1.0,0.0,0.0,-0.07091814279556274,0.006570339202880859,-4.647530555725098,2.740114212036133,-4.69495153427124,7.151946067810059,5.395161365649857,-0.07091814279556274,0.006570339202880859,0.07122185293021195
1930,12,9,2.1538567543029785,label_Wqq,label_Wqq,0.8149542808532715,0.456920325756073,0.48838984966278076,0.3122284412384033,0.3207242786884308,-0.4116227626800537,0.0,0.0,1.0,0.0,0.0,0.0,0.021603047847747803,0.09466052055358887,-9.492033958435059,4.522541046142578,-10.480369567871094,14.845545768737793,10.514375215966412,0.021603047847747803,0.09466052055358887,0.09709431408578209
1930,13,17,2.1377179622650146,label_Wqq,label_Wqq,0.8149542808532715,0.00606923084706068,-0.0006637334590777755,-0.13862265646457672,-0.1683296114206314,-0.5660614371299744,-1.0,1.0,0.0,0.0,0.0,0.0,-0.0583115816116333,-0.004495859146118164,-4.725137233734131,2.8568010330200195,-4.897652626037598,7.382053375244141,5.521615164051628,-0.0583115816116333,-0.004495859146118164,0.058484641569491604
1930,14,4,2.047243595123291,label_Wqq,label_Wqq,0.8149542808532715,1.0280088186264038,1.141150951385498,0.8833171129226685,0.9734852313995361,-0.08122068643569946,-1.0,1.0,0.0,0.0,0.0,0.0,0.17833340167999268,-0.02207779884338379,-20.12510108947754,12.655985832214355,-29.271076202392578,37.720947265625,23.773802204252068,0.17833340167999268,-0.02207779884338379,0.17969482840784967
1930,15,27,1.9726076126098633,label_Wqq,label_Wqq,0.8149542808532715,-0.7949767708778381,-0.7125262022018433,-0.9396687150001526,-0.8801920413970947,-0.32161810994148254,1.0,1.0,0.0,0.0,0.0,0.0,0.11957395076751709,0.0022690296173095703,-1.5107465982437134,0.8994928598403931,-2.004585027694702,2.670071840286255,1.7582498937889348,0.11957395076751709,0.0022690296173095703,0.1195954773290229
1930,16,21,1.9387894868850708,label_Wqq,label_Wqq,0.8149542808532715,-0.36546221375465393,-0.2924237549304962,-0.5101541876792908,-0.46008962392807007,-0.2884014844894409,0.0,0.0,0.0,1.0,0.0,0.0,0.10343247652053833,-0.07523322105407715,-2.653420925140381,1.8724734783172607,-3.6235599517822266,4.86590051651001,3.247583645262178,0.10343247652053833,-0.07523322105407715,0.1278996276356712
1999,1,0,4.145230770111084,label_Wqq,label_Wqq,0.5102263689041138,2.352963447570801,2.7820992469787598,2.315095901489258,2.3035953044891357,-0.6664302945137024,-1.0,1.0,0.0,0.0,0.0,0.0,-0.01661825180053711,0.028963565826416016,-15.719685554504395,157.022705078125,360.1898498535156,393.242919921875,157.80759938603816,-0.01661825180053711,0.028963565826416016,0.03339243085322164
1999,2,1,3.187537670135498,label_Wqq,label_Wqq,0.5102263689041138,1.8100389242172241,2.231804370880127,1.7721714973449707,1.753300428390503,-0.618186354637146,1.0,1.0,0.0,0.0,0.0,0.0,-0.028125286102294922,0.03570687770843506,-7.725080966949463,72.24664306640625,163.7677001953125,179.1623077392578,72.6584772088614,-0.028125286102294922,0.03570687770843506,0.045453413887419726
1999,3,2,3.008727550506592,label_Wqq,label_Wqq,0.5102263689041138,1.6425811052322388,2.0675864219665527,1.604713797569275,1.5890823602676392,-0.6507048606872559,0.0,0.0,0.0,1.0,0.0,0.0,-0.023064136505126953,0.029344677925109863,-5.719500541687012,56.912803649902344,129.63955688476562,141.6975555419922,57.19947469810099,-0.023064136505126953,0.029344677925109863,0.037323779487821965
1999,4,42,2.92661714553833,label_Wqq,label_Wqq,0.5102263689041138,-0.7474707961082458,-0.360160768032074,-0.7853380441665649,-0.838664710521698,1.819671392440796,0.0,0.0,1.0,0.0,0.0,0.0,-0.08224654197692871,0.6497329473495483,-1.2415502071380615,1.4140056371688843,3.9962432384490967,4.417105197906494,1.881716997529104,-0.08224654197692871,0.6497329473495483,0.6549178548021833
1999,5,4,2.8087408542633057,label_Wqq,label_Wqq,0.5102263689041138,1.1278702020645142,1.557889461517334,1.0900028944015503,1.0793852806091309,-0.4874681830406189,1.0,1.0,0.0,0.0,0.0,0.0,-0.015242934226989746,0.07663166522979736,-4.028233051300049,27.121681213378906,62.67729949951172,68.41254425048828,27.41919498008168,-0.015242934226989746,0.07663166522979736,0.07813295821700385
1999,6,5,2.7463784217834473,label_Wqq,label_Wqq,0.5102263689041138,1.0782631635665894,1.5146814584732056,1.0403956174850464,1.0361775159835815,-0.778879702091217,1.0,1.0,0.0,0.0,0.0,0.0,-0.005273222923278809,0.0002689361572265625,-1.8141883611679077,25.47881507873535,59.02756118774414,64.31744384765625,25.543321969277784,-0.005273222923278809,0.0002689361572265625,0.00528007638725586
1999,7,43,2.6434218883514404,label_Wqq,label_Wqq,0.5102263689041138,-0.7761964797973633,-0.3927678167819977,-0.8140640258789062,-0.8712719082832336,-0.3874097764492035,0.0,0.0,0.0,1.0,0.0,0.0,-0.08837902545928955,0.05318427085876465,-0.2233765423297882,1.7921935319900513,3.809643268585205,4.216068744659424,1.8060605570606392,-0.08837902545928955,0.05318427085876465,0.10314755841953892
1999,8,31,2.6355879306793213,label_Wqq,label_Wqq,0.5102263689041138,-0.27141281962394714,0.16508421301841736,-0.3092800974845886,-0.31341972947120667,-0.7503483891487122,-1.0,1.0,0.0,0.0,0.0,0.0,-0.005269646644592285,0.011238813400268555,-0.30445370078086853,3.7020888328552246,8.583998680114746,9.354286193847656,3.714586623336509,-0.005269646644592285,0.011238813400268555,0.01241290064428612
1999,9,45,2.5969393253326416,label_Wqq,label_Wqq,0.5102263689041138,-0.8114681839942932,-0.5212563276290894,-0.8493354916572571,-0.9997605085372925,1.3044943809509277,0.0,0.0,1.0,0.0,0.0,0.0,-0.2382521629333496,0.46908628940582275,-0.8827859163284302,1.4730398654937744,3.0601208209991455,3.509059429168701,1.7173111015193907,-0.2382521629333496,0.46908628940582275,0.5261235976944416
1999,10,9,2.5903425216674805,label_Wqq,label_Wqq,0.5102263689041138,0.6308570504188538,1.0773704051971436,0.5929896831512451,0.59886634349823,-0.7215147614479065,0.0,0.0,0.0,1.0,0.0,0.0,0.01042187213897705,0.01662468910217285,-1.1772046089172363,13.428733825683594,31.687803268432617,34.43593215942383,13.480233783295997,0.01042187213897705,0.01662468910217285,0.019621307464720357
1999,11,3,2.5876362323760986,label_Wqq,label_Wqq,0.5102263689041138,1.296370267868042,1.7172359228134155,1.2585029602050781,1.2387317419052124,-0.2761669158935547,0.0,0.0,0.0,1.0,0.0,0.0,-0.02953171730041504,-0.1275850534439087,1.979167103767395,34.82534408569336,78.49993133544922,85.90087890625,34.88153799808106,-0.02953171730041504,-0.1275850534439087,0.13095826888362824
1999,12,27,2.5844802856445312,label_Wqq,label_Wqq,0.5102263689041138,-0.010486220940947533,0.41313445568084717,-0.04835357517004013,-0.06536965072154999,-0.6494360566139221,1.0,1.0,0.0,0.0,0.0,0.0,-0.025286078453063965,0.027882933616638184,-0.5313699841499329,5.366313457489014,12.192291259765625,13.3323335647583,5.3925572953917875,-0.025286078453063965,0.027882933616638184,0.03764098498451332
1999,13,23,2.5787277221679688,label_Wqq,label_Wqq,0.5102263689041138,0.06229139491915703,0.4544528126716614,0.024423789232969284,-0.024051284417510033,-0.07473146915435791,0.0,0.0,1.0,0.0,0.0,0.0,-0.07459187507629395,0.16526329517364502,-1.3994641304016113,5.817429542541504,12.814946174621582,14.14297866821289,5.983392543926513,-0.07459187507629395,0.16526329517364502,0.1813171380731804
1999,14,29,2.57639217376709,label_Wqq,label_Wqq,0.5102263689041138,-0.2236548215150833,0.21223632991313934,-0.2615223228931427,-0.26626744866371155,-0.6196548938751221,1.0,1.0,0.0,0.0,0.0,0.0,-0.006197452545166016,-0.04465830326080322,-0.10400928556919098,3.975501775741577,9.180801391601562,10.006099700927734,3.976862117349437,-0.006197452545166016,-0.04465830326080322,0.04508627804757732
1999,15,18,2.5748119354248047,label_Wqq,label_Wqq,0.5102263689041138,0.14796365797519684,0.5871890187263489,0.11009631305932999,0.1086847260594368,-0.6886351704597473,-1.0,1.0,0.0,0.0,0.0,0.0,-0.0009396076202392578,0.027825355529785156,-0.665962815284729,6.729519844055176,15.701016426086426,17.095945358276367,6.762391869958022,-0.0009396076202392578,0.027825355529785156,0.027841215362102226
1999,16,24,2.5628480911254883,label_Wqq,label_Wqq,0.5102263689041138,0.05502729490399361,0.503871500492096,0.01715993881225586,0.025367403402924538,-0.4680914580821991,0.0,0.0,0.0,1.0,0.0,0.0,0.01403951644897461,0.08178079128265381,-0.9001112580299377,5.85281229019165,13.974692344665527,15.177536964416504,5.921622411218961,0.01403951644897461,0.08178079128265381,0.08297714049627171
2117,1,0,4.180958271026611,label_QCD,label_QCD,0.9999281167984009,3.0535037517547607,2.9715445041656494,3.0971839427948,3.092751979827881,-0.7341316938400269,0.0,0.0,1.0,0.0,0.0,0.0,-0.010846078395843506,-0.012390613555908203,-404.2574157714844,144.47035217285156,-285.31634521484375,515.4620971679688,429.29679810497834,-0.010846078395843506,-0.012390613555908203,0.016467079912985162
2117,2,1,2.7975056171417236,label_QCD,label_QCD,0.9999281167984009,1.9218578338623047,1.8571592569351196,1.9655382633209229,1.978366732597351,-0.5937085151672363,1.0,1.0,0.0,0.0,0.0,0.0,0.03254026174545288,0.04001116752624512,-81.66386413574219,24.442977905273438,-61.14937210083008,104.90811157226562,85.24345062501074,0.03254026174545288,0.04001116752624512,0.051572882033834755
2117,3,2,2.700103759765625,label_QCD,label_QCD,0.9999281167984009,1.562744140625,1.4987629652023315,1.6064244508743286,1.6199700832366943,-0.5969635844230652,-1.0,1.0,0.0,0.0,0.0,0.0,0.03429383039474487,0.03742218017578125,-48.85288619995117,14.760174751281738,-36.71940994262695,62.87131118774414,51.033981313961334,0.03429383039474487,0.03742218017578125,0.050759101373568094
2238,1,0,4.166931629180908,label_QCD,label_QCD,0.9335124492645264,3.380668878555298,3.2481608390808105,3.183600902557373,3.177924871444702,-0.7513324618339539,0.0,0.0,1.0,0.0,0.0,0.0,-0.012153208255767822,-0.0005767345428466797,-562.9668579101562,390.37725830078125,341.047119140625,765.2706909179688,685.0737820874982,-0.012153208255767822,-0.0005767345428466797,0.01216688512483683
2238,2,12,2.479402542114258,label_QCD,label_QCD,0.9335124492645264,-0.29511621594429016,-0.1594126969575882,-0.4921838343143463,-0.22964878380298615,2.214336395263672,1.0,1.0,0.0,0.0,0.0,0.0,0.5855303406715393,-0.47438716888427734,-1.6921414136886597,3.1672203540802,4.659343242645264,5.884181022644043,3.5909089845358326,0.5855303406715393,-0.47438716888427734,0.7535840801456521
2238,3,17,2.393641471862793,label_QCD,label_QCD,0.9335124492645264,-0.9472229480743408,-1.0745373964309692,-1.144290566444397,-1.1447731256484985,-0.6726821064949036,0.0,0.0,0.0,1.0,0.0,0.0,0.004253685474395752,0.03154397010803223,-1.1877243518829346,0.7683192491531372,0.7302294969558716,1.5919291973114014,1.4145683457065543,0.004253685474395752,0.03154397010803223,0.03182948146438324
2238,4,16,2.3814339637756348,label_QCD,label_QCD,0.9335124492645264,-0.9462652206420898,-1.0766903162002563,-1.143332839012146,-1.1469264030456543,-0.6472320556640625,0.0,0.0,0.0,1.0,0.0,0.0,-0.00551643967628479,0.03779149055480957,-1.1941338777542114,0.7619256973266602,0.7156892418861389,1.5870404243469238,1.4165050251400548,-0.00551643967628479,0.03779149055480957,0.038191986922080264
2238,5,3,2.1866846084594727,label_QCD,label_QCD,0.9335124492645264,0.48307278752326965,0.35470470786094666,0.2860051989555359,0.28446879982948303,-0.7953575253486633,0.0,0.0,0.0,1.0,0.0,0.0,0.0009627044200897217,-0.0006482601165771484,-8.968770980834961,6.220150947570801,5.593964576721191,12.264647483825684,10.914629206584769,0.0009627044200897217,-0.0006482601165771484,0.0011606209455308418
2238,6,13,2.154249429702759,label_QCD,label_QCD,0.9335124492645264,-0.6408445835113525,-0.7704759240150452,-0.8379120230674744,-0.8407118320465088,-0.488920122385025,-1.0,1.0,0.0,0.0,0.0,0.0,-0.006583541631698608,0.07749080657958984,-1.892646312713623,1.1044493913650513,1.1045494079589844,2.4579315185546875,2.191328027273668,-0.006583541631698608,0.07749080657958984,0.07776996929902771
2238,7,1,2.103856325149536,label_QCD,label_QCD,0.9335124492645264,1.0078797340393066,0.8739579319953918,0.8108121156692505,0.8037218451499939,-0.6980698704719543,1.0,1.0,0.0,0.0,0.0,0.0,-0.0171201229095459,0.0188748836517334,-19.235027313232422,12.791360855102539,11.371688842773438,25.75197410583496,23.09989584968397,-0.0171201229095459,0.0188748836517334,0.025482539930400012
2238,8,15,2.067042827606201,label_QCD,label_QCD,0.9335124492645264,-0.8774725198745728,-0.8696520924568176,-1.0745398998260498,-0.9398880004882812,1.1891412734985352,0.0,0.0,0.0,1.0,0.0,0.0,0.3389468789100647,0.3638787269592285,-1.5173014402389526,0.37427976727485657,1.4520347118377686,2.133235454559326,1.5627824559875634,0.3389468789100647,0.3638787269592285,0.49728534530623647
2238,9,10,2.0578808784484863,label_QCD,label_QCD,0.9335124492645264,-0.03855011239647865,-0.1561329960823059,-0.235617533326149,-0.2263689935207367,-0.642638623714447,0.0,0.0,0.0,1.0,0.0,0.0,0.033815741539001465,-0.02010369300842285,-4.198793411254883,3.0346593856811523,2.8478996753692627,5.911815166473389,5.180639313588635,0.033815741539001465,-0.02010369300842285,0.03934034631786379
2238,10,18,1.9707515239715576,label_QCD,label_QCD,0.9335124492645264,-1.1205517053604126,-1.2821404933929443,-1.3176192045211792,-1.3523763418197632,0.7136563658714294,0.0,0.0,0.0,1.0,0.0,0.0,-0.1152070164680481,-0.36045050621032715,-0.6277394890785217,0.9085274934768677,0.42532092332839966,1.1833752393722534,1.104300263765215,-0.1152070164680481,-0.36045050621032715,0.37841409074022364
2238,11,5,1.9691288471221924,label_QCD,label_QCD,0.9335124492645264,0.39489254355430603,0.2836269736289978,0.19782495498657227,0.21339106559753418,-0.5906599164009094,0.0,0.0,0.0,1.0,0.0,0.0,0.052279770374298096,-0.0024042129516601562,-7.897583484649658,5.497808933258057,5.493492126464844,11.08044147491455,9.622771324500189,0.052279770374298096,-0.0024042129516601562,0.052335022979896235
2238,12,19,1.9418405294418335,label_QCD,label_QCD,0.9335124492645264,-1.165364146232605,-1.339309573173523,-1.3624316453933716,-1.4095455408096313,0.3686951994895935,0.0,0.0,0.0,1.0,0.0,0.0,-0.16770100593566895,-0.23925280570983887,-0.6875237226486206,0.7747489213943481,0.34120118618011475,1.090570092201233,1.0358208148161163,-0.16770100593566895,-0.23925280570983887,0.29217380517744085
2238,13,11,1.9091987609863281,label_QCD,label_QCD,0.9335124492645264,-0.23216094076633453,-0.32266634702682495,-0.42922845482826233,-0.3929021656513214,-0.38130414485931396,-1.0,1.0,0.0,0.0,0.0,0.0,0.09907692670822144,0.033769845962524414,-3.3035335540771484,2.1265859603881836,2.457151174545288,4.660151958465576,3.9288295699653006,0.09907692670822144,0.033769845962524414,0.10467396955441648
2238,14,14,1.907094120979309,label_QCD,label_QCD,0.9335124492645264,-0.8312634825706482,-0.9718424081802368,-1.02833092212677,-1.0420782566070557,-0.1886579394340515,0.0,0.0,0.0,1.0,0.0,0.0,-0.0386621356010437,0.14786458015441895,-1.4974766969680786,0.7379371523857117,0.7819342017173767,1.8434773683547974,1.6694273565607938,-0.0386621356010437,0.14786458015441895,0.1528355154847069
2238,15,9,1.8899155855178833,label_QCD,label_QCD,0.9335124492645264,0.011931097134947777,-0.07865508645772934,-0.18513640761375427,-0.1488909274339676,0.31602269411087036,0.0,0.0,1.0,0.0,0.0,0.0,0.10942906141281128,0.256650447845459,-5.232236385345459,1.9044309854507446,3.5505173206329346,6.60373592376709,5.5680476803344465,0.10942906141281128,0.256650447845459,0.27900568428073913
2238,16,2,1.879673957824707,label_QCD,label_QCD,0.9335124492645264,0.5173466205596924,0.39085257053375244,0.3202790319919586,0.3206164836883545,-0.3175337612628937,-1.0,1.0,0.0,0.0,0.0,0.0,0.00667610764503479,-0.12043166160583496,-8.57075309753418,7.611001968383789,5.948361396789551,12.914628982543945,11.462336569026126,0.00667610764503479,-0.12043166160583496,0.12061656407985777
2379,1,0,4.32062292098999,label_Zqq,label_Wqq,0.7200135588645935,2.895253896713257,3.5090267658233643,2.753788709640503,2.7216031551361084,-0.5132509469985962,0.0,0.0,1.0,0.0,0.0,0.0,-0.04761922359466553,0.05358612537384033,321.6570739746094,-117.46217346191406,1056.7705078125,1110.8665771484375,342.4334029155218,-0.04761922359466553,0.05358612537384033,0.07168726029316286
2379,2,19,2.308605194091797,label_Zqq,label_Wqq,0.7200135588645935,-1.1065794229507446,-0.05390235036611557,-1.2480448484420776,-0.8413262963294983,1.9685337543487549,0.0,0.0,0.0,1.0,0.0,0.0,0.597187876701355,0.3498789966106415,1.1249315738677979,-0.06062406674027443,6.748037338256836,6.841429233551025,1.1265639455232046,0.597187876701355,0.3498789966106415,0.6921334209156079
2379,3,22,2.141054630279541,label_Zqq,label_Wqq,0.7200135588645935,-1.296624779701233,-0.2357945293188095,-1.4380903244018555,-1.0232182741165161,1.6634094715118408,0.0,0.0,1.0,0.0,0.0,0.0,0.6089943647384644,-0.09165135025978088,0.7554893493652344,-0.408194899559021,5.205555438995361,5.275907039642334,0.8587125438878277,0.6089943647384644,-0.09165135025978088,0.6158523413023992
2379,4,2,2.124748945236206,label_Zqq,label_Wqq,0.7200135588645935,1.92110013961792,2.5511555671691895,1.779634714126587,1.763731598854065,-0.5182836651802063,-1.0,1.0,0.0,0.0,0.0,0.0,-0.023197412490844727,-0.06649914383888245,75.90975189208984,-38.58032989501953,269.6070861816406,282.734375,85.15123185912917,-0.023197412490844727,-0.06649914383888245,0.0704290854517846
2379,5,1,2.1095545291900635,label_Zqq,label_Wqq,0.7200135588645935,1.9804847240447998,2.6234424114227295,1.8390194177627563,1.836018681526184,-0.5615415573120117,1.0,1.0,0.0,0.0,0.0,0.0,-0.003885507583618164,-0.05948784947395325,82.92303466796875,-41.41576385498047,299.4761047363281,313.4923400878906,92.6903186650939,-0.003885507583618164,-0.05948784947395325,0.05961460730574407
2379,6,3,2.070706605911255,label_Zqq,label_Wqq,0.7200135588645935,1.7876031398773193,2.4313836097717285,1.6461378335952759,1.6439599990844727,-0.5468965768814087,0.0,0.0,0.0,1.0,0.0,0.0,-0.0026549100875854492,-0.06322014331817627,62.83392333984375,-31.67585563659668,227.64280700683594,238.27024841308594,70.3666238538405,-0.0026549100875854492,-0.06322014331817627,0.06327586482019752
2379,7,9,1.973268985748291,label_Zqq,label_Wqq,0.7200135588645935,0.22432489693164825,0.8616229891777039,0.08285937458276749,0.07419929653406143,-0.6698684096336365,0.0,0.0,0.0,1.0,0.0,0.0,-0.012352228164672852,-0.030096709728240967,6.843216896057129,-3.1700963973999023,24.152029037475586,25.302167892456055,7.54182528671207,-0.012352228164672852,-0.030096709728240967,0.03253289838145584
2379,8,18,1.9590014219284058,label_Zqq,label_Wqq,0.7200135588645935,-0.9213189482688904,-0.050232622772455215,-1.0627843141555786,-0.8376563191413879,1.5090734958648682,0.0,0.0,0.0,1.0,0.0,0.0,0.3330327272415161,0.4715166687965393,1.4645235538482666,0.09944479167461395,6.718911170959473,6.877389430999756,1.4678959453474771,0.3330327272415161,0.4715166687965393,0.5772683659849268
2379,9,7,1.9419262409210205,label_Zqq,label_Wqq,0.7200135588645935,0.6570854783058167,1.2705305814743042,0.5156199336051941,0.4831065237522125,0.26480549573898315,0.0,0.0,1.0,0.0,0.0,0.0,-0.0481114387512207,-0.26181760430336,11.008198738098145,-8.641585350036621,43.16679763793945,45.37873840332031,13.994907531649973,-0.0481114387512207,-0.26181760430336,0.26620136825693297
2379,10,6,1.91476309299469,label_Zqq,label_Wqq,0.7200135588645935,0.7652539610862732,1.4116274118423462,0.6237884759902954,0.6242035031318665,-0.33545151352882385,-1.0,1.0,0.0,0.0,0.0,0.0,0.0012180805206298828,-0.11613073945045471,14.175774574279785,-8.113665580749512,53.05514144897461,55.51262664794922,16.333528520715802,0.0012180805206298828,-0.11613073945045471,0.11613712742040823
2379,11,15,1.8986077308654785,label_Zqq,label_Wqq,0.7200135588645935,-0.37485694885253906,0.32691502571105957,-0.5163221955299377,-0.4605088531970978,-0.22505688667297363,0.0,0.0,0.0,1.0,0.0,0.0,0.08373486995697021,-0.11682656407356262,2.7798752784729004,-1.5936622619628906,11.343396186828613,11.787285804748535,3.2042886837907507,0.08373486995697021,-0.11682656407356262,0.1437357802356287
2379,12,4,1.8620736598968506,label_Zqq,label_Wqq,0.7200135588645935,1.2905577421188354,1.936034917831421,1.1490923166275024,1.1486111879348755,-0.5460456609725952,-1.0,1.0,0.0,0.0,0.0,0.0,-0.00011897087097167969,-0.06348848342895508,30.885746002197266,-15.580527305603027,112.20940399169922,117.42083740234375,34.593093779436465,-0.00011897087097167969,-0.06348848342895508,0.06348859489842915
2379,13,17,1.8588758707046509,label_Zqq,label_Wqq,0.7200135588645935,-0.47137650847435,0.13116872310638428,-0.6128421425819397,-0.656255304813385,-0.3177264630794525,0.0,0.0,0.0,1.0,0.0,0.0,-0.06449437141418457,-0.10186859965324402,2.442319869995117,-1.3520170450210571,8.463361740112305,8.911867141723633,2.7915723951566145,-0.06449437141418457,-0.10186859965324402,0.12056838532311734
2379,14,20,1.8579033613204956,label_Zqq,label_Wqq,0.7200135588645935,-1.1925877332687378,-0.6162411570549011,-1.3340531587600708,-1.4036649465560913,-0.040498971939086914,0.0,0.0,0.0,1.0,0.0,0.0,-0.10398697853088379,-0.15886887907981873,0.8427568674087524,-0.5314083099365234,2.8972792625427246,3.063798427581787,0.9963101572473332,-0.10398697853088379,-0.15886887907981873,0.18987525495456364
2379,15,5,1.8209198713302612,label_Zqq,label_Wqq,0.7200135588645935,1.2592909336090088,2.049677610397339,1.1178256273269653,1.2622538805007935,0.22306472063064575,0.0,0.0,0.0,1.0,0.0,0.0,0.21467506885528564,0.13903579115867615,31.929874420166016,-8.654326438903809,134.09799194335938,138.11837768554688,33.0819323286697,0.21467506885528564,0.13903579115867615,0.25576617526784234
2379,16,11,1.8134561777114868,label_Zqq,label_Wqq,0.7200135588645935,-0.14256876707077026,0.46682778000831604,-0.28403419256210327,-0.3205961287021637,-0.27512747049331665,0.0,0.0,0.0,1.0,0.0,0.0,-0.05419349670410156,-0.11950424313545227,3.867879867553711,-2.2311813831329346,13.685172080993652,14.395228385925293,4.465273231759318,-0.05419349670410156,-0.11950424313545227,0.1312181359888745
2514,1,0,4.143346786499023,label_Zqq,label_Wqq,0.4046919345855713,2.7831597328186035,3.2896947860717773,2.712756395339966,2.690436601638794,-0.537285327911377,0.0,0.0,1.0,0.0,0.0,0.0,-0.03327667713165283,-0.056624650955200195,-185.2744140625,-225.38670349121094,-757.8270874023438,812.051513671875,291.7632166960697,-0.03327667713165283,-0.056624650955200195,0.06567867490078132
2514,2,18,2.2649805545806885,label_Zqq,label_Wqq,0.4046919345855713,-0.8667580485343933,0.1839674860239029,-0.9371616244316101,-0.4152905344963074,2.284484386444092,1.0,1.0,0.0,0.0,0.0,0.0,0.7711013555526733,0.0055162906646728516,-0.9296266436576843,-1.2860811948776245,-9.4771089553833,9.610061645507812,1.5868870584941166,0.7711013555526733,0.0055162906646728516,0.7711210864694775
2514,3,1,2.2611582279205322,label_Zqq,label_Wqq,0.4046919345855713,2.031280517578125,2.5484836101531982,1.9608771800994873,1.9492257833480835,-0.6317580342292786,-1.0,1.0,0.0,0.0,0.0,0.0,-0.016964197158813477,0.03848767280578613,-55.691917419433594,-82.6548080444336,-263.433837890625,281.65728759765625,99.66647861099125,-0.016964197158813477,0.03848767280578613,0.04206049147654298
2514,4,15,2.2129831314086914,label_Zqq,label_Wqq,0.4046919345855713,-0.4382992386817932,0.5437576174736023,-0.5087025761604309,-0.05550026893615723,1.9772319793701172,-1.0,1.0,0.0,0.0,0.0,0.0,0.6715599298477173,-0.1762692928314209,-2.1150360107421875,-2.0228445529937744,-15.798063278198242,16.067468643188477,2.9266495198969094,0.6715599298477173,-0.1762692928314209,0.6943080029586006
2514,5,14,2.1007301807403564,label_Zqq,label_Wqq,0.4046919345855713,-0.30982834100723267,0.4548867344856262,-0.380231648683548,-0.1443711221218109,1.6550321578979492,1.0,1.0,0.0,0.0,0.0,0.0,0.35365545749664307,0.5016241073608398,-0.45505908131599426,-3.4866549968719482,-13.70724868774414,14.151748657226562,3.5162255096481343,0.35365545749664307,0.5016241073608398,0.613758036772407
2514,6,9,1.9881752729415894,label_Zqq,label_Wqq,0.4046919345855713,0.5090368390083313,1.019569993019104,0.4386332035064697,0.4203120172023773,-0.6616805195808411,0.0,0.0,0.0,1.0,0.0,0.0,-0.027158498764038086,0.02140522003173828,-6.488908290863037,-9.284212112426758,-29.614418029785156,31.706722259521484,11.32707046661946,-0.027158498764038086,0.02140522003173828,0.03457987130865857
2514,7,6,1.9867594242095947,label_Zqq,label_Wqq,0.4046919345855713,1.2390555143356323,1.749431848526001,1.168652057647705,1.1501740217208862,-0.665827751159668,0.0,0.0,0.0,1.0,0.0,0.0,-0.02739846706390381,0.01935100555419922,-18.465625762939453,-26.305034637451172,-84.00601196289062,89.9441146850586,32.13929342867449,-0.02739846706390381,0.01935100555419922,0.0335430680381278
2514,8,8,1.977360725402832,label_Zqq,label_Wqq,0.4046919345855713,0.7152963876724243,1.2354016304016113,0.6448929309844971,0.6361437439918518,-0.5946398973464966,0.0,0.0,0.0,1.0,0.0,0.0,-0.012532830238342285,0.04978680610656738,-8.35517692565918,-12.707807540893555,-40.38916015625,43.15763854980469,15.208463234510536,-0.012532830238342285,0.04978680610656738,0.05134002236146808
2514,9,7,1.9711942672729492,label_Zqq,label_Wqq,0.4046919345855713,0.945143461227417,1.4712011814117432,0.874739944934845,0.8719433546066284,-0.6433995962142944,0.0,0.0,0.0,1.0,0.0,0.0,-0.0034515857696533203,0.038997650146484375,-11.792377471923828,-17.520858764648438,-56.634159088134766,60.443931579589844,21.119674672946424,-0.0034515857696533203,0.038997650146484375,0.03915009784499735
2514,10,2,1.9569759368896484,label_Zqq,label_Wqq,0.4046919345855713,1.5114681720733643,2.0309267044067383,1.441064715385437,1.431668758392334,-0.632588803768158,1.0,1.0,0.0,0.0,0.0,0.0,-0.013520598411560059,0.03960871696472168,-26.458572387695312,-39.36347961425781,-125.82527160644531,134.46768188476562,47.42931140272862,-0.013520598411560059,0.03960871696472168,0.041852802068656186
2514,11,3,1.9336862564086914,label_Zqq,label_Wqq,0.4046919345855713,1.3269867897033691,1.8386836051940918,1.256583333015442,1.239425539970398,-0.5850131511688232,-1.0,1.0,0.0,0.0,0.0,0.0,-0.025380373001098633,0.04737663269042969,-20.093189239501953,-30.400869369506836,-95.4559555053711,102.17537689208984,36.441036102672165,-0.025380373001098633,0.04737663269042969,0.05374670835277996
2514,12,4,1.9124908447265625,label_Zqq,label_Wqq,0.4046919345855713,1.3245177268981934,1.8462659120559692,1.2541145086288452,1.2470078468322754,-0.6045845150947571,-1.0,1.0,0.0,0.0,0.0,0.0,-0.010069727897644043,0.047804832458496094,-20.009471893310547,-30.30240249633789,-96.68993377685547,103.28813171386719,36.312732787539545,-0.010069727897644043,0.047804832458496094,0.04885387831398314
2514,13,5,1.8905856609344482,label_Zqq,label_Wqq,0.4046919345855713,1.2536944150924683,1.7722644805908203,1.1832910776138306,1.1730066537857056,-0.6412090063095093,1.0,1.0,0.0,0.0,0.0,0.0,-0.014877676963806152,0.0368044376373291,-18.38419532775879,-27.185930252075195,-86.93803405761719,92.92628479003906,32.81849237122091,-0.014877676963806152,0.0368044376373291,0.03969775688422981
2514,14,17,1.8503715991973877,label_Zqq,label_Wqq,0.4046919345855713,-0.5700573325157166,0.014890027232468128,-0.6404609084129333,-0.5843678116798401,-0.37264156341552734,-1.0,1.0,0.0,0.0,0.0,0.0,0.0835801362991333,0.06655120849609375,-1.2978254556655884,-2.0479092597961426,-7.130849838256836,7.547914981842041,2.424517116815713,0.0835801362991333,0.06655120849609375,0.10683961126881847
2514,15,13,1.7806627750396729,label_Zqq,label_Wqq,0.4046919345855713,-0.16771627962589264,0.6919394135475159,-0.23811960220336914,0.09268135577440262,1.195478916168213,-1.0,1.0,0.0,0.0,0.0,0.0,0.49313318729400635,0.07543635368347168,-2.2734618186950684,-3.6589200496673584,-19.382156372070312,19.855573654174805,4.30770525580872,0.49313318729400635,0.07543635368347168,0.4988697063039641
2514,16,21,1.6788697242736816,label_Zqq,label_Wqq,0.4046919345855713,-1.1594386100769043,-0.4352648854255676,-1.2298418283462524,-1.0345226526260376,0.5651372075080872,-1.0,1.0,0.0,0.0,0.0,0.0,0.29315364360809326,0.1747453212738037,-0.4606306850910187,-0.9375839233398438,-3.825195550918579,3.9677255153656006,1.0446263644733247,0.29315364360809326,0.1747453212738037,0.34128431852018315
