particle_node,event_idx,rank,particle_idx,true_label,pred_label,conf,super_score,pt,energy,deltaR_from_axis,deta,dphi,charge,is_charged_hadron,is_neutral_hadron,is_photon,is_electron,is_muon
particle:88:0,88,1,0,label_Hcc,label_Hcc,0.9803617000579834,4.231187343597412,314.5909788239896,318.2574462890625,0.1204212132560535,0.08484233170747757,-0.08545786887407303,0.0,0.0,1.0,0.0,0.0,0.0
particle:88:7,88,2,7,label_Hcc,label_Hcc,0.9803617000579834,2.997528314590454,14.40890833933971,14.574881553649902,0.10090407047150037,0.08364661782979965,-0.056434694677591324,-1.0,1.0,0.0,0.0,0.0,0.0
particle:88:30,88,3,30,label_Hcc,label_Hcc,0.9803617000579834,2.967697858810425,3.0155001343136925,3.056589126586914,0.2384458904995171,-0.04248185083270073,0.23463106155395508,-1.0,1.0,0.0,0.0,0.0,0.0
particle:88:25,88,4,25,label_Hcc,label_Hcc,0.9803617000579834,2.809030294418335,4.1316165761262065,4.161443710327148,0.22129112350137575,-0.05308261141180992,0.2148301601409912,-1.0,1.0,0.0,0.0,0.0,0.0
particle:88:6,88,5,6,label_Hcc,label_Hcc,0.9803617000579834,2.7995166778564453,14.500341351590803,14.691788673400879,0.10899479166985733,0.09463606029748917,-0.054072920233011246,0.0,0.0,0.0,1.0,0.0,0.0
particle:88:5,88,6,5,label_Hcc,label_Hcc,0.9803617000579834,2.7525827884674072,16.20349419864225,16.40666389465332,0.10041224986837778,0.0903758630156517,-0.04375869408249855,1.0,0.0,0.0,0.0,0.0,1.0
particle:88:35,88,7,35,label_Hcc,label_Hcc,0.9803617000579834,2.7316112518310547,1.7892437235161187,1.8161351680755615,0.26370738780565395,-0.24084332585334778,0.1074061393737793,0.0,0.0,0.0,1.0,0.0,0.0
particle:88:13,88,8,13,label_Hcc,label_Hcc,0.9803617000579834,2.7036712169647217,9.942696369281636,9.958304405212402,0.30899608992806743,-0.1219254806637764,0.283923864364624,-1.0,1.0,0.0,0.0,0.0,0.0
particle:88:22,88,9,22,label_Hcc,label_Hcc,0.9803617000579834,2.6903417110443115,4.440449114244774,4.4406585693359375,0.22087754644591123,-0.07739944756031036,0.20687246322631836,0.0,0.0,0.0,1.0,0.0,0.0
particle:88:27,88,10,27,label_Hcc,label_Hcc,0.9803617000579834,2.683586359024048,4.052706795534355,4.068486213684082,0.0872633587265836,0.020532339811325073,-0.0848134234547615,0.0,0.0,0.0,1.0,0.0,0.0
particle:88:2,88,11,2,label_Hcc,label_Hcc,0.9803617000579834,2.6449737548828125,32.40024952243027,32.50454330444336,0.26443957818988884,-0.14789843559265137,0.21921300888061523,-1.0,0.0,0.0,0.0,1.0,0.0
particle:88:36,88,12,36,label_Hcc,label_Hcc,0.9803617000579834,2.606196403503418,1.2443438337464372,1.252854824066162,0.29748351324053984,-0.18457671999931335,0.23329782485961914,0.0,0.0,0.0,1.0,0.0,0.0
particle:89:0,89,1,0,label_Hcc,label_QCD,0.5385523438453674,4.30638313293457,513.0415025709206,872.6038208007812,0.02467483914646662,0.023945927619934082,0.005953170359134674,1.0,1.0,0.0,0.0,0.0,0.0
particle:89:1,89,2,1,label_Hcc,label_QCD,0.5385523438453674,2.9410400390625,147.68184256672595,249.2422332763672,0.014858951166441526,0.014333128929138184,0.003917887806892395,0.0,0.0,0.0,1.0,0.0,0.0
particle:89:19,89,3,19,label_Hcc,label_QCD,0.5385523438453674,2.7703258991241455,1.5524235458075124,2.3578834533691406,0.6555640309369002,-0.12314438819885254,-0.6438941359519958,1.0,1.0,0.0,0.0,0.0,0.0
particle:89:6,89,4,6,label_Hcc,label_QCD,0.5385523438453674,2.7234489917755127,6.245346122723751,6.864814281463623,0.6583598291845058,-0.658104658126831,-0.018328219652175903,0.0,0.0,1.0,0.0,0.0,0.0
particle:89:21,89,5,21,label_Hcc,label_QCD,0.5385523438453674,2.6732993125915527,1.4859227141102482,2.638789415359497,0.07718628635956888,0.07672321796417236,-0.008442193269729614,0.0,0.0,0.0,1.0,0.0,0.0
particle:89:15,89,6,15,label_Hcc,label_QCD,0.5385523438453674,2.65116810798645,2.756850802225424,3.0046536922454834,0.6806151197085856,-0.6790163516998291,-0.04662333428859711,0.0,0.0,1.0,0.0,0.0,0.0
particle:89:12,89,7,12,label_Hcc,label_QCD,0.5385523438453674,2.558161735534668,3.7608481273008194,4.138851165771484,0.6758020202016699,-0.6552191972732544,-0.1655178964138031,0.0,0.0,1.0,0.0,0.0,0.0
particle:89:9,89,8,9,label_Hcc,label_QCD,0.5385523438453674,2.476945400238037,5.278856106317355,5.789670944213867,0.6836493471705459,-0.664156436920166,-0.16208842396736145,-1.0,1.0,0.0,0.0,0.0,0.0
particle:89:20,89,9,20,label_Hcc,label_QCD,0.5385523438453674,2.4110915660858154,1.5382588884032418,1.6798999309539795,0.6786871286593513,-0.6739895939826965,-0.07971352338790894,0.0,0.0,0.0,1.0,0.0,0.0
particle:89:7,89,10,7,label_Hcc,label_QCD,0.5385523438453674,2.4082274436950684,5.7796028040025815,9.6958589553833,0.005562661325873409,0.0010045766830444336,0.0054711997509002686,-1.0,1.0,0.0,0.0,0.0,0.0
particle:89:3,89,11,3,label_Hcc,label_QCD,0.5385523438453674,2.3902170658111572,13.401222340355131,22.95297622680664,0.0325703539394412,0.032532572746276855,0.001568332314491272,-1.0,1.0,0.0,0.0,0.0,0.0
particle:89:10,89,12,10,label_Hcc,label_QCD,0.5385523438453674,2.373751163482666,4.743990035977879,7.866074562072754,0.055579683731118316,-0.007924675941467285,0.055011823773384094,1.0,1.0,0.0,0.0,0.0,0.0
particle:192:0,192,1,0,label_Hqql,label_Hqql,0.9998764991760254,4.228349208831787,138.13300522290382,234.13079833984375,0.14199340136832908,-0.03191649913787842,0.1383599042892456,-1.0,0.0,0.0,0.0,0.0,1.0
particle:192:1,192,2,1,label_Hqql,label_Hqql,0.9998764991760254,3.397747039794922,121.89487972628484,240.8032684326172,0.15316732911171085,0.15121793746948242,-0.02435910701751709,0.0,0.0,0.0,1.0,0.0,0.0
particle:192:3,192,3,3,label_Hqql,label_Hqql,0.9998764991760254,3.1415369510650635,41.29021069641771,80.04621887207031,0.13231034491982704,0.12929534912109375,-0.028084516525268555,1.0,1.0,0.0,0.0,0.0,0.0
particle:192:23,192,4,23,label_Hqql,label_Hqql,0.9998764991760254,3.117487907409668,1.2924936393015107,2.004256248474121,0.16122873587325381,-0.14503037929534912,-0.0704336166381836,0.0,0.0,0.0,1.0,0.0,0.0
particle:192:22,192,5,22,label_Hqql,label_Hqql,0.9998764991760254,3.107410192489624,1.5860242199904695,2.3485801219940186,0.3005445081239661,-0.23736846446990967,-0.18434536457061768,-1.0,1.0,0.0,0.0,0.0,0.0
particle:192:4,192,6,4,label_Hqql,label_Hqql,0.9998764991760254,2.99965500831604,29.40359722775213,42.58015441894531,0.26023499226016,-0.2369799017906189,-0.10753035545349121,-1.0,1.0,0.0,0.0,0.0,0.0
particle:192:6,192,7,6,label_Hqql,label_Hqql,0.9998764991760254,2.9658043384552,28.170552435984202,40.19074249267578,0.2681941892305679,-0.2577410936355591,-0.07414615154266357,1.0,1.0,0.0,0.0,0.0,0.0
particle:192:24,192,8,24,label_Hqql,label_Hqql,0.9998764991760254,2.961301565170288,0.9275124776300158,1.6501872539520264,0.2081239246892665,0.02738642692565918,0.20631420612335205,0.0,0.0,0.0,1.0,0.0,0.0
particle:192:2,192,9,2,label_Hqql,label_Hqql,0.9998764991760254,2.9555246829986572,45.04143527996399,90.4338607788086,0.17201438972373378,0.16996777057647705,-0.02645576000213623,0.0,0.0,0.0,1.0,0.0,0.0
particle:192:21,192,10,21,label_Hqql,label_Hqql,0.9998764991760254,2.930433750152588,1.6308292732216423,2.8866868019104004,0.06814036233182215,0.01977372169494629,-0.06520819664001465,1.0,1.0,0.0,0.0,0.0,0.0
particle:192:20,192,11,20,label_Hqql,label_Hqql,0.9998764991760254,2.892448902130127,1.8007534599405404,2.8768815994262695,0.2545011957751072,-0.10794591903686523,-0.230474591255188,-1.0,1.0,0.0,0.0,0.0,0.0
particle:192:18,192,12,18,label_Hqql,label_Hqql,0.9998764991760254,2.889681100845337,1.8735632423349124,3.624971628189087,0.12811177598364523,0.1269916296005249,-0.016904234886169434,0.0,0.0,0.0,1.0,0.0,0.0
particle:198:0,198,1,0,label_Hqql,label_Hqql,0.9999284744262695,4.910810947418213,445.1894392171144,853.07666015625,0.03486495218939353,-0.03284657001495361,0.011690497398376465,1.0,0.0,0.0,0.0,0.0,1.0
particle:198:15,198,2,15,label_Hqql,label_Hqql,0.9999284744262695,2.8685600757598877,4.648263330139654,9.567169189453125,0.055951769989757316,0.04980015754699707,0.025505781173706055,1.0,1.0,0.0,0.0,0.0,0.0
particle:198:13,198,3,13,label_Hqql,label_Hqql,0.9999284744262695,2.6626248359680176,4.887072501665911,9.080337524414062,0.07176052739019968,-0.06934583187103271,-0.018458843231201172,-1.0,1.0,0.0,0.0,0.0,0.0
particle:198:25,198,4,25,label_Hqql,label_Hqql,0.9999284744262695,2.604097366333008,0.924008046238867,1.4711593389511108,0.473381545146878,-0.2593604326248169,-0.3960078954696655,0.0,0.0,0.0,1.0,0.0,0.0
particle:198:19,198,5,19,label_Hqql,label_Hqql,0.9999284744262695,2.5989062786102295,2.3770484651928157,6.9928812980651855,0.517770778062451,0.441936731338501,-0.2697749137878418,0.0,0.0,1.0,0.0,0.0,0.0
particle:198:5,198,6,5,label_Hqql,label_Hqql,0.9999284744262695,2.575972080230713,20.894872145985715,40.54026794433594,0.06372167967569575,-0.018380403518676758,0.061013221740722656,-1.0,1.0,0.0,0.0,0.0,0.0
particle:198:2,198,7,2,label_Hqql,label_Hqql,0.9999284744262695,2.5507514476776123,32.65542960936013,64.88573455810547,0.11078434977485455,0.009391069412231445,0.11038559675216675,0.0,0.0,0.0,1.0,0.0,0.0
particle:198:17,198,8,17,label_Hqql,label_Hqql,0.9999284744262695,2.4897348880767822,3.415715063655002,6.26609468460083,0.09340924142114133,-0.08437526226043701,0.04007619619369507,0.0,0.0,1.0,0.0,0.0,0.0
particle:198:1,198,9,1,label_Hqql,label_Hqql,0.9999284744262695,2.479712963104248,47.719935745592736,100.21742248535156,0.16778766920221033,0.07290339469909668,-0.15112179517745972,1.0,1.0,0.0,0.0,0.0,0.0
particle:198:24,198,10,24,label_Hqql,label_Hqql,0.9999284744262695,2.4322657585144043,1.4271137692785916,2.9475481510162354,0.1588756920563909,0.05389678478240967,0.14945441484451294,0.0,0.0,0.0,1.0,0.0,0.0
particle:198:18,198,11,18,label_Hqql,label_Hqql,0.9999284744262695,2.4274280071258545,3.0971944126836792,5.886360168457031,0.10462688934467324,-0.04248404502868652,0.09561324119567871,0.0,0.0,0.0,1.0,0.0,0.0
particle:198:21,198,12,21,label_Hqql,label_Hqql,0.9999284744262695,2.4115705490112305,1.7101717376921606,3.5493431091308594,0.16963343207813056,0.05943465232849121,0.15888053178787231,0.0,0.0,0.0,1.0,0.0,0.0
particle:205:0,205,1,0,label_Hqql,label_Hqql,0.9996947050094604,4.579001426696777,393.9726316139648,788.5947265625,0.0940881698852948,-0.08381438255310059,0.042751993983983994,1.0,0.0,0.0,0.0,1.0,0.0
particle:205:1,205,2,1,label_Hqql,label_Hqql,0.9996947050094604,3.344172239303589,105.54769047068565,251.5352325439453,0.12502605404203365,0.11259639263153076,-0.0543467253446579,0.0,0.0,1.0,0.0,0.0,0.0
particle:205:4,205,3,4,label_Hqql,label_Hqql,0.9996947050094604,2.8694427013397217,17.958684487273715,35.69608688354492,0.09791288871192047,-0.09190905094146729,0.03375885263085365,0.0,0.0,0.0,1.0,0.0,0.0
particle:205:2,205,4,2,label_Hqql,label_Hqql,0.9996947050094604,2.851515531539917,27.48715425693241,65.7001724243164,0.12299279461469242,0.11585676670074463,-0.04128482937812805,-1.0,1.0,0.0,0.0,0.0,0.0
particle:205:19,205,5,19,label_Hqql,label_Hqql,0.9996947050094604,2.689546585083008,0.7363220540962111,2.191870927810669,0.38097655697703714,0.3527792692184448,-0.14383992552757263,0.0,0.0,0.0,1.0,0.0,0.0
particle:205:14,205,6,14,label_Hqql,label_Hqql,0.9996947050094604,2.6805732250213623,2.015838846221797,5.206082344055176,0.25348776263577283,0.2000410556793213,-0.15569078922271729,-1.0,1.0,0.0,0.0,0.0,0.0
particle:205:15,205,7,15,label_Hqql,label_Hqql,0.9996947050094604,2.660372018814087,1.3914656608887215,3.6168718338012695,0.2596122799459804,0.20743322372436523,-0.15610891580581665,0.0,0.0,0.0,1.0,0.0,0.0
particle:205:3,205,8,3,label_Hqql,label_Hqql,0.9996947050094604,2.65714955329895,18.137391559418877,42.295536041259766,0.09851439994104565,0.08861756324768066,-0.04303503781557083,0.0,0.0,0.0,1.0,0.0,0.0
particle:205:16,205,9,16,label_Hqql,label_Hqql,0.9996947050094604,2.6509695053100586,1.1661323920368039,2.9859633445739746,0.29745594204130765,0.1899489164352417,0.22890925407409668,1.0,1.0,0.0,0.0,0.0,0.0
particle:205:18,205,10,18,label_Hqql,label_Hqql,0.9996947050094604,2.575928211212158,1.0273299480784308,3.0194475650787354,0.35710054412339776,0.33925020694732666,-0.11149033904075623,0.0,0.0,0.0,1.0,0.0,0.0
particle:205:11,205,11,11,label_Hqql,label_Hqql,0.9996947050094604,2.5227394104003906,3.2652830837170908,7.009198188781738,0.09346546816696875,-0.0042171478271484375,0.09337028115987778,-1.0,1.0,0.0,0.0,0.0,0.0
particle:205:9,205,12,9,label_Hqql,label_Hqql,0.9996947050094604,2.4530863761901855,4.416197321820775,10.384705543518066,0.10169850448570351,0.09785103797912598,-0.02770848572254181,0.0,0.0,0.0,1.0,0.0,0.0
particle:208:0,208,1,0,label_Hqql,label_Hqql,0.9504872560501099,4.950427055358887,526.1699810500572,1872.2833251953125,0.02196009632355459,-0.021276235580444336,-0.005437612533569336,1.0,0.0,0.0,0.0,1.0,0.0
particle:208:21,208,2,21,label_Hqql,label_Hqql,0.9504872560501099,2.879711627960205,0.5574560938475038,3.718639612197876,0.6244263269545012,0.6218539476394653,0.05662071704864502,0.0,0.0,1.0,0.0,0.0,0.0
particle:208:20,208,3,20,label_Hqql,label_Hqql,0.9504872560501099,2.700432062149048,0.5621355022275555,3.295621395111084,0.4997072614689613,0.4901324510574341,0.09735259413719177,-1.0,1.0,0.0,0.0,0.0,0.0
particle:208:18,208,4,18,label_Hqql,label_Hqql,0.9504872560501099,2.640519142150879,0.9307124673700236,2.8964171409606934,0.6844862095317128,-0.1618046760559082,0.6650869250297546,0.0,0.0,0.0,1.0,0.0,0.0
particle:208:22,208,5,22,label_Hqql,label_Hqql,0.9504872560501099,2.5807647705078125,0.486183476748603,2.479051113128662,0.6065992832546054,0.34745967388153076,0.4972267746925354,1.0,1.0,0.0,0.0,0.0,0.0
particle:208:10,208,6,10,label_Hqql,label_Hqql,0.9504872560501099,2.502028703689575,2.4720845390078816,13.039695739746094,0.711965668235363,0.38355982303619385,-0.5998141169548035,1.0,1.0,0.0,0.0,0.0,0.0
particle:208:19,208,7,19,label_Hqql,label_Hqql,0.9504872560501099,2.2635669708251953,0.8965729590484776,3.767981767654419,0.5452342191535534,0.1510409116744995,-0.5238959789276123,0.0,0.0,0.0,1.0,0.0,0.0
particle:208:16,208,8,16,label_Hqql,label_Hqql,0.9504872560501099,2.190666437149048,1.8955880780440058,7.74116849899292,0.12185663351457333,0.12147486209869385,0.009638309478759766,0.0,0.0,1.0,0.0,0.0,0.0
particle:208:15,208,9,15,label_Hqql,label_Hqql,0.9504872560501099,2.1820271015167236,2.0312860572617226,8.674097061157227,0.6190429214498754,0.16746199131011963,0.5959619283676147,0.0,0.0,0.0,1.0,0.0,0.0
particle:208:14,208,10,14,label_Hqql,label_Hqql,0.9504872560501099,2.163728952407837,2.0522404320891328,10.959291458129883,0.6110356139242402,0.396079421043396,-0.465280145406723,1.0,1.0,0.0,0.0,0.0,0.0
particle:208:13,208,11,13,label_Hqql,label_Hqql,0.9504872560501099,2.157177448272705,2.0638198248201642,10.840516090393066,0.38441454726524543,0.37933576107025146,0.062281012535095215,0.0,0.0,1.0,0.0,0.0,0.0
particle:208:3,208,12,3,label_Hqql,label_Hqql,0.9504872560501099,2.1455624103546143,4.515009471987198,24.153635025024414,0.5420135794770008,0.39794886112213135,-0.36798834800720215,-1.0,1.0,0.0,0.0,0.0,0.0
particle:209:0,209,1,0,label_Hqql,label_Hqql,0.9904475212097168,4.685012340545654,290.4163900224745,298.0957336425781,0.05053651080902003,0.04968932271003723,0.009214669466018677,-1.0,0.0,0.0,0.0,0.0,1.0
particle:209:16,209,2,16,label_Hqql,label_Hqql,0.9904475212097168,2.9931437969207764,2.613820071124476,2.8063411712646484,0.7761041710585387,-0.5612666606903076,0.5360199809074402,0.0,0.0,0.0,1.0,0.0,0.0
particle:209:1,209,3,1,label_Hqql,label_Hqql,0.9904475212097168,2.9752590656280518,112.53142993714214,113.3785629272461,0.1227326234141153,-0.05714871734380722,-0.10861547291278839,0.0,0.0,0.0,1.0,0.0,0.0
particle:209:7,209,4,7,label_Hqql,label_Hqql,0.9904475212097168,2.948117733001709,9.169112072944346,9.347447395324707,0.3116152700591339,0.017135918140411377,0.31114375591278076,0.0,0.0,1.0,0.0,0.0,0.0
particle:209:2,209,5,2,label_Hqql,label_Hqql,0.9904475212097168,2.823697090148926,62.75978841132393,63.407623291015625,0.10667738513577689,-0.03623129427433014,-0.1003362238407135,1.0,1.0,0.0,0.0,0.0,0.0
particle:209:3,209,6,3,label_Hqql,label_Hqql,0.9904475212097168,2.6452338695526123,28.42026566126411,28.591623306274414,0.157013701574919,-0.07012534141540527,-0.14048394560813904,-1.0,1.0,0.0,0.0,0.0,0.0
particle:209:22,209,7,22,label_Hqql,label_Hqql,0.9904475212097168,2.5846238136291504,1.064807145135457,1.0718433856964111,0.1387460464058067,-0.0648772194981575,-0.12264343351125717,0.0,0.0,0.0,1.0,0.0,0.0
particle:209:20,209,8,20,label_Hqql,label_Hqql,0.9904475212097168,2.5583560466766357,1.8751880407228725,1.94308602809906,0.16172951964023713,0.08852489292621613,0.13535058498382568,0.0,0.0,0.0,1.0,0.0,0.0
particle:209:23,209,9,23,label_Hqql,label_Hqql,0.9904475212097168,2.524521827697754,0.9909128313797891,1.0083532333374023,0.1612839921728043,0.007570281624794006,0.16110622882843018,0.0,0.0,0.0,1.0,0.0,0.0
particle:209:11,209,10,11,label_Hqql,label_Hqql,0.9904475212097168,2.496015787124634,5.091410976802366,5.188505172729492,0.5158778912870411,0.01521231234073639,0.5156535506248474,0.0,0.0,0.0,1.0,0.0,0.0
particle:209:24,209,11,24,label_Hqql,label_Hqql,0.9904475212097168,2.469120502471924,0.9361473456494086,0.9848238825798035,0.22410538627129434,0.14132444560527802,0.17392706871032715,0.0,0.0,0.0,1.0,0.0,0.0
particle:209:17,209,12,17,label_Hqql,label_Hqql,0.9904475212097168,2.468872308731079,2.545349837401884,2.597731590270996,0.26795734804607224,0.02275581657886505,0.2669893503189087,0.0,0.0,0.0,1.0,0.0,0.0
particle:213:0,213,1,0,label_Hqql,label_Hqql,0.9942646622657776,4.854565620422363,326.96611593848206,384.20196533203125,0.06375763135275768,0.045454323291778564,-0.04470950737595558,-1.0,0.0,0.0,0.0,1.0,0.0
particle:213:1,213,2,1,label_Hqql,label_Hqql,0.9942646622657776,3.2708921432495117,65.07999398582456,72.71495819091797,0.10807772990930047,-0.05815741419792175,0.09109616279602051,0.0,0.0,1.0,0.0,0.0,0.0
particle:213:8,213,3,8,label_Hqql,label_Hqql,0.9942646622657776,3.226522207260132,12.139853510826658,13.575567245483398,0.09271249462044526,-0.06163439154624939,-0.06925899535417557,-1.0,1.0,0.0,0.0,0.0,0.0
particle:213:2,213,4,2,label_Hqql,label_Hqql,0.9942646622657776,2.8642170429229736,40.360209104829615,45.32442092895508,0.059577950561002097,-0.04690095782279968,0.03674006462097168,0.0,0.0,0.0,1.0,0.0,0.0
particle:213:3,213,5,3,label_Hqql,label_Hqql,0.9942646622657776,2.819192886352539,31.115776438649398,34.87485885620117,0.07339060164887047,-0.05122101306915283,0.05256032943725586,1.0,1.0,0.0,0.0,0.0,0.0
particle:213:13,213,6,13,label_Hqql,label_Hqql,0.9942646622657776,2.763841390609741,1.682489034819764,1.8013569116592407,0.16987029803594736,-0.16421180963516235,0.04347872734069824,0.0,0.0,0.0,1.0,0.0,0.0
particle:213:4,213,7,4,label_Hqql,label_Hqql,0.9942646622657776,2.693026065826416,19.359981777415502,21.837980270385742,0.08617741031750935,-0.03726696968078613,0.07770276069641113,-1.0,1.0,0.0,0.0,0.0,0.0
particle:213:14,213,8,14,label_Hqql,label_Hqql,0.9942646622657776,2.689260244369507,1.2553028418816294,1.318673849105835,0.22266187903707932,-0.22150331735610962,-0.02268463745713234,0.0,0.0,0.0,1.0,0.0,0.0
particle:213:5,213,9,5,label_Hqql,label_Hqql,0.9942646622657776,2.6888420581817627,17.611791651150384,19.688522338867188,0.11802671882050289,-0.057010382413864136,0.10334467887878418,-1.0,1.0,0.0,0.0,0.0,0.0
particle:213:7,213,10,7,label_Hqql,label_Hqql,0.9942646622657776,2.6176421642303467,14.05923828736706,15.773764610290527,0.0772715960848802,-0.04895547032356262,0.05978512763977051,0.0,0.0,0.0,1.0,0.0,0.0
particle:213:6,213,11,6,label_Hqql,label_Hqql,0.9942646622657776,2.5776584148406982,16.99556708122225,18.973804473876953,0.07779349942978406,-0.060066789388656616,0.04943490028381348,1.0,1.0,0.0,0.0,0.0,0.0
particle:213:12,213,12,12,label_Hqql,label_Hqql,0.9942646622657776,2.5610976219177246,4.394805961847449,4.592644691467285,0.2429877875451522,-0.23899149894714355,-0.043887678533792496,0.0,0.0,1.0,0.0,0.0,0.0
particle:214:0,214,1,0,label_Hqql,label_Hqql,0.9992827773094177,4.8589887619018555,524.3685361337548,1252.911376953125,0.04611404723023995,-0.017714500427246094,0.042575836181640625,-1.0,0.0,0.0,0.0,0.0,1.0
particle:214:1,214,2,1,label_Hqql,label_Hqql,0.9992827773094177,2.918267250061035,116.74588080297937,303.20953369140625,0.12655456371120238,0.07335078716278076,-0.10312962532043457,1.0,1.0,0.0,0.0,0.0,0.0
particle:214:13,214,3,13,label_Hqql,label_Hqql,0.9992827773094177,2.779906988143921,2.209022668168137,2.888932466506958,0.7750174125963677,-0.7691692113876343,0.09503006935119629,0.0,0.0,0.0,1.0,0.0,0.0
particle:214:7,214,4,7,label_Hqql,label_Hqql,0.9992827773094177,2.652480363845825,6.19585288945587,16.55586814880371,0.10513204615780428,0.10408782958984375,-0.014780759811401367,0.0,0.0,1.0,0.0,0.0,0.0
particle:214:10,214,5,10,label_Hqql,label_Hqql,0.9992827773094177,2.528771162033081,3.7613944705876845,7.893791198730469,0.2955442137800386,-0.1627901792526245,-0.24666929244995117,0.0,0.0,1.0,0.0,0.0,0.0
particle:214:17,214,6,17,label_Hqql,label_Hqql,0.9992827773094177,2.5147407054901123,1.0999767794473074,3.2143125534057617,0.4843440182521479,0.19890427589416504,-0.4416177272796631,1.0,1.0,0.0,0.0,0.0,0.0
particle:214:8,214,7,8,label_Hqql,label_Hqql,0.9992827773094177,2.3110170364379883,4.338550588226769,10.063308715820312,0.12037240663351177,-0.05060088634490967,-0.10922026634216309,1.0,1.0,0.0,0.0,0.0,0.0
particle:214:14,214,8,14,label_Hqql,label_Hqql,0.9992827773094177,2.1814801692962646,2.1457951038399976,4.524129867553711,0.17793149056781396,-0.15807008743286133,-0.08169126510620117,-1.0,1.0,0.0,0.0,0.0,0.0
particle:214:16,214,9,16,label_Hqql,label_Hqql,0.9992827773094177,2.17012357711792,1.3409640581981488,2.820091724395752,0.17511276128677894,-0.1604093313217163,0.07023763656616211,0.0,0.0,0.0,1.0,0.0,0.0
particle:214:11,214,10,11,label_Hqql,label_Hqql,0.9992827773094177,2.1365299224853516,2.7022545745755293,6.836677551269531,0.1260113993970525,0.04465925693511963,-0.11783218383789062,-1.0,1.0,0.0,0.0,0.0,0.0
particle:214:9,214,11,9,label_Hqql,label_Hqql,0.9992827773094177,2.135638475418091,4.167041800138142,8.451455116271973,0.40286804978912405,-0.2019968032836914,-0.3485684394836426,-1.0,1.0,0.0,0.0,0.0,0.0
particle:214:15,214,12,15,label_Hqql,label_Hqql,0.9992827773094177,2.1306357383728027,1.6110837813058483,2.9547948837280273,0.47374156253093386,-0.3195582628250122,-0.3497335910797119,0.0,0.0,0.0,1.0,0.0,0.0
particle:217:0,217,1,0,label_Hqql,label_Hqql,0.9995713829994202,4.981095314025879,372.72481123138226,507.9313049316406,0.01155972263180379,-0.0113983154296875,0.0019249916076660156,1.0,0.0,0.0,0.0,1.0,0.0
particle:217:2,217,2,2,label_Hqql,label_Hqql,0.9995713829994202,2.981309175491333,19.48973271673345,26.5269832611084,0.018359481023106007,-0.013211846351623535,0.012748241424560547,0.0,0.0,0.0,1.0,0.0,0.0
particle:217:9,217,3,9,label_Hqql,label_Hqql,0.9995713829994202,2.9424941539764404,7.243506549767655,10.026515007019043,0.011935326889022598,0.011393129825592041,0.003556489944458008,0.0,0.0,0.0,1.0,0.0,0.0
particle:217:31,217,4,31,label_Hqql,label_Hqql,0.9995713829994202,2.795736789703369,1.2146900144413646,1.6140413284301758,0.11728804567671965,-0.049145400524139404,-0.10649514198303223,0.0,0.0,0.0,1.0,0.0,0.0
particle:217:26,217,5,26,label_Hqql,label_Hqql,0.9995713829994202,2.7744505405426025,2.5298195055587844,3.5978684425354004,0.08729575954452973,0.04998534917831421,-0.07156825065612793,0.0,0.0,0.0,1.0,0.0,0.0
particle:217:14,217,6,14,label_Hqql,label_Hqql,0.9995713829994202,2.7373669147491455,5.094807034842574,6.766871452331543,0.06995762569102064,-0.04980653524398804,-0.04912614822387695,0.0,0.0,0.0,1.0,0.0,0.0
particle:217:29,217,7,29,label_Hqql,label_Hqql,0.9995713829994202,2.731274127960205,1.6943474794698183,2.915919542312622,0.5121679617730315,0.2976183295249939,0.4168205261230469,1.0,1.0,0.0,0.0,0.0,0.0
particle:217:1,217,8,1,label_Hqql,label_Hqql,0.9995713829994202,2.6743361949920654,21.635074311010417,28.6917667388916,0.05898675788725491,-0.05214053392410278,-0.027582645416259766,-1.0,1.0,0.0,0.0,0.0,0.0
particle:217:8,217,9,8,label_Hqql,label_Hqql,0.9995713829994202,2.6554176807403564,8.036777404501509,10.514724731445312,0.07300460431317375,-0.07293534278869629,0.003179311752319336,0.0,0.0,0.0,1.0,0.0,0.0
particle:217:3,217,10,3,label_Hqql,label_Hqql,0.9995713829994202,2.5336568355560303,15.991099755649731,20.932931900024414,0.07233111126688557,-0.0721282958984375,-0.0054128170013427734,1.0,1.0,0.0,0.0,0.0,0.0
particle:217:22,217,11,22,label_Hqql,label_Hqql,0.9995713829994202,2.5235540866851807,2.897917548005602,4.890843868255615,0.34791049884457087,0.2744216322898865,0.21385622024536133,1.0,1.0,0.0,0.0,0.0,0.0
particle:217:32,217,12,32,label_Hqql,label_Hqql,0.9995713829994202,2.4950547218322754,1.112305735497365,1.7602027654647827,0.19647911004754692,0.1934996247291565,-0.034087181091308594,0.0,0.0,0.0,1.0,0.0,0.0
particle:219:0,219,1,0,label_Hqql,label_Hqql,0.9999996423721313,4.977695941925049,378.64829226926105,566.5582275390625,0.017136534664508634,-0.01451796293258667,-0.009104371070861816,-1.0,0.0,0.0,0.0,1.0,0.0
particle:219:1,219,2,1,label_Hqql,label_Hqql,0.9999996423721313,2.8685295581817627,48.35616112964084,76.09649658203125,0.15511148450615347,0.051998019218444824,-0.14613616466522217,-1.0,1.0,0.0,0.0,0.0,0.0
particle:219:10,219,3,10,label_Hqql,label_Hqql,0.9999996423721313,2.700126886367798,7.919431681709416,12.47833251953125,0.07771964427255039,0.053557753562927246,-0.0563197135925293,1.0,1.0,0.0,0.0,0.0,0.0
particle:219:9,219,4,9,label_Hqql,label_Hqql,0.9999996423721313,2.636619806289673,12.551224673462148,20.90131950378418,0.1679183449183757,0.12397909164428711,0.11325085163116455,0.0,0.0,1.0,0.0,0.0,0.0
particle:219:7,219,5,7,label_Hqql,label_Hqql,0.9999996423721313,2.6295926570892334,13.334387759483688,17.81702423095703,0.4507508022222676,-0.17501795291900635,0.415385365486145,0.0,0.0,1.0,0.0,0.0,0.0
particle:219:12,219,6,12,label_Hqql,label_Hqql,0.9999996423721313,2.5831050872802734,1.470089857878086,2.6608376502990723,0.2374019169099464,0.22430753707885742,0.07775473594665527,1.0,1.0,0.0,0.0,0.0,0.0
particle:219:5,219,7,5,label_Hqql,label_Hqql,0.9999996423721313,2.565298557281494,16.89389459463493,23.681001663208008,0.38099167528786315,-0.1048206090927124,0.36628854274749756,-1.0,1.0,0.0,0.0,0.0,0.0
particle:219:6,219,8,6,label_Hqql,label_Hqql,0.9999996423721313,2.557030200958252,16.437001346773187,26.031421661376953,0.11139706639632596,0.06020188331604004,-0.09372854232788086,-1.0,1.0,0.0,0.0,0.0,0.0
particle:219:3,219,9,3,label_Hqql,label_Hqql,0.9999996423721313,2.5341546535491943,19.219700352887195,27.307464599609375,0.35638271784638886,-0.08567631244659424,0.34593093395233154,1.0,1.0,0.0,0.0,0.0,0.0
particle:219:11,219,10,11,label_Hqql,label_Hqql,0.9999996423721313,2.490940570831299,2.0316084713627016,3.1886894702911377,0.1794748288177777,0.048595547676086426,-0.17277061939239502,0.0,0.0,0.0,1.0,0.0,0.0
particle:219:2,219,11,2,label_Hqql,label_Hqql,0.9999996423721313,2.450124502182007,19.79050039043095,31.031124114990234,0.1259083846487761,0.04729306697845459,-0.11668884754180908,1.0,1.0,0.0,0.0,0.0,0.0
particle:219:4,219,12,4,label_Hqql,label_Hqql,0.9999996423721313,2.363510847091675,18.288021811829207,28.250045776367188,0.1384022789715553,0.027808308601379395,-0.13557982444763184,0.0,0.0,0.0,1.0,0.0,0.0
particle:220:0,220,1,0,label_Hqql,label_Hqql,0.9999499320983887,4.714821815490723,316.2992517603744,628.1609497070312,0.03260354619871505,0.032585859298706055,0.0010737776756286621,-1.0,0.0,0.0,0.0,0.0,1.0
particle:220:8,220,2,8,label_Hqql,label_Hqql,0.9999499320983887,3.0330970287323,7.387149595434449,13.087656021118164,0.12442661206814461,-0.10246527194976807,0.07058930397033691,0.0,0.0,1.0,0.0,0.0,0.0
particle:220:15,220,3,15,label_Hqql,label_Hqql,0.9999499320983887,2.959198236465454,2.415350405736745,4.68461799621582,0.05164714413983948,0.005079150199890137,0.05139678716659546,0.0,0.0,0.0,1.0,0.0,0.0
particle:220:9,220,4,9,label_Hqql,label_Hqql,0.9999499320983887,2.850358724594116,6.742433649343144,13.461642265319824,0.04820902469917887,0.038670897483825684,-0.028786659240722656,-1.0,1.0,0.0,0.0,0.0,0.0
particle:220:1,220,5,1,label_Hqql,label_Hqql,0.9999499320983887,2.843524932861328,56.08606310788231,100.68069458007812,0.09083875739153463,-0.08659756183624268,-0.027432501316070557,1.0,1.0,0.0,0.0,0.0,0.0
particle:220:3,220,6,3,label_Hqql,label_Hqql,0.9999499320983887,2.778703212738037,32.3227318375762,67.52240753173828,0.12813195937664593,0.09065186977386475,0.09055405855178833,0.0,0.0,1.0,0.0,0.0,0.0
particle:220:2,220,7,2,label_Hqql,label_Hqql,0.9999499320983887,2.7542736530303955,44.655773686880124,80.65249633789062,0.08176873907683696,-0.07926356792449951,-0.020085155963897705,1.0,1.0,0.0,0.0,0.0,0.0
particle:220:12,220,8,12,label_Hqql,label_Hqql,0.9999499320983887,2.7336461544036865,4.642700638429384,9.428542137145996,0.05907626079927273,0.058344364166259766,-0.00927037000656128,0.0,0.0,0.0,1.0,0.0,0.0
particle:220:14,220,9,14,label_Hqql,label_Hqql,0.9999499320983887,2.700899600982666,2.4727919534452227,4.560049057006836,0.10771088209087254,-0.054930686950683594,0.09265124797821045,1.0,1.0,0.0,0.0,0.0,0.0
particle:220:11,220,10,11,label_Hqql,label_Hqql,0.9999499320983887,2.6802496910095215,5.618204266380566,10.457563400268555,0.04428067598702799,-0.04329228401184082,-0.009303569793701172,0.0,0.0,0.0,1.0,0.0,0.0
particle:220:4,220,11,4,label_Hqql,label_Hqql,0.9999499320983887,2.6424872875213623,26.127527911122318,48.1943473815918,0.055109699446721803,-0.05406033992767334,-0.010703206062316895,-1.0,1.0,0.0,0.0,0.0,0.0
particle:220:16,220,12,16,label_Hqql,label_Hqql,0.9999499320983887,2.6079416275024414,2.2737352893264444,4.340539932250977,0.11085381616873256,-0.013491034507751465,0.11002981662750244,0.0,0.0,0.0,1.0,0.0,0.0
particle:221:0,221,1,0,label_Hqql,label_Hqql,0.9999512434005737,4.994983673095703,423.72146530459173,423.8704833984375,0.02868935396274646,0.021809302270412445,0.018639564514160156,1.0,0.0,0.0,0.0,1.0,0.0
particle:221:1,221,2,1,label_Hqql,label_Hqql,0.9999512434005737,2.9191040992736816,121.9587073696433,122.9513168334961,0.13594511337742976,-0.1322091966867447,-0.03165125846862793,0.0,0.0,0.0,1.0,0.0,0.0
particle:221:13,221,3,13,label_Hqql,label_Hqql,0.9999512434005737,2.8943424224853516,2.5096944836922903,2.5292370319366455,0.11620496189811289,0.1070447638630867,-0.045221805572509766,-1.0,1.0,0.0,0.0,0.0,0.0
particle:221:7,221,4,7,label_Hqql,label_Hqql,0.9999512434005737,2.8340401649475098,9.244472526000223,9.250917434692383,0.04682778218460286,-0.04205070436000824,0.02060532569885254,0.0,0.0,1.0,0.0,0.0,0.0
particle:221:8,221,5,8,label_Hqql,label_Hqql,0.9999512434005737,2.6193065643310547,8.717123492338123,8.71826171875,0.07217538964040836,-0.006932142656296492,-0.07184171676635742,-1.0,1.0,0.0,0.0,0.0,0.0
particle:221:20,221,6,20,label_Hqql,label_Hqql,0.9999512434005737,2.4302804470062256,1.118400266248171,1.1787022352218628,0.32741824817773274,0.32221537828445435,0.05813741683959961,0.0,0.0,0.0,1.0,0.0,0.0
particle:221:18,221,7,18,label_Hqql,label_Hqql,0.9999512434005737,2.4084033966064453,1.3241990792503398,1.3532389402389526,0.20895063396117863,0.20433640480041504,0.04366922378540039,0.0,0.0,0.0,1.0,0.0,0.0
particle:221:19,221,8,19,label_Hqql,label_Hqql,0.9999512434005737,2.3893065452575684,1.212689909722292,1.2245547771453857,0.15786756914308614,-0.14448252320289612,-0.06361579895019531,0.0,0.0,0.0,1.0,0.0,0.0
particle:221:2,221,9,2,label_Hqql,label_Hqql,0.9999512434005737,2.388387441635132,21.2995122351172,21.359766006469727,0.08012017762511497,-0.0796254500746727,-0.008889913558959961,1.0,1.0,0.0,0.0,0.0,0.0
particle:221:16,221,10,16,label_Hqql,label_Hqql,0.9999512434005737,2.347416639328003,1.9390236245323653,1.9515588283538818,0.11915955367949674,-0.11835746467113495,-0.013802528381347656,0.0,0.0,0.0,1.0,0.0,0.0
particle:221:17,221,11,17,label_Hqql,label_Hqql,0.9999512434005737,2.2860519886016846,1.475490539788027,1.5063467025756836,0.2078727360342542,0.1994456648826599,-0.05858755111694336,0.0,0.0,0.0,1.0,0.0,0.0
particle:221:3,221,12,3,label_Hqql,label_Hqql,0.9999512434005737,2.2376749515533447,20.36682205910524,20.553085327148438,0.1432830443369015,-0.13968056440353394,-0.03192758560180664,-1.0,1.0,0.0,0.0,0.0,0.0
particle:233:0,233,1,0,label_Hqql,label_Hqql,0.9980555772781372,4.861680030822754,345.65957358883014,1136.392822265625,0.04250629744621171,-0.04234135150909424,-0.003741025924682617,-1.0,0.0,0.0,0.0,0.0,1.0
particle:233:31,233,2,31,label_Hqql,label_Hqql,0.9980555772781372,2.924506902694702,0.8516016554616042,4.120516777038574,0.696267923178592,0.3566499948501587,0.5979881286621094,-1.0,1.0,0.0,0.0,0.0,0.0
particle:233:26,233,3,26,label_Hqql,label_Hqql,0.9980555772781372,2.8164308071136475,1.4244721935692444,8.390979766845703,0.6296443368383758,0.557407021522522,0.2928299903869629,1.0,1.0,0.0,0.0,0.0,0.0
particle:233:1,233,4,1,label_Hqql,label_Hqql,0.9980555772781372,2.804884433746338,59.85991553919668,217.59152221679688,0.1057970380655197,0.0626068115234375,0.08528423309326172,0.0,0.0,1.0,0.0,0.0,0.0
particle:233:21,233,5,21,label_Hqql,label_Hqql,0.9980555772781372,2.6322579383850098,2.163854314931873,7.2676286697387695,0.17488226530367024,-0.019922971725463867,0.17374372482299805,0.0,0.0,0.0,1.0,0.0,0.0
particle:233:2,233,6,2,label_Hqql,label_Hqql,0.9980555772781372,2.5715205669403076,52.104126040098954,176.80279541015625,0.09613478246482078,-0.009189724922180176,0.09569454193115234,-1.0,1.0,0.0,0.0,0.0,0.0
particle:233:30,233,7,30,label_Hqql,label_Hqql,0.9980555772781372,2.4544477462768555,0.9159814107836768,2.810316324234009,0.4513315345685332,-0.11515200138092041,-0.43639451265335083,0.0,0.0,0.0,1.0,0.0,0.0
particle:233:24,233,8,24,label_Hqql,label_Hqql,0.9980555772781372,2.4363999366760254,1.6481718722916177,4.813984394073486,0.19660324745480695,-0.1673499345779419,0.10318350791931152,0.0,0.0,0.0,1.0,0.0,0.0
particle:233:27,233,9,27,label_Hqql,label_Hqql,0.9980555772781372,2.430495023727417,1.0296483963050387,3.608339309692383,0.5725215901629412,0.0244978666305542,-0.5719972252845764,0.0,0.0,0.0,1.0,0.0,0.0
particle:233:8,233,10,8,label_Hqql,label_Hqql,0.9980555772781372,2.4212639331817627,9.923334341651753,34.601688385009766,0.11497635613222688,0.019253849983215332,0.11335277557373047,1.0,1.0,0.0,0.0,0.0,0.0
particle:233:29,233,11,29,label_Hqql,label_Hqql,0.9980555772781372,2.416703701019287,0.9685308530805412,2.512413263320923,0.45630292081910034,-0.2947181463241577,0.3483583927154541,0.0,0.0,1.0,0.0,0.0,0.0
particle:233:17,233,12,17,label_Hqql,label_Hqql,0.9980555772781372,2.3836703300476074,3.9555814507795835,13.934528350830078,0.1016701371697656,0.02993464469909668,0.09716343879699707,0.0,0.0,0.0,1.0,0.0,0.0
particle:234:0,234,1,0,label_Hqql,label_Hqql,0.9612222909927368,4.858597278594971,382.879130574527,486.12457275390625,0.057230213953337467,0.03655010461807251,-0.044038474559783936,-1.0,0.0,0.0,0.0,0.0,1.0
particle:234:6,234,2,6,label_Hqql,label_Hqql,0.9612222909927368,2.8562448024749756,19.447353092387424,19.794248580932617,0.5046740031424,-0.49378702044487,-0.1042603850364685,-1.0,1.0,0.0,0.0,0.0,0.0
particle:234:19,234,3,19,label_Hqql,label_Hqql,0.9612222909927368,2.8545453548431396,3.582671027364111,5.020428657531738,0.2881500115838719,0.18609637022018433,-0.21999675035476685,0.0,0.0,1.0,0.0,0.0,0.0
particle:234:9,234,4,9,label_Hqql,label_Hqql,0.9612222909927368,2.793086290359497,6.6354961921183175,8.240609169006348,0.2504138351525342,-7.212162017822266e-06,0.25041383504867554,0.0,0.0,1.0,0.0,0.0,0.0
particle:234:4,234,5,4,label_Hqql,label_Hqql,0.9612222909927368,2.7209312915802,26.831715819349334,27.253393173217773,0.5247582869182289,-0.505195677280426,-0.1419457197189331,0.0,0.0,1.0,0.0,0.0,0.0
particle:234:27,234,6,27,label_Hqql,label_Hqql,0.9612222909927368,2.629786252975464,0.9211055766166185,1.088285207748413,0.09689722811807074,-0.08851951360702515,0.03941279649734497,0.0,0.0,0.0,1.0,0.0,0.0
particle:234:28,234,7,28,label_Hqql,label_Hqql,0.9612222909927368,2.6068150997161865,0.8703603582040197,1.039189338684082,0.12435907032410712,-0.06904774904251099,-0.10342913866043091,0.0,0.0,0.0,1.0,0.0,0.0
particle:234:14,234,8,14,label_Hqql,label_Hqql,0.9612222909927368,2.596996784210205,4.511840255706287,5.492791175842285,0.03592068952001586,-0.03479808568954468,0.008910059928894043,1.0,1.0,0.0,0.0,0.0,0.0
particle:234:26,234,9,26,label_Hqql,label_Hqql,0.9612222909927368,2.5941286087036133,1.2994455293405398,1.676544189453125,0.15775193774892385,0.062271058559417725,0.1449413299560547,0.0,0.0,0.0,1.0,0.0,0.0
particle:234:2,234,10,2,label_Hqql,label_Hqql,0.9612222909927368,2.527095079421997,43.45366623407779,55.391029357910156,0.0902865992282502,0.0429835319519043,0.0793982744216919,0.0,0.0,1.0,0.0,0.0,0.0
particle:234:25,234,11,25,label_Hqql,label_Hqql,0.9612222909927368,2.4049293994903564,1.3376289633318896,1.529646873474121,0.16112885795715534,-0.1526452898979187,0.0515938401222229,0.0,0.0,0.0,1.0,0.0,0.0
particle:234:24,234,12,24,label_Hqql,label_Hqql,0.9612222909927368,2.401569128036499,1.8141816961918835,2.3653576374053955,0.20666866019518426,0.07875651121139526,0.1910741925239563,0.0,0.0,0.0,1.0,0.0,0.0
particle:241:0,241,1,0,label_Hqql,label_Hqql,0.9996309280395508,4.329380512237549,300.9614261204906,586.0474853515625,0.07119395929869977,-0.0606992244720459,-0.037204623222351074,-1.0,0.0,0.0,0.0,0.0,1.0
particle:241:23,241,2,23,label_Hqql,label_Hqql,0.9996309280395508,3.1216812133789062,0.4630447211670761,2.0031073093414307,0.8449838170373437,0.7652573585510254,-0.3582999110221863,-1.0,1.0,0.0,0.0,0.0,0.0
particle:241:1,241,3,1,label_Hqql,label_Hqql,0.9996309280395508,2.6769235134124756,51.10023076956703,108.01398468017578,0.06939245378124043,0.033629536628723145,-0.0606989860534668,1.0,1.0,0.0,0.0,0.0,0.0
particle:241:19,241,4,19,label_Hqql,label_Hqql,0.9996309280395508,2.4054043292999268,1.63371745233292,3.451460599899292,0.16091713012664427,0.03209733963012695,0.15768349170684814,-1.0,1.0,0.0,0.0,0.0,0.0
particle:241:11,241,5,11,label_Hqql,label_Hqql,0.9996309280395508,2.3850011825561523,6.218455153514541,12.384212493896484,0.09507174529668423,-0.034674644470214844,-0.08852291107177734,-1.0,1.0,0.0,0.0,0.0,0.0
particle:241:20,241,6,20,label_Hqql,label_Hqql,0.9996309280395508,2.379441499710083,1.425664903835132,3.2404072284698486,0.11523697068184006,0.11521685123443604,0.0021532773971557617,0.0,0.0,0.0,1.0,0.0,0.0
particle:241:17,241,7,17,label_Hqql,label_Hqql,0.9996309280395508,2.335529327392578,2.230058877505871,4.957283973693848,0.08871691818866152,0.08481049537658691,-0.026035964488983154,-1.0,1.0,0.0,0.0,0.0,0.0
particle:241:2,241,8,2,label_Hqql,label_Hqql,0.9996309280395508,2.2838428020477295,39.758743361029595,86.29109191894531,0.09393943870095203,0.06351125240325928,-0.06921660900115967,1.0,1.0,0.0,0.0,0.0,0.0
particle:241:21,241,9,21,label_Hqql,label_Hqql,0.9996309280395508,2.268291473388672,1.2523311188860724,1.744721531867981,0.6381410755324463,-0.4866342544555664,-0.4128088355064392,0.0,0.0,0.0,1.0,0.0,0.0
particle:241:3,241,10,3,label_Hqql,label_Hqql,0.9996309280395508,2.206003189086914,20.95034428565199,44.167484283447266,0.06767048977132792,0.03063523769378662,-0.06033885478973389,0.0,0.0,0.0,1.0,0.0,0.0
particle:241:6,241,11,6,label_Hqql,label_Hqql,0.9996309280395508,2.1829311847686768,14.476096266300626,30.88457489013672,0.05777535965722122,0.04415714740753174,-0.03725773096084595,0.0,0.0,0.0,1.0,0.0,0.0
particle:241:5,241,12,5,label_Hqql,label_Hqql,0.9996309280395508,2.0923385620117188,15.484900058468574,34.86903381347656,0.3774723837774118,0.10480999946594238,0.36262965202331543,1.0,1.0,0.0,0.0,0.0,0.0
particle:242:0,242,1,0,label_Hqql,label_Hqql,0.9729625582695007,4.86223840713501,468.04266382259755,1210.3162841796875,0.032302421800601444,0.005240440368652344,0.031874507665634155,-1.0,0.0,0.0,0.0,1.0,0.0
particle:242:1,242,2,1,label_Hqql,label_Hqql,0.9729625582695007,3.2919762134552,47.946387037595485,123.69026184082031,0.03133491439294811,0.0026586055755615234,0.03122192621231079,0.0,0.0,0.0,1.0,0.0,0.0
particle:242:10,242,3,10,label_Hqql,label_Hqql,0.9729625582695007,2.8262557983398438,1.7735251071760616,4.199357032775879,0.30142384494364544,-0.09110760688781738,0.2873251438140869,0.0,0.0,1.0,0.0,0.0,0.0
particle:242:14,242,4,14,label_Hqql,label_Hqql,0.9729625582695007,2.738703966140747,1.201057408680199,2.296600580215454,0.5929121551237,-0.3336251974105835,-0.4901418685913086,0.0,0.0,0.0,1.0,0.0,0.0
particle:242:12,242,5,12,label_Hqql,label_Hqql,0.9729625582695007,2.640632390975952,1.5205937620685162,2.4344518184661865,0.5574421906836503,-0.5526586771011353,0.07287099957466125,1.0,1.0,0.0,0.0,0.0,0.0
particle:242:7,242,6,7,label_Hqql,label_Hqql,0.9729625582695007,2.5233497619628906,4.313995070093802,11.272067070007324,0.05168679607802122,0.016492247581481934,-0.04898500442504883,0.0,0.0,1.0,0.0,0.0,0.0
particle:242:15,242,7,15,label_Hqql,label_Hqql,0.9729625582695007,2.4767487049102783,1.0374553638143211,2.4963650703430176,0.44193986011992054,-0.07509493827819824,-0.4355130195617676,-1.0,1.0,0.0,0.0,0.0,0.0
particle:242:16,242,8,16,label_Hqql,label_Hqql,0.9729625582695007,2.368980646133423,1.0193780805969572,2.5080487728118896,0.27320176498318194,-0.05066704750061035,-0.2684623897075653,-1.0,1.0,0.0,0.0,0.0,0.0
particle:242:13,242,9,13,label_Hqql,label_Hqql,0.9729625582695007,2.3369557857513428,1.3824495376381083,2.4006850719451904,0.45108825044623324,-0.44892072677612305,-0.04416775703430176,0.0,0.0,0.0,1.0,0.0,0.0
particle:242:6,242,10,6,label_Hqql,label_Hqql,0.9729625582695007,2.2007741928100586,5.0233614274037865,11.370458602905273,0.30686723523476567,-0.1421043872833252,-0.2719813287258148,-1.0,1.0,0.0,0.0,0.0,0.0
particle:242:11,242,11,11,label_Hqql,label_Hqql,0.9729625582695007,2.187089681625366,1.6485552244617439,3.2122297286987305,0.3128475346361558,-0.3116004467010498,-0.027905941009521484,0.0,0.0,1.0,0.0,0.0,0.0
particle:242:9,242,12,9,label_Hqql,label_Hqql,0.9729625582695007,2.1841304302215576,1.996641968679421,4.015186786651611,0.2750784412518966,-0.2750396728515625,-0.004618138074874878,0.0,0.0,0.0,1.0,0.0,0.0
particle:244:0,244,1,0,label_Hqql,label_Hqql,0.8620741963386536,4.767056465148926,467.6959590048113,500.5047912597656,0.03128384313769415,0.02982446551322937,-0.009443521499633789,1.0,0.0,0.0,0.0,1.0,0.0
particle:244:1,244,2,1,label_Hqql,label_Hqql,0.8620741963386536,3.0727174282073975,151.28318843011004,164.81362915039062,0.07737537314271582,0.07726055383682251,0.004213690757751465,0.0,0.0,0.0,1.0,0.0,0.0
particle:244:20,244,3,20,label_Hqql,label_Hqql,0.8620741963386536,2.922027349472046,2.9693563153261127,3.1472175121307373,0.015258238660052787,0.0018275082111358643,0.015148401260375977,0.0,0.0,0.0,1.0,0.0,0.0
particle:244:24,244,4,24,label_Hqql,label_Hqql,0.8620741963386536,2.700814962387085,2.647868421903404,3.4717674255371094,0.5979012657843618,0.4271381199359894,-0.4183765649795532,0.0,0.0,0.0,1.0,0.0,0.0
particle:244:29,244,5,29,label_Hqql,label_Hqql,0.8620741963386536,2.6927473545074463,1.2445220269630635,1.2657049894332886,0.1615436772715839,-0.1583418995141983,0.032003164291381836,0.0,0.0,0.0,1.0,0.0,0.0
particle:244:32,244,6,32,label_Hqql,label_Hqql,0.8620741963386536,2.564697742462158,1.065140605127054,1.0752842426300049,0.3940053010924064,-0.38692399859428406,0.07436394691467285,-1.0,1.0,0.0,0.0,0.0,0.0
particle:244:27,244,7,27,label_Hqql,label_Hqql,0.8620741963386536,2.527949571609497,1.638154053177635,1.7008384466171265,0.09465968635188254,-0.06681907176971436,0.06704974174499512,0.0,0.0,0.0,1.0,0.0,0.0
particle:244:17,244,8,17,label_Hqql,label_Hqql,0.8620741963386536,2.468287467956543,6.161147805074225,6.725419521331787,0.09669432988986666,0.0816604495048523,-0.05178189277648926,1.0,1.0,0.0,0.0,0.0,0.0
particle:244:25,244,9,25,label_Hqql,label_Hqql,0.8620741963386536,2.4665770530700684,1.9238021365758018,1.9569672346115112,0.15767348452999205,-0.15716728568077087,-0.012624263763427734,0.0,0.0,0.0,1.0,0.0,0.0
particle:244:31,244,10,31,label_Hqql,label_Hqql,0.8620741963386536,2.461094856262207,1.0964053890969425,1.1343423128128052,0.12745285976647938,-0.08027535676956177,0.09899544715881348,0.0,0.0,0.0,1.0,0.0,0.0
particle:244:30,244,11,30,label_Hqql,label_Hqql,0.8620741963386536,2.3982315063476562,1.175317281576264,1.2698068618774414,0.13579247842083933,0.0557611882686615,-0.12381553649902344,0.0,0.0,0.0,1.0,0.0,0.0
particle:244:28,244,12,28,label_Hqql,label_Hqql,0.8620741963386536,2.3236465454101562,1.298840355892449,1.3753072023391724,0.1669443517041573,-0.0011058449745178223,0.16694068908691406,0.0,0.0,0.0,1.0,0.0,0.0
particle:246:0,246,1,0,label_Hqql,label_Hqql,0.9179022908210754,4.501150608062744,319.11175772131105,443.8154602050781,0.0941829962421082,-0.0013422369956970215,0.09417343139648438,1.0,0.0,0.0,0.0,0.0,1.0
particle:246:18,246,2,18,label_Hqql,label_Hqql,0.9179022908210754,3.036790370941162,2.6942314667935308,7.469234943389893,0.8212043425847965,0.8195120692253113,-0.05269289016723633,-1.0,1.0,0.0,0.0,0.0,0.0
particle:246:1,246,3,1,label_Hqql,label_Hqql,0.9179022908210754,2.6878862380981445,46.20668083470893,67.36491394042969,0.08842278316979951,0.06489008665084839,-0.060065507888793945,-1.0,1.0,0.0,0.0,0.0,0.0
particle:246:7,246,4,7,label_Hqql,label_Hqql,0.9179022908210754,2.673698663711548,7.275901730094756,7.629938125610352,0.7829536520486865,-0.5481804609298706,-0.5590300559997559,0.0,0.0,1.0,0.0,0.0,0.0
particle:246:28,246,5,28,label_Hqql,label_Hqql,0.9179022908210754,2.5506505966186523,1.2655400217466999,1.7939940690994263,0.10554371974232431,0.025837302207946777,-0.10233235359191895,0.0,0.0,0.0,1.0,0.0,0.0
particle:246:24,246,6,24,label_Hqql,label_Hqql,0.9179022908210754,2.5320427417755127,1.8400311069754915,2.625450372695923,0.052070967123895855,0.03501307964324951,0.03854179382324219,0.0,0.0,0.0,1.0,0.0,0.0
particle:246:20,246,7,20,label_Hqql,label_Hqql,0.9179022908210754,2.398465871810913,2.4098356414497273,3.4973702430725098,0.17452239708627873,0.05863147974014282,-0.16437888145446777,0.0,0.0,0.0,1.0,0.0,0.0
particle:246:9,246,8,9,label_Hqql,label_Hqql,0.9179022908210754,2.3842227458953857,6.954920118800034,9.640063285827637,0.06470607560469287,-0.006227731704711914,-0.06440567970275879,0.0,0.0,0.0,1.0,0.0,0.0
particle:246:17,246,9,17,label_Hqql,label_Hqql,0.9179022908210754,2.372344970703125,2.962308695600565,4.008750915527344,0.09677329122815159,-0.042210519313812256,-0.0870823860168457,1.0,1.0,0.0,0.0,0.0,0.0
particle:246:3,246,10,3,label_Hqql,label_Hqql,0.9179022908210754,2.3336849212646484,18.455590960273828,26.47248649597168,0.11415045974392196,0.04238051176071167,-0.10599160194396973,0.0,0.0,1.0,0.0,0.0,0.0
particle:246:12,246,11,12,label_Hqql,label_Hqql,0.9179022908210754,2.332085609436035,4.405419390959758,4.626964092254639,0.60391019667064,-0.5623382329940796,-0.22018909454345703,1.0,1.0,0.0,0.0,0.0,0.0
particle:246:2,246,12,2,label_Hqql,label_Hqql,0.9179022908210754,2.3243916034698486,41.79770895781006,55.8970947265625,0.16508398857071516,-0.05901134014129639,-0.1541764736175537,0.0,0.0,1.0,0.0,0.0,0.0
particle:250:0,250,1,0,label_Hqql,label_Hqql,0.9998456239700317,4.515524864196777,338.6584137313273,339.9778747558594,0.024026049781628624,-0.02024119347333908,-0.012943923473358154,1.0,0.0,0.0,0.0,0.0,1.0
particle:250:1,250,2,1,label_Hqql,label_Hqql,0.9998456239700317,2.986015796661377,61.945844069283886,61.986270904541016,0.07356330958294494,-0.07242857664823532,0.012870967388153076,-1.0,1.0,0.0,0.0,0.0,0.0
particle:250:18,250,3,18,label_Hqql,label_Hqql,0.9998456239700317,2.9027960300445557,1.4802829737685117,1.4880825281143188,0.008772175982894629,-0.005876451730728149,0.006512939929962158,0.0,0.0,0.0,1.0,0.0,0.0
particle:250:20,250,4,20,label_Hqql,label_Hqql,0.9998456239700317,2.8167147636413574,0.9388344664856446,0.9388929605484009,0.09792493191429706,-0.09732671082019806,-0.010807573795318604,0.0,0.0,0.0,1.0,0.0,0.0
particle:250:19,250,5,19,label_Hqql,label_Hqql,0.9998456239700317,2.757575273513794,0.9418349710344835,0.9423202276229858,0.6588669508282403,-0.07638633251190186,-0.6544240117073059,0.0,0.0,0.0,1.0,0.0,0.0
particle:250:11,250,6,11,label_Hqql,label_Hqql,0.9998456239700317,2.6985926628112793,4.05996710226018,4.068220615386963,0.045597694821864515,-0.04473188519477844,0.008843541145324707,0.0,0.0,0.0,1.0,0.0,0.0
particle:250:9,250,7,9,label_Hqql,label_Hqql,0.9998456239700317,2.6893742084503174,7.7176443259182355,7.7486042976379395,0.020780118645661972,-0.018942922353744507,-0.008542776107788086,0.0,0.0,1.0,0.0,0.0,0.0
particle:250:8,250,8,8,label_Hqql,label_Hqql,0.9998456239700317,2.6269733905792236,7.882953720117717,7.902711868286133,0.039098475181827665,-0.03769799321889877,0.010370731353759766,0.0,0.0,0.0,1.0,0.0,0.0
particle:250:2,250,9,2,label_Hqql,label_Hqql,0.9998456239700317,2.5938804149627686,21.988614281462553,22.009218215942383,0.09945154623899329,-0.06519892066717148,0.07509800791740417,0.0,0.0,1.0,0.0,0.0,0.0
particle:250:3,250,10,3,label_Hqql,label_Hqql,0.9998456239700317,2.5620601177215576,21.140651570427515,24.151439666748047,0.4260695607695548,0.41864144802093506,0.07921242713928223,-1.0,1.0,0.0,0.0,0.0,0.0
particle:250:12,250,11,12,label_Hqql,label_Hqql,0.9998456239700317,2.547201633453369,4.0292211111430385,4.033007621765137,0.0747148430357172,-0.06513582915067673,0.036600977182388306,0.0,0.0,0.0,1.0,0.0,0.0
particle:250:17,250,12,17,label_Hqql,label_Hqql,0.9998456239700317,2.517608404159546,1.4950391464248776,1.498738408088684,0.10655331230680377,-0.03815224766731262,0.099488765001297,0.0,0.0,0.0,1.0,0.0,0.0
particle:251:0,251,1,0,label_Hqql,label_Hqql,0.999790608882904,4.208408832550049,431.38986221473743,928.7216796875,0.05752512158792252,0.014343619346618652,0.05570816993713379,1.0,0.0,0.0,0.0,1.0,0.0
particle:251:11,251,2,11,label_Hqql,label_Hqql,0.999790608882904,3.346010684967041,18.973860154105523,39.726348876953125,0.047402842375842504,-0.017229318618774414,-0.04416084289550781,1.0,1.0,0.0,0.0,0.0,0.0
particle:251:1,251,3,1,label_Hqql,label_Hqql,0.999790608882904,3.1910526752471924,132.4989605419326,282.2091369628906,0.052096270550607525,0.0022150278091430664,-0.05204916000366211,1.0,1.0,0.0,0.0,0.0,0.0
particle:251:3,251,4,3,label_Hqql,label_Hqql,0.999790608882904,3.146146535873413,65.59076877851942,136.1069793701172,0.03087725478287014,-0.027419209480285645,-0.01419830322265625,1.0,1.0,0.0,0.0,0.0,0.0
particle:251:6,251,5,6,label_Hqql,label_Hqql,0.999790608882904,3.1159117221832275,30.43660840895131,63.496055603027344,0.03911022083608135,-0.02134847640991211,-0.03276968002319336,-1.0,1.0,0.0,0.0,0.0,0.0
particle:251:9,251,6,9,label_Hqql,label_Hqql,0.999790608882904,3.1001319885253906,26.690769771602564,55.35316467285156,0.09628067469966875,-0.02809584140777588,-0.09209012985229492,-1.0,1.0,0.0,0.0,0.0,0.0
particle:251:8,251,7,8,label_Hqql,label_Hqql,0.999790608882904,3.098257541656494,27.970266988499173,58.325279235839844,0.039458651483242166,-0.021848201751708984,-0.03285789489746094,-1.0,1.0,0.0,0.0,0.0,0.0
particle:251:2,251,8,2,label_Hqql,label_Hqql,0.999790608882904,3.087921619415283,65.86824035463914,135.7117919921875,0.060225987858660096,-0.035564303398132324,-0.04860401153564453,1.0,1.0,0.0,0.0,0.0,0.0
particle:251:12,251,9,12,label_Hqql,label_Hqql,0.999790608882904,2.9787721633911133,1.4260916213729684,3.174086809158325,0.11269611923730836,0.050679802894592285,-0.10065770149230957,-1.0,1.0,0.0,0.0,0.0,0.0
particle:251:4,251,10,4,label_Hqql,label_Hqql,0.999790608882904,2.9647297859191895,65.40148976907872,139.33340454101562,0.04502711704949263,0.0025004148483276367,-0.044957637786865234,-1.0,1.0,0.0,0.0,0.0,0.0
particle:251:7,251,11,7,label_Hqql,label_Hqql,0.999790608882904,2.8466153144836426,29.965736493757706,61.61899185180664,0.04928443118585563,-0.0378108024597168,-0.03161168098449707,-1.0,1.0,0.0,0.0,0.0,0.0
particle:251:5,251,12,5,label_Hqql,label_Hqql,0.999790608882904,2.771418333053589,34.54222483341759,73.35729217529297,0.05523174213651107,-0.0010851621627807617,-0.0552210807800293,0.0,0.0,0.0,1.0,0.0,0.0
particle:254:0,254,1,0,label_Hqql,label_Hqql,0.998116135597229,4.23947811126709,313.6549074406123,396.91015625,0.08521567367120848,-0.01702219247817993,-0.08349823951721191,-1.0,0.0,0.0,0.0,0.0,1.0
particle:254:1,254,2,1,label_Hqql,label_Hqql,0.998116135597229,3.2518203258514404,128.9264668087038,160.74945068359375,0.07606905974419706,-0.04150223731994629,0.06375002861022949,-1.0,1.0,0.0,0.0,0.0,0.0
particle:254:17,254,3,17,label_Hqql,label_Hqql,0.998116135597229,3.2018651962280273,2.9558357565800457,3.872933864593506,0.04946844867976772,0.03826749324798584,0.031348466873168945,0.0,0.0,0.0,1.0,0.0,0.0
particle:254:2,254,4,2,label_Hqql,label_Hqql,0.998116135597229,3.0481324195861816,92.15824385267622,114.74037170410156,0.07263378543403702,-0.04391664266586304,0.05785322189331055,1.0,1.0,0.0,0.0,0.0,0.0
particle:254:5,254,5,5,label_Hqql,label_Hqql,0.998116135597229,2.9510791301727295,29.55188040663267,36.2999382019043,0.10361790592682221,-0.06685799360275269,0.0791623592376709,0.0,0.0,1.0,0.0,0.0,0.0
particle:254:19,254,6,19,label_Hqql,label_Hqql,0.998116135597229,2.813028335571289,1.1355561310484201,1.4472678899765015,0.13193602870605492,-0.005441248416900635,0.13182377815246582,-1.0,0.0,0.0,0.0,1.0,0.0
particle:254:14,254,7,14,label_Hqql,label_Hqql,0.998116135597229,2.633831739425659,5.061956847906511,6.739699840545654,0.0828931298509686,0.0624842643737793,0.054470062255859375,1.0,1.0,0.0,0.0,0.0,0.0
particle:254:13,254,8,13,label_Hqql,label_Hqql,0.998116135597229,2.5466110706329346,5.267629555793678,7.038123607635498,0.06893649555718179,0.06809675693511963,0.010727167129516602,0.0,0.0,0.0,1.0,0.0,0.0
particle:254:16,254,9,16,label_Hqql,label_Hqql,0.998116135597229,2.522156000137329,3.227351446844393,4.354218482971191,0.1256640450558037,0.08190131187438965,0.09530806541442871,1.0,1.0,0.0,0.0,0.0,0.0
particle:254:10,254,10,10,label_Hqql,label_Hqql,0.998116135597229,2.505622386932373,8.89830017095073,11.81201171875,0.06135608887691142,0.058248043060302734,0.019280433654785156,0.0,0.0,0.0,1.0,0.0,0.0
particle:254:12,254,11,12,label_Hqql,label_Hqql,0.998116135597229,2.4838669300079346,5.344068486195224,6.4922051429748535,0.08899505044303672,-0.08651256561279297,-0.020873308181762695,-1.0,1.0,0.0,0.0,0.0,0.0
particle:254:3,254,12,3,label_Hqql,label_Hqql,0.998116135597229,2.481309175491333,45.24309496918791,63.14039993286133,0.1469488821632757,0.13208216428756714,0.0644071102142334,0.0,0.0,0.0,1.0,0.0,0.0
particle:319:0,319,1,0,label_H4q,label_H4q,0.6313339471817017,4.267001628875732,123.62855773631938,133.31210327148438,0.15049679865476517,0.14594389498233795,-0.036737799644470215,-1.0,1.0,0.0,0.0,0.0,0.0
particle:319:35,319,2,35,label_H4q,label_H4q,0.6313339471817017,3.090620994567871,6.010308273977811,6.318142890930176,0.2792104936697326,0.07139192521572113,-0.26992905139923096,0.0,0.0,1.0,0.0,0.0,0.0
particle:319:68,319,3,68,label_H4q,label_H4q,0.6313339471817017,3.0290026664733887,2.2021572061197876,2.237799644470215,0.4468081855638105,-0.0789484977722168,0.43977800011634827,1.0,1.0,0.0,0.0,0.0,0.0
particle:319:77,319,4,77,label_H4q,label_H4q,0.6313339471817017,2.977839946746826,1.2667995606525626,1.2965062856674194,0.03585933587515227,-0.031168997287750244,-0.017730921506881714,0.0,0.0,0.0,1.0,0.0,0.0
particle:319:1,319,5,1,label_H4q,label_H4q,0.6313339471817017,2.9522297382354736,38.61723875371049,39.56731033325195,0.031711618627393794,-0.025944247841835022,0.018235206604003906,0.0,0.0,1.0,0.0,0.0,0.0
particle:319:7,319,6,7,label_H4q,label_H4q,0.6313339471817017,2.892941474914551,17.596754783376618,17.8586483001709,0.082364568031058,-0.07499735057353973,0.03404878079891205,0.0,0.0,1.0,0.0,0.0,0.0
particle:319:36,319,7,36,label_H4q,label_H4q,0.6313339471817017,2.8517205715179443,5.916597813670149,5.916597843170166,0.31903814835039346,-0.2472652792930603,-0.2016066014766693,0.0,0.0,1.0,0.0,0.0,0.0
particle:319:11,319,8,11,label_H4q,label_H4q,0.6313339471817017,2.7846739292144775,13.449589861756182,15.931113243103027,0.37039916625259317,0.351177453994751,-0.11777070164680481,0.0,0.0,0.0,1.0,0.0,0.0
particle:319:79,319,9,79,label_H4q,label_H4q,0.6313339471817017,2.7720422744750977,1.0121343486116428,1.020749568939209,0.1671905658819145,-0.11692966520786285,0.11949953436851501,0.0,0.0,0.0,1.0,0.0,0.0
particle:319:65,319,10,65,label_H4q,label_H4q,0.6313339471817017,2.657785177230835,2.4557999629089484,2.4603703022003174,0.30008538080021874,-0.2250564694404602,0.19849640130996704,-1.0,1.0,0.0,0.0,0.0,0.0
particle:319:78,319,11,78,label_H4q,label_H4q,0.6313339471817017,2.628390073776245,1.1657037370957957,1.1682264804840088,0.2040817698159557,-0.18153555691242218,0.09324274957180023,0.0,0.0,0.0,1.0,0.0,0.0
particle:319:9,319,12,9,label_H4q,label_H4q,0.6313339471817017,2.6243860721588135,15.020414730131131,15.397318840026855,0.03810500757452226,-0.023944184184074402,0.02964232861995697,-1.0,1.0,0.0,0.0,0.0,0.0
particle:321:0,321,1,0,label_Tbl,label_Tbl,0.9999911785125732,5.065639019012451,498.7115827755219,532.9188842773438,0.10383665437944611,0.10368603467941284,0.00559079647064209,1.0,0.0,0.0,0.0,0.0,1.0
particle:321:25,321,2,25,label_Tbl,label_Tbl,0.9999911785125732,2.8107287883758545,1.268325814014204,1.2695189714431763,0.22144428935813482,-0.2212381213903427,-0.009553372859954834,0.0,0.0,0.0,1.0,0.0,0.0
particle:321:1,321,3,1,label_Tbl,label_Tbl,0.9999911785125732,2.75805401802063,81.79233795636293,82.0794906616211,0.18285212286336827,-0.18084990978240967,0.026985347270965576,-1.0,0.0,0.0,0.0,0.0,1.0
particle:321:9,321,4,9,label_Tbl,label_Tbl,0.9999911785125732,2.7228844165802,10.564499955455311,10.58504581451416,0.21558564818470632,-0.20225322246551514,-0.07463783025741577,0.0,0.0,1.0,0.0,0.0,0.0
particle:321:7,321,5,7,label_Tbl,label_Tbl,0.9999911785125732,2.7221477031707764,11.36773888084786,11.462410926818848,0.16014193645801106,-0.13564099371433258,0.08512908220291138,0.0,0.0,1.0,0.0,0.0,0.0
particle:321:26,321,6,26,label_Tbl,label_Tbl,0.9999911785125732,2.7163286209106445,0.9758702378570718,0.9761378169059753,0.34482678768821373,-0.28802821040153503,-0.1895923614501953,0.0,0.0,0.0,1.0,0.0,0.0
particle:321:24,321,7,24,label_Tbl,label_Tbl,0.9999911785125732,2.695420980453491,1.5111403690864489,1.5128382444381714,0.22285005897730906,-0.21721047163009644,0.04981726408004761,0.0,0.0,0.0,1.0,0.0,0.0
particle:321:8,321,8,8,label_Tbl,label_Tbl,0.9999911785125732,2.685319423675537,10.979081345248007,10.979527473449707,0.4117273427418833,-0.25559765100479126,-0.32278358936309814,0.0,0.0,1.0,0.0,0.0,0.0
particle:321:22,321,9,22,label_Tbl,label_Tbl,0.9999911785125732,2.6351747512817383,1.6067439018938299,1.6204943656921387,0.13395015647148692,-0.13387593626976013,0.004458487033843994,0.0,0.0,0.0,1.0,0.0,0.0
particle:321:18,321,10,18,label_Tbl,label_Tbl,0.9999911785125732,2.550262212753296,3.892345310035382,3.9012112617492676,0.3160732849365449,-0.19712752103805542,-0.24706894159317017,0.0,0.0,1.0,0.0,0.0,0.0
particle:321:23,321,11,23,label_Tbl,label_Tbl,0.9999911785125732,2.5330657958984375,1.5870120356551625,1.612172245979309,0.14590009993968145,-0.08677856624126434,0.11728733777999878,0.0,0.0,0.0,1.0,0.0,0.0
particle:321:15,321,12,15,label_Tbl,label_Tbl,0.9999911785125732,2.5080745220184326,5.693910714086858,5.699269771575928,0.2336545499992823,-0.22880689799785614,-0.047348201274871826,-1.0,1.0,0.0,0.0,0.0,0.0
particle:323:0,323,1,0,label_Tbl,label_Tbl,0.9998979568481445,4.348217010498047,391.7531632213741,392.2998352050781,0.1512653928038304,-0.15073707699775696,0.012631416320800781,1.0,0.0,0.0,0.0,0.0,1.0
particle:323:28,323,2,28,label_Tbl,label_Tbl,0.9998979568481445,2.930454730987549,1.344823825173208,2.0233473777770996,0.8292076229107147,0.8269657492637634,-0.060933828353881836,1.0,1.0,0.0,0.0,0.0,0.0
particle:323:1,323,3,1,label_Tbl,label_Tbl,0.9998979568481445,2.464369773864746,13.543644748421631,16.316072463989258,0.5322479578643412,0.5314929485321045,0.028339624404907227,0.0,0.0,1.0,0.0,0.0,0.0
particle:323:29,323,4,29,label_Tbl,label_Tbl,0.9998979568481445,2.463416576385498,1.2265085259112603,1.45343017578125,0.5049357663101312,0.5013762712478638,-0.05984950065612793,0.0,0.0,0.0,1.0,0.0,0.0
particle:323:16,323,5,16,label_Tbl,label_Tbl,0.9998979568481445,2.364614963531494,3.0824289701909517,3.324415445327759,0.3236479539650431,0.2934211790561676,0.13657236099243164,-1.0,1.0,0.0,0.0,0.0,0.0
particle:323:23,323,6,23,label_Tbl,label_Tbl,0.9998979568481445,2.2444984912872314,1.6567839129477786,1.8728322982788086,0.4074240369722709,0.4073823392391205,0.005828857421875,0.0,0.0,0.0,1.0,0.0,0.0
particle:323:26,323,7,26,label_Tbl,label_Tbl,0.9998979568481445,2.207587242126465,1.3682149910994725,1.4216474294662476,0.5023900307692019,-0.37648677825927734,-0.33264613151550293,0.0,0.0,0.0,1.0,0.0,0.0
particle:323:22,323,8,22,label_Tbl,label_Tbl,0.9998979568481445,2.2046234607696533,1.9419320300048575,2.4017105102539062,0.5773895855864567,0.57731693983078,-0.009158849716186523,0.0,0.0,0.0,1.0,0.0,0.0
particle:323:18,323,9,18,label_Tbl,label_Tbl,0.9998979568481445,2.1539244651794434,2.741820253356181,3.1623401641845703,0.449088267030232,0.4490855634212494,-0.0015583038330078125,0.0,0.0,0.0,1.0,0.0,0.0
particle:323:5,323,10,5,label_Tbl,label_Tbl,0.9998979568481445,2.099008560180664,8.62344050432036,10.167864799499512,0.4920761380140809,0.49198612570762634,-0.00941157341003418,0.0,0.0,0.0,1.0,0.0,0.0
particle:323:17,323,11,17,label_Tbl,label_Tbl,0.9998979568481445,2.093576669692993,2.91362646998849,3.1776342391967773,0.3309381166131384,0.3246370553970337,-0.06427145004272461,0.0,0.0,0.0,1.0,0.0,0.0
particle:323:7,323,12,7,label_Tbl,label_Tbl,0.9998979568481445,2.085665702819824,6.617678908295952,7.4598917961120605,0.4522928672797348,0.4010164737701416,-0.20917606353759766,1.0,1.0,0.0,0.0,0.0,0.0
particle:327:0,327,1,0,label_Tbl,label_Tbl,1.0,4.731050968170166,330.2943624763361,508.5384216308594,0.17726562105682794,0.17368155717849731,-0.03546571731567383,-1.0,0.0,0.0,0.0,0.0,1.0
particle:327:7,327,2,7,label_Tbl,label_Tbl,1.0,3.2870187759399414,14.018632442883394,15.916668891906738,0.30885540831622016,-0.3087220788002014,-0.009074211120605469,0.0,0.0,1.0,0.0,0.0,0.0
particle:327:12,327,3,12,label_Tbl,label_Tbl,1.0,2.72542405128479,8.273520519601442,9.449316024780273,0.3124296545294398,-0.29638242721557617,0.09884202480316162,0.0,0.0,0.0,1.0,0.0,0.0
particle:327:18,327,4,18,label_Tbl,label_Tbl,1.0,2.700282573699951,6.466400091054993,7.495360374450684,0.27071055151818696,-0.26682835817337036,0.04568183422088623,1.0,1.0,0.0,0.0,0.0,0.0
particle:327:20,327,5,20,label_Tbl,label_Tbl,1.0,2.636913537979126,4.41809311495173,5.102194309234619,0.28244789086716643,-0.2738463878631592,0.06917345523834229,0.0,0.0,0.0,1.0,0.0,0.0
particle:327:27,327,6,27,label_Tbl,label_Tbl,1.0,2.575735330581665,2.6292433861802804,6.062891483306885,0.6770411849200076,0.6545152068138123,-0.17318952083587646,0.0,0.0,1.0,0.0,0.0,0.0
particle:327:3,327,7,3,label_Tbl,label_Tbl,1.0,2.567563772201538,16.932983094784912,19.216238021850586,0.31420480125147743,-0.30980777740478516,0.052381277084350586,1.0,1.0,0.0,0.0,0.0,0.0
particle:327:13,327,8,13,label_Tbl,label_Tbl,1.0,2.523815393447876,8.05528249097017,8.756202697753906,0.4252841045056188,-0.4091965854167938,0.11586511135101318,0.0,0.0,1.0,0.0,0.0,0.0
particle:327:14,327,9,14,label_Tbl,label_Tbl,1.0,2.5055694580078125,7.170901873928199,8.36997127532959,0.26073210111391215,-0.25313830375671387,0.06246781349182129,1.0,1.0,0.0,0.0,0.0,0.0
particle:327:1,327,10,1,label_Tbl,label_Tbl,1.0,2.4899325370788574,31.598976629607805,36.283599853515625,0.2881957223221112,-0.2854001522064209,0.04004406929016113,1.0,1.0,0.0,0.0,0.0,0.0
particle:327:10,327,11,10,label_Tbl,label_Tbl,1.0,2.463974714279175,10.00403579991483,11.82223129272461,0.24397290043881142,-0.2293999195098877,0.08305692672729492,-1.0,1.0,0.0,0.0,0.0,0.0
particle:327:9,327,12,9,label_Tbl,label_Tbl,1.0,2.4323370456695557,11.942259201553435,14.559359550476074,0.17778733310174413,-0.17288917303085327,0.04144477844238281,0.0,0.0,1.0,0.0,0.0,0.0
particle:329:0,329,1,0,label_Tbl,label_Tbl,0.999985933303833,4.508504867553711,267.3357242783263,284.44512939453125,0.13208700697741657,-0.009748995304107666,-0.13172674179077148,1.0,0.0,0.0,0.0,1.0,0.0
particle:329:7,329,2,7,label_Tbl,label_Tbl,0.999985933303833,3.4487452507019043,14.230414370849438,15.46819019317627,0.18495679534068912,0.04848405718803406,0.17848896980285645,0.0,0.0,1.0,0.0,0.0,0.0
particle:329:17,329,3,17,label_Tbl,label_Tbl,0.999985933303833,3.1255545616149902,2.2144702309064073,2.352463722229004,0.11677206886995299,-0.014417707920074463,0.11587858200073242,0.0,0.0,0.0,1.0,0.0,0.0
particle:329:19,329,4,19,label_Tbl,label_Tbl,0.999985933303833,3.046193838119507,1.2360571611834688,1.341292142868042,0.11008031112315336,0.04413330554962158,0.1008460521697998,0.0,0.0,0.0,1.0,0.0,0.0
particle:329:2,329,5,2,label_Tbl,label_Tbl,0.999985933303833,2.9945993423461914,39.83409950447166,42.4769401550293,0.1302282877236799,-0.0033617913722991943,0.13018488883972168,1.0,0.0,0.0,0.0,0.0,1.0
particle:329:14,329,6,14,label_Tbl,label_Tbl,0.999985933303833,2.98478102684021,5.120092974193506,5.44373893737793,0.07497344363805605,-0.012895405292510986,0.07385611534118652,-1.0,1.0,0.0,0.0,0.0,0.0
particle:329:1,329,7,1,label_Tbl,label_Tbl,0.999985933303833,2.913990020751953,40.29504704795249,43.042728424072266,0.1208322313229003,0.0014019012451171875,0.12082409858703613,1.0,1.0,0.0,0.0,0.0,0.0
particle:329:18,329,8,18,label_Tbl,label_Tbl,0.999985933303833,2.899498224258423,2.0888848750654767,2.2178990840911865,0.18629986077691357,-0.015961676836013794,0.18561482429504395,0.0,0.0,0.0,1.0,0.0,0.0
particle:329:16,329,9,16,label_Tbl,label_Tbl,0.999985933303833,2.8698644638061523,3.580639324913177,3.8435428142547607,0.13721512879665412,0.015261739492416382,0.13636374473571777,0.0,0.0,0.0,1.0,0.0,0.0
particle:329:9,329,10,9,label_Tbl,label_Tbl,0.999985933303833,2.8118367195129395,9.940815586708844,10.560324668884277,0.10158687786507899,-0.014661967754364014,0.10052323341369629,-1.0,1.0,0.0,0.0,0.0,0.0
particle:329:12,329,11,12,label_Tbl,label_Tbl,0.999985933303833,2.810579299926758,7.036355405449897,7.5407819747924805,0.13034656816198403,0.010310739278793335,0.12993812561035156,-1.0,1.0,0.0,0.0,0.0,0.0
particle:329:3,329,12,3,label_Tbl,label_Tbl,0.999985933303833,2.7595791816711426,38.497851460937916,41.279640197753906,0.14779174281365606,0.01226276159286499,0.14728212356567383,0.0,0.0,0.0,1.0,0.0,0.0
particle:331:0,331,1,0,label_Tbl,label_Tbl,0.9998583793640137,4.90944766998291,564.8671839111229,575.5001831054688,0.11021263110173347,-0.1006259173154831,-0.04495830088853836,-1.0,0.0,0.0,0.0,0.0,1.0
particle:331:24,331,2,24,label_Tbl,label_Tbl,0.9998583793640137,2.7420847415924072,3.3036222781163733,3.5189929008483887,0.6558472211386591,-0.6535078287124634,-0.055345237255096436,0.0,0.0,1.0,0.0,0.0,0.0
particle:331:9,331,3,9,label_Tbl,label_Tbl,0.9998583793640137,2.717484712600708,11.086889072505658,12.514120101928711,0.2812861829887531,0.20776331424713135,0.18962152302265167,0.0,0.0,1.0,0.0,0.0,0.0
particle:331:14,331,4,14,label_Tbl,label_Tbl,0.9998583793640137,2.5528903007507324,6.893459074314921,7.8737592697143555,0.23732813122538451,0.23282623291015625,-0.04600638151168823,0.0,0.0,1.0,0.0,0.0,0.0
particle:331:13,331,5,13,label_Tbl,label_Tbl,0.9998583793640137,2.523759365081787,8.041992318596689,9.362008094787598,0.33664418566643783,0.27104371786117554,0.1996612399816513,0.0,0.0,1.0,0.0,0.0,0.0
particle:331:26,331,6,26,label_Tbl,label_Tbl,0.9998583793640137,2.4889373779296875,1.9546908843770434,2.118192195892334,0.14580046682576064,0.11186060309410095,0.09351460635662079,0.0,0.0,0.0,1.0,0.0,0.0
particle:331:15,331,7,15,label_Tbl,label_Tbl,0.9998583793640137,2.488051176071167,6.436974732471122,7.110175132751465,0.16240729375338167,0.15909942984580994,-0.03261135518550873,0.0,0.0,1.0,0.0,0.0,0.0
particle:331:17,331,8,17,label_Tbl,label_Tbl,0.9998583793640137,2.457371473312378,5.048663206575892,5.646730422973633,0.2134894144487075,0.18771088123321533,0.10169737040996552,0.0,0.0,0.0,1.0,0.0,0.0
particle:331:1,331,9,1,label_Tbl,label_Tbl,0.9998583793640137,2.4014103412628174,65.41638055060625,72.76383972167969,0.18130811121785667,0.17527762055397034,0.04637226462364197,0.0,0.0,1.0,0.0,0.0,0.0
particle:331:25,331,10,25,label_Tbl,label_Tbl,0.9998583793640137,2.3695008754730225,3.062783418451997,3.4698195457458496,0.2604889466516854,0.2156544327735901,0.14610837399959564,0.0,0.0,0.0,1.0,0.0,0.0
particle:331:19,331,11,19,label_Tbl,label_Tbl,0.9998583793640137,2.3483707904815674,4.574375432516555,5.046607971191406,0.17660647346854558,0.1562138795852661,0.08238367736339569,0.0,0.0,0.0,1.0,0.0,0.0
particle:331:27,331,12,27,label_Tbl,label_Tbl,0.9998583793640137,2.344695806503296,1.7218496266617471,2.0120818614959717,0.29769470862544434,0.27840328216552734,0.10542178153991699,0.0,0.0,0.0,1.0,0.0,0.0
particle:334:0,334,1,0,label_Tbl,label_Tbl,0.999996542930603,4.781801700592041,482.82705671538554,668.1268920898438,0.135326269084027,-0.1123310923576355,-0.07546472549438477,1.0,0.0,0.0,0.0,0.0,1.0
particle:334:23,334,2,23,label_Tbl,label_Tbl,0.999996542930603,2.683493137359619,0.900180301101703,1.3812497854232788,0.2929307584013855,0.029997408390045166,0.2913907766342163,0.0,0.0,0.0,1.0,0.0,0.0
particle:334:22,334,3,22,label_Tbl,label_Tbl,0.999996542930603,2.6392102241516113,1.6392831711470814,2.916809320449829,0.3054392163382825,0.21638447046279907,0.21557104587554932,0.0,0.0,0.0,1.0,0.0,0.0
particle:334:20,334,4,20,label_Tbl,label_Tbl,0.999996542930603,2.582857608795166,2.243436571056164,4.047545433044434,0.3154600592258596,0.23310106992721558,0.21255338191986084,0.0,0.0,0.0,1.0,0.0,0.0
particle:334:1,334,5,1,label_Tbl,label_Tbl,0.999996542930603,2.4628512859344482,80.11673520674992,143.08848571777344,0.2886261705331724,0.22091084718704224,0.1857510805130005,0.0,0.0,0.0,1.0,0.0,0.0
particle:334:9,334,6,9,label_Tbl,label_Tbl,0.999996542930603,2.4015023708343506,5.305493636426335,9.150705337524414,0.1852725265013055,0.17845183610916138,0.04980814456939697,0.0,0.0,0.0,1.0,0.0,0.0
particle:334:19,334,7,19,label_Tbl,label_Tbl,0.999996542930603,2.394690990447998,3.121451584111664,6.164765357971191,0.4177629395733503,0.3397906422615051,0.24303948879241943,0.0,0.0,0.0,1.0,0.0,0.0
particle:334:21,334,8,21,label_Tbl,label_Tbl,0.999996542930603,2.374912977218628,2.2307166030864676,3.3318674564361572,0.36931134931326126,-0.02089846134185791,-0.36871957778930664,-1.0,1.0,0.0,0.0,0.0,0.0
particle:334:8,334,9,8,label_Tbl,label_Tbl,0.999996542930603,2.3718793392181396,5.5493280414217345,8.908958435058594,0.17168297181550102,0.08853965997695923,0.14709103107452393,1.0,1.0,0.0,0.0,0.0,0.0
particle:334:7,334,10,7,label_Tbl,label_Tbl,0.999996542930603,2.3301618099212646,5.818544449319607,9.79909896850586,0.18745926780213062,0.14887434244155884,0.11391842365264893,1.0,1.0,0.0,0.0,0.0,0.0
particle:334:12,334,11,12,label_Tbl,label_Tbl,0.999996542930603,2.3010072708129883,4.502373246908991,8.19168758392334,0.3227360198804888,0.2431907057762146,0.21217167377471924,0.0,0.0,0.0,1.0,0.0,0.0
particle:334:17,334,12,17,label_Tbl,label_Tbl,0.999996542930603,2.290558338165283,3.7581541722786866,6.5484418869018555,0.21494876994756168,0.1909523606300354,0.09869229793548584,0.0,0.0,0.0,1.0,0.0,0.0
particle:340:0,340,1,0,label_Tbl,label_Tbl,0.9998855590820312,4.590851783752441,329.01269169163146,362.4527893066406,0.1780084199892533,0.17545995116233826,-0.03001338243484497,1.0,0.0,0.0,0.0,1.0,0.0
particle:340:22,340,2,22,label_Tbl,label_Tbl,0.9998855590820312,2.745681047439575,2.9144448810723005,3.3591814041137695,0.7091840952219504,0.2739829421043396,-0.6541218757629395,0.0,0.0,0.0,1.0,0.0,0.0
particle:340:39,340,3,39,label_Tbl,label_Tbl,0.9998855590820312,2.6863365173339844,0.9212505338765906,0.9276370406150818,0.5589850806740086,-0.15398554503917694,-0.5373572111129761,0.0,0.0,0.0,1.0,0.0,0.0
particle:340:35,340,4,35,label_Tbl,label_Tbl,0.9998855590820312,2.6507935523986816,1.370021592222563,1.3706514835357666,0.4373563757616754,-0.30198904871940613,0.3163593113422394,0.0,0.0,0.0,1.0,0.0,0.0
particle:340:5,340,5,5,label_Tbl,label_Tbl,0.9998855590820312,2.635209798812866,9.543082482937175,9.545548439025879,0.38224254088607246,-0.2944023013114929,0.24379631876945496,0.0,0.0,1.0,0.0,0.0,0.0
particle:340:1,340,6,1,label_Tbl,label_Tbl,0.9998855590820312,2.6282644271850586,59.953913842489335,59.970123291015625,0.43218116580630594,-0.2948016822338104,0.31602615118026733,-1.0,1.0,0.0,0.0,0.0,0.0
particle:340:36,340,7,36,label_Tbl,label_Tbl,0.9998855590820312,2.620591402053833,1.2546014899191495,1.2555478811264038,0.40570279245118135,-0.31050726771354675,0.2611129879951477,0.0,0.0,0.0,1.0,0.0,0.0
particle:340:38,340,8,38,label_Tbl,label_Tbl,0.9998855590820312,2.5827062129974365,0.9364666475044711,0.9526543617248535,0.12360803342343044,-0.08599860966205597,0.08878730237483978,0.0,0.0,0.0,1.0,0.0,0.0
particle:340:34,340,9,34,label_Tbl,label_Tbl,0.9998855590820312,2.5543766021728516,1.543955228091501,1.54509437084198,0.32514085186921243,-0.2332560420036316,0.2265131175518036,0.0,0.0,0.0,1.0,0.0,0.0
particle:340:30,340,10,30,label_Tbl,label_Tbl,0.9998855590820312,2.5327401161193848,2.288080255994938,2.8540031909942627,0.5074875777200986,0.4179166555404663,-0.2879050374031067,0.0,0.0,1.0,0.0,0.0,0.0
particle:340:37,340,11,37,label_Tbl,label_Tbl,0.9998855590820312,2.5288732051849365,0.9875059104140328,0.9882259964942932,0.3329515966306116,-0.30985379219055176,0.12184987962245941,0.0,0.0,0.0,1.0,0.0,0.0
particle:340:29,340,12,29,label_Tbl,label_Tbl,0.9998855590820312,2.522294044494629,2.3645858342235826,2.3697428703308105,0.5752297738127892,-0.33769887685775757,-0.46567022800445557,0.0,0.0,1.0,0.0,0.0,0.0
particle:353:0,353,1,0,label_Tbl,label_Tbl,1.0,4.476297378540039,344.98168119955864,722.994384765625,0.2099872102860543,-0.06981897354125977,0.19804024696350098,1.0,0.0,0.0,0.0,1.0,0.0
particle:353:21,353,2,21,label_Tbl,label_Tbl,1.0,3.157029390335083,1.1079225439278704,2.9896130561828613,0.7748049041150511,0.20800673961639404,-0.7463617324829102,1.0,1.0,0.0,0.0,0.0,0.0
particle:353:18,353,3,18,label_Tbl,label_Tbl,1.0,2.864020347595215,1.4932204179047976,3.3004379272460938,0.2807139287361301,-0.009723544120788574,-0.2805454730987549,0.0,0.0,0.0,1.0,0.0,0.0
particle:353:19,353,4,19,label_Tbl,label_Tbl,1.0,2.8358404636383057,1.3547792117734,5.485132217407227,0.6497944751344604,0.6355655193328857,0.13523805141448975,0.0,0.0,1.0,0.0,0.0,0.0
particle:353:5,353,5,5,label_Tbl,label_Tbl,1.0,2.8196310997009277,12.991318672737705,28.679933547973633,0.33717510341069606,-0.011073470115661621,-0.3369932174682617,0.0,0.0,1.0,0.0,0.0,0.0
particle:353:20,353,6,20,label_Tbl,label_Tbl,1.0,2.7973828315734863,1.269893326109435,5.068007469177246,0.6556533858519674,0.6207106113433838,-0.21118640899658203,0.0,0.0,1.0,0.0,0.0,0.0
particle:353:4,353,7,4,label_Tbl,label_Tbl,1.0,2.6195437908172607,15.103873189442547,34.04057693481445,0.19944378689675538,0.012068390846252441,-0.19907832145690918,0.0,0.0,1.0,0.0,0.0,0.0
particle:353:16,353,8,16,label_Tbl,label_Tbl,1.0,2.463848114013672,1.5168933922087098,4.341031551361084,0.4313003519359673,0.27164435386657715,-0.3350064754486084,-1.0,1.0,0.0,0.0,0.0,0.0
particle:353:1,353,9,1,label_Tbl,label_Tbl,1.0,2.4491684436798096,60.85921576610392,138.2918701171875,0.2915067740722587,0.021184921264648438,-0.29073596000671387,-1.0,1.0,0.0,0.0,0.0,0.0
particle:353:3,353,10,3,label_Tbl,label_Tbl,1.0,2.433182716369629,28.431599899853982,65.33890533447266,0.33047322705476756,0.03375661373138428,-0.32874464988708496,-1.0,1.0,0.0,0.0,0.0,0.0
particle:353:14,353,11,14,label_Tbl,label_Tbl,1.0,2.4263246059417725,2.4563577244574133,5.9503679275512695,0.2928944385530811,0.09163081645965576,-0.27819228172302246,1.0,1.0,0.0,0.0,0.0,0.0
particle:353:17,353,12,17,label_Tbl,label_Tbl,1.0,2.3432493209838867,1.5022991542649817,2.2958290576934814,0.4937658385895459,-0.4531320333480835,0.1961531639099121,0.0,0.0,1.0,0.0,0.0,0.0
particle:355:0,355,1,0,label_Tbl,label_Tbl,0.9999822378158569,4.584698677062988,519.6540495238471,1218.9791259765625,0.0897776897408551,-0.08883702754974365,0.012962102890014648,1.0,0.0,0.0,0.0,0.0,1.0
particle:355:5,355,2,5,label_Tbl,label_Tbl,0.9999822378158569,2.9820597171783447,2.30451277805409,8.427633285522461,0.5728496928947286,0.384848952293396,0.42432069778442383,0.0,0.0,1.0,0.0,0.0,0.0
particle:355:17,355,3,17,label_Tbl,label_Tbl,0.9999822378158569,2.802520751953125,0.5243685917585953,1.9504002332687378,0.41449725275741917,0.4024568796157837,-0.09917879104614258,0.0,0.0,0.0,1.0,0.0,0.0
particle:355:16,355,4,16,label_Tbl,label_Tbl,0.9999822378158569,2.7079885005950928,0.5465188095228406,2.4951183795928955,0.6182046629153177,0.6137495040893555,-0.07408475875854492,0.0,0.0,0.0,1.0,0.0,0.0
particle:355:15,355,5,15,label_Tbl,label_Tbl,0.9999822378158569,2.565218687057495,0.7866609069522154,2.9743387699127197,0.4533290374870842,0.41831421852111816,-0.17470097541809082,1.0,1.0,0.0,0.0,0.0,0.0
particle:355:14,355,6,14,label_Tbl,label_Tbl,0.9999822378158569,2.5551955699920654,0.8828628713493537,4.070637226104736,0.6451363561650707,0.6238546371459961,-0.1643359661102295,0.0,0.0,0.0,1.0,0.0,0.0
particle:355:12,355,7,12,label_Tbl,label_Tbl,0.9999822378158569,2.5520942211151123,0.9832805705488721,3.7794320583343506,0.5197020431877767,0.4365091323852539,-0.2820460796356201,0.0,0.0,0.0,1.0,0.0,0.0
particle:355:13,355,8,13,label_Tbl,label_Tbl,0.9999822378158569,2.5238101482391357,0.958403598496777,4.06782341003418,0.5901318844692962,0.5388612747192383,-0.24059128761291504,0.0,0.0,0.0,1.0,0.0,0.0
particle:355:7,355,9,7,label_Tbl,label_Tbl,0.9999822378158569,2.4871811866760254,2.1236445320655624,3.086134910583496,0.6687712613739601,-0.6677596569061279,-0.03677010536193848,-1.0,1.0,0.0,0.0,0.0,0.0
particle:355:10,355,10,10,label_Tbl,label_Tbl,0.9999822378158569,2.4299707412719727,1.319395898464438,5.539275646209717,0.5354610360724518,0.527637243270874,-0.09120011329650879,0.0,0.0,0.0,1.0,0.0,0.0
particle:355:1,355,11,1,label_Tbl,label_Tbl,0.9999822378158569,2.401427984237671,19.06291017994763,84.34598541259766,0.6022779679380572,0.5815858840942383,-0.15651392936706543,1.0,1.0,0.0,0.0,0.0,0.0
particle:355:2,355,12,2,label_Tbl,label_Tbl,0.9999822378158569,2.368378162384033,12.211058763918528,57.566654205322266,0.6644117573837044,0.6465976238250732,-0.15282177925109863,1.0,1.0,0.0,0.0,0.0,0.0
particle:356:0,356,1,0,label_Tbl,label_Tbl,1.0,4.707311630249023,424.41094271746556,426.25384521484375,0.1779567884228034,-0.030065476894378662,-0.17539864778518677,-1.0,0.0,0.0,0.0,1.0,0.0
particle:356:3,356,2,3,label_Tbl,label_Tbl,1.0,3.413754463195801,68.74916782253881,69.65573120117188,0.14265720925264055,0.038997165858745575,0.13722354173660278,0.0,0.0,1.0,0.0,0.0,0.0
particle:356:1,356,3,1,label_Tbl,label_Tbl,1.0,3.037116527557373,140.22848419644137,141.8052978515625,0.1343448278034195,0.02659817785024643,0.13168549537658691,1.0,1.0,0.0,0.0,0.0,0.0
particle:356:12,356,4,12,label_Tbl,label_Tbl,1.0,2.9766595363616943,8.019871726434005,8.184222221374512,0.18109399764884795,0.07815208286046982,0.16336244344711304,-1.0,1.0,0.0,0.0,0.0,0.0
particle:356:9,356,5,9,label_Tbl,label_Tbl,1.0,2.9232659339904785,19.75571435791608,19.93073844909668,0.18094883620650015,0.00960589200258255,0.18069368600845337,1.0,1.0,0.0,0.0,0.0,0.0
particle:356:2,356,6,2,label_Tbl,label_Tbl,1.0,2.9203076362609863,86.16313007220302,87.0936508178711,0.11940966984611996,0.023602448403835297,0.1170538067817688,1.0,1.0,0.0,0.0,0.0,0.0
particle:356:7,356,7,7,label_Tbl,label_Tbl,1.0,2.888878583908081,21.86612495842656,21.957204818725586,0.22905290510051465,-0.03220393508672714,0.22677773237228394,1.0,1.0,0.0,0.0,0.0,0.0
particle:356:19,356,8,19,label_Tbl,label_Tbl,1.0,2.887662172317505,4.6006966542595285,4.638054370880127,0.1925967400048624,0.004127509891986847,0.19255250692367554,0.0,0.0,0.0,1.0,0.0,0.0
particle:356:15,356,9,15,label_Tbl,label_Tbl,1.0,2.8533759117126465,5.650046440592574,5.676321029663086,0.19375208382011888,-0.030019067227840424,0.19141244888305664,-1.0,1.0,0.0,0.0,0.0,0.0
particle:356:6,356,10,6,label_Tbl,label_Tbl,1.0,2.786431074142456,24.960098445798224,25.328214645385742,0.15796344783077967,0.04822269827127457,0.1504228115081787,1.0,1.0,0.0,0.0,0.0,0.0
particle:356:8,356,11,8,label_Tbl,label_Tbl,1.0,2.7821097373962402,21.63696586371095,21.842350006103516,0.2148237586709043,0.014452539384365082,0.2143370509147644,0.0,0.0,0.0,1.0,0.0,0.0
particle:356:22,356,12,22,label_Tbl,label_Tbl,1.0,2.761075019836426,1.9822544925763423,1.995431661605835,0.05783376305053696,-0.007981926202774048,0.05728030204772949,0.0,0.0,0.0,1.0,0.0,0.0
particle:359:0,359,1,0,label_Tbl,label_Tbl,0.9988663196563721,4.431894302368164,282.96947717548505,282.974853515625,0.18036640560899897,-0.15296296775341034,0.09557390213012695,-1.0,0.0,0.0,0.0,0.0,1.0
particle:359:24,359,2,24,label_Tbl,label_Tbl,0.9988663196563721,3.3964791297912598,1.11948287807742,1.524275302886963,0.6827385100591921,0.6798497438430786,-0.06273913383483887,0.0,0.0,0.0,1.0,0.0,0.0
particle:359:21,359,3,21,label_Tbl,label_Tbl,0.9988663196563721,2.899341106414795,2.348894758419686,2.611804962158203,0.41523810707455683,0.32202237844467163,0.26215314865112305,0.0,0.0,1.0,0.0,0.0,0.0
particle:359:20,359,4,20,label_Tbl,label_Tbl,0.9988663196563721,2.849114418029785,2.582404291117658,2.662461519241333,0.14101390264208946,0.1015542596578598,-0.09783482551574707,0.0,0.0,0.0,1.0,0.0,0.0
particle:359:22,359,5,22,label_Tbl,label_Tbl,0.9988663196563721,2.8324732780456543,1.5238366556133653,1.6664589643478394,0.41570243882298313,0.27376362681388855,-0.31282901763916016,-1.0,1.0,0.0,0.0,0.0,0.0
particle:359:25,359,6,25,label_Tbl,label_Tbl,0.9988663196563721,2.7898547649383545,0.890248975801764,0.943096935749054,0.22881622422098002,0.1960757076740265,-0.11794567108154297,0.0,0.0,0.0,1.0,0.0,0.0
particle:359:18,359,7,18,label_Tbl,label_Tbl,0.9988663196563721,2.6493632793426514,4.538237585001472,4.650362968444824,0.10798185680751785,0.07295365631580353,-0.07961058616638184,-1.0,1.0,0.0,0.0,0.0,0.0
particle:359:1,359,8,1,label_Tbl,label_Tbl,0.9988663196563721,2.6274826526641846,62.572310977603834,64.99004364013672,0.16009683697921157,0.13029274344444275,-0.09303116798400879,0.0,0.0,0.0,1.0,0.0,0.0
particle:359:15,359,9,15,label_Tbl,label_Tbl,0.9988663196563721,2.582555055618286,5.976540808595853,6.142839431762695,0.1311491153964184,0.08855098485946655,-0.0967409610748291,0.0,0.0,0.0,1.0,0.0,0.0
particle:359:23,359,10,23,label_Tbl,label_Tbl,0.9988663196563721,2.53588604927063,1.4397080857834288,1.5437517166137695,0.3310513343310278,0.2311147153377533,0.23702526092529297,0.0,0.0,0.0,1.0,0.0,0.0
particle:359:17,359,11,17,label_Tbl,label_Tbl,0.9988663196563721,2.4723854064941406,5.70091861582914,6.027795314788818,0.19531330813399267,0.1902306079864502,-0.04426741600036621,0.0,0.0,0.0,1.0,0.0,0.0
particle:359:11,359,12,11,label_Tbl,label_Tbl,0.9988663196563721,2.45477032661438,8.927889684271687,9.207259178161621,0.1269026947139051,0.10223959386348724,-0.07517552375793457,-1.0,1.0,0.0,0.0,0.0,0.0
particle:362:0,362,1,0,label_Tbl,label_Tbl,0.9999998807907104,4.527953624725342,181.89483190118096,249.03921508789062,0.33211376566102774,0.07550466060638428,-0.323417067527771,-1.0,0.0,0.0,0.0,0.0,1.0
particle:362:18,362,2,18,label_Tbl,label_Tbl,0.9999998807907104,3.3078694343566895,2.8926137013680098,3.67769718170166,0.5992127091418193,-0.03940129280090332,0.5979158878326416,1.0,1.0,0.0,0.0,0.0,0.0
particle:362:20,362,3,20,label_Tbl,label_Tbl,0.9999998807907104,3.1730778217315674,1.0844536745771898,1.361901044845581,0.23349072293790918,-0.05839043855667114,0.22607183456420898,0.0,0.0,0.0,1.0,0.0,0.0
particle:362:12,362,4,12,label_Tbl,label_Tbl,0.9999998807907104,3.148624897003174,6.5446058235112226,8.40956974029541,0.21178753386372254,-0.02120870351791382,0.2107229232788086,0.0,0.0,1.0,0.0,0.0,0.0
particle:362:16,362,5,16,label_Tbl,label_Tbl,0.9999998807907104,2.993983745574951,3.328106481042173,4.194746017456055,0.19733396765349867,-0.05241811275482178,0.1902446746826172,0.0,0.0,0.0,1.0,0.0,0.0
particle:362:15,362,6,15,label_Tbl,label_Tbl,0.9999998807907104,2.974212884902954,3.903531239629588,4.768072605133057,0.21754867958307425,-0.10543662309646606,0.1902906894683838,0.0,0.0,0.0,1.0,0.0,0.0
particle:362:14,362,7,14,label_Tbl,label_Tbl,0.9999998807907104,2.91313099861145,4.208117577878433,5.163509845733643,0.20403131871130473,-0.09756571054458618,0.17919182777404785,0.0,0.0,0.0,1.0,0.0,0.0
particle:362:17,362,8,17,label_Tbl,label_Tbl,0.9999998807907104,2.8937485218048096,3.2417271941830843,3.9367406368255615,0.18367682727274756,-0.11562144756317139,0.14271950721740723,0.0,0.0,0.0,1.0,0.0,0.0
particle:362:13,362,9,13,label_Tbl,label_Tbl,0.9999998807907104,2.8500335216522217,5.849563026185894,7.30360746383667,0.16560719244051356,-0.06803345680236816,0.1509873867034912,0.0,0.0,0.0,1.0,0.0,0.0
particle:362:2,362,10,2,label_Tbl,label_Tbl,0.9999998807907104,2.8158297538757324,53.185074202095635,65.96471405029297,0.1917891433807635,-0.07922208309173584,0.17466235160827637,0.0,0.0,0.0,1.0,0.0,0.0
particle:362:1,362,11,1,label_Tbl,label_Tbl,0.9999998807907104,2.8096392154693604,66.70306283508464,82.98332214355469,0.17457345785432474,-0.07411617040634155,0.15805912017822266,1.0,1.0,0.0,0.0,0.0,0.0
particle:362:11,362,12,11,label_Tbl,label_Tbl,0.9999998807907104,2.711888313293457,9.817909923762675,12.013899803161621,0.15597167254194919,-0.10243278741836548,0.11762094497680664,-1.0,1.0,0.0,0.0,0.0,0.0
particle:364:0,364,1,0,label_Tbl,label_Tbl,0.9999998807907104,4.888889312744141,422.00567695385223,441.718994140625,0.1213357539414693,-0.025589674711227417,-0.11860663443803787,-1.0,0.0,0.0,0.0,1.0,0.0
particle:364:11,364,2,11,label_Tbl,label_Tbl,0.9999998807907104,2.980034112930298,2.2255792990405423,2.404327869415283,0.5019517532309279,0.06808274984359741,-0.49731308221817017,0.0,0.0,1.0,0.0,0.0,0.0
particle:364:13,364,3,13,label_Tbl,label_Tbl,0.9999998807907104,2.807415008544922,1.785002182156153,1.898430347442627,0.18206266090280154,0.024565517902374268,0.18039774894714355,0.0,0.0,0.0,1.0,0.0,0.0
particle:364:2,364,4,2,label_Tbl,label_Tbl,0.9999998807907104,2.692634105682373,53.85086189372469,57.27760314941406,0.22620209287512305,0.02480211853981018,0.2248382568359375,1.0,1.0,0.0,0.0,0.0,0.0
particle:364:12,364,5,12,label_Tbl,label_Tbl,0.9999998807907104,2.68365740776062,1.9841860080747729,2.177718162536621,0.3591034930557618,0.10808894038200378,0.3424501419067383,0.0,0.0,0.0,1.0,0.0,0.0
particle:364:14,364,6,14,label_Tbl,label_Tbl,0.9999998807907104,2.644649028778076,1.4438749329403515,1.630684494972229,0.3279560930243349,0.17328500747680664,0.27843761444091797,0.0,0.0,0.0,1.0,0.0,0.0
particle:364:1,364,7,1,label_Tbl,label_Tbl,0.9999998807907104,2.6263837814331055,93.93750483455183,100.33511352539062,0.21457755346496302,0.03693285584449768,0.21137523651123047,0.0,0.0,0.0,1.0,0.0,0.0
particle:364:7,364,8,7,label_Tbl,label_Tbl,0.9999998807907104,2.610482931137085,6.381464224587089,6.757946014404297,0.2202185796393984,0.011763185262680054,0.21990418434143066,0.0,0.0,0.0,1.0,0.0,0.0
particle:364:10,364,9,10,label_Tbl,label_Tbl,0.9999998807907104,2.6070191860198975,3.2665281425286192,4.187162399291992,0.4629641343313145,0.4041137099266052,-0.2258935570716858,0.0,0.0,1.0,0.0,0.0,0.0
particle:364:3,364,10,3,label_Tbl,label_Tbl,0.9999998807907104,2.528407096862793,36.748872049272954,39.01146697998047,0.20365824950778388,0.019053667783737183,0.20276498794555664,-1.0,0.0,0.0,0.0,0.0,1.0
particle:364:9,364,11,9,label_Tbl,label_Tbl,0.9999998807907104,2.5149855613708496,3.8542250706983983,4.086233139038086,0.25471642596156224,0.01342591643333435,0.2543623447418213,1.0,1.0,0.0,0.0,0.0,0.0
particle:364:8,364,12,8,label_Tbl,label_Tbl,0.9999998807907104,2.498378038406372,5.197804413695209,5.28068208694458,0.2473111683636388,-0.15173059701919556,0.1952962875366211,0.0,0.0,1.0,0.0,0.0,0.0
particle:366:0,366,1,0,label_Tbl,label_Tbl,0.9994710087776184,4.30642557144165,264.64630049615715,504.811279296875,0.21794768788196425,0.06824600696563721,0.2069871425628662,1.0,0.0,0.0,0.0,1.0,0.0
particle:366:17,366,2,17,label_Tbl,label_Tbl,0.9994710087776184,3.000903844833374,4.366181831608156,10.376509666442871,0.5033674093556696,0.3176974058151245,0.3904447555541992,0.0,0.0,1.0,0.0,0.0,0.0
particle:366:22,366,3,22,label_Tbl,label_Tbl,0.9994710087776184,2.9958691596984863,2.5730165690987534,2.9129533767700195,0.720443057528173,-0.687494695186615,0.21538162231445312,-1.0,1.0,0.0,0.0,0.0,0.0
particle:366:27,366,4,27,label_Tbl,label_Tbl,0.9994710087776184,2.937509059906006,0.6196953147458301,1.8242319822311401,0.5549331708051891,0.5459516048431396,-0.09943675994873047,-1.0,1.0,0.0,0.0,0.0,0.0
particle:366:1,366,5,1,label_Tbl,label_Tbl,0.9994710087776184,2.8419532775878906,40.99071400390388,66.39364624023438,0.26152016101964304,-0.13097333908081055,-0.22635984420776367,0.0,0.0,1.0,0.0,0.0,0.0
particle:366:9,366,6,9,label_Tbl,label_Tbl,0.9994710087776184,2.835139036178589,11.247877246308551,17.81756591796875,0.2141946893470916,-0.15945756435394287,-0.14301276206970215,0.0,0.0,1.0,0.0,0.0,0.0
particle:366:18,366,7,18,label_Tbl,label_Tbl,0.9994710087776184,2.826847553253174,3.5536010175017783,4.570225238800049,0.5611690725486622,-0.4548643231391907,-0.3286474943161011,1.0,1.0,0.0,0.0,0.0,0.0
particle:366:20,366,8,20,label_Tbl,label_Tbl,0.9994710087776184,2.8116884231567383,3.099955664522213,8.602675437927246,0.6902948322170562,0.48608851432800293,-0.49012744426727295,0.0,0.0,0.0,1.0,0.0,0.0
particle:366:15,366,9,15,label_Tbl,label_Tbl,0.9994710087776184,2.740779399871826,6.1487206352214265,9.782036781311035,0.25752340110262273,-0.15392327308654785,-0.20646047592163086,0.0,0.0,1.0,0.0,0.0,0.0
particle:366:26,366,10,26,label_Tbl,label_Tbl,0.9994710087776184,2.7388060092926025,1.1236572302170182,3.2395498752593994,0.6600503570245962,0.5268840789794922,-0.39756715297698975,0.0,0.0,0.0,1.0,0.0,0.0
particle:366:3,366,11,3,label_Tbl,label_Tbl,0.9994710087776184,2.6884491443634033,19.196844073931548,29.98563003540039,0.33016530832156643,-0.1782752275466919,-0.27789759635925293,-1.0,1.0,0.0,0.0,0.0,0.0
particle:366:24,366,12,24,label_Tbl,label_Tbl,0.9994710087776184,2.6544911861419678,2.417807072956322,6.4038777351379395,0.6418495633277199,0.43590569496154785,-0.47112321853637695,0.0,0.0,0.0,1.0,0.0,0.0
particle:367:0,367,1,0,label_Tbl,label_Tbl,0.9986820816993713,4.375204086303711,336.3766049047371,360.2851867675781,0.19417900018390083,-0.1854608952999115,0.057530343532562256,1.0,0.0,0.0,0.0,1.0,0.0
particle:367:9,367,2,9,label_Tbl,label_Tbl,0.9986820816993713,2.908963203430176,8.721027369672875,10.963951110839844,0.3738937579654224,0.14235734939575195,-0.3457324504852295,0.0,0.0,1.0,0.0,0.0,0.0
particle:367:38,367,3,38,label_Tbl,label_Tbl,0.9986820816993713,2.7920727729797363,1.4729080749009809,2.1024534702301025,0.524888748985499,0.3341599106788635,-0.4047781527042389,0.0,0.0,0.0,1.0,0.0,0.0
particle:367:27,367,4,27,label_Tbl,label_Tbl,0.9986820816993713,2.7673068046569824,2.9169691140729967,3.971123695373535,0.5342296673496113,0.26614493131637573,-0.46321508288383484,0.0,0.0,1.0,0.0,0.0,0.0
particle:367:28,367,5,28,label_Tbl,label_Tbl,0.9986820816993713,2.7473995685577393,2.471374116420036,3.196364641189575,0.6340226490123204,0.18658185005187988,-0.6059471368789673,1.0,1.0,0.0,0.0,0.0,0.0
particle:367:36,367,6,36,label_Tbl,label_Tbl,0.9986820816993713,2.663952589035034,1.9168698709209684,2.37123703956604,0.32940725978380764,0.1153109073638916,-0.30856528878211975,0.0,0.0,0.0,1.0,0.0,0.0
particle:367:15,367,7,15,label_Tbl,label_Tbl,0.9986820816993713,2.658133029937744,4.464158977708562,5.878233909606934,0.7198549245837368,0.2160061001777649,0.6866822242736816,0.0,0.0,1.0,0.0,0.0,0.0
particle:367:12,367,8,12,label_Tbl,label_Tbl,0.9986820816993713,2.6503727436065674,5.564305355665778,6.520884990692139,0.09778804380400448,0.017981290817260742,0.09612062573432922,0.0,0.0,1.0,0.0,0.0,0.0
particle:367:2,367,9,2,label_Tbl,label_Tbl,0.9986820816993713,2.6254184246063232,42.92474370204143,55.862640380859375,0.344789853571334,0.19782650470733643,-0.2823910713195801,-1.0,1.0,0.0,0.0,0.0,0.0
particle:367:1,367,10,1,label_Tbl,label_Tbl,0.9986820816993713,2.6091294288635254,67.06821293508024,86.66434478759766,0.3149767625829808,0.18663007020950317,-0.25373131036758423,-1.0,1.0,0.0,0.0,0.0,0.0
particle:367:19,367,11,19,label_Tbl,label_Tbl,0.9986820816993713,2.608534812927246,3.757792689119806,6.06527042388916,0.517203924307479,0.49784255027770996,-0.140188068151474,0.0,0.0,1.0,0.0,0.0,0.0
particle:367:3,367,12,3,label_Tbl,label_Tbl,0.9986820816993713,2.539890766143799,40.0397704584076,49.853240966796875,0.2869913723350633,0.1259758472442627,-0.2578645646572113,1.0,1.0,0.0,0.0,0.0,0.0
particle:368:0,368,1,0,label_Tbl,label_Tbl,0.9970056414604187,4.528118133544922,406.7447802401689,559.1845703125,0.10668009612862318,-0.10626387596130371,0.009414434432983398,1.0,0.0,0.0,0.0,0.0,1.0
particle:368:1,368,2,1,label_Tbl,label_Tbl,0.9970056414604187,3.1601715087890625,59.20034807426472,80.47511291503906,0.12400270231638469,-0.12279784679412842,0.01724410057067871,0.0,0.0,0.0,1.0,0.0,0.0
particle:368:27,368,3,27,label_Tbl,label_Tbl,0.9970056414604187,2.698615074157715,1.9193730314340474,2.523261785507202,0.5326441192816413,-0.1732439398765564,0.5036827325820923,0.0,0.0,1.0,0.0,0.0,0.0
particle:368:32,368,4,32,label_Tbl,label_Tbl,0.9970056414604187,2.5828299522399902,1.4182395025125336,3.3388447761535645,0.5528328453840061,0.5528327822685242,-0.00026416778564453125,-1.0,1.0,0.0,0.0,0.0,0.0
particle:368:26,368,5,26,label_Tbl,label_Tbl,0.9970056414604187,2.570420503616333,1.985625083828015,4.46388053894043,0.5295205964980816,0.5020344853401184,-0.16838479042053223,-1.0,1.0,0.0,0.0,0.0,0.0
particle:368:36,368,6,36,label_Tbl,label_Tbl,0.9970056414604187,2.5091073513031006,1.1476155430867954,2.6129159927368164,0.5210591042864949,0.5167339444160461,0.06699717044830322,0.0,0.0,0.0,1.0,0.0,0.0
particle:368:33,368,7,33,label_Tbl,label_Tbl,0.9970056414604187,2.5055761337280273,1.3820663232917287,3.05012845993042,0.5067901809184501,0.48189812898635864,-0.1568772792816162,0.0,0.0,0.0,1.0,0.0,0.0
particle:368:37,368,8,37,label_Tbl,label_Tbl,0.9970056414604187,2.4885761737823486,0.9243589422745828,2.02160906791687,0.48269653868788964,0.47172802686691284,-0.10231626033782959,0.0,0.0,0.0,1.0,0.0,0.0
particle:368:35,368,9,35,label_Tbl,label_Tbl,0.9970056414604187,2.4793365001678467,1.1894431592705343,2.659235954284668,0.5167514377856055,0.4948582053184509,-0.14882004261016846,1.0,1.0,0.0,0.0,0.0,0.0
particle:368:23,368,10,23,label_Tbl,label_Tbl,0.9970056414604187,2.4436898231506348,2.166334763496278,2.825778007507324,0.24154131711335558,-0.18533599376678467,0.15489602088928223,0.0,0.0,0.0,1.0,0.0,0.0
particle:368:29,368,11,29,label_Tbl,label_Tbl,0.9970056414604187,2.4276952743530273,1.8877950144688276,3.8253278732299805,0.397252799077974,0.3849875330924988,-0.09795093536376953,0.0,0.0,0.0,1.0,0.0,0.0
particle:368:21,368,12,21,label_Tbl,label_Tbl,0.9970056414604187,2.4216854572296143,2.3256296655485404,5.262044906616211,0.5177806288779623,0.5093777775764465,-0.0929034948348999,-1.0,1.0,0.0,0.0,0.0,0.0
particle:369:0,369,1,0,label_Tbl,label_Tbl,0.999944806098938,4.246675491333008,487.25653284319276,508.9706726074219,0.16712785166202573,-0.07034125924110413,0.15160417556762695,1.0,0.0,0.0,0.0,1.0,0.0
particle:369:28,369,2,28,label_Tbl,label_Tbl,0.999944806098938,2.813783645629883,2.1920368714529763,3.0050930976867676,0.6967909807629168,0.4673091471195221,-0.5168557167053223,1.0,1.0,0.0,0.0,0.0,0.0
particle:369:2,369,3,2,label_Tbl,label_Tbl,0.999944806098938,2.668534755706787,70.18577472196267,96.73298645019531,0.5202607571162695,0.4765907824039459,-0.20864439010620117,1.0,1.0,0.0,0.0,0.0,0.0
particle:369:33,369,4,33,label_Tbl,label_Tbl,0.999944806098938,2.5870816707611084,1.3655820958631706,1.7271089553833008,0.4893119812045568,0.34470322728157043,-0.34728360176086426,0.0,0.0,0.0,1.0,0.0,0.0
particle:369:25,369,5,25,label_Tbl,label_Tbl,0.999944806098938,2.5653133392333984,2.658180310022335,3.8973400592803955,0.6123592255819267,0.5637414455413818,-0.2391221523284912,0.0,0.0,0.0,1.0,0.0,0.0
particle:369:27,369,6,27,label_Tbl,label_Tbl,0.999944806098938,2.503715991973877,2.5710969362592055,3.938105583190918,0.6950614858000593,0.6216224431991577,-0.3109598159790039,-1.0,1.0,0.0,0.0,0.0,0.0
particle:369:19,369,7,19,label_Tbl,label_Tbl,0.999944806098938,2.4817593097686768,3.815785702200082,4.659965991973877,0.4030988259209292,0.2857048809528351,-0.2843613624572754,0.0,0.0,0.0,1.0,0.0,0.0
particle:369:20,369,8,20,label_Tbl,label_Tbl,0.999944806098938,2.4717352390289307,3.805566739174043,5.8879714012146,0.6353593851860845,0.6353416442871094,0.004747986793518066,1.0,1.0,0.0,0.0,0.0,0.0
particle:369:22,369,9,22,label_Tbl,label_Tbl,0.999944806098938,2.4705593585968018,3.569289666704625,5.425741672515869,0.6273131128280028,0.6124178171157837,-0.13589024543762207,0.0,0.0,1.0,0.0,0.0,0.0
particle:369:9,369,10,9,label_Tbl,label_Tbl,0.999944806098938,2.46932053565979,9.991059193704578,14.382640838623047,0.5710264169900654,0.5384833812713623,-0.1900179386138916,0.0,0.0,1.0,0.0,0.0,0.0
particle:369:34,369,11,34,label_Tbl,label_Tbl,0.999944806098938,2.4429216384887695,1.1355720756943155,1.1572134494781494,0.47287505990383955,-0.1728639006614685,-0.44014644622802734,0.0,0.0,0.0,1.0,0.0,0.0
particle:369:29,369,12,29,label_Tbl,label_Tbl,0.999944806098938,2.432349443435669,1.9658729763217586,2.6853365898132324,0.5267148038261633,0.4616166651248932,-0.253650426864624,-1.0,1.0,0.0,0.0,0.0,0.0
particle:370:0,370,1,0,label_Tbl,label_Tbl,0.9808847904205322,4.420638084411621,302.8354324697147,303.41680908203125,0.17494740824489244,-0.13395380973815918,0.11252987384796143,-1.0,0.0,0.0,0.0,1.0,0.0
particle:370:38,370,2,38,label_Tbl,label_Tbl,0.9808847904205322,3.676995038986206,4.399009791517183,4.66977596282959,0.6460964942984195,0.2770870327949524,0.583663821220398,0.0,0.0,1.0,0.0,0.0,0.0
particle:370:36,370,3,36,label_Tbl,label_Tbl,0.9808847904205322,3.3139138221740723,4.829425674876922,4.887698173522949,0.5767636999156416,-0.22718805074691772,-0.5301339030265808,0.0,0.0,1.0,0.0,0.0,0.0
particle:370:22,370,4,22,label_Tbl,label_Tbl,0.9808847904205322,2.70811128616333,8.389353521968257,8.985788345336914,0.34359709418225265,0.3028813898563385,0.16224002838134766,0.0,0.0,1.0,0.0,0.0,0.0
particle:370:58,370,5,58,label_Tbl,label_Tbl,0.9808847904205322,2.62760591506958,1.590694247151344,1.645046591758728,0.40720037671255893,-0.3326750099658966,0.2348179817199707,0.0,0.0,0.0,1.0,0.0,0.0
particle:370:46,370,6,46,label_Tbl,label_Tbl,0.9808847904205322,2.60789155960083,3.1515718146631215,3.379696846008301,0.3905427739307758,0.30385854840278625,0.24534392356872559,1.0,1.0,0.0,0.0,0.0,0.0
particle:370:62,370,7,62,label_Tbl,label_Tbl,0.9808847904205322,2.588371753692627,1.2145811389087613,1.2447235584259033,0.17479993470772434,0.1503310203552246,0.08919417858123779,0.0,0.0,0.0,1.0,0.0,0.0
particle:370:63,370,8,63,label_Tbl,label_Tbl,0.9808847904205322,2.586221694946289,1.0666678124946134,1.0724751949310303,0.07308011568544738,0.03230443596839905,-0.0655524730682373,0.0,0.0,0.0,1.0,0.0,0.0
particle:370:54,370,9,54,label_Tbl,label_Tbl,0.9808847904205322,2.571125030517578,2.23166639131803,2.5414626598358154,0.45981438445757133,0.4490014910697937,0.09913086891174316,0.0,0.0,0.0,1.0,0.0,0.0
particle:370:61,370,10,61,label_Tbl,label_Tbl,0.9808847904205322,2.5671331882476807,1.2495220030238174,1.2612282037734985,0.16914107437401849,0.0647784098982811,-0.15624487400054932,0.0,0.0,0.0,1.0,0.0,0.0
particle:370:1,370,11,1,label_Tbl,label_Tbl,0.9808847904205322,2.5574698448181152,43.40153984896414,43.849830627441406,0.1571031311966515,0.07160633057355881,-0.13983535766601562,0.0,0.0,1.0,0.0,0.0,0.0
particle:370:60,370,12,60,label_Tbl,label_Tbl,0.9808847904205322,2.5267724990844727,1.2932752399687468,1.310954213142395,0.17334274336703087,0.09316133707761765,-0.14618027210235596,0.0,0.0,0.0,1.0,0.0,0.0
particle:371:0,371,1,0,label_Tbl,label_Tbl,0.9994611144065857,4.256142616271973,200.0704464385308,239.5308380126953,0.21563157927047213,0.21556761860847473,0.005251646041870117,1.0,0.0,0.0,0.0,1.0,0.0
particle:371:1,371,2,1,label_Tbl,label_Tbl,0.9994611144065857,3.3210809230804443,79.57019442384454,82.41651153564453,0.13593904977825455,-0.1359291672706604,0.0016391277313232422,-1.0,1.0,0.0,0.0,0.0,0.0
particle:371:14,371,3,14,label_Tbl,label_Tbl,0.9994611144065857,3.1935551166534424,2.266413897099826,2.349437952041626,0.1503852929342607,-0.13954216241836548,-0.05606889724731445,-1.0,1.0,0.0,0.0,0.0,0.0
particle:371:3,371,4,3,label_Tbl,label_Tbl,0.9994611144065857,3.180236577987671,41.49782165773313,42.646385192871094,0.16871476169151736,-0.1678922474384308,-0.016639232635498047,1.0,1.0,0.0,0.0,0.0,0.0
particle:371:2,371,5,2,label_Tbl,label_Tbl,0.9994611144065857,3.169468879699707,63.380918788260004,65.44097900390625,0.14836855249001257,-0.14833945035934448,0.002938508987426758,1.0,1.0,0.0,0.0,0.0,0.0
particle:371:13,371,6,13,label_Tbl,label_Tbl,0.9994611144065857,3.1080095767974854,2.51502878575227,2.6501753330230713,0.11358913493510034,-0.08066245913505554,-0.07997536659240723,-1.0,1.0,0.0,0.0,0.0,0.0
particle:371:12,371,7,12,label_Tbl,label_Tbl,0.9994611144065857,3.0982847213745117,3.409488654704124,3.540036678314209,0.12678026901246375,-0.12675270438194275,0.002643585205078125,0.0,0.0,0.0,1.0,0.0,0.0
particle:371:10,371,8,10,label_Tbl,label_Tbl,0.9994611144065857,3.0779361724853516,6.754126441322501,6.971479415893555,0.1495875065807398,-0.1495867669582367,0.0004703998565673828,0.0,0.0,0.0,1.0,0.0,0.0
particle:371:5,371,9,5,label_Tbl,label_Tbl,0.9994611144065857,3.0657076835632324,24.297649123451137,25.221826553344727,0.12777283258910763,-0.12772059440612793,-0.003653287887573242,-1.0,1.0,0.0,0.0,0.0,0.0
particle:371:9,371,10,9,label_Tbl,label_Tbl,0.9994611144065857,2.9761884212493896,6.8636150234315085,7.0954132080078125,0.14425406611123653,-0.14420488476753235,0.0037665367126464844,1.0,1.0,0.0,0.0,0.0,0.0
particle:371:6,371,11,6,label_Tbl,label_Tbl,0.9994611144065857,2.9398961067199707,20.681897373015843,21.332561492919922,0.15296274858983502,-0.15250658988952637,0.011804342269897461,-1.0,1.0,0.0,0.0,0.0,0.0
particle:371:4,371,12,4,label_Tbl,label_Tbl,0.9994611144065857,2.9319934844970703,28.808977048067273,29.656265258789062,0.16071391497111756,-0.16071337461471558,-0.00041675567626953125,1.0,1.0,0.0,0.0,0.0,0.0
particle:372:0,372,1,0,label_Tbl,label_Tbl,0.6140424013137817,4.309633255004883,302.8004175816998,317.76861572265625,0.1219739751502511,-0.12101447582244873,-0.015269160270690918,-1.0,0.0,0.0,0.0,1.0,0.0
particle:372:5,372,2,5,label_Tbl,label_Tbl,0.6140424013137817,3.308448314666748,17.98537917464094,23.045976638793945,0.30971130459002116,0.2994409203529358,0.07909631729125977,0.0,0.0,1.0,0.0,0.0,0.0
particle:372:7,372,3,7,label_Tbl,label_Tbl,0.6140424013137817,2.995103597640991,9.692776098109222,12.772197723388672,0.3433636239305127,0.3432372808456421,-0.009313821792602539,0.0,0.0,1.0,0.0,0.0,0.0
particle:372:8,372,4,8,label_Tbl,label_Tbl,0.6140424013137817,2.9820175170898438,9.462911050254974,11.922741889953613,0.3188800191560941,0.2721009850502014,0.1662694215774536,0.0,0.0,1.0,0.0,0.0,0.0
particle:372:23,372,5,23,label_Tbl,label_Tbl,0.6140424013137817,2.914710521697998,3.145642595280595,3.2999236583709717,0.14069191122342525,-0.12223151326179504,0.06966829299926758,0.0,0.0,0.0,1.0,0.0,0.0
particle:372:28,372,6,28,label_Tbl,label_Tbl,0.6140424013137817,2.8447556495666504,0.8813907676089863,0.9260510802268982,0.1998426944733832,-0.11715051531791687,-0.16190385818481445,0.0,0.0,0.0,1.0,0.0,0.0
particle:372:1,372,7,1,label_Tbl,label_Tbl,0.6140424013137817,2.844512462615967,29.451639237621432,29.921321868896484,0.25667273412547215,-0.2558678388595581,-0.02031111717224121,-1.0,1.0,0.0,0.0,0.0,0.0
particle:372:14,372,8,14,label_Tbl,label_Tbl,0.6140424013137817,2.8250932693481445,6.419761444162453,6.7791829109191895,0.11346143079424163,-0.10173976421356201,0.0502246618270874,1.0,1.0,0.0,0.0,0.0,0.0
particle:372:18,372,9,18,label_Tbl,label_Tbl,0.6140424013137817,2.7492361068725586,5.061915940725627,7.123294830322266,0.48445642167527003,0.4367706775665283,0.20959341526031494,-1.0,1.0,0.0,0.0,0.0,0.0
particle:372:19,372,10,19,label_Tbl,label_Tbl,0.6140424013137817,2.732680320739746,4.995855150943703,6.664833068847656,0.3689516451364942,0.35787785053253174,0.0897148847579956,-1.0,1.0,0.0,0.0,0.0,0.0
particle:372:25,372,11,25,label_Tbl,label_Tbl,0.6140424013137817,2.6925084590911865,2.760519688448392,2.7774815559387207,0.35342573593286974,-0.32336345314979553,0.14263880252838135,0.0,0.0,0.0,1.0,0.0,0.0
particle:372:27,372,12,27,label_Tbl,label_Tbl,0.6140424013137817,2.66475510597229,2.101322503788754,2.2812612056732178,0.09751948928669348,-0.02322089672088623,0.09471452236175537,0.0,0.0,0.0,1.0,0.0,0.0
particle:375:0,375,1,0,label_Tbl,label_Tbl,0.9999798536300659,4.3062334060668945,303.39400650047065,314.55450439453125,0.1615525320512982,-0.13944512605667114,0.08157375454902649,-1.0,0.0,0.0,0.0,0.0,1.0
particle:375:1,375,2,1,label_Tbl,label_Tbl,0.9999798536300659,2.994974136352539,173.26865748426343,198.97047424316406,0.1579358940532805,0.12829673290252686,-0.09210697561502457,1.0,0.0,0.0,0.0,1.0,0.0
particle:375:14,375,3,14,label_Tbl,label_Tbl,0.9999798536300659,2.9804844856262207,2.1487006718228003,3.770883560180664,0.7436271625273008,0.7418558597564697,0.05129561573266983,-1.0,1.0,0.0,0.0,0.0,0.0
particle:375:15,375,4,15,label_Tbl,label_Tbl,0.9999798536300659,2.9508109092712402,2.075387228126333,3.5439140796661377,0.727937941322776,0.7179168462753296,-0.12037046253681183,-1.0,1.0,0.0,0.0,0.0,0.0
particle:375:21,375,5,21,label_Tbl,label_Tbl,0.9999798536300659,2.851738452911377,1.2666766789665862,1.4163678884506226,0.0987507889730731,0.07163655757904053,-0.06797000765800476,0.0,0.0,0.0,1.0,0.0,0.0
particle:375:18,375,6,18,label_Tbl,label_Tbl,0.9999798536300659,2.5776376724243164,1.63027932978726,1.775815486907959,0.07650141759015819,0.009599924087524414,-0.07589669525623322,0.0,0.0,0.0,1.0,0.0,0.0
particle:375:19,375,7,19,label_Tbl,label_Tbl,0.9999798536300659,2.551327705383301,1.5792500732889698,1.8246606588363647,0.1439677191873113,0.1406509280204773,-0.030724918469786644,0.0,0.0,0.0,1.0,0.0,0.0
particle:375:17,375,8,17,label_Tbl,label_Tbl,0.9999798536300659,2.5430853366851807,1.717566232946113,1.9531822204589844,0.187042438389239,0.1081240177154541,-0.1526239514350891,0.0,0.0,0.0,1.0,0.0,0.0
particle:375:11,375,9,11,label_Tbl,label_Tbl,0.9999798536300659,2.5177979469299316,4.1775498195602365,4.918671607971191,0.37650260439955957,0.1765652298927307,-0.3325341045856476,-1.0,1.0,0.0,0.0,0.0,0.0
particle:375:12,375,10,12,label_Tbl,label_Tbl,0.9999798536300659,2.501652479171753,3.054740508833689,3.3159074783325195,0.027717066341333325,0.0007603168487548828,-0.027706636115908623,0.0,0.0,0.0,1.0,0.0,0.0
particle:375:16,375,11,16,label_Tbl,label_Tbl,0.9999798536300659,2.4444773197174072,1.7822225054008125,2.688800573348999,0.5636492651190755,0.5602858662605286,0.06148367375135422,0.0,0.0,0.0,1.0,0.0,0.0
particle:375:3,375,12,3,label_Tbl,label_Tbl,0.9999798536300659,2.4333698749542236,15.935386198840492,18.315658569335938,0.1518508265191297,0.13006824254989624,-0.0783640593290329,-1.0,1.0,0.0,0.0,0.0,0.0
particle:376:0,376,1,0,label_Tbl,label_Tbl,0.9999045133590698,4.254830360412598,216.54255123113015,218.4608612060547,0.28714658607020077,-0.2623225748538971,0.1167905330657959,-1.0,0.0,0.0,0.0,1.0,0.0
particle:376:2,376,2,2,label_Tbl,label_Tbl,0.9999045133590698,2.9660093784332275,45.003165811875455,54.76644515991211,0.2590462246691512,0.25201067328453064,0.05996304750442505,0.0,0.0,1.0,0.0,0.0,0.0
particle:376:28,376,3,28,label_Tbl,label_Tbl,0.9999045133590698,2.955078601837158,1.640167734429307,1.848574161529541,0.16145158894763104,0.1035880446434021,-0.12383913993835449,0.0,0.0,0.0,1.0,0.0,0.0
particle:376:32,376,4,32,label_Tbl,label_Tbl,0.9999045133590698,2.8497095108032227,1.0299954702013925,1.2362544536590576,0.23470098565553665,0.22741034626960754,-0.058043837547302246,0.0,0.0,0.0,1.0,0.0,0.0
particle:376:23,376,5,23,label_Tbl,label_Tbl,0.9999045133590698,2.83929181098938,2.707977237598175,3.021475315093994,0.09416001695952832,0.08132490515708923,-0.04745912551879883,0.0,0.0,0.0,1.0,0.0,0.0
particle:376:24,376,6,24,label_Tbl,label_Tbl,0.9999045133590698,2.779949903488159,2.5444198481093525,2.555438995361328,0.5977093818931306,-0.4705702066421509,0.36853790283203125,1.0,1.0,0.0,0.0,0.0,0.0
particle:376:17,376,7,17,label_Tbl,label_Tbl,0.9999045133590698,2.7700583934783936,6.536025861029751,7.39965295791626,0.11629500826723786,0.11323770880699158,0.02649056911468506,0.0,0.0,1.0,0.0,0.0,0.0
particle:376:29,376,8,29,label_Tbl,label_Tbl,0.9999045133590698,2.754305362701416,1.4244616942349555,1.5265594720840454,0.04969675016360611,-0.01894339919090271,-0.0459446907043457,0.0,0.0,0.0,1.0,0.0,0.0
particle:376:14,376,9,14,label_Tbl,label_Tbl,0.9999045133590698,2.6879193782806396,8.903473082194534,10.124083518981934,0.15487361161900637,0.12249180674552917,-0.09477126598358154,0.0,0.0,0.0,1.0,0.0,0.0
particle:376:13,376,10,13,label_Tbl,label_Tbl,0.9999045133590698,2.6701529026031494,10.339117864619924,11.546092987060547,0.11256768394939559,0.08328115940093994,-0.07573461532592773,0.0,0.0,0.0,1.0,0.0,0.0
particle:376:19,376,11,19,label_Tbl,label_Tbl,0.9999045133590698,2.6501359939575195,5.856456453005003,6.577240943908691,0.1256089297024034,0.09585049748420715,-0.08118057250976562,0.0,0.0,0.0,1.0,0.0,0.0
particle:376:31,376,12,31,label_Tbl,label_Tbl,0.9999045133590698,2.6500489711761475,1.0698448363447077,1.298807144165039,0.31505680818211007,0.24776718020439148,-0.19460785388946533,0.0,0.0,0.0,1.0,0.0,0.0
particle:382:0,382,1,0,label_Tbl,label_Tbl,0.9994414448738098,4.314759731292725,312.71175708353866,515.2972412109375,0.1664315822168025,-0.027355074882507324,0.164168119430542,-1.0,0.0,0.0,0.0,1.0,0.0
particle:382:18,382,2,18,label_Tbl,label_Tbl,0.9994414448738098,2.9368183612823486,0.9812263361498126,2.9889073371887207,0.6669832184360427,0.6525336503982544,-0.13808131217956543,1.0,1.0,0.0,0.0,0.0,0.0
particle:382:1,382,3,1,label_Tbl,label_Tbl,0.9994414448738098,2.835874080657959,50.405991701651786,85.60558319091797,0.23706830273562812,0.010292291641235352,-0.23684477806091309,0.0,0.0,1.0,0.0,0.0,0.0
particle:382:16,382,4,16,label_Tbl,label_Tbl,0.9994414448738098,2.7765989303588867,1.419730041247415,3.6405386924743652,0.7228092346358301,0.4452625513076782,0.5693807601928711,-1.0,1.0,0.0,0.0,0.0,0.0
particle:382:19,382,5,19,label_Tbl,label_Tbl,0.9994414448738098,2.61061954498291,0.9231092099575153,1.5224056243896484,0.3381779125857859,-0.02630174160003662,-0.3371535539627075,0.0,0.0,0.0,1.0,0.0,0.0
particle:382:14,382,6,14,label_Tbl,label_Tbl,0.9994414448738098,2.5998549461364746,3.222118671793065,5.539716720581055,0.13725391207310308,0.02541661262512207,-0.13488006591796875,0.0,0.0,0.0,1.0,0.0,0.0
particle:382:15,382,7,15,label_Tbl,label_Tbl,0.9994414448738098,2.495765447616577,2.5100188327706405,4.494493007659912,0.3504954420909609,0.07490360736846924,-0.34239816665649414,0.0,0.0,0.0,1.0,0.0,0.0
particle:382:13,382,8,13,label_Tbl,label_Tbl,0.9994414448738098,2.4672813415527344,3.933928253979805,6.805522441864014,0.21410112753813107,0.033016324043273926,-0.2115401029586792,0.0,0.0,0.0,1.0,0.0,0.0
particle:382:12,382,9,12,label_Tbl,label_Tbl,0.9994414448738098,2.4621362686157227,4.377320627583341,7.458861827850342,0.22590322470800525,0.014403104782104492,-0.22544360160827637,0.0,0.0,0.0,1.0,0.0,0.0
particle:382:17,382,10,17,label_Tbl,label_Tbl,0.9994414448738098,2.454758405685425,1.101991197955491,1.8434828519821167,0.20164400940252508,-0.008468985557556152,0.20146608352661133,0.0,0.0,0.0,1.0,0.0,0.0
particle:382:10,382,11,10,label_Tbl,label_Tbl,0.9994414448738098,2.417410135269165,5.480890602391668,9.03682804107666,0.23875883676395307,-0.026627302169799805,-0.23726940155029297,0.0,0.0,0.0,1.0,0.0,0.0
particle:382:2,382,12,2,label_Tbl,label_Tbl,0.9994414448738098,2.382700204849243,35.5743787642594,59.50477981567383,0.2437747014304046,-0.008645415306091309,-0.2436213493347168,1.0,1.0,0.0,0.0,0.0,0.0
particle:461:0,461,1,0,label_Wqq,label_Wqq,0.9713129997253418,4.37456750869751,285.82257743981495,564.5624389648438,0.11405091860673643,0.03560233116149902,0.1083516776561737,-1.0,1.0,0.0,0.0,0.0,0.0
particle:461:1,461,2,1,label_Wqq,label_Wqq,0.9713129997253418,3.4176857471466064,122.72413987820244,223.58824157714844,0.15114145967065928,-0.059528470039367676,-0.13892480731010437,-1.0,1.0,0.0,0.0,0.0,0.0
particle:461:4,461,3,4,label_Wqq,label_Wqq,0.9713129997253418,3.2371015548706055,14.148558942173613,26.409048080444336,0.12925098623228048,-0.030692696571350098,-0.12555387616157532,0.0,0.0,1.0,0.0,0.0,0.0
particle:461:3,461,4,3,label_Wqq,label_Wqq,0.9713129997253418,3.2230467796325684,48.558184406857166,93.97329711914062,0.04734068102860374,0.011824488639831543,0.045840173959732056,0.0,0.0,1.0,0.0,0.0,0.0
particle:461:2,461,5,2,label_Wqq,label_Wqq,0.9713129997253418,3.2124156951904297,88.70798477810693,160.53675842285156,0.1577018799904308,-0.06755375862121582,-0.14250043034553528,-1.0,1.0,0.0,0.0,0.0,0.0
particle:461:13,461,6,13,label_Wqq,label_Wqq,0.9713129997253418,3.2052106857299805,1.1768972819086507,2.1920430660247803,0.19538357395161754,-0.033229947090148926,-0.19253703951835632,0.0,0.0,0.0,1.0,0.0,0.0
particle:461:14,461,7,14,label_Wqq,label_Wqq,0.9713129997253418,3.203695058822632,1.055956497238254,1.8445708751678467,0.226231776240407,-0.11033272743225098,-0.19750317931175232,0.0,0.0,0.0,1.0,0.0,0.0
particle:461:12,461,8,12,label_Wqq,label_Wqq,0.9713129997253418,3.100698947906494,1.8695094417135287,3.730617046356201,0.057238971515857766,0.04743015766143799,0.032041847705841064,0.0,0.0,0.0,1.0,0.0,0.0
particle:461:9,461,9,9,label_Wqq,label_Wqq,0.9713129997253418,3.0874407291412354,4.433094508314902,8.555055618286133,0.019604419230944005,0.00852513313293457,0.01765376329421997,0.0,0.0,0.0,1.0,0.0,0.0
particle:461:10,461,10,10,label_Wqq,label_Wqq,0.9713129997253418,2.830585241317749,3.606299790125858,6.504418849945068,0.15753480879689152,-0.07159876823425293,-0.14032402634620667,0.0,0.0,0.0,1.0,0.0,0.0
particle:461:5,461,11,5,label_Wqq,label_Wqq,0.9713129997253418,2.7786664962768555,11.48082390396164,22.88333511352539,0.09445842917391561,0.04606008529663086,0.08246734738349915,1.0,1.0,0.0,0.0,0.0,0.0
particle:461:6,461,12,6,label_Wqq,label_Wqq,0.9713129997253418,2.770336151123047,9.440751939141554,18.146133422851562,0.10114734671955053,0.0022739171981811523,0.10112178325653076,-1.0,1.0,0.0,0.0,0.0,0.0
particle:465:0,465,1,0,label_Wqq,label_Wqq,0.7341484427452087,4.231172561645508,78.19854084799555,93.59609985351562,0.04384818634687401,0.017184972763061523,-0.040340304374694824,0.0,0.0,1.0,0.0,0.0,0.0
particle:465:1,465,2,1,label_Wqq,label_Wqq,0.7341484427452087,3.6515676975250244,72.72757920372858,77.63361358642578,0.24722466722475414,-0.23521506786346436,0.07611772418022156,0.0,0.0,1.0,0.0,0.0,0.0
particle:465:2,465,3,2,label_Wqq,label_Wqq,0.7341484427452087,3.579765558242798,63.9897607672538,78.58895111083984,0.08364521526916967,0.06278359889984131,0.055269718170166016,0.0,0.0,1.0,0.0,0.0,0.0
particle:465:43,465,4,43,label_Wqq,label_Wqq,0.7341484427452087,3.440882921218872,1.95219726822258,1.9522087574005127,0.6018823232021764,-0.5970667004585266,-0.07598477602005005,0.0,0.0,0.0,1.0,0.0,0.0
particle:465:4,465,5,4,label_Wqq,label_Wqq,0.7341484427452087,3.4190735816955566,34.05135701849394,40.88734817504883,0.0982793653107092,0.02287900447845459,-0.09557920694351196,-1.0,1.0,0.0,0.0,0.0,0.0
particle:465:46,465,6,46,label_Wqq,label_Wqq,0.7341484427452087,3.2705512046813965,0.914763426439721,1.0702595710754395,0.025671765124496794,-0.02537834644317627,0.0038702785968780518,0.0,0.0,0.0,1.0,0.0,0.0
particle:465:8,465,7,8,label_Wqq,label_Wqq,0.7341484427452087,3.2518270015716553,23.94294969078601,28.254470825195312,0.08152330111496406,-0.009023964405059814,-0.08102232217788696,1.0,0.0,0.0,0.0,1.0,0.0
particle:465:3,465,8,3,label_Wqq,label_Wqq,0.7341484427452087,3.0902061462402344,39.067817376747676,47.85227584838867,0.06879085875120795,0.058133065700531006,-0.03677946329116821,-1.0,1.0,0.0,0.0,0.0,0.0
particle:465:41,465,9,41,label_Wqq,label_Wqq,0.7341484427452087,3.0518643856048584,2.4761380214269577,3.009122610092163,0.04746357198179882,0.044399917125701904,0.01677611470222473,0.0,0.0,0.0,1.0,0.0,0.0
particle:465:44,465,10,44,label_Wqq,label_Wqq,0.7341484427452087,3.047398567199707,1.1830232569917707,1.4466197490692139,0.10041714472541548,0.055255234241485596,0.08384785056114197,0.0,0.0,0.0,1.0,0.0,0.0
particle:465:5,465,11,5,label_Wqq,label_Wqq,0.7341484427452087,3.046815872192383,32.624705968421935,40.20207977294922,0.06853169017202795,0.06850922107696533,-0.0017547607421875,1.0,1.0,0.0,0.0,0.0,0.0
particle:465:9,465,12,9,label_Wqq,label_Wqq,0.7341484427452087,3.037132501602173,23.182154332751498,27.514280319213867,0.027557741460487582,0.0017178654670715332,-0.027504146099090576,0.0,0.0,0.0,1.0,0.0,0.0
particle:471:0,471,1,0,label_Wqq,label_QCD,0.9843268990516663,4.526459217071533,425.68886395754737,702.277587890625,0.0287510060910518,0.014976263046264648,0.02454245090484619,0.0,0.0,1.0,0.0,0.0,0.0
particle:471:1,471,2,1,label_Wqq,label_QCD,0.9843268990516663,3.2746071815490723,198.49558407774168,320.2409973144531,0.017164680276700164,-0.013266801834106445,-0.010891199111938477,-1.0,1.0,0.0,0.0,0.0,0.0
particle:471:13,471,3,13,label_Wqq,label_QCD,0.9843268990516663,3.044991970062256,4.127104564470791,6.554081439971924,0.03691979674694867,-0.03349447250366211,-0.01553034782409668,0.0,0.0,0.0,1.0,0.0,0.0
particle:471:11,471,4,11,label_Wqq,label_QCD,0.9843268990516663,2.942556142807007,5.0881144429629055,8.227328300476074,0.01193981419076783,-0.010403752326965332,0.005858421325683594,0.0,0.0,0.0,1.0,0.0,0.0
particle:471:2,471,5,2,label_Wqq,label_QCD,0.9843268990516663,2.929946184158325,124.05913818137296,200.28018188476562,0.01865152786118522,-0.012434840202331543,-0.013901591300964355,1.0,1.0,0.0,0.0,0.0,0.0
particle:471:4,471,6,4,label_Wqq,label_QCD,0.9843268990516663,2.7955386638641357,58.63203428351601,95.36589813232422,0.017347087706044744,-0.0029287338256835938,-0.017098069190979004,-1.0,1.0,0.0,0.0,0.0,0.0
particle:471:10,471,7,10,label_Wqq,label_QCD,0.9843268990516663,2.7420318126678467,6.213429348560163,10.08443546295166,0.020610222573910958,-0.005667448043823242,0.019815683364868164,0.0,0.0,0.0,1.0,0.0,0.0
particle:471:5,471,8,5,label_Wqq,label_QCD,0.9843268990516663,2.7314794063568115,41.583136665724915,66.7269515991211,0.0344670204591936,-0.020148873329162598,-0.027964234352111816,0.0,0.0,0.0,1.0,0.0,0.0
particle:471:12,471,9,12,label_Wqq,label_QCD,0.9843268990516663,2.68815541267395,4.166818257426005,6.49471378326416,0.06097146601159547,-0.057686686515808105,-0.019742488861083984,0.0,0.0,0.0,1.0,0.0,0.0
particle:471:3,471,10,3,label_Wqq,label_QCD,0.9843268990516663,2.6625707149505615,62.93354165632127,101.1254653930664,0.020469522478056865,-0.018401026725769043,-0.008966803550720215,1.0,1.0,0.0,0.0,0.0,0.0
particle:471:6,471,11,6,label_Wqq,label_QCD,0.9843268990516663,2.6148972511291504,11.8032482334558,19.00518798828125,0.030959440316960414,-0.01581120491027832,-0.02661752700805664,1.0,1.0,0.0,0.0,0.0,0.0
particle:471:9,471,12,9,label_Wqq,label_QCD,0.9843268990516663,2.5165443420410156,6.722112314964306,11.062260627746582,0.03871722957643492,0.011852025985717773,0.036858558654785156,0.0,0.0,0.0,1.0,0.0,0.0
particle:479:0,479,1,0,label_Wqq,label_Zqq,0.7806323170661926,4.561101913452148,377.1855119823438,534.621826171875,0.05486900756675841,0.021316945552825928,0.05055883526802063,-1.0,1.0,0.0,0.0,0.0,0.0
particle:479:1,479,2,1,label_Wqq,label_Zqq,0.7806323170661926,3.01094126701355,48.95019131584119,68.39454650878906,0.06309243522646144,0.0009456872940063477,0.06308534741401672,0.0,0.0,0.0,1.0,0.0,0.0
particle:479:3,479,3,3,label_Wqq,label_Zqq,0.7806323170661926,2.9956555366516113,34.29647418934749,49.178932189941406,0.09758793680635987,0.03759324550628662,0.0900563895702362,0.0,0.0,1.0,0.0,0.0,0.0
particle:479:2,479,4,2,label_Wqq,label_Zqq,0.7806323170661926,2.931931495666504,35.73446218307784,46.8643913269043,0.20262100023300714,-0.09345805644989014,-0.1797800362110138,-1.0,1.0,0.0,0.0,0.0,0.0
particle:479:5,479,5,5,label_Wqq,label_Zqq,0.7806323170661926,2.810438394546509,14.768201348775602,20.804279327392578,0.0718723324285246,0.012626349925994873,0.07075455784797668,0.0,0.0,0.0,1.0,0.0,0.0
particle:479:4,479,6,4,label_Wqq,label_Zqq,0.7806323170661926,2.800088882446289,28.749059876380777,35.745147705078125,0.43215356515599984,-0.17901915311813354,-0.393330454826355,0.0,0.0,1.0,0.0,0.0,0.0
particle:479:12,479,7,12,label_Wqq,label_Zqq,0.7806323170661926,2.6762454509735107,0.9026911235577694,1.0978065729141235,0.521036813266434,-0.21704185009002686,-0.47367942333221436,0.0,0.0,0.0,1.0,0.0,0.0
particle:479:8,479,8,8,label_Wqq,label_Zqq,0.7806323170661926,2.537130355834961,5.186535766759538,6.290175914764404,0.48336312704841794,-0.22191637754440308,-0.42941009998321533,0.0,0.0,1.0,0.0,0.0,0.0
particle:479:7,479,9,7,label_Wqq,label_Zqq,0.7806323170661926,2.5348129272460938,5.362242284118666,6.71771240234375,0.4692176356345215,-0.16639035940170288,-0.4387247860431671,0.0,0.0,0.0,1.0,0.0,0.0
particle:479:6,479,10,6,label_Wqq,label_Zqq,0.7806323170661926,2.493873357772827,8.239184825269593,9.921859741210938,0.4671659956933146,-0.2347104549407959,-0.4039245843887329,1.0,1.0,0.0,0.0,0.0,0.0
particle:479:10,479,11,10,label_Wqq,label_Zqq,0.7806323170661926,2.4598772525787354,2.5822649232321795,3.0655572414398193,0.38468374537898375,-0.26250821352005005,-0.2811957001686096,-1.0,1.0,0.0,0.0,0.0,0.0
particle:479:11,479,12,11,label_Wqq,label_Zqq,0.7806323170661926,2.4417436122894287,1.4931853145500167,1.8196951150894165,0.3653636129675174,-0.21341532468795776,-0.2965543270111084,0.0,0.0,0.0,1.0,0.0,0.0
particle:480:0,480,1,0,label_Wqq,label_Wqq,0.7663268446922302,4.687591075897217,422.8997063429817,593.1737060546875,0.03631882964595953,0.036301493644714355,0.0011220276355743408,1.0,1.0,0.0,0.0,0.0,0.0
particle:480:1,480,2,1,label_Wqq,label_Wqq,0.7663268446922302,3.304666757583618,87.1229316327158,122.4121322631836,0.03874587350716497,0.03871375322341919,0.0015773475170135498,-1.0,1.0,0.0,0.0,0.0,0.0
particle:480:15,480,3,15,label_Wqq,label_Wqq,0.7663268446922302,2.940056324005127,1.7992738013758434,2.4377267360687256,0.019465814743042383,-0.016515731811523438,-0.010302841663360596,-1.0,1.0,0.0,0.0,0.0,0.0
particle:480:11,480,4,11,label_Wqq,label_Wqq,0.7663268446922302,2.9080612659454346,3.680731150913649,4.953567028045654,0.02424520160207704,-0.024030327796936035,-0.0032207369804382324,0.0,0.0,0.0,1.0,0.0,0.0
particle:480:13,480,5,13,label_Wqq,label_Wqq,0.7663268446922302,2.7268314361572266,2.155041912185607,2.7783749103546143,0.11977001851966751,-0.09004443883895874,-0.07897377014160156,0.0,0.0,0.0,1.0,0.0,0.0
particle:480:12,480,6,12,label_Wqq,label_Wqq,0.7663268446922302,2.675398349761963,3.4978064212799067,4.996438503265381,0.08551475200370724,0.06152653694152832,-0.05939072370529175,1.0,1.0,0.0,0.0,0.0,0.0
particle:480:8,480,7,8,label_Wqq,label_Wqq,0.7663268446922302,2.622713804244995,7.581863269865547,11.233712196350098,0.11392033782703215,0.11112672090530396,0.02507379651069641,-1.0,1.0,0.0,0.0,0.0,0.0
particle:480:2,480,8,2,label_Wqq,label_Wqq,0.7663268446922302,2.5013957023620605,19.572749641563433,22.553625106811523,0.2889222570409178,-0.2882691025733948,-0.019416362047195435,0.0,0.0,1.0,0.0,0.0,0.0
particle:480:17,480,9,17,label_Wqq,label_Wqq,0.7663268446922302,2.494670867919922,0.907519416837254,1.0399699211120605,0.3467844400911759,-0.2994855046272278,0.17483672499656677,0.0,0.0,0.0,1.0,0.0,0.0
particle:480:16,480,10,16,label_Wqq,label_Wqq,0.7663268446922302,2.445389747619629,1.0765104016826217,1.4778848886489868,0.25801265093923764,-0.001214742660522461,-0.25800979137420654,1.0,1.0,0.0,0.0,0.0,0.0
particle:480:10,480,11,10,label_Wqq,label_Wqq,0.7663268446922302,2.394148826599121,5.831214657644536,7.584447383880615,0.3538444780462275,-0.07616394758224487,-0.3455502390861511,0.0,0.0,1.0,0.0,0.0,0.0
particle:480:9,480,12,9,label_Wqq,label_Wqq,0.7663268446922302,2.383380174636841,6.073138911268971,8.438321113586426,0.13017907739321147,0.02257084846496582,-0.12820744514465332,-1.0,1.0,0.0,0.0,0.0,0.0
particle:493:0,493,1,0,label_Wqq,label_Zqq,0.480549693107605,4.675995349884033,282.92345526150206,610.86376953125,0.04925666433991998,-0.046686410903930664,-0.015703439712524414,-1.0,1.0,0.0,0.0,0.0,0.0
particle:493:42,493,2,42,label_Wqq,label_Zqq,0.480549693107605,3.1980764865875244,0.9423395415898778,1.9716289043426514,0.0839893865118068,-0.08232617378234863,-0.0166318416595459,0.0,0.0,0.0,1.0,0.0,0.0
particle:493:1,493,3,1,label_Wqq,label_Zqq,0.480549693107605,2.9738664627075195,62.26111096250751,134.42686462402344,0.05006064306064916,-0.04670286178588867,-0.01802527904510498,-1.0,1.0,0.0,0.0,0.0,0.0
particle:493:13,493,4,13,label_Wqq,label_Zqq,0.480549693107605,2.937464475631714,4.710096137986444,18.354475021362305,0.6000335201641205,0.5854076147079468,-0.1316744089126587,1.0,1.0,0.0,0.0,0.0,0.0
particle:493:23,493,5,23,label_Wqq,label_Zqq,0.480549693107605,2.914247512817383,2.292678763944428,4.920475482940674,0.055392862927486776,-0.053476572036743164,0.01444387435913086,0.0,0.0,0.0,1.0,0.0,0.0
particle:493:2,493,6,2,label_Wqq,label_Zqq,0.480549693107605,2.8371684551239014,37.263953458299014,79.77934265136719,0.056494761174767844,-0.05624377727508545,-0.005319356918334961,1.0,1.0,0.0,0.0,0.0,0.0
particle:493:14,493,7,14,label_Wqq,label_Zqq,0.480549693107605,2.716099977493286,4.22503745004605,9.780341148376465,0.07429044829732524,0.03119814395904541,-0.06742215156555176,0.0,0.0,1.0,0.0,0.0,0.0
particle:493:3,493,8,3,label_Wqq,label_Zqq,0.480549693107605,2.686054229736328,30.427771965636804,65.29389190673828,0.05556806974556992,-0.05363905429840088,-0.01451420783996582,1.0,1.0,0.0,0.0,0.0,0.0
particle:493:4,493,9,4,label_Wqq,label_Zqq,0.480549693107605,2.6766107082366943,9.633779565231102,20.92344093322754,0.04033909374509912,-0.040062904357910156,-0.004712343215942383,-1.0,1.0,0.0,0.0,0.0,0.0
particle:493:35,493,10,35,label_Wqq,label_Zqq,0.480549693107605,2.657876968383789,1.2568115964139488,2.837688684463501,0.09572979837134515,0.0034700632095336914,0.09566688537597656,0.0,0.0,0.0,1.0,0.0,0.0
particle:493:40,493,11,40,label_Wqq,label_Zqq,0.480549693107605,2.580549716949463,1.1320615699411036,2.599715232849121,0.12724419908676385,0.020733118057250977,-0.1255437135696411,-1.0,1.0,0.0,0.0,0.0,0.0
particle:493:21,493,12,21,label_Wqq,label_Zqq,0.480549693107605,2.577626943588257,2.523783077603485,5.339339733123779,0.09950480968329066,-0.07010531425476074,-0.07061481475830078,-1.0,1.0,0.0,0.0,0.0,0.0
particle:516:0,516,1,0,label_QCD,label_QCD,0.9975778460502625,4.51224946975708,544.2001493629772,544.75634765625,0.004434853412430424,0.004318214952945709,0.0010104179382324219,-1.0,1.0,0.0,0.0,0.0,0.0
particle:516:1,516,2,1,label_QCD,label_QCD,0.9975778460502625,3.601285934448242,114.17936198175214,114.18006896972656,0.03835417860891428,-0.037360381335020065,-0.008674383163452148,0.0,0.0,1.0,0.0,0.0,0.0
particle:516:2,516,3,2,label_QCD,label_QCD,0.9975778460502625,2.8272058963775635,49.83092200961827,49.8852653503418,0.010757535796553148,0.005726583302021027,-0.009106636047363281,1.0,1.0,0.0,0.0,0.0,0.0
particle:516:3,516,4,3,label_QCD,label_QCD,0.9975778460502625,2.8099005222320557,34.98505065860697,35.07425308227539,0.030769029637735354,0.03039523959159851,0.004781484603881836,-1.0,1.0,0.0,0.0,0.0,0.0
particle:516:7,516,5,7,label_QCD,label_QCD,0.9975778460502625,2.7015881538391113,2.959331112854197,2.9714338779449463,0.052284065559332675,0.049521252512931824,0.01677107810974121,0.0,0.0,0.0,1.0,0.0,0.0
particle:516:4,516,6,4,label_QCD,label_QCD,0.9975778460502625,2.6340160369873047,14.7295957385222,14.744025230407715,0.0233646224944945,0.002346184104681015,-0.02324652671813965,-1.0,1.0,0.0,0.0,0.0,0.0
particle:516:5,516,7,5,label_QCD,label_QCD,0.9975778460502625,2.5211613178253174,9.44847494666747,9.460158348083496,0.11313795376308994,0.006595287472009659,0.112945556640625,1.0,1.0,0.0,0.0,0.0,0.0
particle:516:6,516,8,6,label_QCD,label_QCD,0.9975778460502625,2.448946952819824,3.079555976630736,3.1147124767303467,0.10424535716670029,0.10320974886417389,-0.01465749740600586,1.0,1.0,0.0,0.0,0.0,0.0
particle:522:0,522,1,0,label_QCD,label_QCD,0.6000002026557922,4.363133907318115,597.2748445082441,608.7754516601562,0.019567458336549468,0.018305733799934387,0.006912708282470703,0.0,0.0,0.0,1.0,0.0,0.0
particle:522:5,522,2,5,label_QCD,label_QCD,0.6000002026557922,2.758474111557007,1.0182528458129434,1.1489025354385376,0.6407238610230418,0.3236854672431946,0.5529509782791138,0.0,0.0,0.0,1.0,0.0,0.0
particle:522:2,522,3,2,label_QCD,label_QCD,0.6000002026557922,2.6533496379852295,3.5323140507517827,4.054223537445068,0.7502873998802413,-0.7147454619407654,-0.22818875312805176,0.0,0.0,0.0,1.0,0.0,0.0
particle:522:1,522,4,1,label_QCD,label_QCD,0.6000002026557922,2.6315457820892334,15.214088865739129,16.807010650634766,0.6983271859990821,-0.6276371479034424,-0.30615758895874023,1.0,1.0,0.0,0.0,0.0,0.0
particle:522:3,522,5,3,label_QCD,label_QCD,0.6000002026557922,2.2770071029663086,1.921587737027269,2.11989164352417,0.3634072454562977,0.2728680670261383,0.24001634120941162,0.0,0.0,0.0,1.0,0.0,0.0
particle:522:4,522,6,4,label_QCD,label_QCD,0.6000002026557922,2.2537641525268555,1.217323034202939,1.2854993343353271,0.26841747255343573,0.15551546216011047,0.21877586841583252,0.0,0.0,0.0,1.0,0.0,0.0
particle:538:0,538,1,0,label_QCD,label_QCD,0.8037442564964294,4.207338809967041,240.85201585480223,739.0014038085938,0.03941806113463044,0.0347294807434082,0.018645286560058594,1.0,1.0,0.0,0.0,0.0,0.0
particle:538:3,538,2,3,label_QCD,label_QCD,0.8037442564964294,3.2343690395355225,47.67698568314846,138.3615264892578,0.07231645850038913,-0.024387001991271973,0.06808042526245117,0.0,0.0,1.0,0.0,0.0,0.0
particle:538:1,538,3,1,label_QCD,label_QCD,0.8037442564964294,2.9486823081970215,50.19199173901074,151.42059326171875,0.08087381960900404,0.016823410987854004,-0.07910466194152832,0.0,0.0,1.0,0.0,0.0,0.0
particle:538:2,538,4,2,label_QCD,label_QCD,0.8037442564964294,2.9128189086914062,48.49065734048643,147.83888244628906,0.048244325681134556,0.02799367904663086,0.039292097091674805,-1.0,1.0,0.0,0.0,0.0,0.0
particle:538:23,538,5,23,label_QCD,label_QCD,0.8037442564964294,2.8812005519866943,2.1031007843098553,3.935533046722412,0.7834499128222691,-0.5126121044158936,0.5924715995788574,0.0,0.0,0.0,1.0,0.0,0.0
particle:538:32,538,6,32,label_QCD,label_QCD,0.8037442564964294,2.8493826389312744,0.6190859179388066,2.4888803958892822,0.5447809346086986,0.31679701805114746,0.44319963455200195,0.0,0.0,0.0,1.0,0.0,0.0
particle:538:28,538,7,28,label_QCD,label_QCD,0.8037442564964294,2.754645586013794,1.3129307677137534,3.9069180488586426,0.0686489200224132,0.0022698640823364258,-0.06861138343811035,0.0,0.0,0.0,1.0,0.0,0.0
particle:538:9,538,8,9,label_QCD,label_QCD,0.8037442564964294,2.6751203536987305,7.177635190823047,20.012704849243164,0.0674767338558119,-0.06714069843292236,-0.006725788116455078,0.0,0.0,0.0,1.0,0.0,0.0
particle:538:30,538,9,30,label_QCD,label_QCD,0.8037442564964294,2.603618621826172,1.070700628274092,2.9388976097106934,0.3181889010790762,-0.0839536190032959,0.3069136142730713,0.0,0.0,1.0,0.0,0.0,0.0
particle:538:8,538,10,8,label_QCD,label_QCD,0.8037442564964294,2.510666608810425,8.012416885813277,23.16693878173828,0.07095521801386231,-0.02831590175628662,0.06506037712097168,0.0,0.0,0.0,1.0,0.0,0.0
particle:538:21,538,11,21,label_QCD,label_QCD,0.8037442564964294,2.509166955947876,2.443342583560568,5.151028633117676,0.5219633021666967,-0.37457191944122314,-0.3635128140449524,0.0,0.0,0.0,1.0,0.0,0.0
particle:538:4,538,12,4,label_QCD,label_QCD,0.8037442564964294,2.493283748626709,15.360300868023863,44.88089370727539,0.0751062494693754,-0.017146825790405273,0.07312273979187012,-1.0,1.0,0.0,0.0,0.0,0.0
particle:543:0,543,1,0,label_QCD,label_QCD,0.520030677318573,4.219723701477051,391.64473990664374,456.68780517578125,0.0017344236164559582,0.00144118070602417,-0.0009649991989135742,1.0,1.0,0.0,0.0,0.0,0.0
particle:543:1,543,2,1,label_QCD,label_QCD,0.520030677318573,3.286989688873291,86.11613947603198,98.46112060546875,0.06260276837611839,-0.037943899631500244,-0.049793243408203125,0.0,0.0,1.0,0.0,0.0,0.0
particle:543:16,543,3,16,label_QCD,label_QCD,0.520030677318573,2.993272542953491,2.649703992746385,3.112579822540283,0.032307170202039555,0.015606045722961426,-0.028287887573242188,0.0,0.0,0.0,1.0,0.0,0.0
particle:543:2,543,4,2,label_QCD,label_QCD,0.520030677318573,2.863241195678711,61.8691459788517,72.33831787109375,0.010804745310847571,0.006643474102020264,0.008520960807800293,-1.0,1.0,0.0,0.0,0.0,0.0
particle:543:9,543,5,9,label_QCD,label_QCD,0.520030677318573,2.686112403869629,8.366556313284581,9.637001037597656,0.025579810423625213,-0.02285325527191162,-0.011491537094116211,0.0,0.0,0.0,1.0,0.0,0.0
particle:543:4,543,6,4,label_QCD,label_QCD,0.520030677318573,2.6744751930236816,34.175583116608856,39.8975830078125,0.011362967201335178,0.0036919116973876953,-0.010746479034423828,0.0,0.0,0.0,1.0,0.0,0.0
particle:543:17,543,7,17,label_QCD,label_QCD,0.520030677318573,2.6664419174194336,2.0494072263367444,2.4457197189331055,0.068880160681894,0.04509544372558594,0.05206608772277832,0.0,0.0,0.0,1.0,0.0,0.0
particle:543:3,543,8,3,label_QCD,label_QCD,0.520030677318573,2.654252052307129,56.95121567375701,66.7988052368164,0.012744872353819056,0.012526392936706543,-0.0023497343063354492,1.0,1.0,0.0,0.0,0.0,0.0
particle:543:11,543,9,11,label_QCD,label_QCD,0.520030677318573,2.63818359375,5.752755578662142,6.792076110839844,0.09706027046464104,0.025212228298187256,-0.09372854232788086,0.0,0.0,1.0,0.0,0.0,0.0
particle:543:7,543,10,7,label_QCD,label_QCD,0.520030677318573,2.609290838241577,9.430180266323848,9.489945411682129,0.5360635260867903,-0.46748587489128113,0.26233768463134766,-1.0,1.0,0.0,0.0,0.0,0.0
particle:543:19,543,11,19,label_QCD,label_QCD,0.520030677318573,2.584622859954834,1.577865391724036,2.5173964500427246,0.5458448384289267,0.47414135932922363,0.27043771743774414,-1.0,1.0,0.0,0.0,0.0,0.0
particle:543:20,543,12,20,label_QCD,label_QCD,0.520030677318573,2.583674907684326,1.5163050749411826,1.5702297687530518,0.5405808372201578,-0.3169914782047272,-0.4378858804702759,1.0,1.0,0.0,0.0,0.0,0.0
particle:560:0,560,1,0,label_QCD,label_QCD,0.8899100422859192,4.287781715393066,417.9757895154744,738.1506958007812,0.006895850966254772,-0.001839280128479004,0.0066460371017456055,-1.0,1.0,0.0,0.0,0.0,0.0
particle:560:1,560,2,1,label_QCD,label_QCD,0.8899100422859192,2.8882973194122314,95.34949720590943,167.74630737304688,0.013001848702681763,-0.006479382514953613,0.011272341012954712,1.0,1.0,0.0,0.0,0.0,0.0
particle:560:19,560,3,19,label_QCD,label_QCD,0.8899100422859192,2.88136887550354,0.8614448389158876,2.221259117126465,0.7717011739303442,0.4011801481246948,-0.6592246890068054,1.0,1.0,0.0,0.0,0.0,0.0
particle:560:2,560,4,2,label_QCD,label_QCD,0.8899100422859192,2.6886744499206543,33.15223769841037,58.35362243652344,0.008102206475966054,-0.005862116813659668,0.005592972040176392,0.0,0.0,0.0,1.0,0.0,0.0
particle:560:3,560,5,3,label_QCD,label_QCD,0.8899100422859192,2.684544086456299,24.54150544273975,43.5938720703125,0.021619595556081242,0.005219817161560059,0.020980000495910645,0.0,0.0,0.0,1.0,0.0,0.0
particle:560:4,560,6,4,label_QCD,label_QCD,0.8899100422859192,2.6435022354125977,21.055809651503218,37.694828033447266,0.01763351943593087,0.01462697982788086,-0.009848475456237793,-1.0,1.0,0.0,0.0,0.0,0.0
particle:560:6,560,7,6,label_QCD,label_QCD,0.8899100422859192,2.6021363735198975,12.041909014272216,20.935548782348633,0.036431362012655386,-0.020948171615600586,-0.02980634570121765,-1.0,1.0,0.0,0.0,0.0,0.0
particle:560:5,560,8,5,label_QCD,label_QCD,0.8899100422859192,2.5935120582580566,13.464571227317878,24.389652252197266,0.028886879796758008,0.028764843940734863,0.002652466297149658,0.0,0.0,0.0,1.0,0.0,0.0
particle:560:9,560,9,9,label_QCD,label_QCD,0.8899100422859192,2.550657272338867,5.956056096982896,10.617164611816406,0.014046791315961843,0.009362101554870605,-0.010472029447555542,1.0,1.0,0.0,0.0,0.0,0.0
particle:560:7,560,10,7,label_QCD,label_QCD,0.8899100422859192,2.5477454662323,11.172056419736785,19.805696487426758,0.009335822760405557,0.0027725696563720703,-0.00891461968421936,1.0,1.0,0.0,0.0,0.0,0.0
particle:560:18,560,11,18,label_QCD,label_QCD,0.8899100422859192,2.5315322875976562,0.8918981009783945,1.0777467489242554,0.6151569874426783,-0.5368787050247192,-0.300298810005188,0.0,0.0,0.0,1.0,0.0,0.0
particle:560:11,560,12,11,label_QCD,label_QCD,0.8899100422859192,2.5158658027648926,3.530298036163492,6.488714694976807,0.07477884337355666,0.04592621326446533,0.05901405215263367,1.0,1.0,0.0,0.0,0.0,0.0
particle:561:0,561,1,0,label_QCD,label_QCD,0.995521068572998,4.404831886291504,379.22728000634,416.9097595214844,0.02778358009154633,0.0005729496479034424,0.027777671813964844,0.0,0.0,1.0,0.0,0.0,0.0
particle:561:1,561,2,1,label_QCD,label_QCD,0.995521068572998,3.2998528480529785,148.75523499405742,164.27545166015625,0.03724654826772725,0.011309951543807983,-0.03548789024353027,0.0,0.0,0.0,1.0,0.0,0.0
particle:561:10,561,3,10,label_QCD,label_QCD,0.995521068572998,2.90231990814209,2.984664502509128,3.3055031299591064,0.03269944339183144,0.018004953861236572,-0.027296066284179688,0.0,0.0,0.0,1.0,0.0,0.0
particle:561:2,561,4,2,label_QCD,label_QCD,0.995521068572998,2.852705955505371,23.34774879766102,25.670753479003906,0.0008588785311201638,0.0008560717105865479,-6.937980651855469e-05,0.0,0.0,0.0,1.0,0.0,0.0
particle:561:12,561,5,12,label_QCD,label_QCD,0.995521068572998,2.6135172843933105,1.4776686382374093,1.6720566749572754,0.12110726356041386,0.06586039066314697,0.10163354873657227,0.0,0.0,0.0,1.0,0.0,0.0
particle:561:5,561,6,5,label_QCD,label_QCD,0.995521068572998,2.5992140769958496,11.774042150516216,12.781904220581055,0.04742311397356439,-0.030895739793777466,-0.035977840423583984,-1.0,1.0,0.0,0.0,0.0,0.0
particle:561:4,561,7,4,label_QCD,label_QCD,0.995521068572998,2.5724196434020996,15.972931657078009,17.60120964050293,0.02007604310105648,0.00609472393989563,-0.01912856101989746,1.0,1.0,0.0,0.0,0.0,0.0
particle:561:9,561,8,9,label_QCD,label_QCD,0.995521068572998,2.5048396587371826,3.1995967403074936,3.4253275394439697,0.38579078059328964,-0.0704861581325531,0.37929701805114746,1.0,1.0,0.0,0.0,0.0,0.0
particle:561:3,561,9,3,label_QCD,label_QCD,0.995521068572998,2.4876420497894287,18.173699856198937,19.317386627197266,0.2915880549085158,-0.08867520093917847,-0.27777743339538574,0.0,0.0,1.0,0.0,0.0,0.0
particle:561:7,561,10,7,label_QCD,label_QCD,0.995521068572998,2.417865037918091,7.861110356085739,8.758003234863281,0.07233297473748883,0.0313592255115509,-0.06518173217773438,-1.0,1.0,0.0,0.0,0.0,0.0
particle:561:8,561,11,8,label_QCD,label_QCD,0.995521068572998,2.3862431049346924,3.5564412856698584,3.769197463989258,0.10940536885037118,-0.09741395711898804,0.04980015754699707,0.0,0.0,0.0,1.0,0.0,0.0
particle:561:11,561,12,11,label_QCD,label_QCD,0.995521068572998,2.3351917266845703,2.241866125333205,2.3922784328460693,0.10716969073611626,-0.08223101496696472,0.06872701644897461,1.0,1.0,0.0,0.0,0.0,0.0
particle:573:0,573,1,0,label_QCD,label_QCD,0.5800034403800964,4.232812404632568,212.50359504056243,213.88534545898438,0.06023967469076689,-0.053296782076358795,0.028076171875,0.0,0.0,1.0,0.0,0.0,0.0
particle:573:35,573,2,35,label_QCD,label_QCD,0.5800034403800964,2.903730630874634,1.011438732365003,1.0306459665298462,0.05648303170368675,0.02730575203895569,0.04944419860839844,0.0,0.0,0.0,1.0,0.0,0.0
particle:573:1,573,3,1,label_QCD,label_QCD,0.5800034403800964,2.778212785720825,45.844596139564196,46.2386589050293,0.038071044491980156,-0.03625042736530304,-0.011632323265075684,0.0,0.0,0.0,1.0,0.0,0.0
particle:573:2,573,4,2,label_QCD,label_QCD,0.5800034403800964,2.7584102153778076,42.32298157606317,42.677127838134766,0.038144320112122564,-0.038038596510887146,-0.0028380155563354492,-1.0,1.0,0.0,0.0,0.0,0.0
particle:573:23,573,5,23,label_QCD,label_QCD,0.5800034403800964,2.7458434104919434,1.8972649719647883,1.907928705215454,0.06957910389818368,-0.061296798288822174,0.03292346000671387,0.0,0.0,0.0,1.0,0.0,0.0
particle:573:15,573,6,15,label_QCD,label_QCD,0.5800034403800964,2.701348304748535,3.9783522955797594,4.049665451049805,0.03305721094120854,0.018582090735435486,0.027340173721313477,-1.0,1.0,0.0,0.0,0.0,0.0
particle:573:27,573,7,27,label_QCD,label_QCD,0.5800034403800964,2.689915657043457,1.5976304986936034,1.6407411098480225,0.6847796380892722,0.0645194947719574,-0.6817333698272705,0.0,0.0,0.0,1.0,0.0,0.0
particle:573:34,573,8,34,label_QCD,label_QCD,0.5800034403800964,2.6811025142669678,1.0657594537064266,1.066902756690979,0.13867700477052802,-0.12095648795366287,0.06782948970794678,0.0,0.0,0.0,1.0,0.0,0.0
particle:573:33,573,9,33,label_QCD,label_QCD,0.5800034403800964,2.623948097229004,1.1285926830594206,1.1335328817367554,0.1192438824765397,-0.07374080270528793,0.09370911121368408,0.0,0.0,0.0,1.0,0.0,0.0
particle:573:25,573,10,25,label_QCD,label_QCD,0.5800034403800964,2.6014657020568848,1.844095964526559,1.845422387123108,0.12937811204347133,-0.1293448805809021,-0.0029321908950805664,0.0,0.0,0.0,1.0,0.0,0.0
particle:573:17,573,11,17,label_QCD,label_QCD,0.5800034403800964,2.5586299896240234,3.8803266576149027,3.954618453979492,0.028103849510328363,0.02809920907020569,0.0005106925964355469,0.0,0.0,0.0,1.0,0.0,0.0
particle:573:5,573,12,5,label_QCD,label_QCD,0.5800034403800964,2.5555779933929443,25.851904493386673,26.05059242248535,0.04659145523620578,-0.04348636418581009,-0.016724228858947754,-1.0,1.0,0.0,0.0,0.0,0.0
particle:605:0,605,1,0,label_Zqq,label_Zqq,0.42100927233695984,4.289626598358154,366.06840785177775,496.5735778808594,0.04122533975791845,0.019142746925354004,0.03651142120361328,0.0,0.0,1.0,0.0,0.0,0.0
particle:605:1,605,2,1,label_Zqq,label_Zqq,0.42100927233695984,2.8334286212921143,60.296269529654786,82.14960479736328,0.0823061228276562,0.025579392910003662,0.07823038101196289,0.0,0.0,1.0,0.0,0.0,0.0
particle:605:37,605,3,37,label_Zqq,label_Zqq,0.42100927233695984,2.8220808506011963,2.1262694415277115,2.1443657875061035,0.716774132885362,-0.6716164350509644,-0.25039273500442505,0.0,0.0,0.0,1.0,0.0,0.0
particle:605:43,605,4,43,label_Zqq,label_Zqq,0.42100927233695984,2.8180298805236816,1.107452016532133,1.5651586055755615,0.08201337544052746,0.07846450805664062,0.0238645076751709,0.0,0.0,0.0,1.0,0.0,0.0
particle:605:44,605,5,44,label_Zqq,label_Zqq,0.42100927233695984,2.7916972637176514,1.047612099504063,1.4477689266204834,0.04749085385335343,0.04637414216995239,0.010238170623779297,0.0,0.0,0.0,1.0,0.0,0.0
particle:605:36,605,6,36,label_Zqq,label_Zqq,0.42100927233695984,2.6115775108337402,2.5521978211117378,3.8403115272521973,0.7216099330191584,0.16374582052230835,-0.7027860283851624,1.0,1.0,0.0,0.0,0.0,0.0
particle:605:2,605,7,2,label_Zqq,label_Zqq,0.42100927233695984,2.5868895053863525,45.514990324010164,61.73842239379883,0.05856557443596093,0.019069790840148926,0.0553739070892334,-1.0,1.0,0.0,0.0,0.0,0.0
particle:605:3,605,8,3,label_Zqq,label_Zqq,0.42100927233695984,2.5660462379455566,43.340577509644284,58.55584716796875,0.03265752077906606,0.01317507028579712,0.029881954193115234,-1.0,1.0,0.0,0.0,0.0,0.0
particle:605:29,605,9,29,label_Zqq,label_Zqq,0.42100927233695984,2.519412040710449,3.8236799495143647,5.394680023193359,0.3098778196140673,0.07602095603942871,-0.30040818452835083,0.0,0.0,1.0,0.0,0.0,0.0
particle:605:38,605,10,38,label_Zqq,label_Zqq,0.42100927233695984,2.4746623039245605,2.117516221051574,2.400160074234009,0.6416685905270993,-0.3387213349342346,-0.5449829697608948,1.0,1.0,0.0,0.0,0.0,0.0
particle:605:6,605,11,6,label_Zqq,label_Zqq,0.42100927233695984,2.416200637817383,22.79153313175869,30.89949607849121,0.0415389042135929,0.018297672271728516,0.037291765213012695,-1.0,1.0,0.0,0.0,0.0,0.0
particle:605:30,605,12,30,label_Zqq,label_Zqq,0.42100927233695984,2.4155073165893555,3.669139515434723,5.08021879196167,0.04223451224856497,0.04222780466079712,0.0007526874542236328,1.0,1.0,0.0,0.0,0.0,0.0
