src,dst,type,gate_abs_grad,patch_acc_drop,super_max_particle_score,conf,rank,super_score,score,pt,deltaR
run:all_head_supertrace:v1:latest,head:L1_ch112:128,run_has_head,0.842360487754923,0.0,,,,,,,
run:all_head_supertrace:v1:latest,head:L1_ch16:32,run_has_head,0.7222795635927468,0.0,,,,,,,
run:all_head_supertrace:v1:latest,head:L0_ch40:48,run_has_head,0.7015100818593057,0.0,,,,,,,
run:all_head_supertrace:v1:latest,head:L2_ch224:256,run_has_head,0.7008995685493572,0.0,,,,,,,
run:all_head_supertrace:v1:latest,head:L0_ch48:56,run_has_head,0.3678499299974644,0.0,,,,,,,
run:all_head_supertrace:v1:latest,head:L0_ch8:16,run_has_head,0.3510980424529408,0.0,,,,,,,
run:all_head_supertrace:v1:latest,head:L2_ch128:160,run_has_head,0.33572994011483376,0.0,,,,,,,
run:all_head_supertrace:v1:latest,head:L2_ch64:96,run_has_head,0.30327312572626386,0.0,,,,,,,
run:all_head_supertrace:v1:latest,head:L2_ch0:32,run_has_head,0.26459686089656287,0.0,,,,,,,
run:all_head_supertrace:v1:latest,head:L0_ch0:8,run_has_head,0.23233211163897055,0.0,,,,,,,
run:all_head_supertrace:v1:latest,head:L0_ch24:32,run_has_head,0.20744608193635947,0.0,,,,,,,
run:all_head_supertrace:v1:latest,head:L1_ch32:48,run_has_head,0.2018274284899235,0.0,,,,,,,
run:all_head_supertrace:v1:latest,head:L1_ch64:80,run_has_head,0.1816164058574942,0.0,,,,,,,
run:all_head_supertrace:v1:latest,head:L1_ch80:96,run_has_head,0.17995988826151005,0.0,,,,,,,
run:all_head_supertrace:v1:latest,head:L1_ch48:64,run_has_head,0.12967404892551718,0.0,,,,,,,
run:all_head_supertrace:v1:latest,head:L0_ch32:40,run_has_head,0.11959622660651806,0.0,,,,,,,
run:all_head_supertrace:v1:latest,head:L2_ch32:64,run_has_head,0.11884338601666963,0.0,,,,,,,
run:all_head_supertrace:v1:latest,head:L0_ch16:24,run_has_head,0.09451773613691325,0.0,,,,,,,
run:all_head_supertrace:v1:latest,head:L2_ch96:128,run_has_head,0.06515656897536254,0.0,,,,,,,
run:all_head_supertrace:v1:latest,head:L2_ch160:192,run_has_head,0.04161268815732912,0.0,,,,,,,
run:all_head_supertrace:v1:latest,head:L2_ch192:224,run_has_head,0.03686943532957232,0.0,,,,,,,
run:all_head_supertrace:v1:latest,head:L1_ch0:16,run_has_head,0.014403495768783602,0.0,,,,,,,
run:all_head_supertrace:v1:latest,head:L1_ch96:112,run_has_head,0.007337797875516184,0.0,,,,,,,
run:all_head_supertrace:v1:latest,head:L0_ch56:64,run_has_head,0.0063727427099365686,0.0,,,,,,,
run:all_head_supertrace:v1:latest,event:1810,run_has_event,,,5.010021209716797,,,,,,
event:1810,class:label_Hqql,event_predicted_as,,,,0.9593855142593384,,,,,
run:all_head_supertrace:v1:latest,event:1746,run_has_event,,,4.985466480255127,,,,,,
event:1746,class:label_Hqql,event_predicted_as,,,,0.9999245405197144,,,,,
run:all_head_supertrace:v1:latest,event:1922,run_has_event,,,4.974564552307129,,,,,,
event:1922,class:label_Hqql,event_predicted_as,,,,0.9996488094329834,,,,,
run:all_head_supertrace:v1:latest,event:1941,run_has_event,,,4.965881824493408,,,,,,
event:1941,class:label_Hqql,event_predicted_as,,,,0.99908447265625,,,,,
run:all_head_supertrace:v1:latest,event:1989,run_has_event,,,4.944884300231934,,,,,,
event:1989,class:label_Hqql,event_predicted_as,,,,0.9992823004722595,,,,,
run:all_head_supertrace:v1:latest,event:1839,run_has_event,,,4.910768508911133,,,,,,
event:1839,class:label_Hqql,event_predicted_as,,,,0.9998637437820435,,,,,
run:all_head_supertrace:v1:latest,event:1656,run_has_event,,,4.899553298950195,,,,,,
event:1656,class:label_Hqql,event_predicted_as,,,,0.9937615990638733,,,,,
run:all_head_supertrace:v1:latest,event:1793,run_has_event,,,4.89277982711792,,,,,,
event:1793,class:label_Hqql,event_predicted_as,,,,0.9999934434890747,,,,,
run:all_head_supertrace:v1:latest,event:1794,run_has_event,,,4.857330322265625,,,,,,
event:1794,class:label_Hqql,event_predicted_as,,,,0.9999957084655762,,,,,
run:all_head_supertrace:v1:latest,event:1950,run_has_event,,,4.844897270202637,,,,,,
event:1950,class:label_Hqql,event_predicted_as,,,,0.9999655485153198,,,,,
run:all_head_supertrace:v1:latest,event:1673,run_has_event,,,4.8400959968566895,,,,,,
event:1673,class:label_Hqql,event_predicted_as,,,,0.9979046583175659,,,,,
run:all_head_supertrace:v1:latest,event:1653,run_has_event,,,4.839760780334473,,,,,,
event:1653,class:label_Hqql,event_predicted_as,,,,0.9972719550132751,,,,,
run:all_head_supertrace:v1:latest,event:1561,run_has_event,,,4.838169097900391,,,,,,
event:1561,class:label_Hqql,event_predicted_as,,,,0.9995713829994202,,,,,
run:all_head_supertrace:v1:latest,event:2561,run_has_event,,,4.79708194732666,,,,,,
event:2561,class:label_Tbl,event_predicted_as,,,,0.9999911785125732,,,,,
run:all_head_supertrace:v1:latest,event:1734,run_has_event,,,4.791771411895752,,,,,,
event:1734,class:label_Hqql,event_predicted_as,,,,0.9995831847190857,,,,,
run:all_head_supertrace:v1:latest,event:1721,run_has_event,,,4.77075719833374,,,,,,
event:1721,class:label_Hqql,event_predicted_as,,,,0.9530163407325745,,,,,
run:all_head_supertrace:v1:latest,event:1777,run_has_event,,,4.770000457763672,,,,,,
event:1777,class:label_Hqql,event_predicted_as,,,,0.970779299736023,,,,,
run:all_head_supertrace:v1:latest,event:1992,run_has_event,,,4.761325359344482,,,,,,
event:1992,class:label_Hqql,event_predicted_as,,,,0.999998927116394,,,,,
run:all_head_supertrace:v1:latest,event:1961,run_has_event,,,4.7613043785095215,,,,,,
event:1961,class:label_Hqql,event_predicted_as,,,,0.9984768033027649,,,,,
run:all_head_supertrace:v1:latest,event:2735,run_has_event,,,4.7557759284973145,,,,,,
event:2735,class:label_Tbl,event_predicted_as,,,,0.9999303817749023,,,,,
run:all_head_supertrace:v1:latest,event:1825,run_has_event,,,4.755005359649658,,,,,,
event:1825,class:label_Tbl,event_predicted_as,,,,0.6459043025970459,,,,,
run:all_head_supertrace:v1:latest,event:2016,run_has_event,,,4.751091480255127,,,,,,
event:2016,class:label_Hqql,event_predicted_as,,,,0.9999440908432007,,,,,
run:all_head_supertrace:v1:latest,event:1631,run_has_event,,,4.749844074249268,,,,,,
event:1631,class:label_Hqql,event_predicted_as,,,,0.9997943043708801,,,,,
run:all_head_supertrace:v1:latest,event:1677,run_has_event,,,4.7425127029418945,,,,,,
event:1677,class:label_Hqql,event_predicted_as,,,,0.9999573230743408,,,,,
run:all_head_supertrace:v1:latest,event:1705,run_has_event,,,4.739664077758789,,,,,,
event:1705,class:label_Hqql,event_predicted_as,,,,0.9911550283432007,,,,,
run:all_head_supertrace:v1:latest,event:1845,run_has_event,,,4.737367153167725,,,,,,
event:1845,class:label_Hqql,event_predicted_as,,,,0.9977391958236694,,,,,
run:all_head_supertrace:v1:latest,event:1577,run_has_event,,,4.736693859100342,,,,,,
event:1577,class:label_Hqql,event_predicted_as,,,,0.9980555772781372,,,,,
run:all_head_supertrace:v1:latest,event:1722,run_has_event,,,4.730295658111572,,,,,,
event:1722,class:label_Hqql,event_predicted_as,,,,0.9999850988388062,,,,,
run:all_head_supertrace:v1:latest,event:1565,run_has_event,,,4.728625297546387,,,,,,
event:1565,class:label_Hqql,event_predicted_as,,,,0.9999512434005737,,,,,
run:all_head_supertrace:v1:latest,event:1995,run_has_event,,,4.72459077835083,,,,,,
event:1995,class:label_Hqql,event_predicted_as,,,,0.9921171069145203,,,,,
run:all_head_supertrace:v1:latest,event:1689,run_has_event,,,4.718921661376953,,,,,,
event:1689,class:label_Hqql,event_predicted_as,,,,0.9999858140945435,,,,,
run:all_head_supertrace:v1:latest,event:4743,run_has_event,,,4.701809406280518,,,,,,
event:4743,class:label_QCD,event_predicted_as,,,,0.5009703636169434,,,,,
run:all_head_supertrace:v1:latest,event:1563,run_has_event,,,4.698948860168457,,,,,,
event:1563,class:label_Hqql,event_predicted_as,,,,0.9999996423721313,,,,,
run:all_head_supertrace:v1:latest,event:1660,run_has_event,,,4.6985297203063965,,,,,,
event:1660,class:label_Hqql,event_predicted_as,,,,0.99868243932724,,,,,
run:all_head_supertrace:v1:latest,event:2013,run_has_event,,,4.696567535400391,,,,,,
event:2013,class:label_Hqql,event_predicted_as,,,,0.9982951283454895,,,,,
run:all_head_supertrace:v1:latest,event:2878,run_has_event,,,4.69407844543457,,,,,,
event:2878,class:label_Tbl,event_predicted_as,,,,0.9999618530273438,,,,,
run:all_head_supertrace:v1:latest,event:1552,run_has_event,,,4.690550804138184,,,,,,
event:1552,class:label_Hqql,event_predicted_as,,,,0.9504872560501099,,,,,
run:all_head_supertrace:v1:latest,event:2033,run_has_event,,,4.680784225463867,,,,,,
event:2033,class:label_Hqql,event_predicted_as,,,,0.9988184571266174,,,,,
run:all_head_supertrace:v1:latest,event:2980,run_has_event,,,4.677016735076904,,,,,,
event:2980,class:label_Tbl,event_predicted_as,,,,0.9999974966049194,,,,,
run:all_head_supertrace:v1:latest,event:1942,run_has_event,,,4.671593189239502,,,,,,
event:1942,class:label_Hqql,event_predicted_as,,,,0.9995436072349548,,,,,
run:all_head_supertrace:v1:latest,event:2863,run_has_event,,,4.6707868576049805,,,,,,
event:2863,class:label_Hqql,event_predicted_as,,,,0.9117431044578552,,,,,
run:all_head_supertrace:v1:latest,event:1578,run_has_event,,,4.664638042449951,,,,,,
event:1578,class:label_Hqql,event_predicted_as,,,,0.9612221717834473,,,,,
run:all_head_supertrace:v1:latest,event:1948,run_has_event,,,4.663012981414795,,,,,,
event:1948,class:label_Hqql,event_predicted_as,,,,0.9995546936988831,,,,,
run:all_head_supertrace:v1:latest,event:1884,run_has_event,,,4.657381057739258,,,,,,
event:1884,class:label_Hqql,event_predicted_as,,,,0.9989284873008728,,,,,
run:all_head_supertrace:v1:latest,event:2755,run_has_event,,,4.656994819641113,,,,,,
event:2755,class:label_Tbl,event_predicted_as,,,,0.9986506104469299,,,,,
run:all_head_supertrace:v1:latest,event:1796,run_has_event,,,4.655887126922607,,,,,,
event:1796,class:label_Hqql,event_predicted_as,,,,0.9999923706054688,,,,,
run:all_head_supertrace:v1:latest,event:1971,run_has_event,,,4.654879570007324,,,,,,
event:1971,class:label_Hqql,event_predicted_as,,,,0.9999624490737915,,,,,
run:all_head_supertrace:v1:latest,event:2571,run_has_event,,,4.646711349487305,,,,,,
event:2571,class:label_Tbl,event_predicted_as,,,,0.9998583793640137,,,,,
run:all_head_supertrace:v1:latest,event:1736,run_has_event,,,4.64564847946167,,,,,,
event:1736,class:label_Hqql,event_predicted_as,,,,0.8952941298484802,,,,,
run:all_head_supertrace:v1:latest,event:1542,run_has_event,,,4.64503812789917,,,,,,
event:1542,class:label_Hqql,event_predicted_as,,,,0.9999284744262695,,,,,
run:all_head_supertrace:v1:latest,event:1840,run_has_event,,,4.632962226867676,,,,,,
event:1840,class:label_Hqql,event_predicted_as,,,,0.9737626910209656,,,,,
run:all_head_supertrace:v1:latest,event:1640,run_has_event,,,4.622717380523682,,,,,,
event:1640,class:label_Hqql,event_predicted_as,,,,0.9944373369216919,,,,,
run:all_head_supertrace:v1:latest,event:1639,run_has_event,,,4.618908405303955,,,,,,
event:1639,class:label_Hqql,event_predicted_as,,,,0.9998352527618408,,,,,
run:all_head_supertrace:v1:latest,event:2604,run_has_event,,,4.618261814117432,,,,,,
event:2604,class:label_Tbl,event_predicted_as,,,,0.9999998807907104,,,,,
run:all_head_supertrace:v1:latest,event:1972,run_has_event,,,4.617560863494873,,,,,,
event:1972,class:label_Hqql,event_predicted_as,,,,0.9999412298202515,,,,,
run:all_head_supertrace:v1:latest,event:1962,run_has_event,,,4.613985061645508,,,,,,
event:1962,class:label_Hqql,event_predicted_as,,,,0.9999794960021973,,,,,
run:all_head_supertrace:v1:latest,event:1696,run_has_event,,,4.612433433532715,,,,,,
event:1696,class:label_Hqql,event_predicted_as,,,,0.7864164710044861,,,,,
run:all_head_supertrace:v1:latest,event:2955,run_has_event,,,4.610157012939453,,,,,,
event:2955,class:label_Hqql,event_predicted_as,,,,0.7118341326713562,,,,,
run:all_head_supertrace:v1:latest,event:1735,run_has_event,,,4.6080780029296875,,,,,,
event:1735,class:label_Hqql,event_predicted_as,,,,0.9999159574508667,,,,,
run:all_head_supertrace:v1:latest,event:2714,run_has_event,,,4.607884407043457,,,,,,
event:2714,class:label_Tbl,event_predicted_as,,,,0.6718581914901733,,,,,
run:all_head_supertrace:v1:latest,event:1920,run_has_event,,,4.602072238922119,,,,,,
event:1920,class:label_Hqql,event_predicted_as,,,,0.5879793763160706,,,,,
run:all_head_supertrace:v1:latest,event:1558,run_has_event,,,4.601725101470947,,,,,,
event:1558,class:label_Hqql,event_predicted_as,,,,0.9992827773094177,,,,,
run:all_head_supertrace:v1:latest,event:2005,run_has_event,,,4.60105037689209,,,,,,
event:2005,class:label_Hqql,event_predicted_as,,,,0.9998433589935303,,,,,
run:all_head_supertrace:v1:latest,event:1919,run_has_event,,,4.595426082611084,,,,,,
event:1919,class:label_Hqql,event_predicted_as,,,,0.9915176033973694,,,,,
run:all_head_supertrace:v1:latest,event:1931,run_has_event,,,4.593645095825195,,,,,,
event:1931,class:label_Hqql,event_predicted_as,,,,0.9983453750610352,,,,,
run:all_head_supertrace:v1:latest,event:1557,run_has_event,,,4.593549728393555,,,,,,
event:1557,class:label_Hqql,event_predicted_as,,,,0.9942646622657776,,,,,
run:all_head_supertrace:v1:latest,event:1711,run_has_event,,,4.5878119468688965,,,,,,
event:1711,class:label_Hqql,event_predicted_as,,,,0.8783115744590759,,,,,
run:all_head_supertrace:v1:latest,event:1694,run_has_event,,,4.58475399017334,,,,,,
event:1694,class:label_Hqql,event_predicted_as,,,,0.9999943971633911,,,,,
run:all_head_supertrace:v1:latest,event:1720,run_has_event,,,4.580852031707764,,,,,,
event:1720,class:label_Hqql,event_predicted_as,,,,0.9985945820808411,,,,,
run:all_head_supertrace:v1:latest,event:1586,run_has_event,,,4.579733848571777,,,,,,
event:1586,class:label_Hqql,event_predicted_as,,,,0.9729625582695007,,,,,
run:all_head_supertrace:v1:latest,event:2950,run_has_event,,,4.571460247039795,,,,,,
event:2950,class:label_Tbl,event_predicted_as,,,,0.9999986886978149,,,,,
run:all_head_supertrace:v1:latest,event:1795,run_has_event,,,4.568746566772461,,,,,,
event:1795,class:label_Hqql,event_predicted_as,,,,0.9995600581169128,,,,,
run:all_head_supertrace:v1:latest,event:2709,run_has_event,,,4.56200647354126,,,,,,
event:2709,class:label_Tbl,event_predicted_as,,,,0.9517401456832886,,,,,
run:all_head_supertrace:v1:latest,event:2843,run_has_event,,,4.559811115264893,,,,,,
event:2843,class:label_Tbl,event_predicted_as,,,,0.9998412132263184,,,,,
run:all_head_supertrace:v1:latest,event:4683,run_has_event,,,4.559418678283691,,,,,,
event:4683,class:label_Wqq,event_predicted_as,,,,0.7200135588645935,,,,,
run:all_head_supertrace:v1:latest,event:1630,run_has_event,,,4.558600902557373,,,,,,
event:1630,class:label_Hqql,event_predicted_as,,,,0.9355071187019348,,,,,
run:all_head_supertrace:v1:latest,event:1898,run_has_event,,,4.556637287139893,,,,,,
event:1898,class:label_Hqql,event_predicted_as,,,,0.9999589920043945,,,,,
run:all_head_supertrace:v1:latest,event:1622,run_has_event,,,4.55602502822876,,,,,,
event:1622,class:label_Hqql,event_predicted_as,,,,0.9999631643295288,,,,,
run:all_head_supertrace:v1:latest,event:2006,run_has_event,,,4.554699420928955,,,,,,
event:2006,class:label_Hqql,event_predicted_as,,,,0.9999605417251587,,,,,
run:all_head_supertrace:v1:latest,event:2819,run_has_event,,,4.553473949432373,,,,,,
event:2819,class:label_Tbl,event_predicted_as,,,,0.9918135404586792,,,,,
run:all_head_supertrace:v1:latest,event:2988,run_has_event,,,4.552897930145264,,,,,,
event:2988,class:label_Tbl,event_predicted_as,,,,0.9999852180480957,,,,,
run:all_head_supertrace:v1:latest,event:1643,run_has_event,,,4.552048206329346,,,,,,
event:1643,class:label_Hqql,event_predicted_as,,,,0.9999796152114868,,,,,
run:all_head_supertrace:v1:latest,event:2007,run_has_event,,,4.551125526428223,,,,,,
event:2007,class:label_Hqql,event_predicted_as,,,,0.9105942249298096,,,,,
run:all_head_supertrace:v1:latest,event:970,run_has_event,,,4.543208122253418,,,,,,
event:970,class:label_Hgg,event_predicted_as,,,,0.48304483294487,,,,,
run:all_head_supertrace:v1:latest,event:2773,run_has_event,,,4.542992115020752,,,,,,
event:2773,class:label_Tbl,event_predicted_as,,,,0.9999953508377075,,,,,
run:all_head_supertrace:v1:latest,event:1787,run_has_event,,,4.541762351989746,,,,,,
event:1787,class:label_Hqql,event_predicted_as,,,,0.9996482133865356,,,,,
run:all_head_supertrace:v1:latest,event:2636,run_has_event,,,4.538355350494385,,,,,,
event:2636,class:label_Tbl,event_predicted_as,,,,0.9999035596847534,,,,,
run:all_head_supertrace:v1:latest,event:1967,run_has_event,,,4.537710189819336,,,,,,
event:1967,class:label_Hqql,event_predicted_as,,,,0.9972802400588989,,,,,
run:all_head_supertrace:v1:latest,event:2690,run_has_event,,,4.536827087402344,,,,,,
event:2690,class:label_Tbl,event_predicted_as,,,,1.0,,,,,
run:all_head_supertrace:v1:latest,event:1843,run_has_event,,,4.536590099334717,,,,,,
event:1843,class:label_Hqql,event_predicted_as,,,,0.9925054907798767,,,,,
run:all_head_supertrace:v1:latest,event:1928,run_has_event,,,4.53439474105835,,,,,,
event:1928,class:label_Hqql,event_predicted_as,,,,0.9991876482963562,,,,,
run:all_head_supertrace:v1:latest,event:3013,run_has_event,,,4.528834342956543,,,,,,
event:3013,class:label_Tbl,event_predicted_as,,,,0.9999998807907104,,,,,
run:all_head_supertrace:v1:latest,event:2956,run_has_event,,,4.528709411621094,,,,,,
event:2956,class:label_Tbl,event_predicted_as,,,,0.9995269775390625,,,,,
run:all_head_supertrace:v1:latest,event:1625,run_has_event,,,4.528468132019043,,,,,,
event:1625,class:label_Hqql,event_predicted_as,,,,0.9999897480010986,,,,,
run:all_head_supertrace:v1:latest,event:1671,run_has_event,,,4.527952194213867,,,,,,
event:1671,class:label_Hqql,event_predicted_as,,,,0.9640886783599854,,,,,
run:all_head_supertrace:v1:latest,event:2766,run_has_event,,,4.526415824890137,,,,,,
event:2766,class:label_Tbl,event_predicted_as,,,,0.9998478889465332,,,,,
run:all_head_supertrace:v1:latest,event:3014,run_has_event,,,4.526010036468506,,,,,,
event:3014,class:label_Tbl,event_predicted_as,,,,0.9999821186065674,,,,,
run:all_head_supertrace:v1:latest,event:2765,run_has_event,,,4.525152206420898,,,,,,
event:2765,class:label_Tbl,event_predicted_as,,,,0.9999517202377319,,,,,
run:all_head_supertrace:v1:latest,event:2776,run_has_event,,,4.5244011878967285,,,,,,
event:2776,class:label_Tbl,event_predicted_as,,,,0.9999932050704956,,,,,
run:all_head_supertrace:v1:latest,event:3846,run_has_event,,,4.524371147155762,,,,,,
event:3846,class:label_Zqq,event_predicted_as,,,,0.35968777537345886,,,,,
run:all_head_supertrace:v1:latest,event:2574,run_has_event,,,4.523761749267578,,,,,,
event:2574,class:label_Tbl,event_predicted_as,,,,0.999996542930603,,,,,
run:all_head_supertrace:v1:latest,event:1886,run_has_event,,,4.523018836975098,,,,,,
event:1886,class:label_Hqql,event_predicted_as,,,,0.9967204928398132,,,,,
run:all_head_supertrace:v1:latest,event:2756,run_has_event,,,4.521407127380371,,,,,,
event:2756,class:label_Hqql,event_predicted_as,,,,0.9812347292900085,,,,,
run:all_head_supertrace:v1:latest,event:2789,run_has_event,,,4.516295909881592,,,,,,
event:2789,class:label_Tbl,event_predicted_as,,,,0.9999442100524902,,,,,
run:all_head_supertrace:v1:latest,event:1745,run_has_event,,,4.516279697418213,,,,,,
event:1745,class:label_Hqql,event_predicted_as,,,,0.9980839490890503,,,,,
run:all_head_supertrace:v1:latest,event:1984,run_has_event,,,4.510969638824463,,,,,,
event:1984,class:label_Hqql,event_predicted_as,,,,0.999212384223938,,,,,
run:all_head_supertrace:v1:latest,event:3065,run_has_event,,,4.507030963897705,,,,,,
event:3065,class:label_Tbl,event_predicted_as,,,,0.9930645823478699,,,,,
run:all_head_supertrace:v1:latest,event:1642,run_has_event,,,4.504658222198486,,,,,,
event:1642,class:label_Hqql,event_predicted_as,,,,0.9999706745147705,,,,,
run:all_head_supertrace:v1:latest,event:1588,run_has_event,,,4.504105567932129,,,,,,
event:1588,class:label_Hqql,event_predicted_as,,,,0.8620741963386536,,,,,
run:all_head_supertrace:v1:latest,event:1876,run_has_event,,,4.502246856689453,,,,,,
event:1876,class:label_Hqql,event_predicted_as,,,,0.9999563694000244,,,,,
run:all_head_supertrace:v1:latest,event:2001,run_has_event,,,4.49832820892334,,,,,,
event:2001,class:label_Hqql,event_predicted_as,,,,0.9997944235801697,,,,,
run:all_head_supertrace:v1:latest,event:1911,run_has_event,,,4.494836330413818,,,,,,
event:1911,class:label_Hqql,event_predicted_as,,,,0.9794537425041199,,,,,
run:all_head_supertrace:v1:latest,event:3930,run_has_event,,,4.492371082305908,,,,,,
event:3930,class:label_Zqq,event_predicted_as,,,,0.39337775111198425,,,,,
run:all_head_supertrace:v1:latest,event:1846,run_has_event,,,4.491070747375488,,,,,,
event:1846,class:label_Tbl,event_predicted_as,,,,0.9740511178970337,,,,,
run:all_head_supertrace:v1:latest,event:2772,run_has_event,,,4.488682746887207,,,,,,
event:2772,class:label_Tbl,event_predicted_as,,,,0.9999988079071045,,,,,
run:all_head_supertrace:v1:latest,event:1614,run_has_event,,,4.488432884216309,,,,,,
event:1614,class:label_Hqql,event_predicted_as,,,,0.9993769526481628,,,,,
run:all_head_supertrace:v1:latest,event:1623,run_has_event,,,4.487565994262695,,,,,,
event:1623,class:label_Hqql,event_predicted_as,,,,0.999995231628418,,,,,
run:all_head_supertrace:v1:latest,event:2685,run_has_event,,,4.484179973602295,,,,,,
event:2685,class:label_Tbl,event_predicted_as,,,,0.999948263168335,,,,,
run:all_head_supertrace:v1:latest,event:3009,run_has_event,,,4.481669902801514,,,,,,
event:3009,class:label_Tbl,event_predicted_as,,,,0.9999676942825317,,,,,
run:all_head_supertrace:v1:latest,event:2567,run_has_event,,,4.48056697845459,,,,,,
event:2567,class:label_Tbl,event_predicted_as,,,,1.0,,,,,
event:970,particle:970:0,event_has_top_particle,,,,,1,4.543208122253418,,,
event:970,particle:970:1,event_has_top_particle,,,,,2,3.748382568359375,,,
event:970,particle:970:51,event_has_top_particle,,,,,3,3.1487269401550293,,,
event:970,particle:970:53,event_has_top_particle,,,,,4,3.1000823974609375,,,
event:970,particle:970:9,event_has_top_particle,,,,,5,3.066671133041382,,,
event:970,particle:970:46,event_has_top_particle,,,,,6,2.904271125793457,,,
event:970,particle:970:39,event_has_top_particle,,,,,7,2.898740291595459,,,
event:970,particle:970:23,event_has_top_particle,,,,,8,2.8616209030151367,,,
event:970,particle:970:48,event_has_top_particle,,,,,9,2.8596785068511963,,,
event:970,particle:970:56,event_has_top_particle,,,,,10,2.834543228149414,,,
event:970,particle:970:5,event_has_top_particle,,,,,11,2.797293186187744,,,
event:970,particle:970:55,event_has_top_particle,,,,,12,2.791551113128662,,,
event:970,particle:970:11,event_has_top_particle,,,,,13,2.785769462585449,,,
event:970,particle:970:63,event_has_top_particle,,,,,14,2.784238576889038,,,
event:970,particle:970:58,event_has_top_particle,,,,,15,2.765620470046997,,,
event:970,particle:970:18,event_has_top_particle,,,,,16,2.7556815147399902,,,
event:1542,particle:1542:0,event_has_top_particle,,,,,1,4.64503812789917,,,
event:1542,particle:1542:15,event_has_top_particle,,,,,2,2.732006072998047,,,
event:1542,particle:1542:13,event_has_top_particle,,,,,3,2.5476229190826416,,,
event:1542,particle:1542:5,event_has_top_particle,,,,,4,2.44606876373291,,,
event:1542,particle:1542:25,event_has_top_particle,,,,,5,2.4383933544158936,,,
event:1542,particle:1542:19,event_has_top_particle,,,,,6,2.4380805492401123,,,
event:1542,particle:1542:2,event_has_top_particle,,,,,7,2.4212703704833984,,,
event:1542,particle:1542:1,event_has_top_particle,,,,,8,2.353179931640625,,,
event:1542,particle:1542:17,event_has_top_particle,,,,,9,2.3482625484466553,,,
event:1542,particle:1542:18,event_has_top_particle,,,,,10,2.2941060066223145,,,
event:1542,particle:1542:24,event_has_top_particle,,,,,11,2.2838258743286133,,,
event:1542,particle:1542:3,event_has_top_particle,,,,,12,2.2692298889160156,,,
event:1542,particle:1542:21,event_has_top_particle,,,,,13,2.2668066024780273,,,
event:1542,particle:1542:9,event_has_top_particle,,,,,14,2.2068779468536377,,,
event:1542,particle:1542:23,event_has_top_particle,,,,,15,2.1755623817443848,,,
event:1542,particle:1542:8,event_has_top_particle,,,,,16,2.0987486839294434,,,
event:1552,particle:1552:0,event_has_top_particle,,,,,1,4.690550804138184,,,
event:1552,particle:1552:21,event_has_top_particle,,,,,2,2.6956419944763184,,,
event:1552,particle:1552:20,event_has_top_particle,,,,,3,2.5406603813171387,,,
event:1552,particle:1552:18,event_has_top_particle,,,,,4,2.493656873703003,,,
event:1552,particle:1552:22,event_has_top_particle,,,,,5,2.4267778396606445,,,
event:1552,particle:1552:10,event_has_top_particle,,,,,6,2.3609044551849365,,,
event:1552,particle:1552:19,event_has_top_particle,,,,,7,2.130054235458374,,,
event:1552,particle:1552:16,event_has_top_particle,,,,,8,2.0742228031158447,,,
event:1552,particle:1552:15,event_has_top_particle,,,,,9,2.0643718242645264,,,
event:1552,particle:1552:14,event_has_top_particle,,,,,10,2.04300594329834,,,
event:1552,particle:1552:13,event_has_top_particle,,,,,11,2.027682304382324,,,
event:1552,particle:1552:3,event_has_top_particle,,,,,12,2.023257255554199,,,
event:1552,particle:1552:7,event_has_top_particle,,,,,13,2.0208652019500732,,,
event:1552,particle:1552:9,event_has_top_particle,,,,,14,2.0119235515594482,,,
event:1552,particle:1552:12,event_has_top_particle,,,,,15,2.0023622512817383,,,
event:1552,particle:1552:6,event_has_top_particle,,,,,16,1.9865407943725586,,,
event:1557,particle:1557:0,event_has_top_particle,,,,,1,4.593549728393555,,,
event:1557,particle:1557:1,event_has_top_particle,,,,,2,3.09359073638916,,,
event:1557,particle:1557:8,event_has_top_particle,,,,,3,3.085160732269287,,,
event:1557,particle:1557:2,event_has_top_particle,,,,,4,2.715925931930542,,,
event:1557,particle:1557:3,event_has_top_particle,,,,,5,2.68411922454834,,,
event:1557,particle:1557:13,event_has_top_particle,,,,,6,2.5949575901031494,,,
event:1557,particle:1557:4,event_has_top_particle,,,,,7,2.572549819946289,,,
event:1557,particle:1557:5,event_has_top_particle,,,,,8,2.5631604194641113,,,
event:1557,particle:1557:14,event_has_top_particle,,,,,9,2.5257856845855713,,,
event:1557,particle:1557:7,event_has_top_particle,,,,,10,2.494342565536499,,,
event:1557,particle:1557:6,event_has_top_particle,,,,,11,2.4614803791046143,,,
event:1557,particle:1557:12,event_has_top_particle,,,,,12,2.4276020526885986,,,
event:1557,particle:1557:10,event_has_top_particle,,,,,13,2.421212673187256,,,
event:1557,particle:1557:9,event_has_top_particle,,,,,14,2.3863141536712646,,,
event:1557,particle:1557:11,event_has_top_particle,,,,,15,2.283750057220459,,,
event:1558,particle:1558:0,event_has_top_particle,,,,,1,4.601725101470947,,,
event:1558,particle:1558:1,event_has_top_particle,,,,,2,2.7614693641662598,,,
event:1558,particle:1558:13,event_has_top_particle,,,,,3,2.607792377471924,,,
event:1558,particle:1558:7,event_has_top_particle,,,,,4,2.511500597000122,,,
event:1558,particle:1558:10,event_has_top_particle,,,,,5,2.3874173164367676,,,
event:1558,particle:1558:17,event_has_top_particle,,,,,6,2.3642661571502686,,,
event:1558,particle:1558:8,event_has_top_particle,,,,,7,2.185267448425293,,,
event:1558,particle:1558:14,event_has_top_particle,,,,,8,2.060028314590454,,,
event:1558,particle:1558:16,event_has_top_particle,,,,,9,2.0485806465148926,,,
event:1558,particle:1558:9,event_has_top_particle,,,,,10,2.025702476501465,,,
event:1558,particle:1558:11,event_has_top_particle,,,,,11,2.021817922592163,,,
event:1558,particle:1558:15,event_has_top_particle,,,,,12,2.0054638385772705,,,
event:1558,particle:1558:3,event_has_top_particle,,,,,13,1.9929592609405518,,,
event:1558,particle:1558:12,event_has_top_particle,,,,,14,1.8708597421646118,,,
event:1558,particle:1558:6,event_has_top_particle,,,,,15,1.8370023965835571,,,
event:1558,particle:1558:2,event_has_top_particle,,,,,16,1.8362247943878174,,,
event:1561,particle:1561:0,event_has_top_particle,,,,,1,4.838169097900391,,,
event:1561,particle:1561:2,event_has_top_particle,,,,,2,2.7905590534210205,,,
event:1561,particle:1561:9,event_has_top_particle,,,,,3,2.7545759677886963,,,
event:1561,particle:1561:1,event_has_top_particle,,,,,4,2.5526795387268066,,,
event:1561,particle:1561:14,event_has_top_particle,,,,,5,2.550604820251465,,,
event:1561,particle:1561:26,event_has_top_particle,,,,,6,2.550010919570923,,,
event:1561,particle:1561:31,event_has_top_particle,,,,,7,2.5424370765686035,,,
event:1561,particle:1561:29,event_has_top_particle,,,,,8,2.504260301589966,,,
event:1561,particle:1561:8,event_has_top_particle,,,,,9,2.4897873401641846,,,
event:1561,particle:1561:3,event_has_top_particle,,,,,10,2.401792526245117,,,
event:1561,particle:1561:22,event_has_top_particle,,,,,11,2.3339481353759766,,,
event:1561,particle:1561:32,event_has_top_particle,,,,,12,2.258528709411621,,,
event:1561,particle:1561:23,event_has_top_particle,,,,,13,2.2515597343444824,,,
event:1561,particle:1561:5,event_has_top_particle,,,,,14,2.2035129070281982,,,
event:1561,particle:1561:10,event_has_top_particle,,,,,15,2.18571138381958,,,
event:1561,particle:1561:28,event_has_top_particle,,,,,16,2.169435739517212,,,
event:1563,particle:1563:0,event_has_top_particle,,,,,1,4.698948860168457,,,
event:1563,particle:1563:1,event_has_top_particle,,,,,2,2.729180097579956,,,
event:1563,particle:1563:10,event_has_top_particle,,,,,3,2.5691795349121094,,,
event:1563,particle:1563:9,event_has_top_particle,,,,,4,2.5106828212738037,,,
event:1563,particle:1563:7,event_has_top_particle,,,,,5,2.501330614089966,,,
event:1563,particle:1563:5,event_has_top_particle,,,,,6,2.453516960144043,,,
event:1563,particle:1563:6,event_has_top_particle,,,,,7,2.4390618801116943,,,
event:1563,particle:1563:12,event_has_top_particle,,,,,8,2.4297103881835938,,,
event:1563,particle:1563:3,event_has_top_particle,,,,,9,2.4143664836883545,,,
event:1563,particle:1563:11,event_has_top_particle,,,,,10,2.346616506576538,,,
event:1563,particle:1563:2,event_has_top_particle,,,,,11,2.339007616043091,,,
event:1563,particle:1563:4,event_has_top_particle,,,,,12,2.2518022060394287,,,
event:1563,particle:1563:8,event_has_top_particle,,,,,13,2.221935987472534,,,
event:1565,particle:1565:0,event_has_top_particle,,,,,1,4.728625297546387,,,
event:1565,particle:1565:1,event_has_top_particle,,,,,2,2.757214069366455,,,
event:1565,particle:1565:13,event_has_top_particle,,,,,3,2.7390851974487305,,,
event:1565,particle:1565:7,event_has_top_particle,,,,,4,2.6876790523529053,,,
event:1565,particle:1565:8,event_has_top_particle,,,,,5,2.501472234725952,,,
event:1565,particle:1565:2,event_has_top_particle,,,,,6,2.273430109024048,,,
event:1565,particle:1565:20,event_has_top_particle,,,,,7,2.267540454864502,,,
event:1565,particle:1565:18,event_has_top_particle,,,,,8,2.2542247772216797,,,
event:1565,particle:1565:19,event_has_top_particle,,,,,9,2.239154815673828,,,
event:1565,particle:1565:16,event_has_top_particle,,,,,10,2.2120556831359863,,,
event:1565,particle:1565:17,event_has_top_particle,,,,,11,2.1490800380706787,,,
event:1565,particle:1565:3,event_has_top_particle,,,,,12,2.1393396854400635,,,
event:1565,particle:1565:14,event_has_top_particle,,,,,13,2.078221321105957,,,
event:1565,particle:1565:6,event_has_top_particle,,,,,14,2.051273822784424,,,
event:1565,particle:1565:11,event_has_top_particle,,,,,15,2.02899169921875,,,
event:1565,particle:1565:4,event_has_top_particle,,,,,16,2.0144214630126953,,,
event:1577,particle:1577:0,event_has_top_particle,,,,,1,4.736693859100342,,,
event:1577,particle:1577:31,event_has_top_particle,,,,,2,2.731520414352417,,,
event:1577,particle:1577:1,event_has_top_particle,,,,,3,2.650709867477417,,,
event:1577,particle:1577:26,event_has_top_particle,,,,,4,2.6339588165283203,,,
event:1577,particle:1577:21,event_has_top_particle,,,,,5,2.454460382461548,,,
event:1577,particle:1577:2,event_has_top_particle,,,,,6,2.450932502746582,,,
event:1577,particle:1577:8,event_has_top_particle,,,,,7,2.289588451385498,,,
event:1577,particle:1577:30,event_has_top_particle,,,,,8,2.2821450233459473,,,
event:1577,particle:1577:24,event_has_top_particle,,,,,9,2.259075880050659,,,
event:1577,particle:1577:27,event_has_top_particle,,,,,10,2.254314661026001,,,
event:1577,particle:1577:29,event_has_top_particle,,,,,11,2.2455949783325195,,,
event:1577,particle:1577:17,event_has_top_particle,,,,,12,2.238347053527832,,,
event:1577,particle:1577:7,event_has_top_particle,,,,,13,2.226814031600952,,,
event:1577,particle:1577:15,event_has_top_particle,,,,,14,2.2012407779693604,,,
event:1577,particle:1577:19,event_has_top_particle,,,,,15,2.1782562732696533,,,
event:1577,particle:1577:22,event_has_top_particle,,,,,16,2.1339528560638428,,,
event:1578,particle:1578:0,event_has_top_particle,,,,,1,4.664638042449951,,,
event:1578,particle:1578:6,event_has_top_particle,,,,,2,2.6888558864593506,,,
event:1578,particle:1578:19,event_has_top_particle,,,,,3,2.653404951095581,,,
event:1578,particle:1578:9,event_has_top_particle,,,,,4,2.6005797386169434,,,
event:1578,particle:1578:4,event_has_top_particle,,,,,5,2.552429676055908,,,
event:1578,particle:1578:14,event_has_top_particle,,,,,6,2.4344968795776367,,,
event:1578,particle:1578:27,event_has_top_particle,,,,,7,2.4163341522216797,,,
event:1578,particle:1578:26,event_has_top_particle,,,,,8,2.4007363319396973,,,
event:1578,particle:1578:28,event_has_top_particle,,,,,9,2.396439790725708,,,
event:1578,particle:1578:2,event_has_top_particle,,,,,10,2.3539769649505615,,,
event:1578,particle:1578:24,event_has_top_particle,,,,,11,2.227687120437622,,,
event:1578,particle:1578:25,event_has_top_particle,,,,,12,2.2166924476623535,,,
event:1578,particle:1578:1,event_has_top_particle,,,,,13,2.202451229095459,,,
event:1578,particle:1578:21,event_has_top_particle,,,,,14,2.185809373855591,,,
event:1578,particle:1578:17,event_has_top_particle,,,,,15,2.1798062324523926,,,
event:1578,particle:1578:18,event_has_top_particle,,,,,16,2.164077043533325,,,
event:1586,particle:1586:0,event_has_top_particle,,,,,1,4.579733848571777,,,
event:1586,particle:1586:1,event_has_top_particle,,,,,2,3.1033284664154053,,,
event:1586,particle:1586:10,event_has_top_particle,,,,,3,2.6652395725250244,,,
event:1586,particle:1586:14,event_has_top_particle,,,,,4,2.558589220046997,,,
event:1586,particle:1586:12,event_has_top_particle,,,,,5,2.468419313430786,,,
event:1586,particle:1586:7,event_has_top_particle,,,,,6,2.3932180404663086,,,
event:1586,particle:1586:15,event_has_top_particle,,,,,7,2.317089557647705,,,
event:1586,particle:1586:16,event_has_top_particle,,,,,8,2.217493772506714,,,
event:1586,particle:1586:13,event_has_top_particle,,,,,9,2.180777072906494,,,
event:1586,particle:1586:6,event_has_top_particle,,,,,10,2.0728955268859863,,,
event:1586,particle:1586:9,event_has_top_particle,,,,,11,2.046816825866699,,,
event:1586,particle:1586:11,event_has_top_particle,,,,,12,2.0437893867492676,,,
event:1586,particle:1586:8,event_has_top_particle,,,,,13,1.9367482662200928,,,
event:1586,particle:1586:2,event_has_top_particle,,,,,14,1.9084259271621704,,,
event:1586,particle:1586:3,event_has_top_particle,,,,,15,1.8747031688690186,,,
event:1586,particle:1586:4,event_has_top_particle,,,,,16,1.8721867799758911,,,
event:1588,particle:1588:0,event_has_top_particle,,,,,1,4.504105567932129,,,
event:1588,particle:1588:1,event_has_top_particle,,,,,2,2.8951735496520996,,,
event:1588,particle:1588:20,event_has_top_particle,,,,,3,2.7810964584350586,,,
event:1588,particle:1588:24,event_has_top_particle,,,,,4,2.5421524047851562,,,
event:1588,particle:1588:29,event_has_top_particle,,,,,5,2.531862258911133,,,
event:1588,particle:1588:32,event_has_top_particle,,,,,6,2.40761137008667,,,
event:1588,particle:1588:27,event_has_top_particle,,,,,7,2.3830208778381348,,,
event:1588,particle:1588:17,event_has_top_particle,,,,,8,2.3553996086120605,,,
event:1588,particle:1588:25,event_has_top_particle,,,,,9,2.3179500102996826,,,
event:1588,particle:1588:31,event_has_top_particle,,,,,10,2.3085484504699707,,,
event:1588,particle:1588:30,event_has_top_particle,,,,,11,2.2488882541656494,,,
event:1588,particle:1588:8,event_has_top_particle,,,,,12,2.1895716190338135,,,
event:1588,particle:1588:28,event_has_top_particle,,,,,13,2.185178518295288,,,
event:1588,particle:1588:22,event_has_top_particle,,,,,14,2.1594204902648926,,,
event:1588,particle:1588:14,event_has_top_particle,,,,,15,2.1159889698028564,,,
event:1588,particle:1588:6,event_has_top_particle,,,,,16,2.084766149520874,,,
event:1614,particle:1614:0,event_has_top_particle,,,,,1,4.488432884216309,,,
event:1614,particle:1614:11,event_has_top_particle,,,,,2,2.693129777908325,,,
event:1614,particle:1614:1,event_has_top_particle,,,,,3,2.5585570335388184,,,
event:1614,particle:1614:22,event_has_top_particle,,,,,4,2.348743200302124,,,
event:1614,particle:1614:20,event_has_top_particle,,,,,5,2.2423923015594482,,,
event:1614,particle:1614:14,event_has_top_particle,,,,,6,2.1773548126220703,,,
event:1614,particle:1614:16,event_has_top_particle,,,,,7,2.1219096183776855,,,
event:1614,particle:1614:10,event_has_top_particle,,,,,8,2.119906187057495,,,
event:1614,particle:1614:6,event_has_top_particle,,,,,9,2.114978790283203,,,
event:1614,particle:1614:5,event_has_top_particle,,,,,10,2.0997421741485596,,,
event:1614,particle:1614:12,event_has_top_particle,,,,,11,2.0974831581115723,,,
event:1614,particle:1614:13,event_has_top_particle,,,,,12,2.0526857376098633,,,
event:1614,particle:1614:7,event_has_top_particle,,,,,13,2.036109447479248,,,
event:1614,particle:1614:9,event_has_top_particle,,,,,14,2.025268793106079,,,
event:1614,particle:1614:23,event_has_top_particle,,,,,15,2.0062172412872314,,,
event:1614,particle:1614:21,event_has_top_particle,,,,,16,2.0040946006774902,,,
event:1622,particle:1622:0,event_has_top_particle,,,,,1,4.55602502822876,,,
event:1622,particle:1622:1,event_has_top_particle,,,,,2,2.953528642654419,,,
event:1622,particle:1622:3,event_has_top_particle,,,,,3,2.730548620223999,,,
event:1622,particle:1622:13,event_has_top_particle,,,,,4,2.6526007652282715,,,
event:1622,particle:1622:15,event_has_top_particle,,,,,5,2.643298864364624,,,
event:1622,particle:1622:14,event_has_top_particle,,,,,6,2.6002910137176514,,,
event:1622,particle:1622:16,event_has_top_particle,,,,,7,2.5729963779449463,,,
event:1622,particle:1622:8,event_has_top_particle,,,,,8,2.4433560371398926,,,
event:1622,particle:1622:7,event_has_top_particle,,,,,9,2.394535779953003,,,
event:1622,particle:1622:2,event_has_top_particle,,,,,10,2.335430860519409,,,
event:1622,particle:1622:11,event_has_top_particle,,,,,11,2.3152527809143066,,,
event:1622,particle:1622:9,event_has_top_particle,,,,,12,2.3007164001464844,,,
event:1622,particle:1622:12,event_has_top_particle,,,,,13,2.282188653945923,,,
event:1622,particle:1622:5,event_has_top_particle,,,,,14,2.2821483612060547,,,
event:1622,particle:1622:6,event_has_top_particle,,,,,15,2.2356536388397217,,,
event:1622,particle:1622:10,event_has_top_particle,,,,,16,2.217304229736328,,,
event:1623,particle:1623:0,event_has_top_particle,,,,,1,4.487565994262695,,,
event:1623,particle:1623:1,event_has_top_particle,,,,,2,2.8078994750976562,,,
event:1623,particle:1623:2,event_has_top_particle,,,,,3,2.6747255325317383,,,
event:1623,particle:1623:6,event_has_top_particle,,,,,4,2.6210153102874756,,,
event:1623,particle:1623:17,event_has_top_particle,,,,,5,2.5207417011260986,,,
event:1623,particle:1623:22,event_has_top_particle,,,,,6,2.5093472003936768,,,
event:1623,particle:1623:13,event_has_top_particle,,,,,7,2.499751567840576,,,
event:1623,particle:1623:20,event_has_top_particle,,,,,8,2.494004964828491,,,
event:1623,particle:1623:15,event_has_top_particle,,,,,9,2.4212441444396973,,,
event:1623,particle:1623:18,event_has_top_particle,,,,,10,2.359839677810669,,,
event:1623,particle:1623:21,event_has_top_particle,,,,,11,2.301595449447632,,,
event:1623,particle:1623:12,event_has_top_particle,,,,,12,2.2328097820281982,,,
event:1623,particle:1623:3,event_has_top_particle,,,,,13,2.044926166534424,,,
event:1623,particle:1623:19,event_has_top_particle,,,,,14,2.038355827331543,,,
event:1623,particle:1623:4,event_has_top_particle,,,,,15,2.0312485694885254,,,
event:1623,particle:1623:16,event_has_top_particle,,,,,16,1.9835777282714844,,,
event:1625,particle:1625:0,event_has_top_particle,,,,,1,4.528468132019043,,,
event:1625,particle:1625:1,event_has_top_particle,,,,,2,2.788844108581543,,,
event:1625,particle:1625:23,event_has_top_particle,,,,,3,2.665334939956665,,,
event:1625,particle:1625:19,event_has_top_particle,,,,,4,2.658696174621582,,,
event:1625,particle:1625:2,event_has_top_particle,,,,,5,2.633850574493408,,,
event:1625,particle:1625:12,event_has_top_particle,,,,,6,2.4305741786956787,,,
event:1625,particle:1625:5,event_has_top_particle,,,,,7,2.4095258712768555,,,
event:1625,particle:1625:4,event_has_top_particle,,,,,8,2.350827217102051,,,
event:1625,particle:1625:3,event_has_top_particle,,,,,9,2.3266751766204834,,,
event:1625,particle:1625:21,event_has_top_particle,,,,,10,2.3153276443481445,,,
event:1625,particle:1625:22,event_has_top_particle,,,,,11,2.269296884536743,,,
event:1625,particle:1625:20,event_has_top_particle,,,,,12,2.250176429748535,,,
event:1625,particle:1625:7,event_has_top_particle,,,,,13,2.186570405960083,,,
event:1625,particle:1625:15,event_has_top_particle,,,,,14,2.1191346645355225,,,
event:1625,particle:1625:18,event_has_top_particle,,,,,15,2.1167521476745605,,,
event:1625,particle:1625:8,event_has_top_particle,,,,,16,1.9918553829193115,,,
event:1630,particle:1630:0,event_has_top_particle,,,,,1,4.558600902557373,,,
event:1630,particle:1630:37,event_has_top_particle,,,,,2,2.5931503772735596,,,
event:1630,particle:1630:18,event_has_top_particle,,,,,3,2.5777060985565186,,,
event:1630,particle:1630:15,event_has_top_particle,,,,,4,2.5378568172454834,,,
event:1630,particle:1630:9,event_has_top_particle,,,,,5,2.528201103210449,,,
event:1630,particle:1630:38,event_has_top_particle,,,,,6,2.464902877807617,,,
event:1630,particle:1630:23,event_has_top_particle,,,,,7,2.447399854660034,,,
event:1630,particle:1630:35,event_has_top_particle,,,,,8,2.4150445461273193,,,
event:1630,particle:1630:39,event_has_top_particle,,,,,9,2.343235492706299,,,
event:1630,particle:1630:31,event_has_top_particle,,,,,10,2.3366286754608154,,,
event:1630,particle:1630:27,event_has_top_particle,,,,,11,2.3205080032348633,,,
event:1630,particle:1630:30,event_has_top_particle,,,,,12,2.2250380516052246,,,
event:1630,particle:1630:25,event_has_top_particle,,,,,13,2.1677095890045166,,,
event:1630,particle:1630:12,event_has_top_particle,,,,,14,2.1584694385528564,,,
event:1630,particle:1630:32,event_has_top_particle,,,,,15,2.099489450454712,,,
event:1630,particle:1630:10,event_has_top_particle,,,,,16,2.0860581398010254,,,
event:1631,particle:1631:0,event_has_top_particle,,,,,1,4.749844074249268,,,
event:1631,particle:1631:2,event_has_top_particle,,,,,2,2.785001277923584,,,
event:1631,particle:1631:1,event_has_top_particle,,,,,3,2.739671468734741,,,
event:1631,particle:1631:19,event_has_top_particle,,,,,4,2.636608362197876,,,
event:1631,particle:1631:17,event_has_top_particle,,,,,5,2.567984104156494,,,
event:1631,particle:1631:7,event_has_top_particle,,,,,6,2.4434733390808105,,,
event:1631,particle:1631:6,event_has_top_particle,,,,,7,2.4340367317199707,,,
event:1631,particle:1631:18,event_has_top_particle,,,,,8,2.39302659034729,,,
event:1631,particle:1631:8,event_has_top_particle,,,,,9,2.337362289428711,,,
event:1631,particle:1631:15,event_has_top_particle,,,,,10,2.246490001678467,,,
event:1631,particle:1631:13,event_has_top_particle,,,,,11,2.127603530883789,,,
event:1631,particle:1631:16,event_has_top_particle,,,,,12,2.071439743041992,,,
event:1631,particle:1631:14,event_has_top_particle,,,,,13,2.001413583755493,,,
event:1631,particle:1631:3,event_has_top_particle,,,,,14,2.000840902328491,,,
event:1631,particle:1631:4,event_has_top_particle,,,,,15,1.9874480962753296,,,
event:1631,particle:1631:9,event_has_top_particle,,,,,16,1.9546741247177124,,,
event:1639,particle:1639:0,event_has_top_particle,,,,,1,4.618908405303955,,,
event:1639,particle:1639:1,event_has_top_particle,,,,,2,2.964419364929199,,,
event:1639,particle:1639:26,event_has_top_particle,,,,,3,2.8906333446502686,,,
event:1639,particle:1639:2,event_has_top_particle,,,,,4,2.5872392654418945,,,
event:1639,particle:1639:24,event_has_top_particle,,,,,5,2.4816908836364746,,,
event:1639,particle:1639:16,event_has_top_particle,,,,,6,2.4452688694000244,,,
event:1639,particle:1639:10,event_has_top_particle,,,,,7,2.3886611461639404,,,
event:1639,particle:1639:3,event_has_top_particle,,,,,8,2.302978992462158,,,
event:1639,particle:1639:18,event_has_top_particle,,,,,9,2.2723073959350586,,,
event:1639,particle:1639:22,event_has_top_particle,,,,,10,2.25212025642395,,,
event:1639,particle:1639:20,event_has_top_particle,,,,,11,2.245786428451538,,,
event:1639,particle:1639:7,event_has_top_particle,,,,,12,2.2393529415130615,,,
event:1639,particle:1639:13,event_has_top_particle,,,,,13,2.190511703491211,,,
event:1639,particle:1639:4,event_has_top_particle,,,,,14,2.1891415119171143,,,
event:1639,particle:1639:21,event_has_top_particle,,,,,15,2.1319470405578613,,,
event:1639,particle:1639:9,event_has_top_particle,,,,,16,2.1150424480438232,,,
event:1640,particle:1640:0,event_has_top_particle,,,,,1,4.622717380523682,,,
event:1640,particle:1640:26,event_has_top_particle,,,,,2,2.820190191268921,,,
event:1640,particle:1640:23,event_has_top_particle,,,,,3,2.7216055393218994,,,
event:1640,particle:1640:2,event_has_top_particle,,,,,4,2.68361234664917,,,
event:1640,particle:1640:3,event_has_top_particle,,,,,5,2.617002487182617,,,
event:1640,particle:1640:27,event_has_top_particle,,,,,6,2.6141467094421387,,,
event:1640,particle:1640:13,event_has_top_particle,,,,,7,2.587174415588379,,,
event:1640,particle:1640:16,event_has_top_particle,,,,,8,2.565812826156616,,,
event:1640,particle:1640:5,event_has_top_particle,,,,,9,2.538550853729248,,,
event:1640,particle:1640:1,event_has_top_particle,,,,,10,2.4802703857421875,,,
event:1640,particle:1640:15,event_has_top_particle,,,,,11,2.4667325019836426,,,
event:1640,particle:1640:10,event_has_top_particle,,,,,12,2.4583566188812256,,,
event:1640,particle:1640:19,event_has_top_particle,,,,,13,2.432262420654297,,,
event:1640,particle:1640:21,event_has_top_particle,,,,,14,2.422323703765869,,,
event:1640,particle:1640:9,event_has_top_particle,,,,,15,2.4154889583587646,,,
event:1640,particle:1640:28,event_has_top_particle,,,,,16,2.4152204990386963,,,
event:1642,particle:1642:0,event_has_top_particle,,,,,1,4.504658222198486,,,
event:1642,particle:1642:1,event_has_top_particle,,,,,2,3.5792500972747803,,,
event:1642,particle:1642:6,event_has_top_particle,,,,,3,2.996499538421631,,,
event:1642,particle:1642:15,event_has_top_particle,,,,,4,2.9668233394622803,,,
event:1642,particle:1642:2,event_has_top_particle,,,,,5,2.9563193321228027,,,
event:1642,particle:1642:5,event_has_top_particle,,,,,6,2.922844409942627,,,
event:1642,particle:1642:4,event_has_top_particle,,,,,7,2.9137485027313232,,,
event:1642,particle:1642:8,event_has_top_particle,,,,,8,2.8492653369903564,,,
event:1642,particle:1642:10,event_has_top_particle,,,,,9,2.7965521812438965,,,
event:1642,particle:1642:14,event_has_top_particle,,,,,10,2.7785909175872803,,,
event:1642,particle:1642:11,event_has_top_particle,,,,,11,2.748969078063965,,,
event:1642,particle:1642:7,event_has_top_particle,,,,,12,2.6771087646484375,,,
event:1642,particle:1642:13,event_has_top_particle,,,,,13,2.5727784633636475,,,
event:1642,particle:1642:3,event_has_top_particle,,,,,14,2.5672800540924072,,,
event:1642,particle:1642:12,event_has_top_particle,,,,,15,2.4681475162506104,,,
event:1642,particle:1642:9,event_has_top_particle,,,,,16,2.367201805114746,,,
event:1643,particle:1643:0,event_has_top_particle,,,,,1,4.552048206329346,,,
event:1643,particle:1643:1,event_has_top_particle,,,,,2,3.3379664421081543,,,
event:1643,particle:1643:20,event_has_top_particle,,,,,3,3.0957388877868652,,,
event:1643,particle:1643:17,event_has_top_particle,,,,,4,3.0086917877197266,,,
event:1643,particle:1643:18,event_has_top_particle,,,,,5,2.791041374206543,,,
event:1643,particle:1643:2,event_has_top_particle,,,,,6,2.6060121059417725,,,
event:1643,particle:1643:16,event_has_top_particle,,,,,7,2.553051710128784,,,
event:1643,particle:1643:4,event_has_top_particle,,,,,8,2.5527944564819336,,,
event:1643,particle:1643:6,event_has_top_particle,,,,,9,2.427750825881958,,,
event:1643,particle:1643:9,event_has_top_particle,,,,,10,2.4021623134613037,,,
event:1643,particle:1643:19,event_has_top_particle,,,,,11,2.346198320388794,,,
event:1643,particle:1643:15,event_has_top_particle,,,,,12,2.289503335952759,,,
event:1643,particle:1643:8,event_has_top_particle,,,,,13,2.281804084777832,,,
event:1643,particle:1643:14,event_has_top_particle,,,,,14,2.2494101524353027,,,
event:1643,particle:1643:13,event_has_top_particle,,,,,15,2.1471667289733887,,,
event:1643,particle:1643:10,event_has_top_particle,,,,,16,2.1173083782196045,,,
event:1653,particle:1653:0,event_has_top_particle,,,,,1,4.839760780334473,,,
event:1653,particle:1653:35,event_has_top_particle,,,,,2,2.7253077030181885,,,
event:1653,particle:1653:1,event_has_top_particle,,,,,3,2.6370255947113037,,,
event:1653,particle:1653:3,event_has_top_particle,,,,,4,2.5332977771759033,,,
event:1653,particle:1653:38,event_has_top_particle,,,,,5,2.531247615814209,,,
event:1653,particle:1653:16,event_has_top_particle,,,,,6,2.529561758041382,,,
event:1653,particle:1653:6,event_has_top_particle,,,,,7,2.523446798324585,,,
event:1653,particle:1653:34,event_has_top_particle,,,,,8,2.5165998935699463,,,
event:1653,particle:1653:10,event_has_top_particle,,,,,9,2.4888198375701904,,,
event:1653,particle:1653:29,event_has_top_particle,,,,,10,2.481782913208008,,,
event:1653,particle:1653:37,event_has_top_particle,,,,,11,2.4518866539001465,,,
event:1653,particle:1653:31,event_has_top_particle,,,,,12,2.44612455368042,,,
event:1653,particle:1653:9,event_has_top_particle,,,,,13,2.443169116973877,,,
event:1653,particle:1653:4,event_has_top_particle,,,,,14,2.4416141510009766,,,
event:1653,particle:1653:36,event_has_top_particle,,,,,15,2.4332919120788574,,,
event:1653,particle:1653:2,event_has_top_particle,,,,,16,2.4223885536193848,,,
event:1656,particle:1656:0,event_has_top_particle,,,,,1,4.899553298950195,,,
event:1656,particle:1656:13,event_has_top_particle,,,,,2,2.568343162536621,,,
event:1656,particle:1656:15,event_has_top_particle,,,,,3,2.533754825592041,,,
event:1656,particle:1656:16,event_has_top_particle,,,,,4,2.470869541168213,,,
event:1656,particle:1656:17,event_has_top_particle,,,,,5,2.3367249965667725,,,
event:1656,particle:1656:6,event_has_top_particle,,,,,6,2.3302886486053467,,,
event:1656,particle:1656:8,event_has_top_particle,,,,,7,2.312411069869995,,,
event:1656,particle:1656:11,event_has_top_particle,,,,,8,2.2720139026641846,,,
event:1656,particle:1656:7,event_has_top_particle,,,,,9,2.2236921787261963,,,
event:1656,particle:1656:14,event_has_top_particle,,,,,10,2.2107160091400146,,,
event:1656,particle:1656:12,event_has_top_particle,,,,,11,2.2032082080841064,,,
event:1656,particle:1656:3,event_has_top_particle,,,,,12,2.1127727031707764,,,
event:1656,particle:1656:5,event_has_top_particle,,,,,13,2.1039063930511475,,,
event:1656,particle:1656:1,event_has_top_particle,,,,,14,2.060396432876587,,,
event:1656,particle:1656:10,event_has_top_particle,,,,,15,1.943698763847351,,,
event:1656,particle:1656:9,event_has_top_particle,,,,,16,1.9271785020828247,,,
event:1660,particle:1660:0,event_has_top_particle,,,,,1,4.6985297203063965,,,
event:1660,particle:1660:24,event_has_top_particle,,,,,2,2.7597689628601074,,,
event:1660,particle:1660:1,event_has_top_particle,,,,,3,2.625751256942749,,,
event:1660,particle:1660:20,event_has_top_particle,,,,,4,2.5640463829040527,,,
event:1660,particle:1660:15,event_has_top_particle,,,,,5,2.5050718784332275,,,
event:1660,particle:1660:19,event_has_top_particle,,,,,6,2.4893887042999268,,,
event:1660,particle:1660:18,event_has_top_particle,,,,,7,2.435203790664673,,,
event:1660,particle:1660:22,event_has_top_particle,,,,,8,2.423083782196045,,,
event:1660,particle:1660:23,event_has_top_particle,,,,,9,2.388036012649536,,,
event:1660,particle:1660:7,event_has_top_particle,,,,,10,2.3508410453796387,,,
event:1660,particle:1660:2,event_has_top_particle,,,,,11,2.3502144813537598,,,
event:1660,particle:1660:17,event_has_top_particle,,,,,12,2.3390419483184814,,,
event:1660,particle:1660:12,event_has_top_particle,,,,,13,2.318390130996704,,,
event:1660,particle:1660:11,event_has_top_particle,,,,,14,2.309574604034424,,,
event:1660,particle:1660:6,event_has_top_particle,,,,,15,2.2693803310394287,,,
event:1660,particle:1660:13,event_has_top_particle,,,,,16,2.2387478351593018,,,
event:1671,particle:1671:0,event_has_top_particle,,,,,1,4.527952194213867,,,
event:1671,particle:1671:17,event_has_top_particle,,,,,2,3.0815508365631104,,,
event:1671,particle:1671:1,event_has_top_particle,,,,,3,2.9224722385406494,,,
event:1671,particle:1671:11,event_has_top_particle,,,,,4,2.4499502182006836,,,
event:1671,particle:1671:4,event_has_top_particle,,,,,5,2.420624017715454,,,
event:1671,particle:1671:2,event_has_top_particle,,,,,6,2.408254861831665,,,
event:1671,particle:1671:13,event_has_top_particle,,,,,7,2.390896797180176,,,
event:1671,particle:1671:16,event_has_top_particle,,,,,8,2.385268211364746,,,
event:1671,particle:1671:5,event_has_top_particle,,,,,9,2.3086655139923096,,,
event:1671,particle:1671:10,event_has_top_particle,,,,,10,2.276373863220215,,,
event:1671,particle:1671:20,event_has_top_particle,,,,,11,2.265895366668701,,,
event:1671,particle:1671:9,event_has_top_particle,,,,,12,2.2552244663238525,,,
event:1671,particle:1671:19,event_has_top_particle,,,,,13,2.2479538917541504,,,
event:1671,particle:1671:6,event_has_top_particle,,,,,14,2.2447614669799805,,,
event:1671,particle:1671:3,event_has_top_particle,,,,,15,2.2013027667999268,,,
event:1671,particle:1671:12,event_has_top_particle,,,,,16,2.173884153366089,,,
event:1673,particle:1673:0,event_has_top_particle,,,,,1,4.8400959968566895,,,
event:1673,particle:1673:16,event_has_top_particle,,,,,2,2.99344539642334,,,
event:1673,particle:1673:28,event_has_top_particle,,,,,3,2.885855197906494,,,
event:1673,particle:1673:2,event_has_top_particle,,,,,4,2.7343056201934814,,,
event:1673,particle:1673:1,event_has_top_particle,,,,,5,2.679835557937622,,,
event:1673,particle:1673:20,event_has_top_particle,,,,,6,2.673272132873535,,,
event:1673,particle:1673:4,event_has_top_particle,,,,,7,2.6237659454345703,,,
event:1673,particle:1673:22,event_has_top_particle,,,,,8,2.615250825881958,,,
event:1673,particle:1673:10,event_has_top_particle,,,,,9,2.5524091720581055,,,
event:1673,particle:1673:21,event_has_top_particle,,,,,10,2.5165233612060547,,,
event:1673,particle:1673:18,event_has_top_particle,,,,,11,2.4691989421844482,,,
event:1673,particle:1673:6,event_has_top_particle,,,,,12,2.434880018234253,,,
event:1673,particle:1673:11,event_has_top_particle,,,,,13,2.4132471084594727,,,
event:1673,particle:1673:15,event_has_top_particle,,,,,14,2.3392891883850098,,,
event:1673,particle:1673:30,event_has_top_particle,,,,,15,2.338545799255371,,,
event:1673,particle:1673:14,event_has_top_particle,,,,,16,2.334235191345215,,,
event:1677,particle:1677:0,event_has_top_particle,,,,,1,4.7425127029418945,,,
event:1677,particle:1677:1,event_has_top_particle,,,,,2,2.693986415863037,,,
event:1677,particle:1677:13,event_has_top_particle,,,,,3,2.654609441757202,,,
event:1677,particle:1677:4,event_has_top_particle,,,,,4,2.4604785442352295,,,
event:1677,particle:1677:7,event_has_top_particle,,,,,5,2.4038548469543457,,,
event:1677,particle:1677:14,event_has_top_particle,,,,,6,2.3606762886047363,,,
event:1677,particle:1677:8,event_has_top_particle,,,,,7,2.333218812942505,,,
event:1677,particle:1677:15,event_has_top_particle,,,,,8,2.268064260482788,,,
event:1677,particle:1677:11,event_has_top_particle,,,,,9,2.246793508529663,,,
event:1677,particle:1677:5,event_has_top_particle,,,,,10,2.1353659629821777,,,
event:1677,particle:1677:3,event_has_top_particle,,,,,11,2.0935912132263184,,,
event:1677,particle:1677:2,event_has_top_particle,,,,,12,2.05454158782959,,,
event:1677,particle:1677:9,event_has_top_particle,,,,,13,1.9599316120147705,,,
event:1677,particle:1677:12,event_has_top_particle,,,,,14,1.8958598375320435,,,
event:1677,particle:1677:10,event_has_top_particle,,,,,15,1.8836888074874878,,,
event:1677,particle:1677:6,event_has_top_particle,,,,,16,1.7844277620315552,,,
event:1689,particle:1689:0,event_has_top_particle,,,,,1,4.718921661376953,,,
event:1689,particle:1689:11,event_has_top_particle,,,,,2,2.712994337081909,,,
event:1689,particle:1689:2,event_has_top_particle,,,,,3,2.5313644409179688,,,
event:1689,particle:1689:13,event_has_top_particle,,,,,4,2.51011061668396,,,
event:1689,particle:1689:22,event_has_top_particle,,,,,5,2.4565658569335938,,,
event:1689,particle:1689:10,event_has_top_particle,,,,,6,2.448721170425415,,,
event:1689,particle:1689:1,event_has_top_particle,,,,,7,2.4348807334899902,,,
event:1689,particle:1689:25,event_has_top_particle,,,,,8,2.423159122467041,,,
event:1689,particle:1689:6,event_has_top_particle,,,,,9,2.280979633331299,,,
event:1689,particle:1689:18,event_has_top_particle,,,,,10,2.2194533348083496,,,
event:1689,particle:1689:12,event_has_top_particle,,,,,11,2.2047653198242188,,,
event:1689,particle:1689:16,event_has_top_particle,,,,,12,2.192120313644409,,,
event:1689,particle:1689:4,event_has_top_particle,,,,,13,2.184877395629883,,,
event:1689,particle:1689:17,event_has_top_particle,,,,,14,2.181910514831543,,,
event:1689,particle:1689:7,event_has_top_particle,,,,,15,2.179525136947632,,,
event:1689,particle:1689:21,event_has_top_particle,,,,,16,2.177917957305908,,,
event:1694,particle:1694:0,event_has_top_particle,,,,,1,4.58475399017334,,,
event:1694,particle:1694:16,event_has_top_particle,,,,,2,3.371417760848999,,,
event:1694,particle:1694:1,event_has_top_particle,,,,,3,2.8459410667419434,,,
event:1694,particle:1694:10,event_has_top_particle,,,,,4,2.647101640701294,,,
event:1694,particle:1694:12,event_has_top_particle,,,,,5,2.5297982692718506,,,
event:1694,particle:1694:13,event_has_top_particle,,,,,6,2.4491348266601562,,,
event:1694,particle:1694:14,event_has_top_particle,,,,,7,2.444699287414551,,,
event:1694,particle:1694:17,event_has_top_particle,,,,,8,2.318420648574829,,,
event:1694,particle:1694:5,event_has_top_particle,,,,,9,2.300372838973999,,,
event:1694,particle:1694:3,event_has_top_particle,,,,,10,2.2295620441436768,,,
event:1694,particle:1694:6,event_has_top_particle,,,,,11,2.18841290473938,,,
event:1694,particle:1694:2,event_has_top_particle,,,,,12,2.16054630279541,,,
event:1694,particle:1694:4,event_has_top_particle,,,,,13,2.0759634971618652,,,
event:1694,particle:1694:15,event_has_top_particle,,,,,14,1.9932992458343506,,,
event:1694,particle:1694:9,event_has_top_particle,,,,,15,1.9633058309555054,,,
event:1694,particle:1694:7,event_has_top_particle,,,,,16,1.9499702453613281,,,
event:1696,particle:1696:0,event_has_top_particle,,,,,1,4.612433433532715,,,
event:1696,particle:1696:14,event_has_top_particle,,,,,2,2.768803596496582,,,
event:1696,particle:1696:10,event_has_top_particle,,,,,3,2.4809908866882324,,,
event:1696,particle:1696:12,event_has_top_particle,,,,,4,2.387319803237915,,,
event:1696,particle:1696:8,event_has_top_particle,,,,,5,2.2394471168518066,,,
event:1696,particle:1696:11,event_has_top_particle,,,,,6,2.1954383850097656,,,
event:1696,particle:1696:13,event_has_top_particle,,,,,7,2.0866103172302246,,,
event:1696,particle:1696:15,event_has_top_particle,,,,,8,2.052100419998169,,,
event:1696,particle:1696:7,event_has_top_particle,,,,,9,1.9692723751068115,,,
event:1696,particle:1696:6,event_has_top_particle,,,,,10,1.9005858898162842,,,
event:1696,particle:1696:2,event_has_top_particle,,,,,11,1.8828932046890259,,,
event:1696,particle:1696:1,event_has_top_particle,,,,,12,1.8345712423324585,,,
event:1696,particle:1696:9,event_has_top_particle,,,,,13,1.8295729160308838,,,
event:1696,particle:1696:5,event_has_top_particle,,,,,14,1.802416443824768,,,
event:1696,particle:1696:4,event_has_top_particle,,,,,15,1.7586838006973267,,,
event:1696,particle:1696:3,event_has_top_particle,,,,,16,1.7343568801879883,,,
event:1705,particle:1705:0,event_has_top_particle,,,,,1,4.739664077758789,,,
event:1705,particle:1705:2,event_has_top_particle,,,,,2,2.729353189468384,,,
event:1705,particle:1705:4,event_has_top_particle,,,,,3,2.6732678413391113,,,
event:1705,particle:1705:5,event_has_top_particle,,,,,4,2.5486440658569336,,,
event:1705,particle:1705:8,event_has_top_particle,,,,,5,2.366347551345825,,,
event:1705,particle:1705:7,event_has_top_particle,,,,,6,2.3570668697357178,,,
event:1705,particle:1705:12,event_has_top_particle,,,,,7,2.333627700805664,,,
event:1705,particle:1705:3,event_has_top_particle,,,,,8,2.2947771549224854,,,
event:1705,particle:1705:11,event_has_top_particle,,,,,9,2.2404181957244873,,,
event:1705,particle:1705:10,event_has_top_particle,,,,,10,2.1536076068878174,,,
event:1705,particle:1705:9,event_has_top_particle,,,,,11,2.148031234741211,,,
event:1705,particle:1705:1,event_has_top_particle,,,,,12,2.0332632064819336,,,
event:1705,particle:1705:6,event_has_top_particle,,,,,13,2.0273818969726562,,,
event:1711,particle:1711:0,event_has_top_particle,,,,,1,4.5878119468688965,,,
event:1711,particle:1711:15,event_has_top_particle,,,,,2,2.645491361618042,,,
event:1711,particle:1711:20,event_has_top_particle,,,,,3,2.5664563179016113,,,
event:1711,particle:1711:18,event_has_top_particle,,,,,4,2.4980356693267822,,,
event:1711,particle:1711:12,event_has_top_particle,,,,,5,2.3684194087982178,,,
event:1711,particle:1711:19,event_has_top_particle,,,,,6,2.353290319442749,,,
event:1711,particle:1711:17,event_has_top_particle,,,,,7,2.3479602336883545,,,
event:1711,particle:1711:16,event_has_top_particle,,,,,8,2.344101667404175,,,
event:1711,particle:1711:2,event_has_top_particle,,,,,9,2.2948925495147705,,,
event:1711,particle:1711:8,event_has_top_particle,,,,,10,2.2557120323181152,,,
event:1711,particle:1711:9,event_has_top_particle,,,,,11,2.2544281482696533,,,
event:1711,particle:1711:14,event_has_top_particle,,,,,12,2.23889422416687,,,
event:1711,particle:1711:13,event_has_top_particle,,,,,13,2.158247947692871,,,
event:1711,particle:1711:1,event_has_top_particle,,,,,14,2.1219372749328613,,,
event:1711,particle:1711:4,event_has_top_particle,,,,,15,2.04361891746521,,,
event:1711,particle:1711:11,event_has_top_particle,,,,,16,2.0433332920074463,,,
event:1720,particle:1720:0,event_has_top_particle,,,,,1,4.580852031707764,,,
event:1720,particle:1720:12,event_has_top_particle,,,,,2,2.7762768268585205,,,
event:1720,particle:1720:1,event_has_top_particle,,,,,3,2.6536736488342285,,,
event:1720,particle:1720:19,event_has_top_particle,,,,,4,2.6262969970703125,,,
event:1720,particle:1720:25,event_has_top_particle,,,,,5,2.4292218685150146,,,
event:1720,particle:1720:27,event_has_top_particle,,,,,6,2.3806917667388916,,,
event:1720,particle:1720:21,event_has_top_particle,,,,,7,2.356872081756592,,,
event:1720,particle:1720:26,event_has_top_particle,,,,,8,2.3566296100616455,,,
event:1720,particle:1720:20,event_has_top_particle,,,,,9,2.3042731285095215,,,
event:1720,particle:1720:7,event_has_top_particle,,,,,10,2.2572901248931885,,,
event:1720,particle:1720:22,event_has_top_particle,,,,,11,2.1937010288238525,,,
event:1720,particle:1720:15,event_has_top_particle,,,,,12,2.161564826965332,,,
event:1720,particle:1720:2,event_has_top_particle,,,,,13,2.154876470565796,,,
event:1720,particle:1720:24,event_has_top_particle,,,,,14,2.137937545776367,,,
event:1720,particle:1720:5,event_has_top_particle,,,,,15,2.134953022003174,,,
event:1720,particle:1720:17,event_has_top_particle,,,,,16,2.1323204040527344,,,
event:1721,particle:1721:0,event_has_top_particle,,,,,1,4.77075719833374,,,
event:1721,particle:1721:3,event_has_top_particle,,,,,2,2.878934144973755,,,
event:1721,particle:1721:4,event_has_top_particle,,,,,3,2.7608964443206787,,,
event:1721,particle:1721:13,event_has_top_particle,,,,,4,2.6352858543395996,,,
event:1721,particle:1721:10,event_has_top_particle,,,,,5,2.5383477210998535,,,
event:1721,particle:1721:11,event_has_top_particle,,,,,6,2.491567373275757,,,
event:1721,particle:1721:1,event_has_top_particle,,,,,7,2.4633805751800537,,,
event:1721,particle:1721:12,event_has_top_particle,,,,,8,2.424654483795166,,,
event:1721,particle:1721:9,event_has_top_particle,,,,,9,2.272425651550293,,,
event:1721,particle:1721:6,event_has_top_particle,,,,,10,2.2045042514801025,,,
event:1721,particle:1721:8,event_has_top_particle,,,,,11,2.1879920959472656,,,
event:1721,particle:1721:5,event_has_top_particle,,,,,12,2.090484142303467,,,
event:1721,particle:1721:7,event_has_top_particle,,,,,13,2.0404984951019287,,,
event:1721,particle:1721:2,event_has_top_particle,,,,,14,2.04028582572937,,,
event:1722,particle:1722:0,event_has_top_particle,,,,,1,4.730295658111572,,,
event:1722,particle:1722:1,event_has_top_particle,,,,,2,3.0542972087860107,,,
event:1722,particle:1722:2,event_has_top_particle,,,,,3,2.7126829624176025,,,
event:1722,particle:1722:4,event_has_top_particle,,,,,4,2.7011256217956543,,,
event:1722,particle:1722:9,event_has_top_particle,,,,,5,2.490131378173828,,,
event:1722,particle:1722:3,event_has_top_particle,,,,,6,2.4303741455078125,,,
event:1722,particle:1722:10,event_has_top_particle,,,,,7,2.424975633621216,,,
event:1722,particle:1722:7,event_has_top_particle,,,,,8,2.374807596206665,,,
event:1722,particle:1722:8,event_has_top_particle,,,,,9,2.3705272674560547,,,
event:1722,particle:1722:5,event_has_top_particle,,,,,10,2.343022346496582,,,
event:1722,particle:1722:6,event_has_top_particle,,,,,11,2.2806897163391113,,,
event:1734,particle:1734:0,event_has_top_particle,,,,,1,4.791771411895752,,,
event:1734,particle:1734:22,event_has_top_particle,,,,,2,2.7760276794433594,,,
event:1734,particle:1734:18,event_has_top_particle,,,,,3,2.7159245014190674,,,
event:1734,particle:1734:4,event_has_top_particle,,,,,4,2.6004202365875244,,,
event:1734,particle:1734:9,event_has_top_particle,,,,,5,2.575524091720581,,,
event:1734,particle:1734:21,event_has_top_particle,,,,,6,2.5744009017944336,,,
event:1734,particle:1734:7,event_has_top_particle,,,,,7,2.551842212677002,,,
event:1734,particle:1734:10,event_has_top_particle,,,,,8,2.523881673812866,,,
event:1734,particle:1734:5,event_has_top_particle,,,,,9,2.519069194793701,,,
event:1734,particle:1734:8,event_has_top_particle,,,,,10,2.3999927043914795,,,
event:1734,particle:1734:17,event_has_top_particle,,,,,11,2.3658437728881836,,,
event:1734,particle:1734:23,event_has_top_particle,,,,,12,2.3086493015289307,,,
event:1734,particle:1734:6,event_has_top_particle,,,,,13,2.163541316986084,,,
event:1734,particle:1734:20,event_has_top_particle,,,,,14,2.1585693359375,,,
event:1734,particle:1734:1,event_has_top_particle,,,,,15,2.0600271224975586,,,
event:1734,particle:1734:19,event_has_top_particle,,,,,16,2.0441768169403076,,,
event:1735,particle:1735:0,event_has_top_particle,,,,,1,4.6080780029296875,,,
event:1735,particle:1735:17,event_has_top_particle,,,,,2,2.7184898853302,,,
event:1735,particle:1735:1,event_has_top_particle,,,,,3,2.5671730041503906,,,
event:1735,particle:1735:21,event_has_top_particle,,,,,4,2.5198981761932373,,,
event:1735,particle:1735:2,event_has_top_particle,,,,,5,2.4365899562835693,,,
event:1735,particle:1735:20,event_has_top_particle,,,,,6,2.3091633319854736,,,
event:1735,particle:1735:4,event_has_top_particle,,,,,7,2.2127726078033447,,,
event:1735,particle:1735:19,event_has_top_particle,,,,,8,2.208339214324951,,,
event:1735,particle:1735:14,event_has_top_particle,,,,,9,2.121903419494629,,,
event:1735,particle:1735:5,event_has_top_particle,,,,,10,2.0988056659698486,,,
event:1735,particle:1735:9,event_has_top_particle,,,,,11,2.059628963470459,,,
event:1735,particle:1735:3,event_has_top_particle,,,,,12,2.015798330307007,,,
event:1735,particle:1735:13,event_has_top_particle,,,,,13,2.002056837081909,,,
event:1735,particle:1735:18,event_has_top_particle,,,,,14,1.9872978925704956,,,
event:1735,particle:1735:16,event_has_top_particle,,,,,15,1.970510482788086,,,
event:1735,particle:1735:8,event_has_top_particle,,,,,16,1.9022486209869385,,,
event:1736,particle:1736:0,event_has_top_particle,,,,,1,4.64564847946167,,,
event:1736,particle:1736:36,event_has_top_particle,,,,,2,2.8670432567596436,,,
event:1736,particle:1736:38,event_has_top_particle,,,,,3,2.660860061645508,,,
event:1736,particle:1736:4,event_has_top_particle,,,,,4,2.6588497161865234,,,
event:1736,particle:1736:20,event_has_top_particle,,,,,5,2.653153896331787,,,
event:1736,particle:1736:6,event_has_top_particle,,,,,6,2.642220973968506,,,
event:1736,particle:1736:1,event_has_top_particle,,,,,7,2.615720510482788,,,
event:1736,particle:1736:3,event_has_top_particle,,,,,8,2.537323236465454,,,
event:1736,particle:1736:7,event_has_top_particle,,,,,9,2.5337371826171875,,,
event:1736,particle:1736:33,event_has_top_particle,,,,,10,2.523742437362671,,,
event:1736,particle:1736:22,event_has_top_particle,,,,,11,2.5099780559539795,,,
event:1736,particle:1736:31,event_has_top_particle,,,,,12,2.4860949516296387,,,
event:1736,particle:1736:2,event_has_top_particle,,,,,13,2.4823014736175537,,,
event:1736,particle:1736:25,event_has_top_particle,,,,,14,2.4809956550598145,,,
event:1736,particle:1736:30,event_has_top_particle,,,,,15,2.4733409881591797,,,
event:1736,particle:1736:5,event_has_top_particle,,,,,16,2.4716758728027344,,,
event:1745,particle:1745:0,event_has_top_particle,,,,,1,4.516279697418213,,,
event:1745,particle:1745:6,event_has_top_particle,,,,,2,2.76153564453125,,,
event:1745,particle:1745:9,event_has_top_particle,,,,,3,2.506194591522217,,,
event:1745,particle:1745:5,event_has_top_particle,,,,,4,2.442959785461426,,,
event:1745,particle:1745:1,event_has_top_particle,,,,,5,2.3774380683898926,,,
event:1745,particle:1745:11,event_has_top_particle,,,,,6,2.3401541709899902,,,
event:1745,particle:1745:8,event_has_top_particle,,,,,7,2.260521650314331,,,
event:1745,particle:1745:13,event_has_top_particle,,,,,8,2.213203191757202,,,
event:1745,particle:1745:10,event_has_top_particle,,,,,9,2.2117068767547607,,,
event:1745,particle:1745:12,event_has_top_particle,,,,,10,2.2044143676757812,,,
event:1745,particle:1745:16,event_has_top_particle,,,,,11,2.169332981109619,,,
event:1745,particle:1745:15,event_has_top_particle,,,,,12,2.159183979034424,,,
event:1745,particle:1745:4,event_has_top_particle,,,,,13,2.149097442626953,,,
event:1745,particle:1745:17,event_has_top_particle,,,,,14,2.135704755783081,,,
event:1745,particle:1745:3,event_has_top_particle,,,,,15,2.1111741065979004,,,
event:1745,particle:1745:14,event_has_top_particle,,,,,16,2.0266823768615723,,,
event:1746,particle:1746:0,event_has_top_particle,,,,,1,4.985466480255127,,,
event:1746,particle:1746:1,event_has_top_particle,,,,,2,2.8523967266082764,,,
event:1746,particle:1746:18,event_has_top_particle,,,,,3,2.6265017986297607,,,
event:1746,particle:1746:13,event_has_top_particle,,,,,4,2.5143978595733643,,,
event:1746,particle:1746:15,event_has_top_particle,,,,,5,2.4351794719696045,,,
event:1746,particle:1746:16,event_has_top_particle,,,,,6,2.4213180541992188,,,
event:1746,particle:1746:14,event_has_top_particle,,,,,7,2.398381471633911,,,
event:1746,particle:1746:12,event_has_top_particle,,,,,8,2.3757681846618652,,,
event:1746,particle:1746:17,event_has_top_particle,,,,,9,2.342168092727661,,,
event:1746,particle:1746:2,event_has_top_particle,,,,,10,2.334362030029297,,,
event:1746,particle:1746:4,event_has_top_particle,,,,,11,2.330353260040283,,,
event:1746,particle:1746:8,event_has_top_particle,,,,,12,2.322795867919922,,,
event:1746,particle:1746:6,event_has_top_particle,,,,,13,2.203423023223877,,,
event:1746,particle:1746:19,event_has_top_particle,,,,,14,2.1732091903686523,,,
event:1746,particle:1746:9,event_has_top_particle,,,,,15,2.155020236968994,,,
event:1746,particle:1746:11,event_has_top_particle,,,,,16,2.1336441040039062,,,
event:1777,particle:1777:0,event_has_top_particle,,,,,1,4.770000457763672,,,
event:1777,particle:1777:31,event_has_top_particle,,,,,2,2.9661343097686768,,,
event:1777,particle:1777:26,event_has_top_particle,,,,,3,2.950349807739258,,,
event:1777,particle:1777:25,event_has_top_particle,,,,,4,2.9411673545837402,,,
event:1777,particle:1777:1,event_has_top_particle,,,,,5,2.8509745597839355,,,
event:1777,particle:1777:21,event_has_top_particle,,,,,6,2.7244436740875244,,,
event:1777,particle:1777:27,event_has_top_particle,,,,,7,2.7183947563171387,,,
event:1777,particle:1777:29,event_has_top_particle,,,,,8,2.714181423187256,,,
event:1777,particle:1777:6,event_has_top_particle,,,,,9,2.6906979084014893,,,
event:1777,particle:1777:2,event_has_top_particle,,,,,10,2.652045965194702,,,
event:1777,particle:1777:14,event_has_top_particle,,,,,11,2.5722341537475586,,,
event:1777,particle:1777:19,event_has_top_particle,,,,,12,2.541313409805298,,,
event:1777,particle:1777:3,event_has_top_particle,,,,,13,2.4994914531707764,,,
event:1777,particle:1777:23,event_has_top_particle,,,,,14,2.494696855545044,,,
event:1777,particle:1777:22,event_has_top_particle,,,,,15,2.472872495651245,,,
event:1777,particle:1777:30,event_has_top_particle,,,,,16,2.3940751552581787,,,
event:1787,particle:1787:0,event_has_top_particle,,,,,1,4.541762351989746,,,
event:1787,particle:1787:1,event_has_top_particle,,,,,2,3.4192004203796387,,,
event:1787,particle:1787:13,event_has_top_particle,,,,,3,2.8552629947662354,,,
event:1787,particle:1787:11,event_has_top_particle,,,,,4,2.8386332988739014,,,
event:1787,particle:1787:21,event_has_top_particle,,,,,5,2.808133840560913,,,
event:1787,particle:1787:20,event_has_top_particle,,,,,6,2.8020622730255127,,,
event:1787,particle:1787:2,event_has_top_particle,,,,,7,2.7624950408935547,,,
event:1787,particle:1787:19,event_has_top_particle,,,,,8,2.6857590675354004,,,
event:1787,particle:1787:5,event_has_top_particle,,,,,9,2.453631639480591,,,
event:1787,particle:1787:14,event_has_top_particle,,,,,10,2.4441325664520264,,,
event:1787,particle:1787:15,event_has_top_particle,,,,,11,2.4297473430633545,,,
event:1787,particle:1787:4,event_has_top_particle,,,,,12,2.399240016937256,,,
event:1787,particle:1787:23,event_has_top_particle,,,,,13,2.3639302253723145,,,
event:1787,particle:1787:10,event_has_top_particle,,,,,14,2.362734794616699,,,
event:1787,particle:1787:8,event_has_top_particle,,,,,15,2.3524019718170166,,,
event:1787,particle:1787:9,event_has_top_particle,,,,,16,2.30806040763855,,,
event:1793,particle:1793:0,event_has_top_particle,,,,,1,4.89277982711792,,,
event:1793,particle:1793:16,event_has_top_particle,,,,,2,2.705871820449829,,,
event:1793,particle:1793:14,event_has_top_particle,,,,,3,2.513767719268799,,,
event:1793,particle:1793:12,event_has_top_particle,,,,,4,2.280165195465088,,,
event:1793,particle:1793:18,event_has_top_particle,,,,,5,2.274099588394165,,,
event:1793,particle:1793:19,event_has_top_particle,,,,,6,2.2601253986358643,,,
event:1793,particle:1793:20,event_has_top_particle,,,,,7,2.254239320755005,,,
event:1793,particle:1793:5,event_has_top_particle,,,,,8,2.208312511444092,,,
event:1793,particle:1793:4,event_has_top_particle,,,,,9,2.2032909393310547,,,
event:1793,particle:1793:6,event_has_top_particle,,,,,10,2.1519088745117188,,,
event:1793,particle:1793:11,event_has_top_particle,,,,,11,2.1399810314178467,,,
event:1793,particle:1793:1,event_has_top_particle,,,,,12,2.133124828338623,,,
event:1793,particle:1793:17,event_has_top_particle,,,,,13,2.1292803287506104,,,
event:1793,particle:1793:2,event_has_top_particle,,,,,14,2.068275213241577,,,
event:1793,particle:1793:13,event_has_top_particle,,,,,15,2.0654664039611816,,,
event:1793,particle:1793:9,event_has_top_particle,,,,,16,2.0633749961853027,,,
event:1794,particle:1794:0,event_has_top_particle,,,,,1,4.857330322265625,,,
event:1794,particle:1794:1,event_has_top_particle,,,,,2,3.0554678440093994,,,
event:1794,particle:1794:8,event_has_top_particle,,,,,3,2.717284917831421,,,
event:1794,particle:1794:14,event_has_top_particle,,,,,4,2.35445499420166,,,
event:1794,particle:1794:11,event_has_top_particle,,,,,5,2.342254638671875,,,
event:1794,particle:1794:10,event_has_top_particle,,,,,6,2.268747091293335,,,
event:1794,particle:1794:12,event_has_top_particle,,,,,7,2.215343475341797,,,
event:1794,particle:1794:15,event_has_top_particle,,,,,8,2.212336778640747,,,
event:1794,particle:1794:13,event_has_top_particle,,,,,9,2.1502597332000732,,,
event:1794,particle:1794:7,event_has_top_particle,,,,,10,2.120159864425659,,,
event:1794,particle:1794:2,event_has_top_particle,,,,,11,2.076927661895752,,,
event:1794,particle:1794:3,event_has_top_particle,,,,,12,1.9665547609329224,,,
event:1794,particle:1794:9,event_has_top_particle,,,,,13,1.9139565229415894,,,
event:1794,particle:1794:6,event_has_top_particle,,,,,14,1.8981132507324219,,,
event:1794,particle:1794:4,event_has_top_particle,,,,,15,1.8652772903442383,,,
event:1794,particle:1794:5,event_has_top_particle,,,,,16,1.8181113004684448,,,
event:1795,particle:1795:0,event_has_top_particle,,,,,1,4.568746566772461,,,
event:1795,particle:1795:15,event_has_top_particle,,,,,2,2.7139365673065186,,,
event:1795,particle:1795:1,event_has_top_particle,,,,,3,2.6991896629333496,,,
event:1795,particle:1795:20,event_has_top_particle,,,,,4,2.6827189922332764,,,
event:1795,particle:1795:2,event_has_top_particle,,,,,5,2.6137771606445312,,,
event:1795,particle:1795:23,event_has_top_particle,,,,,6,2.582613945007324,,,
event:1795,particle:1795:11,event_has_top_particle,,,,,7,2.5246732234954834,,,
event:1795,particle:1795:13,event_has_top_particle,,,,,8,2.4873578548431396,,,
event:1795,particle:1795:21,event_has_top_particle,,,,,9,2.431100606918335,,,
event:1795,particle:1795:7,event_has_top_particle,,,,,10,2.3602347373962402,,,
event:1795,particle:1795:4,event_has_top_particle,,,,,11,2.3541362285614014,,,
event:1795,particle:1795:12,event_has_top_particle,,,,,12,2.2857725620269775,,,
event:1795,particle:1795:22,event_has_top_particle,,,,,13,2.2837512493133545,,,
event:1795,particle:1795:24,event_has_top_particle,,,,,14,2.2673399448394775,,,
event:1795,particle:1795:5,event_has_top_particle,,,,,15,2.2406294345855713,,,
event:1795,particle:1795:17,event_has_top_particle,,,,,16,2.2007319927215576,,,
event:1796,particle:1796:0,event_has_top_particle,,,,,1,4.655887126922607,,,
event:1796,particle:1796:6,event_has_top_particle,,,,,2,2.9408681392669678,,,
event:1796,particle:1796:3,event_has_top_particle,,,,,3,2.6989517211914062,,,
event:1796,particle:1796:16,event_has_top_particle,,,,,4,2.49765682220459,,,
event:1796,particle:1796:11,event_has_top_particle,,,,,5,2.452493667602539,,,
event:1796,particle:1796:9,event_has_top_particle,,,,,6,2.411731481552124,,,
event:1796,particle:1796:13,event_has_top_particle,,,,,7,2.4025628566741943,,,
event:1796,particle:1796:5,event_has_top_particle,,,,,8,2.35469651222229,,,
event:1796,particle:1796:4,event_has_top_particle,,,,,9,2.3046698570251465,,,
event:1796,particle:1796:15,event_has_top_particle,,,,,10,2.297008752822876,,,
event:1796,particle:1796:1,event_has_top_particle,,,,,11,2.2604660987854004,,,
event:1796,particle:1796:10,event_has_top_particle,,,,,12,2.1913208961486816,,,
event:1796,particle:1796:8,event_has_top_particle,,,,,13,2.1420199871063232,,,
event:1796,particle:1796:14,event_has_top_particle,,,,,14,2.1316606998443604,,,
event:1796,particle:1796:2,event_has_top_particle,,,,,15,2.1138381958007812,,,
event:1796,particle:1796:7,event_has_top_particle,,,,,16,2.0791175365448,,,
event:1810,particle:1810:0,event_has_top_particle,,,,,1,5.010021209716797,,,
event:1810,particle:1810:2,event_has_top_particle,,,,,2,2.5252866744995117,,,
event:1810,particle:1810:1,event_has_top_particle,,,,,3,2.512484312057495,,,
event:1810,particle:1810:26,event_has_top_particle,,,,,4,2.4549033641815186,,,
event:1810,particle:1810:38,event_has_top_particle,,,,,5,2.441828727722168,,,
event:1810,particle:1810:24,event_has_top_particle,,,,,6,2.4135870933532715,,,
event:1810,particle:1810:34,event_has_top_particle,,,,,7,2.4001708030700684,,,
event:1810,particle:1810:4,event_has_top_particle,,,,,8,2.3671348094940186,,,
event:1810,particle:1810:23,event_has_top_particle,,,,,9,2.354505777359009,,,
event:1810,particle:1810:20,event_has_top_particle,,,,,10,2.316263437271118,,,
event:1810,particle:1810:21,event_has_top_particle,,,,,11,2.3124938011169434,,,
event:1810,particle:1810:16,event_has_top_particle,,,,,12,2.279278039932251,,,
event:1810,particle:1810:25,event_has_top_particle,,,,,13,2.272756338119507,,,
event:1810,particle:1810:3,event_has_top_particle,,,,,14,2.2690696716308594,,,
event:1810,particle:1810:14,event_has_top_particle,,,,,15,2.2486932277679443,,,
event:1810,particle:1810:36,event_has_top_particle,,,,,16,2.241300582885742,,,
event:1825,particle:1825:0,event_has_top_particle,,,,,1,4.755005359649658,,,
event:1825,particle:1825:17,event_has_top_particle,,,,,2,2.9355597496032715,,,
event:1825,particle:1825:32,event_has_top_particle,,,,,3,2.8296337127685547,,,
event:1825,particle:1825:14,event_has_top_particle,,,,,4,2.673927068710327,,,
event:1825,particle:1825:36,event_has_top_particle,,,,,5,2.412245512008667,,,
event:1825,particle:1825:10,event_has_top_particle,,,,,6,2.374690294265747,,,
event:1825,particle:1825:16,event_has_top_particle,,,,,7,2.2719905376434326,,,
event:1825,particle:1825:26,event_has_top_particle,,,,,8,2.208376169204712,,,
event:1825,particle:1825:35,event_has_top_particle,,,,,9,2.155994415283203,,,
event:1825,particle:1825:23,event_has_top_particle,,,,,10,2.122999668121338,,,
event:1825,particle:1825:30,event_has_top_particle,,,,,11,2.122601270675659,,,
event:1825,particle:1825:8,event_has_top_particle,,,,,12,2.1094913482666016,,,
event:1825,particle:1825:33,event_has_top_particle,,,,,13,2.1087241172790527,,,
event:1825,particle:1825:25,event_has_top_particle,,,,,14,2.1063499450683594,,,
event:1825,particle:1825:29,event_has_top_particle,,,,,15,2.104631185531616,,,
event:1825,particle:1825:21,event_has_top_particle,,,,,16,2.0957469940185547,,,
event:1839,particle:1839:0,event_has_top_particle,,,,,1,4.910768508911133,,,
event:1839,particle:1839:13,event_has_top_particle,,,,,2,2.458705186843872,,,
event:1839,particle:1839:9,event_has_top_particle,,,,,3,2.4577133655548096,,,
event:1839,particle:1839:1,event_has_top_particle,,,,,4,2.387671947479248,,,
event:1839,particle:1839:7,event_has_top_particle,,,,,5,2.372563362121582,,,
event:1839,particle:1839:2,event_has_top_particle,,,,,6,2.325479745864868,,,
event:1839,particle:1839:8,event_has_top_particle,,,,,7,2.322430372238159,,,
event:1839,particle:1839:12,event_has_top_particle,,,,,8,2.2999463081359863,,,
event:1839,particle:1839:16,event_has_top_particle,,,,,9,2.2712693214416504,,,
event:1839,particle:1839:14,event_has_top_particle,,,,,10,2.1712493896484375,,,
event:1839,particle:1839:15,event_has_top_particle,,,,,11,2.170874834060669,,,
event:1839,particle:1839:5,event_has_top_particle,,,,,12,2.147125720977783,,,
event:1839,particle:1839:6,event_has_top_particle,,,,,13,2.124650716781616,,,
event:1839,particle:1839:4,event_has_top_particle,,,,,14,2.1156232357025146,,,
event:1839,particle:1839:10,event_has_top_particle,,,,,15,2.107910633087158,,,
event:1839,particle:1839:11,event_has_top_particle,,,,,16,2.0753085613250732,,,
event:1840,particle:1840:0,event_has_top_particle,,,,,1,4.632962226867676,,,
event:1840,particle:1840:37,event_has_top_particle,,,,,2,3.0484719276428223,,,
event:1840,particle:1840:7,event_has_top_particle,,,,,3,3.0365467071533203,,,
event:1840,particle:1840:33,event_has_top_particle,,,,,4,2.746464729309082,,,
event:1840,particle:1840:30,event_has_top_particle,,,,,5,2.6586833000183105,,,
event:1840,particle:1840:25,event_has_top_particle,,,,,6,2.617689371109009,,,
event:1840,particle:1840:24,event_has_top_particle,,,,,7,2.6118979454040527,,,
event:1840,particle:1840:20,event_has_top_particle,,,,,8,2.576756238937378,,,
event:1840,particle:1840:42,event_has_top_particle,,,,,9,2.517836809158325,,,
event:1840,particle:1840:28,event_has_top_particle,,,,,10,2.4898149967193604,,,
event:1840,particle:1840:29,event_has_top_particle,,,,,11,2.489169120788574,,,
event:1840,particle:1840:2,event_has_top_particle,,,,,12,2.397829055786133,,,
event:1840,particle:1840:17,event_has_top_particle,,,,,13,2.3257086277008057,,,
event:1840,particle:1840:1,event_has_top_particle,,,,,14,2.324779987335205,,,
event:1840,particle:1840:35,event_has_top_particle,,,,,15,2.318448543548584,,,
event:1840,particle:1840:13,event_has_top_particle,,,,,16,2.3149991035461426,,,
event:1843,particle:1843:0,event_has_top_particle,,,,,1,4.536590099334717,,,
event:1843,particle:1843:30,event_has_top_particle,,,,,2,2.8442389965057373,,,
event:1843,particle:1843:29,event_has_top_particle,,,,,3,2.5060458183288574,,,
event:1843,particle:1843:10,event_has_top_particle,,,,,4,2.474149227142334,,,
event:1843,particle:1843:19,event_has_top_particle,,,,,5,2.3999547958374023,,,
event:1843,particle:1843:32,event_has_top_particle,,,,,6,2.338770627975464,,,
event:1843,particle:1843:23,event_has_top_particle,,,,,7,2.260162115097046,,,
event:1843,particle:1843:6,event_has_top_particle,,,,,8,2.2160348892211914,,,
event:1843,particle:1843:31,event_has_top_particle,,,,,9,2.1779961585998535,,,
event:1843,particle:1843:15,event_has_top_particle,,,,,10,2.0938467979431152,,,
event:1843,particle:1843:13,event_has_top_particle,,,,,11,1.9545029401779175,,,
event:1843,particle:1843:20,event_has_top_particle,,,,,12,1.9501101970672607,,,
event:1843,particle:1843:28,event_has_top_particle,,,,,13,1.875096321105957,,,
event:1843,particle:1843:27,event_has_top_particle,,,,,14,1.7886439561843872,,,
event:1843,particle:1843:18,event_has_top_particle,,,,,15,1.766701579093933,,,
event:1843,particle:1843:12,event_has_top_particle,,,,,16,1.7457001209259033,,,
event:1845,particle:1845:0,event_has_top_particle,,,,,1,4.737367153167725,,,
event:1845,particle:1845:29,event_has_top_particle,,,,,2,2.9068431854248047,,,
event:1845,particle:1845:16,event_has_top_particle,,,,,3,2.509937286376953,,,
event:1845,particle:1845:1,event_has_top_particle,,,,,4,2.478248119354248,,,
event:1845,particle:1845:9,event_has_top_particle,,,,,5,2.336951971054077,,,
event:1845,particle:1845:19,event_has_top_particle,,,,,6,2.3143930435180664,,,
event:1845,particle:1845:12,event_has_top_particle,,,,,7,2.2949681282043457,,,
event:1845,particle:1845:3,event_has_top_particle,,,,,8,2.272773265838623,,,
event:1845,particle:1845:26,event_has_top_particle,,,,,9,2.231438398361206,,,
event:1845,particle:1845:28,event_has_top_particle,,,,,10,2.210360050201416,,,
event:1845,particle:1845:2,event_has_top_particle,,,,,11,2.166736364364624,,,
event:1845,particle:1845:6,event_has_top_particle,,,,,12,2.164588689804077,,,
event:1845,particle:1845:4,event_has_top_particle,,,,,13,2.1232101917266846,,,
event:1845,particle:1845:20,event_has_top_particle,,,,,14,2.105832099914551,,,
event:1845,particle:1845:7,event_has_top_particle,,,,,15,2.082244634628296,,,
event:1845,particle:1845:27,event_has_top_particle,,,,,16,2.075878858566284,,,
event:1846,particle:1846:0,event_has_top_particle,,,,,1,4.491070747375488,,,
event:1846,particle:1846:24,event_has_top_particle,,,,,2,2.883434295654297,,,
event:1846,particle:1846:22,event_has_top_particle,,,,,3,2.8108417987823486,,,
event:1846,particle:1846:16,event_has_top_particle,,,,,4,2.719597101211548,,,
event:1846,particle:1846:21,event_has_top_particle,,,,,5,2.6176860332489014,,,
event:1846,particle:1846:1,event_has_top_particle,,,,,6,2.587780714035034,,,
event:1846,particle:1846:26,event_has_top_particle,,,,,7,2.5097603797912598,,,
event:1846,particle:1846:27,event_has_top_particle,,,,,8,2.479921579360962,,,
event:1846,particle:1846:3,event_has_top_particle,,,,,9,2.393503427505493,,,
event:1846,particle:1846:18,event_has_top_particle,,,,,10,2.376361608505249,,,
event:1846,particle:1846:25,event_has_top_particle,,,,,11,2.370861053466797,,,
event:1846,particle:1846:11,event_has_top_particle,,,,,12,2.3498570919036865,,,
event:1846,particle:1846:23,event_has_top_particle,,,,,13,2.2830092906951904,,,
event:1846,particle:1846:6,event_has_top_particle,,,,,14,2.2647876739501953,,,
event:1846,particle:1846:2,event_has_top_particle,,,,,15,2.2609901428222656,,,
event:1846,particle:1846:5,event_has_top_particle,,,,,16,2.2586793899536133,,,
event:1876,particle:1876:0,event_has_top_particle,,,,,1,4.502246856689453,,,
event:1876,particle:1876:1,event_has_top_particle,,,,,2,2.740466833114624,,,
event:1876,particle:1876:24,event_has_top_particle,,,,,3,2.7367331981658936,,,
event:1876,particle:1876:21,event_has_top_particle,,,,,4,2.731478691101074,,,
event:1876,particle:1876:16,event_has_top_particle,,,,,5,2.567166328430176,,,
event:1876,particle:1876:13,event_has_top_particle,,,,,6,2.493823766708374,,,
event:1876,particle:1876:2,event_has_top_particle,,,,,7,2.440196990966797,,,
event:1876,particle:1876:20,event_has_top_particle,,,,,8,2.3947396278381348,,,
event:1876,particle:1876:22,event_has_top_particle,,,,,9,2.300363302230835,,,
event:1876,particle:1876:23,event_has_top_particle,,,,,10,2.288236379623413,,,
event:1876,particle:1876:10,event_has_top_particle,,,,,11,2.253648519515991,,,
event:1876,particle:1876:3,event_has_top_particle,,,,,12,2.2011826038360596,,,
event:1876,particle:1876:4,event_has_top_particle,,,,,13,2.1998202800750732,,,
event:1876,particle:1876:17,event_has_top_particle,,,,,14,2.1952545642852783,,,
event:1876,particle:1876:14,event_has_top_particle,,,,,15,2.1753244400024414,,,
event:1876,particle:1876:18,event_has_top_particle,,,,,16,2.1365909576416016,,,
event:1884,particle:1884:0,event_has_top_particle,,,,,1,4.657381057739258,,,
event:1884,particle:1884:11,event_has_top_particle,,,,,2,3.17675518989563,,,
event:1884,particle:1884:14,event_has_top_particle,,,,,3,2.8963422775268555,,,
event:1884,particle:1884:1,event_has_top_particle,,,,,4,2.678778648376465,,,
event:1884,particle:1884:17,event_has_top_particle,,,,,5,2.516361951828003,,,
event:1884,particle:1884:15,event_has_top_particle,,,,,6,2.4983437061309814,,,
event:1884,particle:1884:16,event_has_top_particle,,,,,7,2.3914921283721924,,,
event:1884,particle:1884:2,event_has_top_particle,,,,,8,2.2624471187591553,,,
event:1884,particle:1884:7,event_has_top_particle,,,,,9,2.2577667236328125,,,
event:1884,particle:1884:12,event_has_top_particle,,,,,10,2.2516767978668213,,,
event:1884,particle:1884:18,event_has_top_particle,,,,,11,2.242769241333008,,,
event:1884,particle:1884:6,event_has_top_particle,,,,,12,2.220076560974121,,,
event:1884,particle:1884:3,event_has_top_particle,,,,,13,2.203582286834717,,,
event:1884,particle:1884:5,event_has_top_particle,,,,,14,2.2028236389160156,,,
event:1884,particle:1884:8,event_has_top_particle,,,,,15,2.179995059967041,,,
event:1884,particle:1884:13,event_has_top_particle,,,,,16,2.130185127258301,,,
event:1886,particle:1886:0,event_has_top_particle,,,,,1,4.523018836975098,,,
event:1886,particle:1886:6,event_has_top_particle,,,,,2,2.6427323818206787,,,
event:1886,particle:1886:1,event_has_top_particle,,,,,3,2.630655527114868,,,
event:1886,particle:1886:4,event_has_top_particle,,,,,4,2.591867446899414,,,
event:1886,particle:1886:8,event_has_top_particle,,,,,5,2.5441808700561523,,,
event:1886,particle:1886:9,event_has_top_particle,,,,,6,2.5223002433776855,,,
event:1886,particle:1886:7,event_has_top_particle,,,,,7,2.3392815589904785,,,
event:1886,particle:1886:3,event_has_top_particle,,,,,8,2.2294373512268066,,,
event:1886,particle:1886:2,event_has_top_particle,,,,,9,2.1578285694122314,,,
event:1886,particle:1886:5,event_has_top_particle,,,,,10,2.01117205619812,,,
event:1898,particle:1898:0,event_has_top_particle,,,,,1,4.556637287139893,,,
event:1898,particle:1898:1,event_has_top_particle,,,,,2,2.867772102355957,,,
event:1898,particle:1898:12,event_has_top_particle,,,,,3,2.8395936489105225,,,
event:1898,particle:1898:11,event_has_top_particle,,,,,4,2.8150925636291504,,,
event:1898,particle:1898:7,event_has_top_particle,,,,,5,2.646815538406372,,,
event:1898,particle:1898:3,event_has_top_particle,,,,,6,2.597667694091797,,,
event:1898,particle:1898:21,event_has_top_particle,,,,,7,2.5216729640960693,,,
event:1898,particle:1898:16,event_has_top_particle,,,,,8,2.3778653144836426,,,
event:1898,particle:1898:8,event_has_top_particle,,,,,9,2.344430923461914,,,
event:1898,particle:1898:10,event_has_top_particle,,,,,10,2.3295493125915527,,,
event:1898,particle:1898:19,event_has_top_particle,,,,,11,2.320356607437134,,,
event:1898,particle:1898:20,event_has_top_particle,,,,,12,2.2775111198425293,,,
event:1898,particle:1898:9,event_has_top_particle,,,,,13,2.2676353454589844,,,
event:1898,particle:1898:2,event_has_top_particle,,,,,14,2.2483437061309814,,,
event:1898,particle:1898:18,event_has_top_particle,,,,,15,2.214411973953247,,,
event:1898,particle:1898:13,event_has_top_particle,,,,,16,2.189600944519043,,,
event:1911,particle:1911:0,event_has_top_particle,,,,,1,4.494836330413818,,,
event:1911,particle:1911:13,event_has_top_particle,,,,,2,2.5223207473754883,,,
event:1911,particle:1911:16,event_has_top_particle,,,,,3,2.4758546352386475,,,
event:1911,particle:1911:22,event_has_top_particle,,,,,4,2.418808937072754,,,
event:1911,particle:1911:24,event_has_top_particle,,,,,5,2.396261215209961,,,
event:1911,particle:1911:9,event_has_top_particle,,,,,6,2.364933729171753,,,
event:1911,particle:1911:23,event_has_top_particle,,,,,7,2.3547520637512207,,,
event:1911,particle:1911:12,event_has_top_particle,,,,,8,2.3337109088897705,,,
event:1911,particle:1911:1,event_has_top_particle,,,,,9,2.283092498779297,,,
event:1911,particle:1911:3,event_has_top_particle,,,,,10,2.282273769378662,,,
event:1911,particle:1911:6,event_has_top_particle,,,,,11,2.281704902648926,,,
event:1911,particle:1911:2,event_has_top_particle,,,,,12,2.279482126235962,,,
event:1911,particle:1911:10,event_has_top_particle,,,,,13,2.2718586921691895,,,
event:1911,particle:1911:18,event_has_top_particle,,,,,14,2.2605369091033936,,,
event:1911,particle:1911:15,event_has_top_particle,,,,,15,2.2084736824035645,,,
event:1911,particle:1911:20,event_has_top_particle,,,,,16,2.202096462249756,,,
event:1919,particle:1919:0,event_has_top_particle,,,,,1,4.595426082611084,,,
event:1919,particle:1919:1,event_has_top_particle,,,,,2,2.577191114425659,,,
event:1919,particle:1919:23,event_has_top_particle,,,,,3,2.467515230178833,,,
event:1919,particle:1919:31,event_has_top_particle,,,,,4,2.4410758018493652,,,
event:1919,particle:1919:21,event_has_top_particle,,,,,5,2.363760471343994,,,
event:1919,particle:1919:22,event_has_top_particle,,,,,6,2.347862958908081,,,
event:1919,particle:1919:33,event_has_top_particle,,,,,7,2.3456809520721436,,,
event:1919,particle:1919:14,event_has_top_particle,,,,,8,2.284315586090088,,,
event:1919,particle:1919:5,event_has_top_particle,,,,,9,2.248136281967163,,,
event:1919,particle:1919:6,event_has_top_particle,,,,,10,2.185807943344116,,,
event:1919,particle:1919:32,event_has_top_particle,,,,,11,2.1663033962249756,,,
event:1919,particle:1919:34,event_has_top_particle,,,,,12,2.1655020713806152,,,
event:1919,particle:1919:26,event_has_top_particle,,,,,13,2.0616276264190674,,,
event:1919,particle:1919:29,event_has_top_particle,,,,,14,2.0599186420440674,,,
event:1919,particle:1919:27,event_has_top_particle,,,,,15,2.0507965087890625,,,
event:1919,particle:1919:12,event_has_top_particle,,,,,16,2.034471035003662,,,
event:1920,particle:1920:0,event_has_top_particle,,,,,1,4.602072238922119,,,
event:1920,particle:1920:16,event_has_top_particle,,,,,2,2.8084425926208496,,,
event:1920,particle:1920:3,event_has_top_particle,,,,,3,2.418187379837036,,,
event:1920,particle:1920:20,event_has_top_particle,,,,,4,2.3807103633880615,,,
event:1920,particle:1920:1,event_has_top_particle,,,,,5,2.3133342266082764,,,
event:1920,particle:1920:22,event_has_top_particle,,,,,6,2.2740213871002197,,,
event:1920,particle:1920:9,event_has_top_particle,,,,,7,2.213437557220459,,,
event:1920,particle:1920:19,event_has_top_particle,,,,,8,2.191993236541748,,,
event:1920,particle:1920:21,event_has_top_particle,,,,,9,2.180185556411743,,,
event:1920,particle:1920:11,event_has_top_particle,,,,,10,2.146519899368286,,,
event:1920,particle:1920:15,event_has_top_particle,,,,,11,2.051929235458374,,,
event:1920,particle:1920:18,event_has_top_particle,,,,,12,2.037644624710083,,,
event:1920,particle:1920:13,event_has_top_particle,,,,,13,2.037442922592163,,,
event:1920,particle:1920:14,event_has_top_particle,,,,,14,2.018854856491089,,,
event:1920,particle:1920:2,event_has_top_particle,,,,,15,2.0020172595977783,,,
event:1920,particle:1920:17,event_has_top_particle,,,,,16,1.9768930673599243,,,
event:1922,particle:1922:0,event_has_top_particle,,,,,1,4.974564552307129,,,
event:1922,particle:1922:23,event_has_top_particle,,,,,2,2.547701358795166,,,
event:1922,particle:1922:2,event_has_top_particle,,,,,3,2.5312693119049072,,,
event:1922,particle:1922:1,event_has_top_particle,,,,,4,2.450087547302246,,,
event:1922,particle:1922:9,event_has_top_particle,,,,,5,2.4420406818389893,,,
event:1922,particle:1922:11,event_has_top_particle,,,,,6,2.418550729751587,,,
event:1922,particle:1922:24,event_has_top_particle,,,,,7,2.3654792308807373,,,
event:1922,particle:1922:25,event_has_top_particle,,,,,8,2.3586058616638184,,,
event:1922,particle:1922:21,event_has_top_particle,,,,,9,2.331608533859253,,,
event:1922,particle:1922:18,event_has_top_particle,,,,,10,2.325103759765625,,,
event:1922,particle:1922:17,event_has_top_particle,,,,,11,2.310455083847046,,,
event:1922,particle:1922:22,event_has_top_particle,,,,,12,2.28603458404541,,,
event:1922,particle:1922:6,event_has_top_particle,,,,,13,2.2736124992370605,,,
event:1922,particle:1922:19,event_has_top_particle,,,,,14,2.22719669342041,,,
event:1922,particle:1922:16,event_has_top_particle,,,,,15,2.2062458992004395,,,
event:1922,particle:1922:4,event_has_top_particle,,,,,16,2.126628875732422,,,
event:1928,particle:1928:1,event_has_top_particle,,,,,1,4.53439474105835,,,
event:1928,particle:1928:0,event_has_top_particle,,,,,2,3.417006492614746,,,
event:1928,particle:1928:2,event_has_top_particle,,,,,3,3.324406385421753,,,
event:1928,particle:1928:39,event_has_top_particle,,,,,4,3.272162437438965,,,
event:1928,particle:1928:41,event_has_top_particle,,,,,5,3.074549913406372,,,
event:1928,particle:1928:3,event_has_top_particle,,,,,6,2.95253324508667,,,
event:1928,particle:1928:4,event_has_top_particle,,,,,7,2.9510650634765625,,,
event:1928,particle:1928:36,event_has_top_particle,,,,,8,2.8681130409240723,,,
event:1928,particle:1928:35,event_has_top_particle,,,,,9,2.8675498962402344,,,
event:1928,particle:1928:38,event_has_top_particle,,,,,10,2.798689126968384,,,
event:1928,particle:1928:34,event_has_top_particle,,,,,11,2.7628161907196045,,,
event:1928,particle:1928:37,event_has_top_particle,,,,,12,2.747525215148926,,,
event:1928,particle:1928:5,event_has_top_particle,,,,,13,2.739497184753418,,,
event:1928,particle:1928:28,event_has_top_particle,,,,,14,2.736940383911133,,,
event:1928,particle:1928:40,event_has_top_particle,,,,,15,2.7365968227386475,,,
event:1928,particle:1928:16,event_has_top_particle,,,,,16,2.5733799934387207,,,
event:1931,particle:1931:0,event_has_top_particle,,,,,1,4.593645095825195,,,
event:1931,particle:1931:1,event_has_top_particle,,,,,2,3.1944565773010254,,,
event:1931,particle:1931:24,event_has_top_particle,,,,,3,2.6227900981903076,,,
event:1931,particle:1931:7,event_has_top_particle,,,,,4,2.611955404281616,,,
event:1931,particle:1931:2,event_has_top_particle,,,,,5,2.508838176727295,,,
event:1931,particle:1931:3,event_has_top_particle,,,,,6,2.3393282890319824,,,
event:1931,particle:1931:19,event_has_top_particle,,,,,7,2.3029134273529053,,,
event:1931,particle:1931:5,event_has_top_particle,,,,,8,2.2813336849212646,,,
event:1931,particle:1931:20,event_has_top_particle,,,,,9,2.2637298107147217,,,
event:1931,particle:1931:10,event_has_top_particle,,,,,10,2.248795509338379,,,
event:1931,particle:1931:23,event_has_top_particle,,,,,11,2.216287851333618,,,
event:1931,particle:1931:4,event_has_top_particle,,,,,12,2.1756715774536133,,,
event:1931,particle:1931:13,event_has_top_particle,,,,,13,2.1390838623046875,,,
event:1931,particle:1931:22,event_has_top_particle,,,,,14,2.1194007396698,,,
event:1931,particle:1931:16,event_has_top_particle,,,,,15,2.0909931659698486,,,
event:1931,particle:1931:11,event_has_top_particle,,,,,16,2.089324474334717,,,
event:1941,particle:1941:0,event_has_top_particle,,,,,1,4.965881824493408,,,
event:1941,particle:1941:7,event_has_top_particle,,,,,2,2.698441743850708,,,
event:1941,particle:1941:20,event_has_top_particle,,,,,3,2.6829357147216797,,,
event:1941,particle:1941:24,event_has_top_particle,,,,,4,2.6053881645202637,,,
event:1941,particle:1941:12,event_has_top_particle,,,,,5,2.4653499126434326,,,
event:1941,particle:1941:21,event_has_top_particle,,,,,6,2.4116837978363037,,,
event:1941,particle:1941:23,event_has_top_particle,,,,,7,2.3812196254730225,,,
event:1941,particle:1941:16,event_has_top_particle,,,,,8,2.3167717456817627,,,
event:1941,particle:1941:17,event_has_top_particle,,,,,9,2.251471757888794,,,
event:1941,particle:1941:18,event_has_top_particle,,,,,10,2.24489426612854,,,
event:1941,particle:1941:2,event_has_top_particle,,,,,11,2.2387309074401855,,,
event:1941,particle:1941:22,event_has_top_particle,,,,,12,2.231766700744629,,,
event:1941,particle:1941:14,event_has_top_particle,,,,,13,2.2219390869140625,,,
event:1941,particle:1941:8,event_has_top_particle,,,,,14,2.1397194862365723,,,
event:1941,particle:1941:19,event_has_top_particle,,,,,15,2.139662981033325,,,
event:1941,particle:1941:11,event_has_top_particle,,,,,16,2.1231753826141357,,,
event:1942,particle:1942:0,event_has_top_particle,,,,,1,4.671593189239502,,,
event:1942,particle:1942:20,event_has_top_particle,,,,,2,2.9412925243377686,,,
event:1942,particle:1942:1,event_has_top_particle,,,,,3,2.9136223793029785,,,
event:1942,particle:1942:17,event_has_top_particle,,,,,4,2.7846105098724365,,,
event:1942,particle:1942:14,event_has_top_particle,,,,,5,2.4777374267578125,,,
event:1942,particle:1942:3,event_has_top_particle,,,,,6,2.47343111038208,,,
event:1942,particle:1942:22,event_has_top_particle,,,,,7,2.389814615249634,,,
event:1942,particle:1942:2,event_has_top_particle,,,,,8,2.3185670375823975,,,
event:1942,particle:1942:21,event_has_top_particle,,,,,9,2.304316520690918,,,
event:1942,particle:1942:24,event_has_top_particle,,,,,10,2.3022048473358154,,,
event:1942,particle:1942:23,event_has_top_particle,,,,,11,2.2901124954223633,,,
event:1942,particle:1942:15,event_has_top_particle,,,,,12,2.2479586601257324,,,
event:1942,particle:1942:6,event_has_top_particle,,,,,13,2.2464864253997803,,,
event:1942,particle:1942:9,event_has_top_particle,,,,,14,2.1642725467681885,,,
event:1942,particle:1942:4,event_has_top_particle,,,,,15,2.1620423793792725,,,
event:1942,particle:1942:8,event_has_top_particle,,,,,16,2.12119197845459,,,
event:1948,particle:1948:0,event_has_top_particle,,,,,1,4.663012981414795,,,
event:1948,particle:1948:6,event_has_top_particle,,,,,2,3.020108222961426,,,
event:1948,particle:1948:18,event_has_top_particle,,,,,3,2.718404531478882,,,
event:1948,particle:1948:5,event_has_top_particle,,,,,4,2.5889246463775635,,,
event:1948,particle:1948:2,event_has_top_particle,,,,,5,2.509791612625122,,,
event:1948,particle:1948:15,event_has_top_particle,,,,,6,2.440215826034546,,,
event:1948,particle:1948:11,event_has_top_particle,,,,,7,2.408679962158203,,,
event:1948,particle:1948:4,event_has_top_particle,,,,,8,2.4086341857910156,,,
event:1948,particle:1948:14,event_has_top_particle,,,,,9,2.2897911071777344,,,
event:1948,particle:1948:22,event_has_top_particle,,,,,10,2.2723701000213623,,,
event:1948,particle:1948:20,event_has_top_particle,,,,,11,2.240414619445801,,,
event:1948,particle:1948:8,event_has_top_particle,,,,,12,2.125962018966675,,,
event:1948,particle:1948:19,event_has_top_particle,,,,,13,2.084228277206421,,,
event:1948,particle:1948:3,event_has_top_particle,,,,,14,2.0556447505950928,,,
event:1948,particle:1948:17,event_has_top_particle,,,,,15,2.0321462154388428,,,
event:1948,particle:1948:9,event_has_top_particle,,,,,16,2.026118040084839,,,
event:1950,particle:1950:0,event_has_top_particle,,,,,1,4.844897270202637,,,
event:1950,particle:1950:24,event_has_top_particle,,,,,2,2.6423652172088623,,,
event:1950,particle:1950:7,event_has_top_particle,,,,,3,2.525218963623047,,,
event:1950,particle:1950:25,event_has_top_particle,,,,,4,2.5140862464904785,,,
event:1950,particle:1950:18,event_has_top_particle,,,,,5,2.3956222534179688,,,
event:1950,particle:1950:3,event_has_top_particle,,,,,6,2.3662643432617188,,,
event:1950,particle:1950:21,event_has_top_particle,,,,,7,2.340390682220459,,,
event:1950,particle:1950:20,event_has_top_particle,,,,,8,2.287358045578003,,,
event:1950,particle:1950:28,event_has_top_particle,,,,,9,2.240018606185913,,,
event:1950,particle:1950:1,event_has_top_particle,,,,,10,2.200540542602539,,,
event:1950,particle:1950:26,event_has_top_particle,,,,,11,2.17901349067688,,,
event:1950,particle:1950:19,event_has_top_particle,,,,,12,2.1629528999328613,,,
event:1950,particle:1950:16,event_has_top_particle,,,,,13,2.158259630203247,,,
event:1950,particle:1950:22,event_has_top_particle,,,,,14,2.145324230194092,,,
event:1950,particle:1950:10,event_has_top_particle,,,,,15,2.115511417388916,,,
event:1950,particle:1950:2,event_has_top_particle,,,,,16,2.1071300506591797,,,
event:1961,particle:1961:0,event_has_top_particle,,,,,1,4.7613043785095215,,,
event:1961,particle:1961:13,event_has_top_particle,,,,,2,2.697648525238037,,,
event:1961,particle:1961:17,event_has_top_particle,,,,,3,2.64290452003479,,,
event:1961,particle:1961:20,event_has_top_particle,,,,,4,2.312605381011963,,,
event:1961,particle:1961:19,event_has_top_particle,,,,,5,2.3064160346984863,,,
event:1961,particle:1961:1,event_has_top_particle,,,,,6,2.2128772735595703,,,
event:1961,particle:1961:18,event_has_top_particle,,,,,7,2.187443494796753,,,
event:1961,particle:1961:7,event_has_top_particle,,,,,8,2.138167381286621,,,
event:1961,particle:1961:15,event_has_top_particle,,,,,9,2.10909366607666,,,
event:1961,particle:1961:16,event_has_top_particle,,,,,10,2.1049602031707764,,,
event:1961,particle:1961:2,event_has_top_particle,,,,,11,2.0276870727539062,,,
event:1961,particle:1961:8,event_has_top_particle,,,,,12,1.9773021936416626,,,
event:1961,particle:1961:12,event_has_top_particle,,,,,13,1.9431793689727783,,,
event:1961,particle:1961:11,event_has_top_particle,,,,,14,1.9414321184158325,,,
event:1961,particle:1961:14,event_has_top_particle,,,,,15,1.939100742340088,,,
event:1961,particle:1961:9,event_has_top_particle,,,,,16,1.9094762802124023,,,
event:1962,particle:1962:0,event_has_top_particle,,,,,1,4.613985061645508,,,
event:1962,particle:1962:27,event_has_top_particle,,,,,2,3.258378267288208,,,
event:1962,particle:1962:1,event_has_top_particle,,,,,3,3.108290195465088,,,
event:1962,particle:1962:2,event_has_top_particle,,,,,4,2.5474700927734375,,,
event:1962,particle:1962:22,event_has_top_particle,,,,,5,2.4673657417297363,,,
event:1962,particle:1962:5,event_has_top_particle,,,,,6,2.4170644283294678,,,
event:1962,particle:1962:20,event_has_top_particle,,,,,7,2.4005579948425293,,,
event:1962,particle:1962:25,event_has_top_particle,,,,,8,2.3281009197235107,,,
event:1962,particle:1962:26,event_has_top_particle,,,,,9,2.312861442565918,,,
event:1962,particle:1962:3,event_has_top_particle,,,,,10,2.31184983253479,,,
event:1962,particle:1962:4,event_has_top_particle,,,,,11,2.3083417415618896,,,
event:1962,particle:1962:23,event_has_top_particle,,,,,12,2.2920796871185303,,,
event:1962,particle:1962:13,event_has_top_particle,,,,,13,2.2812788486480713,,,
event:1962,particle:1962:21,event_has_top_particle,,,,,14,2.244924545288086,,,
event:1962,particle:1962:14,event_has_top_particle,,,,,15,2.169297933578491,,,
event:1962,particle:1962:24,event_has_top_particle,,,,,16,2.162752151489258,,,
event:1967,particle:1967:0,event_has_top_particle,,,,,1,4.537710189819336,,,
event:1967,particle:1967:22,event_has_top_particle,,,,,2,2.7833685874938965,,,
event:1967,particle:1967:1,event_has_top_particle,,,,,3,2.348529100418091,,,
event:1967,particle:1967:18,event_has_top_particle,,,,,4,2.296741485595703,,,
event:1967,particle:1967:23,event_has_top_particle,,,,,5,2.2640538215637207,,,
event:1967,particle:1967:24,event_has_top_particle,,,,,6,2.2556121349334717,,,
event:1967,particle:1967:21,event_has_top_particle,,,,,7,2.2389090061187744,,,
event:1967,particle:1967:15,event_has_top_particle,,,,,8,2.217141628265381,,,
event:1967,particle:1967:25,event_has_top_particle,,,,,9,2.1564197540283203,,,
event:1967,particle:1967:19,event_has_top_particle,,,,,10,2.095132350921631,,,
event:1967,particle:1967:14,event_has_top_particle,,,,,11,2.0482330322265625,,,
event:1967,particle:1967:2,event_has_top_particle,,,,,12,2.0231547355651855,,,
event:1967,particle:1967:3,event_has_top_particle,,,,,13,2.0054147243499756,,,
event:1967,particle:1967:10,event_has_top_particle,,,,,14,2.0021300315856934,,,
event:1967,particle:1967:20,event_has_top_particle,,,,,15,1.9725366830825806,,,
event:1967,particle:1967:4,event_has_top_particle,,,,,16,1.9670482873916626,,,
event:1971,particle:1971:0,event_has_top_particle,,,,,1,4.654879570007324,,,
event:1971,particle:1971:2,event_has_top_particle,,,,,2,2.778759002685547,,,
event:1971,particle:1971:1,event_has_top_particle,,,,,3,2.775562047958374,,,
event:1971,particle:1971:9,event_has_top_particle,,,,,4,2.7387351989746094,,,
event:1971,particle:1971:7,event_has_top_particle,,,,,5,2.6989829540252686,,,
event:1971,particle:1971:12,event_has_top_particle,,,,,6,2.505978584289551,,,
event:1971,particle:1971:10,event_has_top_particle,,,,,7,2.3975138664245605,,,
event:1971,particle:1971:11,event_has_top_particle,,,,,8,2.3965446949005127,,,
event:1971,particle:1971:3,event_has_top_particle,,,,,9,2.3940224647521973,,,
event:1971,particle:1971:5,event_has_top_particle,,,,,10,2.3798885345458984,,,
event:1971,particle:1971:17,event_has_top_particle,,,,,11,2.3347702026367188,,,
event:1971,particle:1971:20,event_has_top_particle,,,,,12,2.3234217166900635,,,
event:1971,particle:1971:8,event_has_top_particle,,,,,13,2.289522409439087,,,
event:1971,particle:1971:22,event_has_top_particle,,,,,14,2.2863550186157227,,,
event:1971,particle:1971:16,event_has_top_particle,,,,,15,2.2772679328918457,,,
event:1971,particle:1971:19,event_has_top_particle,,,,,16,2.190411329269409,,,
event:1972,particle:1972:0,event_has_top_particle,,,,,1,4.617560863494873,,,
event:1972,particle:1972:1,event_has_top_particle,,,,,2,3.2308149337768555,,,
event:1972,particle:1972:9,event_has_top_particle,,,,,3,2.8343405723571777,,,
event:1972,particle:1972:23,event_has_top_particle,,,,,4,2.751426935195923,,,
event:1972,particle:1972:3,event_has_top_particle,,,,,5,2.532552719116211,,,
event:1972,particle:1972:4,event_has_top_particle,,,,,6,2.453829526901245,,,
event:1972,particle:1972:18,event_has_top_particle,,,,,7,2.445978879928589,,,
event:1972,particle:1972:20,event_has_top_particle,,,,,8,2.4376399517059326,,,
event:1972,particle:1972:2,event_has_top_particle,,,,,9,2.410985231399536,,,
event:1972,particle:1972:24,event_has_top_particle,,,,,10,2.335942506790161,,,
event:1972,particle:1972:7,event_has_top_particle,,,,,11,2.3299973011016846,,,
event:1972,particle:1972:11,event_has_top_particle,,,,,12,2.2928309440612793,,,
event:1972,particle:1972:12,event_has_top_particle,,,,,13,2.2878811359405518,,,
event:1972,particle:1972:14,event_has_top_particle,,,,,14,2.281619071960449,,,
event:1972,particle:1972:22,event_has_top_particle,,,,,15,2.2533035278320312,,,
event:1972,particle:1972:21,event_has_top_particle,,,,,16,2.2397477626800537,,,
event:1984,particle:1984:0,event_has_top_particle,,,,,1,4.510969638824463,,,
event:1984,particle:1984:1,event_has_top_particle,,,,,2,2.83074951171875,,,
event:1984,particle:1984:5,event_has_top_particle,,,,,3,2.7903685569763184,,,
event:1984,particle:1984:16,event_has_top_particle,,,,,4,2.546369791030884,,,
event:1984,particle:1984:12,event_has_top_particle,,,,,5,2.506659984588623,,,
event:1984,particle:1984:14,event_has_top_particle,,,,,6,2.457343578338623,,,
event:1984,particle:1984:10,event_has_top_particle,,,,,7,2.4328296184539795,,,
event:1984,particle:1984:15,event_has_top_particle,,,,,8,2.429497480392456,,,
event:1984,particle:1984:2,event_has_top_particle,,,,,9,2.3945066928863525,,,
event:1984,particle:1984:9,event_has_top_particle,,,,,10,2.3861262798309326,,,
event:1984,particle:1984:3,event_has_top_particle,,,,,11,2.364413261413574,,,
event:1984,particle:1984:4,event_has_top_particle,,,,,12,2.3327441215515137,,,
event:1984,particle:1984:7,event_has_top_particle,,,,,13,2.224998950958252,,,
event:1984,particle:1984:13,event_has_top_particle,,,,,14,2.2246596813201904,,,
event:1984,particle:1984:6,event_has_top_particle,,,,,15,2.1706106662750244,,,
event:1984,particle:1984:8,event_has_top_particle,,,,,16,2.168947219848633,,,
event:1989,particle:1989:0,event_has_top_particle,,,,,1,4.944884300231934,,,
event:1989,particle:1989:7,event_has_top_particle,,,,,2,2.7619616985321045,,,
event:1989,particle:1989:30,event_has_top_particle,,,,,3,2.5746395587921143,,,
event:1989,particle:1989:27,event_has_top_particle,,,,,4,2.5582075119018555,,,
event:1989,particle:1989:6,event_has_top_particle,,,,,5,2.4734232425689697,,,
event:1989,particle:1989:23,event_has_top_particle,,,,,6,2.465611219406128,,,
event:1989,particle:1989:28,event_has_top_particle,,,,,7,2.393676280975342,,,
event:1989,particle:1989:17,event_has_top_particle,,,,,8,2.3913724422454834,,,
event:1989,particle:1989:4,event_has_top_particle,,,,,9,2.386984348297119,,,
event:1989,particle:1989:9,event_has_top_particle,,,,,10,2.338456153869629,,,
event:1989,particle:1989:18,event_has_top_particle,,,,,11,2.3338065147399902,,,
event:1989,particle:1989:29,event_has_top_particle,,,,,12,2.325671434402466,,,
event:1989,particle:1989:22,event_has_top_particle,,,,,13,2.2694084644317627,,,
event:1989,particle:1989:12,event_has_top_particle,,,,,14,2.2536211013793945,,,
event:1989,particle:1989:15,event_has_top_particle,,,,,15,2.2528655529022217,,,
event:1989,particle:1989:31,event_has_top_particle,,,,,16,2.249716281890869,,,
event:1992,particle:1992:0,event_has_top_particle,,,,,1,4.761325359344482,,,
event:1992,particle:1992:1,event_has_top_particle,,,,,2,3.2067790031433105,,,
event:1992,particle:1992:18,event_has_top_particle,,,,,3,2.6944568157196045,,,
event:1992,particle:1992:16,event_has_top_particle,,,,,4,2.4376630783081055,,,
event:1992,particle:1992:9,event_has_top_particle,,,,,5,2.4287209510803223,,,
event:1992,particle:1992:15,event_has_top_particle,,,,,6,2.3785998821258545,,,
event:1992,particle:1992:2,event_has_top_particle,,,,,7,2.357133150100708,,,
event:1992,particle:1992:14,event_has_top_particle,,,,,8,2.3381874561309814,,,
event:1992,particle:1992:17,event_has_top_particle,,,,,9,2.316774845123291,,,
event:1992,particle:1992:4,event_has_top_particle,,,,,10,2.2812705039978027,,,
event:1992,particle:1992:3,event_has_top_particle,,,,,11,2.1875691413879395,,,
event:1992,particle:1992:13,event_has_top_particle,,,,,12,2.168431282043457,,,
event:1992,particle:1992:10,event_has_top_particle,,,,,13,2.1390573978424072,,,
event:1992,particle:1992:12,event_has_top_particle,,,,,14,2.0585827827453613,,,
event:1992,particle:1992:11,event_has_top_particle,,,,,15,1.9893970489501953,,,
event:1992,particle:1992:5,event_has_top_particle,,,,,16,1.9893172979354858,,,
event:1995,particle:1995:0,event_has_top_particle,,,,,1,4.72459077835083,,,
event:1995,particle:1995:6,event_has_top_particle,,,,,2,2.7132019996643066,,,
event:1995,particle:1995:30,event_has_top_particle,,,,,3,2.6840524673461914,,,
event:1995,particle:1995:9,event_has_top_particle,,,,,4,2.659160852432251,,,
event:1995,particle:1995:1,event_has_top_particle,,,,,5,2.5806684494018555,,,
event:1995,particle:1995:16,event_has_top_particle,,,,,6,2.569594144821167,,,
event:1995,particle:1995:2,event_has_top_particle,,,,,7,2.5484232902526855,,,
event:1995,particle:1995:3,event_has_top_particle,,,,,8,2.5254106521606445,,,
event:1995,particle:1995:4,event_has_top_particle,,,,,9,2.4715332984924316,,,
event:1995,particle:1995:13,event_has_top_particle,,,,,10,2.3430211544036865,,,
event:1995,particle:1995:14,event_has_top_particle,,,,,11,2.3279292583465576,,,
event:1995,particle:1995:12,event_has_top_particle,,,,,12,2.3043642044067383,,,
event:1995,particle:1995:18,event_has_top_particle,,,,,13,2.240147590637207,,,
event:1995,particle:1995:19,event_has_top_particle,,,,,14,2.234776020050049,,,
event:1995,particle:1995:21,event_has_top_particle,,,,,15,2.2329795360565186,,,
event:1995,particle:1995:17,event_has_top_particle,,,,,16,2.2167837619781494,,,
event:2001,particle:2001:0,event_has_top_particle,,,,,1,4.49832820892334,,,
event:2001,particle:2001:21,event_has_top_particle,,,,,2,3.0588526725769043,,,
event:2001,particle:2001:18,event_has_top_particle,,,,,3,2.908813953399658,,,
event:2001,particle:2001:1,event_has_top_particle,,,,,4,2.86906361579895,,,
event:2001,particle:2001:12,event_has_top_particle,,,,,5,2.8638381958007812,,,
event:2001,particle:2001:5,event_has_top_particle,,,,,6,2.828549861907959,,,
event:2001,particle:2001:4,event_has_top_particle,,,,,7,2.747692823410034,,,
event:2001,particle:2001:20,event_has_top_particle,,,,,8,2.7461931705474854,,,
event:2001,particle:2001:17,event_has_top_particle,,,,,9,2.705411911010742,,,
event:2001,particle:2001:2,event_has_top_particle,,,,,10,2.696190595626831,,,
event:2001,particle:2001:15,event_has_top_particle,,,,,11,2.6650962829589844,,,
event:2001,particle:2001:16,event_has_top_particle,,,,,12,2.6387064456939697,,,
event:2001,particle:2001:3,event_has_top_particle,,,,,13,2.609992265701294,,,
event:2001,particle:2001:6,event_has_top_particle,,,,,14,2.581519603729248,,,
event:2001,particle:2001:19,event_has_top_particle,,,,,15,2.4795451164245605,,,
event:2001,particle:2001:9,event_has_top_particle,,,,,16,2.375274658203125,,,
event:2005,particle:2005:0,event_has_top_particle,,,,,1,4.60105037689209,,,
event:2005,particle:2005:22,event_has_top_particle,,,,,2,3.2700889110565186,,,
event:2005,particle:2005:17,event_has_top_particle,,,,,3,2.663381338119507,,,
event:2005,particle:2005:21,event_has_top_particle,,,,,4,2.5388293266296387,,,
event:2005,particle:2005:18,event_has_top_particle,,,,,5,2.4175472259521484,,,
event:2005,particle:2005:20,event_has_top_particle,,,,,6,2.4048290252685547,,,
event:2005,particle:2005:3,event_has_top_particle,,,,,7,2.3785617351531982,,,
event:2005,particle:2005:2,event_has_top_particle,,,,,8,2.3756160736083984,,,
event:2005,particle:2005:4,event_has_top_particle,,,,,9,2.228813409805298,,,
event:2005,particle:2005:1,event_has_top_particle,,,,,10,2.2163901329040527,,,
event:2005,particle:2005:11,event_has_top_particle,,,,,11,2.196833610534668,,,
event:2005,particle:2005:5,event_has_top_particle,,,,,12,2.18432354927063,,,
event:2005,particle:2005:9,event_has_top_particle,,,,,13,2.095188856124878,,,
event:2005,particle:2005:15,event_has_top_particle,,,,,14,2.08918833732605,,,
event:2005,particle:2005:6,event_has_top_particle,,,,,15,2.069681167602539,,,
event:2005,particle:2005:10,event_has_top_particle,,,,,16,2.037698268890381,,,
event:2006,particle:2006:0,event_has_top_particle,,,,,1,4.554699420928955,,,
event:2006,particle:2006:16,event_has_top_particle,,,,,2,2.9050779342651367,,,
event:2006,particle:2006:17,event_has_top_particle,,,,,3,2.6771838665008545,,,
event:2006,particle:2006:9,event_has_top_particle,,,,,4,2.511387348175049,,,
event:2006,particle:2006:14,event_has_top_particle,,,,,5,2.4028635025024414,,,
event:2006,particle:2006:3,event_has_top_particle,,,,,6,2.388727903366089,,,
event:2006,particle:2006:2,event_has_top_particle,,,,,7,2.3732404708862305,,,
event:2006,particle:2006:18,event_has_top_particle,,,,,8,2.3564977645874023,,,
event:2006,particle:2006:12,event_has_top_particle,,,,,9,2.3037705421447754,,,
event:2006,particle:2006:1,event_has_top_particle,,,,,10,2.1702377796173096,,,
event:2006,particle:2006:15,event_has_top_particle,,,,,11,2.0420620441436768,,,
event:2006,particle:2006:6,event_has_top_particle,,,,,12,2.006885290145874,,,
event:2006,particle:2006:5,event_has_top_particle,,,,,13,1.9620610475540161,,,
event:2006,particle:2006:7,event_has_top_particle,,,,,14,1.9153002500534058,,,
event:2006,particle:2006:4,event_has_top_particle,,,,,15,1.9031260013580322,,,
event:2006,particle:2006:11,event_has_top_particle,,,,,16,1.8504868745803833,,,
event:2007,particle:2007:0,event_has_top_particle,,,,,1,4.551125526428223,,,
event:2007,particle:2007:7,event_has_top_particle,,,,,2,2.5285696983337402,,,
event:2007,particle:2007:6,event_has_top_particle,,,,,3,2.5226399898529053,,,
event:2007,particle:2007:11,event_has_top_particle,,,,,4,2.5197441577911377,,,
event:2007,particle:2007:9,event_has_top_particle,,,,,5,2.45052170753479,,,
event:2007,particle:2007:14,event_has_top_particle,,,,,6,2.407482147216797,,,
event:2007,particle:2007:19,event_has_top_particle,,,,,7,2.3994479179382324,,,
event:2007,particle:2007:18,event_has_top_particle,,,,,8,2.3561081886291504,,,
event:2007,particle:2007:20,event_has_top_particle,,,,,9,2.332059383392334,,,
event:2007,particle:2007:15,event_has_top_particle,,,,,10,2.29504132270813,,,
event:2007,particle:2007:13,event_has_top_particle,,,,,11,2.217585563659668,,,
event:2007,particle:2007:1,event_has_top_particle,,,,,12,2.2121028900146484,,,
event:2007,particle:2007:17,event_has_top_particle,,,,,13,2.1263458728790283,,,
event:2007,particle:2007:2,event_has_top_particle,,,,,14,2.12420916557312,,,
event:2007,particle:2007:4,event_has_top_particle,,,,,15,2.0958027839660645,,,
event:2007,particle:2007:16,event_has_top_particle,,,,,16,2.03037428855896,,,
event:2013,particle:2013:0,event_has_top_particle,,,,,1,4.696567535400391,,,
event:2013,particle:2013:1,event_has_top_particle,,,,,2,2.9906091690063477,,,
event:2013,particle:2013:14,event_has_top_particle,,,,,3,2.8004720211029053,,,
event:2013,particle:2013:23,event_has_top_particle,,,,,4,2.609013795852661,,,
event:2013,particle:2013:8,event_has_top_particle,,,,,5,2.606346607208252,,,
event:2013,particle:2013:22,event_has_top_particle,,,,,6,2.558943271636963,,,
event:2013,particle:2013:4,event_has_top_particle,,,,,7,2.5234549045562744,,,
event:2013,particle:2013:7,event_has_top_particle,,,,,8,2.5124459266662598,,,
event:2013,particle:2013:5,event_has_top_particle,,,,,9,2.417294979095459,,,
event:2013,particle:2013:2,event_has_top_particle,,,,,10,2.3984336853027344,,,
event:2013,particle:2013:24,event_has_top_particle,,,,,11,2.355670213699341,,,
event:2013,particle:2013:21,event_has_top_particle,,,,,12,2.3010382652282715,,,
event:2013,particle:2013:9,event_has_top_particle,,,,,13,2.2588350772857666,,,
event:2013,particle:2013:19,event_has_top_particle,,,,,14,2.1841025352478027,,,
event:2013,particle:2013:10,event_has_top_particle,,,,,15,2.171302556991577,,,
event:2013,particle:2013:11,event_has_top_particle,,,,,16,2.1646995544433594,,,
event:2016,particle:2016:0,event_has_top_particle,,,,,1,4.751091480255127,,,
event:2016,particle:2016:12,event_has_top_particle,,,,,2,2.9629790782928467,,,
event:2016,particle:2016:1,event_has_top_particle,,,,,3,2.915158748626709,,,
event:2016,particle:2016:13,event_has_top_particle,,,,,4,2.723917007446289,,,
event:2016,particle:2016:22,event_has_top_particle,,,,,5,2.641106605529785,,,
event:2016,particle:2016:8,event_has_top_particle,,,,,6,2.6177148818969727,,,
event:2016,particle:2016:20,event_has_top_particle,,,,,7,2.499642848968506,,,
event:2016,particle:2016:2,event_has_top_particle,,,,,8,2.4287493228912354,,,
event:2016,particle:2016:21,event_has_top_particle,,,,,9,2.426225423812866,,,
event:2016,particle:2016:18,event_has_top_particle,,,,,10,2.4018919467926025,,,
event:2016,particle:2016:15,event_has_top_particle,,,,,11,2.343900680541992,,,
event:2016,particle:2016:17,event_has_top_particle,,,,,12,2.3045761585235596,,,
event:2016,particle:2016:4,event_has_top_particle,,,,,13,2.2812228202819824,,,
event:2016,particle:2016:23,event_has_top_particle,,,,,14,2.2694389820098877,,,
event:2016,particle:2016:19,event_has_top_particle,,,,,15,2.1695163249969482,,,
event:2016,particle:2016:3,event_has_top_particle,,,,,16,2.1574223041534424,,,
event:2033,particle:2033:0,event_has_top_particle,,,,,1,4.680784225463867,,,
event:2033,particle:2033:18,event_has_top_particle,,,,,2,2.8340139389038086,,,
event:2033,particle:2033:15,event_has_top_particle,,,,,3,2.73857045173645,,,
event:2033,particle:2033:14,event_has_top_particle,,,,,4,2.648508071899414,,,
event:2033,particle:2033:17,event_has_top_particle,,,,,5,2.549483299255371,,,
event:2033,particle:2033:19,event_has_top_particle,,,,,6,2.391878843307495,,,
event:2033,particle:2033:16,event_has_top_particle,,,,,7,2.2992005348205566,,,
event:2033,particle:2033:3,event_has_top_particle,,,,,8,2.2787771224975586,,,
event:2033,particle:2033:2,event_has_top_particle,,,,,9,2.260054588317871,,,
event:2033,particle:2033:7,event_has_top_particle,,,,,10,2.2122232913970947,,,
event:2033,particle:2033:11,event_has_top_particle,,,,,11,2.2004501819610596,,,
event:2033,particle:2033:10,event_has_top_particle,,,,,12,2.0501739978790283,,,
event:2033,particle:2033:13,event_has_top_particle,,,,,13,2.0498058795928955,,,
event:2033,particle:2033:9,event_has_top_particle,,,,,14,2.036715507507324,,,
event:2033,particle:2033:12,event_has_top_particle,,,,,15,1.917654275894165,,,
event:2033,particle:2033:5,event_has_top_particle,,,,,16,1.8796013593673706,,,
event:2561,particle:2561:0,event_has_top_particle,,,,,1,4.79708194732666,,,
event:2561,particle:2561:25,event_has_top_particle,,,,,2,2.640839099884033,,,
event:2561,particle:2561:1,event_has_top_particle,,,,,3,2.6118276119232178,,,
event:2561,particle:2561:7,event_has_top_particle,,,,,4,2.5729668140411377,,,
event:2561,particle:2561:9,event_has_top_particle,,,,,5,2.569798707962036,,,
event:2561,particle:2561:26,event_has_top_particle,,,,,6,2.5433802604675293,,,
event:2561,particle:2561:8,event_has_top_particle,,,,,7,2.543320655822754,,,
event:2561,particle:2561:24,event_has_top_particle,,,,,8,2.5313608646392822,,,
event:2561,particle:2561:22,event_has_top_particle,,,,,9,2.4790406227111816,,,
event:2561,particle:2561:18,event_has_top_particle,,,,,10,2.4055233001708984,,,
event:2561,particle:2561:23,event_has_top_particle,,,,,11,2.3834383487701416,,,
event:2561,particle:2561:15,event_has_top_particle,,,,,12,2.3701066970825195,,,
event:2561,particle:2561:17,event_has_top_particle,,,,,13,2.340346097946167,,,
event:2561,particle:2561:20,event_has_top_particle,,,,,14,2.3135311603546143,,,
event:2561,particle:2561:21,event_has_top_particle,,,,,15,2.3075852394104004,,,
event:2561,particle:2561:12,event_has_top_particle,,,,,16,2.3045756816864014,,,
event:2567,particle:2567:0,event_has_top_particle,,,,,1,4.48056697845459,,,
event:2567,particle:2567:7,event_has_top_particle,,,,,2,3.1164662837982178,,,
event:2567,particle:2567:12,event_has_top_particle,,,,,3,2.5803921222686768,,,
event:2567,particle:2567:18,event_has_top_particle,,,,,4,2.5667128562927246,,,
event:2567,particle:2567:20,event_has_top_particle,,,,,5,2.4900991916656494,,,
event:2567,particle:2567:3,event_has_top_particle,,,,,6,2.4282493591308594,,,
event:2567,particle:2567:27,event_has_top_particle,,,,,7,2.4234726428985596,,,
event:2567,particle:2567:13,event_has_top_particle,,,,,8,2.3786253929138184,,,
event:2567,particle:2567:14,event_has_top_particle,,,,,9,2.3772683143615723,,,
event:2567,particle:2567:1,event_has_top_particle,,,,,10,2.354940891265869,,,
event:2567,particle:2567:10,event_has_top_particle,,,,,11,2.3207900524139404,,,
event:2567,particle:2567:9,event_has_top_particle,,,,,12,2.30265212059021,,,
event:2567,particle:2567:11,event_has_top_particle,,,,,13,2.2928872108459473,,,
event:2567,particle:2567:2,event_has_top_particle,,,,,14,2.2798359394073486,,,
event:2567,particle:2567:29,event_has_top_particle,,,,,15,2.2731826305389404,,,
event:2567,particle:2567:15,event_has_top_particle,,,,,16,2.270294189453125,,,
event:2571,particle:2571:0,event_has_top_particle,,,,,1,4.646711349487305,,,
event:2571,particle:2571:9,event_has_top_particle,,,,,2,2.587900161743164,,,
event:2571,particle:2571:24,event_has_top_particle,,,,,3,2.5829696655273438,,,
event:2571,particle:2571:14,event_has_top_particle,,,,,4,2.4149649143218994,,,
event:2571,particle:2571:13,event_has_top_particle,,,,,5,2.391373872756958,,,
event:2571,particle:2571:15,event_has_top_particle,,,,,6,2.3549513816833496,,,
event:2571,particle:2571:26,event_has_top_particle,,,,,7,2.347529411315918,,,
event:2571,particle:2571:17,event_has_top_particle,,,,,8,2.3226215839385986,,,
event:2571,particle:2571:1,event_has_top_particle,,,,,9,2.2759735584259033,,,
event:2571,particle:2571:25,event_has_top_particle,,,,,10,2.2378931045532227,,,
event:2571,particle:2571:19,event_has_top_particle,,,,,11,2.213726758956909,,,
event:2571,particle:2571:5,event_has_top_particle,,,,,12,2.205618381500244,,,
event:2571,particle:2571:27,event_has_top_particle,,,,,13,2.2048888206481934,,,
event:2571,particle:2571:10,event_has_top_particle,,,,,14,2.172286033630371,,,
event:2571,particle:2571:28,event_has_top_particle,,,,,15,2.141432523727417,,,
event:2571,particle:2571:29,event_has_top_particle,,,,,16,2.139838695526123,,,
event:2574,particle:2574:0,event_has_top_particle,,,,,1,4.523761749267578,,,
event:2574,particle:2574:23,event_has_top_particle,,,,,2,2.522084951400757,,,
event:2574,particle:2574:22,event_has_top_particle,,,,,3,2.493194341659546,,,
event:2574,particle:2574:20,event_has_top_particle,,,,,4,2.445653200149536,,,
event:2574,particle:2574:1,event_has_top_particle,,,,,5,2.318821430206299,,,
event:2574,particle:2574:9,event_has_top_particle,,,,,6,2.266106128692627,,,
event:2574,particle:2574:19,event_has_top_particle,,,,,7,2.253962516784668,,,
event:2574,particle:2574:8,event_has_top_particle,,,,,8,2.2505645751953125,,,
event:2574,particle:2574:21,event_has_top_particle,,,,,9,2.248720169067383,,,
event:2574,particle:2574:7,event_has_top_particle,,,,,10,2.2045791149139404,,,
event:2574,particle:2574:18,event_has_top_particle,,,,,11,2.191157341003418,,,
event:2574,particle:2574:12,event_has_top_particle,,,,,12,2.1814393997192383,,,
event:2574,particle:2574:3,event_has_top_particle,,,,,13,2.170297145843506,,,
event:2574,particle:2574:17,event_has_top_particle,,,,,14,2.1635072231292725,,,
event:2574,particle:2574:15,event_has_top_particle,,,,,15,2.158170700073242,,,
event:2574,particle:2574:10,event_has_top_particle,,,,,16,2.1303465366363525,,,
event:2604,particle:2604:0,event_has_top_particle,,,,,1,4.618261814117432,,,
event:2604,particle:2604:11,event_has_top_particle,,,,,2,2.809497594833374,,,
event:2604,particle:2604:13,event_has_top_particle,,,,,3,2.6387767791748047,,,
event:2604,particle:2604:2,event_has_top_particle,,,,,4,2.541818857192993,,,
event:2604,particle:2604:12,event_has_top_particle,,,,,5,2.515486717224121,,,
event:2604,particle:2604:14,event_has_top_particle,,,,,6,2.4750235080718994,,,
event:2604,particle:2604:1,event_has_top_particle,,,,,7,2.474332094192505,,,
event:2604,particle:2604:7,event_has_top_particle,,,,,8,2.4666948318481445,,,
event:2604,particle:2604:10,event_has_top_particle,,,,,9,2.450730323791504,,,
event:2604,particle:2604:3,event_has_top_particle,,,,,10,2.398282766342163,,,
event:2604,particle:2604:9,event_has_top_particle,,,,,11,2.380340099334717,,,
event:2604,particle:2604:8,event_has_top_particle,,,,,12,2.370673894882202,,,
event:2604,particle:2604:4,event_has_top_particle,,,,,13,2.346585512161255,,,
event:2604,particle:2604:5,event_has_top_particle,,,,,14,2.2964401245117188,,,
event:2604,particle:2604:6,event_has_top_particle,,,,,15,2.286393642425537,,,
event:2636,particle:2636:0,event_has_top_particle,,,,,1,4.538355350494385,,,
event:2636,particle:2636:7,event_has_top_particle,,,,,2,2.779388189315796,,,
event:2636,particle:2636:16,event_has_top_particle,,,,,3,2.7244534492492676,,,
event:2636,particle:2636:15,event_has_top_particle,,,,,4,2.624124765396118,,,
event:2636,particle:2636:17,event_has_top_particle,,,,,5,2.556122064590454,,,
event:2636,particle:2636:14,event_has_top_particle,,,,,6,2.4255428314208984,,,
event:2636,particle:2636:10,event_has_top_particle,,,,,7,2.413355588912964,,,
event:2636,particle:2636:13,event_has_top_particle,,,,,8,2.314103126525879,,,
event:2636,particle:2636:11,event_has_top_particle,,,,,9,2.2979702949523926,,,
event:2636,particle:2636:12,event_has_top_particle,,,,,10,2.212848424911499,,,
event:2636,particle:2636:8,event_has_top_particle,,,,,11,2.1481759548187256,,,
event:2636,particle:2636:2,event_has_top_particle,,,,,12,2.1131415367126465,,,
event:2636,particle:2636:9,event_has_top_particle,,,,,13,2.090583562850952,,,
event:2636,particle:2636:1,event_has_top_particle,,,,,14,2.0151405334472656,,,
event:2636,particle:2636:6,event_has_top_particle,,,,,15,1.9511312246322632,,,
event:2636,particle:2636:3,event_has_top_particle,,,,,16,1.9285900592803955,,,
event:2685,particle:2685:0,event_has_top_particle,,,,,1,4.484179973602295,,,
event:2685,particle:2685:1,event_has_top_particle,,,,,2,3.037754535675049,,,
event:2685,particle:2685:37,event_has_top_particle,,,,,3,2.7728006839752197,,,
event:2685,particle:2685:12,event_has_top_particle,,,,,4,2.526301622390747,,,
event:2685,particle:2685:3,event_has_top_particle,,,,,5,2.5079331398010254,,,
event:2685,particle:2685:40,event_has_top_particle,,,,,6,2.4935741424560547,,,
event:2685,particle:2685:38,event_has_top_particle,,,,,7,2.4502663612365723,,,
event:2685,particle:2685:25,event_has_top_particle,,,,,8,2.4115653038024902,,,
event:2685,particle:2685:23,event_has_top_particle,,,,,9,2.4101672172546387,,,
event:2685,particle:2685:22,event_has_top_particle,,,,,10,2.3813281059265137,,,
event:2685,particle:2685:28,event_has_top_particle,,,,,11,2.3565242290496826,,,
event:2685,particle:2685:41,event_has_top_particle,,,,,12,2.336193561553955,,,
event:2685,particle:2685:42,event_has_top_particle,,,,,13,2.329197406768799,,,
event:2685,particle:2685:16,event_has_top_particle,,,,,14,2.29372239112854,,,
event:2685,particle:2685:20,event_has_top_particle,,,,,15,2.292587995529175,,,
event:2685,particle:2685:15,event_has_top_particle,,,,,16,2.241673707962036,,,
event:2690,particle:2690:0,event_has_top_particle,,,,,1,4.536827087402344,,,
event:2690,particle:2690:20,event_has_top_particle,,,,,2,2.882690668106079,,,
event:2690,particle:2690:1,event_has_top_particle,,,,,3,2.681150197982788,,,
event:2690,particle:2690:4,event_has_top_particle,,,,,4,2.6614456176757812,,,
event:2690,particle:2690:14,event_has_top_particle,,,,,5,2.5638272762298584,,,
event:2690,particle:2690:18,event_has_top_particle,,,,,6,2.531658172607422,,,
event:2690,particle:2690:11,event_has_top_particle,,,,,7,2.4760913848876953,,,
event:2690,particle:2690:17,event_has_top_particle,,,,,8,2.4690968990325928,,,
event:2690,particle:2690:19,event_has_top_particle,,,,,9,2.4622716903686523,,,
event:2690,particle:2690:10,event_has_top_particle,,,,,10,2.459099054336548,,,
event:2690,particle:2690:15,event_has_top_particle,,,,,11,2.4426374435424805,,,
event:2690,particle:2690:12,event_has_top_particle,,,,,12,2.4185683727264404,,,
event:2690,particle:2690:2,event_has_top_particle,,,,,13,2.4059934616088867,,,
event:2690,particle:2690:8,event_has_top_particle,,,,,14,2.381086826324463,,,
event:2690,particle:2690:3,event_has_top_particle,,,,,15,2.366136074066162,,,
event:2690,particle:2690:13,event_has_top_particle,,,,,16,2.351043701171875,,,
event:2709,particle:2709:0,event_has_top_particle,,,,,1,4.56200647354126,,,
event:2709,particle:2709:16,event_has_top_particle,,,,,2,2.935328722000122,,,
event:2709,particle:2709:1,event_has_top_particle,,,,,3,2.7905166149139404,,,
event:2709,particle:2709:18,event_has_top_particle,,,,,4,2.4007787704467773,,,
event:2709,particle:2709:21,event_has_top_particle,,,,,5,2.364673376083374,,,
event:2709,particle:2709:13,event_has_top_particle,,,,,6,2.347200632095337,,,
event:2709,particle:2709:20,event_has_top_particle,,,,,7,2.3205580711364746,,,
event:2709,particle:2709:6,event_has_top_particle,,,,,8,2.309161901473999,,,
event:2709,particle:2709:17,event_has_top_particle,,,,,9,2.3003451824188232,,,
event:2709,particle:2709:12,event_has_top_particle,,,,,10,2.258976697921753,,,
event:2709,particle:2709:14,event_has_top_particle,,,,,11,2.228128433227539,,,
event:2709,particle:2709:8,event_has_top_particle,,,,,12,2.2133893966674805,,,
event:2709,particle:2709:10,event_has_top_particle,,,,,13,2.1888375282287598,,,
event:2709,particle:2709:9,event_has_top_particle,,,,,14,2.1170880794525146,,,
event:2709,particle:2709:15,event_has_top_particle,,,,,15,2.1154651641845703,,,
event:2709,particle:2709:7,event_has_top_particle,,,,,16,2.0808889865875244,,,
event:2714,particle:2714:0,event_has_top_particle,,,,,1,4.607884407043457,,,
event:2714,particle:2714:23,event_has_top_particle,,,,,2,2.69457745552063,,,
event:2714,particle:2714:33,event_has_top_particle,,,,,3,2.659280776977539,,,
event:2714,particle:2714:31,event_has_top_particle,,,,,4,2.656226873397827,,,
event:2714,particle:2714:22,event_has_top_particle,,,,,5,2.593244791030884,,,
event:2714,particle:2714:43,event_has_top_particle,,,,,6,2.551119804382324,,,
event:2714,particle:2714:44,event_has_top_particle,,,,,7,2.4501090049743652,,,
event:2714,particle:2714:39,event_has_top_particle,,,,,8,2.427605152130127,,,
event:2714,particle:2714:11,event_has_top_particle,,,,,9,2.395179510116577,,,
event:2714,particle:2714:38,event_has_top_particle,,,,,10,2.3528389930725098,,,
event:2714,particle:2714:37,event_has_top_particle,,,,,11,2.330782175064087,,,
event:2714,particle:2714:1,event_has_top_particle,,,,,12,2.2877912521362305,,,
event:2714,particle:2714:36,event_has_top_particle,,,,,13,2.2205607891082764,,,
event:2714,particle:2714:5,event_has_top_particle,,,,,14,2.2126686573028564,,,
event:2714,particle:2714:2,event_has_top_particle,,,,,15,2.2036609649658203,,,
event:2714,particle:2714:28,event_has_top_particle,,,,,16,2.2029075622558594,,,
event:2735,particle:2735:0,event_has_top_particle,,,,,1,4.7557759284973145,,,
event:2735,particle:2735:32,event_has_top_particle,,,,,2,2.7493927478790283,,,
event:2735,particle:2735:2,event_has_top_particle,,,,,3,2.637134552001953,,,
event:2735,particle:2735:31,event_has_top_particle,,,,,4,2.613487720489502,,,
event:2735,particle:2735:33,event_has_top_particle,,,,,5,2.6033589839935303,,,
event:2735,particle:2735:19,event_has_top_particle,,,,,6,2.5587058067321777,,,
event:2735,particle:2735:30,event_has_top_particle,,,,,7,2.550100803375244,,,
event:2735,particle:2735:23,event_has_top_particle,,,,,8,2.519303321838379,,,
event:2735,particle:2735:29,event_has_top_particle,,,,,9,2.492983818054199,,,
event:2735,particle:2735:1,event_has_top_particle,,,,,10,2.4510536193847656,,,
event:2735,particle:2735:28,event_has_top_particle,,,,,11,2.3980159759521484,,,
event:2735,particle:2735:6,event_has_top_particle,,,,,12,2.336923360824585,,,
event:2735,particle:2735:21,event_has_top_particle,,,,,13,2.325075626373291,,,
event:2735,particle:2735:3,event_has_top_particle,,,,,14,2.299126625061035,,,
event:2735,particle:2735:18,event_has_top_particle,,,,,15,2.2980618476867676,,,
event:2735,particle:2735:8,event_has_top_particle,,,,,16,2.289994239807129,,,
event:2755,particle:2755:0,event_has_top_particle,,,,,1,4.656994819641113,,,
event:2755,particle:2755:21,event_has_top_particle,,,,,2,2.7952356338500977,,,
event:2755,particle:2755:4,event_has_top_particle,,,,,3,2.7174174785614014,,,
event:2755,particle:2755:2,event_has_top_particle,,,,,4,2.7144837379455566,,,
event:2755,particle:2755:15,event_has_top_particle,,,,,5,2.665369987487793,,,
event:2755,particle:2755:1,event_has_top_particle,,,,,6,2.6580257415771484,,,
event:2755,particle:2755:3,event_has_top_particle,,,,,7,2.6388180255889893,,,
event:2755,particle:2755:19,event_has_top_particle,,,,,8,2.6368088722229004,,,
event:2755,particle:2755:20,event_has_top_particle,,,,,9,2.573514461517334,,,
event:2755,particle:2755:18,event_has_top_particle,,,,,10,2.5157179832458496,,,
event:2755,particle:2755:17,event_has_top_particle,,,,,11,2.5063037872314453,,,
event:2755,particle:2755:16,event_has_top_particle,,,,,12,2.495915651321411,,,
event:2755,particle:2755:11,event_has_top_particle,,,,,13,2.414184808731079,,,
event:2755,particle:2755:14,event_has_top_particle,,,,,14,2.3832762241363525,,,
event:2755,particle:2755:13,event_has_top_particle,,,,,15,2.3716421127319336,,,
event:2755,particle:2755:6,event_has_top_particle,,,,,16,2.3695809841156006,,,
event:2756,particle:2756:0,event_has_top_particle,,,,,1,4.521407127380371,,,
event:2756,particle:2756:11,event_has_top_particle,,,,,2,2.8371708393096924,,,
event:2756,particle:2756:14,event_has_top_particle,,,,,3,2.566401958465576,,,
event:2756,particle:2756:12,event_has_top_particle,,,,,4,2.4981958866119385,,,
event:2756,particle:2756:15,event_has_top_particle,,,,,5,2.4897713661193848,,,
event:2756,particle:2756:16,event_has_top_particle,,,,,6,2.462310552597046,,,
event:2756,particle:2756:8,event_has_top_particle,,,,,7,2.4502720832824707,,,
event:2756,particle:2756:9,event_has_top_particle,,,,,8,2.4475584030151367,,,
event:2756,particle:2756:2,event_has_top_particle,,,,,9,2.4437177181243896,,,
event:2756,particle:2756:1,event_has_top_particle,,,,,10,2.3946611881256104,,,
event:2756,particle:2756:7,event_has_top_particle,,,,,11,2.3655834197998047,,,
event:2756,particle:2756:6,event_has_top_particle,,,,,12,2.337435722351074,,,
event:2756,particle:2756:10,event_has_top_particle,,,,,13,2.2786478996276855,,,
event:2756,particle:2756:13,event_has_top_particle,,,,,14,2.2651638984680176,,,
event:2756,particle:2756:3,event_has_top_particle,,,,,15,2.246460199356079,,,
event:2756,particle:2756:5,event_has_top_particle,,,,,16,2.1945316791534424,,,
event:2765,particle:2765:0,event_has_top_particle,,,,,1,4.525152206420898,,,
event:2765,particle:2765:1,event_has_top_particle,,,,,2,2.989586114883423,,,
event:2765,particle:2765:15,event_has_top_particle,,,,,3,2.8514299392700195,,,
event:2765,particle:2765:18,event_has_top_particle,,,,,4,2.7496273517608643,,,
event:2765,particle:2765:20,event_has_top_particle,,,,,5,2.6915321350097656,,,
event:2765,particle:2765:2,event_has_top_particle,,,,,6,2.6458346843719482,,,
event:2765,particle:2765:19,event_has_top_particle,,,,,7,2.6438686847686768,,,
event:2765,particle:2765:17,event_has_top_particle,,,,,8,2.5625827312469482,,,
event:2765,particle:2765:16,event_has_top_particle,,,,,9,2.558488368988037,,,
event:2765,particle:2765:10,event_has_top_particle,,,,,10,2.465775728225708,,,
event:2765,particle:2765:12,event_has_top_particle,,,,,11,2.452294111251831,,,
event:2765,particle:2765:4,event_has_top_particle,,,,,12,2.4443631172180176,,,
event:2765,particle:2765:6,event_has_top_particle,,,,,13,2.4029104709625244,,,
event:2765,particle:2765:8,event_has_top_particle,,,,,14,2.3710713386535645,,,
event:2765,particle:2765:11,event_has_top_particle,,,,,15,2.357842445373535,,,
event:2765,particle:2765:13,event_has_top_particle,,,,,16,2.348273515701294,,,
event:2766,particle:2766:0,event_has_top_particle,,,,,1,4.526415824890137,,,
event:2766,particle:2766:3,event_has_top_particle,,,,,2,2.947274684906006,,,
event:2766,particle:2766:12,event_has_top_particle,,,,,3,2.7791800498962402,,,
event:2766,particle:2766:2,event_has_top_particle,,,,,4,2.762955665588379,,,
event:2766,particle:2766:1,event_has_top_particle,,,,,5,2.727114200592041,,,
event:2766,particle:2766:7,event_has_top_particle,,,,,6,2.6161811351776123,,,
event:2766,particle:2766:9,event_has_top_particle,,,,,7,2.6009316444396973,,,
event:2766,particle:2766:6,event_has_top_particle,,,,,8,2.5155508518218994,,,
event:2766,particle:2766:10,event_has_top_particle,,,,,9,2.4991817474365234,,,
event:2766,particle:2766:4,event_has_top_particle,,,,,10,2.4884746074676514,,,
event:2766,particle:2766:8,event_has_top_particle,,,,,11,2.485158681869507,,,
event:2766,particle:2766:11,event_has_top_particle,,,,,12,2.3871448040008545,,,
event:2766,particle:2766:5,event_has_top_particle,,,,,13,2.283717632293701,,,
event:2772,particle:2772:0,event_has_top_particle,,,,,1,4.488682746887207,,,
event:2772,particle:2772:23,event_has_top_particle,,,,,2,2.77541184425354,,,
event:2772,particle:2772:9,event_has_top_particle,,,,,3,2.675654888153076,,,
event:2772,particle:2772:19,event_has_top_particle,,,,,4,2.5989432334899902,,,
event:2772,particle:2772:21,event_has_top_particle,,,,,5,2.529710054397583,,,
event:2772,particle:2772:1,event_has_top_particle,,,,,6,2.1877527236938477,,,
event:2772,particle:2772:22,event_has_top_particle,,,,,7,2.0394535064697266,,,
event:2772,particle:2772:8,event_has_top_particle,,,,,8,2.0299315452575684,,,
event:2772,particle:2772:11,event_has_top_particle,,,,,9,2.018681287765503,,,
event:2772,particle:2772:20,event_has_top_particle,,,,,10,1.9887940883636475,,,
event:2772,particle:2772:6,event_has_top_particle,,,,,11,1.9668081998825073,,,
event:2772,particle:2772:14,event_has_top_particle,,,,,12,1.9450517892837524,,,
event:2772,particle:2772:2,event_has_top_particle,,,,,13,1.935788631439209,,,
event:2772,particle:2772:15,event_has_top_particle,,,,,14,1.9308286905288696,,,
event:2772,particle:2772:16,event_has_top_particle,,,,,15,1.9127204418182373,,,
event:2772,particle:2772:10,event_has_top_particle,,,,,16,1.8992784023284912,,,
event:2773,particle:2773:0,event_has_top_particle,,,,,1,4.542992115020752,,,
event:2773,particle:2773:1,event_has_top_particle,,,,,2,2.7356321811676025,,,
event:2773,particle:2773:2,event_has_top_particle,,,,,3,2.6429367065429688,,,
event:2773,particle:2773:17,event_has_top_particle,,,,,4,2.61025071144104,,,
event:2773,particle:2773:16,event_has_top_particle,,,,,5,2.5432119369506836,,,
event:2773,particle:2773:10,event_has_top_particle,,,,,6,2.5217642784118652,,,
event:2773,particle:2773:15,event_has_top_particle,,,,,7,2.4640560150146484,,,
event:2773,particle:2773:13,event_has_top_particle,,,,,8,2.4557464122772217,,,
event:2773,particle:2773:14,event_has_top_particle,,,,,9,2.4268460273742676,,,
event:2773,particle:2773:7,event_has_top_particle,,,,,10,2.3315460681915283,,,
event:2773,particle:2773:9,event_has_top_particle,,,,,11,2.30635142326355,,,
event:2773,particle:2773:12,event_has_top_particle,,,,,12,2.301283121109009,,,
event:2773,particle:2773:8,event_has_top_particle,,,,,13,2.295971393585205,,,
event:2773,particle:2773:6,event_has_top_particle,,,,,14,2.2917640209198,,,
event:2773,particle:2773:11,event_has_top_particle,,,,,15,2.284947156906128,,,
event:2773,particle:2773:5,event_has_top_particle,,,,,16,2.2782249450683594,,,
event:2776,particle:2776:0,event_has_top_particle,,,,,1,4.5244011878967285,,,
event:2776,particle:2776:23,event_has_top_particle,,,,,2,3.3305623531341553,,,
event:2776,particle:2776:29,event_has_top_particle,,,,,3,2.462010383605957,,,
event:2776,particle:2776:32,event_has_top_particle,,,,,4,2.378384828567505,,,
event:2776,particle:2776:21,event_has_top_particle,,,,,5,2.3096420764923096,,,
event:2776,particle:2776:31,event_has_top_particle,,,,,6,2.2078146934509277,,,
event:2776,particle:2776:27,event_has_top_particle,,,,,7,2.1817784309387207,,,
event:2776,particle:2776:22,event_has_top_particle,,,,,8,2.066655158996582,,,
event:2776,particle:2776:20,event_has_top_particle,,,,,9,2.064314842224121,,,
event:2776,particle:2776:28,event_has_top_particle,,,,,10,2.0487022399902344,,,
event:2776,particle:2776:18,event_has_top_particle,,,,,11,2.0319182872772217,,,
event:2776,particle:2776:24,event_has_top_particle,,,,,12,2.031846046447754,,,
event:2776,particle:2776:25,event_has_top_particle,,,,,13,2.0167315006256104,,,
event:2776,particle:2776:30,event_has_top_particle,,,,,14,2.0136213302612305,,,
event:2776,particle:2776:5,event_has_top_particle,,,,,15,1.9893920421600342,,,
event:2776,particle:2776:19,event_has_top_particle,,,,,16,1.970436930656433,,,
event:2789,particle:2789:0,event_has_top_particle,,,,,1,4.516295909881592,,,
event:2789,particle:2789:4,event_has_top_particle,,,,,2,2.676924467086792,,,
event:2789,particle:2789:19,event_has_top_particle,,,,,3,2.6679885387420654,,,
event:2789,particle:2789:12,event_has_top_particle,,,,,4,2.533355951309204,,,
event:2789,particle:2789:1,event_has_top_particle,,,,,5,2.5304744243621826,,,
event:2789,particle:2789:8,event_has_top_particle,,,,,6,2.5267302989959717,,,
event:2789,particle:2789:16,event_has_top_particle,,,,,7,2.508608102798462,,,
event:2789,particle:2789:14,event_has_top_particle,,,,,8,2.482686758041382,,,
event:2789,particle:2789:11,event_has_top_particle,,,,,9,2.471956729888916,,,
event:2789,particle:2789:6,event_has_top_particle,,,,,10,2.4634346961975098,,,
event:2789,particle:2789:15,event_has_top_particle,,,,,11,2.4614899158477783,,,
event:2789,particle:2789:3,event_has_top_particle,,,,,12,2.4442403316497803,,,
event:2789,particle:2789:21,event_has_top_particle,,,,,13,2.398895740509033,,,
event:2789,particle:2789:2,event_has_top_particle,,,,,14,2.3985888957977295,,,
event:2789,particle:2789:10,event_has_top_particle,,,,,15,2.358314037322998,,,
event:2789,particle:2789:20,event_has_top_particle,,,,,16,2.3562841415405273,,,
event:2819,particle:2819:0,event_has_top_particle,,,,,1,4.553473949432373,,,
event:2819,particle:2819:34,event_has_top_particle,,,,,2,2.9623117446899414,,,
event:2819,particle:2819:29,event_has_top_particle,,,,,3,2.6309657096862793,,,
event:2819,particle:2819:45,event_has_top_particle,,,,,4,2.6018993854522705,,,
event:2819,particle:2819:27,event_has_top_particle,,,,,5,2.464191198348999,,,
event:2819,particle:2819:24,event_has_top_particle,,,,,6,2.431082248687744,,,
event:2819,particle:2819:31,event_has_top_particle,,,,,7,2.423626184463501,,,
event:2819,particle:2819:40,event_has_top_particle,,,,,8,2.37054705619812,,,
event:2819,particle:2819:26,event_has_top_particle,,,,,9,2.2614965438842773,,,
event:2819,particle:2819:33,event_has_top_particle,,,,,10,2.2612245082855225,,,
event:2819,particle:2819:15,event_has_top_particle,,,,,11,2.2121331691741943,,,
event:2819,particle:2819:39,event_has_top_particle,,,,,12,2.183978319168091,,,
event:2819,particle:2819:43,event_has_top_particle,,,,,13,2.1539571285247803,,,
event:2819,particle:2819:38,event_has_top_particle,,,,,14,2.1236214637756348,,,
event:2819,particle:2819:28,event_has_top_particle,,,,,15,2.0961525440216064,,,
event:2819,particle:2819:22,event_has_top_particle,,,,,16,2.067366361618042,,,
event:2843,particle:2843:0,event_has_top_particle,,,,,1,4.559811115264893,,,
event:2843,particle:2843:19,event_has_top_particle,,,,,2,3.465798854827881,,,
event:2843,particle:2843:2,event_has_top_particle,,,,,3,2.9139952659606934,,,
event:2843,particle:2843:15,event_has_top_particle,,,,,4,2.665968894958496,,,
event:2843,particle:2843:16,event_has_top_particle,,,,,5,2.5702974796295166,,,
event:2843,particle:2843:11,event_has_top_particle,,,,,6,2.502499580383301,,,
event:2843,particle:2843:10,event_has_top_particle,,,,,7,2.4726674556732178,,,
event:2843,particle:2843:7,event_has_top_particle,,,,,8,2.472067356109619,,,
event:2843,particle:2843:12,event_has_top_particle,,,,,9,2.4447524547576904,,,
event:2843,particle:2843:1,event_has_top_particle,,,,,10,2.436678886413574,,,
event:2843,particle:2843:14,event_has_top_particle,,,,,11,2.4114112854003906,,,
event:2843,particle:2843:17,event_has_top_particle,,,,,12,2.4110991954803467,,,
event:2843,particle:2843:3,event_has_top_particle,,,,,13,2.3976776599884033,,,
event:2843,particle:2843:18,event_has_top_particle,,,,,14,2.3858180046081543,,,
event:2843,particle:2843:4,event_has_top_particle,,,,,15,2.3670902252197266,,,
event:2843,particle:2843:5,event_has_top_particle,,,,,16,2.354966163635254,,,
event:2863,particle:2863:0,event_has_top_particle,,,,,1,4.6707868576049805,,,
event:2863,particle:2863:11,event_has_top_particle,,,,,2,2.5447537899017334,,,
event:2863,particle:2863:12,event_has_top_particle,,,,,3,2.3848605155944824,,,
event:2863,particle:2863:20,event_has_top_particle,,,,,4,2.3427305221557617,,,
event:2863,particle:2863:22,event_has_top_particle,,,,,5,2.2967426776885986,,,
event:2863,particle:2863:17,event_has_top_particle,,,,,6,2.2482409477233887,,,
event:2863,particle:2863:18,event_has_top_particle,,,,,7,2.2215371131896973,,,
event:2863,particle:2863:21,event_has_top_particle,,,,,8,2.2177419662475586,,,
event:2863,particle:2863:1,event_has_top_particle,,,,,9,2.206263542175293,,,
event:2863,particle:2863:13,event_has_top_particle,,,,,10,2.1431097984313965,,,
event:2863,particle:2863:6,event_has_top_particle,,,,,11,2.1261446475982666,,,
event:2863,particle:2863:15,event_has_top_particle,,,,,12,2.1178836822509766,,,
event:2863,particle:2863:19,event_has_top_particle,,,,,13,2.1112942695617676,,,
event:2863,particle:2863:16,event_has_top_particle,,,,,14,2.0815224647521973,,,
event:2863,particle:2863:10,event_has_top_particle,,,,,15,2.0555286407470703,,,
event:2863,particle:2863:2,event_has_top_particle,,,,,16,2.0342586040496826,,,
event:2878,particle:2878:0,event_has_top_particle,,,,,1,4.69407844543457,,,
event:2878,particle:2878:23,event_has_top_particle,,,,,2,2.518993377685547,,,
event:2878,particle:2878:26,event_has_top_particle,,,,,3,2.517245054244995,,,
event:2878,particle:2878:24,event_has_top_particle,,,,,4,2.428086996078491,,,
event:2878,particle:2878:25,event_has_top_particle,,,,,5,2.4086437225341797,,,
event:2878,particle:2878:20,event_has_top_particle,,,,,6,2.234501361846924,,,
event:2878,particle:2878:1,event_has_top_particle,,,,,7,2.22868275642395,,,
event:2878,particle:2878:19,event_has_top_particle,,,,,8,2.1955604553222656,,,
event:2878,particle:2878:2,event_has_top_particle,,,,,9,2.1453192234039307,,,
event:2878,particle:2878:13,event_has_top_particle,,,,,10,2.1260130405426025,,,
event:2878,particle:2878:22,event_has_top_particle,,,,,11,2.106764078140259,,,
event:2878,particle:2878:12,event_has_top_particle,,,,,12,2.093822956085205,,,
event:2878,particle:2878:15,event_has_top_particle,,,,,13,2.0932772159576416,,,
event:2878,particle:2878:16,event_has_top_particle,,,,,14,2.0818657875061035,,,
event:2878,particle:2878:21,event_has_top_particle,,,,,15,2.0602059364318848,,,
event:2878,particle:2878:9,event_has_top_particle,,,,,16,2.055199146270752,,,
event:2950,particle:2950:0,event_has_top_particle,,,,,1,4.571460247039795,,,
event:2950,particle:2950:15,event_has_top_particle,,,,,2,2.9855573177337646,,,
event:2950,particle:2950:17,event_has_top_particle,,,,,3,2.759990930557251,,,
event:2950,particle:2950:16,event_has_top_particle,,,,,4,2.719853162765503,,,
event:2950,particle:2950:14,event_has_top_particle,,,,,5,2.6846888065338135,,,
event:2950,particle:2950:12,event_has_top_particle,,,,,6,2.5493156909942627,,,
event:2950,particle:2950:1,event_has_top_particle,,,,,7,2.450113534927368,,,
event:2950,particle:2950:10,event_has_top_particle,,,,,8,2.4420552253723145,,,
event:2950,particle:2950:13,event_has_top_particle,,,,,9,2.40311598777771,,,
event:2950,particle:2950:3,event_has_top_particle,,,,,10,2.309938669204712,,,
event:2950,particle:2950:7,event_has_top_particle,,,,,11,2.2766971588134766,,,
event:2950,particle:2950:2,event_has_top_particle,,,,,12,2.2490031719207764,,,
event:2950,particle:2950:11,event_has_top_particle,,,,,13,2.2279446125030518,,,
event:2950,particle:2950:9,event_has_top_particle,,,,,14,2.1459624767303467,,,
event:2950,particle:2950:5,event_has_top_particle,,,,,15,2.0629870891571045,,,
event:2950,particle:2950:4,event_has_top_particle,,,,,16,2.046050548553467,,,
event:2955,particle:2955:0,event_has_top_particle,,,,,1,4.610157012939453,,,
event:2955,particle:2955:18,event_has_top_particle,,,,,2,2.718820810317993,,,
event:2955,particle:2955:26,event_has_top_particle,,,,,3,2.5197553634643555,,,
event:2955,particle:2955:16,event_has_top_particle,,,,,4,2.5045430660247803,,,
event:2955,particle:2955:21,event_has_top_particle,,,,,5,2.471585988998413,,,
event:2955,particle:2955:6,event_has_top_particle,,,,,6,2.4300453662872314,,,
event:2955,particle:2955:23,event_has_top_particle,,,,,7,2.4141979217529297,,,
event:2955,particle:2955:1,event_has_top_particle,,,,,8,2.2741613388061523,,,
event:2955,particle:2955:19,event_has_top_particle,,,,,9,2.236668825149536,,,
event:2955,particle:2955:3,event_has_top_particle,,,,,10,2.204491138458252,,,
event:2955,particle:2955:24,event_has_top_particle,,,,,11,2.1315114498138428,,,
event:2955,particle:2955:14,event_has_top_particle,,,,,12,2.1148269176483154,,,
event:2955,particle:2955:8,event_has_top_particle,,,,,13,2.1016898155212402,,,
event:2955,particle:2955:20,event_has_top_particle,,,,,14,2.059804916381836,,,
event:2955,particle:2955:13,event_has_top_particle,,,,,15,2.030927896499634,,,
event:2955,particle:2955:27,event_has_top_particle,,,,,16,1.9988338947296143,,,
event:2956,particle:2956:0,event_has_top_particle,,,,,1,4.528709411621094,,,
event:2956,particle:2956:6,event_has_top_particle,,,,,2,2.7445082664489746,,,
event:2956,particle:2956:12,event_has_top_particle,,,,,3,2.737423896789551,,,
event:2956,particle:2956:2,event_has_top_particle,,,,,4,2.618882179260254,,,
event:2956,particle:2956:1,event_has_top_particle,,,,,5,2.596202850341797,,,
event:2956,particle:2956:11,event_has_top_particle,,,,,6,2.5639185905456543,,,
event:2956,particle:2956:10,event_has_top_particle,,,,,7,2.4692585468292236,,,
event:2956,particle:2956:9,event_has_top_particle,,,,,8,2.4197773933410645,,,
event:2956,particle:2956:4,event_has_top_particle,,,,,9,2.332188606262207,,,
event:2956,particle:2956:5,event_has_top_particle,,,,,10,2.3244645595550537,,,
event:2956,particle:2956:7,event_has_top_particle,,,,,11,2.274240493774414,,,
event:2956,particle:2956:8,event_has_top_particle,,,,,12,2.2519679069519043,,,
event:2956,particle:2956:3,event_has_top_particle,,,,,13,2.249236822128296,,,
event:2980,particle:2980:0,event_has_top_particle,,,,,1,4.677016735076904,,,
event:2980,particle:2980:9,event_has_top_particle,,,,,2,2.9301466941833496,,,
event:2980,particle:2980:1,event_has_top_particle,,,,,3,2.6001453399658203,,,
event:2980,particle:2980:4,event_has_top_particle,,,,,4,2.572021484375,,,
event:2980,particle:2980:29,event_has_top_particle,,,,,5,2.4895217418670654,,,
event:2980,particle:2980:25,event_has_top_particle,,,,,6,2.4504811763763428,,,
event:2980,particle:2980:13,event_has_top_particle,,,,,7,2.389202356338501,,,
event:2980,particle:2980:15,event_has_top_particle,,,,,8,2.3850326538085938,,,
event:2980,particle:2980:18,event_has_top_particle,,,,,9,2.360760450363159,,,
event:2980,particle:2980:31,event_has_top_particle,,,,,10,2.3256096839904785,,,
event:2980,particle:2980:14,event_has_top_particle,,,,,11,2.308479070663452,,,
event:2980,particle:2980:6,event_has_top_particle,,,,,12,2.306749105453491,,,
event:2980,particle:2980:2,event_has_top_particle,,,,,13,2.26385498046875,,,
event:2980,particle:2980:23,event_has_top_particle,,,,,14,2.2268500328063965,,,
event:2980,particle:2980:3,event_has_top_particle,,,,,15,2.203388214111328,,,
event:2980,particle:2980:8,event_has_top_particle,,,,,16,2.2016658782958984,,,
event:2988,particle:2988:0,event_has_top_particle,,,,,1,4.552897930145264,,,
event:2988,particle:2988:20,event_has_top_particle,,,,,2,2.6726865768432617,,,
event:2988,particle:2988:7,event_has_top_particle,,,,,3,2.455389976501465,,,
event:2988,particle:2988:24,event_has_top_particle,,,,,4,2.404669761657715,,,
event:2988,particle:2988:2,event_has_top_particle,,,,,5,2.4041121006011963,,,
event:2988,particle:2988:23,event_has_top_particle,,,,,6,2.36020565032959,,,
event:2988,particle:2988:19,event_has_top_particle,,,,,7,2.1577095985412598,,,
event:2988,particle:2988:9,event_has_top_particle,,,,,8,2.1228692531585693,,,
event:2988,particle:2988:15,event_has_top_particle,,,,,9,2.1140379905700684,,,
event:2988,particle:2988:10,event_has_top_particle,,,,,10,2.109288215637207,,,
event:2988,particle:2988:6,event_has_top_particle,,,,,11,2.0923361778259277,,,
event:2988,particle:2988:16,event_has_top_particle,,,,,12,2.0587987899780273,,,
event:2988,particle:2988:18,event_has_top_particle,,,,,13,2.0541839599609375,,,
event:2988,particle:2988:1,event_has_top_particle,,,,,14,2.053093910217285,,,
event:2988,particle:2988:22,event_has_top_particle,,,,,15,2.029165506362915,,,
event:2988,particle:2988:4,event_has_top_particle,,,,,16,2.02384352684021,,,
event:3009,particle:3009:0,event_has_top_particle,,,,,1,4.481669902801514,,,
event:3009,particle:3009:8,event_has_top_particle,,,,,2,2.6952097415924072,,,
event:3009,particle:3009:10,event_has_top_particle,,,,,3,2.6523656845092773,,,
event:3009,particle:3009:9,event_has_top_particle,,,,,4,2.5817131996154785,,,
event:3009,particle:3009:1,event_has_top_particle,,,,,5,2.550814390182495,,,
event:3009,particle:3009:14,event_has_top_particle,,,,,6,2.5327248573303223,,,
event:3009,particle:3009:18,event_has_top_particle,,,,,7,2.4841954708099365,,,
event:3009,particle:3009:15,event_has_top_particle,,,,,8,2.482529640197754,,,
event:3009,particle:3009:2,event_has_top_particle,,,,,9,2.440587282180786,,,
event:3009,particle:3009:20,event_has_top_particle,,,,,10,2.408351182937622,,,
event:3009,particle:3009:4,event_has_top_particle,,,,,11,2.3610429763793945,,,
event:3009,particle:3009:16,event_has_top_particle,,,,,12,2.3503570556640625,,,
event:3009,particle:3009:13,event_has_top_particle,,,,,13,2.3323116302490234,,,
event:3009,particle:3009:11,event_has_top_particle,,,,,14,2.319101095199585,,,
event:3009,particle:3009:12,event_has_top_particle,,,,,15,2.318422555923462,,,
event:3009,particle:3009:17,event_has_top_particle,,,,,16,2.315821647644043,,,
event:3013,particle:3013:0,event_has_top_particle,,,,,1,4.528834342956543,,,
event:3013,particle:3013:16,event_has_top_particle,,,,,2,2.9261651039123535,,,
event:3013,particle:3013:12,event_has_top_particle,,,,,3,2.7032339572906494,,,
event:3013,particle:3013:14,event_has_top_particle,,,,,4,2.599900245666504,,,
event:3013,particle:3013:13,event_has_top_particle,,,,,5,2.5306622982025146,,,
event:3013,particle:3013:2,event_has_top_particle,,,,,6,2.529928684234619,,,
event:3013,particle:3013:1,event_has_top_particle,,,,,7,2.5225512981414795,,,
event:3013,particle:3013:15,event_has_top_particle,,,,,8,2.522310495376587,,,
event:3013,particle:3013:6,event_has_top_particle,,,,,9,2.491623878479004,,,
event:3013,particle:3013:5,event_has_top_particle,,,,,10,2.4453091621398926,,,
event:3013,particle:3013:4,event_has_top_particle,,,,,11,2.443213939666748,,,
event:3013,particle:3013:11,event_has_top_particle,,,,,12,2.4358019828796387,,,
event:3013,particle:3013:10,event_has_top_particle,,,,,13,2.427870750427246,,,
event:3013,particle:3013:7,event_has_top_particle,,,,,14,2.3770651817321777,,,
event:3013,particle:3013:3,event_has_top_particle,,,,,15,2.3649864196777344,,,
event:3013,particle:3013:9,event_has_top_particle,,,,,16,2.3272247314453125,,,
event:3014,particle:3014:0,event_has_top_particle,,,,,1,4.526010036468506,,,
event:3014,particle:3014:3,event_has_top_particle,,,,,2,2.5068724155426025,,,
event:3014,particle:3014:22,event_has_top_particle,,,,,3,2.4805448055267334,,,
event:3014,particle:3014:2,event_has_top_particle,,,,,4,2.454374313354492,,,
event:3014,particle:3014:1,event_has_top_particle,,,,,5,2.447544574737549,,,
event:3014,particle:3014:21,event_has_top_particle,,,,,6,2.426760196685791,,,
event:3014,particle:3014:18,event_has_top_particle,,,,,7,2.4242782592773438,,,
event:3014,particle:3014:20,event_has_top_particle,,,,,8,2.409839630126953,,,
event:3014,particle:3014:10,event_has_top_particle,,,,,9,2.3806967735290527,,,
event:3014,particle:3014:17,event_has_top_particle,,,,,10,2.3692636489868164,,,
event:3014,particle:3014:4,event_has_top_particle,,,,,11,2.3601529598236084,,,
event:3014,particle:3014:15,event_has_top_particle,,,,,12,2.3061177730560303,,,
event:3014,particle:3014:14,event_has_top_particle,,,,,13,2.29775071144104,,,
event:3014,particle:3014:13,event_has_top_particle,,,,,14,2.2796850204467773,,,
event:3014,particle:3014:19,event_has_top_particle,,,,,15,2.2418341636657715,,,
event:3014,particle:3014:11,event_has_top_particle,,,,,16,2.2399003505706787,,,
event:3065,particle:3065:0,event_has_top_particle,,,,,1,4.507030963897705,,,
event:3065,particle:3065:29,event_has_top_particle,,,,,2,2.714944362640381,,,
event:3065,particle:3065:27,event_has_top_particle,,,,,3,2.5696632862091064,,,
event:3065,particle:3065:23,event_has_top_particle,,,,,4,2.4924910068511963,,,
event:3065,particle:3065:36,event_has_top_particle,,,,,5,2.439069986343384,,,
event:3065,particle:3065:37,event_has_top_particle,,,,,6,2.3779983520507812,,,
event:3065,particle:3065:2,event_has_top_particle,,,,,7,2.35441255569458,,,
event:3065,particle:3065:33,event_has_top_particle,,,,,8,2.334184169769287,,,
event:3065,particle:3065:6,event_has_top_particle,,,,,9,2.2626051902770996,,,
event:3065,particle:3065:21,event_has_top_particle,,,,,10,2.2060012817382812,,,
event:3065,particle:3065:7,event_has_top_particle,,,,,11,2.191348075866699,,,
event:3065,particle:3065:22,event_has_top_particle,,,,,12,2.1816792488098145,,,
event:3065,particle:3065:34,event_has_top_particle,,,,,13,2.1791324615478516,,,
event:3065,particle:3065:11,event_has_top_particle,,,,,14,2.155694007873535,,,
event:3065,particle:3065:15,event_has_top_particle,,,,,15,2.1361398696899414,,,
event:3065,particle:3065:1,event_has_top_particle,,,,,16,2.0894906520843506,,,
event:3846,particle:3846:0,event_has_top_particle,,,,,1,4.524371147155762,,,
event:3846,particle:3846:37,event_has_top_particle,,,,,2,2.7485828399658203,,,
event:3846,particle:3846:29,event_has_top_particle,,,,,3,2.683063268661499,,,
event:3846,particle:3846:22,event_has_top_particle,,,,,4,2.606426477432251,,,
event:3846,particle:3846:12,event_has_top_particle,,,,,5,2.600579023361206,,,
event:3846,particle:3846:36,event_has_top_particle,,,,,6,2.573948621749878,,,
event:3846,particle:3846:30,event_has_top_particle,,,,,7,2.4491703510284424,,,
event:3846,particle:3846:4,event_has_top_particle,,,,,8,2.424842357635498,,,
event:3846,particle:3846:33,event_has_top_particle,,,,,9,2.4215893745422363,,,
event:3846,particle:3846:1,event_has_top_particle,,,,,10,2.412684202194214,,,
event:3846,particle:3846:28,event_has_top_particle,,,,,11,2.4040422439575195,,,
event:3846,particle:3846:3,event_has_top_particle,,,,,12,2.3459160327911377,,,
event:3846,particle:3846:19,event_has_top_particle,,,,,13,2.3327252864837646,,,
event:3846,particle:3846:2,event_has_top_particle,,,,,14,2.3212664127349854,,,
event:3846,particle:3846:27,event_has_top_particle,,,,,15,2.314241409301758,,,
event:3846,particle:3846:23,event_has_top_particle,,,,,16,2.289095878601074,,,
event:3930,particle:3930:0,event_has_top_particle,,,,,1,4.492371082305908,,,
event:3930,particle:3930:15,event_has_top_particle,,,,,2,2.894757032394409,,,
event:3930,particle:3930:40,event_has_top_particle,,,,,3,2.701345205307007,,,
event:3930,particle:3930:6,event_has_top_particle,,,,,4,2.661189556121826,,,
event:3930,particle:3930:36,event_has_top_particle,,,,,5,2.615957021713257,,,
event:3930,particle:3930:21,event_has_top_particle,,,,,6,2.6106083393096924,,,
event:3930,particle:3930:25,event_has_top_particle,,,,,7,2.5389034748077393,,,
event:3930,particle:3930:2,event_has_top_particle,,,,,8,2.5247201919555664,,,
event:3930,particle:3930:35,event_has_top_particle,,,,,9,2.518200397491455,,,
event:3930,particle:3930:17,event_has_top_particle,,,,,10,2.4975545406341553,,,
event:3930,particle:3930:3,event_has_top_particle,,,,,11,2.430934429168701,,,
event:3930,particle:3930:1,event_has_top_particle,,,,,12,2.4232871532440186,,,
event:3930,particle:3930:38,event_has_top_particle,,,,,13,2.4112515449523926,,,
event:3930,particle:3930:39,event_has_top_particle,,,,,14,2.384979248046875,,,
event:3930,particle:3930:32,event_has_top_particle,,,,,15,2.368865728378296,,,
event:3930,particle:3930:18,event_has_top_particle,,,,,16,2.349698543548584,,,
event:4683,particle:4683:0,event_has_top_particle,,,,,1,4.559418678283691,,,
event:4683,particle:4683:19,event_has_top_particle,,,,,2,2.443787097930908,,,
event:4683,particle:4683:22,event_has_top_particle,,,,,3,2.27315092086792,,,
event:4683,particle:4683:2,event_has_top_particle,,,,,4,2.247948408126831,,,
event:4683,particle:4683:1,event_has_top_particle,,,,,5,2.2344725131988525,,,
event:4683,particle:4683:3,event_has_top_particle,,,,,6,2.196207046508789,,,
event:4683,particle:4683:9,event_has_top_particle,,,,,7,2.1048645973205566,,,
event:4683,particle:4683:18,event_has_top_particle,,,,,8,2.0729877948760986,,,
event:4683,particle:4683:7,event_has_top_particle,,,,,9,2.062446355819702,,,
event:4683,particle:4683:6,event_has_top_particle,,,,,10,2.043886184692383,,,
event:4683,particle:4683:15,event_has_top_particle,,,,,11,2.0331056118011475,,,
event:4683,particle:4683:17,event_has_top_particle,,,,,12,1.986391305923462,,,
event:4683,particle:4683:20,event_has_top_particle,,,,,13,1.9837095737457275,,,
event:4683,particle:4683:4,event_has_top_particle,,,,,14,1.966617465019226,,,
event:4683,particle:4683:11,event_has_top_particle,,,,,15,1.94044828414917,,,
event:4683,particle:4683:5,event_has_top_particle,,,,,16,1.9150809049606323,,,
event:4743,particle:4743:0,event_has_top_particle,,,,,1,4.701809406280518,,,
event:4743,particle:4743:6,event_has_top_particle,,,,,2,3.157514810562134,,,
event:4743,particle:4743:2,event_has_top_particle,,,,,3,3.0606117248535156,,,
event:4743,particle:4743:21,event_has_top_particle,,,,,4,2.9735207557678223,,,
event:4743,particle:4743:40,event_has_top_particle,,,,,5,2.9293031692504883,,,
event:4743,particle:4743:3,event_has_top_particle,,,,,6,2.876251459121704,,,
event:4743,particle:4743:7,event_has_top_particle,,,,,7,2.8171422481536865,,,
event:4743,particle:4743:28,event_has_top_particle,,,,,8,2.8070003986358643,,,
event:4743,particle:4743:4,event_has_top_particle,,,,,9,2.8046975135803223,,,
event:4743,particle:4743:9,event_has_top_particle,,,,,10,2.789541482925415,,,
event:4743,particle:4743:15,event_has_top_particle,,,,,11,2.7763335704803467,,,
event:4743,particle:4743:30,event_has_top_particle,,,,,12,2.7327120304107666,,,
event:4743,particle:4743:17,event_has_top_particle,,,,,13,2.7195327281951904,,,
event:4743,particle:4743:45,event_has_top_particle,,,,,14,2.6620211601257324,,,
event:4743,particle:4743:38,event_has_top_particle,,,,,15,2.651714324951172,,,
event:4743,particle:4743:18,event_has_top_particle,,,,,16,2.634546995162964,,,
run:all_head_supertrace:v1:latest,hypothesis:H2,run_updates_hypothesis,,,,,,,78.0,,
run:all_head_supertrace:v1:latest,hypothesis:H4,run_updates_hypothesis,,,,,,,72.0,,
run:all_head_supertrace:v1:latest,hypothesis:H1,run_updates_hypothesis,,,,,,,34.0,,
run:all_head_supertrace:v1:latest,hypothesis:H5,run_updates_hypothesis,,,,,,,74.0,,
run:all_head_supertrace:v1:latest,hypothesis:H6,run_updates_hypothesis,,,,,,,66.0,,
run:all_head_supertrace:v1:latest,hypothesis:H3,run_updates_hypothesis,,,,,,,63.0,,
run:all_head_supertrace:v1:latest,hypothesis:H7,run_updates_hypothesis,,,,,,,35.0,,
run:all_head_supertrace:v1:latest,hypothesis:H8,run_updates_hypothesis,,,,,,,20.0,,
run:all_head_supertrace:v1:latest,hypothesis:AH1,run_updates_hypothesis,,,,,,,,,
run:all_head_supertrace:v1:latest,hypothesis:AH2,run_updates_hypothesis,,,,,,,,,
run:all_head_supertrace:v1:latest,hypothesis:AH3,run_updates_hypothesis,,,,,,,,,
run:all_head_supertrace:v1:latest,hypothesis:AH4,run_updates_hypothesis,,,,,,,,,
head:L1_ch112:128,hypothesis:AH4,head_supports_hypothesis,0.842360487754923,,,,,,,,
head:L1_ch112:128,hypothesis:AH3,head_in_method_comparison,0.842360487754923,0.0,,,,,,,
head:L1_ch16:32,hypothesis:AH4,head_supports_hypothesis,0.7222795635927468,,,,,,,,
head:L1_ch16:32,hypothesis:AH3,head_in_method_comparison,0.7222795635927468,0.0,,,,,,,
head:L0_ch40:48,hypothesis:AH4,head_supports_hypothesis,0.7015100818593057,,,,,,,,
head:L0_ch40:48,hypothesis:AH3,head_in_method_comparison,0.7015100818593057,0.0,,,,,,,
head:L2_ch224:256,hypothesis:AH4,head_supports_hypothesis,0.7008995685493572,,,,,,,,
head:L2_ch224:256,hypothesis:AH3,head_in_method_comparison,0.7008995685493572,0.0,,,,,,,
head:L0_ch48:56,hypothesis:AH4,head_supports_hypothesis,0.3678499299974644,,,,,,,,
head:L0_ch48:56,hypothesis:AH3,head_in_method_comparison,0.3678499299974644,0.0,,,,,,,
head:L0_ch8:16,hypothesis:AH4,head_supports_hypothesis,0.3510980424529408,,,,,,,,
head:L0_ch8:16,hypothesis:AH3,head_in_method_comparison,0.3510980424529408,0.0,,,,,,,
head:L2_ch128:160,hypothesis:AH4,head_supports_hypothesis,0.33572994011483376,,,,,,,,
head:L2_ch128:160,hypothesis:AH3,head_in_method_comparison,0.33572994011483376,0.0,,,,,,,
head:L2_ch64:96,hypothesis:AH4,head_supports_hypothesis,0.30327312572626386,,,,,,,,
head:L2_ch64:96,hypothesis:AH3,head_in_method_comparison,0.30327312572626386,0.0,,,,,,,
head:L2_ch0:32,hypothesis:AH4,head_supports_hypothesis,0.26459686089656287,,,,,,,,
head:L2_ch0:32,hypothesis:AH3,head_in_method_comparison,0.26459686089656287,0.0,,,,,,,
head:L0_ch0:8,hypothesis:AH4,head_supports_hypothesis,0.23233211163897055,,,,,,,,
head:L0_ch0:8,hypothesis:AH3,head_in_method_comparison,0.23233211163897055,0.0,,,,,,,
particle:1810:0,hypothesis:AH1,particle_supports_hypothesis,,,,,,5.010021209716797,,288.1587480613739,0.046738666836221264
particle:1746:0,hypothesis:AH1,particle_supports_hypothesis,,,,,,4.985466480255127,,379.5848678834499,0.06902843876076308
particle:1922:0,hypothesis:AH1,particle_supports_hypothesis,,,,,,4.974564552307129,,493.3960364498031,0.03305219014599567
particle:1941:0,hypothesis:AH1,particle_supports_hypothesis,,,,,,4.965881824493408,,596.0615952278525,0.039280466044420606
particle:1989:0,hypothesis:AH1,particle_supports_hypothesis,,,,,,4.944884300231934,,437.4169908443208,0.02723962785057632
particle:1839:0,hypothesis:AH1,particle_supports_hypothesis,,,,,,4.910768508911133,,444.0590294714343,0.01850632576990948
particle:1656:0,hypothesis:AH1,particle_supports_hypothesis,,,,,,4.899553298950195,,427.51772006537516,0.05384171291960546
particle:1793:0,hypothesis:AH1,particle_supports_hypothesis,,,,,,4.89277982711792,,557.3921056864468,0.04135381016830831
particle:1794:0,hypothesis:AH1,particle_supports_hypothesis,,,,,,4.857330322265625,,441.8409087272253,0.034907247541842386
particle:1950:0,hypothesis:AH1,particle_supports_hypothesis,,,,,,4.844897270202637,,377.5677571039503,0.038831565485103865
particle:1673:0,hypothesis:AH1,particle_supports_hypothesis,,,,,,4.8400959968566895,,309.6794597501644,0.08414474526621321
particle:1653:0,hypothesis:AH1,particle_supports_hypothesis,,,,,,4.839760780334473,,426.35845915135496,0.0282310011678446
particle:1561:0,hypothesis:AH1,particle_supports_hypothesis,,,,,,4.838169097900391,,372.72481123138226,0.01155972263180379
particle:2561:0,hypothesis:AH1,particle_supports_hypothesis,,,,,,4.79708194732666,,498.7115827755219,0.10383665437944611
particle:1734:0,hypothesis:AH1,particle_supports_hypothesis,,,,,,4.791771411895752,,526.2283827395551,0.04040516663791019
particle:1721:0,hypothesis:AH1,particle_supports_hypothesis,,,,,,4.77075719833374,,513.1412346515395,0.06281769854543583
particle:1777:0,hypothesis:AH1,particle_supports_hypothesis,,,,,,4.770000457763672,,291.698143966031,0.06090404584910197
particle:1992:0,hypothesis:AH1,particle_supports_hypothesis,,,,,,4.761325359344482,,529.8818909635916,0.01375019270515707
particle:1961:0,hypothesis:AH1,particle_supports_hypothesis,,,,,,4.7613043785095215,,723.4746761625162,0.02313020686840289
particle:2735:0,hypothesis:AH1,particle_supports_hypothesis,,,,,,4.7557759284973145,,348.63069811282566,0.19239821973431928
particle:1825:0,hypothesis:AH1,particle_supports_hypothesis,,,,,,4.755005359649658,,484.4645495388509,0.06768225564891668
particle:2016:0,hypothesis:AH1,particle_supports_hypothesis,,,,,,4.751091480255127,,277.6679200707444,0.03206438416423713
particle:1631:0,hypothesis:AH1,particle_supports_hypothesis,,,,,,4.749844074249268,,380.17705874593213,0.06043915629752499
particle:1677:0,hypothesis:AH1,particle_supports_hypothesis,,,,,,4.7425127029418945,,776.4828720728908,0.03706787417767371
particle:1705:0,hypothesis:AH1,particle_supports_hypothesis,,,,,,4.739664077758789,,471.4840818154266,0.03370026236111076
particle:1845:0,hypothesis:AH1,particle_supports_hypothesis,,,,,,4.737367153167725,,487.1414709855727,0.04756469377604124
particle:1577:0,hypothesis:AH1,particle_supports_hypothesis,,,,,,4.736693859100342,,345.65957358883014,0.04250629744621171
particle:1722:0,hypothesis:AH1,particle_supports_hypothesis,,,,,,4.730295658111572,,435.98971387827635,0.05988157830169766
particle:1565:0,hypothesis:AH1,particle_supports_hypothesis,,,,,,4.728625297546387,,423.72146530459173,0.02868935396274646
particle:1995:0,hypothesis:AH1,particle_supports_hypothesis,,,,,,4.72459077835083,,404.00897291572693,0.05713798273102242
particle:1689:0,hypothesis:AH1,particle_supports_hypothesis,,,,,,4.718921661376953,,394.90274863528646,0.0040018890596522595
particle:4743:0,hypothesis:AH1,particle_supports_hypothesis,,,,,,4.701809406280518,,162.04790397561865,0.03910217399931169
particle:1563:0,hypothesis:AH1,particle_supports_hypothesis,,,,,,4.698948860168457,,378.64829226926105,0.017136534664508634
particle:1660:0,hypothesis:AH1,particle_supports_hypothesis,,,,,,4.6985297203063965,,351.24162414409915,0.06891323444994665
particle:2013:0,hypothesis:AH1,particle_supports_hypothesis,,,,,,4.696567535400391,,459.60355850804,0.0404624617175513
particle:2878:0,hypothesis:AH1,particle_supports_hypothesis,,,,,,4.69407844543457,,571.8198204732382,0.0829913720649629
particle:1552:0,hypothesis:AH1,particle_supports_hypothesis,,,,,,4.690550804138184,,526.1699810500572,0.02196009632355459
particle:2033:0,hypothesis:AH1,particle_supports_hypothesis,,,,,,4.680784225463867,,742.7922226443387,0.019208573302118986
particle:2980:0,hypothesis:AH1,particle_supports_hypothesis,,,,,,4.677016735076904,,358.6852208073928,0.21735252393534324
particle:1942:0,hypothesis:AH1,particle_supports_hypothesis,,,,,,4.671593189239502,,462.7438377627263,0.04026153809792832
particle:2863:0,hypothesis:AH1,particle_supports_hypothesis,,,,,,4.6707868576049805,,555.5178459674063,0.07532953329097646
particle:1578:0,hypothesis:AH1,particle_supports_hypothesis,,,,,,4.664638042449951,,382.879130574527,0.057230213953337467
particle:1948:0,hypothesis:AH1,particle_supports_hypothesis,,,,,,4.663012981414795,,466.7907705682986,0.031021405901605934
particle:1884:0,hypothesis:AH1,particle_supports_hypothesis,,,,,,4.657381057739258,,345.09165132946424,0.02856936445276286
particle:2755:0,hypothesis:AH1,particle_supports_hypothesis,,,,,,4.656994819641113,,389.4547886097866,0.10038491077082544
particle:1796:0,hypothesis:AH1,particle_supports_hypothesis,,,,,,4.655887126922607,,376.7678664287964,0.049421947559323456
particle:1971:0,hypothesis:AH1,particle_supports_hypothesis,,,,,,4.654879570007324,,300.13089600236714,0.037734777278537135
particle:2571:0,hypothesis:AH1,particle_supports_hypothesis,,,,,,4.646711349487305,,564.8671839111229,0.11021263110173347
particle:1736:0,hypothesis:AH1,particle_supports_hypothesis,,,,,,4.64564847946167,,242.22939451559526,0.12419620662919673
particle:1542:0,hypothesis:AH1,particle_supports_hypothesis,,,,,,4.64503812789917,,445.1894392171144,0.03486495218939353
particle:1840:0,hypothesis:AH1,particle_supports_hypothesis,,,,,,4.632962226867676,,318.6606705360576,0.04933039482085826
particle:1640:0,hypothesis:AH1,particle_supports_hypothesis,,,,,,4.622717380523682,,256.9648167237143,0.08448213463906562
particle:1639:0,hypothesis:AH1,particle_supports_hypothesis,,,,,,4.618908405303955,,346.1554110562842,0.005875364857496774
particle:2604:0,hypothesis:AH1,particle_supports_hypothesis,,,,,,4.618261814117432,,422.00567695385223,0.1213357539414693
particle:1972:0,hypothesis:AH1,particle_supports_hypothesis,,,,,,4.617560863494873,,357.37851182733334,0.029824840077349018
particle:1962:0,hypothesis:AH1,particle_supports_hypothesis,,,,,,4.613985061645508,,250.96530442615764,0.005461560644240364
particle:1696:0,hypothesis:AH1,particle_supports_hypothesis,,,,,,4.612433433532715,,578.062519093514,0.02437421283560489
particle:2955:0,hypothesis:AH1,particle_supports_hypothesis,,,,,,4.610157012939453,,468.5831259186892,0.05007064785368949
particle:1735:0,hypothesis:AH1,particle_supports_hypothesis,,,,,,4.6080780029296875,,353.60362993391954,0.05546515341032896
particle:2714:0,hypothesis:AH1,particle_supports_hypothesis,,,,,,4.607884407043457,,412.64936611590724,0.09291488800835032
particle:1920:0,hypothesis:AH1,particle_supports_hypothesis,,,,,,4.602072238922119,,514.3489489131185,0.05523644429740954
particle:1558:0,hypothesis:AH1,particle_supports_hypothesis,,,,,,4.601725101470947,,524.3685361337548,0.04611404723023995
particle:2005:0,hypothesis:AH1,particle_supports_hypothesis,,,,,,4.60105037689209,,425.7908930638243,0.06630299967335739
particle:1919:0,hypothesis:AH1,particle_supports_hypothesis,,,,,,4.595426082611084,,568.457369615244,0.03704378390320989
particle:1931:0,hypothesis:AH1,particle_supports_hypothesis,,,,,,4.593645095825195,,390.1915556936867,0.03538254256826222
particle:1557:0,hypothesis:AH1,particle_supports_hypothesis,,,,,,4.593549728393555,,326.96611593848206,0.06375763135275768
particle:1711:0,hypothesis:AH1,particle_supports_hypothesis,,,,,,4.5878119468688965,,464.0561039374384,0.07745608610512628
particle:1694:0,hypothesis:AH1,particle_supports_hypothesis,,,,,,4.58475399017334,,307.380248732623,0.034398742603469604
particle:1720:0,hypothesis:AH1,particle_supports_hypothesis,,,,,,4.580852031707764,,496.26143294142497,0.0569162625610342
particle:1586:0,hypothesis:AH1,particle_supports_hypothesis,,,,,,4.579733848571777,,468.04266382259755,0.032302421800601444
particle:2950:0,hypothesis:AH1,particle_supports_hypothesis,,,,,,4.571460247039795,,535.9312657662977,0.12074181882701564
particle:1795:0,hypothesis:AH1,particle_supports_hypothesis,,,,,,4.568746566772461,,312.3906064400109,0.05620093790387532
particle:2709:0,hypothesis:AH1,particle_supports_hypothesis,,,,,,4.56200647354126,,383.07739200024093,0.0634701350749664
particle:2843:0,hypothesis:AH1,particle_supports_hypothesis,,,,,,4.559811115264893,,266.55484078960393,0.19514271911984682
particle:4683:0,hypothesis:AH1,particle_supports_hypothesis,,,,,,4.559418678283691,,342.4334029155218,0.07168726029316286
particle:1630:0,hypothesis:AH1,particle_supports_hypothesis,,,,,,4.558600902557373,,384.5317653203726,0.03065780987326085
particle:1898:0,hypothesis:AH1,particle_supports_hypothesis,,,,,,4.556637287139893,,335.4460139228561,0.038752589235092415
particle:1622:0,hypothesis:AH1,particle_supports_hypothesis,,,,,,4.55602502822876,,295.1795054975223,0.03364188784502777
particle:2006:0,hypothesis:AH1,particle_supports_hypothesis,,,,,,4.554699420928955,,353.22656582209447,0.06204778665658048
particle:2819:0,hypothesis:AH1,particle_supports_hypothesis,,,,,,4.553473949432373,,405.4236563779268,0.1110977410822983
