event_index,group,true_label,pred_label,confidence,missing_pt_proxy,lead_idx,particle0_idx,particle0_pt,particle0_pt_rank,particle0_pid,particle0_iso_pt_ratio,particle0_knn_pt_sum,particle0_charge,particle0_is_charged_hadron,particle0_is_neutral_hadron,particle0_is_photon,particle0_is_electron,particle0_is_muon,particle0_is_lepton,particle0_knn_charged_hadron_frac,particle0_knn_neutral_hadron_frac,particle0_knn_photon_frac,particle0_knn_electron_frac,particle0_knn_muon_frac,leading_idx,leading_pt,leading_pt_rank,leading_pid,leading_iso_pt_ratio,leading_knn_pt_sum,leading_charge,leading_is_charged_hadron,leading_is_neutral_hadron,leading_is_photon,leading_is_electron,leading_is_muon,leading_is_lepton,leading_knn_charged_hadron_frac,leading_knn_neutral_hadron_frac,leading_knn_photon_frac,leading_knn_electron_frac,leading_knn_muon_frac,best_lepton_idx,best_lepton_pt,best_lepton_pt_rank,best_lepton_pid,best_lepton_iso_pt_ratio,best_lepton_knn_pt_sum,best_lepton_charge,best_lepton_is_charged_hadron,best_lepton_is_neutral_hadron,best_lepton_is_photon,best_lepton_is_electron,best_lepton_is_muon,best_lepton_is_lepton,best_lepton_knn_charged_hadron_frac,best_lepton_knn_neutral_hadron_frac,best_lepton_knn_photon_frac,best_lepton_knn_electron_frac,best_lepton_knn_muon_frac,has_lepton,deltaR_p0_lepton,deltaR_lead_lepton
768,Hqql_correct,label_Hqql,label_Hqql,0.9998764991760254,519.7913818034993,0,0,138.13299560546875,0,muon,0.15893126205061595,731.0037231445312,-1.0,0.0,0.0,0.0,0.0,1.0,1.0,0.375,0.0,0.3125,0.0,0.3125,0,138.13299560546875,0,muon,0.15893126205061595,731.0037231445312,-1.0,0.0,0.0,0.0,0.0,1.0,1.0,0.375,0.0,0.3125,0.0,0.3125,0,138.13299560546875,0,muon,0.15893126205061595,731.0037231445312,-1.0,0.0,0.0,0.0,0.0,1.0,1.0,0.375,0.0,0.3125,0.0,0.3125,1,3.162277789670043e-05,3.162277789670043e-05
769,Hqql_correct,label_Hqql,label_Hqql,0.9977618455886841,515.5463892454952,0,0,186.88282775878906,0,electron,0.1699637172227309,912.66259765625,1.0,0.0,0.0,0.0,1.0,0.0,1.0,0.5625,0.25,0.0,0.1875,0.0,0,186.88282775878906,0,electron,0.1699637172227309,912.66259765625,1.0,0.0,0.0,0.0,1.0,0.0,1.0,0.5625,0.25,0.0,0.1875,0.0,0,186.88282775878906,0,electron,0.1699637172227309,912.66259765625,1.0,0.0,0.0,0.0,1.0,0.0,1.0,0.5625,0.25,0.0,0.1875,0.0,1,3.162277789670043e-05,3.162277789670043e-05
770,Hqql_correct,label_Hqql,label_Hqql,0.7015209197998047,624.0837575466434,0,0,135.63461303710938,0,electron,0.1239188683591123,958.9090576171875,1.0,0.0,0.0,0.0,1.0,0.0,1.0,0.25,0.0,0.5625,0.1875,0.0,0,135.63461303710938,0,electron,0.1239188683591123,958.9090576171875,1.0,0.0,0.0,0.0,1.0,0.0,1.0,0.25,0.0,0.5625,0.1875,0.0,0,135.63461303710938,0,electron,0.1239188683591123,958.9090576171875,1.0,0.0,0.0,0.0,1.0,0.0,1.0,0.25,0.0,0.5625,0.1875,0.0,1,3.162277789670043e-05,3.162277789670043e-05
771,Hqql_correct,label_Hqql,label_Hqql,0.9964529275894165,707.8639456487446,0,0,185.77133178710938,0,electron,0.12184960232246571,1338.823974609375,-1.0,0.0,0.0,0.0,1.0,0.0,1.0,0.3125,0.375,0.0,0.3125,0.0,0,185.77133178710938,0,electron,0.12184960232246571,1338.823974609375,-1.0,0.0,0.0,0.0,1.0,0.0,1.0,0.3125,0.375,0.0,0.3125,0.0,0,185.77133178710938,0,electron,0.12184960232246571,1338.823974609375,-1.0,0.0,0.0,0.0,1.0,0.0,1.0,0.3125,0.375,0.0,0.3125,0.0,1,3.162277789670043e-05,3.162277789670043e-05
772,Hqql_correct,label_Hqql,label_Hqql,0.9963919520378113,541.9220458837092,0,0,134.54112243652344,0,muon,0.1254769038009982,937.697021484375,-1.0,0.0,0.0,0.0,0.0,1.0,1.0,0.0,0.0,0.6875,0.0,0.3125,0,134.54112243652344,0,muon,0.1254769038009982,937.697021484375,-1.0,0.0,0.0,0.0,0.0,1.0,1.0,0.0,0.0,0.6875,0.0,0.3125,0,134.54112243652344,0,muon,0.1254769038009982,937.697021484375,-1.0,0.0,0.0,0.0,0.0,1.0,1.0,0.0,0.0,0.6875,0.0,0.3125,1,3.162277789670043e-05,3.162277789670043e-05
773,Hqql_to_Tbl,label_Hqql,label_Tbl,0.9904725551605225,512.6514735396471,0,0,420.1024475097656,0,electron,0.16520765759271597,2122.772705078125,-1.0,0.0,0.0,0.0,1.0,0.0,1.0,0.0,0.3125,0.375,0.3125,0.0,0,420.1024475097656,0,electron,0.16520765759271597,2122.772705078125,-1.0,0.0,0.0,0.0,1.0,0.0,1.0,0.0,0.3125,0.375,0.3125,0.0,0,420.1024475097656,0,electron,0.16520765759271597,2122.772705078125,-1.0,0.0,0.0,0.0,1.0,0.0,1.0,0.0,0.3125,0.375,0.3125,0.0,1,3.162277789670043e-05,3.162277789670043e-05
774,Hqql_correct,label_Hqql,label_Hqql,0.9999284744262695,702.0186012678305,0,0,445.189453125,0,muon,0.18850473190815795,1916.4990234375,1.0,0.0,0.0,0.0,0.0,1.0,1.0,0.625,0.125,0.0,0.0,0.25,0,445.189453125,0,muon,0.18850473190815795,1916.4990234375,1.0,0.0,0.0,0.0,0.0,1.0,1.0,0.625,0.125,0.0,0.0,0.25,0,445.189453125,0,muon,0.18850473190815795,1916.4990234375,1.0,0.0,0.0,0.0,0.0,1.0,1.0,0.625,0.125,0.0,0.0,0.25,1,3.162277789670043e-05,3.162277789670043e-05
775,Hqql_correct,label_Hqql,label_Hqql,0.9993879795074463,568.6108056209963,0,0,195.58595275878906,0,charged_hadron,0.16123772820552937,1017.4425048828125,1.0,1.0,0.0,0.0,0.0,0.0,0.0,0.3125,0.0,0.6875,0.0,0.0,0,195.58595275878906,0,charged_hadron,0.16123772820552937,1017.4425048828125,1.0,1.0,0.0,0.0,0.0,0.0,0.0,0.3125,0.0,0.6875,0.0,0.0,3,63.89704132080078,3,electron,0.14648486627109114,372.3052978515625,-1.0,0.0,0.0,0.0,1.0,0.0,1.0,0.0,0.375,0.3125,0.3125,0.0,1,0.3006094694137573,0.3006094694137573
776,Hqql_correct,label_Hqql,label_Hqql,0.9744387269020081,717.3939682663059,0,0,321.0245666503906,0,electron,0.22472516367256587,1107.4962158203125,1.0,0.0,0.0,0.0,1.0,0.0,1.0,0.5625,0.25,0.0,0.1875,0.0,0,321.0245666503906,0,electron,0.22472516367256587,1107.4962158203125,1.0,0.0,0.0,0.0,1.0,0.0,1.0,0.5625,0.25,0.0,0.1875,0.0,0,321.0245666503906,0,electron,0.22472516367256587,1107.4962158203125,1.0,0.0,0.0,0.0,1.0,0.0,1.0,0.5625,0.25,0.0,0.1875,0.0,1,3.162277789670043e-05,3.162277789670043e-05
777,Hqql_correct,label_Hqql,label_Hqql,0.9412574768066406,558.416050295477,0,0,269.7215576171875,0,muon,0.19666050103432028,1101.7869873046875,1.0,0.0,0.0,0.0,0.0,1.0,1.0,0.25,0.0,0.5,0.0,0.25,0,269.7215576171875,0,muon,0.19666050103432028,1101.7869873046875,1.0,0.0,0.0,0.0,0.0,1.0,1.0,0.25,0.0,0.5,0.0,0.25,0,269.7215576171875,0,muon,0.19666050103432028,1101.7869873046875,1.0,0.0,0.0,0.0,0.0,1.0,1.0,0.25,0.0,0.5,0.0,0.25,1,3.162277789670043e-05,3.162277789670043e-05
778,Hqql_to_Tbl,label_Hqql,label_Tbl,0.8790656328201294,525.9559728080367,0,0,153.05580139160156,0,electron,0.08931654798133275,1560.577392578125,-1.0,0.0,0.0,0.0,1.0,0.0,1.0,0.0,0.0,0.375,0.625,0.0,0,153.05580139160156,0,electron,0.08931654798133275,1560.577392578125,-1.0,0.0,0.0,0.0,1.0,0.0,1.0,0.0,0.0,0.375,0.625,0.0,0,153.05580139160156,0,electron,0.08931654798133275,1560.577392578125,-1.0,0.0,0.0,0.0,1.0,0.0,1.0,0.0,0.0,0.375,0.625,0.0,1,3.162277789670043e-05,3.162277789670043e-05
779,Hqql_correct,label_Hqql,label_Hqql,0.6420148015022278,655.2100551044616,0,0,245.8135528564453,0,electron,0.2876161838899707,608.8447265625,1.0,0.0,0.0,0.0,1.0,0.0,1.0,0.125,0.0,0.75,0.125,0.0,0,245.8135528564453,0,electron,0.2876161838899707,608.8447265625,1.0,0.0,0.0,0.0,1.0,0.0,1.0,0.125,0.0,0.75,0.125,0.0,0,245.8135528564453,0,electron,0.2876161838899707,608.8447265625,1.0,0.0,0.0,0.0,1.0,0.0,1.0,0.125,0.0,0.75,0.125,0.0,1,3.162277789670043e-05,3.162277789670043e-05
780,Hqql_correct,label_Hqql,label_Hqql,0.9975638389587402,513.7944749052989,0,0,97.43046569824219,0,muon,0.14516700301826366,573.7307739257812,1.0,0.0,0.0,0.0,0.0,1.0,1.0,0.75,0.0,0.0,0.0,0.25,0,97.43046569824219,0,muon,0.14516700301826366,573.7307739257812,1.0,0.0,0.0,0.0,0.0,1.0,1.0,0.75,0.0,0.0,0.0,0.25,0,97.43046569824219,0,muon,0.14516700301826366,573.7307739257812,1.0,0.0,0.0,0.0,0.0,1.0,1.0,0.75,0.0,0.0,0.0,0.25,1,3.162277789670043e-05,3.162277789670043e-05
781,Hqql_correct,label_Hqql,label_Hqql,0.9996947050094604,615.3533688598316,0,0,393.9726257324219,0,electron,0.13616652105505325,2499.34228515625,1.0,0.0,0.0,0.0,1.0,0.0,1.0,0.1875,0.0,0.4375,0.375,0.0,0,393.9726257324219,0,electron,0.13616652105505325,2499.34228515625,1.0,0.0,0.0,0.0,1.0,0.0,1.0,0.1875,0.0,0.4375,0.375,0.0,0,393.9726257324219,0,electron,0.13616652105505325,2499.34228515625,1.0,0.0,0.0,0.0,1.0,0.0,1.0,0.1875,0.0,0.4375,0.375,0.0,1,3.162277789670043e-05,3.162277789670043e-05
782,Hqql_correct,label_Hqql,label_Hqql,0.9729529619216919,680.0260319479478,0,0,132.35702514648438,0,charged_hadron,0.1292857353439476,891.3988037109375,-1.0,1.0,0.0,0.0,0.0,0.0,0.0,0.75,0.0,0.25,0.0,0.0,0,132.35702514648438,0,charged_hadron,0.1292857353439476,891.3988037109375,-1.0,1.0,0.0,0.0,0.0,0.0,0.0,0.75,0.0,0.25,0.0,0.0,1,126.81172943115234,1,muon,0.21104163815411847,474.0731506347656,-1.0,0.0,0.0,0.0,0.0,1.0,1.0,0.3125,0.5,0.0,0.0,0.1875,1,0.21667641401290894,0.21667641401290894
783,Hqql_correct,label_Hqql,label_Hqql,0.9982605576515198,503.4797568130228,0,0,150.29360961914062,0,charged_hadron,0.13232222226013657,985.521728515625,1.0,1.0,0.0,0.0,0.0,0.0,0.0,1.0,0.0,0.0,0.0,0.0,0,150.29360961914062,0,charged_hadron,0.13232222226013657,985.521728515625,1.0,1.0,0.0,0.0,0.0,0.0,0.0,1.0,0.0,0.0,0.0,0.0,1,75.63925170898438,1,electron,0.15099782478309515,425.2901611328125,1.0,0.0,0.0,0.0,1.0,0.0,1.0,0.3125,0.0,0.375,0.3125,0.0,1,0.3837110996246338,0.3837110996246338
784,Hqql_correct,label_Hqql,label_Hqql,0.9504872560501099,577.8788838438799,0,0,526.1699829101562,0,electron,0.16513971709722305,2660.041015625,1.0,0.0,0.0,0.0,1.0,0.0,1.0,0.375,0.3125,0.0,0.3125,0.0,0,526.1699829101562,0,electron,0.16513971709722305,2660.041015625,1.0,0.0,0.0,0.0,1.0,0.0,1.0,0.375,0.3125,0.0,0.3125,0.0,0,526.1699829101562,0,electron,0.16513971709722305,2660.041015625,1.0,0.0,0.0,0.0,1.0,0.0,1.0,0.375,0.3125,0.0,0.3125,0.0,1,3.162277789670043e-05,3.162277789670043e-05
785,Hqql_correct,label_Hqql,label_Hqql,0.9904475212097168,589.527830850241,0,0,290.4163818359375,0,muon,0.15765936422698076,1551.63330078125,-1.0,0.0,0.0,0.0,0.0,1.0,1.0,0.0625,0.0,0.625,0.0,0.3125,0,290.4163818359375,0,muon,0.15765936422698076,1551.63330078125,-1.0,0.0,0.0,0.0,0.0,1.0,1.0,0.0625,0.0,0.625,0.0,0.3125,0,290.4163818359375,0,muon,0.15765936422698076,1551.63330078125,-1.0,0.0,0.0,0.0,0.0,1.0,1.0,0.0625,0.0,0.625,0.0,0.3125,1,3.162277789670043e-05,3.162277789670043e-05
786,Hqql_correct,label_Hqql,label_Hqql,0.9977462887763977,953.3413179640551,0,0,380.5296630859375,0,electron,0.18757659244593144,1648.1331787109375,-1.0,0.0,0.0,0.0,1.0,0.0,1.0,0.5,0.0,0.25,0.25,0.0,0,380.5296630859375,0,electron,0.18757659244593144,1648.1331787109375,-1.0,0.0,0.0,0.0,1.0,0.0,1.0,0.5,0.0,0.25,0.25,0.0,0,380.5296630859375,0,electron,0.18757659244593144,1648.1331787109375,-1.0,0.0,0.0,0.0,1.0,0.0,1.0,0.5,0.0,0.25,0.25,0.0,1,3.162277789670043e-05,3.162277789670043e-05
787,Hqql_correct,label_Hqql,label_Hqql,0.9898332357406616,537.1921805375387,0,0,125.71620178222656,0,neutral_hadron,0.1195867651288829,925.5389404296875,0.0,0.0,1.0,0.0,0.0,0.0,0.0,0.25,0.375,0.375,0.0,0.0,0,125.71620178222656,0,neutral_hadron,0.1195867651288829,925.5389404296875,0.0,0.0,1.0,0.0,0.0,0.0,0.0,0.25,0.375,0.375,0.0,0.0,8,23.30295753479004,8,muon,0.07826989255609144,274.4227294921875,-1.0,0.0,0.0,0.0,0.0,1.0,1.0,0.0,0.0,0.6875,0.0,0.3125,1,0.38596057891845703,0.38596057891845703
788,Hqql_correct,label_Hqql,label_Hqql,0.636283814907074,517.2359690029622,0,0,210.91549682617188,0,electron,0.3043275515487648,482.13873291015625,-1.0,0.0,0.0,0.0,1.0,0.0,1.0,0.5,0.0,0.375,0.125,0.0,0,210.91549682617188,0,electron,0.3043275515487648,482.13873291015625,-1.0,0.0,0.0,0.0,1.0,0.0,1.0,0.5,0.0,0.375,0.125,0.0,0,210.91549682617188,0,electron,0.3043275515487648,482.13873291015625,-1.0,0.0,0.0,0.0,1.0,0.0,1.0,0.5,0.0,0.375,0.125,0.0,1,3.162277789670043e-05,3.162277789670043e-05
789,Hqql_correct,label_Hqql,label_Hqql,0.9942646622657776,573.3490253124993,0,0,326.96612548828125,0,electron,0.10756122667528814,2712.847900390625,-1.0,0.0,0.0,0.0,1.0,0.0,1.0,0.5,0.0,0.0,0.5,0.0,0,326.96612548828125,0,electron,0.10756122667528814,2712.847900390625,-1.0,0.0,0.0,0.0,1.0,0.0,1.0,0.5,0.0,0.0,0.5,0.0,0,326.96612548828125,0,electron,0.10756122667528814,2712.847900390625,-1.0,0.0,0.0,0.0,1.0,0.0,1.0,0.5,0.0,0.0,0.5,0.0,1,3.162277789670043e-05,3.162277789670043e-05
790,Hqql_correct,label_Hqql,label_Hqql,0.9992827773094177,720.5422780245523,0,0,524.3685302734375,0,muon,0.12302782179545198,3737.826171875,-1.0,0.0,0.0,0.0,0.0,1.0,1.0,0.125,0.4375,0.0,0.0,0.4375,0,524.3685302734375,0,muon,0.12302782179545198,3737.826171875,-1.0,0.0,0.0,0.0,0.0,1.0,1.0,0.125,0.4375,0.0,0.0,0.4375,0,524.3685302734375,0,muon,0.12302782179545198,3737.826171875,-1.0,0.0,0.0,0.0,0.0,1.0,1.0,0.125,0.4375,0.0,0.0,0.4375,1,3.162277789670043e-05,3.162277789670043e-05
791,Hqql_correct,label_Hqql,label_Hqql,0.9955872297286987,560.1270699446728,0,0,151.22024536132812,0,charged_hadron,0.1340796433652523,976.6187133789062,1.0,1.0,0.0,0.0,0.0,0.0,0.0,0.75,0.0,0.0,0.25,0.0,0,151.22024536132812,0,charged_hadron,0.1340796433652523,976.6187133789062,1.0,1.0,0.0,0.0,0.0,0.0,0.0,0.75,0.0,0.0,0.25,0.0,11,12.881004333496094,11,muon,0.15168786246613988,72.03682708740234,1.0,0.0,0.0,0.0,0.0,1.0,1.0,0.25,0.25,0.3125,0.0,0.1875,1,0.7010335922241211,0.7010335922241211
792,Hqql_correct,label_Hqql,label_Hqql,0.9900542497634888,542.2391776306102,0,0,98.59990692138672,0,photon,0.1361666652916914,625.5120239257812,0.0,0.0,0.0,1.0,0.0,0.0,0.0,0.1875,0.0,0.25,0.5625,0.0,0,98.59990692138672,0,photon,0.1361666652916914,625.5120239257812,0.0,0.0,0.0,1.0,0.0,0.0,0.0,0.1875,0.0,0.25,0.5625,0.0,1,64.3162612915039,1,muon,0.1674594513182112,319.75439453125,1.0,0.0,0.0,0.0,0.0,1.0,1.0,0.1875,0.3125,0.25,0.0,0.25,1,0.3375174105167389,0.3375174105167389
793,Hqql_correct,label_Hqql,label_Hqql,0.9995713829994202,563.8048392189269,0,0,372.72479248046875,0,electron,0.2192030275009079,1327.6385498046875,1.0,0.0,0.0,0.0,1.0,0.0,1.0,0.3125,0.0,0.5,0.1875,0.0,0,372.72479248046875,0,electron,0.2192030275009079,1327.6385498046875,1.0,0.0,0.0,0.0,1.0,0.0,1.0,0.3125,0.0,0.5,0.1875,0.0,0,372.72479248046875,0,electron,0.2192030275009079,1327.6385498046875,1.0,0.0,0.0,0.0,1.0,0.0,1.0,0.3125,0.0,0.5,0.1875,0.0,1,3.162277789670043e-05,3.162277789670043e-05
794,Hqql_correct,label_Hqql,label_Hqql,0.9999581575393677,676.2446062667053,0,0,203.43016052246094,0,photon,0.08741093084787122,2123.85498046875,0.0,0.0,0.0,1.0,0.0,0.0,0.0,0.0,0.0,1.0,0.0,0.0,0,203.43016052246094,0,photon,0.08741093084787122,2123.85498046875,0.0,0.0,0.0,1.0,0.0,0.0,0.0,0.0,0.0,1.0,0.0,0.0,1,185.55397033691406,1,muon,0.08636348376772682,1962.969482421875,-1.0,0.0,0.0,0.0,0.0,1.0,1.0,0.0,0.0,0.4375,0.0,0.5625,1,0.13963618874549866,0.13963618874549866
795,Hqql_correct,label_Hqql,label_Hqql,0.9999996423721313,563.6749929185145,0,0,378.6482849121094,0,electron,0.09855708290631714,3463.270263671875,-1.0,0.0,0.0,0.0,1.0,0.0,1.0,0.4375,0.0,0.0,0.5625,0.0,0,378.6482849121094,0,electron,0.09855708290631714,3463.270263671875,-1.0,0.0,0.0,0.0,1.0,0.0,1.0,0.4375,0.0,0.0,0.5625,0.0,0,378.6482849121094,0,electron,0.09855708290631714,3463.270263671875,-1.0,0.0,0.0,0.0,1.0,0.0,1.0,0.4375,0.0,0.0,0.5625,0.0,1,3.162277789670043e-05,3.162277789670043e-05
796,Hqql_correct,label_Hqql,label_Hqql,0.9999499320983887,556.5819078484469,0,0,316.29925537109375,0,muon,0.12276896926480126,2260.07861328125,-1.0,0.0,0.0,0.0,0.0,1.0,1.0,0.125,0.0,0.4375,0.0,0.4375,0,316.29925537109375,0,muon,0.12276896926480126,2260.07861328125,-1.0,0.0,0.0,0.0,0.0,1.0,1.0,0.125,0.0,0.4375,0.0,0.4375,0,316.29925537109375,0,muon,0.12276896926480126,2260.07861328125,-1.0,0.0,0.0,0.0,0.0,1.0,1.0,0.125,0.0,0.4375,0.0,0.4375,1,3.162277789670043e-05,3.162277789670043e-05
797,Hqql_correct,label_Hqql,label_Hqql,0.9999512434005737,670.1216415631742,0,0,423.7214660644531,0,electron,0.13863482276840577,2632.6640625,1.0,0.0,0.0,0.0,1.0,0.0,1.0,0.25,0.375,0.0,0.375,0.0,0,423.7214660644531,0,electron,0.13863482276840577,2632.6640625,1.0,0.0,0.0,0.0,1.0,0.0,1.0,0.25,0.375,0.0,0.375,0.0,0,423.7214660644531,0,electron,0.13863482276840577,2632.6640625,1.0,0.0,0.0,0.0,1.0,0.0,1.0,0.25,0.375,0.0,0.375,0.0,1,3.162277789670043e-05,3.162277789670043e-05
798,Hqql_correct,label_Hqql,label_Hqql,0.9999384880065918,654.9537368343612,0,0,183.77444458007812,0,charged_hadron,0.11964090093283578,1352.27587890625,1.0,1.0,0.0,0.0,0.0,0.0,0.0,0.875,0.0,0.125,0.0,0.0,0,183.77444458007812,0,charged_hadron,0.11964090093283578,1352.27587890625,1.0,1.0,0.0,0.0,0.0,0.0,0.0,0.875,0.0,0.125,0.0,0.0,2,95.65702056884766,2,muon,0.16978849667750073,467.7322692871094,1.0,0.0,0.0,0.0,0.0,1.0,1.0,0.3125,0.0,0.4375,0.0,0.25,1,0.18812067806720734,0.18812067806720734
799,Hqql_correct,label_Hqql,label_Hqql,0.9984238147735596,726.4041690039033,0,0,426.8395080566406,0,muon,0.23234267440451367,1410.2724609375,1.0,0.0,0.0,0.0,0.0,1.0,1.0,0.3125,0.25,0.25,0.0,0.1875,0,426.8395080566406,0,muon,0.23234267440451367,1410.2724609375,1.0,0.0,0.0,0.0,0.0,1.0,1.0,0.3125,0.25,0.25,0.0,0.1875,0,426.8395080566406,0,muon,0.23234267440451367,1410.2724609375,1.0,0.0,0.0,0.0,0.0,1.0,1.0,0.3125,0.25,0.25,0.0,0.1875,1,3.162277789670043e-05,3.162277789670043e-05
800,Hqql_correct,label_Hqql,label_Hqql,0.9999518394470215,702.4681180748515,0,0,194.7509765625,0,muon,0.1550254420906999,1061.500732421875,1.0,0.0,0.0,0.0,0.0,1.0,1.0,0.3125,0.0,0.375,0.0,0.3125,0,194.7509765625,0,muon,0.1550254420906999,1061.500732421875,1.0,0.0,0.0,0.0,0.0,1.0,1.0,0.3125,0.0,0.375,0.0,0.3125,0,194.7509765625,0,muon,0.1550254420906999,1061.500732421875,1.0,0.0,0.0,0.0,0.0,1.0,1.0,0.3125,0.0,0.375,0.0,0.3125,1,3.162277789670043e-05,3.162277789670043e-05
801,Hqql_correct,label_Hqql,label_Hqql,0.9995064735412598,543.2679688465508,0,0,218.83175659179688,0,electron,0.23482686433483074,713.0537719726562,-1.0,0.0,0.0,0.0,1.0,0.0,1.0,0.0,0.0,0.8125,0.1875,0.0,0,218.83175659179688,0,electron,0.23482686433483074,713.0537719726562,-1.0,0.0,0.0,0.0,1.0,0.0,1.0,0.0,0.0,0.8125,0.1875,0.0,0,218.83175659179688,0,electron,0.23482686433483074,713.0537719726562,-1.0,0.0,0.0,0.0,1.0,0.0,1.0,0.0,0.0,0.8125,0.1875,0.0,1,3.162277789670043e-05,3.162277789670043e-05
802,Hqql_correct,label_Hqql,label_Hqql,0.9717835783958435,868.518524403814,0,0,229.4073028564453,0,muon,0.1772658707384517,1064.7352294921875,1.0,0.0,0.0,0.0,0.0,1.0,1.0,0.625,0.1875,0.0,0.0,0.1875,0,229.4073028564453,0,muon,0.1772658707384517,1064.7352294921875,1.0,0.0,0.0,0.0,0.0,1.0,1.0,0.625,0.1875,0.0,0.0,0.1875,0,229.4073028564453,0,muon,0.1772658707384517,1064.7352294921875,1.0,0.0,0.0,0.0,0.0,1.0,1.0,0.625,0.1875,0.0,0.0,0.1875,1,3.162277789670043e-05,3.162277789670043e-05
803,Hqql_correct,label_Hqql,label_Hqql,0.9994100332260132,509.9488566745586,0,0,156.09071350097656,0,electron,0.1024910306730947,1366.8787841796875,1.0,0.0,0.0,0.0,1.0,0.0,1.0,0.0,0.0,0.6875,0.3125,0.0,0,156.09071350097656,0,electron,0.1024910306730947,1366.8787841796875,1.0,0.0,0.0,0.0,1.0,0.0,1.0,0.0,0.0,0.6875,0.3125,0.0,0,156.09071350097656,0,electron,0.1024910306730947,1366.8787841796875,1.0,0.0,0.0,0.0,1.0,0.0,1.0,0.0,0.0,0.6875,0.3125,0.0,1,3.162277789670043e-05,3.162277789670043e-05
804,Hqql_correct,label_Hqql,label_Hqql,0.9998617172241211,644.5466409504218,0,0,131.9997100830078,0,photon,0.20646113710351932,507.3443908691406,0.0,0.0,0.0,1.0,0.0,0.0,0.0,0.5625,0.0,0.4375,0.0,0.0,0,131.9997100830078,0,photon,0.20646113710351932,507.3443908691406,0.0,0.0,0.0,1.0,0.0,0.0,0.0,0.5625,0.0,0.4375,0.0,0.0,5,46.027557373046875,5,muon,0.09549586261693681,435.957275390625,-1.0,0.0,0.0,0.0,0.0,1.0,1.0,0.25,0.25,0.3125,0.0,0.1875,1,0.5036526322364807,0.5036526322364807
805,Hqql_correct,label_Hqql,label_Hqql,0.998467743396759,524.6464577177717,0,0,166.63807678222656,0,muon,0.18828586940092149,718.388916015625,1.0,0.0,0.0,0.0,0.0,1.0,1.0,0.4375,0.3125,0.0,0.0,0.25,0,166.63807678222656,0,muon,0.18828586940092149,718.388916015625,1.0,0.0,0.0,0.0,0.0,1.0,1.0,0.4375,0.3125,0.0,0.0,0.25,0,166.63807678222656,0,muon,0.18828586940092149,718.388916015625,1.0,0.0,0.0,0.0,0.0,1.0,1.0,0.4375,0.3125,0.0,0.0,0.25,1,3.162277789670043e-05,3.162277789670043e-05
806,Hqql_correct,label_Hqql,label_Hqql,0.642469584941864,527.3286788307175,0,0,111.9360122680664,0,charged_hadron,0.15346993036640236,617.4317016601562,-1.0,1.0,0.0,0.0,0.0,0.0,0.0,0.8125,0.0,0.1875,0.0,0.0,0,111.9360122680664,0,charged_hadron,0.15346993036640236,617.4317016601562,-1.0,1.0,0.0,0.0,0.0,0.0,0.0,0.8125,0.0,0.1875,0.0,0.0,1,63.0156135559082,1,muon,0.17204608114363687,303.256103515625,1.0,0.0,0.0,0.0,0.0,1.0,1.0,0.0,0.0,0.8125,0.0,0.1875,1,0.43276330828666687,0.43276330828666687
807,Hqql_correct,label_Hqql,label_Hqql,0.915941596031189,674.71191284851,0,0,208.36724853515625,0,charged_hadron,0.16529349336884758,1052.2222900390625,1.0,1.0,0.0,0.0,0.0,0.0,0.0,1.0,0.0,0.0,0.0,0.0,0,208.36724853515625,0,charged_hadron,0.16529349336884758,1052.2222900390625,1.0,1.0,0.0,0.0,0.0,0.0,0.0,1.0,0.0,0.0,0.0,0.0,1,88.68099212646484,1,electron,0.14924492264859443,505.5167236328125,-1.0,0.0,0.0,0.0,1.0,0.0,1.0,0.5,0.0,0.25,0.25,0.0,1,0.10450459271669388,0.10450459271669388
808,Hqql_correct,label_Hqql,label_Hqql,0.539645791053772,674.9823353576626,0,0,226.80665588378906,0,electron,0.1681849875424424,1121.748046875,1.0,0.0,0.0,0.0,1.0,0.0,1.0,0.4375,0.3125,0.0,0.25,0.0,0,226.80665588378906,0,electron,0.1681849875424424,1121.748046875,1.0,0.0,0.0,0.0,1.0,0.0,1.0,0.4375,0.3125,0.0,0.25,0.0,0,226.80665588378906,0,electron,0.1681849875424424,1121.748046875,1.0,0.0,0.0,0.0,1.0,0.0,1.0,0.4375,0.3125,0.0,0.25,0.0,1,3.162277789670043e-05,3.162277789670043e-05
809,Hqql_correct,label_Hqql,label_Hqql,0.9980555772781372,612.0175311750144,0,0,345.6595764160156,0,muon,0.2019615994599414,1365.851806640625,-1.0,0.0,0.0,0.0,0.0,1.0,1.0,0.5,0.0,0.3125,0.0,0.1875,0,345.6595764160156,0,muon,0.2019615994599414,1365.851806640625,-1.0,0.0,0.0,0.0,0.0,1.0,1.0,0.5,0.0,0.3125,0.0,0.1875,0,345.6595764160156,0,muon,0.2019615994599414,1365.851806640625,-1.0,0.0,0.0,0.0,0.0,1.0,1.0,0.5,0.0,0.3125,0.0,0.1875,1,3.162277789670043e-05,3.162277789670043e-05
810,Hqql_correct,label_Hqql,label_Hqql,0.9612221717834473,661.9046488048915,0,0,382.8791198730469,0,muon,0.18148175915777723,1726.8597412109375,-1.0,0.0,0.0,0.0,0.0,1.0,1.0,0.25,0.25,0.25,0.0,0.25,0,382.8791198730469,0,muon,0.18148175915777723,1726.8597412109375,-1.0,0.0,0.0,0.0,0.0,1.0,1.0,0.25,0.25,0.25,0.0,0.25,0,382.8791198730469,0,muon,0.18148175915777723,1726.8597412109375,-1.0,0.0,0.0,0.0,0.0,1.0,1.0,0.25,0.25,0.25,0.0,0.25,1,3.162277789670043e-05,3.162277789670043e-05
811,Hqql_correct,label_Hqql,label_Hqql,0.8660837411880493,530.848816174236,0,0,94.64669036865234,0,neutral_hadron,0.18723753059346143,410.84326171875,0.0,0.0,1.0,0.0,0.0,0.0,0.0,0.6875,0.3125,0.0,0.0,0.0,0,94.64669036865234,0,neutral_hadron,0.18723753059346143,410.84326171875,0.0,0.0,1.0,0.0,0.0,0.0,0.0,0.6875,0.3125,0.0,0.0,0.0,5,22.124326705932617,5,muon,0.17811719826797182,102.08786010742188,1.0,0.0,0.0,0.0,0.0,1.0,1.0,0.1875,0.1875,0.5,0.0,0.125,1,0.531301736831665,0.531301736831665
812,Hqql_correct,label_Hqql,label_Hqql,0.9531177878379822,671.3780544357375,0,0,256.59906005859375,0,muon,0.15811865340729095,1366.2269287109375,-1.0,0.0,0.0,0.0,0.0,1.0,1.0,0.375,0.0,0.3125,0.0,0.3125,0,256.59906005859375,0,muon,0.15811865340729095,1366.2269287109375,-1.0,0.0,0.0,0.0,0.0,1.0,1.0,0.375,0.0,0.3125,0.0,0.3125,0,256.59906005859375,0,muon,0.15811865340729095,1366.2269287109375,-1.0,0.0,0.0,0.0,0.0,1.0,1.0,0.375,0.0,0.3125,0.0,0.3125,1,3.162277789670043e-05,3.162277789670043e-05
813,Hqql_correct,label_Hqql,label_Hqql,0.9998914003372192,687.5032739353288,0,0,213.51499938964844,0,muon,0.11041504611415262,1720.234130859375,-1.0,0.0,0.0,0.0,0.0,1.0,1.0,0.0,0.625,0.0,0.0,0.375,0,213.51499938964844,0,muon,0.11041504611415262,1720.234130859375,-1.0,0.0,0.0,0.0,0.0,1.0,1.0,0.0,0.625,0.0,0.0,0.375,0,213.51499938964844,0,muon,0.11041504611415262,1720.234130859375,-1.0,0.0,0.0,0.0,0.0,1.0,1.0,0.0,0.625,0.0,0.0,0.375,1,3.162277789670043e-05,3.162277789670043e-05
814,Hqql_correct,label_Hqql,label_Hqql,0.9836997985839844,543.3767165926846,0,0,146.91941833496094,0,neutral_hadron,0.1380889427160507,917.0283203125,0.0,0.0,1.0,0.0,0.0,0.0,0.0,0.4375,0.25,0.3125,0.0,0.0,0,146.91941833496094,0,neutral_hadron,0.1380889427160507,917.0283203125,0.0,0.0,1.0,0.0,0.0,0.0,0.0,0.4375,0.25,0.3125,0.0,0.0,1,73.02672576904297,1,muon,0.18322294090139954,325.5408630371094,1.0,0.0,0.0,0.0,0.0,1.0,1.0,0.3125,0.1875,0.25,0.0,0.25,1,0.4364860951900482,0.4364860951900482
815,Hqql_correct,label_Hqql,label_Hqql,0.9993218183517456,812.1209748333738,0,0,206.02801513671875,0,muon,0.21333195222616316,759.7345581054688,-1.0,0.0,0.0,0.0,0.0,1.0,1.0,0.25,0.0,0.5625,0.0,0.1875,0,206.02801513671875,0,muon,0.21333195222616316,759.7345581054688,-1.0,0.0,0.0,0.0,0.0,1.0,1.0,0.25,0.0,0.5625,0.0,0.1875,0,206.02801513671875,0,muon,0.21333195222616316,759.7345581054688,-1.0,0.0,0.0,0.0,0.0,1.0,1.0,0.25,0.0,0.5625,0.0,0.1875,1,3.162277789670043e-05,3.162277789670043e-05
817,Hqql_correct,label_Hqql,label_Hqql,0.9996309280395508,527.9133897485551,0,0,300.96142578125,0,muon,0.1533512281124056,1661.6014404296875,-1.0,0.0,0.0,0.0,0.0,1.0,1.0,0.3125,0.0,0.375,0.0,0.3125,0,300.96142578125,0,muon,0.1533512281124056,1661.6014404296875,-1.0,0.0,0.0,0.0,0.0,1.0,1.0,0.3125,0.0,0.375,0.0,0.3125,0,300.96142578125,0,muon,0.1533512281124056,1661.6014404296875,-1.0,0.0,0.0,0.0,0.0,1.0,1.0,0.3125,0.0,0.375,0.0,0.3125,1,3.162277789670043e-05,3.162277789670043e-05
818,Hqql_correct,label_Hqql,label_Hqql,0.9729625582695007,579.0048217663242,0,0,468.04266357421875,0,electron,0.11326645899209568,3664.183837890625,-1.0,0.0,0.0,0.0,1.0,0.0,1.0,0.0,0.0625,0.5,0.4375,0.0,0,468.04266357421875,0,electron,0.11326645899209568,3664.183837890625,-1.0,0.0,0.0,0.0,1.0,0.0,1.0,0.0,0.0625,0.5,0.4375,0.0,0,468.04266357421875,0,electron,0.11326645899209568,3664.183837890625,-1.0,0.0,0.0,0.0,1.0,0.0,1.0,0.0,0.0625,0.5,0.4375,0.0,1,3.162277789670043e-05,3.162277789670043e-05
819,Hqql_correct,label_Hqql,label_Hqql,0.9995788931846619,578.9198473191776,0,0,100.02841186523438,0,charged_hadron,0.17814822387732135,461.4613952636719,-1.0,1.0,0.0,0.0,0.0,0.0,0.0,0.875,0.125,0.0,0.0,0.0,0,100.02841186523438,0,charged_hadron,0.17814822387732135,461.4613952636719,-1.0,1.0,0.0,0.0,0.0,0.0,0.0,0.875,0.125,0.0,0.0,0.0,1,58.60342025756836,1,electron,0.08756496286584295,610.653076171875,1.0,0.0,0.0,0.0,1.0,0.0,1.0,0.875,0.0,0.0,0.125,0.0,1,0.2287089079618454,0.2287089079618454
820,Hqql_correct,label_Hqql,label_Hqql,0.8620741963386536,864.404705626085,0,0,467.6959533691406,0,electron,0.1855468295274495,2052.939697265625,1.0,0.0,0.0,0.0,1.0,0.0,1.0,0.25,0.0625,0.5,0.1875,0.0,0,467.6959533691406,0,electron,0.1855468295274495,2052.939697265625,1.0,0.0,0.0,0.0,1.0,0.0,1.0,0.25,0.0625,0.5,0.1875,0.0,0,467.6959533691406,0,electron,0.1855468295274495,2052.939697265625,1.0,0.0,0.0,0.0,1.0,0.0,1.0,0.25,0.0625,0.5,0.1875,0.0,1,3.162277789670043e-05,3.162277789670043e-05
821,Hqql_correct,label_Hqql,label_Hqql,0.9865784049034119,673.0202636239188,0,0,141.19268798828125,0,charged_hadron,0.1015221023654644,1249.5654296875,1.0,1.0,0.0,0.0,0.0,0.0,0.0,1.0,0.0,0.0,0.0,0.0,0,141.19268798828125,0,charged_hadron,0.1015221023654644,1249.5654296875,1.0,1.0,0.0,0.0,0.0,0.0,0.0,1.0,0.0,0.0,0.0,0.0,1,112.77374267578125,1,muon,0.15086160089160688,634.7573852539062,-1.0,0.0,0.0,0.0,0.0,1.0,1.0,0.25,0.25,0.25,0.0,0.25,1,0.18644797801971436,0.18644797801971436
822,Hqql_correct,label_Hqql,label_Hqql,0.9179022908210754,535.8263557855782,0,0,319.11175537109375,0,muon,0.18872596750571674,1371.7618408203125,1.0,0.0,0.0,0.0,0.0,1.0,1.0,0.25,0.0,0.5,0.0,0.25,0,319.11175537109375,0,muon,0.18872596750571674,1371.7618408203125,1.0,0.0,0.0,0.0,0.0,1.0,1.0,0.25,0.0,0.5,0.0,0.25,0,319.11175537109375,0,muon,0.18872596750571674,1371.7618408203125,1.0,0.0,0.0,0.0,0.0,1.0,1.0,0.25,0.0,0.5,0.0,0.25,1,3.162277789670043e-05,3.162277789670043e-05
824,Hqql_correct,label_Hqql,label_Hqql,0.9990196228027344,991.7680614368295,0,0,318.23480224609375,0,muon,0.17674990305628885,1482.2459716796875,-1.0,0.0,0.0,0.0,0.0,1.0,1.0,0.25,0.1875,0.3125,0.0,0.25,0,318.23480224609375,0,muon,0.17674990305628885,1482.2459716796875,-1.0,0.0,0.0,0.0,0.0,1.0,1.0,0.25,0.1875,0.3125,0.0,0.25,0,318.23480224609375,0,muon,0.17674990305628885,1482.2459716796875,-1.0,0.0,0.0,0.0,0.0,1.0,1.0,0.25,0.1875,0.3125,0.0,0.25,1,3.162277789670043e-05,3.162277789670043e-05
825,Hqql_correct,label_Hqql,label_Hqql,0.9996373653411865,635.2992111785188,0,0,94.69499969482422,0,photon,0.11992531310712437,694.9214477539062,0.0,0.0,0.0,1.0,0.0,0.0,0.0,0.8125,0.0,0.1875,0.0,0.0,0,94.69499969482422,0,photon,0.11992531310712437,694.9214477539062,0.0,0.0,0.0,1.0,0.0,0.0,0.0,0.8125,0.0,0.1875,0.0,0.0,1,62.24762725830078,1,electron,0.17901182628211743,285.48150634765625,-1.0,0.0,0.0,0.0,1.0,0.0,1.0,0.25,0.0,0.5625,0.1875,0.0,1,0.30053451657295227,0.30053451657295227
826,Hqql_correct,label_Hqql,label_Hqql,0.9998456239700317,534.8390580551636,0,0,338.6584167480469,0,muon,0.13977768021624987,2084.177734375,1.0,0.0,0.0,0.0,0.0,1.0,1.0,0.0,0.375,0.25,0.0,0.375,0,338.6584167480469,0,muon,0.13977768021624987,2084.177734375,1.0,0.0,0.0,0.0,0.0,1.0,1.0,0.0,0.375,0.25,0.0,0.375,0,338.6584167480469,0,muon,0.13977768021624987,2084.177734375,1.0,0.0,0.0,0.0,0.0,1.0,1.0,0.0,0.375,0.25,0.0,0.375,1,3.162277789670043e-05,3.162277789670043e-05
827,Hqql_correct,label_Hqql,label_Hqql,0.999790608882904,952.4511157312241,0,0,431.3898620605469,0,electron,0.09038063137888633,4341.64453125,1.0,0.0,0.0,0.0,1.0,0.0,1.0,0.4375,0.0,0.0,0.5625,0.0,0,431.3898620605469,0,electron,0.09038063137888633,4341.64453125,1.0,0.0,0.0,0.0,1.0,0.0,1.0,0.4375,0.0,0.0,0.5625,0.0,0,431.3898620605469,0,electron,0.09038063137888633,4341.64453125,1.0,0.0,0.0,0.0,1.0,0.0,1.0,0.4375,0.0,0.0,0.5625,0.0,1,3.162277789670043e-05,3.162277789670043e-05
828,Hqql_correct,label_Hqql,label_Hqql,0.9242565631866455,537.3907403766706,0,0,113.70450592041016,0,neutral_hadron,0.16045537204736385,594.9318237304688,0.0,0.0,1.0,0.0,0.0,0.0,0.0,0.25,0.25,0.5,0.0,0.0,0,113.70450592041016,0,neutral_hadron,0.16045537204736385,594.9318237304688,0.0,0.0,1.0,0.0,0.0,0.0,0.0,0.25,0.25,0.5,0.0,0.0,,,,,,,,,,,,,,,,,,,0,,
829,Hqql_correct,label_Hqql,label_Hqql,0.9778193831443787,574.8482298661813,0,0,146.27296447753906,0,electron,0.18979029954201757,624.4353637695312,1.0,0.0,0.0,0.0,1.0,0.0,1.0,0.25,0.1875,0.375,0.1875,0.0,0,146.27296447753906,0,electron,0.18979029954201757,624.4353637695312,1.0,0.0,0.0,0.0,1.0,0.0,1.0,0.25,0.1875,0.375,0.1875,0.0,0,146.27296447753906,0,electron,0.18979029954201757,624.4353637695312,1.0,0.0,0.0,0.0,1.0,0.0,1.0,0.25,0.1875,0.375,0.1875,0.0,1,3.162277789670043e-05,3.162277789670043e-05
830,Hqql_correct,label_Hqql,label_Hqql,0.998116135597229,754.5649012744278,0,0,313.6549072265625,0,muon,0.13660504593045558,1982.416259765625,-1.0,0.0,0.0,0.0,0.0,1.0,1.0,0.375,0.0,0.25,0.0,0.375,0,313.6549072265625,0,muon,0.13660504593045558,1982.416259765625,-1.0,0.0,0.0,0.0,0.0,1.0,1.0,0.375,0.0,0.25,0.0,0.375,0,313.6549072265625,0,muon,0.13660504593045558,1982.416259765625,-1.0,0.0,0.0,0.0,0.0,1.0,1.0,0.375,0.0,0.25,0.0,0.375,1,3.162277789670043e-05,3.162277789670043e-05
831,Hqql_correct,label_Hqql,label_Hqql,0.944749116897583,892.6205892985628,0,0,185.6614990234375,0,electron,0.2645147646376359,516.233154296875,1.0,0.0,0.0,0.0,1.0,0.0,1.0,0.3125,0.0,0.5625,0.125,0.0,0,185.6614990234375,0,electron,0.2645147646376359,516.233154296875,1.0,0.0,0.0,0.0,1.0,0.0,1.0,0.3125,0.0,0.5625,0.125,0.0,0,185.6614990234375,0,electron,0.2645147646376359,516.233154296875,1.0,0.0,0.0,0.0,1.0,0.0,1.0,0.3125,0.0,0.5625,0.125,0.0,1,3.162277789670043e-05,3.162277789670043e-05
832,Hqql_correct,label_Hqql,label_Hqql,0.9682088494300842,562.8119095352026,0,0,62.2504997253418,0,neutral_hadron,0.19228340782070047,261.49298095703125,0.0,0.0,1.0,0.0,0.0,0.0,0.0,0.3125,0.125,0.5625,0.0,0.0,0,62.2504997253418,0,neutral_hadron,0.19228340782070047,261.49298095703125,0.0,0.0,1.0,0.0,0.0,0.0,0.0,0.3125,0.125,0.5625,0.0,0.0,2,44.013980865478516,2,electron,0.18153979878978826,198.4341278076172,1.0,0.0,0.0,0.0,1.0,0.0,1.0,0.4375,0.1875,0.25,0.125,0.0,1,0.3328935503959656,0.3328935503959656
833,Hqql_correct,label_Hqql,label_Hqql,0.9987168312072754,525.1686310979345,0,0,215.06942749023438,0,electron,0.08075717913371162,2448.09228515625,1.0,0.0,0.0,0.0,1.0,0.0,1.0,0.0,0.0,0.4375,0.5625,0.0,0,215.06942749023438,0,electron,0.08075717913371162,2448.09228515625,1.0,0.0,0.0,0.0,1.0,0.0,1.0,0.0,0.0,0.4375,0.5625,0.0,0,215.06942749023438,0,electron,0.08075717913371162,2448.09228515625,1.0,0.0,0.0,0.0,1.0,0.0,1.0,0.0,0.0,0.4375,0.5625,0.0,1,3.162277789670043e-05,3.162277789670043e-05
834,Hqql_correct,label_Hqql,label_Hqql,0.99993896484375,810.5591440809236,0,0,352.6853942871094,0,charged_hadron,0.13974009863622877,2171.181396484375,-1.0,1.0,0.0,0.0,0.0,0.0,0.0,0.6875,0.0,0.3125,0.0,0.0,0,352.6853942871094,0,charged_hadron,0.13974009863622877,2171.181396484375,-1.0,1.0,0.0,0.0,0.0,0.0,0.0,0.6875,0.0,0.3125,0.0,0.0,2,76.25655364990234,2,electron,0.14482809785066075,450.2749328613281,1.0,0.0,0.0,0.0,1.0,0.0,1.0,0.0,0.0,0.75,0.25,0.0,1,0.10917621105909348,0.10917621105909348
835,Hqql_correct,label_Hqql,label_Hqql,0.9634956121444702,634.2816151843241,0,0,357.0373840332031,0,muon,0.1929955969511799,1492.939453125,1.0,0.0,0.0,0.0,0.0,1.0,1.0,0.0,0.0,0.75,0.0,0.25,0,357.0373840332031,0,muon,0.1929955969511799,1492.939453125,1.0,0.0,0.0,0.0,0.0,1.0,1.0,0.0,0.0,0.75,0.0,0.25,0,357.0373840332031,0,muon,0.1929955969511799,1492.939453125,1.0,0.0,0.0,0.0,0.0,1.0,1.0,0.0,0.0,0.75,0.0,0.25,1,3.162277789670043e-05,3.162277789670043e-05
836,Hqql_correct,label_Hqql,label_Hqql,0.9972453117370605,515.7431429318908,0,0,94.92897033691406,0,electron,0.20914764283568726,358.95599365234375,-1.0,0.0,0.0,0.0,1.0,0.0,1.0,0.375,0.0,0.4375,0.1875,0.0,0,94.92897033691406,0,electron,0.20914764283568726,358.95599365234375,-1.0,0.0,0.0,0.0,1.0,0.0,1.0,0.375,0.0,0.4375,0.1875,0.0,0,94.92897033691406,0,electron,0.20914764283568726,358.95599365234375,-1.0,0.0,0.0,0.0,1.0,0.0,1.0,0.375,0.0,0.4375,0.1875,0.0,1,3.162277789670043e-05,3.162277789670043e-05
837,Hqql_correct,label_Hqql,label_Hqql,0.9816402792930603,551.7618316675889,0,0,166.78030395507812,0,electron,0.12107895220231676,1210.6705322265625,-1.0,0.0,0.0,0.0,1.0,0.0,1.0,0.0,0.0,0.75,0.25,0.0,0,166.78030395507812,0,electron,0.12107895220231676,1210.6705322265625,-1.0,0.0,0.0,0.0,1.0,0.0,1.0,0.0,0.0,0.75,0.25,0.0,0,166.78030395507812,0,electron,0.12107895220231676,1210.6705322265625,-1.0,0.0,0.0,0.0,1.0,0.0,1.0,0.0,0.0,0.75,0.25,0.0,1,3.162277789670043e-05,3.162277789670043e-05
838,Hqql_correct,label_Hqql,label_Hqql,0.9759257435798645,606.230327795654,0,0,229.01434326171875,0,electron,0.30566078005931274,520.2291259765625,-1.0,0.0,0.0,0.0,1.0,0.0,1.0,0.375,0.0,0.5,0.125,0.0,0,229.01434326171875,0,electron,0.30566078005931274,520.2291259765625,-1.0,0.0,0.0,0.0,1.0,0.0,1.0,0.375,0.0,0.5,0.125,0.0,0,229.01434326171875,0,electron,0.30566078005931274,520.2291259765625,-1.0,0.0,0.0,0.0,1.0,0.0,1.0,0.375,0.0,0.5,0.125,0.0,1,3.162277789670043e-05,3.162277789670043e-05
839,Hqql_correct,label_Hqql,label_Hqql,0.9971824884414673,647.3983390215749,0,0,293.49005126953125,0,muon,0.1625483867620046,1512.06494140625,1.0,0.0,0.0,0.0,0.0,1.0,1.0,0.375,0.0,0.3125,0.0,0.3125,0,293.49005126953125,0,muon,0.1625483867620046,1512.06494140625,1.0,0.0,0.0,0.0,0.0,1.0,1.0,0.375,0.0,0.3125,0.0,0.3125,0,293.49005126953125,0,muon,0.1625483867620046,1512.06494140625,1.0,0.0,0.0,0.0,0.0,1.0,1.0,0.375,0.0,0.3125,0.0,0.3125,1,3.162277789670043e-05,3.162277789670043e-05
840,Hqql_correct,label_Hqql,label_Hqql,0.9821684956550598,515.2398666073306,0,0,112.96126556396484,0,electron,0.15770203340975522,603.3342895507812,1.0,0.0,0.0,0.0,1.0,0.0,1.0,0.6875,0.0,0.0,0.3125,0.0,0,112.96126556396484,0,electron,0.15770203340975522,603.3342895507812,1.0,0.0,0.0,0.0,1.0,0.0,1.0,0.6875,0.0,0.0,0.3125,0.0,0,112.96126556396484,0,electron,0.15770203340975522,603.3342895507812,1.0,0.0,0.0,0.0,1.0,0.0,1.0,0.6875,0.0,0.0,0.3125,0.0,1,3.162277789670043e-05,3.162277789670043e-05
841,Hqql_correct,label_Hqql,label_Hqql,0.9998807907104492,592.4690081295901,0,0,134.549072265625,0,neutral_hadron,0.14789592086855877,775.2060546875,0.0,0.0,1.0,0.0,0.0,0.0,0.0,0.3125,0.25,0.4375,0.0,0.0,0,134.549072265625,0,neutral_hadron,0.14789592086855877,775.2060546875,0.0,0.0,1.0,0.0,0.0,0.0,0.0,0.3125,0.25,0.4375,0.0,0.0,8,30.700651168823242,8,muon,0.062239869330164156,462.5627746582031,1.0,0.0,0.0,0.0,0.0,1.0,1.0,0.4375,0.0,0.3125,0.0,0.25,1,0.6769471168518066,0.6769471168518066
842,Hqql_correct,label_Hqql,label_Hqql,0.99985671043396,699.2404013084414,0,0,148.17506408691406,0,neutral_hadron,0.13927495537867995,915.7280883789062,0.0,0.0,1.0,0.0,0.0,0.0,0.0,0.0,0.3125,0.6875,0.0,0.0,0,148.17506408691406,0,neutral_hadron,0.13927495537867995,915.7280883789062,0.0,0.0,1.0,0.0,0.0,0.0,0.0,0.0,0.3125,0.6875,0.0,0.0,11,17.050458908081055,11,electron,0.07188556325579457,220.13845825195312,-1.0,0.0,0.0,0.0,1.0,0.0,1.0,0.0,0.3125,0.375,0.3125,0.0,1,0.6101818084716797,0.6101818084716797
843,Hqql_correct,label_Hqql,label_Hqql,0.8678117990493774,560.9930101646015,0,0,117.45252990722656,0,neutral_hadron,0.18194290150482517,528.0935668945312,0.0,0.0,1.0,0.0,0.0,0.0,0.0,0.3125,0.25,0.4375,0.0,0.0,0,117.45252990722656,0,neutral_hadron,0.18194290150482517,528.0935668945312,0.0,0.0,1.0,0.0,0.0,0.0,0.0,0.3125,0.25,0.4375,0.0,0.0,15,4.954539775848389,15,electron,0.12923582880793136,33.382659912109375,-1.0,0.0,0.0,0.0,1.0,0.0,1.0,0.25,0.0,0.5,0.25,0.0,1,0.8754217624664307,0.8754217624664307
844,Hqql_to_Tbl,label_Hqql,label_Tbl,0.8332879543304443,501.3224302779407,0,0,184.2205047607422,0,neutral_hadron,0.11055254529469341,1482.1409912109375,0.0,0.0,1.0,0.0,0.0,0.0,0.0,0.5625,0.4375,0.0,0.0,0.0,0,184.2205047607422,0,neutral_hadron,0.11055254529469341,1482.1409912109375,0.0,0.0,1.0,0.0,0.0,0.0,0.0,0.5625,0.4375,0.0,0.0,0.0,1,80.51036834716797,1,muon,0.12026486624287329,588.9317626953125,1.0,0.0,0.0,0.0,0.0,1.0,1.0,0.0,0.5625,0.0,0.0,0.4375,1,0.3062703609466553,0.3062703609466553
845,Hqql_correct,label_Hqql,label_Hqql,0.9997612833976746,742.8146162617995,0,0,328.6470947265625,0,neutral_hadron,0.10243261173584221,2879.775390625,0.0,0.0,1.0,0.0,0.0,0.0,0.0,0.5625,0.4375,0.0,0.0,0.0,0,328.6470947265625,0,neutral_hadron,0.10243261173584221,2879.775390625,0.0,0.0,1.0,0.0,0.0,0.0,0.0,0.5625,0.4375,0.0,0.0,0.0,3,68.68083190917969,3,muon,0.11369442188004833,535.40185546875,1.0,0.0,0.0,0.0,0.0,1.0,1.0,0.625,0.0,0.0,0.0,0.375,1,0.23312968015670776,0.23312968015670776
846,Hqql_correct,label_Hqql,label_Hqql,0.9993769526481628,601.6088596485758,0,0,382.6725769042969,0,electron,0.15973156253506632,2013.0504150390625,-1.0,0.0,0.0,0.0,1.0,0.0,1.0,0.0,0.0,0.6875,0.3125,0.0,0,382.6725769042969,0,electron,0.15973156253506632,2013.0504150390625,-1.0,0.0,0.0,0.0,1.0,0.0,1.0,0.0,0.0,0.6875,0.3125,0.0,0,382.6725769042969,0,electron,0.15973156253506632,2013.0504150390625,-1.0,0.0,0.0,0.0,1.0,0.0,1.0,0.0,0.0,0.6875,0.3125,0.0,1,3.162277789670043e-05,3.162277789670043e-05
847,Hqql_correct,label_Hqql,label_Hqql,0.6078941226005554,588.8673563214419,0,0,233.99925231933594,0,electron,0.18008196341399388,1065.4049072265625,-1.0,0.0,0.0,0.0,1.0,0.0,1.0,0.25,0.0,0.5,0.25,0.0,0,233.99925231933594,0,electron,0.18008196341399388,1065.4049072265625,-1.0,0.0,0.0,0.0,1.0,0.0,1.0,0.25,0.0,0.5,0.25,0.0,0,233.99925231933594,0,electron,0.18008196341399388,1065.4049072265625,-1.0,0.0,0.0,0.0,1.0,0.0,1.0,0.25,0.0,0.5,0.25,0.0,1,3.162277789670043e-05,3.162277789670043e-05
848,Hqql_correct,label_Hqql,label_Hqql,0.8007227778434753,584.0702276549885,0,0,352.1761779785156,0,muon,0.15266542382663278,1954.6734619140625,-1.0,0.0,0.0,0.0,0.0,1.0,1.0,0.0625,0.625,0.0,0.0,0.3125,0,352.1761779785156,0,muon,0.15266542382663278,1954.6734619140625,-1.0,0.0,0.0,0.0,0.0,1.0,1.0,0.0625,0.625,0.0,0.0,0.3125,0,352.1761779785156,0,muon,0.15266542382663278,1954.6734619140625,-1.0,0.0,0.0,0.0,0.0,1.0,1.0,0.0625,0.625,0.0,0.0,0.3125,1,3.162277789670043e-05,3.162277789670043e-05
849,Hqql_correct,label_Hqql,label_Hqql,0.9893344044685364,649.9193340417359,0,0,245.57107543945312,0,electron,0.24027053928255404,776.4896240234375,-1.0,0.0,0.0,0.0,1.0,0.0,1.0,0.0625,0.0,0.75,0.1875,0.0,0,245.57107543945312,0,electron,0.24027053928255404,776.4896240234375,-1.0,0.0,0.0,0.0,1.0,0.0,1.0,0.0625,0.0,0.75,0.1875,0.0,0,245.57107543945312,0,electron,0.24027053928255404,776.4896240234375,-1.0,0.0,0.0,0.0,1.0,0.0,1.0,0.0625,0.0,0.75,0.1875,0.0,1,3.162277789670043e-05,3.162277789670043e-05
850,Hqql_correct,label_Hqql,label_Hqql,0.9221119284629822,591.5001330410263,0,0,517.882080078125,0,electron,0.06664400843582396,7252.990234375,-1.0,0.0,0.0,0.0,1.0,0.0,1.0,0.125,0.0,0.0,0.875,0.0,0,517.882080078125,0,electron,0.06664400843582396,7252.990234375,-1.0,0.0,0.0,0.0,1.0,0.0,1.0,0.125,0.0,0.0,0.875,0.0,0,517.882080078125,0,electron,0.06664400843582396,7252.990234375,-1.0,0.0,0.0,0.0,1.0,0.0,1.0,0.125,0.0,0.0,0.875,0.0,1,3.162277789670043e-05,3.162277789670043e-05
851,Hqql_correct,label_Hqql,label_Hqql,0.9999673366546631,567.5899609052956,0,0,141.90972900390625,0,muon,0.1232525345620654,1009.4639892578125,1.0,0.0,0.0,0.0,0.0,1.0,1.0,0.0,0.0,0.5625,0.0,0.4375,0,141.90972900390625,0,muon,0.1232525345620654,1009.4639892578125,1.0,0.0,0.0,0.0,0.0,1.0,1.0,0.0,0.0,0.5625,0.0,0.4375,0,141.90972900390625,0,muon,0.1232525345620654,1009.4639892578125,1.0,0.0,0.0,0.0,0.0,1.0,1.0,0.0,0.0,0.5625,0.0,0.4375,1,3.162277789670043e-05,3.162277789670043e-05
852,Hqql_correct,label_Hqql,label_Hqql,0.9957104921340942,604.2352983183846,0,0,91.29612731933594,0,photon,0.15222765497785873,508.43804931640625,0.0,0.0,0.0,1.0,0.0,0.0,0.0,0.1875,0.0,0.8125,0.0,0.0,0,91.29612731933594,0,photon,0.15222765497785873,508.43804931640625,0.0,0.0,0.0,1.0,0.0,0.0,0.0,0.1875,0.0,0.8125,0.0,0.0,5,39.07255935668945,5,electron,0.15139744737192845,219.00682067871094,1.0,0.0,0.0,0.0,1.0,0.0,1.0,0.25,0.25,0.25,0.25,0.0,1,0.5353594422340393,0.5353594422340393
853,Hqql_correct,label_Hqql,label_Hqql,0.996446430683136,571.2643054014426,0,0,124.33740997314453,0,charged_hadron,0.07994705873745084,1430.909423828125,1.0,1.0,0.0,0.0,0.0,0.0,0.0,0.875,0.0,0.125,0.0,0.0,0,124.33740997314453,0,charged_hadron,0.07994705873745084,1430.909423828125,1.0,1.0,0.0,0.0,0.0,0.0,0.0,0.875,0.0,0.125,0.0,0.0,1,105.2068862915039,1,electron,0.1784470649875306,484.3622741699219,-1.0,0.0,0.0,0.0,1.0,0.0,1.0,0.1875,0.25,0.3125,0.25,0.0,1,0.2011190950870514,0.2011190950870514
854,Hqql_correct,label_Hqql,label_Hqql,0.9999631643295288,516.9684052555668,0,0,295.17950439453125,0,muon,0.12401463069856254,2085.01953125,-1.0,0.0,0.0,0.0,0.0,1.0,1.0,0.0,0.0,0.5625,0.0,0.4375,0,295.17950439453125,0,muon,0.12401463069856254,2085.01953125,-1.0,0.0,0.0,0.0,0.0,1.0,1.0,0.0,0.0,0.5625,0.0,0.4375,0,295.17950439453125,0,muon,0.12401463069856254,2085.01953125,-1.0,0.0,0.0,0.0,0.0,1.0,1.0,0.0,0.0,0.5625,0.0,0.4375,1,3.162277789670043e-05,3.162277789670043e-05
855,Hqql_correct,label_Hqql,label_Hqql,0.999995231628418,604.8997976247367,0,0,349.3761291503906,0,muon,0.16134264064935175,1816.053466796875,-1.0,0.0,0.0,0.0,0.0,1.0,1.0,0.0625,0.0,0.625,0.0,0.3125,0,349.3761291503906,0,muon,0.16134264064935175,1816.053466796875,-1.0,0.0,0.0,0.0,0.0,1.0,1.0,0.0625,0.0,0.625,0.0,0.3125,0,349.3761291503906,0,muon,0.16134264064935175,1816.053466796875,-1.0,0.0,0.0,0.0,0.0,1.0,1.0,0.0625,0.0,0.625,0.0,0.3125,1,3.162277789670043e-05,3.162277789670043e-05
856,Hqql_correct,label_Hqql,label_Hqql,0.8566808104515076,744.4751626722601,0,0,292.5497741699219,0,muon,0.09496962420127737,2787.906494140625,1.0,0.0,0.0,0.0,0.0,1.0,1.0,0.5,0.0,0.0,0.0,0.5,0,292.5497741699219,0,muon,0.09496962420127737,2787.906494140625,1.0,0.0,0.0,0.0,0.0,1.0,1.0,0.5,0.0,0.0,0.0,0.5,0,292.5497741699219,0,muon,0.09496962420127737,2787.906494140625,1.0,0.0,0.0,0.0,0.0,1.0,1.0,0.5,0.0,0.0,0.0,0.5,1,3.162277789670043e-05,3.162277789670043e-05
857,Hqql_correct,label_Hqql,label_Hqql,0.9999897480010986,569.2859935729318,0,0,360.22552490234375,0,muon,0.14442966551438977,2133.898681640625,-1.0,0.0,0.0,0.0,0.0,1.0,1.0,0.6875,0.0,0.0,0.0,0.3125,0,360.22552490234375,0,muon,0.14442966551438977,2133.898681640625,-1.0,0.0,0.0,0.0,0.0,1.0,1.0,0.6875,0.0,0.0,0.0,0.3125,0,360.22552490234375,0,muon,0.14442966551438977,2133.898681640625,-1.0,0.0,0.0,0.0,0.0,1.0,1.0,0.6875,0.0,0.0,0.0,0.3125,1,3.162277789670043e-05,3.162277789670043e-05
858,Hqql_correct,label_Hqql,label_Hqql,0.9997360110282898,673.0153876271041,0,0,161.3076934814453,0,muon,0.2903708347123126,394.2153625488281,-1.0,0.0,0.0,0.0,0.0,1.0,1.0,0.5,0.1875,0.1875,0.0,0.125,0,161.3076934814453,0,muon,0.2903708347123126,394.2153625488281,-1.0,0.0,0.0,0.0,0.0,1.0,1.0,0.5,0.1875,0.1875,0.0,0.125,0,161.3076934814453,0,muon,0.2903708347123126,394.2153625488281,-1.0,0.0,0.0,0.0,0.0,1.0,1.0,0.5,0.1875,0.1875,0.0,0.125,1,3.162277789670043e-05,3.162277789670043e-05
859,Hqql_correct,label_Hqql,label_Hqql,0.9979530572891235,551.398507141666,0,0,266.688720703125,0,electron,0.1610340253788941,1389.4129638671875,-1.0,0.0,0.0,0.0,1.0,0.0,1.0,0.0625,0.0,0.625,0.3125,0.0,0,266.688720703125,0,electron,0.1610340253788941,1389.4129638671875,-1.0,0.0,0.0,0.0,1.0,0.0,1.0,0.0625,0.0,0.625,0.3125,0.0,0,266.688720703125,0,electron,0.1610340253788941,1389.4129638671875,-1.0,0.0,0.0,0.0,1.0,0.0,1.0,0.0625,0.0,0.625,0.3125,0.0,1,3.162277789670043e-05,3.162277789670043e-05
860,Hqql_correct,label_Hqql,label_Hqql,0.9998311996459961,617.9792169514174,0,0,128.401123046875,0,electron,0.19198741623860816,540.3985595703125,-1.0,0.0,0.0,0.0,1.0,0.0,1.0,0.25,0.0,0.5625,0.1875,0.0,0,128.401123046875,0,electron,0.19198741623860816,540.3985595703125,-1.0,0.0,0.0,0.0,1.0,0.0,1.0,0.25,0.0,0.5625,0.1875,0.0,0,128.401123046875,0,electron,0.19198741623860816,540.3985595703125,-1.0,0.0,0.0,0.0,1.0,0.0,1.0,0.25,0.0,0.5625,0.1875,0.0,1,3.162277789670043e-05,3.162277789670043e-05
861,Hqql_correct,label_Hqql,label_Hqql,0.9998472929000854,570.1479373900421,0,0,112.31793212890625,0,photon,0.14005229575343778,689.6534423828125,0.0,0.0,0.0,1.0,0.0,0.0,0.0,0.5,0.0,0.5,0.0,0.0,0,112.31793212890625,0,photon,0.14005229575343778,689.6534423828125,0.0,0.0,0.0,1.0,0.0,0.0,0.0,0.5,0.0,0.5,0.0,0.0,3,68.00224304199219,3,electron,0.1809766177833787,307.7492980957031,-1.0,0.0,0.0,0.0,1.0,0.0,1.0,0.5,0.0,0.25,0.25,0.0,1,0.38283416628837585,0.38283416628837585
862,Hqql_correct,label_Hqql,label_Hqql,0.9355071187019348,547.8819399807148,0,0,384.5317687988281,0,electron,0.24166820789960405,1206.6240234375,1.0,0.0,0.0,0.0,1.0,0.0,1.0,0.25,0.0,0.5625,0.1875,0.0,0,384.5317687988281,0,electron,0.24166820789960405,1206.6240234375,1.0,0.0,0.0,0.0,1.0,0.0,1.0,0.25,0.0,0.5625,0.1875,0.0,0,384.5317687988281,0,electron,0.24166820789960405,1206.6240234375,1.0,0.0,0.0,0.0,1.0,0.0,1.0,0.25,0.0,0.5625,0.1875,0.0,1,3.162277789670043e-05,3.162277789670043e-05
863,Hqql_correct,label_Hqql,label_Hqql,0.9997943043708801,560.6054621135465,0,0,380.17706298828125,0,electron,0.12871644279439462,2573.42431640625,-1.0,0.0,0.0,0.0,1.0,0.0,1.0,0.0,0.0,0.625,0.375,0.0,0,380.17706298828125,0,electron,0.12871644279439462,2573.42431640625,-1.0,0.0,0.0,0.0,1.0,0.0,1.0,0.0,0.0,0.625,0.375,0.0,0,380.17706298828125,0,electron,0.12871644279439462,2573.42431640625,-1.0,0.0,0.0,0.0,1.0,0.0,1.0,0.0,0.0,0.625,0.375,0.0,1,3.162277789670043e-05,3.162277789670043e-05
864,Hqql_correct,label_Hqql,label_Hqql,0.9984692931175232,613.7427508546134,0,0,346.3284912109375,0,charged_hadron,0.22930476790182786,1164.012939453125,-1.0,1.0,0.0,0.0,0.0,0.0,0.0,0.5,0.0,0.5,0.0,0.0,0,346.3284912109375,0,charged_hadron,0.22930476790182786,1164.012939453125,-1.0,1.0,0.0,0.0,0.0,0.0,0.0,0.5,0.0,0.5,0.0,0.0,1,44.402462005615234,1,muon,0.15375675685422163,244.38134765625,1.0,0.0,0.0,0.0,0.0,1.0,1.0,0.75,0.0,0.0625,0.0,0.1875,1,0.49589166045188904,0.49589166045188904
865,Hqql_correct,label_Hqql,label_Hqql,0.9999241828918457,643.7662444354515,0,0,93.96430969238281,0,charged_hadron,0.15385794478219128,516.7568969726562,1.0,1.0,0.0,0.0,0.0,0.0,0.0,0.4375,0.0,0.5625,0.0,0.0,0,93.96430969238281,0,charged_hadron,0.15385794478219128,516.7568969726562,1.0,1.0,0.0,0.0,0.0,0.0,0.0,0.4375,0.0,0.5625,0.0,0.0,4,55.32439041137695,4,muon,0.0639009528504961,810.4591064453125,-1.0,0.0,0.0,0.0,0.0,1.0,1.0,0.0625,0.25,0.5,0.0,0.1875,1,0.492360383272171,0.492360383272171
866,Hqql_correct,label_Hqql,label_Hqql,0.9765996336936951,532.0306876700263,0,0,213.29190063476562,0,electron,0.2383378009777541,681.6223754882812,-1.0,0.0,0.0,0.0,1.0,0.0,1.0,0.375,0.1875,0.25,0.1875,0.0,0,213.29190063476562,0,electron,0.2383378009777541,681.6223754882812,-1.0,0.0,0.0,0.0,1.0,0.0,1.0,0.375,0.1875,0.25,0.1875,0.0,0,213.29190063476562,0,electron,0.2383378009777541,681.6223754882812,-1.0,0.0,0.0,0.0,1.0,0.0,1.0,0.375,0.1875,0.25,0.1875,0.0,1,3.162277789670043e-05,3.162277789670043e-05
867,Hqql_correct,label_Hqql,label_Hqql,0.981694757938385,710.5862587150135,0,0,248.3222198486328,0,electron,0.16266731965310355,1278.24267578125,-1.0,0.0,0.0,0.0,1.0,0.0,1.0,0.0,0.0,0.6875,0.3125,0.0,0,248.3222198486328,0,electron,0.16266731965310355,1278.24267578125,-1.0,0.0,0.0,0.0,1.0,0.0,1.0,0.0,0.0,0.6875,0.3125,0.0,0,248.3222198486328,0,electron,0.16266731965310355,1278.24267578125,-1.0,0.0,0.0,0.0,1.0,0.0,1.0,0.0,0.0,0.6875,0.3125,0.0,1,3.162277789670043e-05,3.162277789670043e-05
868,Hqql_correct,label_Hqql,label_Hqql,0.9983516931533813,545.4860542936038,0,0,288.254150390625,0,muon,0.13919382481538844,1782.6290283203125,-1.0,0.0,0.0,0.0,0.0,1.0,1.0,0.0,0.0,0.625,0.0,0.375,0,288.254150390625,0,muon,0.13919382481538844,1782.6290283203125,-1.0,0.0,0.0,0.0,0.0,1.0,1.0,0.0,0.0,0.625,0.0,0.375,0,288.254150390625,0,muon,0.13919382481538844,1782.6290283203125,-1.0,0.0,0.0,0.0,0.0,1.0,1.0,0.0,0.0,0.625,0.0,0.375,1,3.162277789670043e-05,3.162277789670043e-05
869,Hqql_correct,label_Hqql,label_Hqql,0.9868813753128052,791.0774867475465,0,0,233.91322326660156,0,muon,0.08931366606839466,2385.094970703125,-1.0,0.0,0.0,0.0,0.0,1.0,1.0,0.3125,0.375,0.0,0.0,0.3125,0,233.91322326660156,0,muon,0.08931366606839466,2385.094970703125,-1.0,0.0,0.0,0.0,0.0,1.0,1.0,0.3125,0.375,0.0,0.0,0.3125,0,233.91322326660156,0,muon,0.08931366606839466,2385.094970703125,-1.0,0.0,0.0,0.0,0.0,1.0,1.0,0.3125,0.375,0.0,0.0,0.3125,1,3.162277789670043e-05,3.162277789670043e-05
870,Hqql_correct,label_Hqql,label_Hqql,0.9999163150787354,544.2241401894904,0,0,108.30062866210938,0,muon,0.1491243909194178,617.9429321289062,-1.0,0.0,0.0,0.0,0.0,1.0,1.0,0.375,0.0,0.3125,0.0,0.3125,0,108.30062866210938,0,muon,0.1491243909194178,617.9429321289062,-1.0,0.0,0.0,0.0,0.0,1.0,1.0,0.375,0.0,0.3125,0.0,0.3125,0,108.30062866210938,0,muon,0.1491243909194178,617.9429321289062,-1.0,0.0,0.0,0.0,0.0,1.0,1.0,0.375,0.0,0.3125,0.0,0.3125,1,3.162277789670043e-05,3.162277789670043e-05
871,Hqql_correct,label_Hqql,label_Hqql,0.9998352527618408,668.6464897466387,0,0,346.1554260253906,0,muon,0.1846738626516332,1528.2593994140625,-1.0,0.0,0.0,0.0,0.0,1.0,1.0,0.625,0.0,0.125,0.0,0.25,0,346.1554260253906,0,muon,0.1846738626516332,1528.2593994140625,-1.0,0.0,0.0,0.0,0.0,1.0,1.0,0.625,0.0,0.125,0.0,0.25,0,346.1554260253906,0,muon,0.1846738626516332,1528.2593994140625,-1.0,0.0,0.0,0.0,0.0,1.0,1.0,0.625,0.0,0.125,0.0,0.25,1,3.162277789670043e-05,3.162277789670043e-05
872,Hqql_correct,label_Hqql,label_Hqql,0.9944373369216919,529.3662632406513,0,0,256.9648132324219,0,electron,0.18613406058980697,1123.5714111328125,-1.0,0.0,0.0,0.0,1.0,0.0,1.0,0.5,0.0,0.25,0.25,0.0,0,256.9648132324219,0,electron,0.18613406058980697,1123.5714111328125,-1.0,0.0,0.0,0.0,1.0,0.0,1.0,0.5,0.0,0.25,0.25,0.0,0,256.9648132324219,0,electron,0.18613406058980697,1123.5714111328125,-1.0,0.0,0.0,0.0,1.0,0.0,1.0,0.5,0.0,0.25,0.25,0.0,1,3.162277789670043e-05,3.162277789670043e-05
873,Hqql_correct,label_Hqql,label_Hqql,0.9917801022529602,799.6893949878017,0,0,499.39404296875,0,electron,0.15378125648894056,2748.037109375,-1.0,0.0,0.0,0.0,1.0,0.0,1.0,0.3125,0.375,0.0,0.3125,0.0,0,499.39404296875,0,electron,0.15378125648894056,2748.037109375,-1.0,0.0,0.0,0.0,1.0,0.0,1.0,0.3125,0.375,0.0,0.3125,0.0,0,499.39404296875,0,electron,0.15378125648894056,2748.037109375,-1.0,0.0,0.0,0.0,1.0,0.0,1.0,0.3125,0.375,0.0,0.3125,0.0,1,3.162277789670043e-05,3.162277789670043e-05
874,Hqql_correct,label_Hqql,label_Hqql,0.9999706745147705,700.0291671865954,0,0,327.4454040527344,0,muon,0.11471878603996251,2526.8857421875,1.0,0.0,0.0,0.0,0.0,1.0,1.0,0.0,0.0,0.5625,0.0,0.4375,0,327.4454040527344,0,muon,0.11471878603996251,2526.8857421875,1.0,0.0,0.0,0.0,0.0,1.0,1.0,0.0,0.0,0.5625,0.0,0.4375,0,327.4454040527344,0,muon,0.11471878603996251,2526.8857421875,1.0,0.0,0.0,0.0,0.0,1.0,1.0,0.0,0.0,0.5625,0.0,0.4375,1,3.162277789670043e-05,3.162277789670043e-05
875,Hqql_correct,label_Hqql,label_Hqql,0.9999796152114868,567.2913876716362,0,0,327.6593017578125,0,electron,0.13928814135588802,2024.7254638671875,-1.0,0.0,0.0,0.0,1.0,0.0,1.0,0.25,0.0,0.375,0.375,0.0,0,327.6593017578125,0,electron,0.13928814135588802,2024.7254638671875,-1.0,0.0,0.0,0.0,1.0,0.0,1.0,0.25,0.0,0.375,0.375,0.0,0,327.6593017578125,0,electron,0.13928814135588802,2024.7254638671875,-1.0,0.0,0.0,0.0,1.0,0.0,1.0,0.25,0.0,0.375,0.375,0.0,1,3.162277789670043e-05,3.162277789670043e-05
876,Hqql_correct,label_Hqql,label_Hqql,0.9995954632759094,789.7656806320314,0,0,74.3717269897461,0,photon,0.10927444513326642,606.2240600585938,0.0,0.0,0.0,1.0,0.0,0.0,0.0,0.4375,0.0,0.5625,0.0,0.0,0,74.3717269897461,0,photon,0.10927444513326642,606.2240600585938,0.0,0.0,0.0,1.0,0.0,0.0,0.0,0.4375,0.0,0.5625,0.0,0.0,5,49.921112060546875,5,electron,0.15918851774544493,263.67633056640625,-1.0,0.0,0.0,0.0,1.0,0.0,1.0,0.375,0.0,0.4375,0.1875,0.0,1,0.2520011067390442,0.2520011067390442
877,Hqql_correct,label_Hqql,label_Hqql,0.9953534603118896,644.10095866797,0,0,319.684814453125,0,muon,0.19844585510211954,1291.2574462890625,-1.0,0.0,0.0,0.0,0.0,1.0,1.0,0.0,0.0,0.75,0.0,0.25,0,319.684814453125,0,muon,0.19844585510211954,1291.2574462890625,-1.0,0.0,0.0,0.0,0.0,1.0,1.0,0.0,0.0,0.75,0.0,0.25,0,319.684814453125,0,muon,0.19844585510211954,1291.2574462890625,-1.0,0.0,0.0,0.0,0.0,1.0,1.0,0.0,0.0,0.75,0.0,0.25,1,3.162277789670043e-05,3.162277789670043e-05
878,Hqql_correct,label_Hqql,label_Hqql,0.5639818906784058,573.7937190854362,0,0,157.34112548828125,0,electron,0.1420786022061263,950.0819702148438,-1.0,0.0,0.0,0.0,1.0,0.0,1.0,0.375,0.3125,0.0,0.3125,0.0,0,157.34112548828125,0,electron,0.1420786022061263,950.0819702148438,-1.0,0.0,0.0,0.0,1.0,0.0,1.0,0.375,0.3125,0.0,0.3125,0.0,0,157.34112548828125,0,electron,0.1420786022061263,950.0819702148438,-1.0,0.0,0.0,0.0,1.0,0.0,1.0,0.375,0.3125,0.0,0.3125,0.0,1,3.162277789670043e-05,3.162277789670043e-05
879,Hqql_correct,label_Hqql,label_Hqql,0.9994198083877563,591.730123875461,0,0,117.70377349853516,0,electron,0.19221613121900522,494.64739990234375,1.0,0.0,0.0,0.0,1.0,0.0,1.0,0.0,0.0,0.8125,0.1875,0.0,0,117.70377349853516,0,electron,0.19221613121900522,494.64739990234375,1.0,0.0,0.0,0.0,1.0,0.0,1.0,0.0,0.0,0.8125,0.1875,0.0,0,117.70377349853516,0,electron,0.19221613121900522,494.64739990234375,1.0,0.0,0.0,0.0,1.0,0.0,1.0,0.0,0.0,0.8125,0.1875,0.0,1,3.162277789670043e-05,3.162277789670043e-05
880,Hqql_correct,label_Hqql,label_Hqql,0.9997195601463318,515.7761325073883,0,0,304.7870788574219,0,electron,0.0713974856579511,3964.08984375,1.0,0.0,0.0,0.0,1.0,0.0,1.0,0.4375,0.0,0.0,0.5625,0.0,0,304.7870788574219,0,electron,0.0713974856579511,3964.08984375,1.0,0.0,0.0,0.0,1.0,0.0,1.0,0.4375,0.0,0.0,0.5625,0.0,0,304.7870788574219,0,electron,0.0713974856579511,3964.08984375,1.0,0.0,0.0,0.0,1.0,0.0,1.0,0.4375,0.0,0.0,0.5625,0.0,1,3.162277789670043e-05,3.162277789670043e-05
881,Hqql_correct,label_Hqql,label_Hqql,0.9974549412727356,678.8807028072326,0,0,407.12109375,0,electron,0.14110588145101532,2478.095947265625,-1.0,0.0,0.0,0.0,1.0,0.0,1.0,0.0,0.0,0.625,0.375,0.0,0,407.12109375,0,electron,0.14110588145101532,2478.095947265625,-1.0,0.0,0.0,0.0,1.0,0.0,1.0,0.0,0.0,0.625,0.375,0.0,0,407.12109375,0,electron,0.14110588145101532,2478.095947265625,-1.0,0.0,0.0,0.0,1.0,0.0,1.0,0.0,0.0,0.625,0.375,0.0,1,3.162277789670043e-05,3.162277789670043e-05
882,Hqql_correct,label_Hqql,label_Hqql,0.9991304278373718,640.0687398648795,0,0,226.3768768310547,0,muon,0.09873563934017425,2066.380615234375,-1.0,0.0,0.0,0.0,0.0,1.0,1.0,0.3125,0.375,0.0,0.0,0.3125,0,226.3768768310547,0,muon,0.09873563934017425,2066.380615234375,-1.0,0.0,0.0,0.0,0.0,1.0,1.0,0.3125,0.375,0.0,0.0,0.3125,0,226.3768768310547,0,muon,0.09873563934017425,2066.380615234375,-1.0,0.0,0.0,0.0,0.0,1.0,1.0,0.3125,0.375,0.0,0.0,0.3125,1,3.162277789670043e-05,3.162277789670043e-05
884,Hqql_correct,label_Hqql,label_Hqql,0.9975256323814392,692.4458863508721,0,0,311.20672607421875,0,electron,0.14780165228023154,1794.36328125,1.0,0.0,0.0,0.0,1.0,0.0,1.0,0.375,0.3125,0.0,0.3125,0.0,0,311.20672607421875,0,electron,0.14780165228023154,1794.36328125,1.0,0.0,0.0,0.0,1.0,0.0,1.0,0.375,0.3125,0.0,0.3125,0.0,0,311.20672607421875,0,electron,0.14780165228023154,1794.36328125,1.0,0.0,0.0,0.0,1.0,0.0,1.0,0.375,0.3125,0.0,0.3125,0.0,1,3.162277789670043e-05,3.162277789670043e-05
885,Hqql_correct,label_Hqql,label_Hqql,0.9972719550132751,940.0005525910633,0,0,426.35845947265625,0,muon,0.22409261820481188,1476.2408447265625,-1.0,0.0,0.0,0.0,0.0,1.0,1.0,0.125,0.6875,0.0,0.0,0.1875,0,426.35845947265625,0,muon,0.22409261820481188,1476.2408447265625,-1.0,0.0,0.0,0.0,0.0,1.0,1.0,0.125,0.6875,0.0,0.0,0.1875,0,426.35845947265625,0,muon,0.22409261820481188,1476.2408447265625,-1.0,0.0,0.0,0.0,0.0,1.0,1.0,0.125,0.6875,0.0,0.0,0.1875,1,3.162277789670043e-05,3.162277789670043e-05
886,Hqql_correct,label_Hqql,label_Hqql,0.9994007349014282,831.2450981288632,0,0,197.61192321777344,0,photon,0.21806273461217654,708.60400390625,0.0,0.0,0.0,1.0,0.0,0.0,0.0,0.4375,0.0,0.375,0.1875,0.0,0,197.61192321777344,0,photon,0.21806273461217654,708.60400390625,0.0,0.0,0.0,1.0,0.0,0.0,0.0,0.4375,0.0,0.375,0.1875,0.0,2,91.68701934814453,2,electron,0.19126820361028254,387.6766052246094,-1.0,0.0,0.0,0.0,1.0,0.0,1.0,0.1875,0.1875,0.4375,0.1875,0.0,1,0.0750904530286789,0.0750904530286789
887,Hqql_correct,label_Hqql,label_Hqql,0.9717250466346741,539.5371153502791,0,0,106.81763458251953,0,photon,0.12215780250057898,767.605712890625,0.0,0.0,0.0,1.0,0.0,0.0,0.0,0.0,0.25,0.75,0.0,0.0,0,106.81763458251953,0,photon,0.12215780250057898,767.605712890625,0.0,0.0,0.0,1.0,0.0,0.0,0.0,0.0,0.25,0.75,0.0,0.0,1,105.1163101196289,1,electron,0.10680917673588164,879.0342407226562,1.0,0.0,0.0,0.0,1.0,0.0,1.0,0.0,0.0,0.8125,0.1875,0.0,1,0.2396671026945114,0.2396671026945114
888,Hqql_correct,label_Hqql,label_Hqql,0.9937615990638733,555.2195125841037,0,0,427.5177307128906,0,electron,0.12329868245330466,3039.81640625,-1.0,0.0,0.0,0.0,1.0,0.0,1.0,0.4375,0.0,0.125,0.4375,0.0,0,427.5177307128906,0,electron,0.12329868245330466,3039.81640625,-1.0,0.0,0.0,0.0,1.0,0.0,1.0,0.4375,0.0,0.125,0.4375,0.0,0,427.5177307128906,0,electron,0.12329868245330466,3039.81640625,-1.0,0.0,0.0,0.0,1.0,0.0,1.0,0.4375,0.0,0.125,0.4375,0.0,1,3.162277789670043e-05,3.162277789670043e-05
889,Hqql_correct,label_Hqql,label_Hqql,0.9038364291191101,636.5936487599171,0,0,123.81759643554688,0,muon,0.24023637015178764,391.5814514160156,-1.0,0.0,0.0,0.0,0.0,1.0,1.0,0.5625,0.1875,0.125,0.0,0.125,0,123.81759643554688,0,muon,0.24023637015178764,391.5814514160156,-1.0,0.0,0.0,0.0,0.0,1.0,1.0,0.5625,0.1875,0.125,0.0,0.125,0,123.81759643554688,0,muon,0.24023637015178764,391.5814514160156,-1.0,0.0,0.0,0.0,0.0,1.0,1.0,0.5625,0.1875,0.125,0.0,0.125,1,3.162277789670043e-05,3.162277789670043e-05
890,Hqql_correct,label_Hqql,label_Hqql,0.9578647613525391,672.3154685226315,0,0,221.79141235351562,0,muon,0.1589160119220557,1173.8603515625,-1.0,0.0,0.0,0.0,0.0,1.0,1.0,0.75,0.0,0.0,0.0,0.25,0,221.79141235351562,0,muon,0.1589160119220557,1173.8603515625,-1.0,0.0,0.0,0.0,0.0,1.0,1.0,0.75,0.0,0.0,0.0,0.25,0,221.79141235351562,0,muon,0.1589160119220557,1173.8603515625,-1.0,0.0,0.0,0.0,0.0,1.0,1.0,0.75,0.0,0.0,0.0,0.25,1,3.162277789670043e-05,3.162277789670043e-05
891,Hqql_correct,label_Hqql,label_Hqql,0.7401186227798462,556.3862739652646,0,0,233.7007598876953,0,muon,0.2039232565477094,912.3223266601562,1.0,0.0,0.0,0.0,0.0,1.0,1.0,0.4375,0.0,0.375,0.0,0.1875,0,233.7007598876953,0,muon,0.2039232565477094,912.3223266601562,1.0,0.0,0.0,0.0,0.0,1.0,1.0,0.4375,0.0,0.375,0.0,0.1875,0,233.7007598876953,0,muon,0.2039232565477094,912.3223266601562,1.0,0.0,0.0,0.0,0.0,1.0,1.0,0.4375,0.0,0.375,0.0,0.1875,1,3.162277789670043e-05,3.162277789670043e-05
892,Hqql_correct,label_Hqql,label_Hqql,0.99868243932724,535.9758714724761,0,0,351.24163818359375,0,muon,0.1643423207799798,1786.0145263671875,1.0,0.0,0.0,0.0,0.0,1.0,1.0,0.0625,0.0,0.625,0.0,0.3125,0,351.24163818359375,0,muon,0.1643423207799798,1786.0145263671875,1.0,0.0,0.0,0.0,0.0,1.0,1.0,0.0625,0.0,0.625,0.0,0.3125,0,351.24163818359375,0,muon,0.1643423207799798,1786.0145263671875,1.0,0.0,0.0,0.0,0.0,1.0,1.0,0.0625,0.0,0.625,0.0,0.3125,1,3.162277789670043e-05,3.162277789670043e-05
893,Hqql_correct,label_Hqql,label_Hqql,0.9638447761535645,567.035220788777,0,0,150.93496704101562,0,electron,0.13533472793443804,964.3365478515625,1.0,0.0,0.0,0.0,1.0,0.0,1.0,0.625,0.0,0.0,0.375,0.0,0,150.93496704101562,0,electron,0.13533472793443804,964.3365478515625,1.0,0.0,0.0,0.0,1.0,0.0,1.0,0.625,0.0,0.0,0.375,0.0,0,150.93496704101562,0,electron,0.13533472793443804,964.3365478515625,1.0,0.0,0.0,0.0,1.0,0.0,1.0,0.625,0.0,0.0,0.375,0.0,1,3.162277789670043e-05,3.162277789670043e-05
894,Hqql_correct,label_Hqql,label_Hqql,0.9864999651908875,595.9170952442842,0,0,193.83619689941406,0,muon,0.1649987631504963,980.9374389648438,-1.0,0.0,0.0,0.0,0.0,1.0,1.0,0.375,0.0,0.4375,0.0,0.1875,0,193.83619689941406,0,muon,0.1649987631504963,980.9374389648438,-1.0,0.0,0.0,0.0,0.0,1.0,1.0,0.375,0.0,0.4375,0.0,0.1875,0,193.83619689941406,0,muon,0.1649987631504963,980.9374389648438,-1.0,0.0,0.0,0.0,0.0,1.0,1.0,0.375,0.0,0.4375,0.0,0.1875,1,3.162277789670043e-05,3.162277789670043e-05
895,Hqql_correct,label_Hqql,label_Hqql,0.9932838678359985,717.5371381492763,0,0,305.986572265625,0,muon,0.13403368763134585,1976.92138671875,1.0,0.0,0.0,0.0,0.0,1.0,1.0,0.4375,0.0,0.1875,0.0,0.375,0,305.986572265625,0,muon,0.13403368763134585,1976.92138671875,1.0,0.0,0.0,0.0,0.0,1.0,1.0,0.4375,0.0,0.1875,0.0,0.375,0,305.986572265625,0,muon,0.13403368763134585,1976.92138671875,1.0,0.0,0.0,0.0,0.0,1.0,1.0,0.4375,0.0,0.1875,0.0,0.375,1,3.162277789670043e-05,3.162277789670043e-05
896,Hqql_correct,label_Hqql,label_Hqql,0.9472126364707947,557.1422217590971,0,0,275.3992614746094,0,muon,0.18746096633139198,1193.70263671875,-1.0,0.0,0.0,0.0,0.0,1.0,1.0,0.5,0.0,0.25,0.0,0.25,0,275.3992614746094,0,muon,0.18746096633139198,1193.70263671875,-1.0,0.0,0.0,0.0,0.0,1.0,1.0,0.5,0.0,0.25,0.0,0.25,0,275.3992614746094,0,muon,0.18746096633139198,1193.70263671875,-1.0,0.0,0.0,0.0,0.0,1.0,1.0,0.5,0.0,0.25,0.0,0.25,1,3.162277789670043e-05,3.162277789670043e-05
897,Hqql_correct,label_Hqql,label_Hqql,0.9912770986557007,550.3832994706072,0,0,113.74354553222656,0,charged_hadron,0.15742154625682886,608.797607421875,-1.0,1.0,0.0,0.0,0.0,0.0,0.0,0.625,0.0,0.375,0.0,0.0,0,113.74354553222656,0,charged_hadron,0.15742154625682886,608.797607421875,-1.0,1.0,0.0,0.0,0.0,0.0,0.0,0.625,0.0,0.375,0.0,0.0,3,52.89678955078125,3,electron,0.19200234480704387,222.6039581298828,1.0,0.0,0.0,0.0,1.0,0.0,1.0,0.1875,0.0,0.625,0.1875,0.0,1,0.46667349338531494,0.46667349338531494
898,Hqql_correct,label_Hqql,label_Hqql,0.9774045944213867,720.9435362212946,0,0,238.3976287841797,0,electron,0.21528785289072802,868.9459838867188,1.0,0.0,0.0,0.0,1.0,0.0,1.0,0.625,0.0,0.1875,0.1875,0.0,0,238.3976287841797,0,electron,0.21528785289072802,868.9459838867188,1.0,0.0,0.0,0.0,1.0,0.0,1.0,0.625,0.0,0.1875,0.1875,0.0,0,238.3976287841797,0,electron,0.21528785289072802,868.9459838867188,1.0,0.0,0.0,0.0,1.0,0.0,1.0,0.625,0.0,0.1875,0.1875,0.0,1,3.162277789670043e-05,3.162277789670043e-05
899,Hqql_correct,label_Hqql,label_Hqql,0.9987077713012695,593.894022657732,0,0,344.53564453125,0,muon,0.09064632083532294,3456.3427734375,-1.0,0.0,0.0,0.0,0.0,1.0,1.0,0.0,0.0,0.375,0.0,0.625,0,344.53564453125,0,muon,0.09064632083532294,3456.3427734375,-1.0,0.0,0.0,0.0,0.0,1.0,1.0,0.0,0.0,0.375,0.0,0.625,0,344.53564453125,0,muon,0.09064632083532294,3456.3427734375,-1.0,0.0,0.0,0.0,0.0,1.0,1.0,0.0,0.0,0.375,0.0,0.625,1,3.162277789670043e-05,3.162277789670043e-05
900,Hqql_correct,label_Hqql,label_Hqql,0.9999415874481201,717.7640828935995,0,0,216.12181091308594,0,charged_hadron,0.14765165604564018,1247.6058349609375,-1.0,1.0,0.0,0.0,0.0,0.0,0.0,0.8125,0.0,0.1875,0.0,0.0,0,216.12181091308594,0,charged_hadron,0.14765165604564018,1247.6058349609375,-1.0,1.0,0.0,0.0,0.0,0.0,0.0,0.8125,0.0,0.1875,0.0,0.0,1,103.08387756347656,1,muon,0.18038587012841092,468.3792724609375,-1.0,0.0,0.0,0.0,0.0,1.0,1.0,0.0,0.0,0.75,0.0,0.25,1,0.20757117867469788,0.20757117867469788
901,Hqql_correct,label_Hqql,label_Hqql,0.9998360872268677,508.383576498799,0,0,172.7870635986328,0,photon,0.09672836070629691,1613.5252685546875,0.0,0.0,0.0,1.0,0.0,0.0,0.0,0.3125,0.0,0.3125,0.375,0.0,0,172.7870635986328,0,photon,0.09672836070629691,1613.5252685546875,0.0,0.0,0.0,1.0,0.0,0.0,0.0,0.3125,0.0,0.3125,0.375,0.0,1,123.75076293945312,1,electron,0.06927722766238582,1662.5615234375,-1.0,0.0,0.0,0.0,1.0,0.0,1.0,0.3125,0.0,0.375,0.3125,0.0,1,0.0103983199223876,0.0103983199223876
902,Hqql_correct,label_Hqql,label_Hqql,0.9992108345031738,543.80945611175,0,0,153.70066833496094,0,muon,0.1799446878212149,700.4544067382812,-1.0,0.0,0.0,0.0,0.0,1.0,1.0,0.4375,0.0,0.3125,0.0,0.25,0,153.70066833496094,0,muon,0.1799446878212149,700.4544067382812,-1.0,0.0,0.0,0.0,0.0,1.0,1.0,0.4375,0.0,0.3125,0.0,0.25,0,153.70066833496094,0,muon,0.1799446878212149,700.4544067382812,-1.0,0.0,0.0,0.0,0.0,1.0,1.0,0.4375,0.0,0.3125,0.0,0.25,1,3.162277789670043e-05,3.162277789670043e-05
903,Hqql_correct,label_Hqql,label_Hqql,0.9640886783599854,514.1796765934638,0,0,298.26983642578125,0,muon,0.13592876728926437,1896.0400390625,-1.0,0.0,0.0,0.0,0.0,1.0,1.0,0.375,0.0,0.25,0.0,0.375,0,298.26983642578125,0,muon,0.13592876728926437,1896.0400390625,-1.0,0.0,0.0,0.0,0.0,1.0,1.0,0.375,0.0,0.25,0.0,0.375,0,298.26983642578125,0,muon,0.13592876728926437,1896.0400390625,-1.0,0.0,0.0,0.0,0.0,1.0,1.0,0.375,0.0,0.25,0.0,0.375,1,3.162277789670043e-05,3.162277789670043e-05
904,Hqql_correct,label_Hqql,label_Hqql,0.9999457597732544,627.7946249361121,0,0,125.65150451660156,0,photon,0.12409008370428994,886.9314575195312,0.0,0.0,0.0,1.0,0.0,0.0,0.0,0.75,0.0,0.25,0.0,0.0,0,125.65150451660156,0,photon,0.12409008370428994,886.9314575195312,0.0,0.0,0.0,1.0,0.0,0.0,0.0,0.75,0.0,0.25,0.0,0.0,9,23.507572174072266,9,electron,0.15816087015608404,125.12319946289062,1.0,0.0,0.0,0.0,1.0,0.0,1.0,0.3125,0.25,0.25,0.1875,0.0,1,0.44128042459487915,0.44128042459487915
905,Hqql_correct,label_Hqql,label_Hqql,0.9979046583175659,545.6244233753664,0,0,309.6794738769531,0,muon,0.2203132412583311,1095.953125,-1.0,0.0,0.0,0.0,0.0,1.0,1.0,0.5,0.25,0.0625,0.0,0.1875,0,309.6794738769531,0,muon,0.2203132412583311,1095.953125,-1.0,0.0,0.0,0.0,0.0,1.0,1.0,0.5,0.25,0.0625,0.0,0.1875,0,309.6794738769531,0,muon,0.2203132412583311,1095.953125,-1.0,0.0,0.0,0.0,0.0,1.0,1.0,0.5,0.25,0.0625,0.0,0.1875,1,3.162277789670043e-05,3.162277789670043e-05
906,Hqql_correct,label_Hqql,label_Hqql,0.9995916485786438,682.8115945693125,0,0,174.08230590820312,0,charged_hadron,0.1570391794284153,934.445556640625,-1.0,1.0,0.0,0.0,0.0,0.0,0.0,1.0,0.0,0.0,0.0,0.0,0,174.08230590820312,0,charged_hadron,0.1570391794284153,934.445556640625,-1.0,1.0,0.0,0.0,0.0,0.0,0.0,1.0,0.0,0.0,0.0,0.0,5,46.86259841918945,5,muon,0.22211668525993977,164.11929321289062,1.0,0.0,0.0,0.0,0.0,1.0,1.0,0.0625,0.0,0.75,0.0,0.1875,1,0.4153684973716736,0.4153684973716736
907,Hqql_correct,label_Hqql,label_Hqql,0.9956111311912537,618.1855800058872,0,0,188.06935119628906,0,charged_hadron,0.16202016678543682,972.7080688476562,-1.0,1.0,0.0,0.0,0.0,0.0,0.0,0.3125,0.0,0.6875,0.0,0.0,0,188.06935119628906,0,charged_hadron,0.16202016678543682,972.7080688476562,-1.0,1.0,0.0,0.0,0.0,0.0,0.0,0.3125,0.0,0.6875,0.0,0.0,2,66.94854736328125,2,electron,0.14666273207431726,389.53106689453125,1.0,0.0,0.0,0.0,1.0,0.0,1.0,0.0625,0.0,0.625,0.3125,0.0,1,0.43866702914237976,0.43866702914237976
909,Hqql_correct,label_Hqql,label_Hqql,0.9999573230743408,928.5111647426035,0,0,776.48291015625,0,electron,0.12428291046578904,5471.2216796875,-1.0,0.0,0.0,0.0,1.0,0.0,1.0,0.0625,0.0,0.5,0.4375,0.0,0,776.48291015625,0,electron,0.12428291046578904,5471.2216796875,-1.0,0.0,0.0,0.0,1.0,0.0,1.0,0.0625,0.0,0.5,0.4375,0.0,0,776.48291015625,0,electron,0.12428291046578904,5471.2216796875,-1.0,0.0,0.0,0.0,1.0,0.0,1.0,0.0625,0.0,0.5,0.4375,0.0,1,3.162277789670043e-05,3.162277789670043e-05
910,Hqql_correct,label_Hqql,label_Hqql,0.9648528099060059,789.2918286150386,0,0,237.02996826171875,0,muon,0.21445730305030872,868.224853515625,-1.0,0.0,0.0,0.0,0.0,1.0,1.0,0.375,0.0,0.5,0.0,0.125,0,237.02996826171875,0,muon,0.21445730305030872,868.224853515625,-1.0,0.0,0.0,0.0,0.0,1.0,1.0,0.375,0.0,0.5,0.0,0.125,0,237.02996826171875,0,muon,0.21445730305030872,868.224853515625,-1.0,0.0,0.0,0.0,0.0,1.0,1.0,0.375,0.0,0.5,0.0,0.125,1,3.162277789670043e-05,3.162277789670043e-05
911,Hqql_correct,label_Hqql,label_Hqql,0.9990561604499817,530.5821269078526,0,0,170.31333923339844,0,electron,0.1918137769889527,717.5964965820312,-1.0,0.0,0.0,0.0,1.0,0.0,1.0,0.25,0.0,0.5,0.25,0.0,0,170.31333923339844,0,electron,0.1918137769889527,717.5964965820312,-1.0,0.0,0.0,0.0,1.0,0.0,1.0,0.25,0.0,0.5,0.25,0.0,0,170.31333923339844,0,electron,0.1918137769889527,717.5964965820312,-1.0,0.0,0.0,0.0,1.0,0.0,1.0,0.25,0.0,0.5,0.25,0.0,1,3.162277789670043e-05,3.162277789670043e-05
912,Hqql_correct,label_Hqql,label_Hqql,0.9059045314788818,719.404982402865,0,0,450.711181640625,0,electron,0.15341013342374504,2487.238037109375,-1.0,0.0,0.0,0.0,1.0,0.0,1.0,0.3125,0.0,0.375,0.3125,0.0,0,450.711181640625,0,electron,0.15341013342374504,2487.238037109375,-1.0,0.0,0.0,0.0,1.0,0.0,1.0,0.3125,0.0,0.375,0.3125,0.0,0,450.711181640625,0,electron,0.15341013342374504,2487.238037109375,-1.0,0.0,0.0,0.0,1.0,0.0,1.0,0.3125,0.0,0.375,0.3125,0.0,1,3.162277789670043e-05,3.162277789670043e-05
913,Hqql_correct,label_Hqql,label_Hqql,0.9601379632949829,531.0275526871204,0,0,198.8638153076172,0,muon,0.2863244985601432,495.6761779785156,-1.0,0.0,0.0,0.0,0.0,1.0,1.0,0.375,0.1875,0.3125,0.0,0.125,0,198.8638153076172,0,muon,0.2863244985601432,495.6761779785156,-1.0,0.0,0.0,0.0,0.0,1.0,1.0,0.375,0.1875,0.3125,0.0,0.125,0,198.8638153076172,0,muon,0.2863244985601432,495.6761779785156,-1.0,0.0,0.0,0.0,0.0,1.0,1.0,0.375,0.1875,0.3125,0.0,0.125,1,3.162277789670043e-05,3.162277789670043e-05
914,Hqql_to_Tbl,label_Hqql,label_Tbl,0.9870081543922424,571.4417196927901,0,0,252.87948608398438,0,muon,0.2355517734460837,820.6827392578125,1.0,0.0,0.0,0.0,0.0,1.0,1.0,0.25,0.0,0.5625,0.0,0.1875,0,252.87948608398438,0,muon,0.2355517734460837,820.6827392578125,1.0,0.0,0.0,0.0,0.0,1.0,1.0,0.25,0.0,0.5625,0.0,0.1875,0,252.87948608398438,0,muon,0.2355517734460837,820.6827392578125,1.0,0.0,0.0,0.0,0.0,1.0,1.0,0.25,0.0,0.5625,0.0,0.1875,1,3.162277789670043e-05,3.162277789670043e-05
915,Hqql_correct,label_Hqql,label_Hqql,0.9999713897705078,540.9143306214182,0,0,206.25685119628906,0,electron,0.15456316733464998,1128.193359375,1.0,0.0,0.0,0.0,1.0,0.0,1.0,0.0625,0.625,0.0,0.3125,0.0,0,206.25685119628906,0,electron,0.15456316733464998,1128.193359375,1.0,0.0,0.0,0.0,1.0,0.0,1.0,0.0625,0.625,0.0,0.3125,0.0,0,206.25685119628906,0,electron,0.15456316733464998,1128.193359375,1.0,0.0,0.0,0.0,1.0,0.0,1.0,0.0625,0.625,0.0,0.3125,0.0,1,3.162277789670043e-05,3.162277789670043e-05
916,Hqql_correct,label_Hqql,label_Hqql,0.9978635907173157,533.5277065823419,0,0,142.32611083984375,0,neutral_hadron,0.14923343082894222,811.3885498046875,0.0,0.0,1.0,0.0,0.0,0.0,0.0,0.625,0.1875,0.1875,0.0,0.0,0,142.32611083984375,0,neutral_hadron,0.14923343082894222,811.3885498046875,0.0,0.0,1.0,0.0,0.0,0.0,0.0,0.625,0.1875,0.1875,0.0,0.0,2,68.91575622558594,2,muon,0.18960030551234083,294.5633850097656,1.0,0.0,0.0,0.0,0.0,1.0,1.0,0.25,0.375,0.1875,0.0,0.1875,1,0.37321773171424866,0.37321773171424866
917,Hqql_correct,label_Hqql,label_Hqql,0.999671459197998,548.3785503726317,0,0,101.49109649658203,0,charged_hadron,0.11172293637031955,806.9266357421875,-1.0,1.0,0.0,0.0,0.0,0.0,0.0,0.6875,0.0,0.3125,0.0,0.0,0,101.49109649658203,0,charged_hadron,0.11172293637031955,806.9266357421875,-1.0,1.0,0.0,0.0,0.0,0.0,0.0,0.6875,0.0,0.3125,0.0,0.0,1,88.41414642333984,1,electron,0.17315398359819711,422.19580078125,-1.0,0.0,0.0,0.0,1.0,0.0,1.0,0.3125,0.0,0.4375,0.25,0.0,1,0.13674676418304443,0.13674676418304443
918,Hqql_correct,label_Hqql,label_Hqql,0.9825263023376465,508.01950750308424,0,0,169.7151641845703,0,muon,0.30676013947557845,383.53521728515625,1.0,0.0,0.0,0.0,0.0,1.0,1.0,0.5625,0.1875,0.125,0.0,0.125,0,169.7151641845703,0,muon,0.30676013947557845,383.53521728515625,1.0,0.0,0.0,0.0,0.0,1.0,1.0,0.5625,0.1875,0.125,0.0,0.125,0,169.7151641845703,0,muon,0.30676013947557845,383.53521728515625,1.0,0.0,0.0,0.0,0.0,1.0,1.0,0.5625,0.1875,0.125,0.0,0.125,1,3.162277789670043e-05,3.162277789670043e-05
920,Hqql_correct,label_Hqql,label_Hqql,0.7387264370918274,688.9661993697177,0,0,241.91455078125,0,muon,0.11097414084194718,1938.003662109375,1.0,0.0,0.0,0.0,0.0,1.0,1.0,0.0,0.375,0.3125,0.0,0.3125,0,241.91455078125,0,muon,0.11097414084194718,1938.003662109375,1.0,0.0,0.0,0.0,0.0,1.0,1.0,0.0,0.375,0.3125,0.0,0.3125,0,241.91455078125,0,muon,0.11097414084194718,1938.003662109375,1.0,0.0,0.0,0.0,0.0,1.0,1.0,0.0,0.375,0.3125,0.0,0.3125,1,3.162277789670043e-05,3.162277789670043e-05
921,Hqql_correct,label_Hqql,label_Hqql,0.9999858140945435,631.6292021546762,0,0,394.9027404785156,0,electron,0.1929056166134417,1652.2265625,1.0,0.0,0.0,0.0,1.0,0.0,1.0,0.3125,0.0,0.4375,0.25,0.0,0,394.9027404785156,0,electron,0.1929056166134417,1652.2265625,1.0,0.0,0.0,0.0,1.0,0.0,1.0,0.3125,0.0,0.4375,0.25,0.0,0,394.9027404785156,0,electron,0.1929056166134417,1652.2265625,1.0,0.0,0.0,0.0,1.0,0.0,1.0,0.3125,0.0,0.4375,0.25,0.0,1,3.162277789670043e-05,3.162277789670043e-05
922,Hqql_correct,label_Hqql,label_Hqql,0.7526500821113586,916.7299019970305,0,0,116.57672119140625,0,muon,0.37543815611620973,193.93173217773438,-1.0,0.0,0.0,0.0,0.0,1.0,1.0,0.375,0.125,0.4375,0.0,0.0625,0,116.57672119140625,0,muon,0.37543815611620973,193.93173217773438,-1.0,0.0,0.0,0.0,0.0,1.0,1.0,0.375,0.125,0.4375,0.0,0.0625,0,116.57672119140625,0,muon,0.37543815611620973,193.93173217773438,-1.0,0.0,0.0,0.0,0.0,1.0,1.0,0.375,0.125,0.4375,0.0,0.0625,1,3.162277789670043e-05,3.162277789670043e-05
923,Hqql_correct,label_Hqql,label_Hqql,0.9136455059051514,564.1510535211719,0,0,303.0714111328125,0,electron,0.2187472549334545,1082.415283203125,1.0,0.0,0.0,0.0,1.0,0.0,1.0,0.4375,0.0,0.375,0.1875,0.0,0,303.0714111328125,0,electron,0.2187472549334545,1082.415283203125,1.0,0.0,0.0,0.0,1.0,0.0,1.0,0.4375,0.0,0.375,0.1875,0.0,0,303.0714111328125,0,electron,0.2187472549334545,1082.415283203125,1.0,0.0,0.0,0.0,1.0,0.0,1.0,0.4375,0.0,0.375,0.1875,0.0,1,3.162277789670043e-05,3.162277789670043e-05
924,Hqql_correct,label_Hqql,label_Hqql,0.9982421398162842,867.2342009425467,0,0,410.12445068359375,0,electron,0.22144053292214264,1441.950439453125,1.0,0.0,0.0,0.0,1.0,0.0,1.0,0.125,0.25,0.4375,0.1875,0.0,0,410.12445068359375,0,electron,0.22144053292214264,1441.950439453125,1.0,0.0,0.0,0.0,1.0,0.0,1.0,0.125,0.25,0.4375,0.1875,0.0,0,410.12445068359375,0,electron,0.22144053292214264,1441.950439453125,1.0,0.0,0.0,0.0,1.0,0.0,1.0,0.125,0.25,0.4375,0.1875,0.0,1,3.162277789670043e-05,3.162277789670043e-05
925,Hqql_correct,label_Hqql,label_Hqql,0.9995808005332947,649.5323544939108,0,0,185.5712432861328,0,electron,0.16324880943015002,951.16748046875,1.0,0.0,0.0,0.0,1.0,0.0,1.0,0.5625,0.0,0.1875,0.25,0.0,0,185.5712432861328,0,electron,0.16324880943015002,951.16748046875,1.0,0.0,0.0,0.0,1.0,0.0,1.0,0.5625,0.0,0.1875,0.25,0.0,0,185.5712432861328,0,electron,0.16324880943015002,951.16748046875,1.0,0.0,0.0,0.0,1.0,0.0,1.0,0.5625,0.0,0.1875,0.25,0.0,1,3.162277789670043e-05,3.162277789670043e-05
926,Hqql_correct,label_Hqql,label_Hqql,0.9999943971633911,528.3416813108992,0,0,307.3802490234375,0,electron,0.12244931006682376,2202.885009765625,-1.0,0.0,0.0,0.0,1.0,0.0,1.0,0.5625,0.0,0.0,0.4375,0.0,0,307.3802490234375,0,electron,0.12244931006682376,2202.885009765625,-1.0,0.0,0.0,0.0,1.0,0.0,1.0,0.5625,0.0,0.0,0.4375,0.0,0,307.3802490234375,0,electron,0.12244931006682376,2202.885009765625,-1.0,0.0,0.0,0.0,1.0,0.0,1.0,0.5625,0.0,0.0,0.4375,0.0,1,3.162277789670043e-05,3.162277789670043e-05
927,Hqql_correct,label_Hqql,label_Hqql,0.9892255663871765,776.3059497639637,0,0,233.72671508789062,0,charged_hadron,0.11624468486984546,1776.9176025390625,-1.0,1.0,0.0,0.0,0.0,0.0,0.0,1.0,0.0,0.0,0.0,0.0,0,233.72671508789062,0,charged_hadron,0.11624468486984546,1776.9176025390625,-1.0,1.0,0.0,0.0,0.0,0.0,0.0,1.0,0.0,0.0,0.0,0.0,1,175.2832794189453,1,muon,0.1359590414949504,1113.95263671875,1.0,0.0,0.0,0.0,0.0,1.0,1.0,0.375,0.3125,0.0,0.0,0.3125,1,0.09659817814826965,0.09659817814826965
928,Hqql_correct,label_Hqql,label_Hqql,0.7864164710044861,684.4191210378996,0,0,578.0625,0,electron,0.12423389559446679,4074.955078125,-1.0,0.0,0.0,0.0,1.0,0.0,1.0,0.0,0.5625,0.0,0.4375,0.0,0,578.0625,0,electron,0.12423389559446679,4074.955078125,-1.0,0.0,0.0,0.0,1.0,0.0,1.0,0.0,0.5625,0.0,0.4375,0.0,0,578.0625,0,electron,0.12423389559446679,4074.955078125,-1.0,0.0,0.0,0.0,1.0,0.0,1.0,0.0,0.5625,0.0,0.4375,0.0,1,3.162277789670043e-05,3.162277789670043e-05
929,Hqql_correct,label_Hqql,label_Hqql,0.9252112507820129,527.4971730963996,0,0,230.4854736328125,0,charged_hadron,0.15688675833074298,1238.634521484375,-1.0,1.0,0.0,0.0,0.0,0.0,0.0,0.25,0.0,0.75,0.0,0.0,0,230.4854736328125,0,charged_hadron,0.15688675833074298,1238.634521484375,-1.0,1.0,0.0,0.0,0.0,0.0,0.0,0.25,0.0,0.75,0.0,0.0,1,149.86349487304688,1,electron,0.17742632974625108,694.7884521484375,1.0,0.0,0.0,0.0,1.0,0.0,1.0,0.25,0.3125,0.1875,0.25,0.0,1,0.19397468864917755,0.19397468864917755
930,Hqql_correct,label_Hqql,label_Hqql,0.9998422861099243,698.8950340504151,0,0,128.11517333984375,0,muon,0.11524374037445778,983.5736083984375,-1.0,0.0,0.0,0.0,0.0,1.0,1.0,0.0,0.25,0.375,0.0,0.375,0,128.11517333984375,0,muon,0.11524374037445778,983.5736083984375,-1.0,0.0,0.0,0.0,0.0,1.0,1.0,0.0,0.25,0.375,0.0,0.375,0,128.11517333984375,0,muon,0.11524374037445778,983.5736083984375,-1.0,0.0,0.0,0.0,0.0,1.0,1.0,0.0,0.25,0.375,0.0,0.375,1,3.162277789670043e-05,3.162277789670043e-05
931,Hqql_correct,label_Hqql,label_Hqql,0.9983609318733215,690.997653620634,0,0,116.98255920410156,0,photon,0.17355794432182672,557.0433959960938,0.0,0.0,0.0,1.0,0.0,0.0,0.0,0.5,0.0,0.5,0.0,0.0,0,116.98255920410156,0,photon,0.17355794432182672,557.0433959960938,0.0,0.0,0.0,1.0,0.0,0.0,0.0,0.5,0.0,0.5,0.0,0.0,1,61.73693084716797,1,muon,0.15113405220773565,346.7542724609375,-1.0,0.0,0.0,0.0,0.0,1.0,1.0,0.0,0.375,0.5,0.0,0.125,1,0.27660441398620605,0.27660441398620605
932,Hqql_correct,label_Hqql,label_Hqql,0.8148471713066101,546.8815421171952,0,0,130.63006591796875,0,electron,0.20573460471214292,504.3144836425781,-1.0,0.0,0.0,0.0,1.0,0.0,1.0,0.4375,0.0,0.375,0.1875,0.0,0,130.63006591796875,0,electron,0.20573460471214292,504.3144836425781,-1.0,0.0,0.0,0.0,1.0,0.0,1.0,0.4375,0.0,0.375,0.1875,0.0,0,130.63006591796875,0,electron,0.20573460471214292,504.3144836425781,-1.0,0.0,0.0,0.0,1.0,0.0,1.0,0.4375,0.0,0.375,0.1875,0.0,1,3.162277789670043e-05,3.162277789670043e-05
933,Hqql_correct,label_Hqql,label_Hqql,0.9998094439506531,668.2444368028441,0,0,389.0382080078125,0,muon,0.14038527044903318,2382.179931640625,1.0,0.0,0.0,0.0,0.0,1.0,1.0,0.625,0.0,0.0,0.0,0.375,0,389.0382080078125,0,muon,0.14038527044903318,2382.179931640625,1.0,0.0,0.0,0.0,0.0,1.0,1.0,0.625,0.0,0.0,0.0,0.375,0,389.0382080078125,0,muon,0.14038527044903318,2382.179931640625,1.0,0.0,0.0,0.0,0.0,1.0,1.0,0.625,0.0,0.0,0.0,0.375,1,3.162277789670043e-05,3.162277789670043e-05
934,Hqql_correct,label_Hqql,label_Hqql,0.9994179010391235,867.9395821267856,0,0,175.52645874023438,0,neutral_hadron,0.1530971187860046,970.9775390625,0.0,0.0,1.0,0.0,0.0,0.0,0.0,0.4375,0.25,0.3125,0.0,0.0,0,175.52645874023438,0,neutral_hadron,0.1530971187860046,970.9775390625,0.0,0.0,1.0,0.0,0.0,0.0,0.0,0.4375,0.25,0.3125,0.0,0.0,1,161.1387939453125,1,electron,0.17018714282574043,785.6941528320312,1.0,0.0,0.0,0.0,1.0,0.0,1.0,0.0,0.125,0.625,0.25,0.0,1,0.2147771418094635,0.2147771418094635
935,Hqql_correct,label_Hqql,label_Hqql,0.9989851117134094,539.1753652116083,0,0,142.80032348632812,0,muon,0.17342930537598933,680.591796875,-1.0,0.0,0.0,0.0,0.0,1.0,1.0,0.25,0.25,0.25,0.0,0.25,0,142.80032348632812,0,muon,0.17342930537598933,680.591796875,-1.0,0.0,0.0,0.0,0.0,1.0,1.0,0.25,0.25,0.25,0.0,0.25,0,142.80032348632812,0,muon,0.17342930537598933,680.591796875,-1.0,0.0,0.0,0.0,0.0,1.0,1.0,0.25,0.25,0.25,0.0,0.25,1,3.162277789670043e-05,3.162277789670043e-05
936,Hqql_correct,label_Hqql,label_Hqql,0.6014531850814819,560.2519455593831,0,0,132.44515991210938,0,electron,0.21270195340474038,490.2344055175781,1.0,0.0,0.0,0.0,1.0,0.0,1.0,0.3125,0.0625,0.5,0.125,0.0,0,132.44515991210938,0,electron,0.21270195340474038,490.2344055175781,1.0,0.0,0.0,0.0,1.0,0.0,1.0,0.3125,0.0625,0.5,0.125,0.0,0,132.44515991210938,0,electron,0.21270195340474038,490.2344055175781,1.0,0.0,0.0,0.0,1.0,0.0,1.0,0.3125,0.0625,0.5,0.125,0.0,1,3.162277789670043e-05,3.162277789670043e-05
937,Hqql_correct,label_Hqql,label_Hqql,0.9911550283432007,528.3709172843569,0,0,471.48406982421875,0,electron,0.09956257167164864,4264.0712890625,1.0,0.0,0.0,0.0,1.0,0.0,1.0,0.4375,0.0,0.0,0.5625,0.0,0,471.48406982421875,0,electron,0.09956257167164864,4264.0712890625,1.0,0.0,0.0,0.0,1.0,0.0,1.0,0.4375,0.0,0.0,0.5625,0.0,0,471.48406982421875,0,electron,0.09956257167164864,4264.0712890625,1.0,0.0,0.0,0.0,1.0,0.0,1.0,0.4375,0.0,0.0,0.5625,0.0,1,3.162277789670043e-05,3.162277789670043e-05
938,Hqql_correct,label_Hqql,label_Hqql,0.9969292283058167,625.2560036374421,0,0,257.84967041015625,0,muon,0.09725423691902106,2393.4453125,-1.0,0.0,0.0,0.0,0.0,1.0,1.0,0.4375,0.0,0.0,0.0,0.5625,0,257.84967041015625,0,muon,0.09725423691902106,2393.4453125,-1.0,0.0,0.0,0.0,0.0,1.0,1.0,0.4375,0.0,0.0,0.0,0.5625,0,257.84967041015625,0,muon,0.09725423691902106,2393.4453125,-1.0,0.0,0.0,0.0,0.0,1.0,1.0,0.4375,0.0,0.0,0.0,0.5625,1,3.162277789670043e-05,3.162277789670043e-05
939,Hqql_correct,label_Hqql,label_Hqql,0.9994168281555176,582.9040887772376,0,0,165.39247131347656,0,charged_hadron,0.08664666503266973,1743.4227294921875,-1.0,1.0,0.0,0.0,0.0,0.0,0.0,1.0,0.0,0.0,0.0,0.0,0,165.39247131347656,0,charged_hadron,0.08664666503266973,1743.4227294921875,-1.0,1.0,0.0,0.0,0.0,0.0,0.0,1.0,0.0,0.0,0.0,0.0,1,127.5573959350586,1,electron,0.09124956745124714,1270.3385009765625,-1.0,0.0,0.0,0.0,1.0,0.0,1.0,0.6875,0.0,0.0,0.3125,0.0,1,0.21677303314208984,0.21677303314208984
940,Hqql_correct,label_Hqql,label_Hqql,0.9967137575149536,559.6283647021054,0,0,58.68809127807617,0,charged_hadron,0.10916222251813573,478.93463134765625,-1.0,1.0,0.0,0.0,0.0,0.0,0.0,0.8125,0.0,0.1875,0.0,0.0,0,58.68809127807617,0,charged_hadron,0.10916222251813573,478.93463134765625,-1.0,1.0,0.0,0.0,0.0,0.0,0.0,0.8125,0.0,0.1875,0.0,0.0,4,41.72353744506836,4,electron,0.20140736517054783,165.4364013671875,1.0,0.0,0.0,0.0,1.0,0.0,1.0,0.1875,0.0625,0.5625,0.1875,0.0,1,0.41960448026657104,0.41960448026657104
941,Hqql_correct,label_Hqql,label_Hqql,0.9994090795516968,636.6907116410764,0,0,145.3193817138672,0,muon,0.11962221207637518,1069.5,1.0,0.0,0.0,0.0,0.0,1.0,1.0,0.25,0.25,0.25,0.0,0.25,0,145.3193817138672,0,muon,0.11962221207637518,1069.5,1.0,0.0,0.0,0.0,0.0,1.0,1.0,0.25,0.25,0.25,0.0,0.25,0,145.3193817138672,0,muon,0.11962221207637518,1069.5,1.0,0.0,0.0,0.0,0.0,1.0,1.0,0.25,0.25,0.25,0.0,0.25,1,3.162277789670043e-05,3.162277789670043e-05
942,Hqql_correct,label_Hqql,label_Hqql,0.9991939663887024,552.3067153364933,0,0,218.0819091796875,0,electron,0.12366896067448786,1545.3509521484375,-1.0,0.0,0.0,0.0,1.0,0.0,1.0,0.0,0.0,0.5625,0.4375,0.0,0,218.0819091796875,0,electron,0.12366896067448786,1545.3509521484375,-1.0,0.0,0.0,0.0,1.0,0.0,1.0,0.0,0.0,0.5625,0.4375,0.0,0,218.0819091796875,0,electron,0.12366896067448786,1545.3509521484375,-1.0,0.0,0.0,0.0,1.0,0.0,1.0,0.0,0.0,0.5625,0.4375,0.0,1,3.162277789670043e-05,3.162277789670043e-05
943,Hqql_correct,label_Hqql,label_Hqql,0.8783115744590759,587.059475815618,0,0,464.05609130859375,0,muon,0.14243604101244964,2793.940185546875,1.0,0.0,0.0,0.0,0.0,1.0,1.0,0.0,0.0,0.625,0.0,0.375,0,464.05609130859375,0,muon,0.14243604101244964,2793.940185546875,1.0,0.0,0.0,0.0,0.0,1.0,1.0,0.0,0.0,0.625,0.0,0.375,0,464.05609130859375,0,muon,0.14243604101244964,2793.940185546875,1.0,0.0,0.0,0.0,0.0,1.0,1.0,0.0,0.0,0.625,0.0,0.375,1,3.162277789670043e-05,3.162277789670043e-05
944,Hqql_correct,label_Hqql,label_Hqql,0.9327088594436646,828.6604019840057,0,0,353.9377746582031,0,muon,0.24998893700039349,1061.8759765625,1.0,0.0,0.0,0.0,0.0,1.0,1.0,0.375,0.0,0.5,0.0,0.125,0,353.9377746582031,0,muon,0.24998893700039349,1061.8759765625,1.0,0.0,0.0,0.0,0.0,1.0,1.0,0.375,0.0,0.5,0.0,0.125,0,353.9377746582031,0,muon,0.24998893700039349,1061.8759765625,1.0,0.0,0.0,0.0,0.0,1.0,1.0,0.375,0.0,0.5,0.0,0.125,1,3.162277789670043e-05,3.162277789670043e-05
945,Hqql_correct,label_Hqql,label_Hqql,0.9276686310768127,603.709264108868,0,0,322.8921813964844,0,electron,0.23252892691593616,1065.7186279296875,1.0,0.0,0.0,0.0,1.0,0.0,1.0,0.4375,0.0,0.375,0.1875,0.0,0,322.8921813964844,0,electron,0.23252892691593616,1065.7186279296875,1.0,0.0,0.0,0.0,1.0,0.0,1.0,0.4375,0.0,0.375,0.1875,0.0,0,322.8921813964844,0,electron,0.23252892691593616,1065.7186279296875,1.0,0.0,0.0,0.0,1.0,0.0,1.0,0.4375,0.0,0.375,0.1875,0.0,1,3.162277789670043e-05,3.162277789670043e-05
946,Hqql_correct,label_Hqql,label_Hqql,0.998120129108429,570.1585003379851,0,0,209.8111114501953,0,electron,0.14930452857259616,1195.445068359375,1.0,0.0,0.0,0.0,1.0,0.0,1.0,0.75,0.0625,0.0,0.1875,0.0,0,209.8111114501953,0,electron,0.14930452857259616,1195.445068359375,1.0,0.0,0.0,0.0,1.0,0.0,1.0,0.75,0.0625,0.0,0.1875,0.0,0,209.8111114501953,0,electron,0.14930452857259616,1195.445068359375,1.0,0.0,0.0,0.0,1.0,0.0,1.0,0.75,0.0625,0.0,0.1875,0.0,1,3.162277789670043e-05,3.162277789670043e-05
947,Hqql_correct,label_Hqql,label_Hqql,0.9436970353126526,564.1577804099472,0,0,299.0989074707031,0,muon,0.1958413085765877,1228.1524658203125,-1.0,0.0,0.0,0.0,0.0,1.0,1.0,0.0,0.0,0.75,0.0,0.25,0,299.0989074707031,0,muon,0.1958413085765877,1228.1524658203125,-1.0,0.0,0.0,0.0,0.0,1.0,1.0,0.0,0.0,0.75,0.0,0.25,0,299.0989074707031,0,muon,0.1958413085765877,1228.1524658203125,-1.0,0.0,0.0,0.0,0.0,1.0,1.0,0.0,0.0,0.75,0.0,0.25,1,3.162277789670043e-05,3.162277789670043e-05
948,Hqql_correct,label_Hqql,label_Hqql,0.9731650948524475,549.5683824595118,0,0,170.49920654296875,0,neutral_hadron,0.15873651494051597,903.602783203125,0.0,0.0,1.0,0.0,0.0,0.0,0.0,0.3125,0.25,0.4375,0.0,0.0,0,170.49920654296875,0,neutral_hadron,0.15873651494051597,903.602783203125,0.0,0.0,1.0,0.0,0.0,0.0,0.0,0.3125,0.25,0.4375,0.0,0.0,10,10.415362358093262,10,muon,0.03671285269883966,273.2826232910156,1.0,0.0,0.0,0.0,0.0,1.0,1.0,0.4375,0.3125,0.0,0.0,0.25,1,0.6675373911857605,0.6675373911857605
949,Hqql_correct,label_Hqql,label_Hqql,0.9999692440032959,955.0622132208055,0,0,632.6053466796875,0,muon,0.14107820842893282,3851.47021484375,1.0,0.0,0.0,0.0,0.0,1.0,1.0,0.0,0.0,0.625,0.0,0.375,0,632.6053466796875,0,muon,0.14107820842893282,3851.47021484375,1.0,0.0,0.0,0.0,0.0,1.0,1.0,0.0,0.0,0.625,0.0,0.375,0,632.6053466796875,0,muon,0.14107820842893282,3851.47021484375,1.0,0.0,0.0,0.0,0.0,1.0,1.0,0.0,0.0,0.625,0.0,0.375,1,3.162277789670043e-05,3.162277789670043e-05
950,Hqql_correct,label_Hqql,label_Hqql,0.999446451663971,707.4092259662757,0,0,391.14801025390625,0,electron,0.18985361624659014,1669.113037109375,1.0,0.0,0.0,0.0,1.0,0.0,1.0,0.25,0.0,0.5,0.25,0.0,0,391.14801025390625,0,electron,0.18985361624659014,1669.113037109375,1.0,0.0,0.0,0.0,1.0,0.0,1.0,0.25,0.0,0.5,0.25,0.0,0,391.14801025390625,0,electron,0.18985361624659014,1669.113037109375,1.0,0.0,0.0,0.0,1.0,0.0,1.0,0.25,0.0,0.5,0.25,0.0,1,3.162277789670043e-05,3.162277789670043e-05
951,Hqql_correct,label_Hqql,label_Hqql,0.9585477709770203,576.5767800519974,0,0,324.1859130859375,0,electron,0.06658056780174049,4544.89111328125,1.0,0.0,0.0,0.0,1.0,0.0,1.0,0.0,0.0,0.125,0.875,0.0,0,324.1859130859375,0,electron,0.06658056780174049,4544.89111328125,1.0,0.0,0.0,0.0,1.0,0.0,1.0,0.0,0.0,0.125,0.875,0.0,0,324.1859130859375,0,electron,0.06658056780174049,4544.89111328125,1.0,0.0,0.0,0.0,1.0,0.0,1.0,0.0,0.0,0.125,0.875,0.0,1,3.162277789670043e-05,3.162277789670043e-05
952,Hqql_correct,label_Hqql,label_Hqql,0.9985945820808411,810.1306418754265,0,0,496.2614440917969,0,muon,0.19727773026172404,2019.2857666015625,-1.0,0.0,0.0,0.0,0.0,1.0,1.0,0.0,0.1875,0.5625,0.0,0.25,0,496.2614440917969,0,muon,0.19727773026172404,2019.2857666015625,-1.0,0.0,0.0,0.0,0.0,1.0,1.0,0.0,0.1875,0.5625,0.0,0.25,0,496.2614440917969,0,muon,0.19727773026172404,2019.2857666015625,-1.0,0.0,0.0,0.0,0.0,1.0,1.0,0.0,0.1875,0.5625,0.0,0.25,1,3.162277789670043e-05,3.162277789670043e-05
953,Hqql_correct,label_Hqql,label_Hqql,0.9530162215232849,632.6584861075063,0,0,513.1412353515625,0,electron,0.09980152245022801,4628.47607421875,1.0,0.0,0.0,0.0,1.0,0.0,1.0,0.0,0.0,0.4375,0.5625,0.0,0,513.1412353515625,0,electron,0.09980152245022801,4628.47607421875,1.0,0.0,0.0,0.0,1.0,0.0,1.0,0.0,0.0,0.4375,0.5625,0.0,0,513.1412353515625,0,electron,0.09980152245022801,4628.47607421875,1.0,0.0,0.0,0.0,1.0,0.0,1.0,0.0,0.0,0.4375,0.5625,0.0,1,3.162277789670043e-05,3.162277789670043e-05
954,Hqql_correct,label_Hqql,label_Hqql,0.9999850988388062,625.7187956924538,0,0,435.9897155761719,0,muon,0.08199954859961965,4880.9873046875,1.0,0.0,0.0,0.0,0.0,1.0,1.0,0.3125,0.0,0.0,0.0,0.6875,0,435.9897155761719,0,muon,0.08199954859961965,4880.9873046875,1.0,0.0,0.0,0.0,0.0,1.0,1.0,0.3125,0.0,0.0,0.0,0.6875,0,435.9897155761719,0,muon,0.08199954859961965,4880.9873046875,1.0,0.0,0.0,0.0,0.0,1.0,1.0,0.3125,0.0,0.0,0.0,0.6875,1,3.162277789670043e-05,3.162277789670043e-05
955,Hqql_correct,label_Hqql,label_Hqql,0.9999237060546875,568.4995916562839,0,0,170.78793334960938,0,charged_hadron,0.13621485479143586,1083.02490234375,-1.0,1.0,0.0,0.0,0.0,0.0,0.0,0.6875,0.0,0.0,0.3125,0.0,0,170.78793334960938,0,charged_hadron,0.13621485479143586,1083.02490234375,-1.0,1.0,0.0,0.0,0.0,0.0,0.0,0.6875,0.0,0.0,0.3125,0.0,1,79.05416870117188,1,muon,0.14586659226314072,462.907958984375,1.0,0.0,0.0,0.0,0.0,1.0,1.0,0.0,0.0,0.6875,0.0,0.3125,1,0.4066374897956848,0.4066374897956848
956,Hqql_correct,label_Hqql,label_Hqql,0.9857016801834106,667.6714922777438,0,0,430.8721008300781,0,electron,0.0917172876023975,4266.95654296875,-1.0,0.0,0.0,0.0,1.0,0.0,1.0,0.0,0.0,0.4375,0.5625,0.0,0,430.8721008300781,0,electron,0.0917172876023975,4266.95654296875,-1.0,0.0,0.0,0.0,1.0,0.0,1.0,0.0,0.0,0.4375,0.5625,0.0,0,430.8721008300781,0,electron,0.0917172876023975,4266.95654296875,-1.0,0.0,0.0,0.0,1.0,0.0,1.0,0.0,0.0,0.4375,0.5625,0.0,1,3.162277789670043e-05,3.162277789670043e-05
957,Hqql_correct,label_Hqql,label_Hqql,0.9953320622444153,552.534795104778,0,0,178.5834503173828,0,muon,0.20964947046408117,673.2357788085938,-1.0,0.0,0.0,0.0,0.0,1.0,1.0,0.25,0.375,0.1875,0.0,0.1875,0,178.5834503173828,0,muon,0.20964947046408117,673.2357788085938,-1.0,0.0,0.0,0.0,0.0,1.0,1.0,0.25,0.375,0.1875,0.0,0.1875,0,178.5834503173828,0,muon,0.20964947046408117,673.2357788085938,-1.0,0.0,0.0,0.0,0.0,1.0,1.0,0.25,0.375,0.1875,0.0,0.1875,1,3.162277789670043e-05,3.162277789670043e-05
958,Hqql_correct,label_Hqql,label_Hqql,0.8286672234535217,511.8349133520693,0,0,78.14193725585938,0,neutral_hadron,0.1450114389792456,460.7254638671875,0.0,0.0,1.0,0.0,0.0,0.0,0.0,0.1875,0.125,0.6875,0.0,0.0,0,78.14193725585938,0,neutral_hadron,0.1450114389792456,460.7254638671875,0.0,0.0,1.0,0.0,0.0,0.0,0.0,0.1875,0.125,0.6875,0.0,0.0,1,51.35206985473633,1,electron,0.1775866094133388,237.81427001953125,1.0,0.0,0.0,0.0,1.0,0.0,1.0,0.0,0.0,0.875,0.125,0.0,1,0.33444058895111084,0.33444058895111084
959,Hqql_correct,label_Hqql,label_Hqql,0.9984604120254517,645.9327912498603,0,0,219.5048828125,0,electron,0.12169666778131573,1584.2000732421875,1.0,0.0,0.0,0.0,1.0,0.0,1.0,0.125,0.0,0.4375,0.4375,0.0,0,219.5048828125,0,electron,0.12169666778131573,1584.2000732421875,1.0,0.0,0.0,0.0,1.0,0.0,1.0,0.125,0.0,0.4375,0.4375,0.0,0,219.5048828125,0,electron,0.12169666778131573,1584.2000732421875,1.0,0.0,0.0,0.0,1.0,0.0,1.0,0.125,0.0,0.4375,0.4375,0.0,1,3.162277789670043e-05,3.162277789670043e-05
960,Hqql_correct,label_Hqql,label_Hqql,0.9733216762542725,612.2037400834204,0,0,214.39425659179688,0,muon,0.15050939734784177,1210.0633544921875,-1.0,0.0,0.0,0.0,0.0,1.0,1.0,0.3125,0.375,0.0,0.0,0.3125,0,214.39425659179688,0,muon,0.15050939734784177,1210.0633544921875,-1.0,0.0,0.0,0.0,0.0,1.0,1.0,0.3125,0.375,0.0,0.0,0.3125,0,214.39425659179688,0,muon,0.15050939734784177,1210.0633544921875,-1.0,0.0,0.0,0.0,0.0,1.0,1.0,0.3125,0.375,0.0,0.0,0.3125,1,3.162277789670043e-05,3.162277789670043e-05
961,Hqql_correct,label_Hqql,label_Hqql,0.9999579191207886,591.6030674334202,0,0,131.1892547607422,0,electron,0.1597391851472762,690.0823364257812,-1.0,0.0,0.0,0.0,1.0,0.0,1.0,0.0,0.0,0.6875,0.3125,0.0,0,131.1892547607422,0,electron,0.1597391851472762,690.0823364257812,-1.0,0.0,0.0,0.0,1.0,0.0,1.0,0.0,0.0,0.6875,0.3125,0.0,0,131.1892547607422,0,electron,0.1597391851472762,690.0823364257812,-1.0,0.0,0.0,0.0,1.0,0.0,1.0,0.0,0.0,0.6875,0.3125,0.0,1,3.162277789670043e-05,3.162277789670043e-05
962,Hqql_correct,label_Hqql,label_Hqql,0.9899100661277771,704.4466003584513,0,0,268.5828552246094,0,electron,0.21508774158510421,980.130126953125,1.0,0.0,0.0,0.0,1.0,0.0,1.0,0.5,0.0,0.3125,0.1875,0.0,0,268.5828552246094,0,electron,0.21508774158510421,980.130126953125,1.0,0.0,0.0,0.0,1.0,0.0,1.0,0.5,0.0,0.3125,0.1875,0.0,0,268.5828552246094,0,electron,0.21508774158510421,980.130126953125,1.0,0.0,0.0,0.0,1.0,0.0,1.0,0.5,0.0,0.3125,0.1875,0.0,1,3.162277789670043e-05,3.162277789670043e-05
963,Hqql_correct,label_Hqql,label_Hqql,0.9086246490478516,513.6380437035558,0,0,77.667236328125,0,charged_hadron,0.12382647050867038,549.5592041015625,1.0,1.0,0.0,0.0,0.0,0.0,0.0,0.9375,0.0625,0.0,0.0,0.0,0,77.667236328125,0,charged_hadron,0.12382647050867038,549.5592041015625,1.0,1.0,0.0,0.0,0.0,0.0,0.0,0.9375,0.0625,0.0,0.0,0.0,1,70.17543029785156,1,muon,0.096908426132273,653.9662475585938,-1.0,0.0,0.0,0.0,0.0,1.0,1.0,0.3125,0.0,0.375,0.0,0.3125,1,0.24730947613716125,0.24730947613716125
964,Hqql_correct,label_Hqql,label_Hqql,0.9625521302223206,510.76524538917977,0,0,64.05730438232422,0,charged_hadron,0.18127584388312054,289.3119201660156,1.0,1.0,0.0,0.0,0.0,0.0,0.0,0.375,0.0,0.625,0.0,0.0,0,64.05730438232422,0,charged_hadron,0.18127584388312054,289.3119201660156,1.0,1.0,0.0,0.0,0.0,0.0,0.0,0.375,0.0,0.625,0.0,0.0,2,49.75447082519531,2,electron,0.14528138873778504,292.7152099609375,-1.0,0.0,0.0,0.0,1.0,0.0,1.0,0.4375,0.0,0.375,0.1875,0.0,1,0.530314028263092,0.530314028263092
965,Hqql_correct,label_Hqql,label_Hqql,0.9985800981521606,538.2474315655993,0,0,142.33705139160156,0,charged_hadron,0.09290395685739976,1389.7510986328125,-1.0,1.0,0.0,0.0,0.0,0.0,0.0,0.6875,0.0,0.3125,0.0,0.0,0,142.33705139160156,0,charged_hadron,0.09290395685739976,1389.7510986328125,-1.0,1.0,0.0,0.0,0.0,0.0,0.0,0.6875,0.0,0.3125,0.0,0.0,3,51.69432830810547,3,muon,0.15352735267173248,285.01654052734375,1.0,0.0,0.0,0.0,0.0,1.0,1.0,0.1875,0.0,0.5625,0.0,0.25,1,0.14189207553863525,0.14189207553863525
966,Hqql_correct,label_Hqql,label_Hqql,0.9995831847190857,711.3761542186446,0,0,526.2283935546875,0,muon,0.15977059756213674,2767.42138671875,-1.0,0.0,0.0,0.0,0.0,1.0,1.0,0.0,0.0,0.6875,0.0,0.3125,0,526.2283935546875,0,muon,0.15977059756213674,2767.42138671875,-1.0,0.0,0.0,0.0,0.0,1.0,1.0,0.0,0.0,0.6875,0.0,0.3125,0,526.2283935546875,0,muon,0.15977059756213674,2767.42138671875,-1.0,0.0,0.0,0.0,0.0,1.0,1.0,0.0,0.0,0.6875,0.0,0.3125,1,3.162277789670043e-05,3.162277789670043e-05
967,Hqql_correct,label_Hqql,label_Hqql,0.9999159574508667,523.159238925484,0,0,353.6036376953125,0,electron,0.16205033274705405,1828.4569091796875,-1.0,0.0,0.0,0.0,1.0,0.0,1.0,0.3125,0.0,0.375,0.3125,0.0,0,353.6036376953125,0,electron,0.16205033274705405,1828.4569091796875,-1.0,0.0,0.0,0.0,1.0,0.0,1.0,0.3125,0.0,0.375,0.3125,0.0,0,353.6036376953125,0,electron,0.16205033274705405,1828.4569091796875,-1.0,0.0,0.0,0.0,1.0,0.0,1.0,0.3125,0.0,0.375,0.3125,0.0,1,3.162277789670043e-05,3.162277789670043e-05
968,Hqql_correct,label_Hqql,label_Hqql,0.8952940702438354,515.0623137099064,0,0,242.22938537597656,0,electron,0.23496851896719295,788.6720581054688,-1.0,0.0,0.0,0.0,1.0,0.0,1.0,0.5625,0.25,0.0,0.1875,0.0,0,242.22938537597656,0,electron,0.23496851896719295,788.6720581054688,-1.0,0.0,0.0,0.0,1.0,0.0,1.0,0.5625,0.25,0.0,0.1875,0.0,0,242.22938537597656,0,electron,0.23496851896719295,788.6720581054688,-1.0,0.0,0.0,0.0,1.0,0.0,1.0,0.5625,0.25,0.0,0.1875,0.0,1,3.162277789670043e-05,3.162277789670043e-05
969,Hqql_correct,label_Hqql,label_Hqql,0.9996751546859741,507.9209367814968,0,0,220.8439483642578,0,muon,0.19143339015048533,932.7894287109375,-1.0,0.0,0.0,0.0,0.0,1.0,1.0,0.5,0.0,0.25,0.0,0.25,0,220.8439483642578,0,muon,0.19143339015048533,932.7894287109375,-1.0,0.0,0.0,0.0,0.0,1.0,1.0,0.5,0.0,0.25,0.0,0.25,0,220.8439483642578,0,muon,0.19143339015048533,932.7894287109375,-1.0,0.0,0.0,0.0,0.0,1.0,1.0,0.5,0.0,0.25,0.0,0.25,1,3.162277789670043e-05,3.162277789670043e-05
970,Hqql_correct,label_Hqql,label_Hqql,0.9997420907020569,663.0090541985332,0,0,222.75091552734375,0,electron,0.23815173345545604,712.5809936523438,-1.0,0.0,0.0,0.0,1.0,0.0,1.0,0.25,0.0,0.5625,0.1875,0.0,0,222.75091552734375,0,electron,0.23815173345545604,712.5809936523438,-1.0,0.0,0.0,0.0,1.0,0.0,1.0,0.25,0.0,0.5625,0.1875,0.0,0,222.75091552734375,0,electron,0.23815173345545604,712.5809936523438,-1.0,0.0,0.0,0.0,1.0,0.0,1.0,0.25,0.0,0.5625,0.1875,0.0,1,3.162277789670043e-05,3.162277789670043e-05
971,Hqql_correct,label_Hqql,label_Hqql,0.993024468421936,684.3743427409029,0,0,364.20361328125,0,muon,0.15859675839307155,1932.2091064453125,-1.0,0.0,0.0,0.0,0.0,1.0,1.0,0.0,0.0,0.6875,0.0,0.3125,0,364.20361328125,0,muon,0.15859675839307155,1932.2091064453125,-1.0,0.0,0.0,0.0,0.0,1.0,1.0,0.0,0.0,0.6875,0.0,0.3125,0,364.20361328125,0,muon,0.15859675839307155,1932.2091064453125,-1.0,0.0,0.0,0.0,0.0,1.0,1.0,0.0,0.0,0.6875,0.0,0.3125,1,3.162277789670043e-05,3.162277789670043e-05
972,Hqql_correct,label_Hqql,label_Hqql,0.9989118576049805,588.871640436248,0,0,173.9120330810547,0,electron,0.22649015581987547,593.9448852539062,1.0,0.0,0.0,0.0,1.0,0.0,1.0,0.8125,0.0,0.0,0.1875,0.0,0,173.9120330810547,0,electron,0.22649015581987547,593.9448852539062,1.0,0.0,0.0,0.0,1.0,0.0,1.0,0.8125,0.0,0.0,0.1875,0.0,0,173.9120330810547,0,electron,0.22649015581987547,593.9448852539062,1.0,0.0,0.0,0.0,1.0,0.0,1.0,0.8125,0.0,0.0,0.1875,0.0,1,3.162277789670043e-05,3.162277789670043e-05
973,Hqql_correct,label_Hqql,label_Hqql,0.9366010427474976,634.4769147832467,0,0,287.0032653808594,0,muon,0.22152539927532433,1008.573974609375,1.0,0.0,0.0,0.0,0.0,1.0,1.0,0.375,0.0,0.4375,0.0,0.1875,0,287.0032653808594,0,muon,0.22152539927532433,1008.573974609375,1.0,0.0,0.0,0.0,0.0,1.0,1.0,0.375,0.0,0.4375,0.0,0.1875,0,287.0032653808594,0,muon,0.22152539927532433,1008.573974609375,1.0,0.0,0.0,0.0,0.0,1.0,1.0,0.375,0.0,0.4375,0.0,0.1875,1,3.162277789670043e-05,3.162277789670043e-05
974,Hqql_correct,label_Hqql,label_Hqql,0.9995922446250916,527.9478168671803,0,0,180.6457061767578,0,muon,0.12318042131256561,1285.867431640625,1.0,0.0,0.0,0.0,0.0,1.0,1.0,0.6875,0.0,0.0,0.0,0.3125,0,180.6457061767578,0,muon,0.12318042131256561,1285.867431640625,1.0,0.0,0.0,0.0,0.0,1.0,1.0,0.6875,0.0,0.0,0.0,0.3125,0,180.6457061767578,0,muon,0.12318042131256561,1285.867431640625,1.0,0.0,0.0,0.0,0.0,1.0,1.0,0.6875,0.0,0.0,0.0,0.3125,1,3.162277789670043e-05,3.162277789670043e-05
975,Hqql_correct,label_Hqql,label_Hqql,0.9999386072158813,590.2746906846331,0,0,99.15121459960938,0,charged_hadron,0.07922578661657255,1152.3505859375,-1.0,1.0,0.0,0.0,0.0,0.0,0.0,1.0,0.0,0.0,0.0,0.0,0,99.15121459960938,0,charged_hadron,0.07922578661657255,1152.3505859375,-1.0,1.0,0.0,0.0,0.0,0.0,0.0,1.0,0.0,0.0,0.0,0.0,8,27.844417572021484,8,electron,0.03973539117406715,672.901611328125,-1.0,0.0,0.0,0.0,1.0,0.0,1.0,0.125,0.3125,0.3125,0.25,0.0,1,0.3212401270866394,0.3212401270866394
976,Hqql_correct,label_Hqql,label_Hqql,0.9998243451118469,513.2404457256238,0,0,165.02267456054688,0,muon,0.08576418505314554,1759.1217041015625,-1.0,0.0,0.0,0.0,0.0,1.0,1.0,0.4375,0.0,0.125,0.0,0.4375,0,165.02267456054688,0,muon,0.08576418505314554,1759.1217041015625,-1.0,0.0,0.0,0.0,0.0,1.0,1.0,0.4375,0.0,0.125,0.0,0.4375,0,165.02267456054688,0,muon,0.08576418505314554,1759.1217041015625,-1.0,0.0,0.0,0.0,0.0,1.0,1.0,0.4375,0.0,0.125,0.0,0.4375,1,3.162277789670043e-05,3.162277789670043e-05
977,Hqql_correct,label_Hqql,label_Hqql,0.9980839490890503,662.7441478369786,0,0,474.9490051269531,0,electron,0.12083136319854389,3455.7275390625,-1.0,0.0,0.0,0.0,1.0,0.0,1.0,0.0,0.125,0.4375,0.4375,0.0,0,474.9490051269531,0,electron,0.12083136319854389,3455.7275390625,-1.0,0.0,0.0,0.0,1.0,0.0,1.0,0.0,0.125,0.4375,0.4375,0.0,0,474.9490051269531,0,electron,0.12083136319854389,3455.7275390625,-1.0,0.0,0.0,0.0,1.0,0.0,1.0,0.0,0.125,0.4375,0.4375,0.0,1,3.162277789670043e-05,3.162277789670043e-05
978,Hqql_correct,label_Hqql,label_Hqql,0.9999245405197144,598.5228486588215,0,0,379.5848693847656,0,muon,0.13844947181998626,2362.100341796875,-1.0,0.0,0.0,0.0,0.0,1.0,1.0,0.25,0.0,0.375,0.0,0.375,0,379.5848693847656,0,muon,0.13844947181998626,2362.100341796875,-1.0,0.0,0.0,0.0,0.0,1.0,1.0,0.25,0.0,0.375,0.0,0.375,0,379.5848693847656,0,muon,0.13844947181998626,2362.100341796875,-1.0,0.0,0.0,0.0,0.0,1.0,1.0,0.25,0.0,0.375,0.0,0.375,1,3.162277789670043e-05,3.162277789670043e-05
979,Hqql_correct,label_Hqql,label_Hqql,0.9995911717414856,778.6195197038495,0,0,98.67412567138672,0,electron,0.1311087980466318,653.9384155273438,1.0,0.0,0.0,0.0,1.0,0.0,1.0,0.6875,0.0,0.1875,0.125,0.0,0,98.67412567138672,0,electron,0.1311087980466318,653.9384155273438,1.0,0.0,0.0,0.0,1.0,0.0,1.0,0.6875,0.0,0.1875,0.125,0.0,0,98.67412567138672,0,electron,0.1311087980466318,653.9384155273438,1.0,0.0,0.0,0.0,1.0,0.0,1.0,0.6875,0.0,0.1875,0.125,0.0,1,3.162277789670043e-05,3.162277789670043e-05
980,Hqql_correct,label_Hqql,label_Hqql,0.9982959628105164,535.6032508982045,0,0,243.9871063232422,0,muon,0.1754083912908162,1146.9788818359375,1.0,0.0,0.0,0.0,0.0,1.0,1.0,0.4375,0.3125,0.0,0.0,0.25,0,243.9871063232422,0,muon,0.1754083912908162,1146.9788818359375,1.0,0.0,0.0,0.0,0.0,1.0,1.0,0.4375,0.3125,0.0,0.0,0.25,0,243.9871063232422,0,muon,0.1754083912908162,1146.9788818359375,1.0,0.0,0.0,0.0,0.0,1.0,1.0,0.4375,0.3125,0.0,0.0,0.25,1,3.162277789670043e-05,3.162277789670043e-05
981,Hqql_correct,label_Hqql,label_Hqql,0.999581515789032,826.642632852041,0,0,153.10992431640625,0,photon,0.184536716329547,676.5890502929688,0.0,0.0,0.0,1.0,0.0,0.0,0.0,0.5625,0.0,0.4375,0.0,0.0,0,153.10992431640625,0,photon,0.184536716329547,676.5890502929688,0.0,0.0,0.0,1.0,0.0,0.0,0.0,0.5625,0.0,0.4375,0.0,0.0,2,86.41673278808594,2,electron,0.20451861572478763,336.1205139160156,-1.0,0.0,0.0,0.0,1.0,0.0,1.0,0.4375,0.1875,0.1875,0.1875,0.0,1,0.36361315846443176,0.36361315846443176
982,Hqql_correct,label_Hqql,label_Hqql,0.9980500936508179,698.988055180926,0,0,140.46868896484375,0,muon,0.12173168345813255,1013.4518432617188,1.0,0.0,0.0,0.0,0.0,1.0,1.0,0.25,0.0,0.5625,0.0,0.1875,0,140.46868896484375,0,muon,0.12173168345813255,1013.4518432617188,1.0,0.0,0.0,0.0,0.0,1.0,1.0,0.25,0.0,0.5625,0.0,0.1875,0,140.46868896484375,0,muon,0.12173168345813255,1013.4518432617188,1.0,0.0,0.0,0.0,0.0,1.0,1.0,0.25,0.0,0.5625,0.0,0.1875,1,3.162277789670043e-05,3.162277789670043e-05
983,Hqql_correct,label_Hqql,label_Hqql,0.9985294342041016,586.9061397119721,0,0,152.78529357910156,0,muon,0.1743185954996411,723.686279296875,-1.0,0.0,0.0,0.0,0.0,1.0,1.0,0.5,0.0,0.25,0.0,0.25,0,152.78529357910156,0,muon,0.1743185954996411,723.686279296875,-1.0,0.0,0.0,0.0,0.0,1.0,1.0,0.5,0.0,0.25,0.0,0.25,0,152.78529357910156,0,muon,0.1743185954996411,723.686279296875,-1.0,0.0,0.0,0.0,0.0,1.0,1.0,0.5,0.0,0.25,0.0,0.25,1,3.162277789670043e-05,3.162277789670043e-05
984,Hqql_correct,label_Hqql,label_Hqql,0.9984586238861084,565.8309111506157,0,0,59.737281799316406,0,photon,0.2294583615898996,200.60311889648438,0.0,0.0,0.0,1.0,0.0,0.0,0.0,0.0,0.0,0.6875,0.3125,0.0,0,59.737281799316406,0,photon,0.2294583615898996,200.60311889648438,0.0,0.0,0.0,1.0,0.0,0.0,0.0,0.0,0.0,0.6875,0.3125,0.0,7,23.708660125732422,7,muon,0.08896575293688633,242.7833251953125,1.0,0.0,0.0,0.0,0.0,1.0,1.0,0.375,0.0,0.5,0.0,0.125,1,0.7780527472496033,0.7780527472496033
985,Hqql_correct,label_Hqql,label_Hqql,0.9194513559341431,510.4196056266905,0,0,170.3624267578125,0,neutral_hadron,0.14477452001477198,1006.3807373046875,0.0,0.0,1.0,0.0,0.0,0.0,0.0,0.0,0.6875,0.3125,0.0,0.0,0,170.3624267578125,0,neutral_hadron,0.14477452001477198,1006.3807373046875,0.0,0.0,1.0,0.0,0.0,0.0,0.0,0.0,0.6875,0.3125,0.0,0.0,1,71.41410827636719,1,electron,0.09703041861884737,664.5830078125,1.0,0.0,0.0,0.0,1.0,0.0,1.0,0.375,0.0,0.3125,0.3125,0.0,1,0.2799767553806305,0.2799767553806305
986,Hqql_correct,label_Hqql,label_Hqql,0.9999178647994995,711.1263030972124,0,0,169.12896728515625,0,photon,0.1081055701496951,1395.3507080078125,0.0,0.0,0.0,1.0,0.0,0.0,0.0,0.3125,0.0,0.6875,0.0,0.0,0,169.12896728515625,0,photon,0.1081055701496951,1395.3507080078125,0.0,0.0,0.0,1.0,0.0,0.0,0.0,0.3125,0.0,0.6875,0.0,0.0,4,35.65278625488281,4,muon,0.1143598114028607,276.1069641113281,-1.0,0.0,0.0,0.0,0.0,1.0,1.0,0.125,0.3125,0.3125,0.0,0.25,1,0.2428063452243805,0.2428063452243805
987,Hqql_correct,label_Hqql,label_Hqql,0.8510456681251526,619.7790656752404,0,0,310.9301452636719,0,muon,0.2346525381100024,1014.1360473632812,-1.0,0.0,0.0,0.0,0.0,1.0,1.0,0.625,0.0,0.1875,0.0,0.1875,0,310.9301452636719,0,muon,0.2346525381100024,1014.1360473632812,-1.0,0.0,0.0,0.0,0.0,1.0,1.0,0.625,0.0,0.1875,0.0,0.1875,0,310.9301452636719,0,muon,0.2346525381100024,1014.1360473632812,-1.0,0.0,0.0,0.0,0.0,1.0,1.0,0.625,0.0,0.1875,0.0,0.1875,1,3.162277789670043e-05,3.162277789670043e-05
989,Hqql_correct,label_Hqql,label_Hqql,0.9971302151679993,567.7664258732251,0,0,191.98472595214844,0,electron,0.3052844451282511,436.88690185546875,-1.0,0.0,0.0,0.0,1.0,0.0,1.0,0.1875,0.0,0.5,0.3125,0.0,0,191.98472595214844,0,electron,0.3052844451282511,436.88690185546875,-1.0,0.0,0.0,0.0,1.0,0.0,1.0,0.1875,0.0,0.5,0.3125,0.0,0,191.98472595214844,0,electron,0.3052844451282511,436.88690185546875,-1.0,0.0,0.0,0.0,1.0,0.0,1.0,0.1875,0.0,0.5,0.3125,0.0,1,3.162277789670043e-05,3.162277789670043e-05
990,Hqql_correct,label_Hqql,label_Hqql,0.9906648397445679,715.0484488359361,0,0,173.396240234375,0,electron,0.1959962706589804,711.2952880859375,-1.0,0.0,0.0,0.0,1.0,0.0,1.0,0.25,0.0,0.5625,0.1875,0.0,0,173.396240234375,0,electron,0.1959962706589804,711.2952880859375,-1.0,0.0,0.0,0.0,1.0,0.0,1.0,0.25,0.0,0.5625,0.1875,0.0,0,173.396240234375,0,electron,0.1959962706589804,711.2952880859375,-1.0,0.0,0.0,0.0,1.0,0.0,1.0,0.25,0.0,0.5625,0.1875,0.0,1,3.162277789670043e-05,3.162277789670043e-05
991,Hqql_correct,label_Hqql,label_Hqql,0.9968026876449585,570.5263438967363,0,0,148.686279296875,0,electron,0.17621528148247115,695.0900268554688,-1.0,0.0,0.0,0.0,1.0,0.0,1.0,0.0625,0.0,0.75,0.1875,0.0,0,148.686279296875,0,electron,0.17621528148247115,695.0900268554688,-1.0,0.0,0.0,0.0,1.0,0.0,1.0,0.0625,0.0,0.75,0.1875,0.0,0,148.686279296875,0,electron,0.17621528148247115,695.0900268554688,-1.0,0.0,0.0,0.0,1.0,0.0,1.0,0.0625,0.0,0.75,0.1875,0.0,1,3.162277789670043e-05,3.162277789670043e-05
992,Hqql_correct,label_Hqql,label_Hqql,0.9995306730270386,748.1580555759615,0,0,209.47222900390625,0,electron,0.12448106036027112,1473.2916259765625,-1.0,0.0,0.0,0.0,1.0,0.0,1.0,0.3125,0.375,0.0,0.3125,0.0,0,209.47222900390625,0,electron,0.12448106036027112,1473.2916259765625,-1.0,0.0,0.0,0.0,1.0,0.0,1.0,0.3125,0.375,0.0,0.3125,0.0,0,209.47222900390625,0,electron,0.12448106036027112,1473.2916259765625,-1.0,0.0,0.0,0.0,1.0,0.0,1.0,0.3125,0.375,0.0,0.3125,0.0,1,3.162277789670043e-05,3.162277789670043e-05
993,Hqql_correct,label_Hqql,label_Hqql,0.9982727766036987,627.7385634238583,0,0,208.20191955566406,0,electron,0.185409283293608,914.7295532226562,-1.0,0.0,0.0,0.0,1.0,0.0,1.0,0.75,0.0,0.0,0.25,0.0,0,208.20191955566406,0,electron,0.185409283293608,914.7295532226562,-1.0,0.0,0.0,0.0,1.0,0.0,1.0,0.75,0.0,0.0,0.25,0.0,0,208.20191955566406,0,electron,0.185409283293608,914.7295532226562,-1.0,0.0,0.0,0.0,1.0,0.0,1.0,0.75,0.0,0.0,0.25,0.0,1,3.162277789670043e-05,3.162277789670043e-05
994,Hqql_correct,label_Hqql,label_Hqql,0.9805094003677368,576.0794322928896,0,0,116.73210144042969,0,charged_hadron,0.13202034825502923,767.4656982421875,-1.0,1.0,0.0,0.0,0.0,0.0,0.0,0.6875,0.0,0.3125,0.0,0.0,0,116.73210144042969,0,charged_hadron,0.13202034825502923,767.4656982421875,-1.0,1.0,0.0,0.0,0.0,0.0,0.0,0.6875,0.0,0.3125,0.0,0.0,2,89.76668548583984,2,muon,0.16085758582573018,468.28399658203125,1.0,0.0,0.0,0.0,0.0,1.0,1.0,0.4375,0.0,0.3125,0.0,0.25,1,0.3391563296318054,0.3391563296318054
995,Hqql_correct,label_Hqql,label_Hqql,0.9874297976493835,604.7023556781529,0,0,169.33180236816406,0,muon,0.2138904022760795,622.34375,-1.0,0.0,0.0,0.0,0.0,1.0,1.0,0.8125,0.0,0.0,0.0,0.1875,0,169.33180236816406,0,muon,0.2138904022760795,622.34375,-1.0,0.0,0.0,0.0,0.0,1.0,1.0,0.8125,0.0,0.0,0.0,0.1875,0,169.33180236816406,0,muon,0.2138904022760795,622.34375,-1.0,0.0,0.0,0.0,0.0,1.0,1.0,0.8125,0.0,0.0,0.0,0.1875,1,3.162277789670043e-05,3.162277789670043e-05
996,Hqql_correct,label_Hqql,label_Hqql,0.9545260667800903,634.5696915669836,0,0,245.47848510742188,0,photon,0.05882352597041546,3927.656005859375,0.0,0.0,0.0,1.0,0.0,0.0,0.0,0.0,0.0,1.0,0.0,0.0,0,245.47848510742188,0,photon,0.05882352597041546,3927.656005859375,0.0,0.0,0.0,1.0,0.0,0.0,0.0,0.0,0.0,1.0,0.0,0.0,1,228.16639709472656,1,electron,0.058823529411764705,3650.662353515625,1.0,0.0,0.0,0.0,1.0,0.0,1.0,0.0,0.0,0.0,1.0,0.0,1,0.12465823441743851,0.12465823441743851
997,Hqql_correct,label_Hqql,label_Hqql,0.9995920062065125,624.8219058647925,0,0,203.12730407714844,0,charged_hadron,0.09683510995835898,1894.534423828125,1.0,1.0,0.0,0.0,0.0,0.0,0.0,0.625,0.0,0.375,0.0,0.0,0,203.12730407714844,0,charged_hadron,0.09683510995835898,1894.534423828125,1.0,1.0,0.0,0.0,0.0,0.0,0.0,0.625,0.0,0.375,0.0,0.0,1,135.2117919921875,1,muon,0.1250314792546209,946.210205078125,-1.0,0.0,0.0,0.0,0.0,1.0,1.0,0.25,0.0,0.375,0.0,0.375,1,0.18695862591266632,0.18695862591266632
998,Hqql_correct,label_Hqql,label_Hqql,0.982280969619751,502.7987671402109,0,0,142.22952270507812,0,muon,0.23570725041325846,461.18646240234375,1.0,0.0,0.0,0.0,0.0,1.0,1.0,0.375,0.0,0.4375,0.0,0.1875,0,142.22952270507812,0,muon,0.23570725041325846,461.18646240234375,1.0,0.0,0.0,0.0,0.0,1.0,1.0,0.375,0.0,0.4375,0.0,0.1875,0,142.22952270507812,0,muon,0.23570725041325846,461.18646240234375,1.0,0.0,0.0,0.0,0.0,1.0,1.0,0.375,0.0,0.4375,0.0,0.1875,1,3.162277789670043e-05,3.162277789670043e-05
999,Hqql_correct,label_Hqql,label_Hqql,0.9841806888580322,528.8951639293008,0,0,247.97230529785156,0,electron,0.12416910104847244,1749.0809326171875,-1.0,0.0,0.0,0.0,1.0,0.0,1.0,0.1875,0.4375,0.0,0.375,0.0,0,247.97230529785156,0,electron,0.12416910104847244,1749.0809326171875,-1.0,0.0,0.0,0.0,1.0,0.0,1.0,0.1875,0.4375,0.0,0.375,0.0,0,247.97230529785156,0,electron,0.12416910104847244,1749.0809326171875,-1.0,0.0,0.0,0.0,1.0,0.0,1.0,0.1875,0.4375,0.0,0.375,0.0,1,3.162277789670043e-05,3.162277789670043e-05
1000,Hqql_correct,label_Hqql,label_Hqql,0.9938759207725525,601.1040904718295,0,0,372.3740234375,0,electron,0.13975090202793305,2292.181396484375,1.0,0.0,0.0,0.0,1.0,0.0,1.0,0.625,0.0,0.0,0.375,0.0,0,372.3740234375,0,electron,0.13975090202793305,2292.181396484375,1.0,0.0,0.0,0.0,1.0,0.0,1.0,0.625,0.0,0.0,0.375,0.0,0,372.3740234375,0,electron,0.13975090202793305,2292.181396484375,1.0,0.0,0.0,0.0,1.0,0.0,1.0,0.625,0.0,0.0,0.375,0.0,1,3.162277789670043e-05,3.162277789670043e-05
1001,Hqql_correct,label_Hqql,label_Hqql,0.9996116757392883,859.1229162336243,0,0,229.05247497558594,0,electron,0.22921766236840815,770.2268676757812,-1.0,0.0,0.0,0.0,1.0,0.0,1.0,0.3125,0.0,0.5,0.1875,0.0,0,229.05247497558594,0,electron,0.22921766236840815,770.2268676757812,-1.0,0.0,0.0,0.0,1.0,0.0,1.0,0.3125,0.0,0.5,0.1875,0.0,0,229.05247497558594,0,electron,0.22921766236840815,770.2268676757812,-1.0,0.0,0.0,0.0,1.0,0.0,1.0,0.3125,0.0,0.5,0.1875,0.0,1,3.162277789670043e-05,3.162277789670043e-05
1002,Hqql_correct,label_Hqql,label_Hqql,0.9882768988609314,598.5826242109613,0,0,188.14808654785156,0,photon,0.17059247898648988,914.7615356445312,0.0,0.0,0.0,1.0,0.0,0.0,0.0,0.5,0.0,0.5,0.0,0.0,0,188.14808654785156,0,photon,0.17059247898648988,914.7615356445312,0.0,0.0,0.0,1.0,0.0,0.0,0.0,0.5,0.0,0.5,0.0,0.0,3,52.27089309692383,3,electron,0.1919249688490496,220.07977294921875,-1.0,0.0,0.0,0.0,1.0,0.0,1.0,0.625,0.0,0.1875,0.1875,0.0,1,0.4747092127799988,0.4747092127799988
1004,Hqql_correct,label_Hqql,label_Hqql,0.9557651281356812,718.3864395464129,0,0,109.77656555175781,0,neutral_hadron,0.13684844090480264,692.399658203125,0.0,0.0,1.0,0.0,0.0,0.0,0.0,0.375,0.3125,0.3125,0.0,0.0,0,109.77656555175781,0,neutral_hadron,0.13684844090480264,692.399658203125,0.0,0.0,1.0,0.0,0.0,0.0,0.0,0.375,0.3125,0.3125,0.0,0.0,9,18.71650505065918,9,electron,0.023057766880554286,793.005859375,1.0,0.0,0.0,0.0,1.0,0.0,1.0,0.375,0.1875,0.3125,0.125,0.0,1,0.23381152749061584,0.23381152749061584
1005,Hqql_correct,label_Hqql,label_Hqql,0.9998525381088257,544.130807126855,0,0,202.61061096191406,0,muon,0.19018791512017022,862.7073974609375,1.0,0.0,0.0,0.0,0.0,1.0,1.0,0.1875,0.0,0.5625,0.0,0.25,0,202.61061096191406,0,muon,0.19018791512017022,862.7073974609375,1.0,0.0,0.0,0.0,0.0,1.0,1.0,0.1875,0.0,0.5625,0.0,0.25,0,202.61061096191406,0,muon,0.19018791512017022,862.7073974609375,1.0,0.0,0.0,0.0,0.0,1.0,1.0,0.1875,0.0,0.5625,0.0,0.25,1,3.162277789670043e-05,3.162277789670043e-05
1006,Hqql_correct,label_Hqql,label_Hqql,0.9882979989051819,531.9927201419523,0,0,94.6897201538086,0,electron,0.19679324193633319,386.4737548828125,-1.0,0.0,0.0,0.0,1.0,0.0,1.0,0.0,0.25,0.5625,0.1875,0.0,0,94.6897201538086,0,electron,0.19679324193633319,386.4737548828125,-1.0,0.0,0.0,0.0,1.0,0.0,1.0,0.0,0.25,0.5625,0.1875,0.0,0,94.6897201538086,0,electron,0.19679324193633319,386.4737548828125,-1.0,0.0,0.0,0.0,1.0,0.0,1.0,0.0,0.25,0.5625,0.1875,0.0,1,3.162277789670043e-05,3.162277789670043e-05
1007,Hqql_correct,label_Hqql,label_Hqql,0.9994789958000183,527.7224399815094,0,0,211.77430725097656,0,muon,0.1523900761575907,1177.911376953125,1.0,0.0,0.0,0.0,0.0,1.0,1.0,0.375,0.3125,0.0,0.0,0.3125,0,211.77430725097656,0,muon,0.1523900761575907,1177.911376953125,1.0,0.0,0.0,0.0,0.0,1.0,1.0,0.375,0.3125,0.0,0.0,0.3125,0,211.77430725097656,0,muon,0.1523900761575907,1177.911376953125,1.0,0.0,0.0,0.0,0.0,1.0,1.0,0.375,0.3125,0.0,0.0,0.3125,1,3.162277789670043e-05,3.162277789670043e-05
1008,Hqql_correct,label_Hqql,label_Hqql,0.9635093212127686,775.235830492188,0,0,157.2990264892578,0,electron,0.22468330793406394,542.7931518554688,1.0,0.0,0.0,0.0,1.0,0.0,1.0,0.5,0.0,0.3125,0.1875,0.0,0,157.2990264892578,0,electron,0.22468330793406394,542.7931518554688,1.0,0.0,0.0,0.0,1.0,0.0,1.0,0.5,0.0,0.3125,0.1875,0.0,0,157.2990264892578,0,electron,0.22468330793406394,542.7931518554688,1.0,0.0,0.0,0.0,1.0,0.0,1.0,0.5,0.0,0.3125,0.1875,0.0,1,3.162277789670043e-05,3.162277789670043e-05
1009,Hqql_correct,label_Hqql,label_Hqql,0.970779299736023,546.9272706495696,0,0,291.6981506347656,0,electron,0.21452066774290973,1068.0689697265625,1.0,0.0,0.0,0.0,1.0,0.0,1.0,0.5,0.0,0.3125,0.1875,0.0,0,291.6981506347656,0,electron,0.21452066774290973,1068.0689697265625,1.0,0.0,0.0,0.0,1.0,0.0,1.0,0.5,0.0,0.3125,0.1875,0.0,0,291.6981506347656,0,electron,0.21452066774290973,1068.0689697265625,1.0,0.0,0.0,0.0,1.0,0.0,1.0,0.5,0.0,0.3125,0.1875,0.0,1,3.162277789670043e-05,3.162277789670043e-05
1010,Hqql_correct,label_Hqql,label_Hqql,0.9729770421981812,517.7830321101856,0,0,193.51939392089844,0,photon,0.13494913303618922,1240.4979248046875,0.0,0.0,0.0,1.0,0.0,0.0,0.0,0.0,0.4375,0.5625,0.0,0.0,0,193.51939392089844,0,photon,0.13494913303618922,1240.4979248046875,0.0,0.0,0.0,1.0,0.0,0.0,0.0,0.0,0.4375,0.5625,0.0,0.0,,,,,,,,,,,,,,,,,,,0,,
1011,Hqql_correct,label_Hqql,label_Hqql,0.9997463822364807,581.9596173824048,0,0,313.69818115234375,0,muon,0.14060433400479003,1917.372314453125,-1.0,0.0,0.0,0.0,0.0,1.0,1.0,0.25,0.0,0.375,0.0,0.375,0,313.69818115234375,0,muon,0.14060433400479003,1917.372314453125,-1.0,0.0,0.0,0.0,0.0,1.0,1.0,0.25,0.0,0.375,0.0,0.375,0,313.69818115234375,0,muon,0.14060433400479003,1917.372314453125,-1.0,0.0,0.0,0.0,0.0,1.0,1.0,0.25,0.0,0.375,0.0,0.375,1,3.162277789670043e-05,3.162277789670043e-05
1012,Hqql_correct,label_Hqql,label_Hqql,0.7935881614685059,569.3006891244736,0,0,317.964111328125,0,muon,0.17046921931380032,1547.2647705078125,-1.0,0.0,0.0,0.0,0.0,1.0,1.0,0.75,0.0,0.0,0.0,0.25,0,317.964111328125,0,muon,0.17046921931380032,1547.2647705078125,-1.0,0.0,0.0,0.0,0.0,1.0,1.0,0.75,0.0,0.0,0.0,0.25,0,317.964111328125,0,muon,0.17046921931380032,1547.2647705078125,-1.0,0.0,0.0,0.0,0.0,1.0,1.0,0.75,0.0,0.0,0.0,0.25,1,3.162277789670043e-05,3.162277789670043e-05
1013,Hqql_correct,label_Hqql,label_Hqql,0.994380533695221,521.334441540758,0,0,45.07292175292969,0,charged_hadron,0.13150668135994667,297.6695251464844,1.0,1.0,0.0,0.0,0.0,0.0,0.0,0.6875,0.0,0.3125,0.0,0.0,0,45.07292175292969,0,charged_hadron,0.13150668135994667,297.6695251464844,1.0,1.0,0.0,0.0,0.0,0.0,0.0,0.6875,0.0,0.3125,0.0,0.0,14,12.976314544677734,14,muon,0.04014950598409065,310.2235412597656,-1.0,0.0,0.0,0.0,0.0,1.0,1.0,0.625,0.0,0.1875,0.0,0.1875,1,0.8725937008857727,0.8725937008857727
1014,Hqql_correct,label_Hqql,label_Hqql,0.9990106821060181,523.5234865673597,0,0,183.69691467285156,0,electron,0.22755463692652433,623.5681762695312,1.0,0.0,0.0,0.0,1.0,0.0,1.0,0.0625,0.0,0.75,0.1875,0.0,0,183.69691467285156,0,electron,0.22755463692652433,623.5681762695312,1.0,0.0,0.0,0.0,1.0,0.0,1.0,0.0625,0.0,0.75,0.1875,0.0,0,183.69691467285156,0,electron,0.22755463692652433,623.5681762695312,1.0,0.0,0.0,0.0,1.0,0.0,1.0,0.0625,0.0,0.75,0.1875,0.0,1,3.162277789670043e-05,3.162277789670043e-05
1015,Hqql_correct,label_Hqql,label_Hqql,0.999371349811554,627.4874101124668,0,0,344.255126953125,0,muon,0.1924983119679764,1444.098876953125,-1.0,0.0,0.0,0.0,0.0,1.0,1.0,0.0,0.0,0.75,0.0,0.25,0,344.255126953125,0,muon,0.1924983119679764,1444.098876953125,-1.0,0.0,0.0,0.0,0.0,1.0,1.0,0.0,0.0,0.75,0.0,0.25,0,344.255126953125,0,muon,0.1924983119679764,1444.098876953125,-1.0,0.0,0.0,0.0,0.0,1.0,1.0,0.0,0.0,0.75,0.0,0.25,1,3.162277789670043e-05,3.162277789670043e-05
1016,Hqql_correct,label_Hqql,label_Hqql,0.9711717963218689,591.0422727110896,0,0,109.86168670654297,0,electron,0.1380953620814649,685.687744140625,1.0,0.0,0.0,0.0,1.0,0.0,1.0,0.25,0.0,0.5,0.25,0.0,0,109.86168670654297,0,electron,0.1380953620814649,685.687744140625,1.0,0.0,0.0,0.0,1.0,0.0,1.0,0.25,0.0,0.5,0.25,0.0,0,109.86168670654297,0,electron,0.1380953620814649,685.687744140625,1.0,0.0,0.0,0.0,1.0,0.0,1.0,0.25,0.0,0.5,0.25,0.0,1,3.162277789670043e-05,3.162277789670043e-05
1017,Hqql_correct,label_Hqql,label_Hqql,0.9899494647979736,637.2631903245658,0,0,102.0093002319336,0,photon,0.17752204084977935,472.61962890625,0.0,0.0,0.0,1.0,0.0,0.0,0.0,0.5625,0.1875,0.25,0.0,0.0,0,102.0093002319336,0,photon,0.17752204084977935,472.61962890625,0.0,0.0,0.0,1.0,0.0,0.0,0.0,0.5625,0.1875,0.25,0.0,0.0,20,9.687882423400879,20,muon,0.04316836403552365,214.73300170898438,1.0,0.0,0.0,0.0,0.0,1.0,1.0,0.75,0.0,0.125,0.0,0.125,1,0.6078405976295471,0.6078405976295471
1018,Hqql_correct,label_Hqql,label_Hqql,0.9992672801017761,745.9085412164288,0,0,347.19903564453125,0,electron,0.14901921879892613,1982.6953125,1.0,0.0,0.0,0.0,1.0,0.0,1.0,0.6875,0.0,0.0,0.3125,0.0,0,347.19903564453125,0,electron,0.14901921879892613,1982.6953125,1.0,0.0,0.0,0.0,1.0,0.0,1.0,0.6875,0.0,0.0,0.3125,0.0,0,347.19903564453125,0,electron,0.14901921879892613,1982.6953125,1.0,0.0,0.0,0.0,1.0,0.0,1.0,0.6875,0.0,0.0,0.3125,0.0,1,3.162277789670043e-05,3.162277789670043e-05
1019,Hqql_correct,label_Hqql,label_Hqql,0.9996482133865356,531.5047613701544,0,0,301.4278869628906,0,electron,0.12859428101126108,2042.5946044921875,1.0,0.0,0.0,0.0,1.0,0.0,1.0,0.0,0.0,0.6875,0.3125,0.0,0,301.4278869628906,0,electron,0.12859428101126108,2042.5946044921875,1.0,0.0,0.0,0.0,1.0,0.0,1.0,0.0,0.0,0.6875,0.3125,0.0,0,301.4278869628906,0,electron,0.12859428101126108,2042.5946044921875,1.0,0.0,0.0,0.0,1.0,0.0,1.0,0.0,0.0,0.6875,0.3125,0.0,1,3.162277789670043e-05,3.162277789670043e-05
1020,Hqql_correct,label_Hqql,label_Hqql,0.9994792342185974,601.3335887077022,0,0,131.14060974121094,0,charged_hadron,0.08294378938854316,1449.9375,1.0,1.0,0.0,0.0,0.0,0.0,0.0,0.625,0.0,0.375,0.0,0.0,0,131.14060974121094,0,charged_hadron,0.08294378938854316,1449.9375,1.0,1.0,0.0,0.0,0.0,0.0,0.0,0.625,0.0,0.375,0.0,0.0,2,96.08293151855469,2,muon,0.09488142968613623,916.5802612304688,-1.0,0.0,0.0,0.0,0.0,1.0,1.0,0.3125,0.0,0.375,0.0,0.3125,1,0.061882421374320984,0.061882421374320984
1021,Hqql_correct,label_Hqql,label_Hqql,0.9914051294326782,698.5831708975735,0,0,199.37928771972656,0,muon,0.1534260631226675,1100.134521484375,1.0,0.0,0.0,0.0,0.0,1.0,1.0,0.1875,0.25,0.375,0.0,0.1875,0,199.37928771972656,0,muon,0.1534260631226675,1100.134521484375,1.0,0.0,0.0,0.0,0.0,1.0,1.0,0.1875,0.25,0.375,0.0,0.1875,0,199.37928771972656,0,muon,0.1534260631226675,1100.134521484375,1.0,0.0,0.0,0.0,0.0,1.0,1.0,0.1875,0.25,0.375,0.0,0.1875,1,3.162277789670043e-05,3.162277789670043e-05
1022,Hqql_correct,label_Hqql,label_Hqql,0.9896954298019409,501.47549449543783,0,0,153.3546600341797,0,muon,0.19201267106779285,645.3148193359375,-1.0,0.0,0.0,0.0,0.0,1.0,1.0,0.75,0.0,0.0625,0.0,0.1875,0,153.3546600341797,0,muon,0.19201267106779285,645.3148193359375,-1.0,0.0,0.0,0.0,0.0,1.0,1.0,0.75,0.0,0.0625,0.0,0.1875,0,153.3546600341797,0,muon,0.19201267106779285,645.3148193359375,-1.0,0.0,0.0,0.0,0.0,1.0,1.0,0.75,0.0,0.0625,0.0,0.1875,1,3.162277789670043e-05,3.162277789670043e-05
1023,Hqql_correct,label_Hqql,label_Hqql,0.998271107673645,512.120563094625,0,0,142.44273376464844,0,muon,0.13906337865426885,881.8580932617188,-1.0,0.0,0.0,0.0,0.0,1.0,1.0,0.0,0.375,0.3125,0.0,0.3125,0,142.44273376464844,0,muon,0.13906337865426885,881.8580932617188,-1.0,0.0,0.0,0.0,0.0,1.0,1.0,0.0,0.375,0.3125,0.0,0.3125,0,142.44273376464844,0,muon,0.13906337865426885,881.8580932617188,-1.0,0.0,0.0,0.0,0.0,1.0,1.0,0.0,0.375,0.3125,0.0,0.3125,1,3.162277789670043e-05,3.162277789670043e-05
1280,Tbl_correct,label_Tbl,label_Tbl,0.9998742341995239,513.2649493280861,0,0,186.00991821289062,0,muon,0.1223035368837835,1334.8775634765625,-1.0,0.0,0.0,0.0,0.0,1.0,1.0,0.125,0.0,0.4375,0.0,0.4375,0,186.00991821289062,0,muon,0.1223035368837835,1334.8775634765625,-1.0,0.0,0.0,0.0,0.0,1.0,1.0,0.125,0.0,0.4375,0.0,0.4375,0,186.00991821289062,0,muon,0.1223035368837835,1334.8775634765625,-1.0,0.0,0.0,0.0,0.0,1.0,1.0,0.125,0.0,0.4375,0.0,0.4375,1,3.162277789670043e-05,3.162277789670043e-05
1281,Tbl_correct,label_Tbl,label_Tbl,0.9999911785125732,781.4238321806378,0,0,498.7115783691406,0,muon,0.19672592250760704,2036.34619140625,1.0,0.0,0.0,0.0,0.0,1.0,1.0,0.5,0.0,0.25,0.0,0.25,0,498.7115783691406,0,muon,0.19672592250760704,2036.34619140625,1.0,0.0,0.0,0.0,0.0,1.0,1.0,0.5,0.0,0.25,0.0,0.25,0,498.7115783691406,0,muon,0.19672592250760704,2036.34619140625,1.0,0.0,0.0,0.0,0.0,1.0,1.0,0.5,0.0,0.25,0.0,0.25,1,3.162277789670043e-05,3.162277789670043e-05
1282,Tbl_correct,label_Tbl,label_Tbl,0.9943572878837585,503.1720018460217,0,0,123.67266082763672,0,muon,0.13190462464525457,813.9188842773438,-1.0,0.0,0.0,0.0,0.0,1.0,1.0,0.0,0.0,0.625,0.0,0.375,0,123.67266082763672,0,muon,0.13190462464525457,813.9188842773438,-1.0,0.0,0.0,0.0,0.0,1.0,1.0,0.0,0.0,0.625,0.0,0.375,0,123.67266082763672,0,muon,0.13190462464525457,813.9188842773438,-1.0,0.0,0.0,0.0,0.0,1.0,1.0,0.0,0.0,0.625,0.0,0.375,1,3.162277789670043e-05,3.162277789670043e-05
1283,Tbl_correct,label_Tbl,label_Tbl,0.9998979568481445,521.9236291462673,0,0,391.753173828125,0,muon,0.19737308788098237,1593.0826416015625,1.0,0.0,0.0,0.0,0.0,1.0,1.0,0.25,0.0,0.5,0.0,0.25,0,391.753173828125,0,muon,0.19737308788098237,1593.0826416015625,1.0,0.0,0.0,0.0,0.0,1.0,1.0,0.25,0.0,0.5,0.0,0.25,0,391.753173828125,0,muon,0.19737308788098237,1593.0826416015625,1.0,0.0,0.0,0.0,0.0,1.0,1.0,0.25,0.0,0.5,0.0,0.25,1,3.162277789670043e-05,3.162277789670043e-05
1284,Tbl_correct,label_Tbl,label_Tbl,0.9987912774085999,573.0817214133085,0,0,107.00715637207031,0,electron,0.1805533631966727,485.6550598144531,1.0,0.0,0.0,0.0,1.0,0.0,1.0,0.375,0.0,0.4375,0.1875,0.0,0,107.00715637207031,0,electron,0.1805533631966727,485.6550598144531,1.0,0.0,0.0,0.0,1.0,0.0,1.0,0.375,0.0,0.4375,0.1875,0.0,0,107.00715637207031,0,electron,0.1805533631966727,485.6550598144531,1.0,0.0,0.0,0.0,1.0,0.0,1.0,0.375,0.0,0.4375,0.1875,0.0,1,3.162277789670043e-05,3.162277789670043e-05
1285,Tbl_correct,label_Tbl,label_Tbl,0.9999741315841675,555.2904005470508,0,0,118.92376708984375,0,electron,0.13414529532044972,767.6057739257812,1.0,0.0,0.0,0.0,1.0,0.0,1.0,0.375,0.0,0.25,0.375,0.0,0,118.92376708984375,0,electron,0.13414529532044972,767.6057739257812,1.0,0.0,0.0,0.0,1.0,0.0,1.0,0.375,0.0,0.25,0.375,0.0,0,118.92376708984375,0,electron,0.13414529532044972,767.6057739257812,1.0,0.0,0.0,0.0,1.0,0.0,1.0,0.375,0.0,0.25,0.375,0.0,1,3.162277789670043e-05,3.162277789670043e-05
1286,Tbl_correct,label_Tbl,label_Tbl,0.9681468605995178,510.65306007829173,0,0,149.88633728027344,0,neutral_hadron,0.14706471483084307,869.2999267578125,0.0,0.0,1.0,0.0,0.0,0.0,0.0,0.25,0.4375,0.3125,0.0,0.0,0,149.88633728027344,0,neutral_hadron,0.14706471483084307,869.2999267578125,0.0,0.0,1.0,0.0,0.0,0.0,0.0,0.25,0.4375,0.3125,0.0,0.0,1,79.0703353881836,1,muon,0.171752430934362,381.3035583496094,1.0,0.0,0.0,0.0,0.0,1.0,1.0,0.5,0.25,0.0,0.0,0.25,1,0.38199904561042786,0.38199904561042786
1287,Tbl_correct,label_Tbl,label_Tbl,1.0,583.9777316857978,0,0,330.2943420410156,0,muon,0.19539089796802825,1360.1341552734375,-1.0,0.0,0.0,0.0,0.0,1.0,1.0,0.5,0.0,0.25,0.0,0.25,0,330.2943420410156,0,muon,0.19539089796802825,1360.1341552734375,-1.0,0.0,0.0,0.0,0.0,1.0,1.0,0.5,0.0,0.25,0.0,0.25,0,330.2943420410156,0,muon,0.19539089796802825,1360.1341552734375,-1.0,0.0,0.0,0.0,0.0,1.0,1.0,0.5,0.0,0.25,0.0,0.25,1,3.162277789670043e-05,3.162277789670043e-05
1288,Tbl_correct,label_Tbl,label_Tbl,0.737923800945282,524.7387386305774,0,0,114.84968566894531,0,muon,0.1829385380494511,512.955078125,1.0,0.0,0.0,0.0,0.0,1.0,1.0,0.5,0.25,0.0625,0.0,0.1875,0,114.84968566894531,0,muon,0.1829385380494511,512.955078125,1.0,0.0,0.0,0.0,0.0,1.0,1.0,0.5,0.25,0.0625,0.0,0.1875,0,114.84968566894531,0,muon,0.1829385380494511,512.955078125,1.0,0.0,0.0,0.0,0.0,1.0,1.0,0.5,0.25,0.0625,0.0,0.1875,1,3.162277789670043e-05,3.162277789670043e-05
1289,Tbl_correct,label_Tbl,label_Tbl,0.999985933303833,523.4105767378429,0,0,267.3357238769531,0,electron,0.13878979979559058,1658.855712890625,1.0,0.0,0.0,0.0,1.0,0.0,1.0,0.375,0.0,0.25,0.375,0.0,0,267.3357238769531,0,electron,0.13878979979559058,1658.855712890625,1.0,0.0,0.0,0.0,1.0,0.0,1.0,0.375,0.0,0.25,0.375,0.0,0,267.3357238769531,0,electron,0.13878979979559058,1658.855712890625,1.0,0.0,0.0,0.0,1.0,0.0,1.0,0.375,0.0,0.25,0.375,0.0,1,3.162277789670043e-05,3.162277789670043e-05
1290,Tbl_correct,label_Tbl,label_Tbl,0.9461072683334351,554.1782406176247,0,0,222.58627319335938,0,muon,0.23010870280898169,744.7229614257812,1.0,0.0,0.0,0.0,0.0,1.0,1.0,0.25,0.25,0.3125,0.0,0.1875,0,222.58627319335938,0,muon,0.23010870280898169,744.7229614257812,1.0,0.0,0.0,0.0,0.0,1.0,1.0,0.25,0.25,0.3125,0.0,0.1875,0,222.58627319335938,0,muon,0.23010870280898169,744.7229614257812,1.0,0.0,0.0,0.0,0.0,1.0,1.0,0.25,0.25,0.3125,0.0,0.1875,1,3.162277789670043e-05,3.162277789670043e-05
1291,Tbl_correct,label_Tbl,label_Tbl,0.9998583793640137,869.3423850110435,0,0,564.8671875,0,muon,0.19868031117390408,2278.228759765625,-1.0,0.0,0.0,0.0,0.0,1.0,1.0,0.0,0.0,0.75,0.0,0.25,0,564.8671875,0,muon,0.19868031117390408,2278.228759765625,-1.0,0.0,0.0,0.0,0.0,1.0,1.0,0.0,0.0,0.75,0.0,0.25,0,564.8671875,0,muon,0.19868031117390408,2278.228759765625,-1.0,0.0,0.0,0.0,0.0,1.0,1.0,0.0,0.0,0.75,0.0,0.25,1,3.162277789670043e-05,3.162277789670043e-05
1292,Tbl_correct,label_Tbl,label_Tbl,0.9242042303085327,805.386605562081,0,0,252.05963134765625,0,muon,0.36076683147798483,446.6177673339844,-1.0,0.0,0.0,0.0,0.0,1.0,1.0,0.4375,0.0,0.5,0.0,0.0625,0,252.05963134765625,0,muon,0.36076683147798483,446.6177673339844,-1.0,0.0,0.0,0.0,0.0,1.0,1.0,0.4375,0.0,0.5,0.0,0.0625,0,252.05963134765625,0,muon,0.36076683147798483,446.6177673339844,-1.0,0.0,0.0,0.0,0.0,1.0,1.0,0.4375,0.0,0.5,0.0,0.0625,1,3.162277789670043e-05,3.162277789670043e-05
1293,Tbl_correct,label_Tbl,label_Tbl,0.8174951672554016,525.154948520971,0,0,186.51634216308594,0,electron,0.15946097374900398,983.1513061523438,1.0,0.0,0.0,0.0,1.0,0.0,1.0,0.3125,0.0,0.375,0.3125,0.0,0,186.51634216308594,0,electron,0.15946097374900398,983.1513061523438,1.0,0.0,0.0,0.0,1.0,0.0,1.0,0.3125,0.0,0.375,0.3125,0.0,0,186.51634216308594,0,electron,0.15946097374900398,983.1513061523438,1.0,0.0,0.0,0.0,1.0,0.0,1.0,0.3125,0.0,0.375,0.3125,0.0,1,3.162277789670043e-05,3.162277789670043e-05
1294,Tbl_correct,label_Tbl,label_Tbl,0.999996542930603,682.9095637211144,0,0,482.8270568847656,0,muon,0.16416167898068681,2458.3408203125,1.0,0.0,0.0,0.0,0.0,1.0,1.0,0.625,0.0,0.0625,0.0,0.3125,0,482.8270568847656,0,muon,0.16416167898068681,2458.3408203125,1.0,0.0,0.0,0.0,0.0,1.0,1.0,0.625,0.0,0.0625,0.0,0.3125,0,482.8270568847656,0,muon,0.16416167898068681,2458.3408203125,1.0,0.0,0.0,0.0,0.0,1.0,1.0,0.625,0.0,0.0625,0.0,0.3125,1,3.162277789670043e-05,3.162277789670043e-05
1295,Tbl_correct,label_Tbl,label_Tbl,0.7455857396125793,658.127224196648,0,0,267.8205261230469,0,neutral_hadron,0.15890058261450843,1417.63916015625,0.0,0.0,1.0,0.0,0.0,0.0,0.0,0.6875,0.3125,0.0,0.0,0.0,0,267.8205261230469,0,neutral_hadron,0.15890058261450843,1417.63916015625,0.0,0.0,1.0,0.0,0.0,0.0,0.0,0.6875,0.3125,0.0,0.0,0.0,2,87.17536926269531,2,electron,0.13011412419293372,582.8162231445312,1.0,0.0,0.0,0.0,1.0,0.0,1.0,0.375,0.0,0.3125,0.3125,0.0,1,0.4708002209663391,0.4708002209663391
1296,Tbl_correct,label_Tbl,label_Tbl,0.9978525638580322,510.9823089636227,0,0,238.28724670410156,0,electron,0.3012560436574148,552.69189453125,1.0,0.0,0.0,0.0,1.0,0.0,1.0,0.1875,0.3125,0.375,0.125,0.0,0,238.28724670410156,0,electron,0.3012560436574148,552.69189453125,1.0,0.0,0.0,0.0,1.0,0.0,1.0,0.1875,0.3125,0.375,0.125,0.0,0,238.28724670410156,0,electron,0.3012560436574148,552.69189453125,1.0,0.0,0.0,0.0,1.0,0.0,1.0,0.1875,0.3125,0.375,0.125,0.0,1,3.162277789670043e-05,3.162277789670043e-05
1297,Tbl_correct,label_Tbl,label_Tbl,0.9999998807907104,546.7298610850456,0,0,332.51971435546875,0,muon,0.14102151236946683,2025.4163818359375,1.0,0.0,0.0,0.0,0.0,1.0,1.0,0.375,0.0,0.25,0.0,0.375,0,332.51971435546875,0,muon,0.14102151236946683,2025.4163818359375,1.0,0.0,0.0,0.0,0.0,1.0,1.0,0.375,0.0,0.25,0.0,0.375,0,332.51971435546875,0,muon,0.14102151236946683,2025.4163818359375,1.0,0.0,0.0,0.0,0.0,1.0,1.0,0.375,0.0,0.25,0.0,0.375,1,3.162277789670043e-05,3.162277789670043e-05
1298,Tbl_correct,label_Tbl,label_Tbl,0.733709990978241,564.190840731651,0,0,133.3770751953125,0,charged_hadron,0.06947231496854425,1786.4822998046875,-1.0,1.0,0.0,0.0,0.0,0.0,0.0,1.0,0.0,0.0,0.0,0.0,0,133.3770751953125,0,charged_hadron,0.06947231496854425,1786.4822998046875,-1.0,1.0,0.0,0.0,0.0,0.0,0.0,1.0,0.0,0.0,0.0,0.0,1,126.635009765625,1,muon,0.08983092309297606,1283.0689697265625,-1.0,0.0,0.0,0.0,0.0,1.0,1.0,0.0,0.4375,0.0,0.0,0.5625,1,0.34135228395462036,0.34135228395462036
1299,Tbl_correct,label_Tbl,label_Tbl,0.9991540908813477,560.396294331183,0,0,215.2129364013672,0,neutral_hadron,0.1480121702016939,1238.8089599609375,0.0,0.0,1.0,0.0,0.0,0.0,0.0,0.6875,0.3125,0.0,0.0,0.0,0,215.2129364013672,0,neutral_hadron,0.1480121702016939,1238.8089599609375,0.0,0.0,1.0,0.0,0.0,0.0,0.0,0.6875,0.3125,0.0,0.0,0.0,1,89.83689880371094,1,electron,0.15745258552021602,480.7278747558594,1.0,0.0,0.0,0.0,1.0,0.0,1.0,0.375,0.0,0.3125,0.3125,0.0,1,0.462922602891922,0.462922602891922
1300,Tbl_correct,label_Tbl,label_Tbl,0.9998855590820312,554.3806816735124,0,0,329.0126953125,0,electron,0.2423737097375389,1028.4476318359375,1.0,0.0,0.0,0.0,1.0,0.0,1.0,0.0,0.5625,0.25,0.1875,0.0,0,329.0126953125,0,electron,0.2423737097375389,1028.4476318359375,1.0,0.0,0.0,0.0,1.0,0.0,1.0,0.0,0.5625,0.25,0.1875,0.0,0,329.0126953125,0,electron,0.2423737097375389,1028.4476318359375,1.0,0.0,0.0,0.0,1.0,0.0,1.0,0.0,0.5625,0.25,0.1875,0.0,1,3.162277789670043e-05,3.162277789670043e-05
1301,Tbl_correct,label_Tbl,label_Tbl,0.999972939491272,531.3694549105765,0,0,133.78932189941406,0,electron,0.1657552069918012,673.3607177734375,-1.0,0.0,0.0,0.0,1.0,0.0,1.0,0.5625,0.0,0.25,0.1875,0.0,0,133.78932189941406,0,electron,0.1657552069918012,673.3607177734375,-1.0,0.0,0.0,0.0,1.0,0.0,1.0,0.5625,0.0,0.25,0.1875,0.0,0,133.78932189941406,0,electron,0.1657552069918012,673.3607177734375,-1.0,0.0,0.0,0.0,1.0,0.0,1.0,0.5625,0.0,0.25,0.1875,0.0,1,3.162277789670043e-05,3.162277789670043e-05
1302,Tbl_correct,label_Tbl,label_Tbl,0.999915599822998,550.8682580542085,0,0,278.8143310546875,0,muon,0.24024064801793185,881.7483520507812,-1.0,0.0,0.0,0.0,0.0,1.0,1.0,0.0625,0.5,0.25,0.0,0.1875,0,278.8143310546875,0,muon,0.24024064801793185,881.7483520507812,-1.0,0.0,0.0,0.0,0.0,1.0,1.0,0.0625,0.5,0.25,0.0,0.1875,0,278.8143310546875,0,muon,0.24024064801793185,881.7483520507812,-1.0,0.0,0.0,0.0,0.0,1.0,1.0,0.0625,0.5,0.25,0.0,0.1875,1,3.162277789670043e-05,3.162277789670043e-05
1303,Tbl_correct,label_Tbl,label_Tbl,0.9998540878295898,540.6420346248854,0,0,159.96481323242188,0,neutral_hadron,0.1348644270475767,1026.15087890625,0.0,0.0,1.0,0.0,0.0,0.0,0.0,0.4375,0.375,0.1875,0.0,0.0,0,159.96481323242188,0,neutral_hadron,0.1348644270475767,1026.15087890625,0.0,0.0,1.0,0.0,0.0,0.0,0.0,0.4375,0.375,0.1875,0.0,0.0,4,45.02203369140625,4,electron,0.1214921723350392,325.5535583496094,1.0,0.0,0.0,0.0,1.0,0.0,1.0,0.375,0.0,0.25,0.375,0.0,1,0.5778639316558838,0.5778639316558838
1304,Tbl_correct,label_Tbl,label_Tbl,0.9923291802406311,505.0070218406902,0,0,149.13922119140625,0,neutral_hadron,0.15092134397304893,839.052490234375,0.0,0.0,1.0,0.0,0.0,0.0,0.0,0.5,0.25,0.25,0.0,0.0,0,149.13922119140625,0,neutral_hadron,0.15092134397304893,839.052490234375,0.0,0.0,1.0,0.0,0.0,0.0,0.0,0.5,0.25,0.25,0.0,0.0,1,97.75440216064453,1,electron,0.16727662418037606,486.63330078125,1.0,0.0,0.0,0.0,1.0,0.0,1.0,0.25,0.5,0.0,0.25,0.0,1,0.3981315493583679,0.3981315493583679
1305,Tbl_correct,label_Tbl,label_Tbl,0.9795312881469727,536.0931905934846,0,0,205.1035614013672,0,muon,0.12322770865582054,1459.32373046875,1.0,0.0,0.0,0.0,0.0,1.0,1.0,0.5625,0.0,0.0,0.0,0.4375,0,205.1035614013672,0,muon,0.12322770865582054,1459.32373046875,1.0,0.0,0.0,0.0,0.0,1.0,1.0,0.5625,0.0,0.0,0.0,0.4375,0,205.1035614013672,0,muon,0.12322770865582054,1459.32373046875,1.0,0.0,0.0,0.0,0.0,1.0,1.0,0.5625,0.0,0.0,0.0,0.4375,1,3.162277789670043e-05,3.162277789670043e-05
1306,Tbl_correct,label_Tbl,label_Tbl,0.9554589986801147,561.3105131501019,0,0,160.51051330566406,0,muon,0.21177118288706717,597.4326171875,1.0,0.0,0.0,0.0,0.0,1.0,1.0,0.5,0.25,0.0625,0.0,0.1875,0,160.51051330566406,0,muon,0.21177118288706717,597.4326171875,1.0,0.0,0.0,0.0,0.0,1.0,1.0,0.5,0.25,0.0625,0.0,0.1875,0,160.51051330566406,0,muon,0.21177118288706717,597.4326171875,1.0,0.0,0.0,0.0,0.0,1.0,1.0,0.5,0.25,0.0625,0.0,0.1875,1,3.162277789670043e-05,3.162277789670043e-05
1307,Tbl_correct,label_Tbl,label_Tbl,0.9999901056289673,598.5025579133593,0,0,138.9788360595703,0,muon,0.23501724327850415,452.3770751953125,1.0,0.0,0.0,0.0,0.0,1.0,1.0,0.625,0.0,0.1875,0.0,0.1875,0,138.9788360595703,0,muon,0.23501724327850415,452.3770751953125,1.0,0.0,0.0,0.0,0.0,1.0,1.0,0.625,0.0,0.1875,0.0,0.1875,0,138.9788360595703,0,muon,0.23501724327850415,452.3770751953125,1.0,0.0,0.0,0.0,0.0,1.0,1.0,0.625,0.0,0.1875,0.0,0.1875,1,3.162277789670043e-05,3.162277789670043e-05
1308,Tbl_correct,label_Tbl,label_Tbl,0.999976634979248,615.8252341421751,0,0,124.95929718017578,0,muon,0.15660330494901328,672.9759521484375,-1.0,0.0,0.0,0.0,0.0,1.0,1.0,0.3125,0.3125,0.0625,0.0,0.3125,0,124.95929718017578,0,muon,0.15660330494901328,672.9759521484375,-1.0,0.0,0.0,0.0,0.0,1.0,1.0,0.3125,0.3125,0.0625,0.0,0.3125,0,124.95929718017578,0,muon,0.15660330494901328,672.9759521484375,-1.0,0.0,0.0,0.0,0.0,1.0,1.0,0.3125,0.3125,0.0625,0.0,0.3125,1,3.162277789670043e-05,3.162277789670043e-05
1309,Tbl_correct,label_Tbl,label_Tbl,1.0,515.7014949384655,0,0,186.97219848632812,0,charged_hadron,0.10936507314005314,1522.64306640625,-1.0,1.0,0.0,0.0,0.0,0.0,0.0,1.0,0.0,0.0,0.0,0.0,0,186.97219848632812,0,charged_hadron,0.10936507314005314,1522.64306640625,-1.0,1.0,0.0,0.0,0.0,0.0,0.0,1.0,0.0,0.0,0.0,0.0,1,162.5621337890625,1,muon,0.12021322470134432,1189.719482421875,1.0,0.0,0.0,0.0,0.0,1.0,1.0,0.0,0.5,0.0625,0.0,0.4375,1,0.4865337312221527,0.4865337312221527
1310,Tbl_correct,label_Tbl,label_Tbl,0.9653841257095337,696.8470620330422,0,0,254.29237365722656,0,muon,0.22594505092523856,871.1687622070312,1.0,0.0,0.0,0.0,0.0,1.0,1.0,0.0625,0.0,0.75,0.0,0.1875,0,254.29237365722656,0,muon,0.22594505092523856,871.1687622070312,1.0,0.0,0.0,0.0,0.0,1.0,1.0,0.0625,0.0,0.75,0.0,0.1875,0,254.29237365722656,0,muon,0.22594505092523856,871.1687622070312,1.0,0.0,0.0,0.0,0.0,1.0,1.0,0.0625,0.0,0.75,0.0,0.1875,1,3.162277789670043e-05,3.162277789670043e-05
1311,Tbl_correct,label_Tbl,label_Tbl,0.8106634020805359,610.0096386843321,0,0,148.91407775878906,0,muon,0.22164529101531763,522.9435424804688,-1.0,0.0,0.0,0.0,0.0,1.0,1.0,0.5,0.0,0.375,0.0,0.125,0,148.91407775878906,0,muon,0.22164529101531763,522.9435424804688,-1.0,0.0,0.0,0.0,0.0,1.0,1.0,0.5,0.0,0.375,0.0,0.125,0,148.91407775878906,0,muon,0.22164529101531763,522.9435424804688,-1.0,0.0,0.0,0.0,0.0,1.0,1.0,0.5,0.0,0.375,0.0,0.125,1,3.162277789670043e-05,3.162277789670043e-05
1312,Tbl_correct,label_Tbl,label_Tbl,0.9946488738059998,787.5767512018639,0,0,287.2595520019531,0,photon,0.1136297129671012,2240.7724609375,0.0,0.0,0.0,1.0,0.0,0.0,0.0,0.5625,0.0,0.4375,0.0,0.0,0,287.2595520019531,0,photon,0.1136297129671012,2240.7724609375,0.0,0.0,0.0,1.0,0.0,0.0,0.0,0.5625,0.0,0.4375,0.0,0.0,1,246.33908081054688,1,muon,0.10651244868125835,2066.43359375,1.0,0.0,0.0,0.0,0.0,1.0,1.0,0.5625,0.0,0.0,0.0,0.4375,1,0.2399735152721405,0.2399735152721405
1313,Tbl_correct,label_Tbl,label_Tbl,1.0,568.1998693592192,0,0,344.981689453125,0,electron,0.1601271593530661,1809.441650390625,1.0,0.0,0.0,0.0,1.0,0.0,1.0,0.0,0.6875,0.0,0.3125,0.0,0,344.981689453125,0,electron,0.1601271593530661,1809.441650390625,1.0,0.0,0.0,0.0,1.0,0.0,1.0,0.0,0.6875,0.0,0.3125,0.0,0,344.981689453125,0,electron,0.1601271593530661,1809.441650390625,1.0,0.0,0.0,0.0,1.0,0.0,1.0,0.0,0.6875,0.0,0.3125,0.0,1,3.162277789670043e-05,3.162277789670043e-05
1314,Tbl_correct,label_Tbl,label_Tbl,0.9986843466758728,624.2580645222536,0,0,107.3781509399414,0,muon,0.1431975703395782,642.4819946289062,1.0,0.0,0.0,0.0,0.0,1.0,1.0,0.0,0.3125,0.375,0.0,0.3125,0,107.3781509399414,0,muon,0.1431975703395782,642.4819946289062,1.0,0.0,0.0,0.0,0.0,1.0,1.0,0.0,0.3125,0.375,0.0,0.3125,0,107.3781509399414,0,muon,0.1431975703395782,642.4819946289062,1.0,0.0,0.0,0.0,0.0,1.0,1.0,0.0,0.3125,0.375,0.0,0.3125,1,3.162277789670043e-05,3.162277789670043e-05
1315,Tbl_correct,label_Tbl,label_Tbl,0.9999822378158569,579.7127487154278,0,0,519.654052734375,0,muon,0.1248425247351785,3642.822265625,1.0,0.0,0.0,0.0,0.0,1.0,1.0,0.125,0.0,0.4375,0.0,0.4375,0,519.654052734375,0,muon,0.1248425247351785,3642.822265625,1.0,0.0,0.0,0.0,0.0,1.0,1.0,0.125,0.0,0.4375,0.0,0.4375,0,519.654052734375,0,muon,0.1248425247351785,3642.822265625,1.0,0.0,0.0,0.0,0.0,1.0,1.0,0.125,0.0,0.4375,0.0,0.4375,1,3.162277789670043e-05,3.162277789670043e-05
1316,Tbl_correct,label_Tbl,label_Tbl,1.0,948.3416666116422,0,0,424.41094970703125,0,electron,0.16483697374297196,2150.320556640625,-1.0,0.0,0.0,0.0,1.0,0.0,1.0,0.3125,0.0,0.375,0.3125,0.0,0,424.41094970703125,0,electron,0.16483697374297196,2150.320556640625,-1.0,0.0,0.0,0.0,1.0,0.0,1.0,0.3125,0.0,0.375,0.3125,0.0,0,424.41094970703125,0,electron,0.16483697374297196,2150.320556640625,-1.0,0.0,0.0,0.0,1.0,0.0,1.0,0.3125,0.0,0.375,0.3125,0.0,1,3.162277789670043e-05,3.162277789670043e-05
1317,Tbl_correct,label_Tbl,label_Tbl,0.9996763467788696,809.4190437700406,0,0,280.460693359375,0,neutral_hadron,0.1451762454610584,1651.40283203125,0.0,0.0,1.0,0.0,0.0,0.0,0.0,0.375,0.3125,0.3125,0.0,0.0,0,280.460693359375,0,neutral_hadron,0.1451762454610584,1651.40283203125,0.0,0.0,1.0,0.0,0.0,0.0,0.0,0.375,0.3125,0.3125,0.0,0.0,2,121.41401672363281,2,muon,0.08073670575257383,1382.4127197265625,1.0,0.0,0.0,0.0,0.0,1.0,1.0,0.3125,0.0,0.375,0.0,0.3125,1,0.2947128117084503,0.2947128117084503
1318,Tbl_correct,label_Tbl,label_Tbl,0.997634768486023,502.23915992140644,0,0,123.2516860961914,0,photon,0.09707065823280495,1146.4593505859375,0.0,0.0,0.0,1.0,0.0,0.0,0.0,0.125,0.0,0.5625,0.3125,0.0,0,123.2516860961914,0,photon,0.09707065823280495,1146.4593505859375,0.0,0.0,0.0,1.0,0.0,0.0,0.0,0.125,0.0,0.5625,0.3125,0.0,1,105.87470245361328,1,muon,0.08106902122563216,1200.1075439453125,-1.0,0.0,0.0,0.0,0.0,1.0,1.0,0.4375,0.0,0.3125,0.0,0.25,1,0.08880254626274109,0.08880254626274109
1319,Tbl_correct,label_Tbl,label_Tbl,0.9988663196563721,574.9110008181061,0,0,282.969482421875,0,muon,0.18529610826262888,1244.1510009765625,-1.0,0.0,0.0,0.0,0.0,1.0,1.0,0.75,0.0,0.0,0.0,0.25,0,282.969482421875,0,muon,0.18529610826262888,1244.1510009765625,-1.0,0.0,0.0,0.0,0.0,1.0,1.0,0.75,0.0,0.0,0.0,0.25,0,282.969482421875,0,muon,0.18529610826262888,1244.1510009765625,-1.0,0.0,0.0,0.0,0.0,1.0,1.0,0.75,0.0,0.0,0.0,0.25,1,3.162277789670043e-05,3.162277789670043e-05
1320,Tbl_correct,label_Tbl,label_Tbl,0.995663583278656,533.1633701318922,0,0,114.50515747070312,0,muon,0.1631746372477523,587.2286376953125,-1.0,0.0,0.0,0.0,0.0,1.0,1.0,0.75,0.0,0.0,0.0,0.25,0,114.50515747070312,0,muon,0.1631746372477523,587.2286376953125,-1.0,0.0,0.0,0.0,0.0,1.0,1.0,0.75,0.0,0.0,0.0,0.25,0,114.50515747070312,0,muon,0.1631746372477523,587.2286376953125,-1.0,0.0,0.0,0.0,0.0,1.0,1.0,0.75,0.0,0.0,0.0,0.25,1,3.162277789670043e-05,3.162277789670043e-05
1321,Tbl_correct,label_Tbl,label_Tbl,0.9993380904197693,527.4647726713345,0,0,154.40756225585938,0,photon,0.1594814202268554,813.7777099609375,0.0,0.0,0.0,1.0,0.0,0.0,0.0,0.75,0.0,0.25,0.0,0.0,0,154.40756225585938,0,photon,0.1594814202268554,813.7777099609375,0.0,0.0,0.0,1.0,0.0,0.0,0.0,0.75,0.0,0.25,0.0,0.0,1,96.19719696044922,1,muon,0.20203411495116438,379.9461364746094,-1.0,0.0,0.0,0.0,0.0,1.0,1.0,0.5,0.25,0.0625,0.0,0.1875,1,0.6179349422454834,0.6179349422454834
1322,Tbl_correct,label_Tbl,label_Tbl,0.9999998807907104,504.01045435098916,0,0,181.8948211669922,0,muon,0.13418332343654707,1173.6746826171875,-1.0,0.0,0.0,0.0,0.0,1.0,1.0,0.375,0.0,0.25,0.0,0.375,0,181.8948211669922,0,muon,0.13418332343654707,1173.6746826171875,-1.0,0.0,0.0,0.0,0.0,1.0,1.0,0.375,0.0,0.25,0.0,0.375,0,181.8948211669922,0,muon,0.13418332343654707,1173.6746826171875,-1.0,0.0,0.0,0.0,0.0,1.0,1.0,0.375,0.0,0.25,0.0,0.375,1,3.162277789670043e-05,3.162277789670043e-05
1323,Tbl_correct,label_Tbl,label_Tbl,0.9999995231628418,525.4647792517824,0,0,124.49148559570312,0,photon,0.06839156086004898,1695.7840576171875,0.0,0.0,0.0,1.0,0.0,0.0,0.0,0.5,0.0,0.5,0.0,0.0,0,124.49148559570312,0,photon,0.06839156086004898,1695.7840576171875,0.0,0.0,0.0,1.0,0.0,0.0,0.0,0.5,0.0,0.5,0.0,0.0,1,98.05267333984375,1,electron,0.10805889830297563,809.3475952148438,1.0,0.0,0.0,0.0,1.0,0.0,1.0,0.0,0.0,0.5,0.5,0.0,1,0.576698362827301,0.576698362827301
1324,Tbl_correct,label_Tbl,label_Tbl,0.9999998807907104,663.4579090280388,0,0,422.00567626953125,0,electron,0.10835869683285773,3472.51953125,-1.0,0.0,0.0,0.0,1.0,0.0,1.0,0.5,0.0,0.0,0.5,0.0,0,422.00567626953125,0,electron,0.10835869683285773,3472.51953125,-1.0,0.0,0.0,0.0,1.0,0.0,1.0,0.5,0.0,0.0,0.5,0.0,0,422.00567626953125,0,electron,0.10835869683285773,3472.51953125,-1.0,0.0,0.0,0.0,1.0,0.0,1.0,0.5,0.0,0.0,0.5,0.0,1,3.162277789670043e-05,3.162277789670043e-05
1325,Tbl_correct,label_Tbl,label_Tbl,0.9997895359992981,500.17866247623033,0,0,147.4969940185547,0,muon,0.3142248703903592,321.9024963378906,1.0,0.0,0.0,0.0,0.0,1.0,1.0,0.0,0.1875,0.6875,0.0,0.125,0,147.4969940185547,0,muon,0.3142248703903592,321.9024963378906,1.0,0.0,0.0,0.0,0.0,1.0,1.0,0.0,0.1875,0.6875,0.0,0.125,0,147.4969940185547,0,muon,0.3142248703903592,321.9024963378906,1.0,0.0,0.0,0.0,0.0,1.0,1.0,0.0,0.1875,0.6875,0.0,0.125,1,3.162277789670043e-05,3.162277789670043e-05
1326,Tbl_correct,label_Tbl,label_Tbl,0.9994710087776184,502.54459623001793,0,0,264.64630126953125,0,electron,0.19452401504935346,1095.8350830078125,1.0,0.0,0.0,0.0,1.0,0.0,1.0,0.25,0.5,0.0,0.25,0.0,0,264.64630126953125,0,electron,0.19452401504935346,1095.8350830078125,1.0,0.0,0.0,0.0,1.0,0.0,1.0,0.25,0.5,0.0,0.25,0.0,0,264.64630126953125,0,electron,0.19452401504935346,1095.8350830078125,1.0,0.0,0.0,0.0,1.0,0.0,1.0,0.25,0.5,0.0,0.25,0.0,1,3.162277789670043e-05,3.162277789670043e-05
1327,Tbl_correct,label_Tbl,label_Tbl,0.9986820816993713,659.8368988802569,0,0,336.3766174316406,0,electron,0.3123200174906638,740.6488647460938,1.0,0.0,0.0,0.0,1.0,0.0,1.0,0.5625,0.1875,0.125,0.125,0.0,0,336.3766174316406,0,electron,0.3123200174906638,740.6488647460938,1.0,0.0,0.0,0.0,1.0,0.0,1.0,0.5625,0.1875,0.125,0.125,0.0,0,336.3766174316406,0,electron,0.3123200174906638,740.6488647460938,1.0,0.0,0.0,0.0,1.0,0.0,1.0,0.5625,0.1875,0.125,0.125,0.0,1,3.162277789670043e-05,3.162277789670043e-05
1328,Tbl_correct,label_Tbl,label_Tbl,0.9970056414604187,601.1836763943977,0,0,406.7447814941406,0,muon,0.21552841919465296,1480.453125,1.0,0.0,0.0,0.0,0.0,1.0,1.0,0.375,0.0,0.4375,0.0,0.1875,0,406.7447814941406,0,muon,0.21552841919465296,1480.453125,1.0,0.0,0.0,0.0,0.0,1.0,1.0,0.375,0.0,0.4375,0.0,0.1875,0,406.7447814941406,0,muon,0.21552841919465296,1480.453125,1.0,0.0,0.0,0.0,0.0,1.0,1.0,0.375,0.0,0.4375,0.0,0.1875,1,3.162277789670043e-05,3.162277789670043e-05
1329,Tbl_correct,label_Tbl,label_Tbl,0.999944806098938,850.4720965749151,0,0,487.25653076171875,0,electron,0.24017142545810594,1541.5299072265625,1.0,0.0,0.0,0.0,1.0,0.0,1.0,0.1875,0.25,0.375,0.1875,0.0,0,487.25653076171875,0,electron,0.24017142545810594,1541.5299072265625,1.0,0.0,0.0,0.0,1.0,0.0,1.0,0.1875,0.25,0.375,0.1875,0.0,0,487.25653076171875,0,electron,0.24017142545810594,1541.5299072265625,1.0,0.0,0.0,0.0,1.0,0.0,1.0,0.1875,0.25,0.375,0.1875,0.0,1,3.162277789670043e-05,3.162277789670043e-05
1330,Tbl_correct,label_Tbl,label_Tbl,0.9808847904205322,818.0034388099973,0,0,302.8354187011719,0,electron,0.45485825694042764,362.9443359375,-1.0,0.0,0.0,0.0,1.0,0.0,1.0,0.375,0.0,0.5625,0.0625,0.0,0,302.8354187011719,0,electron,0.45485825694042764,362.9443359375,-1.0,0.0,0.0,0.0,1.0,0.0,1.0,0.375,0.0,0.5625,0.0625,0.0,0,302.8354187011719,0,electron,0.45485825694042764,362.9443359375,-1.0,0.0,0.0,0.0,1.0,0.0,1.0,0.375,0.0,0.5625,0.0625,0.0,1,3.162277789670043e-05,3.162277789670043e-05
1331,Tbl_correct,label_Tbl,label_Tbl,0.9994611144065857,513.8743177579051,0,0,200.07044982910156,0,electron,0.10988328551083766,1620.6837158203125,1.0,0.0,0.0,0.0,1.0,0.0,1.0,0.5,0.0,0.0,0.5,0.0,0,200.07044982910156,0,electron,0.10988328551083766,1620.6837158203125,1.0,0.0,0.0,0.0,1.0,0.0,1.0,0.5,0.0,0.0,0.5,0.0,0,200.07044982910156,0,electron,0.10988328551083766,1620.6837158203125,1.0,0.0,0.0,0.0,1.0,0.0,1.0,0.5,0.0,0.0,0.5,0.0,1,3.162277789670043e-05,3.162277789670043e-05
1332,Tbl_correct,label_Tbl,label_Tbl,0.6140425205230713,543.2457444111504,0,0,302.8004150390625,0,electron,0.19400243998713293,1258.0068359375,-1.0,0.0,0.0,0.0,1.0,0.0,1.0,0.25,0.0,0.5,0.25,0.0,0,302.8004150390625,0,electron,0.19400243998713293,1258.0068359375,-1.0,0.0,0.0,0.0,1.0,0.0,1.0,0.25,0.0,0.5,0.25,0.0,0,302.8004150390625,0,electron,0.19400243998713293,1258.0068359375,-1.0,0.0,0.0,0.0,1.0,0.0,1.0,0.25,0.0,0.5,0.25,0.0,1,3.162277789670043e-05,3.162277789670043e-05
1333,Tbl_correct,label_Tbl,label_Tbl,0.998627781867981,639.1436420140176,0,0,167.03543090820312,0,electron,0.2862189162641535,416.5578308105469,-1.0,0.0,0.0,0.0,1.0,0.0,1.0,0.3125,0.0,0.5625,0.125,0.0,0,167.03543090820312,0,electron,0.2862189162641535,416.5578308105469,-1.0,0.0,0.0,0.0,1.0,0.0,1.0,0.3125,0.0,0.5625,0.125,0.0,0,167.03543090820312,0,electron,0.2862189162641535,416.5578308105469,-1.0,0.0,0.0,0.0,1.0,0.0,1.0,0.3125,0.0,0.5625,0.125,0.0,1,3.162277789670043e-05,3.162277789670043e-05
1334,Tbl_correct,label_Tbl,label_Tbl,0.9247520565986633,617.5323048154064,0,0,215.9326629638672,0,muon,0.11684242354281332,1632.1346435546875,1.0,0.0,0.0,0.0,0.0,1.0,1.0,0.4375,0.0,0.125,0.0,0.4375,0,215.9326629638672,0,muon,0.11684242354281332,1632.1346435546875,1.0,0.0,0.0,0.0,0.0,1.0,1.0,0.4375,0.0,0.125,0.0,0.4375,0,215.9326629638672,0,muon,0.11684242354281332,1632.1346435546875,1.0,0.0,0.0,0.0,0.0,1.0,1.0,0.4375,0.0,0.125,0.0,0.4375,1,3.162277789670043e-05,3.162277789670043e-05
1335,Tbl_correct,label_Tbl,label_Tbl,0.9999798536300659,592.0411515333533,0,0,303.3940124511719,0,muon,0.16151177693407812,1575.0697021484375,-1.0,0.0,0.0,0.0,0.0,1.0,1.0,0.0,0.375,0.3125,0.0,0.3125,0,303.3940124511719,0,muon,0.16151177693407812,1575.0697021484375,-1.0,0.0,0.0,0.0,0.0,1.0,1.0,0.0,0.375,0.3125,0.0,0.3125,0,303.3940124511719,0,muon,0.16151177693407812,1575.0697021484375,-1.0,0.0,0.0,0.0,0.0,1.0,1.0,0.0,0.375,0.3125,0.0,0.3125,1,3.162277789670043e-05,3.162277789670043e-05
1336,Tbl_correct,label_Tbl,label_Tbl,0.9999045133590698,645.6830150122091,0,0,216.5425567626953,0,electron,0.22851063016458578,731.0831909179688,-1.0,0.0,0.0,0.0,1.0,0.0,1.0,0.5,0.0,0.3125,0.1875,0.0,0,216.5425567626953,0,electron,0.22851063016458578,731.0831909179688,-1.0,0.0,0.0,0.0,1.0,0.0,1.0,0.5,0.0,0.3125,0.1875,0.0,0,216.5425567626953,0,electron,0.22851063016458578,731.0831909179688,-1.0,0.0,0.0,0.0,1.0,0.0,1.0,0.5,0.0,0.3125,0.1875,0.0,1,3.162277789670043e-05,3.162277789670043e-05
1337,Tbl_correct,label_Tbl,label_Tbl,0.9999794960021973,535.8157994265869,0,0,195.53131103515625,0,muon,0.1329057147858051,1275.671875,1.0,0.0,0.0,0.0,0.0,1.0,1.0,0.0,0.375,0.25,0.0,0.375,0,195.53131103515625,0,muon,0.1329057147858051,1275.671875,1.0,0.0,0.0,0.0,0.0,1.0,1.0,0.0,0.375,0.25,0.0,0.375,0,195.53131103515625,0,muon,0.1329057147858051,1275.671875,1.0,0.0,0.0,0.0,0.0,1.0,1.0,0.0,0.375,0.25,0.0,0.375,1,3.162277789670043e-05,3.162277789670043e-05
1338,Tbl_correct,label_Tbl,label_Tbl,0.9999997615814209,578.8399834294448,0,0,317.7366943359375,0,electron,0.19531320171128919,1309.0693359375,1.0,0.0,0.0,0.0,1.0,0.0,1.0,0.0,0.3125,0.4375,0.25,0.0,0,317.7366943359375,0,electron,0.19531320171128919,1309.0693359375,1.0,0.0,0.0,0.0,1.0,0.0,1.0,0.0,0.3125,0.4375,0.25,0.0,0,317.7366943359375,0,electron,0.19531320171128919,1309.0693359375,1.0,0.0,0.0,0.0,1.0,0.0,1.0,0.0,0.3125,0.4375,0.25,0.0,1,3.162277789670043e-05,3.162277789670043e-05
1339,Tbl_correct,label_Tbl,label_Tbl,0.9802439212799072,528.6056948860239,0,0,62.23419952392578,0,electron,0.29545180179483516,148.40658569335938,1.0,0.0,0.0,0.0,1.0,0.0,1.0,0.0,0.0,0.875,0.125,0.0,0,62.23419952392578,0,electron,0.29545180179483516,148.40658569335938,1.0,0.0,0.0,0.0,1.0,0.0,1.0,0.0,0.0,0.875,0.125,0.0,0,62.23419952392578,0,electron,0.29545180179483516,148.40658569335938,1.0,0.0,0.0,0.0,1.0,0.0,1.0,0.0,0.0,0.875,0.125,0.0,1,3.162277789670043e-05,3.162277789670043e-05
1340,Tbl_correct,label_Tbl,label_Tbl,0.9980536699295044,589.2963710545927,0,0,121.60375213623047,0,muon,0.10584381328738361,1027.2943115234375,1.0,0.0,0.0,0.0,0.0,1.0,1.0,0.4375,0.0,0.0,0.125,0.4375,0,121.60375213623047,0,muon,0.10584381328738361,1027.2943115234375,1.0,0.0,0.0,0.0,0.0,1.0,1.0,0.4375,0.0,0.0,0.125,0.4375,0,121.60375213623047,0,muon,0.10584381328738361,1027.2943115234375,1.0,0.0,0.0,0.0,0.0,1.0,1.0,0.4375,0.0,0.0,0.125,0.4375,1,3.162277789670043e-05,3.162277789670043e-05
1341,Tbl_correct,label_Tbl,label_Tbl,0.9848951697349548,612.946524850022,0,0,175.0579071044922,0,muon,0.12318163640872214,1246.0784912109375,-1.0,0.0,0.0,0.0,0.0,1.0,1.0,0.125,0.0,0.4375,0.0,0.4375,0,175.0579071044922,0,muon,0.12318163640872214,1246.0784912109375,-1.0,0.0,0.0,0.0,0.0,1.0,1.0,0.125,0.0,0.4375,0.0,0.4375,0,175.0579071044922,0,muon,0.12318163640872214,1246.0784912109375,-1.0,0.0,0.0,0.0,0.0,1.0,1.0,0.125,0.0,0.4375,0.0,0.4375,1,3.162277789670043e-05,3.162277789670043e-05
1342,Tbl_correct,label_Tbl,label_Tbl,0.9994414448738098,527.5939938105083,0,0,312.7117614746094,0,electron,0.14159575287042636,1895.7708740234375,-1.0,0.0,0.0,0.0,1.0,0.0,1.0,0.0,0.0,0.625,0.375,0.0,0,312.7117614746094,0,electron,0.14159575287042636,1895.7708740234375,-1.0,0.0,0.0,0.0,1.0,0.0,1.0,0.0,0.0,0.625,0.375,0.0,0,312.7117614746094,0,electron,0.14159575287042636,1895.7708740234375,-1.0,0.0,0.0,0.0,1.0,0.0,1.0,0.0,0.0,0.625,0.375,0.0,1,3.162277789670043e-05,3.162277789670043e-05
1343,Tbl_correct,label_Tbl,label_Tbl,0.9995331764221191,567.5437211656493,0,0,115.3818359375,0,muon,0.2695601646379242,312.65557861328125,1.0,0.0,0.0,0.0,0.0,1.0,1.0,0.5625,0.0,0.3125,0.0,0.125,0,115.3818359375,0,muon,0.2695601646379242,312.65557861328125,1.0,0.0,0.0,0.0,0.0,1.0,1.0,0.5625,0.0,0.3125,0.0,0.125,0,115.3818359375,0,muon,0.2695601646379242,312.65557861328125,1.0,0.0,0.0,0.0,0.0,1.0,1.0,0.5625,0.0,0.3125,0.0,0.125,1,3.162277789670043e-05,3.162277789670043e-05
1344,Tbl_correct,label_Tbl,label_Tbl,0.9937971830368042,567.1195262783986,0,0,508.11871337890625,0,muon,0.11066024740177913,4083.581787109375,1.0,0.0,0.0,0.0,0.0,1.0,1.0,0.0,0.0,0.5,0.0,0.5,0,508.11871337890625,0,muon,0.11066024740177913,4083.581787109375,1.0,0.0,0.0,0.0,0.0,1.0,1.0,0.0,0.0,0.5,0.0,0.5,0,508.11871337890625,0,muon,0.11066024740177913,4083.581787109375,1.0,0.0,0.0,0.0,0.0,1.0,1.0,0.0,0.0,0.5,0.0,0.5,1,3.162277789670043e-05,3.162277789670043e-05
1345,Tbl_correct,label_Tbl,label_Tbl,0.9997449517250061,527.1831197169508,0,0,451.4137268066406,0,electron,0.14050818912228377,2761.30810546875,1.0,0.0,0.0,0.0,1.0,0.0,1.0,0.4375,0.1875,0.0,0.375,0.0,0,451.4137268066406,0,electron,0.14050818912228377,2761.30810546875,1.0,0.0,0.0,0.0,1.0,0.0,1.0,0.4375,0.1875,0.0,0.375,0.0,0,451.4137268066406,0,electron,0.14050818912228377,2761.30810546875,1.0,0.0,0.0,0.0,1.0,0.0,1.0,0.4375,0.1875,0.0,0.375,0.0,1,3.162277789670043e-05,3.162277789670043e-05
1346,Tbl_correct,label_Tbl,label_Tbl,0.9999998807907104,771.2453277837834,0,0,434.52008056640625,0,electron,0.15139822320876845,2435.52734375,1.0,0.0,0.0,0.0,1.0,0.0,1.0,0.0,0.375,0.3125,0.3125,0.0,0,434.52008056640625,0,electron,0.15139822320876845,2435.52734375,1.0,0.0,0.0,0.0,1.0,0.0,1.0,0.0,0.375,0.3125,0.3125,0.0,0,434.52008056640625,0,electron,0.15139822320876845,2435.52734375,1.0,0.0,0.0,0.0,1.0,0.0,1.0,0.0,0.375,0.3125,0.3125,0.0,1,3.162277789670043e-05,3.162277789670043e-05
1347,Tbl_correct,label_Tbl,label_Tbl,0.9999802112579346,660.9885851731603,0,0,357.27874755859375,0,electron,0.23042722442001762,1193.22705078125,-1.0,0.0,0.0,0.0,1.0,0.0,1.0,0.8125,0.0,0.0,0.1875,0.0,0,357.27874755859375,0,electron,0.23042722442001762,1193.22705078125,-1.0,0.0,0.0,0.0,1.0,0.0,1.0,0.8125,0.0,0.0,0.1875,0.0,0,357.27874755859375,0,electron,0.23042722442001762,1193.22705078125,-1.0,0.0,0.0,0.0,1.0,0.0,1.0,0.8125,0.0,0.0,0.1875,0.0,1,3.162277789670043e-05,3.162277789670043e-05
1348,Tbl_correct,label_Tbl,label_Tbl,0.9999995231628418,504.91161344018474,0,0,381.555419921875,0,electron,0.12403493721908428,2694.6376953125,1.0,0.0,0.0,0.0,1.0,0.0,1.0,0.125,0.0,0.4375,0.4375,0.0,0,381.555419921875,0,electron,0.12403493721908428,2694.6376953125,1.0,0.0,0.0,0.0,1.0,0.0,1.0,0.125,0.0,0.4375,0.4375,0.0,0,381.555419921875,0,electron,0.12403493721908428,2694.6376953125,1.0,0.0,0.0,0.0,1.0,0.0,1.0,0.125,0.0,0.4375,0.4375,0.0,1,3.162277789670043e-05,3.162277789670043e-05
1349,Tbl_correct,label_Tbl,label_Tbl,0.988050639629364,542.4100090849922,0,0,119.7817611694336,0,photon,0.12090697401962125,870.9118041992188,0.0,0.0,0.0,1.0,0.0,0.0,0.0,0.0,0.0,1.0,0.0,0.0,0,119.7817611694336,0,photon,0.12090697401962125,870.9118041992188,0.0,0.0,0.0,1.0,0.0,0.0,0.0,0.0,0.0,1.0,0.0,0.0,3,60.81768035888672,3,electron,0.11663357328080373,460.6246337890625,-1.0,0.0,0.0,0.0,1.0,0.0,1.0,0.5625,0.0,0.0,0.4375,0.0,1,0.528286874294281,0.528286874294281
1350,Tbl_to_Hqql,label_Tbl,label_Hqql,0.9077700972557068,655.8789265926047,0,0,146.35888671875,0,electron,0.1617593241621255,758.4352416992188,1.0,0.0,0.0,0.0,1.0,0.0,1.0,0.5625,0.0,0.25,0.1875,0.0,0,146.35888671875,0,electron,0.1617593241621255,758.4352416992188,1.0,0.0,0.0,0.0,1.0,0.0,1.0,0.5625,0.0,0.25,0.1875,0.0,0,146.35888671875,0,electron,0.1617593241621255,758.4352416992188,1.0,0.0,0.0,0.0,1.0,0.0,1.0,0.5625,0.0,0.25,0.1875,0.0,1,3.162277789670043e-05,3.162277789670043e-05
1351,Tbl_correct,label_Tbl,label_Tbl,0.9999972581863403,580.6110308335567,0,0,170.75933837890625,0,photon,0.09563146561632474,1614.8385009765625,0.0,0.0,0.0,1.0,0.0,0.0,0.0,0.0,0.3125,0.3125,0.375,0.0,0,170.75933837890625,0,photon,0.09563146561632474,1614.8385009765625,0.0,0.0,0.0,1.0,0.0,0.0,0.0,0.0,0.3125,0.3125,0.375,0.0,1,120.67500305175781,1,electron,0.06758240817769531,1664.9228515625,1.0,0.0,0.0,0.0,1.0,0.0,1.0,0.0,0.3125,0.375,0.3125,0.0,1,0.05852573364973068,0.05852573364973068
1352,Tbl_correct,label_Tbl,label_Tbl,0.9999910593032837,732.9910644588442,0,0,341.0342102050781,0,muon,0.12113286617094549,2474.3388671875,-1.0,0.0,0.0,0.0,0.0,1.0,1.0,0.0,0.0,0.5625,0.0,0.4375,0,341.0342102050781,0,muon,0.12113286617094549,2474.3388671875,-1.0,0.0,0.0,0.0,0.0,1.0,1.0,0.0,0.0,0.5625,0.0,0.4375,0,341.0342102050781,0,muon,0.12113286617094549,2474.3388671875,-1.0,0.0,0.0,0.0,0.0,1.0,1.0,0.0,0.0,0.5625,0.0,0.4375,1,3.162277789670043e-05,3.162277789670043e-05
1353,Tbl_correct,label_Tbl,label_Tbl,0.9999914169311523,701.6266551143302,0,0,120.6351547241211,0,photon,0.07828201323338535,1420.397705078125,0.0,0.0,0.0,1.0,0.0,0.0,0.0,0.75,0.0,0.25,0.0,0.0,0,120.6351547241211,0,photon,0.07828201323338535,1420.397705078125,0.0,0.0,0.0,1.0,0.0,0.0,0.0,0.75,0.0,0.25,0.0,0.0,2,87.58741760253906,2,electron,0.1781410013924789,404.0872497558594,1.0,0.0,0.0,0.0,1.0,0.0,1.0,0.25,0.25,0.25,0.25,0.0,1,0.5768129825592041,0.5768129825592041
1354,Tbl_correct,label_Tbl,label_Tbl,0.9945129156112671,611.8328344825503,0,0,110.81134033203125,0,charged_hadron,0.07701087519709951,1328.09375,1.0,1.0,0.0,0.0,0.0,0.0,0.0,0.625,0.0,0.375,0.0,0.0,0,110.81134033203125,0,charged_hadron,0.07701087519709951,1328.09375,1.0,1.0,0.0,0.0,0.0,0.0,0.0,0.625,0.0,0.375,0.0,0.0,3,54.177024841308594,3,muon,0.15891131146027687,286.7491455078125,-1.0,0.0,0.0,0.0,0.0,1.0,1.0,0.0,0.0,0.6875,0.0,0.3125,1,0.2598631978034973,0.2598631978034973
1355,Tbl_correct,label_Tbl,label_Tbl,0.9998637437820435,505.37771681128737,0,0,135.34539794921875,0,electron,0.1389119608482961,838.9796142578125,1.0,0.0,0.0,0.0,1.0,0.0,1.0,0.25,0.0,0.375,0.375,0.0,0,135.34539794921875,0,electron,0.1389119608482961,838.9796142578125,1.0,0.0,0.0,0.0,1.0,0.0,1.0,0.25,0.0,0.375,0.375,0.0,0,135.34539794921875,0,electron,0.1389119608482961,838.9796142578125,1.0,0.0,0.0,0.0,1.0,0.0,1.0,0.25,0.0,0.375,0.375,0.0,1,3.162277789670043e-05,3.162277789670043e-05
1356,Tbl_correct,label_Tbl,label_Tbl,0.9999035596847534,552.8977839804129,0,0,415.4775390625,0,muon,0.12310165096787798,2959.599365234375,-1.0,0.0,0.0,0.0,0.0,1.0,1.0,0.5625,0.0,0.0,0.0,0.4375,0,415.4775390625,0,muon,0.12310165096787798,2959.599365234375,-1.0,0.0,0.0,0.0,0.0,1.0,1.0,0.5625,0.0,0.0,0.0,0.4375,0,415.4775390625,0,muon,0.12310165096787798,2959.599365234375,-1.0,0.0,0.0,0.0,0.0,1.0,1.0,0.5625,0.0,0.0,0.0,0.4375,1,3.162277789670043e-05,3.162277789670043e-05
1357,Tbl_correct,label_Tbl,label_Tbl,0.9978716373443604,638.4054097156312,0,0,302.8977966308594,0,electron,0.24079225752365194,955.0238647460938,-1.0,0.0,0.0,0.0,1.0,0.0,1.0,0.375,0.1875,0.25,0.1875,0.0,0,302.8977966308594,0,electron,0.24079225752365194,955.0238647460938,-1.0,0.0,0.0,0.0,1.0,0.0,1.0,0.375,0.1875,0.25,0.1875,0.0,0,302.8977966308594,0,electron,0.24079225752365194,955.0238647460938,-1.0,0.0,0.0,0.0,1.0,0.0,1.0,0.375,0.1875,0.25,0.1875,0.0,1,3.162277789670043e-05,3.162277789670043e-05
1358,Tbl_correct,label_Tbl,label_Tbl,0.9908105134963989,521.1897499124176,0,0,154.4781494140625,0,electron,0.13388651177120253,999.321044921875,1.0,0.0,0.0,0.0,1.0,0.0,1.0,0.375,0.0,0.25,0.375,0.0,0,154.4781494140625,0,electron,0.13388651177120253,999.321044921875,1.0,0.0,0.0,0.0,1.0,0.0,1.0,0.375,0.0,0.25,0.375,0.0,0,154.4781494140625,0,electron,0.13388651177120253,999.321044921875,1.0,0.0,0.0,0.0,1.0,0.0,1.0,0.375,0.0,0.25,0.375,0.0,1,3.162277789670043e-05,3.162277789670043e-05
1359,Tbl_correct,label_Tbl,label_Tbl,0.9620976448059082,596.0344932680094,0,0,448.1669616699219,0,electron,0.1653943963041212,2261.51953125,1.0,0.0,0.0,0.0,1.0,0.0,1.0,0.0,0.0,0.6875,0.3125,0.0,0,448.1669616699219,0,electron,0.1653943963041212,2261.51953125,1.0,0.0,0.0,0.0,1.0,0.0,1.0,0.0,0.0,0.6875,0.3125,0.0,0,448.1669616699219,0,electron,0.1653943963041212,2261.51953125,1.0,0.0,0.0,0.0,1.0,0.0,1.0,0.0,0.0,0.6875,0.3125,0.0,1,3.162277789670043e-05,3.162277789670043e-05
1360,Tbl_correct,label_Tbl,label_Tbl,0.9496262669563293,634.3863406902682,0,0,292.010498046875,0,muon,0.18684072381869118,1270.8741455078125,-1.0,0.0,0.0,0.0,0.0,1.0,1.0,0.25,0.25,0.25,0.0,0.25,0,292.010498046875,0,muon,0.18684072381869118,1270.8741455078125,-1.0,0.0,0.0,0.0,0.0,1.0,1.0,0.25,0.25,0.25,0.0,0.25,0,292.010498046875,0,muon,0.18684072381869118,1270.8741455078125,-1.0,0.0,0.0,0.0,0.0,1.0,1.0,0.25,0.25,0.25,0.0,0.25,1,3.162277789670043e-05,3.162277789670043e-05
1361,Tbl_correct,label_Tbl,label_Tbl,0.9017434120178223,518.0097750504485,0,0,151.60948181152344,0,electron,0.25391079388798404,445.4879455566406,1.0,0.0,0.0,0.0,1.0,0.0,1.0,0.1875,0.1875,0.5,0.125,0.0,0,151.60948181152344,0,electron,0.25391079388798404,445.4879455566406,1.0,0.0,0.0,0.0,1.0,0.0,1.0,0.1875,0.1875,0.5,0.125,0.0,0,151.60948181152344,0,electron,0.25391079388798404,445.4879455566406,1.0,0.0,0.0,0.0,1.0,0.0,1.0,0.1875,0.1875,0.5,0.125,0.0,1,3.162277789670043e-05,3.162277789670043e-05
1362,Tbl_correct,label_Tbl,label_Tbl,0.9999901056289673,737.3426437457036,0,0,427.4591064453125,0,electron,0.19390926622646465,1776.9693603515625,-1.0,0.0,0.0,0.0,1.0,0.0,1.0,0.25,0.25,0.25,0.25,0.0,0,427.4591064453125,0,electron,0.19390926622646465,1776.9693603515625,-1.0,0.0,0.0,0.0,1.0,0.0,1.0,0.25,0.25,0.25,0.25,0.0,0,427.4591064453125,0,electron,0.19390926622646465,1776.9693603515625,-1.0,0.0,0.0,0.0,1.0,0.0,1.0,0.25,0.25,0.25,0.25,0.0,1,3.162277789670043e-05,3.162277789670043e-05
1363,Tbl_to_Hqql,label_Tbl,label_Hqql,0.5286086797714233,688.6673846685372,0,0,545.9666748046875,0,electron,0.07495260200746982,6738.1923828125,-1.0,0.0,0.0,0.0,1.0,0.0,1.0,0.0,0.25,0.0,0.75,0.0,0,545.9666748046875,0,electron,0.07495260200746982,6738.1923828125,-1.0,0.0,0.0,0.0,1.0,0.0,1.0,0.0,0.25,0.0,0.75,0.0,0,545.9666748046875,0,electron,0.07495260200746982,6738.1923828125,-1.0,0.0,0.0,0.0,1.0,0.0,1.0,0.0,0.25,0.0,0.75,0.0,1,3.162277789670043e-05,3.162277789670043e-05
1364,Tbl_correct,label_Tbl,label_Tbl,0.9997773766517639,683.3828656882777,0,0,248.95120239257812,0,electron,0.13466971163553587,1599.654541015625,1.0,0.0,0.0,0.0,1.0,0.0,1.0,0.6875,0.0,0.0,0.3125,0.0,0,248.95120239257812,0,electron,0.13466971163553587,1599.654541015625,1.0,0.0,0.0,0.0,1.0,0.0,1.0,0.6875,0.0,0.0,0.3125,0.0,0,248.95120239257812,0,electron,0.13466971163553587,1599.654541015625,1.0,0.0,0.0,0.0,1.0,0.0,1.0,0.6875,0.0,0.0,0.3125,0.0,1,3.162277789670043e-05,3.162277789670043e-05
1365,Tbl_correct,label_Tbl,label_Tbl,0.9988380074501038,564.0042181804855,0,0,109.03646087646484,0,muon,0.18016865673638147,496.15460205078125,1.0,0.0,0.0,0.0,0.0,1.0,1.0,0.1875,0.25,0.375,0.0,0.1875,0,109.03646087646484,0,muon,0.18016865673638147,496.15460205078125,1.0,0.0,0.0,0.0,0.0,1.0,1.0,0.1875,0.25,0.375,0.0,0.1875,0,109.03646087646484,0,muon,0.18016865673638147,496.15460205078125,1.0,0.0,0.0,0.0,0.0,1.0,1.0,0.1875,0.25,0.375,0.0,0.1875,1,3.162277789670043e-05,3.162277789670043e-05
1366,Tbl_correct,label_Tbl,label_Tbl,0.9999996423721313,661.952042454275,0,0,470.35064697265625,0,electron,0.1228987632257639,3356.788330078125,1.0,0.0,0.0,0.0,1.0,0.0,1.0,0.5625,0.0,0.0,0.4375,0.0,0,470.35064697265625,0,electron,0.1228987632257639,3356.788330078125,1.0,0.0,0.0,0.0,1.0,0.0,1.0,0.5625,0.0,0.0,0.4375,0.0,0,470.35064697265625,0,electron,0.1228987632257639,3356.788330078125,1.0,0.0,0.0,0.0,1.0,0.0,1.0,0.5625,0.0,0.0,0.4375,0.0,1,3.162277789670043e-05,3.162277789670043e-05
1367,Tbl_correct,label_Tbl,label_Tbl,0.9994780421257019,627.4133770602715,0,0,235.00762939453125,0,charged_hadron,0.16288738192154453,1207.7537841796875,-1.0,1.0,0.0,0.0,0.0,0.0,0.0,1.0,0.0,0.0,0.0,0.0,0,235.00762939453125,0,charged_hadron,0.16288738192154453,1207.7537841796875,-1.0,1.0,0.0,0.0,0.0,0.0,0.0,1.0,0.0,0.0,0.0,0.0,1,58.38005447387695,1,muon,0.1791398124880012,267.5109558105469,1.0,0.0,0.0,0.0,0.0,1.0,1.0,0.3125,0.0,0.4375,0.0,0.25,1,0.6377503871917725,0.6377503871917725
1368,Tbl_correct,label_Tbl,label_Tbl,0.9964279532432556,577.3530232302005,0,0,426.10992431640625,0,muon,0.24622197430918902,1304.482666015625,-1.0,0.0,0.0,0.0,0.0,1.0,1.0,0.5,0.3125,0.0,0.0,0.1875,0,426.10992431640625,0,muon,0.24622197430918902,1304.482666015625,-1.0,0.0,0.0,0.0,0.0,1.0,1.0,0.5,0.3125,0.0,0.0,0.1875,0,426.10992431640625,0,muon,0.24622197430918902,1304.482666015625,-1.0,0.0,0.0,0.0,0.0,1.0,1.0,0.5,0.3125,0.0,0.0,0.1875,1,3.162277789670043e-05,3.162277789670043e-05
1369,Tbl_correct,label_Tbl,label_Tbl,0.9999881982803345,596.754396931631,0,0,207.61492919921875,0,electron,0.13791034764967455,1297.819091796875,-1.0,0.0,0.0,0.0,1.0,0.0,1.0,0.0,0.0,0.625,0.375,0.0,0,207.61492919921875,0,electron,0.13791034764967455,1297.819091796875,-1.0,0.0,0.0,0.0,1.0,0.0,1.0,0.0,0.0,0.625,0.375,0.0,0,207.61492919921875,0,electron,0.13791034764967455,1297.819091796875,-1.0,0.0,0.0,0.0,1.0,0.0,1.0,0.0,0.0,0.625,0.375,0.0,1,3.162277789670043e-05,3.162277789670043e-05
1370,Tbl_correct,label_Tbl,label_Tbl,0.9980567097663879,591.1010530749525,0,0,246.7196044921875,0,muon,0.1954923515159136,1015.3226318359375,1.0,0.0,0.0,0.0,0.0,1.0,1.0,0.5,0.0,0.25,0.0,0.25,0,246.7196044921875,0,muon,0.1954923515159136,1015.3226318359375,1.0,0.0,0.0,0.0,0.0,1.0,1.0,0.5,0.0,0.25,0.0,0.25,0,246.7196044921875,0,muon,0.1954923515159136,1015.3226318359375,1.0,0.0,0.0,0.0,0.0,1.0,1.0,0.5,0.0,0.25,0.0,0.25,1,3.162277789670043e-05,3.162277789670043e-05
1371,Tbl_to_Hqql,label_Tbl,label_Hqql,0.6422441005706787,552.7368431948333,0,0,323.8760070800781,0,muon,0.07657834282547592,3905.466064453125,1.0,0.0,0.0,0.0,0.0,1.0,1.0,0.0,0.0,0.4375,0.0,0.5625,0,323.8760070800781,0,muon,0.07657834282547592,3905.466064453125,1.0,0.0,0.0,0.0,0.0,1.0,1.0,0.0,0.0,0.4375,0.0,0.5625,0,323.8760070800781,0,muon,0.07657834282547592,3905.466064453125,1.0,0.0,0.0,0.0,0.0,1.0,1.0,0.0,0.0,0.4375,0.0,0.5625,1,3.162277789670043e-05,3.162277789670043e-05
1372,Tbl_correct,label_Tbl,label_Tbl,0.9999347925186157,831.1080856247127,0,0,432.13275146484375,0,electron,0.19358635519263845,1800.115234375,-1.0,0.0,0.0,0.0,1.0,0.0,1.0,0.5,0.0,0.25,0.25,0.0,0,432.13275146484375,0,electron,0.19358635519263845,1800.115234375,-1.0,0.0,0.0,0.0,1.0,0.0,1.0,0.5,0.0,0.25,0.25,0.0,0,432.13275146484375,0,electron,0.19358635519263845,1800.115234375,-1.0,0.0,0.0,0.0,1.0,0.0,1.0,0.5,0.0,0.25,0.25,0.0,1,3.162277789670043e-05,3.162277789670043e-05
1373,Tbl_correct,label_Tbl,label_Tbl,0.9999778270721436,662.7580804479952,0,0,214.76095581054688,0,muon,0.2209894415193053,757.0545043945312,1.0,0.0,0.0,0.0,0.0,1.0,1.0,0.3125,0.25,0.25,0.0,0.1875,0,214.76095581054688,0,muon,0.2209894415193053,757.0545043945312,1.0,0.0,0.0,0.0,0.0,1.0,1.0,0.3125,0.25,0.25,0.0,0.1875,0,214.76095581054688,0,muon,0.2209894415193053,757.0545043945312,1.0,0.0,0.0,0.0,0.0,1.0,1.0,0.3125,0.25,0.25,0.0,0.1875,1,3.162277789670043e-05,3.162277789670043e-05
1374,Tbl_correct,label_Tbl,label_Tbl,0.9995585083961487,570.7015937752037,0,0,253.7365264892578,0,electron,0.11020089203275191,2048.754150390625,1.0,0.0,0.0,0.0,1.0,0.0,1.0,0.0,0.0,0.5,0.5,0.0,0,253.7365264892578,0,electron,0.11020089203275191,2048.754150390625,1.0,0.0,0.0,0.0,1.0,0.0,1.0,0.0,0.0,0.5,0.5,0.0,0,253.7365264892578,0,electron,0.11020089203275191,2048.754150390625,1.0,0.0,0.0,0.0,1.0,0.0,1.0,0.0,0.0,0.5,0.5,0.0,1,3.162277789670043e-05,3.162277789670043e-05
1375,Tbl_correct,label_Tbl,label_Tbl,0.987689733505249,574.995630577142,0,0,171.30946350097656,0,muon,0.2620440761683101,482.4334716796875,-1.0,0.0,0.0,0.0,0.0,1.0,1.0,0.4375,0.0,0.4375,0.0,0.125,0,171.30946350097656,0,muon,0.2620440761683101,482.4334716796875,-1.0,0.0,0.0,0.0,0.0,1.0,1.0,0.4375,0.0,0.4375,0.0,0.125,0,171.30946350097656,0,muon,0.2620440761683101,482.4334716796875,-1.0,0.0,0.0,0.0,0.0,1.0,1.0,0.4375,0.0,0.4375,0.0,0.125,1,3.162277789670043e-05,3.162277789670043e-05
1376,Tbl_correct,label_Tbl,label_Tbl,0.9133949279785156,548.4258988580208,0,0,182.34840393066406,0,electron,0.1190872435233649,1348.8685302734375,-1.0,0.0,0.0,0.0,1.0,0.0,1.0,0.125,0.4375,0.0,0.4375,0.0,0,182.34840393066406,0,electron,0.1190872435233649,1348.8685302734375,-1.0,0.0,0.0,0.0,1.0,0.0,1.0,0.125,0.4375,0.0,0.4375,0.0,0,182.34840393066406,0,electron,0.1190872435233649,1348.8685302734375,-1.0,0.0,0.0,0.0,1.0,0.0,1.0,0.125,0.4375,0.0,0.4375,0.0,1,3.162277789670043e-05,3.162277789670043e-05
1377,Tbl_correct,label_Tbl,label_Tbl,0.9711904525756836,705.4779206859901,0,0,100.61677551269531,0,electron,0.28696370347195815,250.0086669921875,1.0,0.0,0.0,0.0,1.0,0.0,1.0,0.125,0.0,0.75,0.125,0.0,0,100.61677551269531,0,electron,0.28696370347195815,250.0086669921875,1.0,0.0,0.0,0.0,1.0,0.0,1.0,0.125,0.0,0.75,0.125,0.0,0,100.61677551269531,0,electron,0.28696370347195815,250.0086669921875,1.0,0.0,0.0,0.0,1.0,0.0,1.0,0.125,0.0,0.75,0.125,0.0,1,3.162277789670043e-05,3.162277789670043e-05
1378,Tbl_correct,label_Tbl,label_Tbl,0.9997053742408752,698.9969930844233,0,0,316.3433532714844,0,muon,0.24449574131245455,977.5170288085938,1.0,0.0,0.0,0.0,0.0,1.0,1.0,0.1875,0.0,0.625,0.0,0.1875,0,316.3433532714844,0,muon,0.24449574131245455,977.5170288085938,1.0,0.0,0.0,0.0,0.0,1.0,1.0,0.1875,0.0,0.625,0.0,0.1875,0,316.3433532714844,0,muon,0.24449574131245455,977.5170288085938,1.0,0.0,0.0,0.0,0.0,1.0,1.0,0.1875,0.0,0.625,0.0,0.1875,1,3.162277789670043e-05,3.162277789670043e-05
1379,Tbl_correct,label_Tbl,label_Tbl,0.9988247752189636,502.2122791272556,0,0,219.7357635498047,0,muon,0.08762266926233898,2288.014404296875,1.0,0.0,0.0,0.0,0.0,1.0,1.0,0.0,0.0,0.375,0.0,0.625,0,219.7357635498047,0,muon,0.08762266926233898,2288.014404296875,1.0,0.0,0.0,0.0,0.0,1.0,1.0,0.0,0.0,0.375,0.0,0.625,0,219.7357635498047,0,muon,0.08762266926233898,2288.014404296875,1.0,0.0,0.0,0.0,0.0,1.0,1.0,0.0,0.0,0.375,0.0,0.625,1,3.162277789670043e-05,3.162277789670043e-05
1380,Tbl_correct,label_Tbl,label_Tbl,0.6037942171096802,573.3826158029923,0,0,306.8921813964844,0,muon,0.18356999191643444,1364.9071044921875,1.0,0.0,0.0,0.0,0.0,1.0,1.0,0.5,0.25,0.0,0.0,0.25,0,306.8921813964844,0,muon,0.18356999191643444,1364.9071044921875,1.0,0.0,0.0,0.0,0.0,1.0,1.0,0.5,0.25,0.0,0.0,0.25,0,306.8921813964844,0,muon,0.18356999191643444,1364.9071044921875,1.0,0.0,0.0,0.0,0.0,1.0,1.0,0.5,0.25,0.0,0.0,0.25,1,3.162277789670043e-05,3.162277789670043e-05
1381,Tbl_correct,label_Tbl,label_Tbl,0.9917009472846985,592.4683710495402,0,0,527.3506469726562,0,muon,0.11061332352574692,4240.1640625,1.0,0.0,0.0,0.0,0.0,1.0,1.0,0.5,0.0,0.0,0.0,0.5,0,527.3506469726562,0,muon,0.11061332352574692,4240.1640625,1.0,0.0,0.0,0.0,0.0,1.0,1.0,0.5,0.0,0.0,0.0,0.5,0,527.3506469726562,0,muon,0.11061332352574692,4240.1640625,1.0,0.0,0.0,0.0,0.0,1.0,1.0,0.5,0.0,0.0,0.0,0.5,1,3.162277789670043e-05,3.162277789670043e-05
1382,Tbl_correct,label_Tbl,label_Tbl,0.9936472773551941,548.3672067374471,0,0,115.60763549804688,0,muon,0.20366354833491276,452.03265380859375,1.0,0.0,0.0,0.0,0.0,1.0,1.0,0.4375,0.0,0.375,0.0,0.1875,0,115.60763549804688,0,muon,0.20366354833491276,452.03265380859375,1.0,0.0,0.0,0.0,0.0,1.0,1.0,0.4375,0.0,0.375,0.0,0.1875,0,115.60763549804688,0,muon,0.20366354833491276,452.03265380859375,1.0,0.0,0.0,0.0,0.0,1.0,1.0,0.4375,0.0,0.375,0.0,0.1875,1,3.162277789670043e-05,3.162277789670043e-05
1383,Tbl_correct,label_Tbl,label_Tbl,0.8971487283706665,537.9169427647447,0,0,104.37066650390625,0,charged_hadron,0.1524295674365805,580.3433837890625,1.0,1.0,0.0,0.0,0.0,0.0,0.0,0.6875,0.1875,0.0,0.0,0.125,0,104.37066650390625,0,charged_hadron,0.1524295674365805,580.3433837890625,1.0,1.0,0.0,0.0,0.0,0.0,0.0,0.6875,0.1875,0.0,0.0,0.125,5,29.56871795654297,5,electron,0.17711192606399404,137.380615234375,-1.0,0.0,0.0,0.0,1.0,0.0,1.0,0.25,0.0,0.625,0.125,0.0,1,0.773037314414978,0.773037314414978
1384,Tbl_correct,label_Tbl,label_Tbl,0.9948086738586426,867.8657695572655,0,0,263.82421875,0,muon,0.23539366652400537,856.9545288085938,-1.0,0.0,0.0,0.0,0.0,1.0,1.0,0.0625,0.25,0.5,0.0,0.1875,0,263.82421875,0,muon,0.23539366652400537,856.9545288085938,-1.0,0.0,0.0,0.0,0.0,1.0,1.0,0.0625,0.25,0.5,0.0,0.1875,0,263.82421875,0,muon,0.23539366652400537,856.9545288085938,-1.0,0.0,0.0,0.0,0.0,1.0,1.0,0.0625,0.25,0.5,0.0,0.1875,1,3.162277789670043e-05,3.162277789670043e-05
1385,Tbl_correct,label_Tbl,label_Tbl,0.898993968963623,560.6525309232583,0,0,146.78408813476562,0,electron,0.30017231530649324,342.21533203125,1.0,0.0,0.0,0.0,1.0,0.0,1.0,0.125,0.0,0.75,0.125,0.0,0,146.78408813476562,0,electron,0.30017231530649324,342.21533203125,1.0,0.0,0.0,0.0,1.0,0.0,1.0,0.125,0.0,0.75,0.125,0.0,0,146.78408813476562,0,electron,0.30017231530649324,342.21533203125,1.0,0.0,0.0,0.0,1.0,0.0,1.0,0.125,0.0,0.75,0.125,0.0,1,3.162277789670043e-05,3.162277789670043e-05
1386,Tbl_correct,label_Tbl,label_Tbl,0.9999628067016602,583.577902204403,0,0,338.5196533203125,0,muon,0.10942064511215983,2755.22607421875,-1.0,0.0,0.0,0.0,0.0,1.0,1.0,0.0,0.0,0.5,0.0,0.5,0,338.5196533203125,0,muon,0.10942064511215983,2755.22607421875,-1.0,0.0,0.0,0.0,0.0,1.0,1.0,0.0,0.0,0.5,0.0,0.5,0,338.5196533203125,0,muon,0.10942064511215983,2755.22607421875,-1.0,0.0,0.0,0.0,0.0,1.0,1.0,0.0,0.0,0.5,0.0,0.5,1,3.162277789670043e-05,3.162277789670043e-05
1387,Tbl_correct,label_Tbl,label_Tbl,0.7712481021881104,511.57049586737577,0,0,297.96087646484375,0,muon,0.31478066160674745,648.6057739257812,-1.0,0.0,0.0,0.0,0.0,1.0,1.0,0.5625,0.0,0.3125,0.0,0.125,0,297.96087646484375,0,muon,0.31478066160674745,648.6057739257812,-1.0,0.0,0.0,0.0,0.0,1.0,1.0,0.5625,0.0,0.3125,0.0,0.125,0,297.96087646484375,0,muon,0.31478066160674745,648.6057739257812,-1.0,0.0,0.0,0.0,0.0,1.0,1.0,0.5625,0.0,0.3125,0.0,0.125,1,3.162277789670043e-05,3.162277789670043e-05
1388,Tbl_correct,label_Tbl,label_Tbl,0.9999998807907104,503.34959241496597,0,0,285.677490234375,0,muon,0.15387502357994176,1570.8778076171875,1.0,0.0,0.0,0.0,0.0,1.0,1.0,0.375,0.0,0.3125,0.0,0.3125,0,285.677490234375,0,muon,0.15387502357994176,1570.8778076171875,1.0,0.0,0.0,0.0,0.0,1.0,1.0,0.375,0.0,0.3125,0.0,0.3125,0,285.677490234375,0,muon,0.15387502357994176,1570.8778076171875,1.0,0.0,0.0,0.0,0.0,1.0,1.0,0.375,0.0,0.3125,0.0,0.3125,1,3.162277789670043e-05,3.162277789670043e-05
1389,Tbl_correct,label_Tbl,label_Tbl,0.9968448877334595,548.9434019745868,0,0,465.556396484375,0,electron,0.09421033392435908,4476.11376953125,-1.0,0.0,0.0,0.0,1.0,0.0,1.0,0.0,0.0,0.4375,0.5625,0.0,0,465.556396484375,0,electron,0.09421033392435908,4476.11376953125,-1.0,0.0,0.0,0.0,1.0,0.0,1.0,0.0,0.0,0.4375,0.5625,0.0,0,465.556396484375,0,electron,0.09421033392435908,4476.11376953125,-1.0,0.0,0.0,0.0,1.0,0.0,1.0,0.0,0.0,0.4375,0.5625,0.0,1,3.162277789670043e-05,3.162277789670043e-05
1390,Tbl_correct,label_Tbl,label_Tbl,0.9988665580749512,620.8210946774278,0,0,184.82643127441406,0,electron,0.0977344008532422,1706.2828369140625,1.0,0.0,0.0,0.0,1.0,0.0,1.0,0.4375,0.0,0.0,0.5625,0.0,0,184.82643127441406,0,electron,0.0977344008532422,1706.2828369140625,1.0,0.0,0.0,0.0,1.0,0.0,1.0,0.4375,0.0,0.0,0.5625,0.0,0,184.82643127441406,0,electron,0.0977344008532422,1706.2828369140625,1.0,0.0,0.0,0.0,1.0,0.0,1.0,0.4375,0.0,0.0,0.5625,0.0,1,3.162277789670043e-05,3.162277789670043e-05
1391,Tbl_correct,label_Tbl,label_Tbl,0.9999321699142456,500.82301634802565,0,0,117.23506164550781,0,muon,0.10931086305367162,955.2572631835938,1.0,0.0,0.0,0.0,0.0,1.0,1.0,0.3125,0.375,0.0,0.0,0.3125,0,117.23506164550781,0,muon,0.10931086305367162,955.2572631835938,1.0,0.0,0.0,0.0,0.0,1.0,1.0,0.3125,0.375,0.0,0.0,0.3125,0,117.23506164550781,0,muon,0.10931086305367162,955.2572631835938,1.0,0.0,0.0,0.0,0.0,1.0,1.0,0.3125,0.375,0.0,0.0,0.3125,1,3.162277789670043e-05,3.162277789670043e-05
1392,Tbl_correct,label_Tbl,label_Tbl,0.9993446469306946,937.0131902556859,0,0,404.8398132324219,0,muon,0.12258356256047553,2897.72216796875,-1.0,0.0,0.0,0.0,0.0,1.0,1.0,0.4375,0.0,0.125,0.0,0.4375,0,404.8398132324219,0,muon,0.12258356256047553,2897.72216796875,-1.0,0.0,0.0,0.0,0.0,1.0,1.0,0.4375,0.0,0.125,0.0,0.4375,0,404.8398132324219,0,muon,0.12258356256047553,2897.72216796875,-1.0,0.0,0.0,0.0,0.0,1.0,1.0,0.4375,0.0,0.125,0.0,0.4375,1,3.162277789670043e-05,3.162277789670043e-05
1393,Tbl_correct,label_Tbl,label_Tbl,1.0,511.6898880528177,0,0,136.8867950439453,0,electron,0.0962470971285652,1285.3565673828125,1.0,0.0,0.0,0.0,1.0,0.0,1.0,0.0,0.0,0.4375,0.5625,0.0,0,136.8867950439453,0,electron,0.0962470971285652,1285.3565673828125,1.0,0.0,0.0,0.0,1.0,0.0,1.0,0.0,0.0,0.4375,0.5625,0.0,0,136.8867950439453,0,electron,0.0962470971285652,1285.3565673828125,1.0,0.0,0.0,0.0,1.0,0.0,1.0,0.0,0.0,0.4375,0.5625,0.0,1,3.162277789670043e-05,3.162277789670043e-05
1394,Tbl_correct,label_Tbl,label_Tbl,0.9999219179153442,556.3202029227756,0,0,321.0677185058594,0,muon,0.1632376243828539,1645.8055419921875,1.0,0.0,0.0,0.0,0.0,1.0,1.0,0.375,0.0,0.3125,0.0,0.3125,0,321.0677185058594,0,muon,0.1632376243828539,1645.8055419921875,1.0,0.0,0.0,0.0,0.0,1.0,1.0,0.375,0.0,0.3125,0.0,0.3125,0,321.0677185058594,0,muon,0.1632376243828539,1645.8055419921875,1.0,0.0,0.0,0.0,0.0,1.0,1.0,0.375,0.0,0.3125,0.0,0.3125,1,3.162277789670043e-05,3.162277789670043e-05
1395,Tbl_correct,label_Tbl,label_Tbl,0.8340722918510437,694.5247515092065,0,0,209.73171997070312,0,muon,0.11524424079295141,1610.1572265625,-1.0,0.0,0.0,0.0,0.0,1.0,1.0,0.0,0.375,0.25,0.0,0.375,0,209.73171997070312,0,muon,0.11524424079295141,1610.1572265625,-1.0,0.0,0.0,0.0,0.0,1.0,1.0,0.0,0.375,0.25,0.0,0.375,0,209.73171997070312,0,muon,0.11524424079295141,1610.1572265625,-1.0,0.0,0.0,0.0,0.0,1.0,1.0,0.0,0.375,0.25,0.0,0.375,1,3.162277789670043e-05,3.162277789670043e-05
1396,Tbl_correct,label_Tbl,label_Tbl,0.7008489370346069,613.8334853482826,0,0,222.81263732910156,0,electron,0.0861484528932074,2363.5673828125,1.0,0.0,0.0,0.0,1.0,0.0,1.0,0.4375,0.0,0.0,0.5625,0.0,0,222.81263732910156,0,electron,0.0861484528932074,2363.5673828125,1.0,0.0,0.0,0.0,1.0,0.0,1.0,0.4375,0.0,0.0,0.5625,0.0,0,222.81263732910156,0,electron,0.0861484528932074,2363.5673828125,1.0,0.0,0.0,0.0,1.0,0.0,1.0,0.4375,0.0,0.0,0.5625,0.0,1,3.162277789670043e-05,3.162277789670043e-05
1397,Tbl_correct,label_Tbl,label_Tbl,0.9999997615814209,515.8241163955845,0,0,274.876953125,0,muon,0.12374646359894001,1946.4144287109375,1.0,0.0,0.0,0.0,0.0,1.0,1.0,0.0,0.5625,0.0,0.0,0.4375,0,274.876953125,0,muon,0.12374646359894001,1946.4144287109375,1.0,0.0,0.0,0.0,0.0,1.0,1.0,0.0,0.5625,0.0,0.0,0.4375,0,274.876953125,0,muon,0.12374646359894001,1946.4144287109375,1.0,0.0,0.0,0.0,0.0,1.0,1.0,0.0,0.5625,0.0,0.0,0.4375,1,3.162277789670043e-05,3.162277789670043e-05
1398,Tbl_correct,label_Tbl,label_Tbl,0.9590029716491699,707.9869037562346,0,0,260.6128234863281,0,neutral_hadron,0.18803208762699045,1125.3890380859375,0.0,0.0,1.0,0.0,0.0,0.0,0.0,0.25,0.25,0.5,0.0,0.0,0,260.6128234863281,0,neutral_hadron,0.18803208762699045,1125.3890380859375,0.0,0.0,1.0,0.0,0.0,0.0,0.0,0.25,0.25,0.5,0.0,0.0,15,7.408359527587891,15,muon,0.022482990501909928,322.1011657714844,-1.0,0.0,0.0,0.0,0.0,1.0,1.0,0.0,0.0,0.8125,0.0,0.1875,1,0.8249914050102234,0.8249914050102234
1399,Tbl_correct,label_Tbl,label_Tbl,0.9999405145645142,539.1771820979632,0,0,108.21007537841797,0,neutral_hadron,0.08218531232506561,1208.449462890625,0.0,0.0,1.0,0.0,0.0,0.0,0.0,0.3125,0.25,0.4375,0.0,0.0,0,108.21007537841797,0,neutral_hadron,0.08218531232506561,1208.449462890625,0.0,0.0,1.0,0.0,0.0,0.0,0.0,0.3125,0.25,0.4375,0.0,0.0,3,62.5894660949707,3,electron,0.19249206187211787,262.56402587890625,1.0,0.0,0.0,0.0,1.0,0.0,1.0,0.0,0.0,0.75,0.25,0.0,1,0.7836053371429443,0.7836053371429443
1400,Tbl_correct,label_Tbl,label_Tbl,0.9422574639320374,780.031553134049,0,0,270.7068786621094,0,electron,0.24077055606712136,853.6286010742188,1.0,0.0,0.0,0.0,1.0,0.0,1.0,0.5,0.0,0.3125,0.1875,0.0,0,270.7068786621094,0,electron,0.24077055606712136,853.6286010742188,1.0,0.0,0.0,0.0,1.0,0.0,1.0,0.5,0.0,0.3125,0.1875,0.0,0,270.7068786621094,0,electron,0.24077055606712136,853.6286010742188,1.0,0.0,0.0,0.0,1.0,0.0,1.0,0.5,0.0,0.3125,0.1875,0.0,1,3.162277789670043e-05,3.162277789670043e-05
1401,Tbl_correct,label_Tbl,label_Tbl,0.9971306920051575,513.1216424792395,0,0,177.98426818847656,0,muon,0.11516872467664617,1367.4376220703125,-1.0,0.0,0.0,0.0,0.0,1.0,1.0,0.5625,0.0,0.0,0.0,0.4375,0,177.98426818847656,0,muon,0.11516872467664617,1367.4376220703125,-1.0,0.0,0.0,0.0,0.0,1.0,1.0,0.5625,0.0,0.0,0.0,0.4375,0,177.98426818847656,0,muon,0.11516872467664617,1367.4376220703125,-1.0,0.0,0.0,0.0,0.0,1.0,1.0,0.5625,0.0,0.0,0.0,0.4375,1,3.162277789670043e-05,3.162277789670043e-05
1402,Tbl_correct,label_Tbl,label_Tbl,0.8572951555252075,553.4190641149901,0,0,166.64041137695312,0,electron,0.12986086756049975,1116.582275390625,1.0,0.0,0.0,0.0,1.0,0.0,1.0,0.125,0.3125,0.3125,0.25,0.0,0,166.64041137695312,0,electron,0.12986086756049975,1116.582275390625,1.0,0.0,0.0,0.0,1.0,0.0,1.0,0.125,0.3125,0.3125,0.25,0.0,0,166.64041137695312,0,electron,0.12986086756049975,1116.582275390625,1.0,0.0,0.0,0.0,1.0,0.0,1.0,0.125,0.3125,0.3125,0.25,0.0,1,3.162277789670043e-05,3.162277789670043e-05
1403,Tbl_correct,label_Tbl,label_Tbl,0.9948323965072632,541.1200534382466,0,0,151.77871704101562,0,neutral_hadron,0.15662080346856214,817.3052978515625,0.0,0.0,1.0,0.0,0.0,0.0,0.0,0.3125,0.3125,0.375,0.0,0.0,0,151.77871704101562,0,neutral_hadron,0.15662080346856214,817.3052978515625,0.0,0.0,1.0,0.0,0.0,0.0,0.0,0.3125,0.3125,0.375,0.0,0.0,1,128.0775909423828,1,muon,0.1191938429882481,946.454345703125,1.0,0.0,0.0,0.0,0.0,1.0,1.0,0.6875,0.0,0.0,0.0,0.3125,1,0.14869767427444458,0.14869767427444458
1404,Tbl_correct,label_Tbl,label_Tbl,1.0,558.4855842167956,0,0,253.394775390625,0,muon,0.19677002209220562,1034.37646484375,-1.0,0.0,0.0,0.0,0.0,1.0,1.0,0.5,0.0,0.25,0.0,0.25,0,253.394775390625,0,muon,0.19677002209220562,1034.37646484375,-1.0,0.0,0.0,0.0,0.0,1.0,1.0,0.5,0.0,0.25,0.0,0.25,0,253.394775390625,0,muon,0.19677002209220562,1034.37646484375,-1.0,0.0,0.0,0.0,0.0,1.0,1.0,0.5,0.0,0.25,0.0,0.25,1,3.162277789670043e-05,3.162277789670043e-05
1405,Tbl_correct,label_Tbl,label_Tbl,0.999948263168335,594.1086219958411,0,0,284.4485778808594,0,electron,0.31628297900562563,614.8997802734375,1.0,0.0,0.0,0.0,1.0,0.0,1.0,0.1875,0.375,0.3125,0.125,0.0,0,284.4485778808594,0,electron,0.31628297900562563,614.8997802734375,1.0,0.0,0.0,0.0,1.0,0.0,1.0,0.1875,0.375,0.3125,0.125,0.0,0,284.4485778808594,0,electron,0.31628297900562563,614.8997802734375,1.0,0.0,0.0,0.0,1.0,0.0,1.0,0.1875,0.375,0.3125,0.125,0.0,1,3.162277789670043e-05,3.162277789670043e-05
1406,Tbl_correct,label_Tbl,label_Tbl,0.9996813535690308,535.5547803280202,0,0,313.43994140625,0,muon,0.13324792292139312,2038.866455078125,1.0,0.0,0.0,0.0,0.0,1.0,1.0,0.0,0.0,0.625,0.0,0.375,0,313.43994140625,0,muon,0.13324792292139312,2038.866455078125,1.0,0.0,0.0,0.0,0.0,1.0,1.0,0.0,0.0,0.625,0.0,0.375,0,313.43994140625,0,muon,0.13324792292139312,2038.866455078125,1.0,0.0,0.0,0.0,0.0,1.0,1.0,0.0,0.0,0.625,0.0,0.375,1,3.162277789670043e-05,3.162277789670043e-05
1407,Tbl_correct,label_Tbl,label_Tbl,0.9954952001571655,537.0641333300792,0,0,162.9166717529297,0,muon,0.1393788858795244,1005.9595947265625,-1.0,0.0,0.0,0.0,0.0,1.0,1.0,0.0,0.375,0.25,0.0,0.375,0,162.9166717529297,0,muon,0.1393788858795244,1005.9595947265625,-1.0,0.0,0.0,0.0,0.0,1.0,1.0,0.0,0.375,0.25,0.0,0.375,0,162.9166717529297,0,muon,0.1393788858795244,1005.9595947265625,-1.0,0.0,0.0,0.0,0.0,1.0,1.0,0.0,0.375,0.25,0.0,0.375,1,3.162277789670043e-05,3.162277789670043e-05
1408,Tbl_correct,label_Tbl,label_Tbl,0.9306893944740295,864.6062359824106,0,0,212.31520080566406,0,muon,0.2560188903204477,616.9798583984375,1.0,0.0,0.0,0.0,0.0,1.0,1.0,0.5625,0.0,0.3125,0.0,0.125,0,212.31520080566406,0,muon,0.2560188903204477,616.9798583984375,1.0,0.0,0.0,0.0,0.0,1.0,1.0,0.5625,0.0,0.3125,0.0,0.125,0,212.31520080566406,0,muon,0.2560188903204477,616.9798583984375,1.0,0.0,0.0,0.0,0.0,1.0,1.0,0.5625,0.0,0.3125,0.0,0.125,1,3.162277789670043e-05,3.162277789670043e-05
1409,Tbl_correct,label_Tbl,label_Tbl,0.998340368270874,584.0435694338519,0,0,185.50094604492188,0,electron,0.10622044455420168,1560.8760986328125,1.0,0.0,0.0,0.0,1.0,0.0,1.0,0.5,0.0,0.0,0.5,0.0,0,185.50094604492188,0,electron,0.10622044455420168,1560.8760986328125,1.0,0.0,0.0,0.0,1.0,0.0,1.0,0.5,0.0,0.0,0.5,0.0,0,185.50094604492188,0,electron,0.10622044455420168,1560.8760986328125,1.0,0.0,0.0,0.0,1.0,0.0,1.0,0.5,0.0,0.0,0.5,0.0,1,3.162277789670043e-05,3.162277789670043e-05
1410,Tbl_correct,label_Tbl,label_Tbl,1.0,566.7720353982148,0,0,416.38470458984375,0,electron,0.13674940563428928,2628.4892578125,-1.0,0.0,0.0,0.0,1.0,0.0,1.0,0.25,0.375,0.0,0.375,0.0,0,416.38470458984375,0,electron,0.13674940563428928,2628.4892578125,-1.0,0.0,0.0,0.0,1.0,0.0,1.0,0.25,0.375,0.0,0.375,0.0,0,416.38470458984375,0,electron,0.13674940563428928,2628.4892578125,-1.0,0.0,0.0,0.0,1.0,0.0,1.0,0.25,0.375,0.0,0.375,0.0,1,3.162277789670043e-05,3.162277789670043e-05
1411,Tbl_to_Hqql,label_Tbl,label_Hqql,0.6611691117286682,505.4774638361663,0,0,143.11460876464844,0,electron,0.1581814737942569,761.6348876953125,1.0,0.0,0.0,0.0,1.0,0.0,1.0,0.0625,0.25,0.5,0.1875,0.0,0,143.11460876464844,0,electron,0.1581814737942569,761.6348876953125,1.0,0.0,0.0,0.0,1.0,0.0,1.0,0.0625,0.25,0.5,0.1875,0.0,0,143.11460876464844,0,electron,0.1581814737942569,761.6348876953125,1.0,0.0,0.0,0.0,1.0,0.0,1.0,0.0625,0.25,0.5,0.1875,0.0,1,3.162277789670043e-05,3.162277789670043e-05
1412,Tbl_correct,label_Tbl,label_Tbl,1.0,529.3143436429034,0,0,253.6124267578125,0,electron,0.12162880818704672,1831.5220947265625,-1.0,0.0,0.0,0.0,1.0,0.0,1.0,0.5625,0.0,0.0,0.4375,0.0,0,253.6124267578125,0,electron,0.12162880818704672,1831.5220947265625,-1.0,0.0,0.0,0.0,1.0,0.0,1.0,0.5625,0.0,0.0,0.4375,0.0,0,253.6124267578125,0,electron,0.12162880818704672,1831.5220947265625,-1.0,0.0,0.0,0.0,1.0,0.0,1.0,0.5625,0.0,0.0,0.4375,0.0,1,3.162277789670043e-05,3.162277789670043e-05
1413,Tbl_correct,label_Tbl,label_Tbl,0.9969905614852905,534.814481838536,0,0,198.22665405273438,0,muon,0.24088334721475532,624.6889038085938,-1.0,0.0,0.0,0.0,0.0,1.0,1.0,0.25,0.1875,0.375,0.0,0.1875,0,198.22665405273438,0,muon,0.24088334721475532,624.6889038085938,-1.0,0.0,0.0,0.0,0.0,1.0,1.0,0.25,0.1875,0.375,0.0,0.1875,0,198.22665405273438,0,muon,0.24088334721475532,624.6889038085938,-1.0,0.0,0.0,0.0,0.0,1.0,1.0,0.25,0.1875,0.375,0.0,0.1875,1,3.162277789670043e-05,3.162277789670043e-05
1414,Tbl_correct,label_Tbl,label_Tbl,0.9865466356277466,776.0035793759974,0,0,477.8130798339844,0,muon,0.4662346860668836,547.020751953125,-1.0,0.0,0.0,0.0,0.0,1.0,1.0,0.3125,0.125,0.5,0.0,0.0625,0,477.8130798339844,0,muon,0.4662346860668836,547.020751953125,-1.0,0.0,0.0,0.0,0.0,1.0,1.0,0.3125,0.125,0.5,0.0,0.0625,0,477.8130798339844,0,muon,0.4662346860668836,547.020751953125,-1.0,0.0,0.0,0.0,0.0,1.0,1.0,0.3125,0.125,0.5,0.0,0.0625,1,3.162277789670043e-05,3.162277789670043e-05
1415,Tbl_correct,label_Tbl,label_Tbl,0.9268149733543396,502.6019812070495,0,0,123.9339828491211,0,neutral_hadron,0.12677075412002464,853.6888427734375,0.0,0.0,1.0,0.0,0.0,0.0,0.0,0.5625,0.1875,0.0,0.25,0.0,0,123.9339828491211,0,neutral_hadron,0.12677075412002464,853.6888427734375,0.0,0.0,1.0,0.0,0.0,0.0,0.0,0.5625,0.1875,0.0,0.25,0.0,1,64.89710235595703,1,electron,0.21648308481141953,234.88198852539062,1.0,0.0,0.0,0.0,1.0,0.0,1.0,0.1875,0.25,0.375,0.1875,0.0,1,0.46629446744918823,0.46629446744918823
1416,Tbl_correct,label_Tbl,label_Tbl,0.9999996423721313,542.1843321045026,0,0,221.98590087890625,0,electron,0.13225131151634456,1456.52978515625,1.0,0.0,0.0,0.0,1.0,0.0,1.0,0.0,0.0,0.6875,0.3125,0.0,0,221.98590087890625,0,electron,0.13225131151634456,1456.52978515625,1.0,0.0,0.0,0.0,1.0,0.0,1.0,0.0,0.0,0.6875,0.3125,0.0,0,221.98590087890625,0,electron,0.13225131151634456,1456.52978515625,1.0,0.0,0.0,0.0,1.0,0.0,1.0,0.0,0.0,0.6875,0.3125,0.0,1,3.162277789670043e-05,3.162277789670043e-05
1417,Tbl_correct,label_Tbl,label_Tbl,0.5780397057533264,502.966257411721,0,0,137.8953094482422,0,electron,0.28446942798839436,346.8503112792969,-1.0,0.0,0.0,0.0,1.0,0.0,1.0,0.25,0.125,0.5625,0.0625,0.0,0,137.8953094482422,0,electron,0.28446942798839436,346.8503112792969,-1.0,0.0,0.0,0.0,1.0,0.0,1.0,0.25,0.125,0.5625,0.0625,0.0,0,137.8953094482422,0,electron,0.28446942798839436,346.8503112792969,-1.0,0.0,0.0,0.0,1.0,0.0,1.0,0.25,0.125,0.5625,0.0625,0.0,1,3.162277789670043e-05,3.162277789670043e-05
1418,Tbl_correct,label_Tbl,label_Tbl,0.9999992847442627,531.4463251851236,0,0,401.69378662109375,0,electron,0.09981995902913318,3622.4892578125,1.0,0.0,0.0,0.0,1.0,0.0,1.0,0.4375,0.0,0.0,0.5625,0.0,0,401.69378662109375,0,electron,0.09981995902913318,3622.4892578125,1.0,0.0,0.0,0.0,1.0,0.0,1.0,0.4375,0.0,0.0,0.5625,0.0,0,401.69378662109375,0,electron,0.09981995902913318,3622.4892578125,1.0,0.0,0.0,0.0,1.0,0.0,1.0,0.4375,0.0,0.0,0.5625,0.0,1,3.162277789670043e-05,3.162277789670043e-05
1419,Tbl_correct,label_Tbl,label_Tbl,0.9999797344207764,550.0510335428293,0,0,258.1173400878906,0,electron,0.19277100058512844,1080.866943359375,1.0,0.0,0.0,0.0,1.0,0.0,1.0,0.5,0.25,0.0,0.25,0.0,0,258.1173400878906,0,electron,0.19277100058512844,1080.866943359375,1.0,0.0,0.0,0.0,1.0,0.0,1.0,0.5,0.25,0.0,0.25,0.0,0,258.1173400878906,0,electron,0.19277100058512844,1080.866943359375,1.0,0.0,0.0,0.0,1.0,0.0,1.0,0.5,0.25,0.0,0.25,0.0,1,3.162277789670043e-05,3.162277789670043e-05
1420,Tbl_correct,label_Tbl,label_Tbl,0.9995513558387756,604.7328664360693,0,0,166.80032348632812,0,muon,0.25001310510716773,500.3659973144531,-1.0,0.0,0.0,0.0,0.0,1.0,1.0,0.375,0.3125,0.1875,0.0,0.125,0,166.80032348632812,0,muon,0.25001310510716773,500.3659973144531,-1.0,0.0,0.0,0.0,0.0,1.0,1.0,0.375,0.3125,0.1875,0.0,0.125,0,166.80032348632812,0,muon,0.25001310510716773,500.3659973144531,-1.0,0.0,0.0,0.0,0.0,1.0,1.0,0.375,0.3125,0.1875,0.0,0.125,1,3.162277789670043e-05,3.162277789670043e-05
1422,Tbl_correct,label_Tbl,label_Tbl,0.9778238534927368,500.7341486181715,0,0,116.58789825439453,0,electron,0.2660873219114041,321.5686340332031,1.0,0.0,0.0,0.0,1.0,0.0,1.0,0.1875,0.1875,0.5,0.125,0.0,0,116.58789825439453,0,electron,0.2660873219114041,321.5686340332031,1.0,0.0,0.0,0.0,1.0,0.0,1.0,0.1875,0.1875,0.5,0.125,0.0,0,116.58789825439453,0,electron,0.2660873219114041,321.5686340332031,1.0,0.0,0.0,0.0,1.0,0.0,1.0,0.1875,0.1875,0.5,0.125,0.0,1,3.162277789670043e-05,3.162277789670043e-05
1423,Tbl_correct,label_Tbl,label_Tbl,0.9999998807907104,525.8188572044901,0,0,407.20208740234375,0,electron,0.10879821995935575,3335.525390625,1.0,0.0,0.0,0.0,1.0,0.0,1.0,0.0,0.5,0.0,0.5,0.0,0,407.20208740234375,0,electron,0.10879821995935575,3335.525390625,1.0,0.0,0.0,0.0,1.0,0.0,1.0,0.0,0.5,0.0,0.5,0.0,0,407.20208740234375,0,electron,0.10879821995935575,3335.525390625,1.0,0.0,0.0,0.0,1.0,0.0,1.0,0.0,0.5,0.0,0.5,0.0,1,3.162277789670043e-05,3.162277789670043e-05
1424,Tbl_correct,label_Tbl,label_Tbl,0.9996862411499023,504.5860300525138,0,0,202.1986541748047,0,electron,0.15374052364675372,1112.99560546875,-1.0,0.0,0.0,0.0,1.0,0.0,1.0,0.625,0.0625,0.0,0.3125,0.0,0,202.1986541748047,0,electron,0.15374052364675372,1112.99560546875,-1.0,0.0,0.0,0.0,1.0,0.0,1.0,0.625,0.0625,0.0,0.3125,0.0,0,202.1986541748047,0,electron,0.15374052364675372,1112.99560546875,-1.0,0.0,0.0,0.0,1.0,0.0,1.0,0.625,0.0625,0.0,0.3125,0.0,1,3.162277789670043e-05,3.162277789670043e-05
1425,Tbl_correct,label_Tbl,label_Tbl,0.9997250437736511,590.9069802592386,0,0,67.96794891357422,0,neutral_hadron,0.2298233936751541,227.77195739746094,0.0,0.0,1.0,0.0,0.0,0.0,0.0,0.5,0.125,0.375,0.0,0.0,0,67.96794891357422,0,neutral_hadron,0.2298233936751541,227.77195739746094,0.0,0.0,1.0,0.0,0.0,0.0,0.0,0.5,0.125,0.375,0.0,0.0,1,55.87457275390625,1,muon,0.254201659233758,163.92955017089844,-1.0,0.0,0.0,0.0,0.0,1.0,1.0,0.375,0.125,0.375,0.0,0.125,1,0.7519698739051819,0.7519698739051819
1426,Tbl_correct,label_Tbl,label_Tbl,1.0,562.740291982365,0,0,172.0665283203125,0,muon,0.1358289496633592,1094.7218017578125,1.0,0.0,0.0,0.0,0.0,1.0,1.0,0.25,0.0,0.375,0.0,0.375,0,172.0665283203125,0,muon,0.1358289496633592,1094.7218017578125,1.0,0.0,0.0,0.0,0.0,1.0,1.0,0.25,0.0,0.375,0.0,0.375,0,172.0665283203125,0,muon,0.1358289496633592,1094.7218017578125,1.0,0.0,0.0,0.0,0.0,1.0,1.0,0.25,0.0,0.375,0.0,0.375,1,3.162277789670043e-05,3.162277789670043e-05
1427,Tbl_correct,label_Tbl,label_Tbl,0.9982197880744934,521.2095653459984,0,0,366.0783996582031,0,muon,0.14036982186740474,2241.878173828125,-1.0,0.0,0.0,0.0,0.0,1.0,1.0,0.4375,0.0,0.1875,0.0,0.375,0,366.0783996582031,0,muon,0.14036982186740474,2241.878173828125,-1.0,0.0,0.0,0.0,0.0,1.0,1.0,0.4375,0.0,0.1875,0.0,0.375,0,366.0783996582031,0,muon,0.14036982186740474,2241.878173828125,-1.0,0.0,0.0,0.0,0.0,1.0,1.0,0.4375,0.0,0.1875,0.0,0.375,1,3.162277789670043e-05,3.162277789670043e-05
1428,Tbl_correct,label_Tbl,label_Tbl,0.9687705039978027,549.1789358735919,0,0,126.34432983398438,0,photon,0.1328770784374965,824.4918212890625,0.0,0.0,0.0,1.0,0.0,0.0,0.0,0.0,0.0,0.625,0.375,0.0,0,126.34432983398438,0,photon,0.1328770784374965,824.4918212890625,0.0,0.0,0.0,1.0,0.0,0.0,0.0,0.0,0.0,0.625,0.375,0.0,9,13.9105863571167,9,electron,0.01462984537594929,936.9255981445312,1.0,0.0,0.0,0.0,1.0,0.0,1.0,0.0,0.0,0.6875,0.3125,0.0,1,0.12039046734571457,0.12039046734571457
1429,Tbl_correct,label_Tbl,label_Tbl,0.951740026473999,518.551238994292,0,0,383.077392578125,0,electron,0.1638953420417036,1954.251953125,-1.0,0.0,0.0,0.0,1.0,0.0,1.0,0.375,0.0,0.3125,0.3125,0.0,0,383.077392578125,0,electron,0.1638953420417036,1954.251953125,-1.0,0.0,0.0,0.0,1.0,0.0,1.0,0.375,0.0,0.3125,0.3125,0.0,0,383.077392578125,0,electron,0.1638953420417036,1954.251953125,-1.0,0.0,0.0,0.0,1.0,0.0,1.0,0.375,0.0,0.3125,0.3125,0.0,1,3.162277789670043e-05,3.162277789670043e-05
1430,Tbl_correct,label_Tbl,label_Tbl,0.9993945360183716,564.9054671869021,0,0,316.7162780761719,0,electron,0.09823710452113492,2907.2822265625,-1.0,0.0,0.0,0.0,1.0,0.0,1.0,0.0,0.4375,0.0,0.5625,0.0,0,316.7162780761719,0,electron,0.09823710452113492,2907.2822265625,-1.0,0.0,0.0,0.0,1.0,0.0,1.0,0.0,0.4375,0.0,0.5625,0.0,0,316.7162780761719,0,electron,0.09823710452113492,2907.2822265625,-1.0,0.0,0.0,0.0,1.0,0.0,1.0,0.0,0.4375,0.0,0.5625,0.0,1,3.162277789670043e-05,3.162277789670043e-05
1431,Tbl_correct,label_Tbl,label_Tbl,0.9818520545959473,827.234966280811,0,0,241.39486694335938,0,charged_hadron,0.11782595967538716,1807.3460693359375,1.0,1.0,0.0,0.0,0.0,0.0,0.0,0.5625,0.0,0.4375,0.0,0.0,0,241.39486694335938,0,charged_hadron,0.11782595967538716,1807.3460693359375,1.0,1.0,0.0,0.0,0.0,0.0,0.0,0.5625,0.0,0.4375,0.0,0.0,1,209.47520446777344,1,electron,0.11366096718659882,1633.507568359375,1.0,0.0,0.0,0.0,1.0,0.0,1.0,0.4375,0.0,0.125,0.4375,0.0,1,0.21214939653873444,0.21214939653873444
1432,Tbl_correct,label_Tbl,label_Tbl,0.9999881982803345,742.5973135960007,0,0,141.01531982421875,0,muon,0.1090370760368656,1152.2633056640625,-1.0,0.0,0.0,0.0,0.0,1.0,1.0,0.4375,0.0,0.3125,0.0,0.25,0,141.01531982421875,0,muon,0.1090370760368656,1152.2633056640625,-1.0,0.0,0.0,0.0,0.0,1.0,1.0,0.4375,0.0,0.3125,0.0,0.25,0,141.01531982421875,0,muon,0.1090370760368656,1152.2633056640625,-1.0,0.0,0.0,0.0,0.0,1.0,1.0,0.4375,0.0,0.3125,0.0,0.25,1,3.162277789670043e-05,3.162277789670043e-05
1433,Tbl_correct,label_Tbl,label_Tbl,0.9976844787597656,614.1772533680013,0,0,254.98782348632812,0,electron,0.31363508653788225,558.0201416015625,-1.0,0.0,0.0,0.0,1.0,0.0,1.0,0.1875,0.0,0.6875,0.125,0.0,0,254.98782348632812,0,electron,0.31363508653788225,558.0201416015625,-1.0,0.0,0.0,0.0,1.0,0.0,1.0,0.1875,0.0,0.6875,0.125,0.0,0,254.98782348632812,0,electron,0.31363508653788225,558.0201416015625,-1.0,0.0,0.0,0.0,1.0,0.0,1.0,0.1875,0.0,0.6875,0.125,0.0,1,3.162277789670043e-05,3.162277789670043e-05
1434,Tbl_correct,label_Tbl,label_Tbl,0.6718581914901733,777.8717302352638,0,0,412.64935302734375,0,muon,0.31117961421323537,913.4315795898438,-1.0,0.0,0.0,0.0,0.0,1.0,1.0,0.125,0.0,0.75,0.0,0.125,0,412.64935302734375,0,muon,0.31117961421323537,913.4315795898438,-1.0,0.0,0.0,0.0,0.0,1.0,1.0,0.125,0.0,0.75,0.0,0.125,0,412.64935302734375,0,muon,0.31117961421323537,913.4315795898438,-1.0,0.0,0.0,0.0,0.0,1.0,1.0,0.125,0.0,0.75,0.0,0.125,1,3.162277789670043e-05,3.162277789670043e-05
1435,Tbl_correct,label_Tbl,label_Tbl,0.9738213419914246,600.1056845514885,0,0,352.48126220703125,0,muon,0.12377266596953111,2495.33056640625,1.0,0.0,0.0,0.0,0.0,1.0,1.0,0.0,0.5,0.0625,0.0,0.4375,0,352.48126220703125,0,muon,0.12377266596953111,2495.33056640625,1.0,0.0,0.0,0.0,0.0,1.0,1.0,0.0,0.5,0.0625,0.0,0.4375,0,352.48126220703125,0,muon,0.12377266596953111,2495.33056640625,1.0,0.0,0.0,0.0,0.0,1.0,1.0,0.0,0.5,0.0625,0.0,0.4375,1,3.162277789670043e-05,3.162277789670043e-05
1436,Tbl_correct,label_Tbl,label_Tbl,0.9948752522468567,517.3721533296734,0,0,211.4847869873047,0,electron,0.1624267011714605,1090.54736328125,1.0,0.0,0.0,0.0,1.0,0.0,1.0,0.0625,0.3125,0.3125,0.3125,0.0,0,211.4847869873047,0,electron,0.1624267011714605,1090.54736328125,1.0,0.0,0.0,0.0,1.0,0.0,1.0,0.0625,0.3125,0.3125,0.3125,0.0,0,211.4847869873047,0,electron,0.1624267011714605,1090.54736328125,1.0,0.0,0.0,0.0,1.0,0.0,1.0,0.0625,0.3125,0.3125,0.3125,0.0,1,3.162277789670043e-05,3.162277789670043e-05
1437,Tbl_correct,label_Tbl,label_Tbl,0.9999994039535522,623.0720098152213,0,0,224.37570190429688,0,muon,0.12427629381230121,1581.0828857421875,-1.0,0.0,0.0,0.0,0.0,1.0,1.0,0.0,0.0,0.5625,0.0,0.4375,0,224.37570190429688,0,muon,0.12427629381230121,1581.0828857421875,-1.0,0.0,0.0,0.0,0.0,1.0,1.0,0.0,0.0,0.5625,0.0,0.4375,0,224.37570190429688,0,muon,0.12427629381230121,1581.0828857421875,-1.0,0.0,0.0,0.0,0.0,1.0,1.0,0.0,0.0,0.5625,0.0,0.4375,1,3.162277789670043e-05,3.162277789670043e-05
1438,Tbl_correct,label_Tbl,label_Tbl,0.9540501236915588,582.9819427715204,0,0,136.57176208496094,0,neutral_hadron,0.16415587257676206,695.3921508789062,0.0,0.0,1.0,0.0,0.0,0.0,0.0,0.1875,0.25,0.5625,0.0,0.0,0,136.57176208496094,0,neutral_hadron,0.16415587257676206,695.3921508789062,0.0,0.0,1.0,0.0,0.0,0.0,0.0,0.1875,0.25,0.5625,0.0,0.0,1,127.18492889404297,1,electron,0.17206256191387634,611.9934692382812,-1.0,0.0,0.0,0.0,1.0,0.0,1.0,0.0,0.3125,0.4375,0.25,0.0,1,0.34053584933280945,0.34053584933280945
1439,Tbl_correct,label_Tbl,label_Tbl,0.9995967745780945,528.556714886362,0,0,211.47068786621094,0,neutral_hadron,0.07392131442419862,2649.283203125,0.0,0.0,1.0,0.0,0.0,0.0,0.0,0.25,0.75,0.0,0.0,0.0,0,211.47068786621094,0,neutral_hadron,0.07392131442419862,2649.283203125,0.0,0.0,1.0,0.0,0.0,0.0,0.0,0.25,0.75,0.0,0.0,0.0,1,174.685791015625,1,muon,0.05604655343458084,2942.1123046875,1.0,0.0,0.0,0.0,0.0,1.0,1.0,0.0,0.25,0.0,0.0,0.75,1,0.4249454140663147,0.4249454140663147
1440,Tbl_correct,label_Tbl,label_Tbl,0.9999505281448364,551.7205020897885,0,0,314.5999450683594,0,electron,0.09763672088453274,2907.5478515625,-1.0,0.0,0.0,0.0,1.0,0.0,1.0,0.0,0.0,0.4375,0.5625,0.0,0,314.5999450683594,0,electron,0.09763672088453274,2907.5478515625,-1.0,0.0,0.0,0.0,1.0,0.0,1.0,0.0,0.0,0.4375,0.5625,0.0,0,314.5999450683594,0,electron,0.09763672088453274,2907.5478515625,-1.0,0.0,0.0,0.0,1.0,0.0,1.0,0.0,0.0,0.4375,0.5625,0.0,1,3.162277789670043e-05,3.162277789670043e-05
1441,Tbl_correct,label_Tbl,label_Tbl,0.9989668130874634,550.8642436673177,0,0,144.82437133789062,0,electron,0.29459339499658577,346.7832946777344,1.0,0.0,0.0,0.0,1.0,0.0,1.0,0.5625,0.3125,0.0,0.125,0.0,0,144.82437133789062,0,electron,0.29459339499658577,346.7832946777344,1.0,0.0,0.0,0.0,1.0,0.0,1.0,0.5625,0.3125,0.0,0.125,0.0,0,144.82437133789062,0,electron,0.29459339499658577,346.7832946777344,1.0,0.0,0.0,0.0,1.0,0.0,1.0,0.5625,0.3125,0.0,0.125,0.0,1,3.162277789670043e-05,3.162277789670043e-05
1442,Tbl_correct,label_Tbl,label_Tbl,0.822335422039032,533.8550903184469,0,0,262.451171875,0,muon,0.12011305375818941,1922.5833740234375,1.0,0.0,0.0,0.0,0.0,1.0,1.0,0.5625,0.0,0.0,0.0,0.4375,0,262.451171875,0,muon,0.12011305375818941,1922.5833740234375,1.0,0.0,0.0,0.0,0.0,1.0,1.0,0.5625,0.0,0.0,0.0,0.4375,0,262.451171875,0,muon,0.12011305375818941,1922.5833740234375,1.0,0.0,0.0,0.0,0.0,1.0,1.0,0.5625,0.0,0.0,0.0,0.4375,1,3.162277789670043e-05,3.162277789670043e-05
1443,Tbl_correct,label_Tbl,label_Tbl,0.9997385144233704,543.2327158554874,0,0,189.8612823486328,0,muon,0.16233127653469653,979.730224609375,-1.0,0.0,0.0,0.0,0.0,1.0,1.0,0.75,0.0,0.0,0.0,0.25,0,189.8612823486328,0,muon,0.16233127653469653,979.730224609375,-1.0,0.0,0.0,0.0,0.0,1.0,1.0,0.75,0.0,0.0,0.0,0.25,0,189.8612823486328,0,muon,0.16233127653469653,979.730224609375,-1.0,0.0,0.0,0.0,0.0,1.0,1.0,0.75,0.0,0.0,0.0,0.25,1,3.162277789670043e-05,3.162277789670043e-05
1444,Tbl_correct,label_Tbl,label_Tbl,0.9995050430297852,571.1015119176776,0,0,209.77105712890625,0,electron,0.172237565018398,1008.1459350585938,1.0,0.0,0.0,0.0,1.0,0.0,1.0,0.4375,0.3125,0.0,0.25,0.0,0,209.77105712890625,0,electron,0.172237565018398,1008.1459350585938,1.0,0.0,0.0,0.0,1.0,0.0,1.0,0.4375,0.3125,0.0,0.25,0.0,0,209.77105712890625,0,electron,0.172237565018398,1008.1459350585938,1.0,0.0,0.0,0.0,1.0,0.0,1.0,0.4375,0.3125,0.0,0.25,0.0,1,3.162277789670043e-05,3.162277789670043e-05
1445,Tbl_correct,label_Tbl,label_Tbl,0.7874729037284851,531.0816690819496,0,0,122.62897491455078,0,neutral_hadron,0.10329581662683078,1064.5340576171875,0.0,0.0,1.0,0.0,0.0,0.0,0.0,0.5,0.5,0.0,0.0,0.0,0,122.62897491455078,0,neutral_hadron,0.10329581662683078,1064.5340576171875,0.0,0.0,1.0,0.0,0.0,0.0,0.0,0.5,0.5,0.0,0.0,0.0,2,77.48430633544922,2,electron,0.09910805973392005,704.3320922851562,1.0,0.0,0.0,0.0,1.0,0.0,1.0,0.5,0.0,0.0,0.5,0.0,1,0.23138919472694397,0.23138919472694397
1446,Tbl_correct,label_Tbl,label_Tbl,0.9999955892562866,642.4130225753378,0,0,342.3691711425781,0,electron,0.22546732744913422,1176.11767578125,-1.0,0.0,0.0,0.0,1.0,0.0,1.0,0.1875,0.0,0.625,0.1875,0.0,0,342.3691711425781,0,electron,0.22546732744913422,1176.11767578125,-1.0,0.0,0.0,0.0,1.0,0.0,1.0,0.1875,0.0,0.625,0.1875,0.0,0,342.3691711425781,0,electron,0.22546732744913422,1176.11767578125,-1.0,0.0,0.0,0.0,1.0,0.0,1.0,0.1875,0.0,0.625,0.1875,0.0,1,3.162277789670043e-05,3.162277789670043e-05
1447,Tbl_correct,label_Tbl,label_Tbl,0.905185878276825,518.7084566493161,0,0,125.30899810791016,0,muon,0.23443155543175861,409.2137451171875,-1.0,0.0,0.0,0.0,0.0,1.0,1.0,0.3125,0.0,0.5625,0.0,0.125,0,125.30899810791016,0,muon,0.23443155543175861,409.2137451171875,-1.0,0.0,0.0,0.0,0.0,1.0,1.0,0.3125,0.0,0.5625,0.0,0.125,0,125.30899810791016,0,muon,0.23443155543175861,409.2137451171875,-1.0,0.0,0.0,0.0,0.0,1.0,1.0,0.3125,0.0,0.5625,0.0,0.125,1,3.162277789670043e-05,3.162277789670043e-05
1448,Tbl_correct,label_Tbl,label_Tbl,0.9272063970565796,798.3201538432704,0,0,359.9436950683594,0,muon,0.23321565020152768,1183.4505615234375,1.0,0.0,0.0,0.0,0.0,1.0,1.0,0.625,0.1875,0.0,0.0,0.1875,0,359.9436950683594,0,muon,0.23321565020152768,1183.4505615234375,1.0,0.0,0.0,0.0,0.0,1.0,1.0,0.625,0.1875,0.0,0.0,0.1875,0,359.9436950683594,0,muon,0.23321565020152768,1183.4505615234375,1.0,0.0,0.0,0.0,0.0,1.0,1.0,0.625,0.1875,0.0,0.0,0.1875,1,3.162277789670043e-05,3.162277789670043e-05
1449,Tbl_correct,label_Tbl,label_Tbl,0.998468816280365,659.6264303676543,0,0,179.57701110839844,0,muon,0.11239585919789086,1418.14208984375,-1.0,0.0,0.0,0.0,0.0,1.0,1.0,0.4375,0.0,0.125,0.0,0.4375,0,179.57701110839844,0,muon,0.11239585919789086,1418.14208984375,-1.0,0.0,0.0,0.0,0.0,1.0,1.0,0.4375,0.0,0.125,0.0,0.4375,0,179.57701110839844,0,muon,0.11239585919789086,1418.14208984375,-1.0,0.0,0.0,0.0,0.0,1.0,1.0,0.4375,0.0,0.125,0.0,0.4375,1,3.162277789670043e-05,3.162277789670043e-05
1450,Tbl_correct,label_Tbl,label_Tbl,0.727769136428833,524.495375327927,0,0,184.1883544921875,0,muon,0.16151727895583906,956.1748046875,-1.0,0.0,0.0,0.0,0.0,1.0,1.0,0.375,0.0,0.3125,0.0,0.3125,0,184.1883544921875,0,muon,0.16151727895583906,956.1748046875,-1.0,0.0,0.0,0.0,0.0,1.0,1.0,0.375,0.0,0.3125,0.0,0.3125,0,184.1883544921875,0,muon,0.16151727895583906,956.1748046875,-1.0,0.0,0.0,0.0,0.0,1.0,1.0,0.375,0.0,0.3125,0.0,0.3125,1,3.162277789670043e-05,3.162277789670043e-05
1451,Tbl_correct,label_Tbl,label_Tbl,0.9997144341468811,738.9703013236519,0,0,616.752197265625,0,muon,0.11917050489941643,4558.6240234375,-1.0,0.0,0.0,0.0,0.0,1.0,1.0,0.0,0.0625,0.5,0.0,0.4375,0,616.752197265625,0,muon,0.11917050489941643,4558.6240234375,-1.0,0.0,0.0,0.0,0.0,1.0,1.0,0.0,0.0625,0.5,0.0,0.4375,0,616.752197265625,0,muon,0.11917050489941643,4558.6240234375,-1.0,0.0,0.0,0.0,0.0,1.0,1.0,0.0,0.0625,0.5,0.0,0.4375,1,3.162277789670043e-05,3.162277789670043e-05
1452,Tbl_correct,label_Tbl,label_Tbl,0.9676876068115234,592.4655276478275,0,0,207.06964111328125,0,electron,0.21724515822658363,746.0914916992188,1.0,0.0,0.0,0.0,1.0,0.0,1.0,0.3125,0.0,0.5,0.1875,0.0,0,207.06964111328125,0,electron,0.21724515822658363,746.0914916992188,1.0,0.0,0.0,0.0,1.0,0.0,1.0,0.3125,0.0,0.5,0.1875,0.0,0,207.06964111328125,0,electron,0.21724515822658363,746.0914916992188,1.0,0.0,0.0,0.0,1.0,0.0,1.0,0.3125,0.0,0.5,0.1875,0.0,1,3.162277789670043e-05,3.162277789670043e-05
1453,Tbl_correct,label_Tbl,label_Tbl,0.9743699431419373,529.5994580459579,0,0,181.5787353515625,0,electron,0.2298322595159115,608.47021484375,1.0,0.0,0.0,0.0,1.0,0.0,1.0,0.375,0.25,0.1875,0.1875,0.0,0,181.5787353515625,0,electron,0.2298322595159115,608.47021484375,1.0,0.0,0.0,0.0,1.0,0.0,1.0,0.375,0.25,0.1875,0.1875,0.0,0,181.5787353515625,0,electron,0.2298322595159115,608.47021484375,1.0,0.0,0.0,0.0,1.0,0.0,1.0,0.375,0.25,0.1875,0.1875,0.0,1,3.162277789670043e-05,3.162277789670043e-05
1454,Tbl_correct,label_Tbl,label_Tbl,0.8606722354888916,589.9563282885879,0,0,139.24072265625,0,muon,0.22281106021163885,485.6866149902344,1.0,0.0,0.0,0.0,0.0,1.0,1.0,0.0625,0.25,0.5,0.0,0.1875,0,139.24072265625,0,muon,0.22281106021163885,485.6866149902344,1.0,0.0,0.0,0.0,0.0,1.0,1.0,0.0625,0.25,0.5,0.0,0.1875,0,139.24072265625,0,muon,0.22281106021163885,485.6866149902344,1.0,0.0,0.0,0.0,0.0,1.0,1.0,0.0625,0.25,0.5,0.0,0.1875,1,3.162277789670043e-05,3.162277789670043e-05
1455,Tbl_correct,label_Tbl,label_Tbl,0.9999303817749023,628.2938864864819,0,0,348.6307067871094,0,muon,0.23095466183405675,1160.889404296875,-1.0,0.0,0.0,0.0,0.0,1.0,1.0,0.25,0.0,0.5625,0.0,0.1875,0,348.6307067871094,0,muon,0.23095466183405675,1160.889404296875,-1.0,0.0,0.0,0.0,0.0,1.0,1.0,0.25,0.0,0.5625,0.0,0.1875,0,348.6307067871094,0,muon,0.23095466183405675,1160.889404296875,-1.0,0.0,0.0,0.0,0.0,1.0,1.0,0.25,0.0,0.5625,0.0,0.1875,1,3.162277789670043e-05,3.162277789670043e-05
1456,Tbl_correct,label_Tbl,label_Tbl,0.9954060316085815,671.5943320309251,0,0,319.7240905761719,0,electron,0.16131505490455958,1662.2613525390625,-1.0,0.0,0.0,0.0,1.0,0.0,1.0,0.375,0.3125,0.0,0.3125,0.0,0,319.7240905761719,0,electron,0.16131505490455958,1662.2613525390625,-1.0,0.0,0.0,0.0,1.0,0.0,1.0,0.375,0.3125,0.0,0.3125,0.0,0,319.7240905761719,0,electron,0.16131505490455958,1662.2613525390625,-1.0,0.0,0.0,0.0,1.0,0.0,1.0,0.375,0.3125,0.0,0.3125,0.0,1,3.162277789670043e-05,3.162277789670043e-05
1457,Tbl_correct,label_Tbl,label_Tbl,0.9981116056442261,628.9723812771774,0,0,98.8886947631836,0,charged_hadron,0.10530474927255529,840.182861328125,-1.0,1.0,0.0,0.0,0.0,0.0,0.0,0.75,0.0,0.25,0.0,0.0,0,98.8886947631836,0,charged_hadron,0.10530474927255529,840.182861328125,-1.0,1.0,0.0,0.0,0.0,0.0,0.0,0.75,0.0,0.25,0.0,0.0,2,79.22969055175781,2,electron,0.214295698932941,290.49163818359375,1.0,0.0,0.0,0.0,1.0,0.0,1.0,0.25,0.0,0.5625,0.1875,0.0,1,0.47079116106033325,0.47079116106033325
1458,Tbl_correct,label_Tbl,label_Tbl,0.9971081614494324,626.0395426115529,0,0,210.4872283935547,0,electron,0.1609802519831264,1097.0472412109375,1.0,0.0,0.0,0.0,1.0,0.0,1.0,0.3125,0.0,0.3125,0.375,0.0,0,210.4872283935547,0,electron,0.1609802519831264,1097.0472412109375,1.0,0.0,0.0,0.0,1.0,0.0,1.0,0.3125,0.0,0.3125,0.375,0.0,0,210.4872283935547,0,electron,0.1609802519831264,1097.0472412109375,1.0,0.0,0.0,0.0,1.0,0.0,1.0,0.3125,0.0,0.3125,0.375,0.0,1,3.162277789670043e-05,3.162277789670043e-05
1459,Tbl_correct,label_Tbl,label_Tbl,0.9803619384765625,525.0563604314865,0,0,344.1593017578125,0,muon,0.2405208351639577,1086.7325439453125,-1.0,0.0,0.0,0.0,0.0,1.0,1.0,0.5625,0.25,0.0,0.0,0.1875,0,344.1593017578125,0,muon,0.2405208351639577,1086.7325439453125,-1.0,0.0,0.0,0.0,0.0,1.0,1.0,0.5625,0.25,0.0,0.0,0.1875,0,344.1593017578125,0,muon,0.2405208351639577,1086.7325439453125,-1.0,0.0,0.0,0.0,0.0,1.0,1.0,0.5625,0.25,0.0,0.0,0.1875,1,3.162277789670043e-05,3.162277789670043e-05
1460,Tbl_correct,label_Tbl,label_Tbl,0.9999933242797852,505.4492298370479,0,0,96.4698486328125,0,electron,0.18491134635508172,425.2388000488281,1.0,0.0,0.0,0.0,1.0,0.0,1.0,0.5625,0.0,0.25,0.1875,0.0,0,96.4698486328125,0,electron,0.18491134635508172,425.2388000488281,1.0,0.0,0.0,0.0,1.0,0.0,1.0,0.5625,0.0,0.25,0.1875,0.0,0,96.4698486328125,0,electron,0.18491134635508172,425.2388000488281,1.0,0.0,0.0,0.0,1.0,0.0,1.0,0.5625,0.0,0.25,0.1875,0.0,1,3.162277789670043e-05,3.162277789670043e-05
1461,Tbl_correct,label_Tbl,label_Tbl,0.9999920129776001,554.0505284778876,0,0,292.4403381347656,0,muon,0.16291681311045553,1502.5882568359375,-1.0,0.0,0.0,0.0,0.0,1.0,1.0,0.0625,0.3125,0.3125,0.0,0.3125,0,292.4403381347656,0,muon,0.16291681311045553,1502.5882568359375,-1.0,0.0,0.0,0.0,0.0,1.0,1.0,0.0625,0.3125,0.3125,0.0,0.3125,0,292.4403381347656,0,muon,0.16291681311045553,1502.5882568359375,-1.0,0.0,0.0,0.0,0.0,1.0,1.0,0.0625,0.3125,0.3125,0.0,0.3125,1,3.162277789670043e-05,3.162277789670043e-05
1462,Tbl_to_Hqql,label_Tbl,label_Hqql,0.7083714604377747,861.2232697599411,0,0,211.751220703125,0,electron,0.29617777707963877,503.19512939453125,1.0,0.0,0.0,0.0,1.0,0.0,1.0,0.6875,0.0,0.1875,0.125,0.0,0,211.751220703125,0,electron,0.29617777707963877,503.19512939453125,1.0,0.0,0.0,0.0,1.0,0.0,1.0,0.6875,0.0,0.1875,0.125,0.0,0,211.751220703125,0,electron,0.29617777707963877,503.19512939453125,1.0,0.0,0.0,0.0,1.0,0.0,1.0,0.6875,0.0,0.1875,0.125,0.0,1,3.162277789670043e-05,3.162277789670043e-05
1463,Tbl_correct,label_Tbl,label_Tbl,0.9995526671409607,612.8472720615621,0,0,162.6259307861328,0,charged_hadron,0.09797874273226584,1497.182373046875,1.0,1.0,0.0,0.0,0.0,0.0,0.0,1.0,0.0,0.0,0.0,0.0,0,162.6259307861328,0,charged_hadron,0.09797874273226584,1497.182373046875,1.0,1.0,0.0,0.0,0.0,0.0,0.0,1.0,0.0,0.0,0.0,0.0,4,44.658592224121094,4,muon,0.13056015421980502,297.3951721191406,-1.0,0.0,0.0,0.0,0.0,1.0,1.0,0.0,0.0,0.625,0.0,0.375,1,0.6091949939727783,0.6091949939727783
1464,Tbl_correct,label_Tbl,label_Tbl,0.9634802341461182,557.0603430981664,0,0,271.5500793457031,0,electron,0.13837850273893126,1690.82177734375,1.0,0.0,0.0,0.0,1.0,0.0,1.0,0.375,0.25,0.0,0.375,0.0,0,271.5500793457031,0,electron,0.13837850273893126,1690.82177734375,1.0,0.0,0.0,0.0,1.0,0.0,1.0,0.375,0.25,0.0,0.375,0.0,0,271.5500793457031,0,electron,0.13837850273893126,1690.82177734375,1.0,0.0,0.0,0.0,1.0,0.0,1.0,0.375,0.25,0.0,0.375,0.0,1,3.162277789670043e-05,3.162277789670043e-05
1465,Tbl_correct,label_Tbl,label_Tbl,0.9967445135116577,549.375063939677,0,0,87.01434326171875,0,photon,0.15904948486467674,460.0754089355469,0.0,0.0,0.0,1.0,0.0,0.0,0.0,0.375,0.0,0.625,0.0,0.0,0,87.01434326171875,0,photon,0.15904948486467674,460.0754089355469,0.0,0.0,0.0,1.0,0.0,0.0,0.0,0.375,0.0,0.625,0.0,0.0,2,64.86658477783203,2,electron,0.26026362680426757,184.36756896972656,-1.0,0.0,0.0,0.0,1.0,0.0,1.0,0.125,0.5625,0.1875,0.125,0.0,1,0.5177126526832581,0.5177126526832581
1466,Tbl_correct,label_Tbl,label_Tbl,0.9999796152114868,510.50499041054184,0,0,404.8599548339844,0,electron,0.08906929264755568,4140.58935546875,1.0,0.0,0.0,0.0,1.0,0.0,1.0,0.0,0.0,0.375,0.625,0.0,0,404.8599548339844,0,electron,0.08906929264755568,4140.58935546875,1.0,0.0,0.0,0.0,1.0,0.0,1.0,0.0,0.0,0.375,0.625,0.0,0,404.8599548339844,0,electron,0.08906929264755568,4140.58935546875,1.0,0.0,0.0,0.0,1.0,0.0,1.0,0.0,0.0,0.375,0.625,0.0,1,3.162277789670043e-05,3.162277789670043e-05
1467,Tbl_correct,label_Tbl,label_Tbl,0.9993159770965576,503.47150910094734,0,0,210.90072631835938,0,muon,0.09590491623239066,1988.159912109375,-1.0,0.0,0.0,0.0,0.0,1.0,1.0,0.4375,0.0,0.0,0.0,0.5625,0,210.90072631835938,0,muon,0.09590491623239066,1988.159912109375,-1.0,0.0,0.0,0.0,0.0,1.0,1.0,0.4375,0.0,0.0,0.0,0.5625,0,210.90072631835938,0,muon,0.09590491623239066,1988.159912109375,-1.0,0.0,0.0,0.0,0.0,1.0,1.0,0.4375,0.0,0.0,0.0,0.5625,1,3.162277789670043e-05,3.162277789670043e-05
1468,Tbl_correct,label_Tbl,label_Tbl,1.0,511.6610170002902,0,0,181.39920043945312,0,electron,0.13946404890497374,1119.2886962890625,1.0,0.0,0.0,0.0,1.0,0.0,1.0,0.625,0.0,0.0,0.375,0.0,0,181.39920043945312,0,electron,0.13946404890497374,1119.2886962890625,1.0,0.0,0.0,0.0,1.0,0.0,1.0,0.625,0.0,0.0,0.375,0.0,0,181.39920043945312,0,electron,0.13946404890497374,1119.2886962890625,1.0,0.0,0.0,0.0,1.0,0.0,1.0,0.625,0.0,0.0,0.375,0.0,1,3.162277789670043e-05,3.162277789670043e-05
1469,Tbl_correct,label_Tbl,label_Tbl,0.9998610019683838,527.3288999077283,0,0,371.90313720703125,0,muon,0.24707333230312803,1133.3306884765625,1.0,0.0,0.0,0.0,0.0,1.0,1.0,0.0625,0.0,0.75,0.0,0.1875,0,371.90313720703125,0,muon,0.24707333230312803,1133.3306884765625,1.0,0.0,0.0,0.0,0.0,1.0,1.0,0.0625,0.0,0.75,0.0,0.1875,0,371.90313720703125,0,muon,0.24707333230312803,1133.3306884765625,1.0,0.0,0.0,0.0,0.0,1.0,1.0,0.0625,0.0,0.75,0.0,0.1875,1,3.162277789670043e-05,3.162277789670043e-05
1470,Tbl_correct,label_Tbl,label_Tbl,0.9988178610801697,652.4585426863509,0,0,163.511474609375,0,photon,0.1421885245283872,986.4510498046875,0.0,0.0,0.0,1.0,0.0,0.0,0.0,0.3125,0.0,0.3125,0.375,0.0,0,163.511474609375,0,photon,0.1421885245283872,986.4510498046875,0.0,0.0,0.0,1.0,0.0,0.0,0.0,0.3125,0.0,0.3125,0.375,0.0,7,22.8054141998291,7,electron,0.01983144131146839,1127.1571044921875,-1.0,0.0,0.0,0.0,1.0,0.0,1.0,0.3125,0.0,0.375,0.3125,0.0,1,0.09499970078468323,0.09499970078468323
1471,Tbl_correct,label_Tbl,label_Tbl,0.9972236156463623,524.8713434849731,0,0,151.9912872314453,0,muon,0.19234539218912378,638.20849609375,1.0,0.0,0.0,0.0,0.0,1.0,1.0,0.5625,0.0,0.25,0.0,0.1875,0,151.9912872314453,0,muon,0.19234539218912378,638.20849609375,1.0,0.0,0.0,0.0,0.0,1.0,1.0,0.5625,0.0,0.25,0.0,0.1875,0,151.9912872314453,0,muon,0.19234539218912378,638.20849609375,1.0,0.0,0.0,0.0,0.0,1.0,1.0,0.5625,0.0,0.25,0.0,0.1875,1,3.162277789670043e-05,3.162277789670043e-05
1472,Tbl_correct,label_Tbl,label_Tbl,0.977747917175293,634.093873271427,0,0,165.31565856933594,0,photon,0.10991786257248633,1338.677001953125,0.0,0.0,0.0,1.0,0.0,0.0,0.0,0.6875,0.0,0.3125,0.0,0.0,0,165.31565856933594,0,photon,0.10991786257248633,1338.677001953125,0.0,0.0,0.0,1.0,0.0,0.0,0.0,0.6875,0.0,0.3125,0.0,0.0,1,112.27042388916016,1,electron,0.1537297726327032,618.039794921875,-1.0,0.0,0.0,0.0,1.0,0.0,1.0,0.6875,0.0,0.0,0.3125,0.0,1,0.23258693516254425,0.23258693516254425
1473,Tbl_correct,label_Tbl,label_Tbl,0.9225530624389648,568.1140686569877,0,0,172.84182739257812,0,photon,0.18416319338754467,765.6835327148438,0.0,0.0,0.0,1.0,0.0,0.0,0.0,0.5,0.25,0.25,0.0,0.0,0,172.84182739257812,0,photon,0.18416319338754467,765.6835327148438,0.0,0.0,0.0,1.0,0.0,0.0,0.0,0.5,0.25,0.25,0.0,0.0,3,76.52336883544922,3,muon,0.10019462493306712,687.223876953125,-1.0,0.0,0.0,0.0,0.0,1.0,1.0,0.75,0.0,0.0,0.0,0.25,1,0.2858559787273407,0.2858559787273407
1474,Tbl_correct,label_Tbl,label_Tbl,0.999911904335022,633.7576635747881,0,0,367.62896728515625,0,electron,0.31290915133208785,807.2454833984375,-1.0,0.0,0.0,0.0,1.0,0.0,1.0,0.1875,0.0,0.5,0.3125,0.0,0,367.62896728515625,0,electron,0.31290915133208785,807.2454833984375,-1.0,0.0,0.0,0.0,1.0,0.0,1.0,0.1875,0.0,0.5,0.3125,0.0,0,367.62896728515625,0,electron,0.31290915133208785,807.2454833984375,-1.0,0.0,0.0,0.0,1.0,0.0,1.0,0.1875,0.0,0.5,0.3125,0.0,1,3.162277789670043e-05,3.162277789670043e-05
1475,Tbl_correct,label_Tbl,label_Tbl,0.9986506104469299,511.43376191490364,0,0,389.4548034667969,0,electron,0.1650956391049929,1969.510009765625,1.0,0.0,0.0,0.0,1.0,0.0,1.0,0.375,0.0,0.3125,0.3125,0.0,0,389.4548034667969,0,electron,0.1650956391049929,1969.510009765625,1.0,0.0,0.0,0.0,1.0,0.0,1.0,0.375,0.0,0.3125,0.3125,0.0,0,389.4548034667969,0,electron,0.1650956391049929,1969.510009765625,1.0,0.0,0.0,0.0,1.0,0.0,1.0,0.375,0.0,0.3125,0.3125,0.0,1,3.162277789670043e-05,3.162277789670043e-05
1476,Tbl_to_Hqql,label_Tbl,label_Hqql,0.9812347292900085,633.4137559536664,0,0,441.8710632324219,0,muon,0.11932454828912598,3261.231689453125,-1.0,0.0,0.0,0.0,0.0,1.0,1.0,0.5,0.0,0.0625,0.0,0.4375,0,441.8710632324219,0,muon,0.11932454828912598,3261.231689453125,-1.0,0.0,0.0,0.0,0.0,1.0,1.0,0.5,0.0,0.0625,0.0,0.4375,0,441.8710632324219,0,muon,0.11932454828912598,3261.231689453125,-1.0,0.0,0.0,0.0,0.0,1.0,1.0,0.5,0.0,0.0625,0.0,0.4375,1,3.162277789670043e-05,3.162277789670043e-05
1477,Tbl_correct,label_Tbl,label_Tbl,0.8990374207496643,517.3066783532106,0,0,95.77021789550781,0,photon,0.10200794223647174,843.0803833007812,0.0,0.0,0.0,1.0,0.0,0.0,0.0,0.6875,0.0,0.3125,0.0,0.0,0,95.77021789550781,0,photon,0.10200794223647174,843.0803833007812,0.0,0.0,0.0,1.0,0.0,0.0,0.0,0.6875,0.0,0.3125,0.0,0.0,6,23.89289665222168,6,electron,0.06686555874455184,333.43450927734375,1.0,0.0,0.0,0.0,1.0,0.0,1.0,0.0,0.375,0.3125,0.3125,0.0,1,0.12723705172538757,0.12723705172538757
1478,Tbl_correct,label_Tbl,label_Tbl,0.9871475100517273,513.7502291627841,0,0,174.4426727294922,0,neutral_hadron,0.09876323875676211,1591.82861328125,0.0,0.0,1.0,0.0,0.0,0.0,0.0,0.0,0.5625,0.4375,0.0,0.0,0,174.4426727294922,0,neutral_hadron,0.09876323875676211,1591.82861328125,0.0,0.0,1.0,0.0,0.0,0.0,0.0,0.0,0.5625,0.4375,0.0,0.0,1,146.5932159423828,1,muon,0.0987697623791975,1337.5980224609375,-1.0,0.0,0.0,0.0,0.0,1.0,1.0,0.4375,0.0,0.0,0.0,0.5625,1,0.21487216651439667,0.21487216651439667
1479,Tbl_correct,label_Tbl,label_Tbl,0.9879525303840637,653.9054016103021,0,0,107.46387481689453,0,electron,0.30849537776166014,240.88453674316406,1.0,0.0,0.0,0.0,1.0,0.0,1.0,0.375,0.0,0.4375,0.0625,0.125,0,107.46387481689453,0,electron,0.30849537776166014,240.88453674316406,1.0,0.0,0.0,0.0,1.0,0.0,1.0,0.375,0.0,0.4375,0.0625,0.125,0,107.46387481689453,0,electron,0.30849537776166014,240.88453674316406,1.0,0.0,0.0,0.0,1.0,0.0,1.0,0.375,0.0,0.4375,0.0625,0.125,1,3.162277789670043e-05,3.162277789670043e-05
1480,Tbl_correct,label_Tbl,label_Tbl,0.9999748468399048,613.9235557276713,0,0,151.785888671875,0,charged_hadron,0.11036725028059358,1223.4942626953125,1.0,1.0,0.0,0.0,0.0,0.0,0.0,0.625,0.0,0.0,0.375,0.0,0,151.785888671875,0,charged_hadron,0.11036725028059358,1223.4942626953125,1.0,1.0,0.0,0.0,0.0,0.0,0.0,0.625,0.0,0.0,0.375,0.0,1,118.27642059326172,1,electron,0.15966295126987115,622.51171875,-1.0,0.0,0.0,0.0,1.0,0.0,1.0,0.375,0.0,0.3125,0.3125,0.0,1,0.4733857214450836,0.4733857214450836
1481,Tbl_correct,label_Tbl,label_Tbl,0.9963131546974182,769.971576830284,0,0,180.4041290283203,0,electron,0.16141296161523425,937.2516479492188,-1.0,0.0,0.0,0.0,1.0,0.0,1.0,0.4375,0.3125,0.0,0.25,0.0,0,180.4041290283203,0,electron,0.16141296161523425,937.2516479492188,-1.0,0.0,0.0,0.0,1.0,0.0,1.0,0.4375,0.3125,0.0,0.25,0.0,0,180.4041290283203,0,electron,0.16141296161523425,937.2516479492188,-1.0,0.0,0.0,0.0,1.0,0.0,1.0,0.4375,0.3125,0.0,0.25,0.0,1,3.162277789670043e-05,3.162277789670043e-05
1482,Tbl_correct,label_Tbl,label_Tbl,0.9999995231628418,603.7751066432628,0,0,381.2098693847656,0,muon,0.09071175901832933,3821.220703125,1.0,0.0,0.0,0.0,0.0,1.0,1.0,0.0,0.0,0.375,0.0,0.625,0,381.2098693847656,0,muon,0.09071175901832933,3821.220703125,1.0,0.0,0.0,0.0,0.0,1.0,1.0,0.0,0.0,0.375,0.0,0.625,0,381.2098693847656,0,muon,0.09071175901832933,3821.220703125,1.0,0.0,0.0,0.0,0.0,1.0,1.0,0.0,0.0,0.375,0.0,0.625,1,3.162277789670043e-05,3.162277789670043e-05
1483,Tbl_correct,label_Tbl,label_Tbl,0.9999655485153198,570.6553724585461,0,0,455.65020751953125,0,muon,0.1107266385177474,3659.44091796875,1.0,0.0,0.0,0.0,0.0,1.0,1.0,0.0,0.0,0.5,0.0,0.5,0,455.65020751953125,0,muon,0.1107266385177474,3659.44091796875,1.0,0.0,0.0,0.0,0.0,1.0,1.0,0.0,0.0,0.5,0.0,0.5,0,455.65020751953125,0,muon,0.1107266385177474,3659.44091796875,1.0,0.0,0.0,0.0,0.0,1.0,1.0,0.0,0.0,0.5,0.0,0.5,1,3.162277789670043e-05,3.162277789670043e-05
1484,Tbl_correct,label_Tbl,label_Tbl,0.7789323925971985,568.1605165033544,0,0,227.07054138183594,0,muon,0.24058469733497873,716.75732421875,1.0,0.0,0.0,0.0,0.0,1.0,1.0,0.125,0.25,0.4375,0.0,0.1875,0,227.07054138183594,0,muon,0.24058469733497873,716.75732421875,1.0,0.0,0.0,0.0,0.0,1.0,1.0,0.125,0.25,0.4375,0.0,0.1875,0,227.07054138183594,0,muon,0.24058469733497873,716.75732421875,1.0,0.0,0.0,0.0,0.0,1.0,1.0,0.125,0.25,0.4375,0.0,0.1875,1,3.162277789670043e-05,3.162277789670043e-05
1485,Tbl_correct,label_Tbl,label_Tbl,0.9999517202377319,555.7709664643218,0,0,339.9161682128906,0,electron,0.14101037500553396,2070.659423828125,-1.0,0.0,0.0,0.0,1.0,0.0,1.0,0.375,0.0,0.25,0.375,0.0,0,339.9161682128906,0,electron,0.14101037500553396,2070.659423828125,-1.0,0.0,0.0,0.0,1.0,0.0,1.0,0.375,0.0,0.25,0.375,0.0,0,339.9161682128906,0,electron,0.14101037500553396,2070.659423828125,-1.0,0.0,0.0,0.0,1.0,0.0,1.0,0.375,0.0,0.25,0.375,0.0,1,3.162277789670043e-05,3.162277789670043e-05
1486,Tbl_correct,label_Tbl,label_Tbl,0.9998478889465332,535.1869143252287,0,0,389.16534423828125,0,muon,0.09953702941222248,3520.589111328125,1.0,0.0,0.0,0.0,0.0,1.0,1.0,0.0,0.0,0.4375,0.0,0.5625,0,389.16534423828125,0,muon,0.09953702941222248,3520.589111328125,1.0,0.0,0.0,0.0,0.0,1.0,1.0,0.0,0.0,0.4375,0.0,0.5625,0,389.16534423828125,0,muon,0.09953702941222248,3520.589111328125,1.0,0.0,0.0,0.0,0.0,1.0,1.0,0.0,0.0,0.4375,0.0,0.5625,1,3.162277789670043e-05,3.162277789670043e-05
1487,Tbl_correct,label_Tbl,label_Tbl,0.9971917271614075,563.4808416516707,0,0,128.35824584960938,0,muon,0.23001220649066373,429.69146728515625,-1.0,0.0,0.0,0.0,0.0,1.0,1.0,0.25,0.1875,0.375,0.0,0.1875,0,128.35824584960938,0,muon,0.23001220649066373,429.69146728515625,-1.0,0.0,0.0,0.0,0.0,1.0,1.0,0.25,0.1875,0.375,0.0,0.1875,0,128.35824584960938,0,muon,0.23001220649066373,429.69146728515625,-1.0,0.0,0.0,0.0,0.0,1.0,1.0,0.25,0.1875,0.375,0.0,0.1875,1,3.162277789670043e-05,3.162277789670043e-05
1488,Tbl_correct,label_Tbl,label_Tbl,0.8296058773994446,545.328046097507,0,0,189.06423950195312,0,electron,0.18697735470704188,822.096923828125,1.0,0.0,0.0,0.0,1.0,0.0,1.0,0.4375,0.0,0.3125,0.25,0.0,0,189.06423950195312,0,electron,0.18697735470704188,822.096923828125,1.0,0.0,0.0,0.0,1.0,0.0,1.0,0.4375,0.0,0.3125,0.25,0.0,0,189.06423950195312,0,electron,0.18697735470704188,822.096923828125,1.0,0.0,0.0,0.0,1.0,0.0,1.0,0.4375,0.0,0.3125,0.25,0.0,1,3.162277789670043e-05,3.162277789670043e-05
1489,Tbl_correct,label_Tbl,label_Tbl,0.9983969330787659,697.1426700685973,0,0,217.90707397460938,0,muon,0.24125034973531276,685.3333740234375,-1.0,0.0,0.0,0.0,0.0,1.0,1.0,0.4375,0.1875,0.1875,0.0,0.1875,0,217.90707397460938,0,muon,0.24125034973531276,685.3333740234375,-1.0,0.0,0.0,0.0,0.0,1.0,1.0,0.4375,0.1875,0.1875,0.0,0.1875,0,217.90707397460938,0,muon,0.24125034973531276,685.3333740234375,-1.0,0.0,0.0,0.0,0.0,1.0,1.0,0.4375,0.1875,0.1875,0.0,0.1875,1,3.162277789670043e-05,3.162277789670043e-05
1490,Tbl_correct,label_Tbl,label_Tbl,0.9992485642433167,500.91067445192516,0,0,217.7178192138672,0,muon,0.22479607251266964,750.7947387695312,-1.0,0.0,0.0,0.0,0.0,1.0,1.0,0.1875,0.1875,0.4375,0.0,0.1875,0,217.7178192138672,0,muon,0.22479607251266964,750.7947387695312,-1.0,0.0,0.0,0.0,0.0,1.0,1.0,0.1875,0.1875,0.4375,0.0,0.1875,0,217.7178192138672,0,muon,0.22479607251266964,750.7947387695312,-1.0,0.0,0.0,0.0,0.0,1.0,1.0,0.1875,0.1875,0.4375,0.0,0.1875,1,3.162277789670043e-05,3.162277789670043e-05
1491,Tbl_correct,label_Tbl,label_Tbl,0.999998927116394,518.7257348114474,0,0,68.86666870117188,0,electron,0.21335473981453285,253.9134521484375,-1.0,0.0,0.0,0.0,1.0,0.0,1.0,0.4375,0.375,0.0,0.1875,0.0,0,68.86666870117188,0,electron,0.21335473981453285,253.9134521484375,-1.0,0.0,0.0,0.0,1.0,0.0,1.0,0.4375,0.375,0.0,0.1875,0.0,0,68.86666870117188,0,electron,0.21335473981453285,253.9134521484375,-1.0,0.0,0.0,0.0,1.0,0.0,1.0,0.4375,0.375,0.0,0.1875,0.0,1,3.162277789670043e-05,3.162277789670043e-05
1492,Tbl_correct,label_Tbl,label_Tbl,0.9999988079071045,746.0803643304386,0,0,573.5949096679688,0,muon,0.16585463108592316,2884.82470703125,-1.0,0.0,0.0,0.0,0.0,1.0,1.0,0.375,0.0,0.3125,0.0,0.3125,0,573.5949096679688,0,muon,0.16585463108592316,2884.82470703125,-1.0,0.0,0.0,0.0,0.0,1.0,1.0,0.375,0.0,0.3125,0.0,0.3125,0,573.5949096679688,0,muon,0.16585463108592316,2884.82470703125,-1.0,0.0,0.0,0.0,0.0,1.0,1.0,0.375,0.0,0.3125,0.0,0.3125,1,3.162277789670043e-05,3.162277789670043e-05
1493,Tbl_correct,label_Tbl,label_Tbl,0.9999953508377075,571.4254623738215,0,0,405.42742919921875,0,electron,0.12341000209290005,2879.77978515625,1.0,0.0,0.0,0.0,1.0,0.0,1.0,0.0,0.4375,0.125,0.4375,0.0,0,405.42742919921875,0,electron,0.12341000209290005,2879.77978515625,1.0,0.0,0.0,0.0,1.0,0.0,1.0,0.0,0.4375,0.125,0.4375,0.0,0,405.42742919921875,0,electron,0.12341000209290005,2879.77978515625,1.0,0.0,0.0,0.0,1.0,0.0,1.0,0.0,0.4375,0.125,0.4375,0.0,1,3.162277789670043e-05,3.162277789670043e-05
1494,Tbl_correct,label_Tbl,label_Tbl,1.0,505.7706639356949,0,0,115.01000213623047,0,electron,0.22706994177437342,391.4859313964844,-1.0,0.0,0.0,0.0,1.0,0.0,1.0,0.375,0.0,0.4375,0.1875,0.0,0,115.01000213623047,0,electron,0.22706994177437342,391.4859313964844,-1.0,0.0,0.0,0.0,1.0,0.0,1.0,0.375,0.0,0.4375,0.1875,0.0,0,115.01000213623047,0,electron,0.22706994177437342,391.4859313964844,-1.0,0.0,0.0,0.0,1.0,0.0,1.0,0.375,0.0,0.4375,0.1875,0.0,1,3.162277789670043e-05,3.162277789670043e-05
1495,Tbl_correct,label_Tbl,label_Tbl,0.995147168636322,578.6518803957335,0,0,186.48736572265625,0,electron,0.12168303300099927,1346.079345703125,-1.0,0.0,0.0,0.0,1.0,0.0,1.0,0.0,0.375,0.3125,0.3125,0.0,0,186.48736572265625,0,electron,0.12168303300099927,1346.079345703125,-1.0,0.0,0.0,0.0,1.0,0.0,1.0,0.0,0.375,0.3125,0.3125,0.0,0,186.48736572265625,0,electron,0.12168303300099927,1346.079345703125,-1.0,0.0,0.0,0.0,1.0,0.0,1.0,0.0,0.375,0.3125,0.3125,0.0,1,3.162277789670043e-05,3.162277789670043e-05
1496,Tbl_correct,label_Tbl,label_Tbl,0.9999932050704956,908.880021803792,0,0,662.9522705078125,0,muon,0.24740858773828697,2016.6324462890625,1.0,0.0,0.0,0.0,0.0,1.0,1.0,0.0,0.0,0.8125,0.0,0.1875,0,662.9522705078125,0,muon,0.24740858773828697,2016.6324462890625,1.0,0.0,0.0,0.0,0.0,1.0,1.0,0.0,0.0,0.8125,0.0,0.1875,0,662.9522705078125,0,muon,0.24740858773828697,2016.6324462890625,1.0,0.0,0.0,0.0,0.0,1.0,1.0,0.0,0.0,0.8125,0.0,0.1875,1,3.162277789670043e-05,3.162277789670043e-05
1497,Tbl_correct,label_Tbl,label_Tbl,0.9999498128890991,610.5680061517909,0,0,352.9740295410156,0,muon,0.08913939736534644,3606.82421875,1.0,0.0,0.0,0.0,0.0,1.0,1.0,0.0,0.375,0.0,0.0,0.625,0,352.9740295410156,0,muon,0.08913939736534644,3606.82421875,1.0,0.0,0.0,0.0,0.0,1.0,1.0,0.0,0.375,0.0,0.0,0.625,0,352.9740295410156,0,muon,0.08913939736534644,3606.82421875,1.0,0.0,0.0,0.0,0.0,1.0,1.0,0.0,0.375,0.0,0.0,0.625,1,3.162277789670043e-05,3.162277789670043e-05
1498,Tbl_correct,label_Tbl,label_Tbl,0.9924047589302063,521.8175141659908,0,0,196.12835693359375,0,electron,0.09768568519137717,1811.620849609375,-1.0,0.0,0.0,0.0,1.0,0.0,1.0,0.0,0.0,0.4375,0.5625,0.0,0,196.12835693359375,0,electron,0.09768568519137717,1811.620849609375,-1.0,0.0,0.0,0.0,1.0,0.0,1.0,0.0,0.0,0.4375,0.5625,0.0,0,196.12835693359375,0,electron,0.09768568519137717,1811.620849609375,-1.0,0.0,0.0,0.0,1.0,0.0,1.0,0.0,0.0,0.4375,0.5625,0.0,1,3.162277789670043e-05,3.162277789670043e-05
1499,Tbl_correct,label_Tbl,label_Tbl,0.7965449690818787,532.8995050438424,0,0,453.3626708984375,0,muon,0.16529124497104003,2289.448486328125,-1.0,0.0,0.0,0.0,0.0,1.0,1.0,0.375,0.0,0.3125,0.0,0.3125,0,453.3626708984375,0,muon,0.16529124497104003,2289.448486328125,-1.0,0.0,0.0,0.0,0.0,1.0,1.0,0.375,0.0,0.3125,0.0,0.3125,0,453.3626708984375,0,muon,0.16529124497104003,2289.448486328125,-1.0,0.0,0.0,0.0,0.0,1.0,1.0,0.375,0.0,0.3125,0.0,0.3125,1,3.162277789670043e-05,3.162277789670043e-05
1500,Tbl_correct,label_Tbl,label_Tbl,0.6699222326278687,663.3721526275692,0,0,177.3502960205078,0,muon,0.18331021353201932,790.136962890625,-1.0,0.0,0.0,0.0,0.0,1.0,1.0,0.1875,0.0,0.625,0.0,0.1875,0,177.3502960205078,0,muon,0.18331021353201932,790.136962890625,-1.0,0.0,0.0,0.0,0.0,1.0,1.0,0.1875,0.0,0.625,0.0,0.1875,0,177.3502960205078,0,muon,0.18331021353201932,790.136962890625,-1.0,0.0,0.0,0.0,0.0,1.0,1.0,0.1875,0.0,0.625,0.0,0.1875,1,3.162277789670043e-05,3.162277789670043e-05
1501,Tbl_to_Hqql,label_Tbl,label_Hqql,0.8577530980110168,526.382250070445,0,0,254.74391174316406,0,charged_hadron,0.11134846625795514,2033.0640869140625,1.0,1.0,0.0,0.0,0.0,0.0,0.0,0.8125,0.0,0.1875,0.0,0.0,0,254.74391174316406,0,charged_hadron,0.11134846625795514,2033.0640869140625,1.0,1.0,0.0,0.0,0.0,0.0,0.0,0.8125,0.0,0.1875,0.0,0.0,2,64.19601440429688,2,electron,0.15708871630199386,344.4648742675781,-1.0,0.0,0.0,0.0,1.0,0.0,1.0,0.0,0.0,0.6875,0.3125,0.0,1,0.47069334983825684,0.47069334983825684
1502,Tbl_correct,label_Tbl,label_Tbl,0.999377429485321,502.9330095761003,0,0,262.25177001953125,0,muon,0.0987937651443273,2392.285888671875,1.0,0.0,0.0,0.0,0.0,1.0,1.0,0.0625,0.0,0.5,0.0,0.4375,0,262.25177001953125,0,muon,0.0987937651443273,2392.285888671875,1.0,0.0,0.0,0.0,0.0,1.0,1.0,0.0625,0.0,0.5,0.0,0.4375,0,262.25177001953125,0,muon,0.0987937651443273,2392.285888671875,1.0,0.0,0.0,0.0,0.0,1.0,1.0,0.0625,0.0,0.5,0.0,0.4375,1,3.162277789670043e-05,3.162277789670043e-05
1503,Tbl_correct,label_Tbl,label_Tbl,0.6986433863639832,508.8375590219635,0,0,313.93743896484375,0,muon,0.16434000147420483,1596.3548583984375,-1.0,0.0,0.0,0.0,0.0,1.0,1.0,0.6875,0.0,0.0,0.0,0.3125,0,313.93743896484375,0,muon,0.16434000147420483,1596.3548583984375,-1.0,0.0,0.0,0.0,0.0,1.0,1.0,0.6875,0.0,0.0,0.0,0.3125,0,313.93743896484375,0,muon,0.16434000147420483,1596.3548583984375,-1.0,0.0,0.0,0.0,0.0,1.0,1.0,0.6875,0.0,0.0,0.0,0.3125,1,3.162277789670043e-05,3.162277789670043e-05
1504,Tbl_correct,label_Tbl,label_Tbl,0.9974276423454285,523.1442144324957,0,0,100.84070587158203,0,muon,0.1619504488511252,521.8232421875,-1.0,0.0,0.0,0.0,0.0,1.0,1.0,0.375,0.4375,0.0,0.0,0.1875,0,100.84070587158203,0,muon,0.1619504488511252,521.8232421875,-1.0,0.0,0.0,0.0,0.0,1.0,1.0,0.375,0.4375,0.0,0.0,0.1875,0,100.84070587158203,0,muon,0.1619504488511252,521.8232421875,-1.0,0.0,0.0,0.0,0.0,1.0,1.0,0.375,0.4375,0.0,0.0,0.1875,1,3.162277789670043e-05,3.162277789670043e-05
1505,Tbl_correct,label_Tbl,label_Tbl,0.9198225736618042,502.5670724703957,0,0,298.1403503417969,0,electron,0.09955468687193729,2696.59912109375,-1.0,0.0,0.0,0.0,1.0,0.0,1.0,0.0,0.0,0.0,0.5625,0.4375,0,298.1403503417969,0,electron,0.09955468687193729,2696.59912109375,-1.0,0.0,0.0,0.0,1.0,0.0,1.0,0.0,0.0,0.0,0.5625,0.4375,0,298.1403503417969,0,electron,0.09955468687193729,2696.59912109375,-1.0,0.0,0.0,0.0,1.0,0.0,1.0,0.0,0.0,0.0,0.5625,0.4375,1,3.162277789670043e-05,3.162277789670043e-05
1506,Tbl_correct,label_Tbl,label_Tbl,1.0,563.0423915522631,0,0,293.952880859375,0,electron,0.13409876810509508,1898.109619140625,-1.0,0.0,0.0,0.0,1.0,0.0,1.0,0.625,0.0,0.0,0.375,0.0,0,293.952880859375,0,electron,0.13409876810509508,1898.109619140625,-1.0,0.0,0.0,0.0,1.0,0.0,1.0,0.625,0.0,0.0,0.375,0.0,0,293.952880859375,0,electron,0.13409876810509508,1898.109619140625,-1.0,0.0,0.0,0.0,1.0,0.0,1.0,0.625,0.0,0.0,0.375,0.0,1,3.162277789670043e-05,3.162277789670043e-05
1507,Tbl_correct,label_Tbl,label_Tbl,0.9999997615814209,572.7449172998653,0,0,162.4794464111328,0,photon,0.1461862127299054,948.9758911132812,0.0,0.0,0.0,1.0,0.0,0.0,0.0,0.3125,0.125,0.5625,0.0,0.0,0,162.4794464111328,0,photon,0.1461862127299054,948.9758911132812,0.0,0.0,0.0,1.0,0.0,0.0,0.0,0.3125,0.125,0.5625,0.0,0.0,1,128.76841735839844,1,muon,0.19282065504578944,539.0460205078125,-1.0,0.0,0.0,0.0,0.0,1.0,1.0,0.5,0.25,0.0,0.0,0.25,1,0.5640091300010681,0.5640091300010681
1508,Tbl_correct,label_Tbl,label_Tbl,0.9931172132492065,516.0385583709549,0,0,177.99066162109375,0,muon,0.15806416696247474,948.0751953125,1.0,0.0,0.0,0.0,0.0,1.0,1.0,0.375,0.0,0.3125,0.0,0.3125,0,177.99066162109375,0,muon,0.15806416696247474,948.0751953125,1.0,0.0,0.0,0.0,0.0,1.0,1.0,0.375,0.0,0.3125,0.0,0.3125,0,177.99066162109375,0,muon,0.15806416696247474,948.0751953125,1.0,0.0,0.0,0.0,0.0,1.0,1.0,0.375,0.0,0.3125,0.0,0.3125,1,3.162277789670043e-05,3.162277789670043e-05
1509,Tbl_correct,label_Tbl,label_Tbl,0.9999442100524902,719.8925849819697,0,0,401.7696838378906,0,muon,0.16365130161081162,2053.265380859375,1.0,0.0,0.0,0.0,0.0,1.0,1.0,0.0,0.6875,0.0,0.0,0.3125,0,401.7696838378906,0,muon,0.16365130161081162,2053.265380859375,1.0,0.0,0.0,0.0,0.0,1.0,1.0,0.0,0.6875,0.0,0.0,0.3125,0,401.7696838378906,0,muon,0.16365130161081162,2053.265380859375,1.0,0.0,0.0,0.0,0.0,1.0,1.0,0.0,0.6875,0.0,0.0,0.3125,1,3.162277789670043e-05,3.162277789670043e-05
1510,Tbl_correct,label_Tbl,label_Tbl,0.9995695948600769,578.3086110227313,0,0,124.35250854492188,0,electron,0.1682342182841896,614.8104858398438,-1.0,0.0,0.0,0.0,1.0,0.0,1.0,0.0,0.25,0.5,0.25,0.0,0,124.35250854492188,0,electron,0.1682342182841896,614.8104858398438,-1.0,0.0,0.0,0.0,1.0,0.0,1.0,0.0,0.25,0.5,0.25,0.0,0,124.35250854492188,0,electron,0.1682342182841896,614.8104858398438,-1.0,0.0,0.0,0.0,1.0,0.0,1.0,0.0,0.25,0.5,0.25,0.0,1,3.162277789670043e-05,3.162277789670043e-05
1511,Tbl_correct,label_Tbl,label_Tbl,0.9592989683151245,534.4103632775427,0,0,136.82847595214844,0,muon,0.12521961666297848,955.8795166015625,1.0,0.0,0.0,0.0,0.0,1.0,1.0,0.25,0.0,0.375,0.0,0.375,0,136.82847595214844,0,muon,0.12521961666297848,955.8795166015625,1.0,0.0,0.0,0.0,0.0,1.0,1.0,0.25,0.0,0.375,0.0,0.375,0,136.82847595214844,0,muon,0.12521961666297848,955.8795166015625,1.0,0.0,0.0,0.0,0.0,1.0,1.0,0.25,0.0,0.375,0.0,0.375,1,3.162277789670043e-05,3.162277789670043e-05
1512,Tbl_correct,label_Tbl,label_Tbl,0.9953873753547668,508.57995638575863,0,0,251.05690002441406,0,electron,0.13968496229470925,1546.2510986328125,1.0,0.0,0.0,0.0,1.0,0.0,1.0,0.0,0.0,0.625,0.375,0.0,0,251.05690002441406,0,electron,0.13968496229470925,1546.2510986328125,1.0,0.0,0.0,0.0,1.0,0.0,1.0,0.0,0.0,0.625,0.375,0.0,0,251.05690002441406,0,electron,0.13968496229470925,1546.2510986328125,1.0,0.0,0.0,0.0,1.0,0.0,1.0,0.0,0.0,0.625,0.375,0.0,1,3.162277789670043e-05,3.162277789670043e-05
1513,Tbl_correct,label_Tbl,label_Tbl,0.9999880790710449,617.0428519541089,0,0,153.12757873535156,0,muon,0.19282738479362088,640.9898071289062,1.0,0.0,0.0,0.0,0.0,1.0,1.0,0.25,0.0,0.5,0.0,0.25,0,153.12757873535156,0,muon,0.19282738479362088,640.9898071289062,1.0,0.0,0.0,0.0,0.0,1.0,1.0,0.25,0.0,0.5,0.0,0.25,0,153.12757873535156,0,muon,0.19282738479362088,640.9898071289062,1.0,0.0,0.0,0.0,0.0,1.0,1.0,0.25,0.0,0.5,0.0,0.25,1,3.162277789670043e-05,3.162277789670043e-05
1514,Tbl_correct,label_Tbl,label_Tbl,0.9997230172157288,548.703807868963,0,0,226.38722229003906,0,electron,0.123606647958186,1605.1260986328125,1.0,0.0,0.0,0.0,1.0,0.0,1.0,0.4375,0.0,0.125,0.4375,0.0,0,226.38722229003906,0,electron,0.123606647958186,1605.1260986328125,1.0,0.0,0.0,0.0,1.0,0.0,1.0,0.4375,0.0,0.125,0.4375,0.0,0,226.38722229003906,0,electron,0.123606647958186,1605.1260986328125,1.0,0.0,0.0,0.0,1.0,0.0,1.0,0.4375,0.0,0.125,0.4375,0.0,1,3.162277789670043e-05,3.162277789670043e-05
1515,Tbl_correct,label_Tbl,label_Tbl,0.9987478256225586,529.609820898819,0,0,158.74874877929688,0,charged_hadron,0.09407990847161174,1528.63330078125,1.0,1.0,0.0,0.0,0.0,0.0,0.0,0.625,0.0,0.375,0.0,0.0,0,158.74874877929688,0,charged_hadron,0.09407990847161174,1528.63330078125,1.0,1.0,0.0,0.0,0.0,0.0,0.0,0.625,0.0,0.375,0.0,0.0,3,39.682228088378906,3,electron,0.15164902525692095,221.98927307128906,-1.0,0.0,0.0,0.0,1.0,0.0,1.0,0.3125,0.0,0.375,0.3125,0.0,1,0.7073560953140259,0.7073560953140259
1516,Tbl_correct,label_Tbl,label_Tbl,0.9999170303344727,545.1300131557341,0,0,390.2919616699219,0,muon,0.18617202396349114,1706.113037109375,-1.0,0.0,0.0,0.0,0.0,1.0,1.0,0.4375,0.3125,0.0,0.0,0.25,0,390.2919616699219,0,muon,0.18617202396349114,1706.113037109375,-1.0,0.0,0.0,0.0,0.0,1.0,1.0,0.4375,0.3125,0.0,0.0,0.25,0,390.2919616699219,0,muon,0.18617202396349114,1706.113037109375,-1.0,0.0,0.0,0.0,0.0,1.0,1.0,0.4375,0.3125,0.0,0.0,0.25,1,3.162277789670043e-05,3.162277789670043e-05
1517,Tbl_correct,label_Tbl,label_Tbl,0.999864935874939,531.956703359147,0,0,226.71493530273438,0,muon,0.18422926954967359,1003.8980712890625,1.0,0.0,0.0,0.0,0.0,1.0,1.0,0.25,0.5,0.0,0.0,0.25,0,226.71493530273438,0,muon,0.18422926954967359,1003.8980712890625,1.0,0.0,0.0,0.0,0.0,1.0,1.0,0.25,0.5,0.0,0.0,0.25,0,226.71493530273438,0,muon,0.18422926954967359,1003.8980712890625,1.0,0.0,0.0,0.0,0.0,1.0,1.0,0.25,0.5,0.0,0.0,0.25,1,3.162277789670043e-05,3.162277789670043e-05
1518,Tbl_correct,label_Tbl,label_Tbl,0.9999992847442627,889.3777656825706,0,0,258.98779296875,0,electron,0.19442875850774965,1073.056884765625,1.0,0.0,0.0,0.0,1.0,0.0,1.0,0.0,0.0,0.75,0.25,0.0,0,258.98779296875,0,electron,0.19442875850774965,1073.056884765625,1.0,0.0,0.0,0.0,1.0,0.0,1.0,0.0,0.0,0.75,0.25,0.0,0,258.98779296875,0,electron,0.19442875850774965,1073.056884765625,1.0,0.0,0.0,0.0,1.0,0.0,1.0,0.0,0.0,0.75,0.25,0.0,1,3.162277789670043e-05,3.162277789670043e-05
1519,Tbl_correct,label_Tbl,label_Tbl,0.9169784784317017,514.7739852596529,0,0,155.1426544189453,0,muon,0.24017242646331935,490.82098388671875,-1.0,0.0,0.0,0.0,0.0,1.0,1.0,0.375,0.0,0.4375,0.0,0.1875,0,155.1426544189453,0,muon,0.24017242646331935,490.82098388671875,-1.0,0.0,0.0,0.0,0.0,1.0,1.0,0.375,0.0,0.4375,0.0,0.1875,0,155.1426544189453,0,muon,0.24017242646331935,490.82098388671875,-1.0,0.0,0.0,0.0,0.0,1.0,1.0,0.375,0.0,0.4375,0.0,0.1875,1,3.162277789670043e-05,3.162277789670043e-05
1520,Tbl_correct,label_Tbl,label_Tbl,0.9999901056289673,542.182190407581,0,0,216.5402374267578,0,muon,0.1922396585533426,909.8674926757812,1.0,0.0,0.0,0.0,0.0,1.0,1.0,0.5,0.25,0.0,0.0,0.25,0,216.5402374267578,0,muon,0.1922396585533426,909.8674926757812,1.0,0.0,0.0,0.0,0.0,1.0,1.0,0.5,0.25,0.0,0.0,0.25,0,216.5402374267578,0,muon,0.1922396585533426,909.8674926757812,1.0,0.0,0.0,0.0,0.0,1.0,1.0,0.5,0.25,0.0,0.0,0.25,1,3.162277789670043e-05,3.162277789670043e-05
1521,Tbl_correct,label_Tbl,label_Tbl,0.9255786538124084,519.2688543825801,0,0,88.81968688964844,0,charged_hadron,0.09053160534315745,892.2706909179688,-1.0,1.0,0.0,0.0,0.0,0.0,0.0,0.6875,0.3125,0.0,0.0,0.0,0,88.81968688964844,0,charged_hadron,0.09053160534315745,892.2706909179688,-1.0,1.0,0.0,0.0,0.0,0.0,0.0,0.6875,0.3125,0.0,0.0,0.0,1,78.37075805664062,1,electron,0.1477346356417295,452.112548828125,1.0,0.0,0.0,0.0,1.0,0.0,1.0,0.3125,0.0,0.375,0.3125,0.0,1,0.2812933325767517,0.2812933325767517
1522,Tbl_correct,label_Tbl,label_Tbl,0.9999886751174927,534.5044501910567,0,0,148.6137237548828,0,muon,0.2324187312303937,490.80859375,-1.0,0.0,0.0,0.0,0.0,1.0,1.0,0.1875,0.375,0.25,0.0,0.1875,0,148.6137237548828,0,muon,0.2324187312303937,490.80859375,-1.0,0.0,0.0,0.0,0.0,1.0,1.0,0.1875,0.375,0.25,0.0,0.1875,0,148.6137237548828,0,muon,0.2324187312303937,490.80859375,-1.0,0.0,0.0,0.0,0.0,1.0,1.0,0.1875,0.375,0.25,0.0,0.1875,1,3.162277789670043e-05,3.162277789670043e-05
1523,Tbl_correct,label_Tbl,label_Tbl,0.9999114274978638,761.3185344375094,0,0,228.67840576171875,0,electron,0.08037427493418409,2616.49072265625,1.0,0.0,0.0,0.0,1.0,0.0,1.0,0.0,0.5,0.0625,0.4375,0.0,0,228.67840576171875,0,electron,0.08037427493418409,2616.49072265625,1.0,0.0,0.0,0.0,1.0,0.0,1.0,0.0,0.5,0.0625,0.4375,0.0,0,228.67840576171875,0,electron,0.08037427493418409,2616.49072265625,1.0,0.0,0.0,0.0,1.0,0.0,1.0,0.0,0.5,0.0625,0.4375,0.0,1,3.162277789670043e-05,3.162277789670043e-05
1524,Tbl_correct,label_Tbl,label_Tbl,0.9002158045768738,538.8359577690546,0,0,200.75738525390625,0,muon,0.22095579848176938,707.8287963867188,-1.0,0.0,0.0,0.0,0.0,1.0,1.0,0.5625,0.25,0.0,0.0,0.1875,0,200.75738525390625,0,muon,0.22095579848176938,707.8287963867188,-1.0,0.0,0.0,0.0,0.0,1.0,1.0,0.5625,0.25,0.0,0.0,0.1875,0,200.75738525390625,0,muon,0.22095579848176938,707.8287963867188,-1.0,0.0,0.0,0.0,0.0,1.0,1.0,0.5625,0.25,0.0,0.0,0.1875,1,3.162277789670043e-05,3.162277789670043e-05
1525,Tbl_correct,label_Tbl,label_Tbl,0.9999741315841675,624.5096815890074,0,0,582.6707153320312,0,muon,0.058823529411764705,9322.7314453125,-1.0,0.0,0.0,0.0,0.0,1.0,1.0,0.0,0.0,0.0,0.0,1.0,0,582.6707153320312,0,muon,0.058823529411764705,9322.7314453125,-1.0,0.0,0.0,0.0,0.0,1.0,1.0,0.0,0.0,0.0,0.0,1.0,0,582.6707153320312,0,muon,0.058823529411764705,9322.7314453125,-1.0,0.0,0.0,0.0,0.0,1.0,1.0,0.0,0.0,0.0,0.0,1.0,1,3.162277789670043e-05,3.162277789670043e-05
1526,Tbl_correct,label_Tbl,label_Tbl,0.9991021156311035,609.1404553283813,0,0,224.1357421875,0,electron,0.14416600431323404,1330.5701904296875,1.0,0.0,0.0,0.0,1.0,0.0,1.0,0.0,0.0,0.6875,0.3125,0.0,0,224.1357421875,0,electron,0.14416600431323404,1330.5701904296875,1.0,0.0,0.0,0.0,1.0,0.0,1.0,0.0,0.0,0.6875,0.3125,0.0,0,224.1357421875,0,electron,0.14416600431323404,1330.5701904296875,1.0,0.0,0.0,0.0,1.0,0.0,1.0,0.0,0.0,0.6875,0.3125,0.0,1,3.162277789670043e-05,3.162277789670043e-05
1527,Tbl_correct,label_Tbl,label_Tbl,0.9570865631103516,515.8335493632393,0,0,156.57350158691406,0,photon,0.06331848968274702,2316.21923828125,0.0,0.0,0.0,1.0,0.0,0.0,0.0,0.0,0.0,0.5,0.5,0.0,0,156.57350158691406,0,photon,0.06331848968274702,2316.21923828125,0.0,0.0,0.0,1.0,0.0,0.0,0.0,0.0,0.0,0.5,0.5,0.0,1,150.0218048095703,1,electron,0.109068261845103,1225.463623046875,1.0,0.0,0.0,0.0,1.0,0.0,1.0,0.0,0.5,0.0625,0.4375,0.0,1,0.023468639701604843,0.023468639701604843
1528,Tbl_correct,label_Tbl,label_Tbl,0.9999926090240479,599.1005699933052,0,0,242.16456604003906,0,muon,0.09876995427442842,2209.639404296875,1.0,0.0,0.0,0.0,0.0,1.0,1.0,0.0,0.4375,0.0,0.0,0.5625,0,242.16456604003906,0,muon,0.09876995427442842,2209.639404296875,1.0,0.0,0.0,0.0,0.0,1.0,1.0,0.0,0.4375,0.0,0.0,0.5625,0,242.16456604003906,0,muon,0.09876995427442842,2209.639404296875,1.0,0.0,0.0,0.0,0.0,1.0,1.0,0.0,0.4375,0.0,0.0,0.5625,1,3.162277789670043e-05,3.162277789670043e-05
1529,Tbl_correct,label_Tbl,label_Tbl,0.9999998807907104,512.963258312087,0,0,120.09906005859375,0,electron,0.1446032895599847,710.442626953125,-1.0,0.0,0.0,0.0,1.0,0.0,1.0,0.3125,0.0,0.375,0.3125,0.0,0,120.09906005859375,0,electron,0.1446032895599847,710.442626953125,-1.0,0.0,0.0,0.0,1.0,0.0,1.0,0.3125,0.0,0.375,0.3125,0.0,0,120.09906005859375,0,electron,0.1446032895599847,710.442626953125,-1.0,0.0,0.0,0.0,1.0,0.0,1.0,0.3125,0.0,0.375,0.3125,0.0,1,3.162277789670043e-05,3.162277789670043e-05
1530,Tbl_correct,label_Tbl,label_Tbl,0.9998898506164551,593.377714008111,0,0,224.99063110351562,0,muon,0.13451261676632165,1447.645263671875,1.0,0.0,0.0,0.0,0.0,1.0,1.0,0.0,0.25,0.375,0.0,0.375,0,224.99063110351562,0,muon,0.13451261676632165,1447.645263671875,1.0,0.0,0.0,0.0,0.0,1.0,1.0,0.0,0.25,0.375,0.0,0.375,0,224.99063110351562,0,muon,0.13451261676632165,1447.645263671875,1.0,0.0,0.0,0.0,0.0,1.0,1.0,0.0,0.25,0.375,0.0,0.375,1,3.162277789670043e-05,3.162277789670043e-05
1531,Tbl_correct,label_Tbl,label_Tbl,0.999653697013855,550.4050828012588,0,0,485.927490234375,0,electron,0.08231190211861156,5417.5625,-1.0,0.0,0.0,0.0,1.0,0.0,1.0,0.0,0.0,0.3125,0.6875,0.0,0,485.927490234375,0,electron,0.08231190211861156,5417.5625,-1.0,0.0,0.0,0.0,1.0,0.0,1.0,0.0,0.0,0.3125,0.6875,0.0,0,485.927490234375,0,electron,0.08231190211861156,5417.5625,-1.0,0.0,0.0,0.0,1.0,0.0,1.0,0.0,0.0,0.3125,0.6875,0.0,1,3.162277789670043e-05,3.162277789670043e-05
1532,Tbl_correct,label_Tbl,label_Tbl,0.9990932941436768,652.4231381466709,0,0,221.83021545410156,0,photon,0.17061701296972442,1078.33447265625,0.0,0.0,0.0,1.0,0.0,0.0,0.0,0.1875,0.3125,0.5,0.0,0.0,0,221.83021545410156,0,photon,0.17061701296972442,1078.33447265625,0.0,0.0,0.0,1.0,0.0,0.0,0.0,0.1875,0.3125,0.5,0.0,0.0,1,66.80492401123047,1,muon,0.10984994490412904,541.3421630859375,-1.0,0.0,0.0,0.0,0.0,1.0,1.0,0.4375,0.0,0.3125,0.0,0.25,1,0.32974883913993835,0.32974883913993835
1533,Tbl_correct,label_Tbl,label_Tbl,0.6922671794891357,779.2710056837071,0,0,272.5531005859375,0,muon,0.21871558622894718,973.5999755859375,1.0,0.0,0.0,0.0,0.0,1.0,1.0,0.1875,0.0,0.625,0.0,0.1875,0,272.5531005859375,0,muon,0.21871558622894718,973.5999755859375,1.0,0.0,0.0,0.0,0.0,1.0,1.0,0.1875,0.0,0.625,0.0,0.1875,0,272.5531005859375,0,muon,0.21871558622894718,973.5999755859375,1.0,0.0,0.0,0.0,0.0,1.0,1.0,0.1875,0.0,0.625,0.0,0.1875,1,3.162277789670043e-05,3.162277789670043e-05
1534,Tbl_correct,label_Tbl,label_Tbl,0.9848653078079224,553.7725678912951,0,0,195.06495666503906,0,neutral_hadron,0.11871978537346915,1448.00537109375,0.0,0.0,1.0,0.0,0.0,0.0,0.0,0.625,0.375,0.0,0.0,0.0,0,195.06495666503906,0,neutral_hadron,0.11871978537346915,1448.00537109375,0.0,0.0,1.0,0.0,0.0,0.0,0.0,0.625,0.375,0.0,0.0,0.0,1,131.82044982910156,1,muon,0.13703803891642777,830.1055297851562,1.0,0.0,0.0,0.0,0.0,1.0,1.0,0.625,0.0,0.0,0.0,0.375,1,0.30510127544403076,0.30510127544403076
1535,Tbl_correct,label_Tbl,label_Tbl,0.8967875242233276,594.5325757433285,0,0,319.67724609375,0,electron,0.19635287547783672,1308.39794921875,1.0,0.0,0.0,0.0,1.0,0.0,1.0,0.25,0.0,0.5,0.25,0.0,0,319.67724609375,0,electron,0.19635287547783672,1308.39794921875,1.0,0.0,0.0,0.0,1.0,0.0,1.0,0.25,0.0,0.5,0.25,0.0,0,319.67724609375,0,electron,0.19635287547783672,1308.39794921875,1.0,0.0,0.0,0.0,1.0,0.0,1.0,0.25,0.0,0.5,0.25,0.0,1,3.162277789670043e-05,3.162277789670043e-05
