event_idx,group,head_id,layer,channels,score_hqql_proj,score_tbl_proj,activation_norm,base_logit_hqql,base_logit_tbl,zero_logit_hqql,zero_logit_tbl,contrib_hqql_logit_drop_when_zeroed,contrib_tbl_logit_drop_when_zeroed,base_pred,zero_pred,projection_note
12308,A_protected_highiso,L2_ch128:160,2,128:160,24.745824813842773,25.827800750732422,0.1770137995481491,2.8798811435699463,2.3204500675201416,1.93649160861969,0.9064748287200928,0.9433895349502563,1.4139752388000488,label_Hqql,label_Hqql,effective_linear_approx_from_2_linear_layers
12358,A_protected_highiso,L2_ch128:160,2,128:160,25.807601928710938,23.479007720947266,0.15414142608642578,3.6764919757843018,-0.03516805171966553,1.8916949033737183,-1.4255021810531616,1.7847970724105835,1.390334129333496,label_Hqql,label_Hqql,effective_linear_approx_from_2_linear_layers
12438,A_protected_highiso,L2_ch128:160,2,128:160,28.506858825683594,26.453187942504883,0.20517581701278687,3.9234845638275146,-0.10843008756637573,2.0098721981048584,-2.019226312637329,1.9136123657226562,1.9107961654663086,label_Hqql,label_Hqql,effective_linear_approx_from_2_linear_layers
12442,A_protected_highiso,L2_ch128:160,2,128:160,16.441675186157227,15.261531829833984,0.1367170363664627,-0.7737846970558167,-2.784149169921875,-1.0375308990478516,-3.349424123764038,0.2637462019920349,0.5652749538421631,label_Hqql,label_Hqql,effective_linear_approx_from_2_linear_layers
12509,A_protected_highiso,L2_ch128:160,2,128:160,27.47682762145996,24.512983322143555,0.14602407813072205,2.336242198944092,-3.7907845973968506,-0.5251775979995728,-6.04064416885376,2.861419677734375,2.249859571456909,label_Hqql,label_Hqql,effective_linear_approx_from_2_linear_layers
12592,A_protected_highiso,L2_ch128:160,2,128:160,30.650663375854492,28.44690704345703,0.18275097012519836,3.8408658504486084,0.22529035806655884,1.4491790533065796,-1.9647389650344849,2.3916869163513184,2.1900293827056885,label_Hqql,label_Hqql,effective_linear_approx_from_2_linear_layers
12784,A_protected_highiso,L2_ch128:160,2,128:160,25.014732360839844,25.244659423828125,0.18449926376342773,0.6267354488372803,-1.8696691989898682,-0.7734555006027222,-3.330608606338501,1.4001909494400024,1.4609394073486328,label_Hqql,label_Hqql,effective_linear_approx_from_2_linear_layers
13089,A_protected_highiso,L2_ch128:160,2,128:160,18.305313110351562,16.47294044494629,0.12858039140701294,0.8011832237243652,-4.292499542236328,-1.1315597295761108,-5.733386993408203,1.932742953300476,1.440887451171875,label_Hqql,label_Hqql,effective_linear_approx_from_2_linear_layers
13279,A_protected_highiso,L2_ch128:160,2,128:160,18.249496459960938,22.30026626586914,0.1456870436668396,1.0377165079116821,-0.44531047344207764,-0.35577860474586487,-2.538778781890869,1.3934950828552246,2.093468189239502,label_Hqql,label_Hqql,effective_linear_approx_from_2_linear_layers
13374,A_protected_highiso,L2_ch128:160,2,128:160,28.503524780273438,25.780662536621094,0.17239859700202942,3.0433714389801025,0.4021151065826416,1.506021499633789,-1.9453150033950806,1.5373499393463135,2.3474302291870117,label_Hqql,label_Hqql,effective_linear_approx_from_2_linear_layers
13400,A_protected_highiso,L2_ch128:160,2,128:160,22.233402252197266,19.860286712646484,0.1695495843887329,1.0845355987548828,-1.5090107917785645,-0.7816858291625977,-3.1141180992126465,1.8662214279174805,1.605107307434082,label_Hqql,label_Hqql,effective_linear_approx_from_2_linear_layers
13529,A_protected_highiso,L2_ch128:160,2,128:160,23.663619995117188,20.848289489746094,0.14612030982971191,3.0854218006134033,-1.1953595876693726,1.3614026308059692,-2.997713804244995,1.724019169807434,1.8023542165756226,label_Hqql,label_Hqql,effective_linear_approx_from_2_linear_layers
13897,A_protected_highiso,L2_ch128:160,2,128:160,25.758821487426758,22.355403900146484,0.16885755956172943,2.0386478900909424,-4.467491626739502,0.1183106005191803,-7.658207893371582,1.9203373193740845,3.19071626663208,label_Hqql,label_Hqql,effective_linear_approx_from_2_linear_layers
14139,A_protected_highiso,L2_ch128:160,2,128:160,32.47035598754883,27.93714714050293,0.20012277364730835,4.718297958374023,-1.789663314819336,2.3776021003723145,-4.328066825866699,2.340695858001709,2.5384035110473633,label_Hqql,label_Hqql,effective_linear_approx_from_2_linear_layers
14355,A_protected_highiso,L2_ch128:160,2,128:160,24.767333984375,20.591428756713867,0.15040622651576996,3.0546371936798096,-1.1560205221176147,0.9616338014602661,-3.4052586555480957,2.093003273010254,2.2492380142211914,label_Hqql,label_Hqql,effective_linear_approx_from_2_linear_layers
14381,A_protected_highiso,L2_ch128:160,2,128:160,26.19707489013672,26.027877807617188,0.14861907064914703,3.28680682182312,1.983764410018921,1.5509706735610962,0.14495348930358887,1.735836148262024,1.838810920715332,label_Hqql,label_Hqql,effective_linear_approx_from_2_linear_layers
14596,A_protected_highiso,L2_ch128:160,2,128:160,15.65027141571045,17.63412094116211,0.11973784118890762,1.7071079015731812,0.4329977035522461,-0.41922426223754883,-1.2361531257629395,2.1263322830200195,1.6691508293151855,label_Hqql,label_Hqql,effective_linear_approx_from_2_linear_layers
14600,A_protected_highiso,L2_ch128:160,2,128:160,39.19053649902344,33.62462615966797,0.22442026436328888,3.449733018875122,-0.9093831777572632,1.1561263799667358,-2.9397077560424805,2.293606758117676,2.0303244590759277,label_Hqql,label_Hqql,effective_linear_approx_from_2_linear_layers
14625,A_protected_highiso,L2_ch128:160,2,128:160,23.008729934692383,23.272512435913086,0.15245260298252106,1.7360154390335083,0.40641188621520996,0.5054934024810791,-0.18601948022842407,1.2305220365524292,0.592431366443634,label_Hqql,label_Hqql,effective_linear_approx_from_2_linear_layers
14742,A_protected_highiso,L2_ch128:160,2,128:160,23.609878540039062,23.788089752197266,0.16511794924736023,2.9145562648773193,0.979590892791748,0.8961089849472046,-0.9622851610183716,2.0184473991394043,1.9418760538101196,label_Hqql,label_Hqql,effective_linear_approx_from_2_linear_layers
14991,A_protected_highiso,L2_ch128:160,2,128:160,26.81914710998535,24.480436325073242,0.16937905550003052,3.5207407474517822,-1.2534875869750977,1.2374705076217651,-2.9428555965423584,2.2832703590393066,1.6893680095672607,label_Hqql,label_Hqql,effective_linear_approx_from_2_linear_layers
14999,A_protected_highiso,L2_ch128:160,2,128:160,24.115419387817383,26.07155990600586,0.15439870953559875,2.903455972671509,2.343428134918213,0.3527970612049103,0.05903583765029907,2.550658941268921,2.2843923568725586,label_Hqql,label_Hqql,effective_linear_approx_from_2_linear_layers
15006,A_protected_highiso,L2_ch128:160,2,128:160,29.65227508544922,30.587871551513672,0.19565695524215698,2.8276960849761963,1.5310747623443604,1.4722415208816528,-0.24550852179527283,1.3554545640945435,1.7765833139419556,label_Hqql,label_Hqql,effective_linear_approx_from_2_linear_layers
15112,A_protected_highiso,L2_ch128:160,2,128:160,24.475101470947266,23.70258331298828,0.15620137751102448,3.7518503665924072,1.2203036546707153,1.540423035621643,-0.5225210189819336,2.2114272117614746,1.742824673652649,label_Hqql,label_Hqql,effective_linear_approx_from_2_linear_layers
15233,A_protected_highiso,L2_ch128:160,2,128:160,24.183597564697266,24.09262466430664,0.15573382377624512,3.491706132888794,1.4985852241516113,2.037257432937622,0.21183782815933228,1.4544486999511719,1.2867474555969238,label_Hqql,label_Hqql,effective_linear_approx_from_2_linear_layers
15292,A_protected_highiso,L2_ch128:160,2,128:160,17.263063430786133,17.439489364624023,0.14324615895748138,0.5992239713668823,-1.5581605434417725,-0.0109882652759552,-2.039703130722046,0.6102122068405151,0.48154258728027344,label_Hqql,label_Hqql,effective_linear_approx_from_2_linear_layers
15512,A_protected_highiso,L2_ch128:160,2,128:160,19.749507904052734,16.562143325805664,0.13853546977043152,0.1927480399608612,-1.5594489574432373,-0.08230157196521759,-2.2988781929016113,0.27504962682724,0.739429235458374,label_Hqql,label_Hqql,effective_linear_approx_from_2_linear_layers
15540,A_protected_highiso,L2_ch128:160,2,128:160,22.869606018066406,20.892330169677734,0.14101330935955048,3.0957701206207275,-1.7905685901641846,1.4028011560440063,-4.274572372436523,1.6929689645767212,2.484003782272339,label_Hqql,label_Hqql,effective_linear_approx_from_2_linear_layers
15590,A_protected_highiso,L2_ch128:160,2,128:160,30.51272201538086,28.859813690185547,0.1874685436487198,2.1016886234283447,0.1945817470550537,-0.269155889749527,-1.6090595722198486,2.370844602584839,1.8036413192749023,label_Hqql,label_Hqql,effective_linear_approx_from_2_linear_layers
15684,A_protected_highiso,L2_ch128:160,2,128:160,22.22313117980957,22.95180320739746,0.15291371941566467,2.2241780757904053,1.5490450859069824,0.9920486211776733,-0.6378136873245239,1.232129454612732,2.186858654022217,label_Hqql,label_Hqql,effective_linear_approx_from_2_linear_layers
15800,A_protected_highiso,L2_ch128:160,2,128:160,19.956378936767578,17.742252349853516,0.15085721015930176,1.333858609199524,-1.9936835765838623,0.07404020428657532,-3.647928237915039,1.259818434715271,1.6542446613311768,label_Hqql,label_Hqql,effective_linear_approx_from_2_linear_layers
16360,A_protected_highiso,L2_ch128:160,2,128:160,25.6466007232666,22.501222610473633,0.16176214814186096,2.5295865535736084,-1.135614037513733,0.911641001701355,-3.2162938117980957,1.6179455518722534,2.0806798934936523,label_Hqql,label_Hqql,effective_linear_approx_from_2_linear_layers
12649,B_confused_highiso,L2_ch128:160,2,128:160,18.243507385253906,23.748123168945312,0.14901873469352722,-1.1446819305419922,1.439178705215454,-2.856074810028076,-0.29176580905914307,1.711392879486084,1.7309445142745972,label_Tbl,label_Tbl,effective_linear_approx_from_2_linear_layers
12982,B_confused_highiso,L2_ch128:160,2,128:160,21.570463180541992,24.592113494873047,0.15061859786510468,0.9109939336776733,2.2985732555389404,-0.52801513671875,0.6601531505584717,1.4390090703964233,1.6384201049804688,label_Tbl,label_Tbl,effective_linear_approx_from_2_linear_layers
13045,B_confused_highiso,L2_ch128:160,2,128:160,27.498924255371094,28.909500122070312,0.18794415891170502,1.867108941078186,1.9097933769226074,-1.1441996097564697,-0.19757914543151855,3.0113086700439453,2.107372522354126,label_Tbl,label_Tbl,effective_linear_approx_from_2_linear_layers
13583,B_confused_highiso,L2_ch128:160,2,128:160,19.522459030151367,24.542282104492188,0.1889229714870453,-3.069281816482544,-1.067929983139038,-4.801509380340576,-2.018415689468384,1.7322275638580322,0.9504857063293457,label_Tbl,label_Tbl,effective_linear_approx_from_2_linear_layers
13787,B_confused_highiso,L2_ch128:160,2,128:160,20.054466247558594,19.764080047607422,0.1810975968837738,0.2757050693035126,1.8257653713226318,-1.2074668407440186,0.16129350662231445,1.4831719398498535,1.6644718647003174,label_Tbl,label_Tbl,effective_linear_approx_from_2_linear_layers
13997,B_confused_highiso,L2_ch128:160,2,128:160,19.65918731689453,26.871152877807617,0.20621177554130554,0.07427099347114563,3.3213210105895996,-0.9337940216064453,0.9122493267059326,1.0080649852752686,2.409071683883667,label_Tbl,label_Tbl,effective_linear_approx_from_2_linear_layers
14711,B_confused_highiso,L2_ch128:160,2,128:160,21.486309051513672,27.040254592895508,0.17925012111663818,0.5512353181838989,2.793661117553711,-0.6738898754119873,1.1851000785827637,1.2251251935958862,1.6085610389709473,label_Tbl,label_Tbl,effective_linear_approx_from_2_linear_layers
15288,B_confused_highiso,L2_ch128:160,2,128:160,22.52056312561035,22.79471206665039,0.1482412964105606,0.5876303911209106,1.5895590782165527,-0.9393028020858765,-0.653028130531311,1.526933193206787,2.242587089538574,label_Tbl,label_Tbl,effective_linear_approx_from_2_linear_layers
15528,B_confused_highiso,L2_ch128:160,2,128:160,21.130321502685547,23.28985595703125,0.14146451652050018,-2.2324254512786865,-1.5633301734924316,-3.847973585128784,-3.2734477519989014,1.6155481338500977,1.7101175785064697,label_Tbl,label_Tbl,effective_linear_approx_from_2_linear_layers
15658,B_confused_highiso,L2_ch128:160,2,128:160,13.741997718811035,19.982032775878906,0.12839460372924805,-0.7616251707077026,1.0893653631210327,-1.252098798751831,0.4309321641921997,0.4904736280441284,0.658433198928833,label_Tbl,label_Tbl,effective_linear_approx_from_2_linear_layers
15893,B_confused_highiso,L2_ch128:160,2,128:160,19.728797912597656,25.089834213256836,0.19421172142028809,1.474683165550232,3.4176025390625,0.40141549706459045,1.270277500152588,1.0732676982879639,2.147325038909912,label_Tbl,label_Tbl,effective_linear_approx_from_2_linear_layers
20480,C_Tbl_correct,L2_ch128:160,2,128:160,17.917171478271484,42.89984893798828,0.5469642877578735,-3.4155938625335693,5.567715167999268,-2.962902069091797,2.806276798248291,-0.45269179344177246,2.7614383697509766,label_Tbl,label_Tbl,effective_linear_approx_from_2_linear_layers
20481,C_Tbl_correct,L2_ch128:160,2,128:160,22.324432373046875,38.38226318359375,0.320547878742218,-8.323958396911621,3.418581008911133,-9.345649719238281,0.9752891063690186,1.0216913223266602,2.4432919025421143,label_Tbl,label_Tbl,effective_linear_approx_from_2_linear_layers
20482,C_Tbl_correct,L2_ch128:160,2,128:160,29.11488914489746,35.37689971923828,0.3225484788417816,-4.979280948638916,0.3209437131881714,-2.9947469234466553,0.6077494621276855,-1.9845340251922607,-0.28680574893951416,label_Tbl,label_Tbl,effective_linear_approx_from_2_linear_layers
20483,C_Tbl_correct,L2_ch128:160,2,128:160,18.316741943359375,34.47257995605469,0.2566639184951782,-5.344690322875977,3.844911575317383,-7.537317752838135,0.057367682456970215,2.192627429962158,3.787543773651123,label_Tbl,label_Tbl,effective_linear_approx_from_2_linear_layers
20484,C_Tbl_correct,L2_ch128:160,2,128:160,17.034807205200195,21.895111083984375,0.16616812348365784,-7.005253791809082,-0.24870026111602783,-11.712437629699707,-4.155981063842773,4.707183837890625,3.907280921936035,label_Tbl,label_Tbl,effective_linear_approx_from_2_linear_layers
20485,C_Tbl_correct,L2_ch128:160,2,128:160,20.386838912963867,32.85901641845703,0.25092485547065735,-9.797272682189941,0.8641380071640015,-8.86783504486084,0.1362195611000061,-0.9294376373291016,0.7279184460639954,label_Tbl,label_Tbl,effective_linear_approx_from_2_linear_layers
20486,C_Tbl_correct,L2_ch128:160,2,128:160,17.101194381713867,25.2021484375,0.17256957292556763,-2.318092107772827,1.1826121807098389,-3.5659029483795166,-0.9266398549079895,1.2478108406066895,2.1092519760131836,label_Tbl,label_Tbl,effective_linear_approx_from_2_linear_layers
20487,C_Tbl_correct,L2_ch128:160,2,128:160,11.49777889251709,35.75334930419922,0.38037988543510437,-15.49501895904541,1.4054656028747559,-13.318252563476562,-1.035195231437683,-2.1767663955688477,2.4406609535217285,label_Tbl,label_Tbl,effective_linear_approx_from_2_linear_layers
20488,C_Tbl_correct,L2_ch128:160,2,128:160,17.651622772216797,25.805503845214844,0.18144702911376953,1.45091712474823,2.486684799194336,-0.3080190420150757,0.8152346611022949,1.7589361667633057,1.671450138092041,label_Tbl,label_Tbl,effective_linear_approx_from_2_linear_layers
20489,C_Tbl_correct,L2_ch128:160,2,128:160,28.00531005859375,42.13301467895508,0.30705970525741577,-11.290022850036621,0.22091031074523926,-10.55220890045166,-0.996984601020813,-0.7378139495849609,1.2178949117660522,label_Tbl,label_Tbl,effective_linear_approx_from_2_linear_layers
20490,C_Tbl_correct,L2_ch128:160,2,128:160,18.836702346801758,26.03226089477539,0.16637714207172394,0.11851462721824646,2.9853603839874268,-1.489516019821167,0.36928415298461914,1.6080306768417358,2.6160762310028076,label_Tbl,label_Tbl,effective_linear_approx_from_2_linear_layers
20491,C_Tbl_correct,L2_ch128:160,2,128:160,21.04903221130371,35.72978210449219,0.28621363639831543,-4.214057922363281,4.654110908508301,-5.938033103942871,1.1203895807266235,1.7239751815795898,3.533721446990967,label_Tbl,label_Tbl,effective_linear_approx_from_2_linear_layers
20492,C_Tbl_correct,L2_ch128:160,2,128:160,20.481048583984375,25.223060607910156,0.16614046692848206,-0.41307559609413147,2.090147018432617,-2.3499021530151367,-0.50909024477005,1.9368265867233276,2.5992372035980225,label_Tbl,label_Tbl,effective_linear_approx_from_2_linear_layers
20493,C_Tbl_correct,L2_ch128:160,2,128:160,32.86030197143555,35.722190856933594,0.24802514910697937,1.4081308841705322,2.90766978263855,-0.2869396209716797,1.2928094863891602,1.695070505142212,1.6148602962493896,label_Tbl,label_Tbl,effective_linear_approx_from_2_linear_layers
20494,C_Tbl_correct,L2_ch128:160,2,128:160,18.004520416259766,40.226722717285156,0.3811493515968323,-7.099913120269775,5.462751865386963,-8.381095886230469,2.1536812782287598,1.2811827659606934,3.309070587158203,label_Tbl,label_Tbl,effective_linear_approx_from_2_linear_layers
20495,C_Tbl_correct,L2_ch128:160,2,128:160,27.467370986938477,33.145198822021484,0.25554516911506653,1.8798390626907349,2.9556238651275635,-0.47824591398239136,0.49368739128112793,2.3580849170684814,2.4619364738464355,label_Tbl,label_Tbl,effective_linear_approx_from_2_linear_layers
20496,C_Tbl_correct,L2_ch128:160,2,128:160,27.10730743408203,31.500469207763672,0.22749139368534088,-6.729451656341553,-0.5860624313354492,-11.079350471496582,-5.275355339050293,4.349898815155029,4.689292907714844,label_Tbl,label_Tbl,effective_linear_approx_from_2_linear_layers
20497,C_Tbl_correct,L2_ch128:160,2,128:160,8.48797607421875,41.03693771362305,0.5095443725585938,-12.069754600524902,3.5387611389160156,-10.571556091308594,0.9628105163574219,-1.4981985092163086,2.5759506225585938,label_Tbl,label_Tbl,effective_linear_approx_from_2_linear_layers
20498,C_Tbl_correct,L2_ch128:160,2,128:160,36.64574432373047,40.03599166870117,0.2787211239337921,1.7666112184524536,2.780198097229004,-1.2334365844726562,-0.13846564292907715,3.0000476837158203,2.918663740158081,label_Tbl,label_Tbl,effective_linear_approx_from_2_linear_layers
20499,C_Tbl_correct,L2_ch128:160,2,128:160,19.25046157836914,31.409189224243164,0.22391995787620544,-3.2735793590545654,3.8245882987976074,-4.433078765869141,1.7516450881958008,1.1594994068145752,2.0729432106018066,label_Tbl,label_Tbl,effective_linear_approx_from_2_linear_layers
20500,C_Tbl_correct,L2_ch128:160,2,128:160,28.14438247680664,43.36334228515625,0.32147911190986633,-6.415186405181885,2.666245460510254,-6.650651454925537,0.44172167778015137,0.23546504974365234,2.2245237827301025,label_Tbl,label_Tbl,effective_linear_approx_from_2_linear_layers
20501,C_Tbl_correct,L2_ch128:160,2,128:160,18.49480438232422,33.52996063232422,0.2642369568347931,-7.150689125061035,3.5026817321777344,-6.6317925453186035,1.310159683227539,-0.5188965797424316,2.1925220489501953,label_Tbl,label_Tbl,effective_linear_approx_from_2_linear_layers
20502,C_Tbl_correct,L2_ch128:160,2,128:160,14.658666610717773,36.06153869628906,0.3215112090110779,-4.627233028411865,4.754775047302246,-5.178603649139404,1.9507291316986084,0.5513706207275391,2.8040459156036377,label_Tbl,label_Tbl,effective_linear_approx_from_2_linear_layers
20503,C_Tbl_correct,L2_ch128:160,2,128:160,22.00514793395996,36.169559478759766,0.3153170347213745,-7.358910083770752,2.018247604370117,-6.057397842407227,0.9655721187591553,-1.3015122413635254,1.052675485610962,label_Tbl,label_Tbl,effective_linear_approx_from_2_linear_layers
20504,C_Tbl_correct,L2_ch128:160,2,128:160,18.69098663330078,31.06503677368164,0.20571449398994446,-1.6289256811141968,3.2367241382598877,-2.6728322505950928,0.6192165613174438,1.043906569480896,2.6175074577331543,label_Tbl,label_Tbl,effective_linear_approx_from_2_linear_layers
20505,C_Tbl_correct,L2_ch128:160,2,128:160,37.83777618408203,46.675472259521484,0.3073110282421112,-0.028958529233932495,3.8411617279052734,-2.9552197456359863,0.8471651077270508,2.9262611865997314,2.9939966201782227,label_Tbl,label_Tbl,effective_linear_approx_from_2_linear_layers
20506,C_Tbl_correct,L2_ch128:160,2,128:160,14.558585166931152,20.079774856567383,0.13724178075790405,-2.067615509033203,1.028699278831482,-3.162710189819336,-0.6057583093643188,1.0950946807861328,1.6344575881958008,label_Tbl,label_Tbl,effective_linear_approx_from_2_linear_layers
20507,C_Tbl_correct,L2_ch128:160,2,128:160,10.828084945678711,26.93422508239746,0.22098590433597565,-12.013851165771484,0.5190858840942383,-10.76169204711914,-0.866753339767456,-1.2521591186523438,1.3858392238616943,label_Tbl,label_Tbl,effective_linear_approx_from_2_linear_layers
20508,C_Tbl_correct,L2_ch128:160,2,128:160,15.342550277709961,40.13010025024414,0.38184237480163574,-5.569357395172119,5.3123321533203125,-4.55865478515625,2.9789865016937256,-1.0107026100158691,2.333345651626587,label_Tbl,label_Tbl,effective_linear_approx_from_2_linear_layers
20509,C_Tbl_correct,L2_ch128:160,2,128:160,15.358687400817871,41.03041076660156,0.37035447359085083,-23.165132522583008,0.5695033073425293,-19.782936096191406,-0.5478312969207764,-3.3821964263916016,1.1173346042633057,label_Tbl,label_Tbl,effective_linear_approx_from_2_linear_layers
20510,C_Tbl_correct,L2_ch128:160,2,128:160,19.702423095703125,27.942935943603516,0.2164258062839508,-0.14782890677452087,3.1821351051330566,-1.3813875913619995,1.4123334884643555,1.2335586547851562,1.7698016166687012,label_Tbl,label_Tbl,effective_linear_approx_from_2_linear_layers
20511,C_Tbl_correct,L2_ch128:160,2,128:160,21.741676330566406,28.765491485595703,0.18488307297229767,1.8585759401321411,3.3131091594696045,0.3315984308719635,1.1522860527038574,1.5269775390625,2.160823106765747,label_Tbl,label_Tbl,effective_linear_approx_from_2_linear_layers
20512,C_Tbl_correct,L2_ch128:160,2,128:160,30.55029296875,40.91999435424805,0.2525554597377777,-0.7726041674613953,4.452902793884277,-3.705498456954956,1.3821072578430176,2.932894229888916,3.0707955360412598,label_Tbl,label_Tbl,effective_linear_approx_from_2_linear_layers
20513,C_Tbl_correct,L2_ch128:160,2,128:160,6.115546703338623,37.013916015625,0.438152939081192,-13.804064750671387,5.065451622009277,-11.634198188781738,2.369663953781128,-2.1698665618896484,2.6957876682281494,label_Tbl,label_Tbl,effective_linear_approx_from_2_linear_layers
20514,C_Tbl_correct,L2_ch128:160,2,128:160,21.60645294189453,32.469505310058594,0.274490088224411,-3.4543652534484863,3.1841068267822266,-4.301366806030273,0.9283709526062012,0.8470015525817871,2.2557358741760254,label_Tbl,label_Tbl,effective_linear_approx_from_2_linear_layers
20515,C_Tbl_correct,L2_ch128:160,2,128:160,25.6032772064209,41.96175003051758,0.2890564203262329,-4.892578125,6.0447998046875,-6.778881549835205,2.4341273307800293,1.886303424835205,3.6106724739074707,label_Tbl,label_Tbl,effective_linear_approx_from_2_linear_layers
20516,C_Tbl_correct,L2_ch128:160,2,128:160,10.074771881103516,39.37427520751953,0.4973941445350647,-17.896024703979492,1.523951768875122,-11.923075675964355,1.076859951019287,-5.972949028015137,0.44709181785583496,label_Tbl,label_Tbl,effective_linear_approx_from_2_linear_layers
20517,C_Tbl_correct,L2_ch128:160,2,128:160,17.616600036621094,31.3813419342041,0.2528427243232727,-4.649143695831299,3.4481582641601562,-4.63633918762207,1.9311211109161377,-0.012804508209228516,1.5170371532440186,label_Tbl,label_Tbl,effective_linear_approx_from_2_linear_layers
20518,C_Tbl_correct,L2_ch128:160,2,128:160,20.987154006958008,27.53006935119629,0.19886261224746704,-4.387455940246582,1.6583824157714844,-4.208252906799316,1.0351380109786987,-0.17920303344726562,0.6232444047927856,label_Tbl,label_Tbl,effective_linear_approx_from_2_linear_layers
20519,C_Tbl_correct,L2_ch128:160,2,128:160,25.4901180267334,38.45365905761719,0.29540929198265076,-1.7640184164047241,5.0186767578125,-2.5815131664276123,2.420639991760254,0.8174947500228882,2.598036766052246,label_Tbl,label_Tbl,effective_linear_approx_from_2_linear_layers
20520,C_Tbl_correct,L2_ch128:160,2,128:160,18.84184455871582,28.504117965698242,0.21073809266090393,-2.763209819793701,2.6747851371765137,-5.577947616577148,-0.9715926647186279,2.8147377967834473,3.6463778018951416,label_Tbl,label_Tbl,effective_linear_approx_from_2_linear_layers
20521,C_Tbl_correct,L2_ch128:160,2,128:160,13.795207977294922,29.443111419677734,0.23784862458705902,-4.277113437652588,3.148054838180542,-4.93552827835083,0.41260766983032227,0.6584148406982422,2.7354471683502197,label_Tbl,label_Tbl,effective_linear_approx_from_2_linear_layers
20522,C_Tbl_correct,L2_ch128:160,2,128:160,13.117128372192383,46.066226959228516,0.5470998287200928,-10.377086639404297,5.835184574127197,-6.179002285003662,4.266855239868164,-4.198084354400635,1.5683293342590332,label_Tbl,label_Tbl,effective_linear_approx_from_2_linear_layers
20523,C_Tbl_correct,L2_ch128:160,2,128:160,13.082989692687988,41.121482849121094,0.39780953526496887,-12.26170539855957,4.758785247802734,-9.284613609313965,3.425593376159668,-2.9770917892456055,1.3331918716430664,label_Tbl,label_Tbl,effective_linear_approx_from_2_linear_layers
20524,C_Tbl_correct,L2_ch128:160,2,128:160,32.04777908325195,48.20945739746094,0.495519757270813,-9.907485008239746,5.808475494384766,-7.473433971405029,4.615476131439209,-2.434051036834717,1.1929993629455566,label_Tbl,label_Tbl,effective_linear_approx_from_2_linear_layers
20525,C_Tbl_correct,L2_ch128:160,2,128:160,13.447486877441406,30.808181762695312,0.23364220559597015,-4.150577545166016,4.320821762084961,-4.328129291534424,2.0336410999298096,0.1775517463684082,2.2871806621551514,label_Tbl,label_Tbl,effective_linear_approx_from_2_linear_layers
20526,C_Tbl_correct,L2_ch128:160,2,128:160,18.499753952026367,33.530982971191406,0.25408071279525757,-2.6185600757598877,4.92629337310791,-3.6081783771514893,2.5638067722320557,0.9896183013916016,2.3624866008758545,label_Tbl,label_Tbl,effective_linear_approx_from_2_linear_layers
20527,C_Tbl_correct,L2_ch128:160,2,128:160,22.32138442993164,34.15272521972656,0.22256503999233246,-4.200023174285889,2.437349796295166,-6.037049293518066,-0.048293352127075195,1.8370261192321777,2.485643148422241,label_Tbl,label_Tbl,effective_linear_approx_from_2_linear_layers
20528,C_Tbl_correct,L2_ch128:160,2,128:160,18.42264175415039,26.789043426513672,0.20270687341690063,-3.4559013843536377,2.358579397201538,-4.045070648193359,0.3538137674331665,0.5891692638397217,2.004765510559082,label_Tbl,label_Tbl,effective_linear_approx_from_2_linear_layers
20529,C_Tbl_correct,L2_ch128:160,2,128:160,20.281795501708984,36.676326751708984,0.2848866879940033,-5.803777694702148,4.016561508178711,-5.710771560668945,2.266037940979004,-0.09300613403320312,1.750523567199707,label_Tbl,label_Tbl,effective_linear_approx_from_2_linear_layers
20530,C_Tbl_correct,L2_ch128:160,2,128:160,18.501300811767578,26.165142059326172,0.17090627551078796,-2.506561040878296,1.4336442947387695,-2.824450731277466,0.5588879585266113,0.3178896903991699,0.8747563362121582,label_Tbl,label_Tbl,effective_linear_approx_from_2_linear_layers
20531,C_Tbl_correct,L2_ch128:160,2,128:160,27.039670944213867,44.06312561035156,0.2980917692184448,-1.9821207523345947,5.543834686279297,-3.1896824836730957,2.6302106380462646,1.207561731338501,2.9136240482330322,label_Tbl,label_Tbl,effective_linear_approx_from_2_linear_layers
20532,C_Tbl_correct,L2_ch128:160,2,128:160,38.056793212890625,34.78547668457031,0.2870553731918335,0.247257262468338,0.713881254196167,-0.33597785234451294,-1.5175585746765137,0.5832351446151733,2.2314398288726807,label_Tbl,label_Hqql,effective_linear_approx_from_2_linear_layers
20533,C_Tbl_correct,L2_ch128:160,2,128:160,12.528648376464844,21.493619918823242,0.17566631734371185,-5.445600509643555,1.155488133430481,-5.539651870727539,-0.55672287940979,0.09405136108398438,1.712211012840271,label_Tbl,label_Tbl,effective_linear_approx_from_2_linear_layers
20534,C_Tbl_correct,L2_ch128:160,2,128:160,29.12333869934082,40.98442077636719,0.27297455072402954,0.7816365957260132,3.2905478477478027,-0.8070676326751709,0.6895993947982788,1.588704228401184,2.6009483337402344,label_Tbl,label_Tbl,effective_linear_approx_from_2_linear_layers
20535,C_Tbl_correct,L2_ch128:160,2,128:160,22.118154525756836,36.32562255859375,0.29355841875076294,-7.325348854064941,3.5674476623535156,-7.41677713394165,2.013894557952881,0.09142827987670898,1.5535531044006348,label_Tbl,label_Tbl,effective_linear_approx_from_2_linear_layers
20536,C_Tbl_correct,L2_ch128:160,2,128:160,11.671642303466797,32.851444244384766,0.32572197914123535,-6.239593982696533,3.0378172397613525,-4.193737030029297,1.195750117301941,-2.0458569526672363,1.8420671224594116,label_Tbl,label_Tbl,effective_linear_approx_from_2_linear_layers
20537,C_Tbl_correct,L2_ch128:160,2,128:160,22.618345260620117,37.73215866088867,0.28447261452674866,-6.8023505210876465,4.003121376037598,-6.946268558502197,2.353010654449463,0.14391803741455078,1.6501107215881348,label_Tbl,label_Tbl,effective_linear_approx_from_2_linear_layers
20538,C_Tbl_correct,L2_ch128:160,2,128:160,15.941356658935547,33.84033203125,0.28402402997016907,-15.231514930725098,0.19614934921264648,-14.2617769241333,-1.4679107666015625,-0.9697380065917969,1.664060115814209,label_Tbl,label_Tbl,effective_linear_approx_from_2_linear_layers
20539,C_Tbl_correct,L2_ch128:160,2,128:160,10.539487838745117,19.067346572875977,0.19877058267593384,-3.083111047744751,1.0412347316741943,-1.8819900751113892,-0.19032591581344604,-1.2011209726333618,1.2315607070922852,label_Tbl,label_Tbl,effective_linear_approx_from_2_linear_layers
20540,C_Tbl_correct,L2_ch128:160,2,128:160,28.561382293701172,37.52531433105469,0.27551132440567017,-2.3537757396698,3.8867902755737305,-3.641608476638794,2.269953966140747,1.2878327369689941,1.6168363094329834,label_Tbl,label_Tbl,effective_linear_approx_from_2_linear_layers
20541,C_Tbl_correct,L2_ch128:160,2,128:160,32.624637603759766,38.5848503112793,0.27480462193489075,-1.1788052320480347,3.001033306121826,-3.5777385234832764,-0.027249932289123535,2.3989334106445312,3.02828311920166,label_Tbl,label_Tbl,effective_linear_approx_from_2_linear_layers
20542,C_Tbl_correct,L2_ch128:160,2,128:160,26.146915435791016,40.59949493408203,0.4038800895214081,-1.8337246179580688,5.661347389221191,-2.7799596786499023,3.1235265731811523,0.9462350606918335,2.537820816040039,label_Tbl,label_Tbl,effective_linear_approx_from_2_linear_layers
20543,C_Tbl_correct,L2_ch128:160,2,128:160,13.543573379516602,25.581159591674805,0.2288074940443039,-6.508926868438721,1.177087664604187,-6.6522088050842285,-0.7416598200798035,0.1432819366455078,1.9187474250793457,label_Tbl,label_Tbl,effective_linear_approx_from_2_linear_layers
20544,C_Tbl_correct,L2_ch128:160,2,128:160,39.906673431396484,47.964908599853516,0.31737300753593445,0.154287189245224,5.231097221374512,-2.021365165710449,2.0758605003356934,2.175652265548706,3.1552367210388184,label_Tbl,label_Tbl,effective_linear_approx_from_2_linear_layers
20545,C_Tbl_correct,L2_ch128:160,2,128:160,27.152278900146484,37.927059173583984,0.24201235175132751,-2.3922150135040283,5.881443023681641,-4.092298984527588,3.3431148529052734,1.7000839710235596,2.538328170776367,label_Tbl,label_Tbl,effective_linear_approx_from_2_linear_layers
20546,C_Tbl_correct,L2_ch128:160,2,128:160,4.40955924987793,33.77688217163086,0.39278414845466614,-12.159850120544434,3.879822254180908,-11.351163864135742,0.6106301546096802,-0.8086862564086914,3.2691922187805176,label_Tbl,label_Tbl,effective_linear_approx_from_2_linear_layers
20547,C_Tbl_correct,L2_ch128:160,2,128:160,17.321800231933594,37.493839263916016,0.3091801106929779,-7.429282188415527,3.4096450805664062,-5.284337997436523,1.724660873413086,-2.144944190979004,1.6849842071533203,label_Tbl,label_Tbl,effective_linear_approx_from_2_linear_layers
20548,C_Tbl_correct,L2_ch128:160,2,128:160,34.781673431396484,50.67992401123047,0.36851710081100464,-13.616924285888672,1.9185154438018799,-14.735177040100098,-0.7373110055923462,1.1182527542114258,2.6558265686035156,label_Tbl,label_Tbl,effective_linear_approx_from_2_linear_layers
20549,C_Tbl_correct,L2_ch128:160,2,128:160,37.1324462890625,44.18687057495117,0.3792911171913147,-1.48212468624115,2.9703304767608643,-3.934464454650879,0.11082029342651367,2.4523396492004395,2.8595101833343506,label_Tbl,label_Tbl,effective_linear_approx_from_2_linear_layers
20551,C_Tbl_correct,L2_ch128:160,2,128:160,28.53911590576172,42.25297546386719,0.3083912432193756,-10.534218788146973,2.308070182800293,-10.587517738342285,0.8009116649627686,0.0532989501953125,1.5071585178375244,label_Tbl,label_Tbl,effective_linear_approx_from_2_linear_layers
20552,C_Tbl_correct,L2_ch128:160,2,128:160,21.374309539794922,43.12894821166992,0.396860271692276,-5.2904276847839355,6.331210136413574,-5.64146614074707,3.32627010345459,0.35103845596313477,3.0049400329589844,label_Tbl,label_Tbl,effective_linear_approx_from_2_linear_layers
20553,C_Tbl_correct,L2_ch128:160,2,128:160,-1.571519374847412,24.60376739501953,0.36343857645988464,-12.588895797729492,0.31961750984191895,-8.825155258178711,-1.0731852054595947,-3.7637405395507812,1.3928027153015137,label_Tbl,label_Tbl,effective_linear_approx_from_2_linear_layers
20554,C_Tbl_correct,L2_ch128:160,2,128:160,18.011011123657227,25.28109359741211,0.19824464619159698,-5.926273822784424,-0.10814142227172852,-7.096301555633545,-2.533238649368286,1.170027732849121,2.4250972270965576,label_Tbl,label_Tbl,effective_linear_approx_from_2_linear_layers
20555,C_Tbl_correct,L2_ch128:160,2,128:160,24.201335906982422,46.876007080078125,0.3521152138710022,-3.30637526512146,5.60904598236084,-4.542787551879883,1.9869797229766846,1.2364122867584229,3.6220662593841553,label_Tbl,label_Tbl,effective_linear_approx_from_2_linear_layers
20556,C_Tbl_correct,L2_ch128:160,2,128:160,30.899322509765625,47.92414855957031,0.40714526176452637,-2.445554494857788,6.802558898925781,-3.491633415222168,3.631880760192871,1.0460789203643799,3.17067813873291,label_Tbl,label_Tbl,effective_linear_approx_from_2_linear_layers
20557,C_Tbl_correct,L2_ch128:160,2,128:160,21.56952667236328,30.646305084228516,0.24173328280448914,-3.359700918197632,2.8078014850616455,-2.5286662578582764,1.4200477600097656,-0.8310346603393555,1.3877537250518799,label_Tbl,label_Tbl,effective_linear_approx_from_2_linear_layers
20558,C_Tbl_correct,L2_ch128:160,2,128:160,26.658945083618164,39.404720306396484,0.29459458589553833,-1.4391149282455444,3.2439446449279785,-3.039397954940796,0.5466692447662354,1.6002830266952515,2.697275400161743,label_Tbl,label_Tbl,effective_linear_approx_from_2_linear_layers
20559,C_Tbl_correct,L2_ch128:160,2,128:160,31.093725204467773,38.578304290771484,0.25788652896881104,1.1572048664093018,4.391524314880371,-1.1036220788955688,1.0906816720962524,2.26082706451416,3.300842761993408,label_Tbl,label_Tbl,effective_linear_approx_from_2_linear_layers
20560,C_Tbl_correct,L2_ch128:160,2,128:160,27.84732437133789,31.80229949951172,0.3919702470302582,-1.5890809297561646,1.7057223320007324,-3.0480034351348877,0.6958791017532349,1.4589225053787231,1.0098432302474976,label_Tbl,label_Tbl,effective_linear_approx_from_2_linear_layers
20561,C_Tbl_correct,L2_ch128:160,2,128:160,15.759222030639648,21.05878257751465,0.1423756629228592,0.09894973039627075,2.3166799545288086,-1.7892502546310425,0.154951810836792,1.888200044631958,2.1617281436920166,label_Tbl,label_Tbl,effective_linear_approx_from_2_linear_layers
20562,C_Tbl_correct,L2_ch128:160,2,128:160,10.873558044433594,31.94655990600586,0.3012184500694275,-6.938263416290283,4.58643102645874,-7.295115947723389,1.1308252811431885,0.35685253143310547,3.4556057453155518,label_Tbl,label_Tbl,effective_linear_approx_from_2_linear_layers
20564,C_Tbl_correct,L2_ch128:160,2,128:160,16.92861557006836,36.95648956298828,0.3774354159832001,-2.432300090789795,5.980310440063477,-3.037189245223999,3.193607807159424,0.6048891544342041,2.7867026329040527,label_Tbl,label_Tbl,effective_linear_approx_from_2_linear_layers
20565,C_Tbl_correct,L2_ch128:160,2,128:160,16.99077033996582,23.38386344909668,0.16513220965862274,-5.727169513702393,1.041152000427246,-7.016290664672852,-0.4360373914241791,1.289121150970459,1.4771894216537476,label_Tbl,label_Tbl,effective_linear_approx_from_2_linear_layers
20566,C_Tbl_correct,L2_ch128:160,2,128:160,14.532554626464844,44.412986755371094,0.5023137331008911,-8.600132942199707,6.319943428039551,-6.890433311462402,4.417489051818848,-1.7096996307373047,1.9024543762207031,label_Tbl,label_Tbl,effective_linear_approx_from_2_linear_layers
20567,C_Tbl_correct,L2_ch128:160,2,128:160,12.906707763671875,29.797502517700195,0.3083127737045288,-4.862525463104248,2.7296507358551025,-3.967651605606079,1.4456651210784912,-0.894873857498169,1.2839856147766113,label_Tbl,label_Tbl,effective_linear_approx_from_2_linear_layers
20568,C_Tbl_correct,L2_ch128:160,2,128:160,21.81418228149414,28.353742599487305,0.18971602618694305,-1.941705346107483,3.6906166076660156,-2.919879674911499,1.8339061737060547,0.9781743288040161,1.856710433959961,label_Tbl,label_Tbl,effective_linear_approx_from_2_linear_layers
20569,C_Tbl_correct,L2_ch128:160,2,128:160,27.2156925201416,46.09074783325195,0.47191911935806274,-6.163444995880127,5.365515232086182,-6.971895694732666,2.0292131900787354,0.8084506988525391,3.3363020420074463,label_Tbl,label_Tbl,effective_linear_approx_from_2_linear_layers
20570,C_Tbl_correct,L2_ch128:160,2,128:160,18.79864501953125,33.4965705871582,0.280071884393692,-2.3882973194122314,3.8580374717712402,-5.2443037033081055,0.5912212133407593,2.856006383895874,3.2668161392211914,label_Tbl,label_Tbl,effective_linear_approx_from_2_linear_layers
20572,C_Tbl_correct,L2_ch128:160,2,128:160,19.019861221313477,37.669734954833984,0.34328144788742065,-3.8381855487823486,5.801542282104492,-4.899665832519531,2.554818630218506,1.0614802837371826,3.2467236518859863,label_Tbl,label_Tbl,effective_linear_approx_from_2_linear_layers
20573,C_Tbl_correct,L2_ch128:160,2,128:160,11.346230506896973,32.42088317871094,0.33284634351730347,-9.616639137268066,1.4819648265838623,-8.053583145141602,-0.1824432611465454,-1.5630559921264648,1.6644080877304077,label_Tbl,label_Tbl,effective_linear_approx_from_2_linear_layers
20574,C_Tbl_correct,L2_ch128:160,2,128:160,28.77734375,42.56266403198242,0.2932586073875427,-2.1155569553375244,5.612147331237793,-3.4874813556671143,2.9515037536621094,1.3719244003295898,2.6606435775756836,label_Tbl,label_Tbl,effective_linear_approx_from_2_linear_layers
20575,C_Tbl_correct,L2_ch128:160,2,128:160,21.94133186340332,30.100114822387695,0.19218474626541138,-1.3338903188705444,3.0575461387634277,-2.051579236984253,1.4677190780639648,0.7176889181137085,1.589827060699463,label_Tbl,label_Tbl,effective_linear_approx_from_2_linear_layers
20576,C_Tbl_correct,L2_ch128:160,2,128:160,34.017887115478516,42.209598541259766,0.30583545565605164,2.396214485168457,4.752112865447998,-0.2141796350479126,1.2574491500854492,2.61039400100708,3.494663715362549,label_Tbl,label_Tbl,effective_linear_approx_from_2_linear_layers
20577,C_Tbl_correct,L2_ch128:160,2,128:160,15.026559829711914,22.27621078491211,0.17080098390579224,-3.3680903911590576,0.20628076791763306,-4.146193981170654,-0.7855598330497742,0.7781035900115967,0.9918406009674072,label_Tbl,label_Tbl,effective_linear_approx_from_2_linear_layers
20578,C_Tbl_correct,L2_ch128:160,2,128:160,11.840302467346191,26.13718605041504,0.21164807677268982,-4.175910472869873,3.974119186401367,-4.4799909591674805,1.8667271137237549,0.3040804862976074,2.1073920726776123,label_Tbl,label_Tbl,effective_linear_approx_from_2_linear_layers
20579,C_Tbl_correct,L2_ch128:160,2,128:160,28.4825439453125,37.65833282470703,0.43331435322761536,-2.3545081615448,4.619433403015137,-4.403993606567383,2.5095205307006836,2.049485445022583,2.109912872314453,label_Tbl,label_Tbl,effective_linear_approx_from_2_linear_layers
20580,C_Tbl_correct,L2_ch128:160,2,128:160,31.221717834472656,37.79878616333008,0.26743799448013306,1.9851914644241333,2.4065029621124268,-0.7106360197067261,-0.9947279691696167,2.6958274841308594,3.401230812072754,label_Tbl,label_Hqql,effective_linear_approx_from_2_linear_layers
20581,C_Tbl_correct,L2_ch128:160,2,128:160,38.72358703613281,41.76020812988281,0.31788238883018494,1.2359237670898438,6.019232273101807,-1.4285621643066406,3.222984790802002,2.6644859313964844,2.7962474822998047,label_Tbl,label_Tbl,effective_linear_approx_from_2_linear_layers
20582,C_Tbl_correct,L2_ch128:160,2,128:160,16.607772827148438,31.377887725830078,0.22143301367759705,-1.247756838798523,3.8078556060791016,-1.0488109588623047,1.7991065979003906,-0.19894587993621826,2.008749008178711,label_Tbl,label_Tbl,effective_linear_approx_from_2_linear_layers
20583,C_Tbl_correct,L2_ch128:160,2,128:160,14.176445960998535,16.857532501220703,0.1449352651834488,-3.592552423477173,-1.305950403213501,-1.790741205215454,-1.4562711715698242,-1.8018112182617188,0.15032076835632324,label_Tbl,label_Tbl,effective_linear_approx_from_2_linear_layers
20584,C_Tbl_correct,L2_ch128:160,2,128:160,20.352062225341797,29.021751403808594,0.24470439553260803,-1.4826651811599731,3.788013458251953,-2.724229097366333,1.5581140518188477,1.2415639162063599,2.2298994064331055,label_Tbl,label_Tbl,effective_linear_approx_from_2_linear_layers
20585,C_Tbl_correct,L2_ch128:160,2,128:160,13.732138633728027,19.080724716186523,0.11783061921596527,-0.0545831024646759,2.1333298683166504,-0.7216449975967407,0.7604124546051025,0.6670619249343872,1.3729174137115479,label_Tbl,label_Tbl,effective_linear_approx_from_2_linear_layers
20586,C_Tbl_correct,L2_ch128:160,2,128:160,30.373188018798828,49.00926971435547,0.4345622956752777,-3.2883360385894775,6.91164493560791,-4.5181884765625,3.7071876525878906,1.2298524379730225,3.2044572830200195,label_Tbl,label_Tbl,effective_linear_approx_from_2_linear_layers
20587,C_Tbl_correct,L2_ch128:160,2,128:160,27.375667572021484,29.312294006347656,0.18290510773658752,0.6400551795959473,1.8558003902435303,-1.2849615812301636,-0.6393507719039917,1.9250167608261108,2.4951510429382324,label_Tbl,label_Tbl,effective_linear_approx_from_2_linear_layers
20588,C_Tbl_correct,L2_ch128:160,2,128:160,13.465015411376953,36.53927230834961,0.3242546319961548,-12.73455810546875,3.5989036560058594,-10.6566743850708,2.1283347606658936,-2.077883720397949,1.4705688953399658,label_Tbl,label_Tbl,effective_linear_approx_from_2_linear_layers
20589,C_Tbl_correct,L2_ch128:160,2,128:160,52.080955505371094,51.344940185546875,0.3442082703113556,0.0678119957447052,5.8233642578125,-2.3477566242218018,3.065859794616699,2.4155685901641846,2.757504463195801,label_Tbl,label_Tbl,effective_linear_approx_from_2_linear_layers
20590,C_Tbl_correct,L2_ch128:160,2,128:160,33.536075592041016,40.22145080566406,0.28976401686668396,-2.458099365234375,4.3258771896362305,-4.8256635665893555,1.7065513134002686,2.3675642013549805,2.619325876235962,label_Tbl,label_Tbl,effective_linear_approx_from_2_linear_layers
20591,C_Tbl_correct,L2_ch128:160,2,128:160,19.889747619628906,35.68321228027344,0.2782075107097626,-12.500035285949707,-2.8973684310913086,-12.565469741821289,-5.384288787841797,0.06543445587158203,2.4869203567504883,label_Tbl,label_Tbl,effective_linear_approx_from_2_linear_layers
20592,C_Tbl_correct,L2_ch128:160,2,128:160,28.160720825195312,43.03565979003906,0.33847150206565857,-2.390016555786133,4.9523420333862305,-2.889113187789917,2.4036617279052734,0.4990966320037842,2.548680305480957,label_Tbl,label_Tbl,effective_linear_approx_from_2_linear_layers
20593,C_Tbl_correct,L2_ch128:160,2,128:160,4.641178131103516,39.42478561401367,0.4522518217563629,-12.773773193359375,5.682262897491455,-8.344745635986328,4.237987041473389,-4.429027557373047,1.4442758560180664,label_Tbl,label_Tbl,effective_linear_approx_from_2_linear_layers
20594,C_Tbl_correct,L2_ch128:160,2,128:160,30.089664459228516,43.231605529785156,0.30592548847198486,-8.194696426391602,1.2670552730560303,-9.145431518554688,-1.1607180833816528,0.9507350921630859,2.4277734756469727,label_Tbl,label_Tbl,effective_linear_approx_from_2_linear_layers
20595,C_Tbl_correct,L2_ch128:160,2,128:160,36.53424835205078,41.7076416015625,0.2679015100002289,2.1964261531829834,3.8113365173339844,-0.5103593468666077,1.085148572921753,2.7067854404449463,2.7261879444122314,label_Tbl,label_Tbl,effective_linear_approx_from_2_linear_layers
20596,C_Tbl_correct,L2_ch128:160,2,128:160,34.40448760986328,38.8419303894043,0.24563437700271606,1.5663825273513794,2.4178762435913086,-1.1526182889938354,-0.6390256285667419,2.719000816345215,3.0569019317626953,label_Tbl,label_Tbl,effective_linear_approx_from_2_linear_layers
20597,C_Tbl_correct,L2_ch128:160,2,128:160,15.456045150756836,42.11090087890625,0.3767419755458832,-8.835553169250488,6.454684734344482,-8.112597465515137,3.8687729835510254,-0.7229557037353516,2.585911750793457,label_Tbl,label_Tbl,effective_linear_approx_from_2_linear_layers
20598,C_Tbl_correct,L2_ch128:160,2,128:160,19.640727996826172,20.371301651000977,0.17743033170700073,-4.133293151855469,-0.2882194519042969,-5.465428352355957,-2.1395492553710938,1.3321352005004883,1.8513298034667969,label_Tbl,label_Tbl,effective_linear_approx_from_2_linear_layers
20599,C_Tbl_correct,L2_ch128:160,2,128:160,6.353691101074219,27.273300170898438,0.3052704930305481,-7.5658392906188965,2.4927659034729004,-5.731687068939209,1.0917716026306152,-1.8341522216796875,1.4009943008422852,label_Tbl,label_Tbl,effective_linear_approx_from_2_linear_layers
20600,C_Tbl_correct,L2_ch128:160,2,128:160,19.708852767944336,28.148719787597656,0.2119908630847931,0.9943289756774902,3.787447929382324,-0.8269407749176025,1.4005327224731445,1.8212697505950928,2.3869152069091797,label_Tbl,label_Tbl,effective_linear_approx_from_2_linear_layers
20601,C_Tbl_correct,L2_ch128:160,2,128:160,29.687211990356445,37.592960357666016,0.26117873191833496,-2.863941192626953,2.986891508102417,-4.5323920249938965,0.9257974624633789,1.6684508323669434,2.061094045639038,label_Tbl,label_Tbl,effective_linear_approx_from_2_linear_layers
20602,C_Tbl_correct,L2_ch128:160,2,128:160,24.075410842895508,29.417831420898438,0.19668331742286682,1.3297855854034424,3.123337745666504,-0.5895571708679199,1.16944420337677,1.9193427562713623,1.9538935422897339,label_Tbl,label_Tbl,effective_linear_approx_from_2_linear_layers
20603,C_Tbl_correct,L2_ch128:160,2,128:160,25.116008758544922,34.71964645385742,0.24322627484798431,-2.4934346675872803,2.7676706314086914,-4.489559650421143,0.5760297775268555,1.9961249828338623,2.191640853881836,label_Tbl,label_Tbl,effective_linear_approx_from_2_linear_layers
20604,C_Tbl_correct,L2_ch128:160,2,128:160,6.730730056762695,34.06679153442383,0.4555928707122803,-18.169727325439453,0.3371521234512329,-12.117027282714844,1.2165818214416504,-6.052700042724609,-0.8794296979904175,label_Tbl,label_Tbl,effective_linear_approx_from_2_linear_layers
20605,C_Tbl_correct,L2_ch128:160,2,128:160,21.190780639648438,32.36925506591797,0.23028035461902618,-8.415853500366211,1.4833178520202637,-9.583650588989258,-0.5703334808349609,1.1677970886230469,2.0536513328552246,label_Tbl,label_Tbl,effective_linear_approx_from_2_linear_layers
20606,C_Tbl_correct,L2_ch128:160,2,128:160,18.69599723815918,34.579017639160156,0.266877681016922,-2.1539418697357178,5.900754928588867,-2.6957828998565674,3.540341377258301,0.5418410301208496,2.3604135513305664,label_Tbl,label_Tbl,effective_linear_approx_from_2_linear_layers
20607,C_Tbl_correct,L2_ch128:160,2,128:160,30.50628089904785,40.08451843261719,0.30094876885414124,-1.5540987253189087,3.844966411590576,-3.958404779434204,0.28297948837280273,2.404305934906006,3.5619869232177734,label_Tbl,label_Tbl,effective_linear_approx_from_2_linear_layers
20608,C_Tbl_correct,L2_ch128:160,2,128:160,24.11005210876465,24.882484436035156,0.16757088899612427,-0.3215404450893402,2.2801437377929688,-2.1564037799835205,0.8062400817871094,1.834863305091858,1.4739036560058594,label_Tbl,label_Tbl,effective_linear_approx_from_2_linear_layers
20609,C_Tbl_correct,L2_ch128:160,2,128:160,30.335956573486328,42.605751037597656,0.30543556809425354,-1.6445579528808594,4.755596160888672,-3.1310112476348877,2.1672730445861816,1.4864532947540283,2.5883231163024902,label_Tbl,label_Tbl,effective_linear_approx_from_2_linear_layers
20610,C_Tbl_correct,L2_ch128:160,2,128:160,9.357548713684082,49.31904602050781,0.5946162343025208,-32.07012176513672,-3.977949619293213,-25.371509552001953,-6.125002861022949,-6.698612213134766,2.1470532417297363,label_Tbl,label_Tbl,effective_linear_approx_from_2_linear_layers
12308,A_protected_highiso,L2_ch160:192,2,160:192,17.36785888671875,22.3083438873291,0.15525725483894348,2.8798811435699463,2.3204500675201416,2.4185073375701904,1.7259361743927002,0.46137380599975586,0.5945138931274414,label_Hqql,label_Hqql,effective_linear_approx_from_2_linear_layers
12358,A_protected_highiso,L2_ch160:192,2,160:192,15.310611724853516,18.32205581665039,0.12066936492919922,3.6764919757843018,-0.03516805171966553,2.6472055912017822,-0.31996822357177734,1.0292863845825195,0.2848001718521118,label_Hqql,label_Hqql,effective_linear_approx_from_2_linear_layers
12438,A_protected_highiso,L2_ch160:192,2,160:192,14.940139770507812,17.09370994567871,0.12278877943754196,3.9234845638275146,-0.10843008756637573,2.4750471115112305,-0.2017371654510498,1.4484374523162842,0.09330707788467407,label_Hqql,label_Hqql,effective_linear_approx_from_2_linear_layers
12442,A_protected_highiso,L2_ch160:192,2,160:192,12.594747543334961,15.403138160705566,0.1160302460193634,-0.7737846970558167,-2.784149169921875,-1.149487853050232,-3.8886637687683105,0.3757031559944153,1.1045145988464355,label_Hqql,label_Hqql,effective_linear_approx_from_2_linear_layers
12509,A_protected_highiso,L2_ch160:192,2,160:192,16.38878059387207,20.108360290527344,0.18308323621749878,2.336242198944092,-3.7907845973968506,1.7934218645095825,-3.4494848251342773,0.5428203344345093,-0.34129977226257324,label_Hqql,label_Hqql,effective_linear_approx_from_2_linear_layers
12592,A_protected_highiso,L2_ch160:192,2,160:192,11.830814361572266,15.307161331176758,0.10033866763114929,3.8408658504486084,0.22529035806655884,3.046250581741333,-0.21383142471313477,0.7946152687072754,0.4391217827796936,label_Hqql,label_Hqql,effective_linear_approx_from_2_linear_layers
12784,A_protected_highiso,L2_ch160:192,2,160:192,14.45339584350586,20.356794357299805,0.1608019322156906,0.6267354488372803,-1.8696691989898682,0.7401808500289917,-2.0620834827423096,-0.11344540119171143,0.1924142837524414,label_Hqql,label_Hqql,effective_linear_approx_from_2_linear_layers
13089,A_protected_highiso,L2_ch160:192,2,160:192,11.518814086914062,12.75726318359375,0.10765469819307327,0.8011832237243652,-4.292499542236328,0.41982409358024597,-4.209113121032715,0.38135913014411926,-0.08338642120361328,label_Hqql,label_Hqql,effective_linear_approx_from_2_linear_layers
13279,A_protected_highiso,L2_ch160:192,2,160:192,12.880535125732422,15.23807144165039,0.09160157293081284,1.0377165079116821,-0.44531047344207764,0.8482952117919922,-0.3778465986251831,0.18942129611968994,-0.06746387481689453,label_Hqql,label_Hqql,effective_linear_approx_from_2_linear_layers
13374,A_protected_highiso,L2_ch160:192,2,160:192,10.818818092346191,16.75769805908203,0.13884487748146057,3.0433714389801025,0.4021151065826416,2.850764751434326,-0.2695883512496948,0.19260668754577637,0.6717034578323364,label_Hqql,label_Hqql,effective_linear_approx_from_2_linear_layers
13400,A_protected_highiso,L2_ch160:192,2,160:192,13.895622253417969,17.915985107421875,0.11937671154737473,1.0845355987548828,-1.5090107917785645,0.8651007413864136,-2.210663318634033,0.21943485736846924,0.7016525268554688,label_Hqql,label_Hqql,effective_linear_approx_from_2_linear_layers
13529,A_protected_highiso,L2_ch160:192,2,160:192,13.985306739807129,17.432621002197266,0.10936345905065536,3.0854218006134033,-1.1953595876693726,2.98184871673584,-1.1198259592056274,0.10357308387756348,-0.07553362846374512,label_Hqql,label_Hqql,effective_linear_approx_from_2_linear_layers
13897,A_protected_highiso,L2_ch160:192,2,160:192,18.260299682617188,20.58895492553711,0.20428535342216492,2.0386478900909424,-4.467491626739502,1.4704008102416992,-3.9541006088256836,0.5682470798492432,-0.5133910179138184,label_Hqql,label_Hqql,effective_linear_approx_from_2_linear_layers
14139,A_protected_highiso,L2_ch160:192,2,160:192,15.359712600708008,20.057777404785156,0.16269661486148834,4.718297958374023,-1.789663314819336,3.34037709236145,-2.4401235580444336,1.3779208660125732,0.6504602432250977,label_Hqql,label_Hqql,effective_linear_approx_from_2_linear_layers
14355,A_protected_highiso,L2_ch160:192,2,160:192,13.928171157836914,17.793519973754883,0.1422608643770218,3.0546371936798096,-1.1560205221176147,2.1544103622436523,-1.7652575969696045,0.9002268314361572,0.6092370748519897,label_Hqql,label_Hqql,effective_linear_approx_from_2_linear_layers
14381,A_protected_highiso,L2_ch160:192,2,160:192,17.13085174560547,23.375843048095703,0.17469772696495056,3.28680682182312,1.983764410018921,2.1326358318328857,0.6079404354095459,1.1541709899902344,1.375823974609375,label_Hqql,label_Hqql,effective_linear_approx_from_2_linear_layers
14596,A_protected_highiso,L2_ch160:192,2,160:192,12.969710350036621,14.874378204345703,0.0950242429971695,1.7071079015731812,0.4329977035522461,0.6413025856018066,0.05895042419433594,1.0658053159713745,0.37404727935791016,label_Hqql,label_Hqql,effective_linear_approx_from_2_linear_layers
14600,A_protected_highiso,L2_ch160:192,2,160:192,25.07655906677246,29.687984466552734,0.2263721227645874,3.449733018875122,-0.9093831777572632,2.3514463901519775,-1.5697791576385498,1.0982866287231445,0.6603959798812866,label_Hqql,label_Hqql,effective_linear_approx_from_2_linear_layers
14625,A_protected_highiso,L2_ch160:192,2,160:192,23.96185302734375,29.405956268310547,0.20100916922092438,1.7360154390335083,0.40641188621520996,1.4752033948898315,-0.27080249786376953,0.26081204414367676,0.6772143840789795,label_Hqql,label_Hqql,effective_linear_approx_from_2_linear_layers
14742,A_protected_highiso,L2_ch160:192,2,160:192,14.734809875488281,20.326622009277344,0.14588046073913574,2.9145562648773193,0.979590892791748,2.050420045852661,0.20284610986709595,0.8641362190246582,0.7767447829246521,label_Hqql,label_Hqql,effective_linear_approx_from_2_linear_layers
14991,A_protected_highiso,L2_ch160:192,2,160:192,17.36478042602539,20.587318420410156,0.14078937470912933,3.5207407474517822,-1.2534875869750977,2.3284425735473633,-1.713148593902588,1.192298173904419,0.45966100692749023,label_Hqql,label_Hqql,effective_linear_approx_from_2_linear_layers
14999,A_protected_highiso,L2_ch160:192,2,160:192,17.514347076416016,21.187644958496094,0.1393270194530487,2.903455972671509,2.343428134918213,2.171056032180786,1.6886799335479736,0.7323999404907227,0.6547482013702393,label_Hqql,label_Hqql,effective_linear_approx_from_2_linear_layers
15006,A_protected_highiso,L2_ch160:192,2,160:192,25.746227264404297,32.44102478027344,0.20969939231872559,2.8276960849761963,1.5310747623443604,1.8701633214950562,0.3783227205276489,0.9575327634811401,1.1527520418167114,label_Hqql,label_Hqql,effective_linear_approx_from_2_linear_layers
15112,A_protected_highiso,L2_ch160:192,2,160:192,13.37092399597168,15.770659446716309,0.09505512565374374,3.7518503665924072,1.2203036546707153,2.798901081085205,0.807052493095398,0.9529492855072021,0.4132511615753174,label_Hqql,label_Hqql,effective_linear_approx_from_2_linear_layers
15233,A_protected_highiso,L2_ch160:192,2,160:192,13.208483695983887,17.89414405822754,0.13856464624404907,3.491706132888794,1.4985852241516113,2.852370023727417,1.194972038269043,0.639336109161377,0.30361318588256836,label_Hqql,label_Hqql,effective_linear_approx_from_2_linear_layers
15292,A_protected_highiso,L2_ch160:192,2,160:192,17.71493148803711,23.945186614990234,0.18414762616157532,0.5992239713668823,-1.5581605434417725,0.6759393215179443,-1.9347578287124634,-0.07671535015106201,0.3765972852706909,label_Hqql,label_Hqql,effective_linear_approx_from_2_linear_layers
15512,A_protected_highiso,L2_ch160:192,2,160:192,15.520889282226562,17.473344802856445,0.11650937050580978,0.1927480399608612,-1.5594489574432373,-0.6091300249099731,-2.47623872756958,0.8018780946731567,0.9167897701263428,label_Hqql,label_Hqql,effective_linear_approx_from_2_linear_layers
15540,A_protected_highiso,L2_ch160:192,2,160:192,12.266419410705566,14.846654891967773,0.08898841589689255,3.0957701206207275,-1.7905685901641846,2.119856595993042,-2.749330520629883,0.9759135246276855,0.9587619304656982,label_Hqql,label_Hqql,effective_linear_approx_from_2_linear_layers
15590,A_protected_highiso,L2_ch160:192,2,160:192,18.065872192382812,23.401865005493164,0.18112275004386902,2.1016886234283447,0.1945817470550537,2.785156488418579,-0.00417780876159668,-0.6834678649902344,0.1987595558166504,label_Hqql,label_Hqql,effective_linear_approx_from_2_linear_layers
15684,A_protected_highiso,L2_ch160:192,2,160:192,12.64497184753418,17.246864318847656,0.12492460757493973,2.2241780757904053,1.5490450859069824,1.5707165002822876,0.20759916305541992,0.6534615755081177,1.3414459228515625,label_Hqql,label_Hqql,effective_linear_approx_from_2_linear_layers
15800,A_protected_highiso,L2_ch160:192,2,160:192,9.98145866394043,12.670473098754883,0.09893963485956192,1.333858609199524,-1.9936835765838623,0.8210961818695068,-2.8037025928497314,0.5127624273300171,0.8100190162658691,label_Hqql,label_Hqql,effective_linear_approx_from_2_linear_layers
16360,A_protected_highiso,L2_ch160:192,2,160:192,11.181856155395508,14.339994430541992,0.10119364410638809,2.5295865535736084,-1.135614037513733,2.2042057514190674,-1.3848108053207397,0.325380802154541,0.24919676780700684,label_Hqql,label_Hqql,effective_linear_approx_from_2_linear_layers
12649,B_confused_highiso,L2_ch160:192,2,160:192,22.809755325317383,28.61009979248047,0.16210409998893738,-1.1446819305419922,1.439178705215454,0.0682152807712555,1.706535816192627,-1.2128971815109253,-0.26735711097717285,label_Tbl,label_Tbl,effective_linear_approx_from_2_linear_layers
12982,B_confused_highiso,L2_ch160:192,2,160:192,16.066619873046875,21.335153579711914,0.14338625967502594,0.9109939336776733,2.2985732555389404,1.0253984928131104,1.3931255340576172,-0.11440455913543701,0.9054477214813232,label_Tbl,label_Tbl,effective_linear_approx_from_2_linear_layers
13045,B_confused_highiso,L2_ch160:192,2,160:192,17.226747512817383,21.99737548828125,0.14498448371887207,1.867108941078186,1.9097933769226074,1.7710686922073364,1.1423754692077637,0.09604024887084961,0.7674179077148438,label_Tbl,label_Hqql,effective_linear_approx_from_2_linear_layers
13583,B_confused_highiso,L2_ch160:192,2,160:192,18.33330726623535,28.057880401611328,0.2176220864057541,-3.069281816482544,-1.067929983139038,-0.6615197658538818,0.35564231872558594,-2.407762050628662,-1.423572301864624,label_Tbl,label_Tbl,effective_linear_approx_from_2_linear_layers
13787,B_confused_highiso,L2_ch160:192,2,160:192,11.571711540222168,14.042060852050781,0.08958365023136139,0.2757050693035126,1.8257653713226318,0.38389697670936584,1.1792984008789062,-0.10819190740585327,0.6464669704437256,label_Tbl,label_Tbl,effective_linear_approx_from_2_linear_layers
13997,B_confused_highiso,L2_ch160:192,2,160:192,18.009668350219727,23.264570236206055,0.1483251303434372,0.07427099347114563,3.3213210105895996,-0.19985434412956238,2.201202869415283,0.274125337600708,1.1201181411743164,label_Tbl,label_Tbl,effective_linear_approx_from_2_linear_layers
14711,B_confused_highiso,L2_ch160:192,2,160:192,28.86640167236328,35.035640716552734,0.21907012164592743,0.5512353181838989,2.793661117553711,-0.4747697412967682,1.1960099935531616,1.0260050296783447,1.5976511240005493,label_Tbl,label_Tbl,effective_linear_approx_from_2_linear_layers
15288,B_confused_highiso,L2_ch160:192,2,160:192,11.276763916015625,16.035213470458984,0.13402315974235535,0.5876303911209106,1.5895590782165527,1.0197855234146118,0.6479432582855225,-0.43215513229370117,0.9416158199310303,label_Tbl,label_Hqql,effective_linear_approx_from_2_linear_layers
15528,B_confused_highiso,L2_ch160:192,2,160:192,23.81540298461914,29.105541229248047,0.20612122118473053,-2.2324254512786865,-1.5633301734924316,-1.371421456336975,-1.2354774475097656,-0.8610039949417114,-0.327852725982666,label_Tbl,label_Tbl,effective_linear_approx_from_2_linear_layers
15658,B_confused_highiso,L2_ch160:192,2,160:192,21.695247650146484,25.904207229614258,0.15153880417346954,-0.7616251707077026,1.0893653631210327,0.04069444537162781,0.7603616714477539,-0.8023196458816528,0.3290036916732788,label_Tbl,label_Tbl,effective_linear_approx_from_2_linear_layers
15893,B_confused_highiso,L2_ch160:192,2,160:192,14.39039134979248,17.609174728393555,0.10979178547859192,1.474683165550232,3.4176025390625,1.3137396574020386,2.4782345294952393,0.16094350814819336,0.9393680095672607,label_Tbl,label_Tbl,effective_linear_approx_from_2_linear_layers
20480,C_Tbl_correct,L2_ch160:192,2,160:192,41.612178802490234,52.2628173828125,0.3331867754459381,-3.4155938625335693,5.567715167999268,-2.6557838916778564,3.331521987915039,-0.7598099708557129,2.2361931800842285,label_Tbl,label_Tbl,effective_linear_approx_from_2_linear_layers
20481,C_Tbl_correct,L2_ch160:192,2,160:192,27.870689392089844,38.79132080078125,0.283616840839386,-8.323958396911621,3.418581008911133,-3.82190203666687,3.945291042327881,-4.502056121826172,-0.526710033416748,label_Tbl,label_Tbl,effective_linear_approx_from_2_linear_layers
20482,C_Tbl_correct,L2_ch160:192,2,160:192,21.76238250732422,24.1083984375,0.17153580486774445,-4.979280948638916,0.3209437131881714,-3.9229767322540283,0.49192821979522705,-1.0563042163848877,-0.17098450660705566,label_Tbl,label_Tbl,effective_linear_approx_from_2_linear_layers
20483,C_Tbl_correct,L2_ch160:192,2,160:192,22.679832458496094,35.737342834472656,0.2695344388484955,-5.344690322875977,3.844911575317383,-0.765897274017334,4.523839950561523,-4.578793048858643,-0.6789283752441406,label_Tbl,label_Tbl,effective_linear_approx_from_2_linear_layers
20484,C_Tbl_correct,L2_ch160:192,2,160:192,37.00782012939453,46.827415466308594,0.28586408495903015,-7.005253791809082,-0.24870026111602783,-4.705532550811768,0.6982126235961914,-2.2997212409973145,-0.9469128847122192,label_Tbl,label_Tbl,effective_linear_approx_from_2_linear_layers
20485,C_Tbl_correct,L2_ch160:192,2,160:192,19.989028930664062,24.910972595214844,0.17382483184337616,-9.797272682189941,0.8641380071640015,-9.079720497131348,0.38846254348754883,-0.7175521850585938,0.47567546367645264,label_Tbl,label_Tbl,effective_linear_approx_from_2_linear_layers
20486,C_Tbl_correct,L2_ch160:192,2,160:192,14.931418418884277,18.48794937133789,0.13450735807418823,-2.318092107772827,1.1826121807098389,-2.6411993503570557,0.3260865807533264,0.3231072425842285,0.8565255999565125,label_Tbl,label_Tbl,effective_linear_approx_from_2_linear_layers
20487,C_Tbl_correct,L2_ch160:192,2,160:192,25.715730667114258,37.347442626953125,0.2626894414424896,-15.49501895904541,1.4054656028747559,-11.420546531677246,1.5613174438476562,-4.074472427368164,-0.1558518409729004,label_Tbl,label_Tbl,effective_linear_approx_from_2_linear_layers
20488,C_Tbl_correct,L2_ch160:192,2,160:192,17.45783233642578,19.833457946777344,0.12810392677783966,1.45091712474823,2.486684799194336,0.10317212343215942,1.8055038452148438,1.3477449417114258,0.6811809539794922,label_Tbl,label_Tbl,effective_linear_approx_from_2_linear_layers
20489,C_Tbl_correct,L2_ch160:192,2,160:192,14.849159240722656,18.22686004638672,0.12367747724056244,-11.290022850036621,0.22091031074523926,-10.837932586669922,-0.12234854698181152,-0.4520902633666992,0.3432588577270508,label_Tbl,label_Tbl,effective_linear_approx_from_2_linear_layers
20490,C_Tbl_correct,L2_ch160:192,2,160:192,12.451729774475098,15.441415786743164,0.11604086309671402,0.11851462721824646,2.9853603839874268,0.046159952878952026,2.144016742706299,0.07235467433929443,0.8413436412811279,label_Tbl,label_Tbl,effective_linear_approx_from_2_linear_layers
20491,C_Tbl_correct,L2_ch160:192,2,160:192,22.952722549438477,35.10767364501953,0.2736443877220154,-4.214057922363281,4.654110908508301,-1.8248276710510254,3.956890106201172,-2.389230251312256,0.6972208023071289,label_Tbl,label_Tbl,effective_linear_approx_from_2_linear_layers
20492,C_Tbl_correct,L2_ch160:192,2,160:192,16.235361099243164,23.01806640625,0.15640538930892944,-0.41307559609413147,2.090147018432617,0.03698691725730896,1.1701397895812988,-0.45006251335144043,0.9200072288513184,label_Tbl,label_Tbl,effective_linear_approx_from_2_linear_layers
20493,C_Tbl_correct,L2_ch160:192,2,160:192,24.6485595703125,27.08428382873535,0.1631607562303543,1.4081308841705322,2.90766978263855,1.979775071144104,2.6761834621429443,-0.5716441869735718,0.23148632049560547,label_Tbl,label_Tbl,effective_linear_approx_from_2_linear_layers
20494,C_Tbl_correct,L2_ch160:192,2,160:192,31.309141159057617,49.15673065185547,0.39144232869148254,-7.099913120269775,5.462751865386963,-3.939242362976074,4.523270606994629,-3.160670757293701,0.939481258392334,label_Tbl,label_Tbl,effective_linear_approx_from_2_linear_layers
20495,C_Tbl_correct,L2_ch160:192,2,160:192,22.75088882446289,25.47514533996582,0.15540902316570282,1.8798390626907349,2.9556238651275635,1.7534857988357544,1.9990806579589844,0.12635326385498047,0.9565432071685791,label_Tbl,label_Tbl,effective_linear_approx_from_2_linear_layers
20496,C_Tbl_correct,L2_ch160:192,2,160:192,26.24867057800293,38.039794921875,0.2638031244277954,-6.729451656341553,-0.5860624313354492,-2.317643880844116,2.1140851974487305,-4.411808013916016,-2.7001476287841797,label_Tbl,label_Tbl,effective_linear_approx_from_2_linear_layers
20497,C_Tbl_correct,L2_ch160:192,2,160:192,37.761634826660156,53.69110107421875,0.36512520909309387,-12.069754600524902,3.5387611389160156,-9.017333030700684,4.091643810272217,-3.0524215698242188,-0.5528826713562012,label_Tbl,label_Tbl,effective_linear_approx_from_2_linear_layers
20498,C_Tbl_correct,L2_ch160:192,2,160:192,20.969860076904297,24.606304168701172,0.14871695637702942,1.7666112184524536,2.780198097229004,1.665209412574768,1.589383602142334,0.10140180587768555,1.19081449508667,label_Tbl,label_Hqql,effective_linear_approx_from_2_linear_layers
20499,C_Tbl_correct,L2_ch160:192,2,160:192,23.897762298583984,28.906814575195312,0.18941141664981842,-3.2735793590545654,3.8245882987976074,-2.6653168201446533,2.464569568634033,-0.6082625389099121,1.3600187301635742,label_Tbl,label_Tbl,effective_linear_approx_from_2_linear_layers
20500,C_Tbl_correct,L2_ch160:192,2,160:192,23.753143310546875,34.350318908691406,0.24950993061065674,-6.415186405181885,2.666245460510254,-4.281388759613037,3.1994705200195312,-2.1337976455688477,-0.5332250595092773,label_Tbl,label_Tbl,effective_linear_approx_from_2_linear_layers
20501,C_Tbl_correct,L2_ch160:192,2,160:192,29.601594924926758,42.14579772949219,0.2997293174266815,-7.150689125061035,3.5026817321777344,-5.584987640380859,3.2436776161193848,-1.5657014846801758,0.2590041160583496,label_Tbl,label_Tbl,effective_linear_approx_from_2_linear_layers
20502,C_Tbl_correct,L2_ch160:192,2,160:192,31.672130584716797,40.84857940673828,0.23463378846645355,-4.627233028411865,4.754775047302246,-3.998488426208496,4.1572160720825195,-0.6287446022033691,0.5975589752197266,label_Tbl,label_Tbl,effective_linear_approx_from_2_linear_layers
20503,C_Tbl_correct,L2_ch160:192,2,160:192,22.295272827148438,28.265705108642578,0.2169257551431656,-7.358910083770752,2.018247604370117,-6.2612786293029785,1.3616187572479248,-1.0976314544677734,0.6566288471221924,label_Tbl,label_Tbl,effective_linear_approx_from_2_linear_layers
20504,C_Tbl_correct,L2_ch160:192,2,160:192,17.518983840942383,21.27779769897461,0.14812803268432617,-1.6289256811141968,3.2367241382598877,-1.8486149311065674,2.288161277770996,0.2196892499923706,0.9485628604888916,label_Tbl,label_Tbl,effective_linear_approx_from_2_linear_layers
20505,C_Tbl_correct,L2_ch160:192,2,160:192,28.781829833984375,34.30186462402344,0.24342353641986847,-0.028958529233932495,3.8411617279052734,0.09580713510513306,2.0349509716033936,-0.12476566433906555,1.8062107563018799,label_Tbl,label_Tbl,effective_linear_approx_from_2_linear_layers
20506,C_Tbl_correct,L2_ch160:192,2,160:192,13.314277648925781,14.804940223693848,0.08705873787403107,-2.067615509033203,1.028699278831482,-2.484724283218384,0.42244410514831543,0.41710877418518066,0.6062551736831665,label_Tbl,label_Tbl,effective_linear_approx_from_2_linear_layers
20507,C_Tbl_correct,L2_ch160:192,2,160:192,17.856061935424805,22.700958251953125,0.15139080584049225,-12.013851165771484,0.5190858840942383,-9.877339363098145,0.9605120420455933,-2.13651180267334,-0.441426157951355,label_Tbl,label_Tbl,effective_linear_approx_from_2_linear_layers
20508,C_Tbl_correct,L2_ch160:192,2,160:192,33.65902328491211,42.523983001708984,0.26442986726760864,-5.569357395172119,5.3123321533203125,-6.3277506828308105,3.224118232727051,0.7583932876586914,2.0882139205932617,label_Tbl,label_Tbl,effective_linear_approx_from_2_linear_layers
20509,C_Tbl_correct,L2_ch160:192,2,160:192,51.071632385253906,64.26234436035156,0.522520124912262,-23.165132522583008,0.5695033073425293,-12.540801048278809,3.8783483505249023,-10.6243314743042,-3.308845043182373,label_Tbl,label_Tbl,effective_linear_approx_from_2_linear_layers
20510,C_Tbl_correct,L2_ch160:192,2,160:192,14.868438720703125,18.594524383544922,0.13875876367092133,-0.14782890677452087,3.1821351051330566,0.6417562961578369,2.611133098602295,-0.7895852327346802,0.5710020065307617,label_Tbl,label_Tbl,effective_linear_approx_from_2_linear_layers
20511,C_Tbl_correct,L2_ch160:192,2,160:192,32.51271057128906,37.86088562011719,0.22389841079711914,1.8585759401321411,3.3131091594696045,0.998813271522522,2.3105528354644775,0.8597626686096191,1.002556324005127,label_Tbl,label_Tbl,effective_linear_approx_from_2_linear_layers
20512,C_Tbl_correct,L2_ch160:192,2,160:192,24.58852767944336,31.26936149597168,0.2528296411037445,-0.7726041674613953,4.452902793884277,-0.033391356468200684,3.15054988861084,-0.7392128109931946,1.3023529052734375,label_Tbl,label_Tbl,effective_linear_approx_from_2_linear_layers
20513,C_Tbl_correct,L2_ch160:192,2,160:192,35.43145751953125,52.75162124633789,0.4499839246273041,-13.804064750671387,5.065451622009277,-9.468430519104004,4.259268760681152,-4.335634231567383,0.806182861328125,label_Tbl,label_Tbl,effective_linear_approx_from_2_linear_layers
20514,C_Tbl_correct,L2_ch160:192,2,160:192,25.121837615966797,30.282392501831055,0.19333802163600922,-3.4543652534484863,3.1841068267822266,-3.303847074508667,2.0459036827087402,-0.15051817893981934,1.1382031440734863,label_Tbl,label_Tbl,effective_linear_approx_from_2_linear_layers
20515,C_Tbl_correct,L2_ch160:192,2,160:192,30.71909523010254,46.34123992919922,0.3566626012325287,-4.892578125,6.0447998046875,-1.6491429805755615,4.911622047424316,-3.2434351444244385,1.1331777572631836,label_Tbl,label_Tbl,effective_linear_approx_from_2_linear_layers
20516,C_Tbl_correct,L2_ch160:192,2,160:192,31.679332733154297,46.95795822143555,0.3514040410518646,-17.896024703979492,1.523951768875122,-13.11218547821045,2.2637953758239746,-4.783839225769043,-0.7398436069488525,label_Tbl,label_Tbl,effective_linear_approx_from_2_linear_layers
20517,C_Tbl_correct,L2_ch160:192,2,160:192,23.31707000732422,29.833127975463867,0.2518461048603058,-4.649143695831299,3.4481582641601562,-3.6751554012298584,2.153007984161377,-0.9739882946014404,1.2951502799987793,label_Tbl,label_Tbl,effective_linear_approx_from_2_linear_layers
20518,C_Tbl_correct,L2_ch160:192,2,160:192,24.37405014038086,27.54146385192871,0.15803857147693634,-4.387455940246582,1.6583824157714844,-3.2772018909454346,1.620150089263916,-1.1102540493011475,0.03823232650756836,label_Tbl,label_Tbl,effective_linear_approx_from_2_linear_layers
20519,C_Tbl_correct,L2_ch160:192,2,160:192,23.944839477539062,33.05731201171875,0.24431216716766357,-1.7640184164047241,5.0186767578125,-0.867317795753479,3.58473539352417,-0.8967006206512451,1.43394136428833,label_Tbl,label_Tbl,effective_linear_approx_from_2_linear_layers
20520,C_Tbl_correct,L2_ch160:192,2,160:192,20.905481338500977,23.985116958618164,0.14502879977226257,-2.763209819793701,2.6747851371765137,-4.4823317527771,0.41286933422088623,1.7191219329833984,2.261915683746338,label_Tbl,label_Tbl,effective_linear_approx_from_2_linear_layers
20521,C_Tbl_correct,L2_ch160:192,2,160:192,25.25930404663086,31.268117904663086,0.19167505204677582,-4.277113437652588,3.148054838180542,-5.1426920890808105,0.966387152671814,0.8655786514282227,2.1816678047180176,label_Tbl,label_Tbl,effective_linear_approx_from_2_linear_layers
20522,C_Tbl_correct,L2_ch160:192,2,160:192,40.39508819580078,52.54535675048828,0.3512248396873474,-10.377086639404297,5.835184574127197,-10.631526947021484,3.177276849746704,0.2544403076171875,2.657907724380493,label_Tbl,label_Tbl,effective_linear_approx_from_2_linear_layers
20523,C_Tbl_correct,L2_ch160:192,2,160:192,51.546653747558594,64.98439025878906,0.4745151996612549,-12.26170539855957,4.758785247802734,-8.067325592041016,3.740205764770508,-4.194379806518555,1.0185794830322266,label_Tbl,label_Tbl,effective_linear_approx_from_2_linear_layers
20524,C_Tbl_correct,L2_ch160:192,2,160:192,32.616554260253906,50.540283203125,0.5050430297851562,-9.907485008239746,5.808475494384766,-6.405180931091309,3.817840576171875,-3.5023040771484375,1.9906349182128906,label_Tbl,label_Tbl,effective_linear_approx_from_2_linear_layers
20525,C_Tbl_correct,L2_ch160:192,2,160:192,29.7907772064209,37.2264404296875,0.20300373435020447,-4.150577545166016,4.320821762084961,-4.595827102661133,3.5955324172973633,0.4452495574951172,0.7252893447875977,label_Tbl,label_Tbl,effective_linear_approx_from_2_linear_layers
20526,C_Tbl_correct,L2_ch160:192,2,160:192,22.51984405517578,31.152584075927734,0.2178003489971161,-2.6185600757598877,4.92629337310791,-0.5181968212127686,4.1062912940979,-2.100363254547119,0.8200020790100098,label_Tbl,label_Tbl,effective_linear_approx_from_2_linear_layers
20527,C_Tbl_correct,L2_ch160:192,2,160:192,36.27873992919922,48.681495666503906,0.32516399025917053,-4.200023174285889,2.437349796295166,-1.8132266998291016,3.256532669067383,-2.386796474456787,-0.8191828727722168,label_Tbl,label_Tbl,effective_linear_approx_from_2_linear_layers
20528,C_Tbl_correct,L2_ch160:192,2,160:192,24.55418586730957,34.572078704833984,0.2413952648639679,-3.4559013843536377,2.358579397201538,0.05518195033073425,2.5182228088378906,-3.5110833644866943,-0.15964341163635254,label_Tbl,label_Tbl,effective_linear_approx_from_2_linear_layers
20529,C_Tbl_correct,L2_ch160:192,2,160:192,25.569419860839844,38.62687683105469,0.30286574363708496,-5.803777694702148,4.016561508178711,-3.4569389820098877,3.3654489517211914,-2.3468387126922607,0.6511125564575195,label_Tbl,label_Tbl,effective_linear_approx_from_2_linear_layers
20530,C_Tbl_correct,L2_ch160:192,2,160:192,19.896831512451172,27.107961654663086,0.17249266803264618,-2.506561040878296,1.4336442947387695,-1.1642574071884155,1.4330577850341797,-1.3423036336898804,0.0005865097045898438,label_Tbl,label_Tbl,effective_linear_approx_from_2_linear_layers
20531,C_Tbl_correct,L2_ch160:192,2,160:192,23.783241271972656,32.209190368652344,0.2958165407180786,-1.9821207523345947,5.543834686279297,-1.0166847705841064,3.916616439819336,-0.9654359817504883,1.627218246459961,label_Tbl,label_Tbl,effective_linear_approx_from_2_linear_layers
20532,C_Tbl_correct,L2_ch160:192,2,160:192,20.049163818359375,27.135334014892578,0.18839406967163086,0.247257262468338,0.713881254196167,0.9141818284988403,0.3724784851074219,-0.6669245958328247,0.3414027690887451,label_Tbl,label_Hqql,effective_linear_approx_from_2_linear_layers
20533,C_Tbl_correct,L2_ch160:192,2,160:192,22.528430938720703,27.775968551635742,0.16696737706661224,-5.445600509643555,1.155488133430481,-2.7902045249938965,1.6211163997650146,-2.655395984649658,-0.4656282663345337,label_Tbl,label_Tbl,effective_linear_approx_from_2_linear_layers
20534,C_Tbl_correct,L2_ch160:192,2,160:192,23.822673797607422,28.1027889251709,0.17717736959457397,0.7816365957260132,3.2905478477478027,1.047446846961975,2.0873312950134277,-0.2658102512359619,1.203216552734375,label_Tbl,label_Tbl,effective_linear_approx_from_2_linear_layers
20535,C_Tbl_correct,L2_ch160:192,2,160:192,34.15132141113281,42.20894241333008,0.2947697937488556,-7.325348854064941,3.5674476623535156,-2.9715800285339355,3.912120819091797,-4.353768825531006,-0.34467315673828125,label_Tbl,label_Tbl,effective_linear_approx_from_2_linear_layers
20536,C_Tbl_correct,L2_ch160:192,2,160:192,26.539716720581055,35.664772033691406,0.2459726184606552,-6.239593982696533,3.0378172397613525,-5.98038387298584,2.3898720741271973,-0.25921010971069336,0.6479451656341553,label_Tbl,label_Tbl,effective_linear_approx_from_2_linear_layers
20537,C_Tbl_correct,L2_ch160:192,2,160:192,30.232942581176758,38.52943420410156,0.33376407623291016,-6.8023505210876465,4.003121376037598,-3.86264705657959,3.600886344909668,-2.9397034645080566,0.4022350311279297,label_Tbl,label_Tbl,effective_linear_approx_from_2_linear_layers
20538,C_Tbl_correct,L2_ch160:192,2,160:192,35.06745529174805,44.63624572753906,0.2958005964756012,-15.231514930725098,0.19614934921264648,-7.796241283416748,2.8072099685668945,-7.43527364730835,-2.611060619354248,label_Tbl,label_Tbl,effective_linear_approx_from_2_linear_layers
20539,C_Tbl_correct,L2_ch160:192,2,160:192,18.16554069519043,23.471965789794922,0.17363697290420532,-3.083111047744751,1.0412347316741943,-2.7808611392974854,0.4221452474594116,-0.3022499084472656,0.6190894842147827,label_Tbl,label_Tbl,effective_linear_approx_from_2_linear_layers
20540,C_Tbl_correct,L2_ch160:192,2,160:192,28.799888610839844,33.70393753051758,0.23143552243709564,-2.3537757396698,3.8867902755737305,-1.2656015157699585,3.0063881874084473,-1.0881742238998413,0.8804020881652832,label_Tbl,label_Tbl,effective_linear_approx_from_2_linear_layers
20541,C_Tbl_correct,L2_ch160:192,2,160:192,21.26709747314453,27.73214340209961,0.25002142786979675,-1.1788052320480347,3.001033306121826,-0.5780173540115356,1.8100309371948242,-0.600787878036499,1.191002368927002,label_Tbl,label_Tbl,effective_linear_approx_from_2_linear_layers
20542,C_Tbl_correct,L2_ch160:192,2,160:192,26.907520294189453,38.138755798339844,0.3318787217140198,-1.8337246179580688,5.661347389221191,-1.1226637363433838,3.5261363983154297,-0.7110608816146851,2.1352109909057617,label_Tbl,label_Tbl,effective_linear_approx_from_2_linear_layers
20543,C_Tbl_correct,L2_ch160:192,2,160:192,21.047733306884766,27.378883361816406,0.19267204403877258,-6.508926868438721,1.177087664604187,-3.707427978515625,2.640789031982422,-2.8014988899230957,-1.4637013673782349,label_Tbl,label_Tbl,effective_linear_approx_from_2_linear_layers
20544,C_Tbl_correct,L2_ch160:192,2,160:192,22.795391082763672,33.74961853027344,0.2591364085674286,0.154287189245224,5.231097221374512,1.5416473150253296,3.486602306365967,-1.3873600959777832,1.744494915008545,label_Tbl,label_Tbl,effective_linear_approx_from_2_linear_layers
20545,C_Tbl_correct,L2_ch160:192,2,160:192,28.108417510986328,40.35914611816406,0.2948662042617798,-2.3922150135040283,5.881443023681641,0.5017322301864624,5.024165153503418,-2.893947124481201,0.8572778701782227,label_Tbl,label_Tbl,effective_linear_approx_from_2_linear_layers
20546,C_Tbl_correct,L2_ch160:192,2,160:192,31.834320068359375,46.8798828125,0.35945385694503784,-12.159850120544434,3.879822254180908,-10.012101173400879,3.3986740112304688,-2.1477489471435547,0.48114824295043945,label_Tbl,label_Tbl,effective_linear_approx_from_2_linear_layers
20547,C_Tbl_correct,L2_ch160:192,2,160:192,28.35796356201172,40.13515853881836,0.2716662883758545,-7.429282188415527,3.4096450805664062,-6.477116584777832,3.0207881927490234,-0.9521656036376953,0.3888568878173828,label_Tbl,label_Tbl,effective_linear_approx_from_2_linear_layers
20548,C_Tbl_correct,L2_ch160:192,2,160:192,28.97293472290039,42.51081085205078,0.3387533128261566,-13.616924285888672,1.9185154438018799,-7.067149639129639,3.4785943031311035,-6.549774646759033,-1.5600788593292236,label_Tbl,label_Tbl,effective_linear_approx_from_2_linear_layers
20549,C_Tbl_correct,L2_ch160:192,2,160:192,26.10091781616211,34.69172668457031,0.3335878849029541,-1.48212468624115,2.9703304767608643,-0.5246073007583618,1.190675973892212,-0.9575173854827881,1.7796545028686523,label_Tbl,label_Tbl,effective_linear_approx_from_2_linear_layers
20551,C_Tbl_correct,L2_ch160:192,2,160:192,44.50145721435547,57.341041564941406,0.36270982027053833,-10.534218788146973,2.308070182800293,-4.613661766052246,3.389145851135254,-5.920557022094727,-1.081075668334961,label_Tbl,label_Tbl,effective_linear_approx_from_2_linear_layers
20552,C_Tbl_correct,L2_ch160:192,2,160:192,36.33945083618164,48.39794158935547,0.3686210513114929,-5.2904276847839355,6.331210136413574,-4.858737945556641,3.4979629516601562,-0.4316897392272949,2.833247184753418,label_Tbl,label_Tbl,effective_linear_approx_from_2_linear_layers
20553,C_Tbl_correct,L2_ch160:192,2,160:192,38.495540618896484,47.59516906738281,0.2831994295120239,-12.588895797729492,0.31961750984191895,-14.09408950805664,-0.8155035972595215,1.5051937103271484,1.1351211071014404,label_Tbl,label_Tbl,effective_linear_approx_from_2_linear_layers
20554,C_Tbl_correct,L2_ch160:192,2,160:192,17.722021102905273,23.16119384765625,0.21287113428115845,-5.926273822784424,-0.10814142227172852,-5.5662384033203125,-0.9314836263656616,-0.36003541946411133,0.8233422040939331,label_Tbl,label_Tbl,effective_linear_approx_from_2_linear_layers
20555,C_Tbl_correct,L2_ch160:192,2,160:192,36.576194763183594,47.73299789428711,0.3554093539714813,-3.30637526512146,5.60904598236084,-3.1558918952941895,2.6825337409973145,-0.1504833698272705,2.9265122413635254,label_Tbl,label_Tbl,effective_linear_approx_from_2_linear_layers
20556,C_Tbl_correct,L2_ch160:192,2,160:192,32.723060607910156,47.9506721496582,0.38002482056617737,-2.445554494857788,6.802558898925781,-2.040295124053955,4.111079216003418,-0.405259370803833,2.6914796829223633,label_Tbl,label_Tbl,effective_linear_approx_from_2_linear_layers
20557,C_Tbl_correct,L2_ch160:192,2,160:192,19.48513412475586,25.70488739013672,0.16638398170471191,-3.359700918197632,2.8078014850616455,-2.670476198196411,1.8021843433380127,-0.6892247200012207,1.0056171417236328,label_Tbl,label_Tbl,effective_linear_approx_from_2_linear_layers
20558,C_Tbl_correct,L2_ch160:192,2,160:192,18.514188766479492,23.365982055664062,0.17844581604003906,-1.4391149282455444,3.2439446449279785,-1.087109923362732,2.2090399265289307,-0.3520050048828125,1.0349047183990479,label_Tbl,label_Tbl,effective_linear_approx_from_2_linear_layers
20559,C_Tbl_correct,L2_ch160:192,2,160:192,23.39215850830078,32.6978645324707,0.23822680115699768,1.1572048664093018,4.391524314880371,2.4873807430267334,3.230128288269043,-1.3301758766174316,1.1613960266113281,label_Tbl,label_Tbl,effective_linear_approx_from_2_linear_layers
20560,C_Tbl_correct,L2_ch160:192,2,160:192,15.146638870239258,18.943946838378906,0.12364603579044342,-1.5890809297561646,1.7057223320007324,-1.7904998064041138,0.8348730802536011,0.20141887664794922,0.8708492517471313,label_Tbl,label_Tbl,effective_linear_approx_from_2_linear_layers
20561,C_Tbl_correct,L2_ch160:192,2,160:192,11.981439590454102,13.819906234741211,0.08673485368490219,0.09894973039627075,2.3166799545288086,-0.45517870783805847,1.7115354537963867,0.5541284084320068,0.6051445007324219,label_Tbl,label_Tbl,effective_linear_approx_from_2_linear_layers
20562,C_Tbl_correct,L2_ch160:192,2,160:192,24.69552230834961,36.54408264160156,0.2816120684146881,-6.938263416290283,4.58643102645874,-4.833948612213135,4.034553527832031,-2.1043148040771484,0.551877498626709,label_Tbl,label_Tbl,effective_linear_approx_from_2_linear_layers
20564,C_Tbl_correct,L2_ch160:192,2,160:192,26.930580139160156,36.84111022949219,0.27245527505874634,-2.432300090789795,5.980310440063477,-1.558240294456482,3.8718390464782715,-0.874059796333313,2.108471393585205,label_Tbl,label_Tbl,effective_linear_approx_from_2_linear_layers
20565,C_Tbl_correct,L2_ch160:192,2,160:192,23.10577392578125,26.2642765045166,0.1585243195295334,-5.727169513702393,1.041152000427246,-3.939084768295288,1.4513921737670898,-1.7880847454071045,-0.41024017333984375,label_Tbl,label_Tbl,effective_linear_approx_from_2_linear_layers
20566,C_Tbl_correct,L2_ch160:192,2,160:192,36.867088317871094,54.22358703613281,0.4415704309940338,-8.600132942199707,6.319943428039551,-4.669162750244141,4.956402778625488,-3.9309701919555664,1.3635406494140625,label_Tbl,label_Tbl,effective_linear_approx_from_2_linear_layers
20567,C_Tbl_correct,L2_ch160:192,2,160:192,31.728912353515625,39.745849609375,0.24410536885261536,-4.862525463104248,2.7296507358551025,-4.045204162597656,1.3148924112319946,-0.8173213005065918,1.414758324623108,label_Tbl,label_Tbl,effective_linear_approx_from_2_linear_layers
20568,C_Tbl_correct,L2_ch160:192,2,160:192,17.42754364013672,24.76805877685547,0.1909521073102951,-1.941705346107483,3.6906166076660156,0.38691428303718567,3.473323345184326,-2.3286197185516357,0.21729326248168945,label_Tbl,label_Tbl,effective_linear_approx_from_2_linear_layers
20569,C_Tbl_correct,L2_ch160:192,2,160:192,29.562625885009766,39.100608825683594,0.2757931351661682,-6.163444995880127,5.365515232086182,-5.315008640289307,3.60483455657959,-0.8484363555908203,1.7606806755065918,label_Tbl,label_Tbl,effective_linear_approx_from_2_linear_layers
20570,C_Tbl_correct,L2_ch160:192,2,160:192,23.80620574951172,29.460620880126953,0.18697258830070496,-2.3882973194122314,3.8580374717712402,-1.5376518964767456,2.737769365310669,-0.8506454229354858,1.1202681064605713,label_Tbl,label_Tbl,effective_linear_approx_from_2_linear_layers
20572,C_Tbl_correct,L2_ch160:192,2,160:192,26.857181549072266,39.728912353515625,0.3225080668926239,-3.8381855487823486,5.801542282104492,-1.7164936065673828,4.247652053833008,-2.121691942214966,1.5538902282714844,label_Tbl,label_Tbl,effective_linear_approx_from_2_linear_layers
20573,C_Tbl_correct,L2_ch160:192,2,160:192,40.747901916503906,52.004478454589844,0.2759791314601898,-9.616639137268066,1.4819648265838623,-6.3086771965026855,2.8719611167907715,-3.307961940765381,-1.3899962902069092,label_Tbl,label_Tbl,effective_linear_approx_from_2_linear_layers
20574,C_Tbl_correct,L2_ch160:192,2,160:192,28.541053771972656,37.21308135986328,0.2899687588214874,-2.1155569553375244,5.612147331237793,-0.644872784614563,3.805154800415039,-1.4706841707229614,1.806992530822754,label_Tbl,label_Tbl,effective_linear_approx_from_2_linear_layers
20575,C_Tbl_correct,L2_ch160:192,2,160:192,22.195003509521484,27.532865524291992,0.1461116522550583,-1.3338903188705444,3.0575461387634277,-1.7634038925170898,2.1491289138793945,0.4295135736465454,0.9084172248840332,label_Tbl,label_Tbl,effective_linear_approx_from_2_linear_layers
20576,C_Tbl_correct,L2_ch160:192,2,160:192,26.187320709228516,31.76691246032715,0.22389228641986847,2.396214485168457,4.752112865447998,2.41750431060791,3.1653599739074707,-0.021289825439453125,1.5867528915405273,label_Tbl,label_Tbl,effective_linear_approx_from_2_linear_layers
20577,C_Tbl_correct,L2_ch160:192,2,160:192,26.16005516052246,35.995399475097656,0.26461392641067505,-3.3680903911590576,0.20628076791763306,-1.414522647857666,1.1664503812789917,-1.9535677433013916,-0.9601696133613586,label_Tbl,label_Tbl,effective_linear_approx_from_2_linear_layers
20578,C_Tbl_correct,L2_ch160:192,2,160:192,23.242544174194336,31.240558624267578,0.21584399044513702,-4.175910472869873,3.974119186401367,-3.15387225151062,2.7712655067443848,-1.022038221359253,1.2028536796569824,label_Tbl,label_Tbl,effective_linear_approx_from_2_linear_layers
20579,C_Tbl_correct,L2_ch160:192,2,160:192,35.739891052246094,46.40058135986328,0.4322670102119446,-2.3545081615448,4.619433403015137,-0.3410404324531555,2.3158681392669678,-2.013467788696289,2.303565263748169,label_Tbl,label_Tbl,effective_linear_approx_from_2_linear_layers
20580,C_Tbl_correct,L2_ch160:192,2,160:192,22.85869598388672,32.79967498779297,0.2317599356174469,1.9851914644241333,2.4065029621124268,2.9291019439697266,2.4257028102874756,-0.9439104795455933,-0.019199848175048828,label_Tbl,label_Hqql,effective_linear_approx_from_2_linear_layers
20581,C_Tbl_correct,L2_ch160:192,2,160:192,26.076072692871094,36.92881774902344,0.27398982644081116,1.2359237670898438,6.019232273101807,2.830665349960327,4.314301490783691,-1.5947415828704834,1.7049307823181152,label_Tbl,label_Tbl,effective_linear_approx_from_2_linear_layers
20582,C_Tbl_correct,L2_ch160:192,2,160:192,26.230138778686523,31.78009796142578,0.1803686022758484,-1.247756838798523,3.8078556060791016,-2.0387282371520996,2.585538625717163,0.7909713983535767,1.2223169803619385,label_Tbl,label_Tbl,effective_linear_approx_from_2_linear_layers
20583,C_Tbl_correct,L2_ch160:192,2,160:192,18.62640380859375,21.572731018066406,0.14445562660694122,-3.592552423477173,-1.305950403213501,-2.433321475982666,-1.4522103071212769,-1.1592309474945068,0.14625990390777588,label_Tbl,label_Tbl,effective_linear_approx_from_2_linear_layers
20584,C_Tbl_correct,L2_ch160:192,2,160:192,21.355361938476562,28.373945236206055,0.20507337152957916,-1.4826651811599731,3.788013458251953,-1.0419028997421265,2.401113986968994,-0.4407622814178467,1.386899471282959,label_Tbl,label_Tbl,effective_linear_approx_from_2_linear_layers
20585,C_Tbl_correct,L2_ch160:192,2,160:192,17.534761428833008,20.760778427124023,0.1157449260354042,-0.0545831024646759,2.1333298683166504,0.3085545003414154,1.8418173789978027,-0.3631376028060913,0.29151248931884766,label_Tbl,label_Tbl,effective_linear_approx_from_2_linear_layers
20586,C_Tbl_correct,L2_ch160:192,2,160:192,36.32342529296875,51.67686462402344,0.458055317401886,-3.2883360385894775,6.91164493560791,-1.7343310117721558,4.2090983390808105,-1.5540050268173218,2.7025465965270996,label_Tbl,label_Tbl,effective_linear_approx_from_2_linear_layers
20587,C_Tbl_correct,L2_ch160:192,2,160:192,16.59493064880371,23.878292083740234,0.16888019442558289,0.6400551795959473,1.8558003902435303,1.5111267566680908,1.6759684085845947,-0.8710715770721436,0.17983198165893555,label_Tbl,label_Tbl,effective_linear_approx_from_2_linear_layers
20588,C_Tbl_correct,L2_ch160:192,2,160:192,29.919845581054688,39.883384704589844,0.2578991651535034,-12.73455810546875,3.5989036560058594,-8.179576873779297,4.411446571350098,-4.554981231689453,-0.8125429153442383,label_Tbl,label_Tbl,effective_linear_approx_from_2_linear_layers
20589,C_Tbl_correct,L2_ch160:192,2,160:192,45.51847839355469,57.89641189575195,0.3331224322319031,0.0678119957447052,5.8233642578125,1.8917571306228638,4.150014877319336,-1.823945164680481,1.673349380493164,label_Tbl,label_Tbl,effective_linear_approx_from_2_linear_layers
20590,C_Tbl_correct,L2_ch160:192,2,160:192,24.93516731262207,35.6161994934082,0.427953839302063,-2.458099365234375,4.3258771896362305,-0.5846552848815918,2.967977523803711,-1.8734440803527832,1.3578996658325195,label_Tbl,label_Tbl,effective_linear_approx_from_2_linear_layers
20591,C_Tbl_correct,L2_ch160:192,2,160:192,16.14713478088379,18.70735740661621,0.1111147403717041,-12.500035285949707,-2.8973684310913086,-13.778229713439941,-4.106943130493164,1.2781944274902344,1.2095746994018555,label_Tbl,label_Tbl,effective_linear_approx_from_2_linear_layers
20592,C_Tbl_correct,L2_ch160:192,2,160:192,33.65644073486328,45.4566764831543,0.3567904233932495,-2.390016555786133,4.9523420333862305,-1.645300269126892,2.528057813644409,-0.7447162866592407,2.4242842197418213,label_Tbl,label_Tbl,effective_linear_approx_from_2_linear_layers
20593,C_Tbl_correct,L2_ch160:192,2,160:192,46.251251220703125,62.265716552734375,0.531773567199707,-12.773773193359375,5.682262897491455,-10.449361801147461,3.4235267639160156,-2.324411392211914,2.2587361335754395,label_Tbl,label_Tbl,effective_linear_approx_from_2_linear_layers
20594,C_Tbl_correct,L2_ch160:192,2,160:192,35.714900970458984,43.82089614868164,0.31115126609802246,-8.194696426391602,1.2670552730560303,-2.230515241622925,3.1935267448425293,-5.964180946350098,-1.926471471786499,label_Tbl,label_Tbl,effective_linear_approx_from_2_linear_layers
20595,C_Tbl_correct,L2_ch160:192,2,160:192,19.966901779174805,22.785781860351562,0.12693347036838531,2.1964261531829834,3.8113365173339844,1.860385775566101,2.9603729248046875,0.3360403776168823,0.8509635925292969,label_Tbl,label_Tbl,effective_linear_approx_from_2_linear_layers
20596,C_Tbl_correct,L2_ch160:192,2,160:192,15.373303413391113,20.35219955444336,0.18871326744556427,1.5663825273513794,2.4178762435913086,1.2039244174957275,0.9205678701400757,0.36245810985565186,1.497308373451233,label_Tbl,label_Hqql,effective_linear_approx_from_2_linear_layers
20597,C_Tbl_correct,L2_ch160:192,2,160:192,37.239585876464844,49.85249710083008,0.4147258698940277,-8.835553169250488,6.454684734344482,-6.880280017852783,3.8838019371032715,-1.955273151397705,2.570882797241211,label_Tbl,label_Tbl,effective_linear_approx_from_2_linear_layers
20598,C_Tbl_correct,L2_ch160:192,2,160:192,24.843393325805664,29.832983016967773,0.21916240453720093,-4.133293151855469,-0.2882194519042969,-3.1040737628936768,-1.0647984743118286,-1.029219388961792,0.7765790224075317,label_Tbl,label_Tbl,effective_linear_approx_from_2_linear_layers
20599,C_Tbl_correct,L2_ch160:192,2,160:192,29.18083953857422,36.07504653930664,0.22368954122066498,-7.5658392906188965,2.4927659034729004,-9.790868759155273,0.6703295707702637,2.225029468536377,1.8224363327026367,label_Tbl,label_Tbl,effective_linear_approx_from_2_linear_layers
20600,C_Tbl_correct,L2_ch160:192,2,160:192,17.611400604248047,21.67517852783203,0.1531384140253067,0.9943289756774902,3.787447929382324,1.2144278287887573,2.779883861541748,-0.2200988531112671,1.0075640678405762,label_Tbl,label_Tbl,effective_linear_approx_from_2_linear_layers
20601,C_Tbl_correct,L2_ch160:192,2,160:192,30.500812530517578,35.66962814331055,0.2293478101491928,-2.863941192626953,2.986891508102417,-1.4229310750961304,2.2306461334228516,-1.4410101175308228,0.7562453746795654,label_Tbl,label_Tbl,effective_linear_approx_from_2_linear_layers
20602,C_Tbl_correct,L2_ch160:192,2,160:192,14.914291381835938,17.95767593383789,0.11537245661020279,1.3297855854034424,3.123337745666504,1.0767631530761719,2.4954957962036133,0.2530224323272705,0.6278419494628906,label_Tbl,label_Tbl,effective_linear_approx_from_2_linear_layers
20603,C_Tbl_correct,L2_ch160:192,2,160:192,17.947021484375,21.2994327545166,0.12924057245254517,-2.4934346675872803,2.7676706314086914,-2.710602283477783,2.0780413150787354,0.21716761589050293,0.689629316329956,label_Tbl,label_Tbl,effective_linear_approx_from_2_linear_layers
20604,C_Tbl_correct,L2_ch160:192,2,160:192,39.18573760986328,53.56877136230469,0.41164126992225647,-18.169727325439453,0.3371521234512329,-12.608471870422363,2.8306641578674316,-5.56125545501709,-2.4935121536254883,label_Tbl,label_Tbl,effective_linear_approx_from_2_linear_layers
20605,C_Tbl_correct,L2_ch160:192,2,160:192,29.94887924194336,37.441253662109375,0.22417013347148895,-8.415853500366211,1.4833178520202637,-4.667422294616699,2.5304768085479736,-3.7484312057495117,-1.04715895652771,label_Tbl,label_Tbl,effective_linear_approx_from_2_linear_layers
20606,C_Tbl_correct,L2_ch160:192,2,160:192,30.661142349243164,42.39387893676758,0.2990904450416565,-2.1539418697357178,5.900754928588867,-1.5138083696365356,3.71893310546875,-0.6401335000991821,2.181821823120117,label_Tbl,label_Tbl,effective_linear_approx_from_2_linear_layers
20607,C_Tbl_correct,L2_ch160:192,2,160:192,18.97576141357422,23.878395080566406,0.1848549097776413,-1.5540987253189087,3.844966411590576,-1.3803499937057495,2.9027791023254395,-0.17374873161315918,0.9421873092651367,label_Tbl,label_Tbl,effective_linear_approx_from_2_linear_layers
20608,C_Tbl_correct,L2_ch160:192,2,160:192,14.532770156860352,20.89704132080078,0.17895358800888062,-0.3215404450893402,2.2801437377929688,0.04981684684753418,1.4624066352844238,-0.3713572919368744,0.8177371025085449,label_Tbl,label_Tbl,effective_linear_approx_from_2_linear_layers
20609,C_Tbl_correct,L2_ch160:192,2,160:192,20.242088317871094,28.102296829223633,0.31052690744400024,-1.6445579528808594,4.755596160888672,-0.4519393742084503,3.614276885986328,-1.1926186084747314,1.1413192749023438,label_Tbl,label_Tbl,effective_linear_approx_from_2_linear_layers
20610,C_Tbl_correct,L2_ch160:192,2,160:192,29.428104400634766,46.10255813598633,0.40517061948776245,-32.07012176513672,-3.977949619293213,-22.781721115112305,0.2571849822998047,-9.288400650024414,-4.235134601593018,label_Tbl,label_Tbl,effective_linear_approx_from_2_linear_layers
12308,A_protected_highiso,L2_ch224:256,2,224:256,26.606840133666992,25.960941314697266,0.21216151118278503,2.8798811435699463,2.3204500675201416,-2.389063835144043,-2.5703163146972656,5.26894474029541,4.890766143798828,label_Hqql,label_Hqql,effective_linear_approx_from_2_linear_layers
12358,A_protected_highiso,L2_ch224:256,2,224:256,26.37795639038086,24.577112197875977,0.20619046688079834,3.6764919757843018,-0.03516805171966553,1.6110652685165405,-2.9306249618530273,2.065426826477051,2.8954567909240723,label_Hqql,label_Hqql,effective_linear_approx_from_2_linear_layers
12438,A_protected_highiso,L2_ch224:256,2,224:256,25.044010162353516,22.2602481842041,0.20322047173976898,3.9234845638275146,-0.10843008756637573,1.7621442079544067,-3.027378559112549,2.1613402366638184,2.9189484119415283,label_Hqql,label_Hqql,effective_linear_approx_from_2_linear_layers
12442,A_protected_highiso,L2_ch224:256,2,224:256,12.77237319946289,12.276729583740234,0.11508079618215561,-0.7737846970558167,-2.784149169921875,-5.134949207305908,-6.247941493988037,4.361164569854736,3.463792324066162,label_Hqql,label_Hqql,effective_linear_approx_from_2_linear_layers
12509,A_protected_highiso,L2_ch224:256,2,224:256,20.01515769958496,18.123912811279297,0.15439148247241974,2.336242198944092,-3.7907845973968506,-0.3308791220188141,-6.454476356506348,2.667121410369873,2.663691759109497,label_Hqql,label_Hqql,effective_linear_approx_from_2_linear_layers
12592,A_protected_highiso,L2_ch224:256,2,224:256,26.948211669921875,24.536205291748047,0.2189963310956955,3.8408658504486084,0.22529035806655884,2.3697309494018555,-2.011885643005371,1.471134901046753,2.237175941467285,label_Hqql,label_Hqql,effective_linear_approx_from_2_linear_layers
12784,A_protected_highiso,L2_ch224:256,2,224:256,19.24391746520996,20.50484848022461,0.17340198159217834,0.6267354488372803,-1.8696691989898682,-2.4129273891448975,-6.067625045776367,3.0396628379821777,4.197956085205078,label_Hqql,label_Hqql,effective_linear_approx_from_2_linear_layers
13089,A_protected_highiso,L2_ch224:256,2,224:256,15.752750396728516,14.976993560791016,0.1464000791311264,0.8011832237243652,-4.292499542236328,-3.298790693283081,-8.620258331298828,4.099973678588867,4.3277587890625,label_Hqql,label_Hqql,effective_linear_approx_from_2_linear_layers
13279,A_protected_highiso,L2_ch224:256,2,224:256,22.815753936767578,20.48850440979004,0.17974020540714264,1.0377165079116821,-0.44531047344207764,-2.3530800342559814,-2.7687020301818848,3.390796661376953,2.3233914375305176,label_Hqql,label_Hqql,effective_linear_approx_from_2_linear_layers
13374,A_protected_highiso,L2_ch224:256,2,224:256,25.35099983215332,25.975004196166992,0.18553923070430756,3.0433714389801025,0.4021151065826416,-1.935499906539917,-4.357979774475098,4.9788713455200195,4.76009464263916,label_Hqql,label_Hqql,effective_linear_approx_from_2_linear_layers
13400,A_protected_highiso,L2_ch224:256,2,224:256,25.20085334777832,22.57196044921875,0.19843389093875885,1.0845355987548828,-1.5090107917785645,-0.7557445764541626,-3.7719180583953857,1.8402801752090454,2.2629072666168213,label_Hqql,label_Hqql,effective_linear_approx_from_2_linear_layers
13529,A_protected_highiso,L2_ch224:256,2,224:256,27.08055877685547,25.160436630249023,0.21131089329719543,3.0854218006134033,-1.1953595876693726,-0.38377389311790466,-3.7585606575012207,3.469195604324341,2.5632009506225586,label_Hqql,label_Hqql,effective_linear_approx_from_2_linear_layers
13897,A_protected_highiso,L2_ch224:256,2,224:256,18.867191314697266,16.655399322509766,0.14251530170440674,2.0386478900909424,-4.467491626739502,0.6464825868606567,-6.809771537780762,1.3921653032302856,2.3422799110412598,label_Hqql,label_Hqql,effective_linear_approx_from_2_linear_layers
14139,A_protected_highiso,L2_ch224:256,2,224:256,22.47210693359375,20.83700942993164,0.16743409633636475,4.718297958374023,-1.789663314819336,1.8751426935195923,-5.530966758728027,2.8431553840637207,3.7413034439086914,label_Hqql,label_Hqql,effective_linear_approx_from_2_linear_layers
14355,A_protected_highiso,L2_ch224:256,2,224:256,24.91992950439453,23.579635620117188,0.1879279911518097,3.0546371936798096,-1.1560205221176147,-0.6088268756866455,-4.922231197357178,3.663464069366455,3.7662105560302734,label_Hqql,label_Hqql,effective_linear_approx_from_2_linear_layers
14381,A_protected_highiso,L2_ch224:256,2,224:256,20.21207046508789,18.872310638427734,0.1419571042060852,3.28680682182312,1.983764410018921,1.1906720399856567,-0.4892631769180298,2.096134662628174,2.4730277061462402,label_Hqql,label_Hqql,effective_linear_approx_from_2_linear_layers
14596,A_protected_highiso,L2_ch224:256,2,224:256,15.342756271362305,14.321367263793945,0.13516506552696228,1.7071079015731812,0.4329977035522461,-2.560943126678467,-3.107250213623047,4.2680511474609375,3.540247917175293,label_Hqql,label_Hqql,effective_linear_approx_from_2_linear_layers
14600,A_protected_highiso,L2_ch224:256,2,224:256,22.67298126220703,20.530160903930664,0.18141800165176392,3.449733018875122,-0.9093831777572632,-2.0034499168395996,-7.332961559295654,5.453183174133301,6.423578262329102,label_Hqql,label_Hqql,effective_linear_approx_from_2_linear_layers
14625,A_protected_highiso,L2_ch224:256,2,224:256,15.669085502624512,13.932424545288086,0.10044790804386139,1.7360154390335083,0.40641188621520996,0.06452688574790955,-1.6698431968688965,1.6714885234832764,2.0762550830841064,label_Hqql,label_Hqql,effective_linear_approx_from_2_linear_layers
14742,A_protected_highiso,L2_ch224:256,2,224:256,18.227325439453125,17.378231048583984,0.13657179474830627,2.9145562648773193,0.979590892791748,-0.6155012845993042,-2.5714540481567383,3.530057430267334,3.5510449409484863,label_Hqql,label_Hqql,effective_linear_approx_from_2_linear_layers
14991,A_protected_highiso,L2_ch224:256,2,224:256,21.79167938232422,20.763877868652344,0.19374795258045197,3.5207407474517822,-1.2534875869750977,-0.7923439741134644,-4.979797840118408,4.313084602355957,3.7263102531433105,label_Hqql,label_Hqql,effective_linear_approx_from_2_linear_layers
14999,A_protected_highiso,L2_ch224:256,2,224:256,26.513446807861328,24.906967163085938,0.22935867309570312,2.903455972671509,2.343428134918213,-2.6777689456939697,-2.8027987480163574,5.5812249183654785,5.14622688293457,label_Hqql,label_Hqql,effective_linear_approx_from_2_linear_layers
15006,A_protected_highiso,L2_ch224:256,2,224:256,33.27822494506836,32.6750373840332,0.18445122241973877,2.8276960849761963,1.5310747623443604,0.8369637727737427,-0.2327156662940979,1.9907323122024536,1.7637903690338135,label_Hqql,label_Hqql,effective_linear_approx_from_2_linear_layers
15112,A_protected_highiso,L2_ch224:256,2,224:256,23.660030364990234,21.85909652709961,0.1921008676290512,3.7518503665924072,1.2203036546707153,0.1994132101535797,-1.8846160173416138,3.5524370670318604,3.104919672012329,label_Hqql,label_Hqql,effective_linear_approx_from_2_linear_layers
15233,A_protected_highiso,L2_ch224:256,2,224:256,25.40247344970703,25.170719146728516,0.20175009965896606,3.491706132888794,1.4985852241516113,-0.5309029817581177,-2.207023859024048,4.022609233856201,3.705609083175659,label_Hqql,label_Hqql,effective_linear_approx_from_2_linear_layers
15292,A_protected_highiso,L2_ch224:256,2,224:256,15.10447883605957,15.333755493164062,0.12166795134544373,0.5992239713668823,-1.5581605434417725,-1.1620320081710815,-3.4166665077209473,1.7612559795379639,1.8585059642791748,label_Hqql,label_Hqql,effective_linear_approx_from_2_linear_layers
15512,A_protected_highiso,L2_ch224:256,2,224:256,27.397226333618164,25.398366928100586,0.21639825403690338,0.1927480399608612,-1.5594489574432373,-4.512976169586182,-5.707717418670654,4.705724239349365,4.148268699645996,label_Hqql,label_Hqql,effective_linear_approx_from_2_linear_layers
15540,A_protected_highiso,L2_ch224:256,2,224:256,26.103713989257812,24.503185272216797,0.2040783017873764,3.0957701206207275,-1.7905685901641846,-0.7111176252365112,-4.832334518432617,3.806887626647949,3.0417659282684326,label_Hqql,label_Hqql,effective_linear_approx_from_2_linear_layers
15590,A_protected_highiso,L2_ch224:256,2,224:256,23.719867706298828,21.575515747070312,0.16764461994171143,2.1016886234283447,0.1945817470550537,-2.127741575241089,-3.92085599899292,4.229430198669434,4.1154375076293945,label_Hqql,label_Hqql,effective_linear_approx_from_2_linear_layers
15684,A_protected_highiso,L2_ch224:256,2,224:256,17.459707260131836,17.23052978515625,0.14644981920719147,2.2241780757904053,1.5490450859069824,-1.7803817987442017,-1.9332624673843384,4.0045599937438965,3.4823074340820312,label_Hqql,label_Hqql,effective_linear_approx_from_2_linear_layers
15800,A_protected_highiso,L2_ch224:256,2,224:256,18.841861724853516,18.30526351928711,0.14041917026042938,1.333858609199524,-1.9936835765838623,-1.7814277410507202,-5.060518741607666,3.115286350250244,3.0668351650238037,label_Hqql,label_Hqql,effective_linear_approx_from_2_linear_layers
16360,A_protected_highiso,L2_ch224:256,2,224:256,24.907989501953125,23.22847557067871,0.2057880312204361,2.5295865535736084,-1.135614037513733,-1.532433032989502,-4.114667892456055,4.062019348144531,2.9790539741516113,label_Hqql,label_Hqql,effective_linear_approx_from_2_linear_layers
12649,B_confused_highiso,L2_ch224:256,2,224:256,14.73435115814209,14.413778305053711,0.09570112824440002,-1.1446819305419922,1.439178705215454,-3.7500383853912354,-0.6756311655044556,2.605356454849243,2.114809989929199,label_Tbl,label_Tbl,effective_linear_approx_from_2_linear_layers
12982,B_confused_highiso,L2_ch224:256,2,224:256,15.794458389282227,15.009005546569824,0.12684772908687592,0.9109939336776733,2.2985732555389404,-1.950400948524475,0.0963660478591919,2.8613948822021484,2.202207088470459,label_Tbl,label_Tbl,effective_linear_approx_from_2_linear_layers
13045,B_confused_highiso,L2_ch224:256,2,224:256,20.516155242919922,20.501434326171875,0.15434005856513977,1.867108941078186,1.9097933769226074,-0.7422821521759033,-0.6013792753219604,2.609391212463379,2.5111727714538574,label_Tbl,label_Tbl,effective_linear_approx_from_2_linear_layers
13583,B_confused_highiso,L2_ch224:256,2,224:256,23.859275817871094,24.235572814941406,0.19261585175991058,-3.069281816482544,-1.067929983139038,-8.561307907104492,-6.494197368621826,5.492026329040527,5.426267623901367,label_Tbl,label_Tbl,effective_linear_approx_from_2_linear_layers
13787,B_confused_highiso,L2_ch224:256,2,224:256,23.167800903320312,21.748611450195312,0.18967482447624207,0.2757050693035126,1.8257653713226318,-4.493505477905273,-1.8084877729415894,4.769210338592529,3.6342530250549316,label_Tbl,label_Tbl,effective_linear_approx_from_2_linear_layers
13997,B_confused_highiso,L2_ch224:256,2,224:256,20.78256607055664,19.385278701782227,0.1664118766784668,0.07427099347114563,3.3213210105895996,-4.649803638458252,0.4240548610687256,4.724074840545654,2.897266149520874,label_Tbl,label_Tbl,effective_linear_approx_from_2_linear_layers
14711,B_confused_highiso,L2_ch224:256,2,224:256,13.695239067077637,12.767414093017578,0.07765825092792511,0.5512353181838989,2.793661117553711,-0.17462918162345886,2.3296241760253906,0.7258645296096802,0.4640369415283203,label_Tbl,label_Tbl,effective_linear_approx_from_2_linear_layers
15288,B_confused_highiso,L2_ch224:256,2,224:256,21.14393424987793,23.76897621154785,0.19991375505924225,0.5876303911209106,1.5895590782165527,-3.853195905685425,-1.706993818283081,4.440826416015625,3.296552896499634,label_Tbl,label_Tbl,effective_linear_approx_from_2_linear_layers
15528,B_confused_highiso,L2_ch224:256,2,224:256,37.612083435058594,37.11204528808594,0.21866999566555023,-2.2324254512786865,-1.5633301734924316,-6.236125946044922,-5.320535182952881,4.003700256347656,3.757205009460449,label_Tbl,label_Tbl,effective_linear_approx_from_2_linear_layers
15658,B_confused_highiso,L2_ch224:256,2,224:256,12.105122566223145,11.962944030761719,0.11178760975599289,-0.7616251707077026,1.0893653631210327,-3.579000473022461,-1.366248369216919,2.8173751831054688,2.455613613128662,label_Tbl,label_Tbl,effective_linear_approx_from_2_linear_layers
15893,B_confused_highiso,L2_ch224:256,2,224:256,24.118995666503906,23.07671356201172,0.19861452281475067,1.474683165550232,3.4176025390625,-3.517934560775757,0.3413984775543213,4.992617607116699,3.0762040615081787,label_Tbl,label_Tbl,effective_linear_approx_from_2_linear_layers
20480,C_Tbl_correct,L2_ch224:256,2,224:256,47.19834518432617,45.49132537841797,0.45953577756881714,-3.4155938625335693,5.567715167999268,-10.394837379455566,2.496631622314453,6.979243278503418,3.0710835456848145,label_Tbl,label_Tbl,effective_linear_approx_from_2_linear_layers
20481,C_Tbl_correct,L2_ch224:256,2,224:256,37.23781967163086,35.63453674316406,0.3091433644294739,-8.323958396911621,3.418581008911133,-16.38515281677246,-1.2272310256958008,8.06119441986084,4.645812034606934,label_Tbl,label_Tbl,effective_linear_approx_from_2_linear_layers
20482,C_Tbl_correct,L2_ch224:256,2,224:256,74.08354187011719,69.26580047607422,0.6124681234359741,-4.979280948638916,0.3209437131881714,-17.671964645385742,-8.052452087402344,12.692684173583984,8.373395919799805,label_Tbl,label_Tbl,effective_linear_approx_from_2_linear_layers
20483,C_Tbl_correct,L2_ch224:256,2,224:256,27.3964786529541,30.13308334350586,0.29870885610580444,-5.344690322875977,3.844911575317383,-11.99713134765625,-2.2751669883728027,6.652441024780273,6.1200785636901855,label_Tbl,label_Tbl,effective_linear_approx_from_2_linear_layers
20484,C_Tbl_correct,L2_ch224:256,2,224:256,26.52028465270996,25.518924713134766,0.21018174290657043,-7.005253791809082,-0.24870026111602783,-13.369145393371582,-4.864144325256348,6.3638916015625,4.615444183349609,label_Tbl,label_Tbl,effective_linear_approx_from_2_linear_layers
20485,C_Tbl_correct,L2_ch224:256,2,224:256,54.95001220703125,55.06089782714844,0.5405771136283875,-9.797272682189941,0.8641380071640015,-19.47115135192871,-4.477572917938232,9.67387866973877,5.341711044311523,label_Tbl,label_Tbl,effective_linear_approx_from_2_linear_layers
20486,C_Tbl_correct,L2_ch224:256,2,224:256,40.032840728759766,37.6593017578125,0.4006228744983673,-2.318092107772827,1.1826121807098389,-6.963809013366699,-1.765340805053711,4.645716667175293,2.94795298576355,label_Tbl,label_Tbl,effective_linear_approx_from_2_linear_layers
20487,C_Tbl_correct,L2_ch224:256,2,224:256,26.560882568359375,29.282093048095703,0.27437543869018555,-15.49501895904541,1.4054656028747559,-25.20502281188965,-5.1665167808532715,9.710003852844238,6.571982383728027,label_Tbl,label_Tbl,effective_linear_approx_from_2_linear_layers
20488,C_Tbl_correct,L2_ch224:256,2,224:256,37.46660614013672,36.38392639160156,0.3639446198940277,1.45091712474823,2.486684799194336,-3.9457483291625977,-2.6773972511291504,5.396665573120117,5.164082050323486,label_Tbl,label_Tbl,effective_linear_approx_from_2_linear_layers
20489,C_Tbl_correct,L2_ch224:256,2,224:256,54.561859130859375,50.29494094848633,0.4821520745754242,-11.290022850036621,0.22091031074523926,-22.044170379638672,-5.121971607208252,10.75414752960205,5.34288215637207,label_Tbl,label_Tbl,effective_linear_approx_from_2_linear_layers
20490,C_Tbl_correct,L2_ch224:256,2,224:256,34.86842346191406,32.778621673583984,0.3003776967525482,0.11851462721824646,2.9853603839874268,-3.86710786819458,0.8503972291946411,3.9856224060058594,2.134963035583496,label_Tbl,label_Tbl,effective_linear_approx_from_2_linear_layers
20491,C_Tbl_correct,L2_ch224:256,2,224:256,28.837844848632812,29.261947631835938,0.2755560576915741,-4.214057922363281,4.654110908508301,-10.871976852416992,0.5363476276397705,6.657918930053711,4.117763519287109,label_Tbl,label_Tbl,effective_linear_approx_from_2_linear_layers
20492,C_Tbl_correct,L2_ch224:256,2,224:256,27.15573501586914,25.45704460144043,0.2094413787126541,-0.41307559609413147,2.090147018432617,-0.9933948516845703,1.6770360469818115,0.5803192853927612,0.41311097145080566,label_Tbl,label_Tbl,effective_linear_approx_from_2_linear_layers
20493,C_Tbl_correct,L2_ch224:256,2,224:256,60.70355224609375,57.61933898925781,0.4854467213153839,1.4081308841705322,2.90766978263855,-6.321376323699951,-3.345458745956421,7.7295074462890625,6.253128528594971,label_Tbl,label_Tbl,effective_linear_approx_from_2_linear_layers
20494,C_Tbl_correct,L2_ch224:256,2,224:256,35.21371841430664,38.182594299316406,0.3920971751213074,-7.099913120269775,5.462751865386963,-14.280542373657227,0.5663332939147949,7.180629253387451,4.896418571472168,label_Tbl,label_Tbl,effective_linear_approx_from_2_linear_layers
20495,C_Tbl_correct,L2_ch224:256,2,224:256,46.044166564941406,43.800289154052734,0.45969438552856445,1.8798390626907349,2.9556238651275635,-2.855524778366089,-0.31325697898864746,4.735363960266113,3.268880844116211,label_Tbl,label_Tbl,effective_linear_approx_from_2_linear_layers
20496,C_Tbl_correct,L2_ch224:256,2,224:256,19.106809616088867,20.326536178588867,0.19042964279651642,-6.729451656341553,-0.5860624313354492,-11.320796012878418,-4.662696361541748,4.591344356536865,4.076633930206299,label_Tbl,label_Tbl,effective_linear_approx_from_2_linear_layers
20497,C_Tbl_correct,L2_ch224:256,2,224:256,40.78546905517578,48.44664001464844,0.4903322756290436,-12.069754600524902,3.5387611389160156,-26.124332427978516,-6.63640022277832,14.054577827453613,10.175161361694336,label_Tbl,label_Tbl,effective_linear_approx_from_2_linear_layers
20498,C_Tbl_correct,L2_ch224:256,2,224:256,56.011383056640625,54.556785583496094,0.5568156838417053,1.7666112184524536,2.780198097229004,-0.7277172803878784,1.274644136428833,2.494328498840332,1.505553960800171,label_Tbl,label_Tbl,effective_linear_approx_from_2_linear_layers
20499,C_Tbl_correct,L2_ch224:256,2,224:256,48.54898452758789,46.450164794921875,0.46634840965270996,-3.2735793590545654,3.8245882987976074,-8.898577690124512,1.3456816673278809,5.624998092651367,2.4789066314697266,label_Tbl,label_Tbl,effective_linear_approx_from_2_linear_layers
20500,C_Tbl_correct,L2_ch224:256,2,224:256,25.694644927978516,27.26603889465332,0.24807390570640564,-6.415186405181885,2.666245460510254,-11.643903732299805,-0.9226438999176025,5.22871732711792,3.5888893604278564,label_Tbl,label_Tbl,effective_linear_approx_from_2_linear_layers
20501,C_Tbl_correct,L2_ch224:256,2,224:256,30.978086471557617,29.246906280517578,0.30210909247398376,-7.150689125061035,3.5026817321777344,-13.929423332214355,-1.1666369438171387,6.77873420715332,4.669318675994873,label_Tbl,label_Tbl,effective_linear_approx_from_2_linear_layers
20502,C_Tbl_correct,L2_ch224:256,2,224:256,31.203123092651367,33.55458068847656,0.2934904992580414,-4.627233028411865,4.754775047302246,-12.41438102722168,-1.3174678087234497,7.7871479988098145,6.072242736816406,label_Tbl,label_Tbl,effective_linear_approx_from_2_linear_layers
20503,C_Tbl_correct,L2_ch224:256,2,224:256,60.240089416503906,57.4177131652832,0.6366338133811951,-7.358910083770752,2.018247604370117,-18.592077255249023,-3.7340118885040283,11.23316764831543,5.752259254455566,label_Tbl,label_Tbl,effective_linear_approx_from_2_linear_layers
20504,C_Tbl_correct,L2_ch224:256,2,224:256,43.276329040527344,41.50725555419922,0.4364791512489319,-1.6289256811141968,3.2367241382598877,-3.9422993659973145,2.6038005352020264,2.313373565673828,0.6329236030578613,label_Tbl,label_Tbl,effective_linear_approx_from_2_linear_layers
20505,C_Tbl_correct,L2_ch224:256,2,224:256,57.620872497558594,53.36836242675781,0.5073267817497253,-0.028958529233932495,3.8411617279052734,-5.556347370147705,2.060253620147705,5.527389049530029,1.7809081077575684,label_Tbl,label_Tbl,effective_linear_approx_from_2_linear_layers
20506,C_Tbl_correct,L2_ch224:256,2,224:256,34.382843017578125,32.986045837402344,0.3106417953968048,-2.067615509033203,1.028699278831482,-5.683779239654541,-2.240751266479492,3.616163730621338,3.2694506645202637,label_Tbl,label_Tbl,effective_linear_approx_from_2_linear_layers
20507,C_Tbl_correct,L2_ch224:256,2,224:256,30.727611541748047,30.299259185791016,0.29417684674263,-12.013851165771484,0.5190858840942383,-18.746173858642578,-3.5150113105773926,6.732322692871094,4.034097194671631,label_Tbl,label_Tbl,effective_linear_approx_from_2_linear_layers
20508,C_Tbl_correct,L2_ch224:256,2,224:256,45.48064422607422,44.5041618347168,0.4557780921459198,-5.569357395172119,5.3123321533203125,-13.929173469543457,0.9849309921264648,8.35981559753418,4.327401161193848,label_Tbl,label_Tbl,effective_linear_approx_from_2_linear_layers
20509,C_Tbl_correct,L2_ch224:256,2,224:256,57.14662170410156,54.633567810058594,0.5307939052581787,-23.165132522583008,0.5695033073425293,-38.444942474365234,-7.600388050079346,15.279809951782227,8.169891357421875,label_Tbl,label_Tbl,effective_linear_approx_from_2_linear_layers
20510,C_Tbl_correct,L2_ch224:256,2,224:256,33.56237030029297,32.90687561035156,0.30225878953933716,-0.14782890677452087,3.1821351051330566,-3.7983977794647217,1.3093645572662354,3.650568962097168,1.8727705478668213,label_Tbl,label_Tbl,effective_linear_approx_from_2_linear_layers
20511,C_Tbl_correct,L2_ch224:256,2,224:256,16.91446876525879,14.537816047668457,0.1271878331899643,1.8585759401321411,3.3131091594696045,0.8134510517120361,2.9146409034729004,1.045124888420105,0.3984682559967041,label_Tbl,label_Tbl,effective_linear_approx_from_2_linear_layers
20512,C_Tbl_correct,L2_ch224:256,2,224:256,57.16401672363281,54.5692253112793,0.5049846768379211,-0.7726041674613953,4.452902793884277,-5.322137355804443,2.7403290271759033,4.549533367156982,1.712573766708374,label_Tbl,label_Tbl,effective_linear_approx_from_2_linear_layers
20513,C_Tbl_correct,L2_ch224:256,2,224:256,39.813804626464844,44.35243225097656,0.42303377389907837,-13.804064750671387,5.065451622009277,-25.185880661010742,-2.093533515930176,11.381815910339355,7.158985137939453,label_Tbl,label_Tbl,effective_linear_approx_from_2_linear_layers
20514,C_Tbl_correct,L2_ch224:256,2,224:256,48.18999099731445,46.30079650878906,0.523716151714325,-3.4543652534484863,3.1841068267822266,-8.869135856628418,-0.14059150218963623,5.414770603179932,3.3246984481811523,label_Tbl,label_Tbl,effective_linear_approx_from_2_linear_layers
20515,C_Tbl_correct,L2_ch224:256,2,224:256,49.89665603637695,53.86278533935547,0.5397423505783081,-4.892578125,6.0447998046875,-15.509512901306152,-1.9720531702041626,10.616934776306152,8.016853332519531,label_Tbl,label_Tbl,effective_linear_approx_from_2_linear_layers
20516,C_Tbl_correct,L2_ch224:256,2,224:256,37.48057556152344,38.335121154785156,0.36736375093460083,-17.896024703979492,1.523951768875122,-31.75007438659668,-6.47006368637085,13.854049682617188,7.994015693664551,label_Tbl,label_Tbl,effective_linear_approx_from_2_linear_layers
20517,C_Tbl_correct,L2_ch224:256,2,224:256,48.93389129638672,46.401451110839844,0.4816395342350006,-4.649143695831299,3.4481582641601562,-13.161971092224121,-1.1564090251922607,8.512826919555664,4.604567527770996,label_Tbl,label_Tbl,effective_linear_approx_from_2_linear_layers
20518,C_Tbl_correct,L2_ch224:256,2,224:256,50.35995864868164,52.80047607421875,0.4820902347564697,-4.387455940246582,1.6583824157714844,-12.121085166931152,-4.253259658813477,7.73362922668457,5.911642074584961,label_Tbl,label_Tbl,effective_linear_approx_from_2_linear_layers
20519,C_Tbl_correct,L2_ch224:256,2,224:256,34.95447540283203,32.7567253112793,0.3129889965057373,-1.7640184164047241,5.0186767578125,-8.89578628540039,1.561929702758789,7.131767749786377,3.456747055053711,label_Tbl,label_Tbl,effective_linear_approx_from_2_linear_layers
20520,C_Tbl_correct,L2_ch224:256,2,224:256,45.24485397338867,42.40031433105469,0.4497950077056885,-2.763209819793701,2.6747851371765137,-8.495253562927246,-1.2582446336746216,5.732043743133545,3.9330296516418457,label_Tbl,label_Tbl,effective_linear_approx_from_2_linear_layers
20521,C_Tbl_correct,L2_ch224:256,2,224:256,30.821252822875977,29.348087310791016,0.300144225358963,-4.277113437652588,3.148054838180542,-10.793227195739746,-0.10292929410934448,6.516113758087158,3.2509841918945312,label_Tbl,label_Tbl,effective_linear_approx_from_2_linear_layers
20522,C_Tbl_correct,L2_ch224:256,2,224:256,43.853248596191406,43.08993911743164,0.4483875334262848,-10.377086639404297,5.835184574127197,-23.64023780822754,-1.9691518545150757,13.263151168823242,7.8043365478515625,label_Tbl,label_Tbl,effective_linear_approx_from_2_linear_layers
20523,C_Tbl_correct,L2_ch224:256,2,224:256,63.472434997558594,60.163604736328125,0.6256759762763977,-12.26170539855957,4.758785247802734,-28.55656623840332,-4.663216590881348,16.29486083984375,9.422001838684082,label_Tbl,label_Tbl,effective_linear_approx_from_2_linear_layers
20524,C_Tbl_correct,L2_ch224:256,2,224:256,55.37763214111328,57.24740219116211,0.5472686290740967,-9.907485008239746,5.808475494384766,-23.744108200073242,-1.7406268119812012,13.836623191833496,7.549102306365967,label_Tbl,label_Tbl,effective_linear_approx_from_2_linear_layers
20525,C_Tbl_correct,L2_ch224:256,2,224:256,22.274517059326172,22.414018630981445,0.20476756989955902,-4.150577545166016,4.320821762084961,-8.503360748291016,1.3841514587402344,4.352783203125,2.9366703033447266,label_Tbl,label_Tbl,effective_linear_approx_from_2_linear_layers
20526,C_Tbl_correct,L2_ch224:256,2,224:256,30.046770095825195,30.877182006835938,0.26177269220352173,-2.6185600757598877,4.92629337310791,-9.277705192565918,-0.44250667095184326,6.659145355224609,5.368800163269043,label_Tbl,label_Tbl,effective_linear_approx_from_2_linear_layers
20527,C_Tbl_correct,L2_ch224:256,2,224:256,19.761157989501953,20.794281005859375,0.18262958526611328,-4.200023174285889,2.437349796295166,-8.154610633850098,-0.01912844181060791,3.954587459564209,2.4564781188964844,label_Tbl,label_Tbl,effective_linear_approx_from_2_linear_layers
20528,C_Tbl_correct,L2_ch224:256,2,224:256,25.629920959472656,25.027502059936523,0.2294520139694214,-3.4559013843536377,2.358579397201538,-9.668234825134277,-2.1008238792419434,6.212333679199219,4.459403038024902,label_Tbl,label_Tbl,effective_linear_approx_from_2_linear_layers
20529,C_Tbl_correct,L2_ch224:256,2,224:256,56.713951110839844,57.379005432128906,0.355905145406723,-5.803777694702148,4.016561508178711,-9.196249961853027,2.740133762359619,3.392472267150879,1.2764277458190918,label_Tbl,label_Tbl,effective_linear_approx_from_2_linear_layers
20530,C_Tbl_correct,L2_ch224:256,2,224:256,14.588494300842285,13.523775100708008,0.10741308331489563,-2.506561040878296,1.4336442947387695,-5.15473747253418,-0.3920440077781677,2.648176431655884,1.825688362121582,label_Tbl,label_Tbl,effective_linear_approx_from_2_linear_layers
20531,C_Tbl_correct,L2_ch224:256,2,224:256,58.00354766845703,54.037803649902344,0.5504249334335327,-1.9821207523345947,5.543834686279297,-10.959564208984375,2.074190139770508,8.97744369506836,3.469644546508789,label_Tbl,label_Tbl,effective_linear_approx_from_2_linear_layers
20532,C_Tbl_correct,L2_ch224:256,2,224:256,27.169200897216797,24.946727752685547,0.2256915271282196,0.247257262468338,0.713881254196167,-3.7317910194396973,-2.9442250728607178,3.979048252105713,3.6581063270568848,label_Tbl,label_Tbl,effective_linear_approx_from_2_linear_layers
20533,C_Tbl_correct,L2_ch224:256,2,224:256,17.441099166870117,16.744918823242188,0.15976925194263458,-5.445600509643555,1.155488133430481,-9.921265602111816,-1.8160114288330078,4.475665092468262,2.971499443054199,label_Tbl,label_Tbl,effective_linear_approx_from_2_linear_layers
20534,C_Tbl_correct,L2_ch224:256,2,224:256,57.55731964111328,53.21412658691406,0.5510497093200684,0.7816365957260132,3.2905478477478027,-4.038061618804932,2.477111577987671,4.819698333740234,0.8134362697601318,label_Tbl,label_Tbl,effective_linear_approx_from_2_linear_layers
20535,C_Tbl_correct,L2_ch224:256,2,224:256,53.40251922607422,51.64617156982422,0.4154316782951355,-7.325348854064941,3.5674476623535156,-16.859474182128906,-0.8959500789642334,9.534125328063965,4.463397979736328,label_Tbl,label_Tbl,effective_linear_approx_from_2_linear_layers
20536,C_Tbl_correct,L2_ch224:256,2,224:256,27.899133682250977,26.517892837524414,0.24863877892494202,-6.239593982696533,3.0378172397613525,-16.079017639160156,-3.8308520317077637,9.839424133300781,6.868669509887695,label_Tbl,label_Tbl,effective_linear_approx_from_2_linear_layers
20537,C_Tbl_correct,L2_ch224:256,2,224:256,56.03489685058594,52.811954498291016,0.4597123861312866,-6.8023505210876465,4.003121376037598,-16.705442428588867,-0.7302002906799316,9.903091430664062,4.733321666717529,label_Tbl,label_Tbl,effective_linear_approx_from_2_linear_layers
20538,C_Tbl_correct,L2_ch224:256,2,224:256,41.092079162597656,43.04533767700195,0.34946754574775696,-15.231514930725098,0.19614934921264648,-22.704797744750977,-4.141921043395996,7.473282814025879,4.338070392608643,label_Tbl,label_Tbl,effective_linear_approx_from_2_linear_layers
20539,C_Tbl_correct,L2_ch224:256,2,224:256,14.202518463134766,12.743597030639648,0.12722986936569214,-3.083111047744751,1.0412347316741943,-7.200501918792725,-2.214158535003662,4.1173906326293945,3.2553932666778564,label_Tbl,label_Tbl,effective_linear_approx_from_2_linear_layers
20540,C_Tbl_correct,L2_ch224:256,2,224:256,68.60259246826172,65.23905944824219,0.6856703162193298,-2.3537757396698,3.8867902755737305,-13.997788429260254,-2.248270034790039,11.644012451171875,6.1350603103637695,label_Tbl,label_Tbl,effective_linear_approx_from_2_linear_layers
20541,C_Tbl_correct,L2_ch224:256,2,224:256,59.55085372924805,56.353267669677734,0.5753878355026245,-1.1788052320480347,3.001033306121826,-5.688043594360352,0.3155635595321655,4.509238243103027,2.685469627380371,label_Tbl,label_Tbl,effective_linear_approx_from_2_linear_layers
20542,C_Tbl_correct,L2_ch224:256,2,224:256,43.378211975097656,41.99524688720703,0.3847213089466095,-1.8337246179580688,5.661347389221191,-7.099498748779297,3.8168106079101562,5.265774250030518,1.8445367813110352,label_Tbl,label_Tbl,effective_linear_approx_from_2_linear_layers
20543,C_Tbl_correct,L2_ch224:256,2,224:256,15.358699798583984,17.33151626586914,0.1296178251504898,-6.508926868438721,1.177087664604187,-10.31188678741455,-1.7211573123931885,3.80295991897583,2.898244857788086,label_Tbl,label_Tbl,effective_linear_approx_from_2_linear_layers
20544,C_Tbl_correct,L2_ch224:256,2,224:256,53.75263214111328,54.50483703613281,0.5325385332107544,0.154287189245224,5.231097221374512,-9.17227840423584,-2.0356078147888184,9.326565742492676,7.26670503616333,label_Tbl,label_Tbl,effective_linear_approx_from_2_linear_layers
20545,C_Tbl_correct,L2_ch224:256,2,224:256,46.922515869140625,50.73827362060547,0.4778590500354767,-2.3922150135040283,5.881443023681641,-12.278325080871582,-2.4373741149902344,9.886110305786133,8.318817138671875,label_Tbl,label_Tbl,effective_linear_approx_from_2_linear_layers
20546,C_Tbl_correct,L2_ch224:256,2,224:256,32.60698699951172,38.05426025390625,0.39329788088798523,-12.159850120544434,3.879822254180908,-22.859193801879883,-2.0248358249664307,10.69934368133545,5.904658317565918,label_Tbl,label_Tbl,effective_linear_approx_from_2_linear_layers
20547,C_Tbl_correct,L2_ch224:256,2,224:256,43.77662658691406,43.19038391113281,0.34092050790786743,-7.429282188415527,3.4096450805664062,-11.03727912902832,1.5529277324676514,3.607996940612793,1.8567173480987549,label_Tbl,label_Tbl,effective_linear_approx_from_2_linear_layers
20548,C_Tbl_correct,L2_ch224:256,2,224:256,45.075775146484375,44.983245849609375,0.45714107155799866,-13.616924285888672,1.9185154438018799,-26.019411087036133,-6.978175640106201,12.402486801147461,8.89669132232666,label_Tbl,label_Tbl,effective_linear_approx_from_2_linear_layers
20549,C_Tbl_correct,L2_ch224:256,2,224:256,64.56343078613281,60.908935546875,0.6953321099281311,-1.48212468624115,2.9703304767608643,-3.839082956314087,2.4451751708984375,2.3569583892822266,0.5251553058624268,label_Tbl,label_Tbl,effective_linear_approx_from_2_linear_layers
20551,C_Tbl_correct,L2_ch224:256,2,224:256,62.170753479003906,57.67719268798828,0.4287709891796112,-10.534218788146973,2.308070182800293,-20.164291381835938,-3.174422264099121,9.630072593688965,5.482492446899414,label_Tbl,label_Tbl,effective_linear_approx_from_2_linear_layers
20552,C_Tbl_correct,L2_ch224:256,2,224:256,52.02576446533203,50.82084655761719,0.5122304558753967,-5.2904276847839355,6.331210136413574,-13.015046119689941,3.1317546367645264,7.724618434906006,3.199455499649048,label_Tbl,label_Tbl,effective_linear_approx_from_2_linear_layers
20553,C_Tbl_correct,L2_ch224:256,2,224:256,34.05475616455078,32.64116668701172,0.37863776087760925,-12.588895797729492,0.31961750984191895,-24.33489227294922,-7.596020698547363,11.745996475219727,7.915637969970703,label_Tbl,label_Tbl,effective_linear_approx_from_2_linear_layers
20554,C_Tbl_correct,L2_ch224:256,2,224:256,47.07099914550781,45.452476501464844,0.5359663367271423,-5.926273822784424,-0.10814142227172852,-11.924324989318848,-4.21240234375,5.998051166534424,4.1042609214782715,label_Tbl,label_Tbl,effective_linear_approx_from_2_linear_layers
20555,C_Tbl_correct,L2_ch224:256,2,224:256,52.5205078125,49.22294235229492,0.5285571217536926,-3.30637526512146,5.60904598236084,-8.798969268798828,4.064019203186035,5.492593765258789,1.5450267791748047,label_Tbl,label_Tbl,effective_linear_approx_from_2_linear_layers
20556,C_Tbl_correct,L2_ch224:256,2,224:256,42.634490966796875,44.52272033691406,0.4499353766441345,-2.445554494857788,6.802558898925781,-10.186991691589355,2.83830189704895,7.741436958312988,3.964257001876831,label_Tbl,label_Tbl,effective_linear_approx_from_2_linear_layers
20557,C_Tbl_correct,L2_ch224:256,2,224:256,25.478008270263672,23.835399627685547,0.21846923232078552,-3.359700918197632,2.8078014850616455,-9.228217124938965,-0.4368739128112793,5.868515968322754,3.244675397872925,label_Tbl,label_Tbl,effective_linear_approx_from_2_linear_layers
20558,C_Tbl_correct,L2_ch224:256,2,224:256,52.85258865356445,49.584285736083984,0.518738329410553,-1.4391149282455444,3.2439446449279785,-4.1956706047058105,2.705716371536255,2.7565555572509766,0.5382282733917236,label_Tbl,label_Tbl,effective_linear_approx_from_2_linear_layers
20559,C_Tbl_correct,L2_ch224:256,2,224:256,32.05036926269531,32.285133361816406,0.2975764274597168,1.1572048664093018,4.391524314880371,-4.071680068969727,-0.030257225036621094,5.228884696960449,4.421781539916992,label_Tbl,label_Tbl,effective_linear_approx_from_2_linear_layers
20560,C_Tbl_correct,L2_ch224:256,2,224:256,34.43844223022461,31.863117218017578,0.3163802921772003,-1.5890809297561646,1.7057223320007324,-7.177936553955078,-1.2396032810211182,5.588855743408203,2.9453256130218506,label_Tbl,label_Tbl,effective_linear_approx_from_2_linear_layers
20561,C_Tbl_correct,L2_ch224:256,2,224:256,23.19084930419922,21.79450225830078,0.21153108775615692,0.09894973039627075,2.3166799545288086,-3.38417649269104,-0.6803255081176758,3.483126163482666,2.9970054626464844,label_Tbl,label_Tbl,effective_linear_approx_from_2_linear_layers
20562,C_Tbl_correct,L2_ch224:256,2,224:256,27.38697624206543,28.629140853881836,0.2617439031600952,-6.938263416290283,4.58643102645874,-15.310157775878906,-0.8063099980354309,8.371894836425781,5.3927412033081055,label_Tbl,label_Tbl,effective_linear_approx_from_2_linear_layers
20564,C_Tbl_correct,L2_ch224:256,2,224:256,43.80731201171875,41.88572692871094,0.39254218339920044,-2.432300090789795,5.980310440063477,-8.793109893798828,3.797358989715576,6.360809803009033,2.1829514503479004,label_Tbl,label_Tbl,effective_linear_approx_from_2_linear_layers
20565,C_Tbl_correct,L2_ch224:256,2,224:256,40.82318878173828,38.81776428222656,0.40156108140945435,-5.727169513702393,1.041152000427246,-10.177821159362793,-2.990090847015381,4.4506516456604,4.031242847442627,label_Tbl,label_Tbl,effective_linear_approx_from_2_linear_layers
20566,C_Tbl_correct,L2_ch224:256,2,224:256,46.21037292480469,49.23035430908203,0.5021597146987915,-8.600132942199707,6.319943428039551,-20.267072677612305,-1.8809115886688232,11.666939735412598,8.200855255126953,label_Tbl,label_Tbl,effective_linear_approx_from_2_linear_layers
20567,C_Tbl_correct,L2_ch224:256,2,224:256,38.826393127441406,36.3842658996582,0.38964104652404785,-4.862525463104248,2.7296507358551025,-14.344023704528809,-3.8147876262664795,9.481498718261719,6.544438362121582,label_Tbl,label_Tbl,effective_linear_approx_from_2_linear_layers
20568,C_Tbl_correct,L2_ch224:256,2,224:256,27.248472213745117,28.2698974609375,0.228920578956604,-1.941705346107483,3.6906166076660156,-6.9704742431640625,0.0776715874671936,5.028769016265869,3.612945079803467,label_Tbl,label_Tbl,effective_linear_approx_from_2_linear_layers
20569,C_Tbl_correct,L2_ch224:256,2,224:256,48.741233825683594,45.95684051513672,0.49140721559524536,-6.163444995880127,5.365515232086182,-14.584278106689453,1.5103950500488281,8.420833587646484,3.8551201820373535,label_Tbl,label_Tbl,effective_linear_approx_from_2_linear_layers
20570,C_Tbl_correct,L2_ch224:256,2,224:256,35.373775482177734,33.04229736328125,0.3140661120414734,-2.3882973194122314,3.8580374717712402,-8.94553279876709,1.045621395111084,6.5572357177734375,2.8124160766601562,label_Tbl,label_Tbl,effective_linear_approx_from_2_linear_layers
20572,C_Tbl_correct,L2_ch224:256,2,224:256,31.16964340209961,30.162273406982422,0.2784714996814728,-3.8381855487823486,5.801542282104492,-10.082257270812988,2.5857367515563965,6.244071960449219,3.2158055305480957,label_Tbl,label_Tbl,effective_linear_approx_from_2_linear_layers
20573,C_Tbl_correct,L2_ch224:256,2,224:256,29.300302505493164,28.66349983215332,0.2671487629413605,-9.616639137268066,1.4819648265838623,-18.08125114440918,-4.196666240692139,8.464612007141113,5.678630828857422,label_Tbl,label_Tbl,effective_linear_approx_from_2_linear_layers
20574,C_Tbl_correct,L2_ch224:256,2,224:256,56.22816467285156,52.44341278076172,0.491237074136734,-2.1155569553375244,5.612147331237793,-10.336515426635742,1.4985475540161133,8.220958709716797,4.11359977722168,label_Tbl,label_Tbl,effective_linear_approx_from_2_linear_layers
20575,C_Tbl_correct,L2_ch224:256,2,224:256,20.448810577392578,17.66354751586914,0.17467910051345825,-1.3338903188705444,3.0575461387634277,-5.755703926086426,0.2734902501106262,4.421813488006592,2.7840559482574463,label_Tbl,label_Tbl,effective_linear_approx_from_2_linear_layers
20576,C_Tbl_correct,L2_ch224:256,2,224:256,54.160648345947266,50.04305648803711,0.518624484539032,2.396214485168457,4.752112865447998,-5.262417316436768,1.1281132698059082,7.658631801605225,3.62399959564209,label_Tbl,label_Tbl,effective_linear_approx_from_2_linear_layers
20577,C_Tbl_correct,L2_ch224:256,2,224:256,18.386234283447266,18.075782775878906,0.13869012892246246,-3.3680903911590576,0.20628076791763306,-7.07472562789917,-2.741513967514038,3.7066352367401123,2.9477946758270264,label_Tbl,label_Tbl,effective_linear_approx_from_2_linear_layers
20578,C_Tbl_correct,L2_ch224:256,2,224:256,24.24047088623047,25.396888732910156,0.2129637897014618,-4.175910472869873,3.974119186401367,-8.559941291809082,1.7499876022338867,4.384030818939209,2.2241315841674805,label_Tbl,label_Tbl,effective_linear_approx_from_2_linear_layers
20579,C_Tbl_correct,L2_ch224:256,2,224:256,84.02523803710938,77.19265747070312,0.7177289724349976,-2.3545081615448,4.619433403015137,-14.896142959594727,-1.256902813911438,12.541634559631348,5.876336097717285,label_Tbl,label_Tbl,effective_linear_approx_from_2_linear_layers
20580,C_Tbl_correct,L2_ch224:256,2,224:256,28.711402893066406,29.59398651123047,0.2789349853992462,1.9851914644241333,2.4065029621124268,-3.423436403274536,-2.2221121788024902,5.408627986907959,4.628615379333496,label_Tbl,label_Tbl,effective_linear_approx_from_2_linear_layers
20581,C_Tbl_correct,L2_ch224:256,2,224:256,55.027095794677734,62.44086456298828,0.5664011836051941,1.2359237670898438,6.019232273101807,-10.25440502166748,-5.224239349365234,11.490328788757324,11.243471145629883,label_Tbl,label_Tbl,effective_linear_approx_from_2_linear_layers
20582,C_Tbl_correct,L2_ch224:256,2,224:256,28.274324417114258,27.745983123779297,0.26599666476249695,-1.247756838798523,3.8078556060791016,-8.413986206054688,-1.1194798946380615,7.166229248046875,4.927335739135742,label_Tbl,label_Tbl,effective_linear_approx_from_2_linear_layers
20583,C_Tbl_correct,L2_ch224:256,2,224:256,21.257015228271484,21.54694366455078,0.2032776176929474,-3.592552423477173,-1.305950403213501,-9.289745330810547,-6.399472236633301,5.697193145751953,5.093522071838379,label_Tbl,label_Tbl,effective_linear_approx_from_2_linear_layers
20584,C_Tbl_correct,L2_ch224:256,2,224:256,36.05950164794922,34.95229721069336,0.3265760540962219,-1.4826651811599731,3.788013458251953,-8.039731979370117,0.28795456886291504,6.557066917419434,3.500058889389038,label_Tbl,label_Tbl,effective_linear_approx_from_2_linear_layers
20585,C_Tbl_correct,L2_ch224:256,2,224:256,16.3951416015625,16.620248794555664,0.14543884992599487,-0.0545831024646759,2.1333298683166504,-2.6041805744171143,0.16017866134643555,2.5495975017547607,1.9731512069702148,label_Tbl,label_Tbl,effective_linear_approx_from_2_linear_layers
20586,C_Tbl_correct,L2_ch224:256,2,224:256,57.63626480102539,56.627197265625,0.5405358672142029,-3.2883360385894775,6.91164493560791,-11.668204307556152,2.866973876953125,8.379868507385254,4.044671058654785,label_Tbl,label_Tbl,effective_linear_approx_from_2_linear_layers
20587,C_Tbl_correct,L2_ch224:256,2,224:256,19.0081787109375,19.067825317382812,0.15364794433116913,0.6400551795959473,1.8558003902435303,-3.2455828189849854,-1.7049293518066406,3.8856379985809326,3.560729742050171,label_Tbl,label_Tbl,effective_linear_approx_from_2_linear_layers
20588,C_Tbl_correct,L2_ch224:256,2,224:256,37.45469284057617,41.74467468261719,0.3651144206523895,-12.73455810546875,3.5989036560058594,-21.226022720336914,-0.8828332424163818,8.491464614868164,4.48173713684082,label_Tbl,label_Tbl,effective_linear_approx_from_2_linear_layers
20589,C_Tbl_correct,L2_ch224:256,2,224:256,61.10818862915039,60.88676071166992,0.586152195930481,0.0678119957447052,5.8233642578125,-10.451288223266602,-2.882284164428711,10.519100189208984,8.705648422241211,label_Tbl,label_Tbl,effective_linear_approx_from_2_linear_layers
20590,C_Tbl_correct,L2_ch224:256,2,224:256,69.00245666503906,64.0866470336914,0.670377254486084,-2.458099365234375,4.3258771896362305,-7.67547607421875,2.5052266120910645,5.217376708984375,1.820650577545166,label_Tbl,label_Tbl,effective_linear_approx_from_2_linear_layers
20591,C_Tbl_correct,L2_ch224:256,2,224:256,51.99637222290039,49.238014221191406,0.5530160665512085,-12.500035285949707,-2.8973684310913086,-18.358049392700195,-6.869877338409424,5.858014106750488,3.9725089073181152,label_Tbl,label_Tbl,effective_linear_approx_from_2_linear_layers
20592,C_Tbl_correct,L2_ch224:256,2,224:256,52.54643630981445,49.55705642700195,0.47335463762283325,-2.390016555786133,4.9523420333862305,-9.09079647064209,2.215580701828003,6.700779914855957,2.7367613315582275,label_Tbl,label_Tbl,effective_linear_approx_from_2_linear_layers
20593,C_Tbl_correct,L2_ch224:256,2,224:256,57.83680725097656,59.33795166015625,0.5453494191169739,-12.773773193359375,5.682262897491455,-29.42563247680664,-4.922544956207275,16.651859283447266,10.60480785369873,label_Tbl,label_Tbl,effective_linear_approx_from_2_linear_layers
20594,C_Tbl_correct,L2_ch224:256,2,224:256,45.26496505737305,41.35652160644531,0.3305617570877075,-8.194696426391602,1.2670552730560303,-15.427313804626465,-3.1745266914367676,7.232617378234863,4.441581726074219,label_Tbl,label_Tbl,effective_linear_approx_from_2_linear_layers
20595,C_Tbl_correct,L2_ch224:256,2,224:256,53.45905303955078,52.097389221191406,0.5048817992210388,2.1964261531829834,3.8113365173339844,-4.360838890075684,-0.32370901107788086,6.557265281677246,4.135045528411865,label_Tbl,label_Tbl,effective_linear_approx_from_2_linear_layers
20596,C_Tbl_correct,L2_ch224:256,2,224:256,77.02786254882812,72.10604095458984,0.745881199836731,1.5663825273513794,2.4178762435913086,-2.6978466510772705,0.07306993007659912,4.2642292976379395,2.34480619430542,label_Tbl,label_Tbl,effective_linear_approx_from_2_linear_layers
20597,C_Tbl_correct,L2_ch224:256,2,224:256,45.581974029541016,48.49372863769531,0.4399460256099701,-8.835553169250488,6.454684734344482,-22.380859375,-2.305936336517334,13.545306205749512,8.760621070861816,label_Tbl,label_Tbl,effective_linear_approx_from_2_linear_layers
20598,C_Tbl_correct,L2_ch224:256,2,224:256,41.36737823486328,40.543514251708984,0.40224313735961914,-4.133293151855469,-0.2882194519042969,-10.032949447631836,-3.942542791366577,5.899656295776367,3.6543233394622803,label_Tbl,label_Tbl,effective_linear_approx_from_2_linear_layers
20599,C_Tbl_correct,L2_ch224:256,2,224:256,37.316612243652344,36.61930847167969,0.3592750132083893,-7.5658392906188965,2.4927659034729004,-14.080492973327637,-1.0716100931167603,6.51465368270874,3.564375877380371,label_Tbl,label_Tbl,effective_linear_approx_from_2_linear_layers
20600,C_Tbl_correct,L2_ch224:256,2,224:256,30.40175437927246,30.560245513916016,0.2787245512008667,0.9943289756774902,3.787447929382324,-2.6042959690093994,1.598508596420288,3.5986249446868896,2.188939332962036,label_Tbl,label_Tbl,effective_linear_approx_from_2_linear_layers
20601,C_Tbl_correct,L2_ch224:256,2,224:256,78.86551666259766,72.97767639160156,0.6087245345115662,-2.863941192626953,2.986891508102417,-10.54643440246582,-2.060431957244873,7.682493209838867,5.047323226928711,label_Tbl,label_Tbl,effective_linear_approx_from_2_linear_layers
20602,C_Tbl_correct,L2_ch224:256,2,224:256,46.93790054321289,47.20277404785156,0.4500592052936554,1.3297855854034424,3.123337745666504,-3.5219027996063232,-0.9880385398864746,4.851688385009766,4.1113762855529785,label_Tbl,label_Tbl,effective_linear_approx_from_2_linear_layers
20603,C_Tbl_correct,L2_ch224:256,2,224:256,54.25444030761719,52.548500061035156,0.5353984236717224,-2.4934346675872803,2.7676706314086914,-6.609310150146484,-0.38736212253570557,4.115875244140625,3.1550326347351074,label_Tbl,label_Tbl,effective_linear_approx_from_2_linear_layers
20604,C_Tbl_correct,L2_ch224:256,2,224:256,33.61356735229492,42.81468963623047,0.43327924609184265,-18.169727325439453,0.3371521234512329,-29.891366958618164,-7.637157917022705,11.721639633178711,7.974309921264648,label_Tbl,label_Tbl,effective_linear_approx_from_2_linear_layers
20605,C_Tbl_correct,L2_ch224:256,2,224:256,27.376218795776367,27.892269134521484,0.2215130627155304,-8.415853500366211,1.4833178520202637,-13.028267860412598,-0.7901451587677002,4.612414360046387,2.273463010787964,label_Tbl,label_Tbl,effective_linear_approx_from_2_linear_layers
20606,C_Tbl_correct,L2_ch224:256,2,224:256,46.4848747253418,44.30607986450195,0.44501087069511414,-2.1539418697357178,5.900754928588867,-9.130071640014648,3.566899299621582,6.976129531860352,2.333855628967285,label_Tbl,label_Tbl,effective_linear_approx_from_2_linear_layers
20607,C_Tbl_correct,L2_ch224:256,2,224:256,62.52353286743164,58.47393798828125,0.6267656087875366,-1.5540987253189087,3.844966411590576,-8.289294242858887,0.5821558237075806,6.735195636749268,3.262810707092285,label_Tbl,label_Tbl,effective_linear_approx_from_2_linear_layers
20608,C_Tbl_correct,L2_ch224:256,2,224:256,20.919166564941406,20.496435165405273,0.15944427251815796,-0.3215404450893402,2.2801437377929688,-5.3206000328063965,-1.8916012048721313,4.999059677124023,4.1717448234558105,label_Tbl,label_Tbl,effective_linear_approx_from_2_linear_layers
20609,C_Tbl_correct,L2_ch224:256,2,224:256,61.467491149902344,58.09494400024414,0.6045406460762024,-1.6445579528808594,4.755596160888672,-8.95468521118164,1.9203557968139648,7.310127258300781,2.835240364074707,label_Tbl,label_Tbl,effective_linear_approx_from_2_linear_layers
20610,C_Tbl_correct,L2_ch224:256,2,224:256,37.22932052612305,45.571311950683594,0.6176111698150635,-32.07012176513672,-3.977949619293213,-45.936702728271484,-14.027853012084961,13.866580963134766,10.049903869628906,label_Tbl,label_Tbl,effective_linear_approx_from_2_linear_layers
12308,A_protected_highiso,L1_ch32:48,1,32:48,68.2076416015625,108.00946044921875,8.331348419189453,2.8798811435699463,2.3204500675201416,2.413255453109741,1.360544204711914,0.4666256904602051,0.9599058628082275,label_Hqql,label_Hqql,effective_linear_approx_from_2_linear_layers
12358,A_protected_highiso,L1_ch32:48,1,32:48,152.01792907714844,156.5773468017578,7.960005283355713,3.6764919757843018,-0.03516805171966553,3.0106923580169678,-1.5394928455352783,0.665799617767334,1.5043247938156128,label_Hqql,label_Hqql,effective_linear_approx_from_2_linear_layers
12438,A_protected_highiso,L1_ch32:48,1,32:48,170.32327270507812,218.655029296875,8.333647727966309,3.9234845638275146,-0.10843008756637573,3.237865924835205,-1.465162754058838,0.6856186389923096,1.3567326068878174,label_Hqql,label_Hqql,effective_linear_approx_from_2_linear_layers
12442,A_protected_highiso,L1_ch32:48,1,32:48,331.99420166015625,442.0892639160156,10.800661087036133,-0.7737846970558167,-2.784149169921875,-0.918878436088562,-3.93342924118042,0.14509373903274536,1.149280071258545,label_Hqql,label_Hqql,effective_linear_approx_from_2_linear_layers
12509,A_protected_highiso,L1_ch32:48,1,32:48,549.447509765625,505.3280029296875,10.786247253417969,2.336242198944092,-3.7907845973968506,1.5056513547897339,-5.02308988571167,0.8305908441543579,1.2323052883148193,label_Hqql,label_Hqql,effective_linear_approx_from_2_linear_layers
12592,A_protected_highiso,L1_ch32:48,1,32:48,255.09524536132812,309.08349609375,8.415397644042969,3.8408658504486084,0.22529035806655884,3.807518720626831,-0.48594582080841064,0.033347129821777344,0.7112361788749695,label_Hqql,label_Hqql,effective_linear_approx_from_2_linear_layers
12784,A_protected_highiso,L1_ch32:48,1,32:48,475.43280029296875,543.6808471679688,8.600133895874023,0.6267354488372803,-1.8696691989898682,-0.489284485578537,-3.4175219535827637,1.1160199642181396,1.5478527545928955,label_Hqql,label_Hqql,effective_linear_approx_from_2_linear_layers
13089,A_protected_highiso,L1_ch32:48,1,32:48,208.62191772460938,273.17449951171875,11.896539688110352,0.8011832237243652,-4.292499542236328,1.0463600158691406,-3.968254327774048,-0.2451767921447754,-0.3242452144622803,label_Hqql,label_Hqql,effective_linear_approx_from_2_linear_layers
13279,A_protected_highiso,L1_ch32:48,1,32:48,121.99749755859375,182.2166748046875,10.840336799621582,1.0377165079116821,-0.44531047344207764,-0.37906619906425476,-1.2755035161972046,1.4167827367782593,0.830193042755127,label_Hqql,label_Hqql,effective_linear_approx_from_2_linear_layers
13374,A_protected_highiso,L1_ch32:48,1,32:48,233.89093017578125,356.0210266113281,8.062975883483887,3.0433714389801025,0.4021151065826416,2.3894903659820557,-0.7944294214248657,0.6538810729980469,1.1965445280075073,label_Hqql,label_Hqql,effective_linear_approx_from_2_linear_layers
13400,A_protected_highiso,L1_ch32:48,1,32:48,420.3311767578125,390.73565673828125,9.261911392211914,1.0845355987548828,-1.5090107917785645,0.538037896156311,-2.315199136734009,0.5464977025985718,0.8061883449554443,label_Hqql,label_Hqql,effective_linear_approx_from_2_linear_layers
13529,A_protected_highiso,L1_ch32:48,1,32:48,117.85050201416016,86.33984375,8.897479057312012,3.0854218006134033,-1.1953595876693726,2.0496528148651123,-2.632615089416504,1.035768985748291,1.4372555017471313,label_Hqql,label_Hqql,effective_linear_approx_from_2_linear_layers
13897,A_protected_highiso,L1_ch32:48,1,32:48,1138.357177734375,1193.363037109375,12.282877922058105,2.0386478900909424,-4.467491626739502,2.2420101165771484,-4.55428409576416,-0.20336222648620605,0.0867924690246582,label_Hqql,label_Hqql,effective_linear_approx_from_2_linear_layers
14139,A_protected_highiso,L1_ch32:48,1,32:48,327.0794982910156,441.5396423339844,9.751913070678711,4.718297958374023,-1.789663314819336,4.15137243270874,-2.865407943725586,0.5669255256652832,1.07574462890625,label_Hqql,label_Hqql,effective_linear_approx_from_2_linear_layers
14355,A_protected_highiso,L1_ch32:48,1,32:48,277.72308349609375,292.599853515625,9.735799789428711,3.0546371936798096,-1.1560205221176147,2.687220335006714,-2.8445234298706055,0.3674168586730957,1.6885029077529907,label_Hqql,label_Hqql,effective_linear_approx_from_2_linear_layers
14381,A_protected_highiso,L1_ch32:48,1,32:48,442.7291259765625,593.5087280273438,10.229044914245605,3.28680682182312,1.983764410018921,2.434666872024536,-0.19078314304351807,0.852139949798584,2.1745476722717285,label_Hqql,label_Hqql,effective_linear_approx_from_2_linear_layers
14596,A_protected_highiso,L1_ch32:48,1,32:48,74.02285766601562,148.55250549316406,8.539701461791992,1.7071079015731812,0.4329977035522461,1.069667935371399,-0.8070806264877319,0.6374399662017822,1.240078330039978,label_Hqql,label_Hqql,effective_linear_approx_from_2_linear_layers
14600,A_protected_highiso,L1_ch32:48,1,32:48,440.56201171875,505.06573486328125,9.888832092285156,3.449733018875122,-0.9093831777572632,1.734714150428772,-2.927806854248047,1.71501886844635,2.018423557281494,label_Hqql,label_Hqql,effective_linear_approx_from_2_linear_layers
14625,A_protected_highiso,L1_ch32:48,1,32:48,480.312744140625,539.2225341796875,10.408296585083008,1.7360154390335083,0.40641188621520996,1.2126561403274536,-1.551581621170044,0.5233592987060547,1.957993507385254,label_Hqql,label_Hqql,effective_linear_approx_from_2_linear_layers
14742,A_protected_highiso,L1_ch32:48,1,32:48,327.7546691894531,437.95074462890625,9.013060569763184,2.9145562648773193,0.979590892791748,2.8970658779144287,0.34796714782714844,0.017490386962890625,0.6316237449645996,label_Hqql,label_Hqql,effective_linear_approx_from_2_linear_layers
14991,A_protected_highiso,L1_ch32:48,1,32:48,164.50308227539062,201.81944274902344,9.648755073547363,3.5207407474517822,-1.2534875869750977,1.8358286619186401,-2.192880153656006,1.684912085533142,0.9393925666809082,label_Hqql,label_Hqql,effective_linear_approx_from_2_linear_layers
14999,A_protected_highiso,L1_ch32:48,1,32:48,168.8421630859375,193.87628173828125,10.290081977844238,2.903455972671509,2.343428134918213,2.5062739849090576,0.9108399152755737,0.39718198776245117,1.4325882196426392,label_Hqql,label_Hqql,effective_linear_approx_from_2_linear_layers
15006,A_protected_highiso,L1_ch32:48,1,32:48,928.8380737304688,948.3973388671875,11.742128372192383,2.8276960849761963,1.5310747623443604,2.2086241245269775,-0.3154798150062561,0.6190719604492188,1.8465545177459717,label_Hqql,label_Hqql,effective_linear_approx_from_2_linear_layers
15112,A_protected_highiso,L1_ch32:48,1,32:48,105.09327697753906,128.74668884277344,8.468365669250488,3.7518503665924072,1.2203036546707153,3.5542051792144775,0.6050205230712891,0.1976451873779297,0.6152831315994263,label_Hqql,label_Hqql,effective_linear_approx_from_2_linear_layers
15233,A_protected_highiso,L1_ch32:48,1,32:48,61.854557037353516,153.6630859375,8.147960662841797,3.491706132888794,1.4985852241516113,3.2592360973358154,0.6768858432769775,0.23247003555297852,0.8216993808746338,label_Hqql,label_Hqql,effective_linear_approx_from_2_linear_layers
15292,A_protected_highiso,L1_ch32:48,1,32:48,549.8033447265625,612.799072265625,10.07291030883789,0.5992239713668823,-1.5581605434417725,0.481324166059494,-2.65234112739563,0.1178998053073883,1.0941805839538574,label_Hqql,label_Hqql,effective_linear_approx_from_2_linear_layers
15512,A_protected_highiso,L1_ch32:48,1,32:48,204.85354614257812,199.49334716796875,9.443450927734375,0.1927480399608612,-1.5594489574432373,0.33650723099708557,-3.236081600189209,-0.14375919103622437,1.6766326427459717,label_Hqql,label_Hqql,effective_linear_approx_from_2_linear_layers
15540,A_protected_highiso,L1_ch32:48,1,32:48,118.58209991455078,57.56791305541992,10.362526893615723,3.0957701206207275,-1.7905685901641846,2.5064523220062256,-2.6447365283966064,0.589317798614502,0.8541679382324219,label_Hqql,label_Hqql,effective_linear_approx_from_2_linear_layers
15590,A_protected_highiso,L1_ch32:48,1,32:48,245.72531127929688,262.60400390625,9.574129104614258,2.1016886234283447,0.1945817470550537,0.9456613063812256,-1.3829219341278076,1.1560273170471191,1.5775036811828613,label_Hqql,label_Hqql,effective_linear_approx_from_2_linear_layers
15684,A_protected_highiso,L1_ch32:48,1,32:48,133.61370849609375,172.03594970703125,8.200992584228516,2.2241780757904053,1.5490450859069824,1.3885233402252197,0.3616524934768677,0.8356547355651855,1.1873925924301147,label_Hqql,label_Hqql,effective_linear_approx_from_2_linear_layers
15800,A_protected_highiso,L1_ch32:48,1,32:48,217.044189453125,232.3939666748047,8.655251502990723,1.333858609199524,-1.9936835765838623,1.5167044401168823,-2.988314390182495,-0.1828458309173584,0.9946308135986328,label_Hqql,label_Hqql,effective_linear_approx_from_2_linear_layers
16360,A_protected_highiso,L1_ch32:48,1,32:48,227.66099548339844,219.10491943359375,10.08663558959961,2.5295865535736084,-1.135614037513733,1.4337879419326782,-2.72078275680542,1.0957986116409302,1.585168719291687,label_Hqql,label_Hqql,effective_linear_approx_from_2_linear_layers
12649,B_confused_highiso,L1_ch32:48,1,32:48,495.7162780761719,612.1242065429688,10.058079719543457,-1.1446819305419922,1.439178705215454,-2.0376858711242676,-0.6467103958129883,0.8930039405822754,2.0858891010284424,label_Tbl,label_Tbl,effective_linear_approx_from_2_linear_layers
12982,B_confused_highiso,L1_ch32:48,1,32:48,308.78875732421875,426.5915832519531,10.886143684387207,0.9109939336776733,2.2985732555389404,1.505963921546936,1.7250456809997559,-0.5949699878692627,0.5735275745391846,label_Tbl,label_Tbl,effective_linear_approx_from_2_linear_layers
13045,B_confused_highiso,L1_ch32:48,1,32:48,462.9712829589844,479.09930419921875,9.860737800598145,1.867108941078186,1.9097933769226074,1.4447765350341797,0.7902119159698486,0.42233240604400635,1.1195814609527588,label_Tbl,label_Hqql,effective_linear_approx_from_2_linear_layers
13583,B_confused_highiso,L1_ch32:48,1,32:48,652.7130126953125,635.7255249023438,11.234986305236816,-3.069281816482544,-1.067929983139038,-3.944175958633423,-2.8353326320648193,0.8748941421508789,1.7674026489257812,label_Tbl,label_Tbl,effective_linear_approx_from_2_linear_layers
13787,B_confused_highiso,L1_ch32:48,1,32:48,164.75869750976562,219.93209838867188,9.550811767578125,0.2757050693035126,1.8257653713226318,-1.116207480430603,0.4037736654281616,1.391912579536438,1.4219917058944702,label_Tbl,label_Tbl,effective_linear_approx_from_2_linear_layers
13997,B_confused_highiso,L1_ch32:48,1,32:48,309.3581237792969,335.0521240234375,10.763821601867676,0.07427099347114563,3.3213210105895996,0.09542843699455261,1.4639780521392822,-0.021157443523406982,1.8573429584503174,label_Tbl,label_Tbl,effective_linear_approx_from_2_linear_layers
14711,B_confused_highiso,L1_ch32:48,1,32:48,517.1116943359375,641.6342163085938,11.44116497039795,0.5512353181838989,2.793661117553711,0.5510636568069458,0.22326624393463135,0.000171661376953125,2.570394992828369,label_Tbl,label_Hqql,effective_linear_approx_from_2_linear_layers
15288,B_confused_highiso,L1_ch32:48,1,32:48,148.39434814453125,137.53494262695312,10.437812805175781,0.5876303911209106,1.5895590782165527,0.09117951989173889,-0.09113621711730957,0.49645087122917175,1.6806952953338623,label_Tbl,label_Hqql,effective_linear_approx_from_2_linear_layers
15528,B_confused_highiso,L1_ch32:48,1,32:48,1606.2197265625,1740.4539794921875,15.783402442932129,-2.2324254512786865,-1.5633301734924316,-2.9900906085968018,-2.7244343757629395,0.7576651573181152,1.1611042022705078,label_Tbl,label_Tbl,effective_linear_approx_from_2_linear_layers
15658,B_confused_highiso,L1_ch32:48,1,32:48,113.1305923461914,229.48570251464844,8.934255599975586,-0.7616251707077026,1.0893653631210327,-0.186483234167099,-0.4951494336128235,-0.5751419067382812,1.584514856338501,label_Tbl,label_Hqql,effective_linear_approx_from_2_linear_layers
15893,B_confused_highiso,L1_ch32:48,1,32:48,114.42324829101562,200.5185089111328,11.180880546569824,1.474683165550232,3.4176025390625,1.1249905824661255,2.241940975189209,0.34969258308410645,1.175661563873291,label_Tbl,label_Tbl,effective_linear_approx_from_2_linear_layers
20480,C_Tbl_correct,L1_ch32:48,1,32:48,1700.401123046875,1230.93603515625,21.12375259399414,-3.4155938625335693,5.567715167999268,-1.5683866739273071,4.455253601074219,-1.8472071886062622,1.1124615669250488,label_Tbl,label_Tbl,effective_linear_approx_from_2_linear_layers
20481,C_Tbl_correct,L1_ch32:48,1,32:48,536.4744873046875,538.778564453125,11.342948913574219,-8.323958396911621,3.418581008911133,-8.225430488586426,1.0730218887329102,-0.09852790832519531,2.3455591201782227,label_Tbl,label_Tbl,effective_linear_approx_from_2_linear_layers
20482,C_Tbl_correct,L1_ch32:48,1,32:48,305.3970031738281,93.00690460205078,12.951273918151855,-4.979280948638916,0.3209437131881714,-8.987499237060547,-3.8272128105163574,4.008218288421631,4.148156642913818,label_Tbl,label_Tbl,effective_linear_approx_from_2_linear_layers
20483,C_Tbl_correct,L1_ch32:48,1,32:48,513.1296997070312,550.3798217773438,10.456283569335938,-5.344690322875977,3.844911575317383,-6.6363205909729,1.5037815570831299,1.2916302680969238,2.341130018234253,label_Tbl,label_Tbl,effective_linear_approx_from_2_linear_layers
20484,C_Tbl_correct,L1_ch32:48,1,32:48,886.735595703125,815.6676025390625,10.911910057067871,-7.005253791809082,-0.24870026111602783,-5.9235310554504395,-0.6627199649810791,-1.0817227363586426,0.41401970386505127,label_Tbl,label_Tbl,effective_linear_approx_from_2_linear_layers
20485,C_Tbl_correct,L1_ch32:48,1,32:48,363.7303466796875,165.3551025390625,13.168477058410645,-9.797272682189941,0.8641380071640015,-9.236241340637207,-0.975996196269989,-0.5610313415527344,1.8401341438293457,label_Tbl,label_Tbl,effective_linear_approx_from_2_linear_layers
20486,C_Tbl_correct,L1_ch32:48,1,32:48,113.42005920410156,101.3199691772461,13.028851509094238,-2.318092107772827,1.1826121807098389,-2.7497665882110596,-0.25305140018463135,0.4316744804382324,1.4356635808944702,label_Tbl,label_Tbl,effective_linear_approx_from_2_linear_layers
20487,C_Tbl_correct,L1_ch32:48,1,32:48,606.42724609375,623.7637329101562,13.814963340759277,-15.49501895904541,1.4054656028747559,-16.24231719970703,-0.8841760158538818,0.7472982406616211,2.2896416187286377,label_Tbl,label_Tbl,effective_linear_approx_from_2_linear_layers
20488,C_Tbl_correct,L1_ch32:48,1,32:48,49.72932434082031,20.993907928466797,13.307088851928711,1.45091712474823,2.486684799194336,-0.22222182154655457,0.15242886543273926,1.673138976097107,2.3342559337615967,label_Tbl,label_Tbl,effective_linear_approx_from_2_linear_layers
20489,C_Tbl_correct,L1_ch32:48,1,32:48,93.54402160644531,94.74072265625,11.630256652832031,-11.290022850036621,0.22091031074523926,-11.16904067993164,-1.11307954788208,-0.12098217010498047,1.3339898586273193,label_Tbl,label_Tbl,effective_linear_approx_from_2_linear_layers
20490,C_Tbl_correct,L1_ch32:48,1,32:48,-22.145526885986328,73.94046020507812,8.749384880065918,0.11851462721824646,2.9853603839874268,0.17561843991279602,2.1815404891967773,-0.05710381269454956,0.8038198947906494,label_Tbl,label_Tbl,effective_linear_approx_from_2_linear_layers
20491,C_Tbl_correct,L1_ch32:48,1,32:48,421.06695556640625,489.72711181640625,10.102739334106445,-4.214057922363281,4.654110908508301,-4.073459625244141,2.50913667678833,-0.14059829711914062,2.1449742317199707,label_Tbl,label_Tbl,effective_linear_approx_from_2_linear_layers
20492,C_Tbl_correct,L1_ch32:48,1,32:48,1145.5379638671875,1242.4019775390625,13.006339073181152,-0.41307559609413147,2.090147018432617,-0.593583345413208,0.41395246982574463,0.18050774931907654,1.6761945486068726,label_Tbl,label_Tbl,effective_linear_approx_from_2_linear_layers
20493,C_Tbl_correct,L1_ch32:48,1,32:48,209.06517028808594,105.86859893798828,9.657001495361328,1.4081308841705322,2.90766978263855,1.0321189165115356,1.7158846855163574,0.3760119676589966,1.1917850971221924,label_Tbl,label_Tbl,effective_linear_approx_from_2_linear_layers
20494,C_Tbl_correct,L1_ch32:48,1,32:48,1038.3720703125,898.282470703125,14.02164363861084,-7.099913120269775,5.462751865386963,-7.740512847900391,2.940469741821289,0.6405997276306152,2.522282123565674,label_Tbl,label_Tbl,effective_linear_approx_from_2_linear_layers
20495,C_Tbl_correct,L1_ch32:48,1,32:48,477.6019592285156,220.4899444580078,14.170793533325195,1.8798390626907349,2.9556238651275635,0.07008272409439087,0.18885189294815063,1.8097562789916992,2.7667720317840576,label_Tbl,label_Tbl,effective_linear_approx_from_2_linear_layers
20496,C_Tbl_correct,L1_ch32:48,1,32:48,874.3212280273438,885.8311767578125,12.27774429321289,-6.729451656341553,-0.5860624313354492,-4.20371675491333,0.18303483724594116,-2.5257349014282227,-0.7690972685813904,label_Tbl,label_Tbl,effective_linear_approx_from_2_linear_layers
20497,C_Tbl_correct,L1_ch32:48,1,32:48,1388.029052734375,1050.369140625,17.874845504760742,-12.069754600524902,3.5387611389160156,-12.190974235534668,1.7669601440429688,0.12121963500976562,1.7718009948730469,label_Tbl,label_Tbl,effective_linear_approx_from_2_linear_layers
20498,C_Tbl_correct,L1_ch32:48,1,32:48,829.8358154296875,451.87890625,17.006519317626953,1.7666112184524536,2.780198097229004,0.6819288730621338,1.6293847560882568,1.0846823453903198,1.150813341140747,label_Tbl,label_Tbl,effective_linear_approx_from_2_linear_layers
20499,C_Tbl_correct,L1_ch32:48,1,32:48,720.5460815429688,451.4765625,13.060690879821777,-3.2735793590545654,3.8245882987976074,-2.5475385189056396,2.0025148391723633,-0.7260408401489258,1.8220734596252441,label_Tbl,label_Tbl,effective_linear_approx_from_2_linear_layers
20500,C_Tbl_correct,L1_ch32:48,1,32:48,946.53857421875,973.7883911132812,14.338869094848633,-6.415186405181885,2.666245460510254,-7.284675598144531,0.28081750869750977,0.8694891929626465,2.385427951812744,label_Tbl,label_Tbl,effective_linear_approx_from_2_linear_layers
20501,C_Tbl_correct,L1_ch32:48,1,32:48,366.905029296875,384.4405822753906,11.33122730255127,-7.150689125061035,3.5026817321777344,-5.876881122589111,2.256359577178955,-1.2738080024719238,1.2463221549987793,label_Tbl,label_Tbl,effective_linear_approx_from_2_linear_layers
20502,C_Tbl_correct,L1_ch32:48,1,32:48,941.0750122070312,759.220703125,17.008174896240234,-4.627233028411865,4.754775047302246,-6.743250370025635,2.6319997310638428,2.1160173416137695,2.1227753162384033,label_Tbl,label_Tbl,effective_linear_approx_from_2_linear_layers
20503,C_Tbl_correct,L1_ch32:48,1,32:48,453.435302734375,247.69332885742188,14.552217483520508,-7.358910083770752,2.018247604370117,-7.630078315734863,-0.35016611218452454,0.27116823196411133,2.3684136867523193,label_Tbl,label_Tbl,effective_linear_approx_from_2_linear_layers
20504,C_Tbl_correct,L1_ch32:48,1,32:48,155.19729614257812,107.1325454711914,11.463769912719727,-1.6289256811141968,3.2367241382598877,-1.2212271690368652,2.2618560791015625,-0.40769851207733154,0.9748680591583252,label_Tbl,label_Tbl,effective_linear_approx_from_2_linear_layers
20505,C_Tbl_correct,L1_ch32:48,1,32:48,1311.2109375,967.2265625,18.344989776611328,-0.028958529233932495,3.8411617279052734,2.112748384475708,0.7465629577636719,-2.141706943511963,3.0945987701416016,label_Tbl,label_Hqql,effective_linear_approx_from_2_linear_layers
20506,C_Tbl_correct,L1_ch32:48,1,32:48,68.65377807617188,-11.716053009033203,9.829771041870117,-2.067615509033203,1.028699278831482,-3.0662994384765625,-0.5770923495292664,0.9986839294433594,1.6057915687561035,label_Tbl,label_Tbl,effective_linear_approx_from_2_linear_layers
20507,C_Tbl_correct,L1_ch32:48,1,32:48,200.2415313720703,132.58291625976562,12.139327049255371,-12.013851165771484,0.5190858840942383,-12.723733901977539,-1.8904359340667725,0.7098827362060547,2.4095218181610107,label_Tbl,label_Tbl,effective_linear_approx_from_2_linear_layers
20508,C_Tbl_correct,L1_ch32:48,1,32:48,674.9371948242188,478.9273376464844,15.028647422790527,-5.569357395172119,5.3123321533203125,-3.551805257797241,3.597970962524414,-2.017552137374878,1.7143611907958984,label_Tbl,label_Tbl,effective_linear_approx_from_2_linear_layers
20509,C_Tbl_correct,L1_ch32:48,1,32:48,1520.636474609375,1147.999755859375,21.744873046875,-23.165132522583008,0.5695033073425293,-22.528215408325195,-3.341017961502075,-0.6369171142578125,3.9105212688446045,label_Tbl,label_Tbl,effective_linear_approx_from_2_linear_layers
20510,C_Tbl_correct,L1_ch32:48,1,32:48,128.78829956054688,195.7872772216797,7.673460006713867,-0.14782890677452087,3.1821351051330566,0.31511905789375305,2.2226858139038086,-0.4629479646682739,0.959449291229248,label_Tbl,label_Tbl,effective_linear_approx_from_2_linear_layers
20511,C_Tbl_correct,L1_ch32:48,1,32:48,746.4110717773438,745.73193359375,12.137175559997559,1.8585759401321411,3.3131091594696045,0.21717992424964905,2.4816365242004395,1.6413960456848145,0.831472635269165,label_Tbl,label_Tbl,effective_linear_approx_from_2_linear_layers
20512,C_Tbl_correct,L1_ch32:48,1,32:48,845.3162841796875,553.53466796875,14.660228729248047,-0.7726041674613953,4.452902793884277,0.04981139302253723,2.881225824356079,-0.8224155902862549,1.5716769695281982,label_Tbl,label_Tbl,effective_linear_approx_from_2_linear_layers
20513,C_Tbl_correct,L1_ch32:48,1,32:48,1327.810546875,1055.317138671875,18.86585807800293,-13.804064750671387,5.065451622009277,-9.267389297485352,3.6284008026123047,-4.536675453186035,1.4370508193969727,label_Tbl,label_Tbl,effective_linear_approx_from_2_linear_layers
20514,C_Tbl_correct,L1_ch32:48,1,32:48,322.8515625,243.6002197265625,14.05267333984375,-3.4543652534484863,3.1841068267822266,-1.1282745599746704,2.0466175079345703,-2.3260908126831055,1.1374893188476562,label_Tbl,label_Tbl,effective_linear_approx_from_2_linear_layers
20515,C_Tbl_correct,L1_ch32:48,1,32:48,1047.44677734375,853.873779296875,12.438726425170898,-4.892578125,6.0447998046875,-3.2114105224609375,4.078081130981445,-1.6811676025390625,1.9667186737060547,label_Tbl,label_Tbl,effective_linear_approx_from_2_linear_layers
20516,C_Tbl_correct,L1_ch32:48,1,32:48,874.6646118164062,669.6365356445312,14.950905799865723,-17.896024703979492,1.523951768875122,-18.662343978881836,-1.4258110523223877,0.7663192749023438,2.9497628211975098,label_Tbl,label_Tbl,effective_linear_approx_from_2_linear_layers
20517,C_Tbl_correct,L1_ch32:48,1,32:48,698.6812133789062,433.09552001953125,16.064306259155273,-4.649143695831299,3.4481582641601562,-5.238840103149414,1.0297057628631592,0.5896964073181152,2.418452501296997,label_Tbl,label_Tbl,effective_linear_approx_from_2_linear_layers
20518,C_Tbl_correct,L1_ch32:48,1,32:48,123.61283874511719,-38.749732971191406,9.934577941894531,-4.387455940246582,1.6583824157714844,-5.917322635650635,-0.14834433794021606,1.5298666954040527,1.8067266941070557,label_Tbl,label_Tbl,effective_linear_approx_from_2_linear_layers
20519,C_Tbl_correct,L1_ch32:48,1,32:48,181.55430603027344,254.87266540527344,9.737679481506348,-1.7640184164047241,5.0186767578125,-1.6223379373550415,2.9249329566955566,-0.14168047904968262,2.0937438011169434,label_Tbl,label_Tbl,effective_linear_approx_from_2_linear_layers
20520,C_Tbl_correct,L1_ch32:48,1,32:48,114.09524536132812,29.75076675415039,11.764683723449707,-2.763209819793701,2.6747851371765137,-2.3181536197662354,1.360943078994751,-0.4450562000274658,1.3138420581817627,label_Tbl,label_Tbl,effective_linear_approx_from_2_linear_layers
20521,C_Tbl_correct,L1_ch32:48,1,32:48,359.57080078125,249.44390869140625,10.951950073242188,-4.277113437652588,3.148054838180542,-5.3980488777160645,-0.4269387423992157,1.1209354400634766,3.57499361038208,label_Tbl,label_Tbl,effective_linear_approx_from_2_linear_layers
20522,C_Tbl_correct,L1_ch32:48,1,32:48,962.3165893554688,706.237548828125,18.776098251342773,-10.377086639404297,5.835184574127197,-7.0309343338012695,3.236937999725342,-3.3461523056030273,2.5982465744018555,label_Tbl,label_Tbl,effective_linear_approx_from_2_linear_layers
20523,C_Tbl_correct,L1_ch32:48,1,32:48,1424.228271484375,987.218505859375,21.01904296875,-12.26170539855957,4.758785247802734,-9.417397499084473,1.9153547286987305,-2.8443078994750977,2.843430519104004,label_Tbl,label_Tbl,effective_linear_approx_from_2_linear_layers
20524,C_Tbl_correct,L1_ch32:48,1,32:48,1508.1719970703125,1187.5130615234375,20.4928035736084,-9.907485008239746,5.808475494384766,-8.031270980834961,2.6264050006866455,-1.8762140274047852,3.18207049369812,label_Tbl,label_Tbl,effective_linear_approx_from_2_linear_layers
20525,C_Tbl_correct,L1_ch32:48,1,32:48,342.29937744140625,404.8009033203125,9.71718692779541,-4.150577545166016,4.320821762084961,-3.319526195526123,2.7913427352905273,-0.8310513496398926,1.5294790267944336,label_Tbl,label_Tbl,effective_linear_approx_from_2_linear_layers
20526,C_Tbl_correct,L1_ch32:48,1,32:48,365.61468505859375,397.8768310546875,9.366726875305176,-2.6185600757598877,4.92629337310791,-2.1087610721588135,3.0650291442871094,-0.5097990036010742,1.8612642288208008,label_Tbl,label_Tbl,effective_linear_approx_from_2_linear_layers
20527,C_Tbl_correct,L1_ch32:48,1,32:48,619.1082153320312,641.291748046875,10.123992919921875,-4.200023174285889,2.437349796295166,-5.6128764152526855,0.19976681470870972,1.4128532409667969,2.2375829219818115,label_Tbl,label_Tbl,effective_linear_approx_from_2_linear_layers
20528,C_Tbl_correct,L1_ch32:48,1,32:48,337.4859924316406,432.8509521484375,9.089357376098633,-3.4559013843536377,2.358579397201538,-3.459928512573242,0.7489831447601318,0.004027128219604492,1.6095962524414062,label_Tbl,label_Tbl,effective_linear_approx_from_2_linear_layers
20529,C_Tbl_correct,L1_ch32:48,1,32:48,2160.307373046875,2181.451904296875,21.511140823364258,-5.803777694702148,4.016561508178711,-2.931783676147461,3.374018669128418,-2.8719940185546875,0.642542839050293,label_Tbl,label_Tbl,effective_linear_approx_from_2_linear_layers
20530,C_Tbl_correct,L1_ch32:48,1,32:48,350.9789123535156,529.2340698242188,10.47317123413086,-2.506561040878296,1.4336442947387695,-1.908955693244934,0.731346845626831,-0.5976053476333618,0.7022974491119385,label_Tbl,label_Tbl,effective_linear_approx_from_2_linear_layers
20531,C_Tbl_correct,L1_ch32:48,1,32:48,940.9290771484375,715.9912109375,18.527177810668945,-1.9821207523345947,5.543834686279297,-1.2227100133895874,3.29953932762146,-0.7594107389450073,2.244295358657837,label_Tbl,label_Tbl,effective_linear_approx_from_2_linear_layers
20532,C_Tbl_correct,L1_ch32:48,1,32:48,368.30621337890625,356.0652770996094,9.89148998260498,0.247257262468338,0.713881254196167,1.0792466402053833,-0.713554322719574,-0.8319894075393677,1.4274356365203857,label_Tbl,label_Hqql,effective_linear_approx_from_2_linear_layers
20533,C_Tbl_correct,L1_ch32:48,1,32:48,146.59829711914062,190.35281372070312,9.406291961669922,-5.445600509643555,1.155488133430481,-5.308610439300537,-0.40162718296051025,-0.13699007034301758,1.5571153163909912,label_Tbl,label_Tbl,effective_linear_approx_from_2_linear_layers
20534,C_Tbl_correct,L1_ch32:48,1,32:48,654.4766235351562,478.4587707519531,15.570706367492676,0.7816365957260132,3.2905478477478027,-0.23229530453681946,0.7745882272720337,1.0139318704605103,2.5159597396850586,label_Tbl,label_Tbl,effective_linear_approx_from_2_linear_layers
20535,C_Tbl_correct,L1_ch32:48,1,32:48,700.1151123046875,540.9945068359375,12.061317443847656,-7.325348854064941,3.5674476623535156,-6.4550604820251465,1.7368593215942383,-0.8702883720397949,1.8305883407592773,label_Tbl,label_Tbl,effective_linear_approx_from_2_linear_layers
20536,C_Tbl_correct,L1_ch32:48,1,32:48,358.130126953125,362.8186950683594,9.504027366638184,-6.239593982696533,3.0378172397613525,-3.8792881965637207,1.8321499824523926,-2.3603057861328125,1.20566725730896,label_Tbl,label_Tbl,effective_linear_approx_from_2_linear_layers
20537,C_Tbl_correct,L1_ch32:48,1,32:48,496.42633056640625,327.3021240234375,12.460081100463867,-6.8023505210876465,4.003121376037598,-6.949917316436768,1.0690977573394775,0.1475667953491211,2.93402361869812,label_Tbl,label_Tbl,effective_linear_approx_from_2_linear_layers
20538,C_Tbl_correct,L1_ch32:48,1,32:48,761.8418579101562,586.9920654296875,13.41317367553711,-15.231514930725098,0.19614934921264648,-11.907264709472656,-0.35652416944503784,-3.3242502212524414,0.5526735186576843,label_Tbl,label_Tbl,effective_linear_approx_from_2_linear_layers
20539,C_Tbl_correct,L1_ch32:48,1,32:48,204.3929443359375,312.017333984375,8.525250434875488,-3.083111047744751,1.0412347316741943,-2.038278341293335,-0.4318668246269226,-1.044832706451416,1.4731016159057617,label_Tbl,label_Tbl,effective_linear_approx_from_2_linear_layers
20540,C_Tbl_correct,L1_ch32:48,1,32:48,467.70611572265625,223.29173278808594,14.4235258102417,-2.3537757396698,3.8867902755737305,-2.685460329055786,2.4132585525512695,0.33168458938598633,1.473531723022461,label_Tbl,label_Tbl,effective_linear_approx_from_2_linear_layers
20541,C_Tbl_correct,L1_ch32:48,1,32:48,676.86865234375,353.874267578125,13.64122200012207,-1.1788052320480347,3.001033306121826,-0.006248980760574341,2.177333354949951,-1.1725562810897827,0.823699951171875,label_Tbl,label_Tbl,effective_linear_approx_from_2_linear_layers
20542,C_Tbl_correct,L1_ch32:48,1,32:48,778.9840087890625,593.62744140625,11.813613891601562,-1.8337246179580688,5.661347389221191,0.1783311665058136,4.263875961303711,-2.0120558738708496,1.3974714279174805,label_Tbl,label_Tbl,effective_linear_approx_from_2_linear_layers
20543,C_Tbl_correct,L1_ch32:48,1,32:48,2348.490966796875,2165.677001953125,24.436525344848633,-6.508926868438721,1.177087664604187,-4.7285919189453125,1.8266630172729492,-1.7803349494934082,-0.6495753526687622,label_Tbl,label_Tbl,effective_linear_approx_from_2_linear_layers
20544,C_Tbl_correct,L1_ch32:48,1,32:48,935.2516479492188,671.1102294921875,10.447892189025879,0.154287189245224,5.231097221374512,0.9384101629257202,4.080062389373779,-0.7841229438781738,1.1510348320007324,label_Tbl,label_Tbl,effective_linear_approx_from_2_linear_layers
20545,C_Tbl_correct,L1_ch32:48,1,32:48,490.2082824707031,394.753173828125,10.400872230529785,-2.3922150135040283,5.881443023681641,-2.156172037124634,4.369396686553955,-0.23604297637939453,1.5120463371276855,label_Tbl,label_Tbl,effective_linear_approx_from_2_linear_layers
20546,C_Tbl_correct,L1_ch32:48,1,32:48,1138.8583984375,952.0489501953125,16.67995262145996,-12.159850120544434,3.879822254180908,-13.99471378326416,2.4380102157592773,1.8348636627197266,1.4418120384216309,label_Tbl,label_Tbl,effective_linear_approx_from_2_linear_layers
20547,C_Tbl_correct,L1_ch32:48,1,32:48,1547.630126953125,1578.2191162109375,17.09127426147461,-7.429282188415527,3.4096450805664062,-6.426846027374268,1.7261502742767334,-1.0024361610412598,1.6834948062896729,label_Tbl,label_Tbl,effective_linear_approx_from_2_linear_layers
20548,C_Tbl_correct,L1_ch32:48,1,32:48,591.4149169921875,513.8671264648438,10.929190635681152,-13.616924285888672,1.9185154438018799,-14.536858558654785,-0.6261128187179565,0.9199342727661133,2.544628143310547,label_Tbl,label_Tbl,effective_linear_approx_from_2_linear_layers
20549,C_Tbl_correct,L1_ch32:48,1,32:48,831.1781005859375,513.1506958007812,15.52205753326416,-1.48212468624115,2.9703304767608643,-0.16115756332874298,-0.13796406984329224,-1.3209670782089233,3.1082944869995117,label_Tbl,label_Tbl,effective_linear_approx_from_2_linear_layers
20551,C_Tbl_correct,L1_ch32:48,1,32:48,646.6829833984375,424.655029296875,11.978447914123535,-10.534218788146973,2.308070182800293,-10.506026268005371,-1.39590585231781,-0.028192520141601562,3.7039761543273926,label_Tbl,label_Tbl,effective_linear_approx_from_2_linear_layers
20552,C_Tbl_correct,L1_ch32:48,1,32:48,1641.6531982421875,1207.687255859375,22.81003189086914,-5.2904276847839355,6.331210136413574,-1.2573540210723877,4.614502906799316,-4.033073425292969,1.7167072296142578,label_Tbl,label_Tbl,effective_linear_approx_from_2_linear_layers
20553,C_Tbl_correct,L1_ch32:48,1,32:48,903.7236328125,639.7157592773438,16.475156784057617,-12.588895797729492,0.31961750984191895,-5.80797004699707,0.18616372346878052,-6.780925750732422,0.13345378637313843,label_Tbl,label_Tbl,effective_linear_approx_from_2_linear_layers
20554,C_Tbl_correct,L1_ch32:48,1,32:48,284.7056884765625,83.54163360595703,13.439889907836914,-5.926273822784424,-0.10814142227172852,-5.796872138977051,-1.3889484405517578,-0.12940168380737305,1.2808070182800293,label_Tbl,label_Tbl,effective_linear_approx_from_2_linear_layers
20555,C_Tbl_correct,L1_ch32:48,1,32:48,776.552978515625,533.9134521484375,15.966440200805664,-3.30637526512146,5.60904598236084,-2.4682669639587402,2.305591583251953,-0.8381083011627197,3.3034543991088867,label_Tbl,label_Tbl,effective_linear_approx_from_2_linear_layers
20556,C_Tbl_correct,L1_ch32:48,1,32:48,1020.9060668945312,884.086181640625,12.471654891967773,-2.445554494857788,6.802558898925781,-0.13728460669517517,4.831668853759766,-2.30826997756958,1.9708900451660156,label_Tbl,label_Tbl,effective_linear_approx_from_2_linear_layers
20557,C_Tbl_correct,L1_ch32:48,1,32:48,335.6387634277344,319.24462890625,7.667529106140137,-3.359700918197632,2.8078014850616455,-4.259574890136719,0.9682216644287109,0.8998739719390869,1.8395798206329346,label_Tbl,label_Tbl,effective_linear_approx_from_2_linear_layers
20558,C_Tbl_correct,L1_ch32:48,1,32:48,333.5461120605469,243.44320678710938,11.148028373718262,-1.4391149282455444,3.2439446449279785,0.24782076478004456,2.3967862129211426,-1.6869356632232666,0.8471584320068359,label_Tbl,label_Tbl,effective_linear_approx_from_2_linear_layers
20559,C_Tbl_correct,L1_ch32:48,1,32:48,590.3599853515625,569.3207397460938,11.19350814819336,1.1572048664093018,4.391524314880371,1.6716681718826294,2.853424549102783,-0.5144633054733276,1.538099765777588,label_Tbl,label_Tbl,effective_linear_approx_from_2_linear_layers
20560,C_Tbl_correct,L1_ch32:48,1,32:48,426.07867431640625,351.3351135253906,10.665482521057129,-1.5890809297561646,1.7057223320007324,-1.3735718727111816,-0.3107552230358124,-0.2155090570449829,2.016477584838867,label_Tbl,label_Tbl,effective_linear_approx_from_2_linear_layers
20561,C_Tbl_correct,L1_ch32:48,1,32:48,72.85179138183594,106.92997741699219,11.032469749450684,0.09894973039627075,2.3166799545288086,-0.771111011505127,0.761245846748352,0.8700607419013977,1.5554341077804565,label_Tbl,label_Tbl,effective_linear_approx_from_2_linear_layers
20562,C_Tbl_correct,L1_ch32:48,1,32:48,516.751220703125,536.2122802734375,11.328266143798828,-6.938263416290283,4.58643102645874,-8.961494445800781,1.152347445487976,2.023231029510498,3.4340834617614746,label_Tbl,label_Tbl,effective_linear_approx_from_2_linear_layers
20564,C_Tbl_correct,L1_ch32:48,1,32:48,492.1881408691406,442.4947509765625,12.186277389526367,-2.432300090789795,5.980310440063477,-1.7146612405776978,4.351204872131348,-0.7176388502120972,1.629105567932129,label_Tbl,label_Tbl,effective_linear_approx_from_2_linear_layers
20565,C_Tbl_correct,L1_ch32:48,1,32:48,73.72518157958984,1.5943307876586914,12.43000316619873,-5.727169513702393,1.041152000427246,-6.8802809715271,-1.5498908758163452,1.153111457824707,2.591042995452881,label_Tbl,label_Tbl,effective_linear_approx_from_2_linear_layers
20566,C_Tbl_correct,L1_ch32:48,1,32:48,1884.13525390625,1571.281982421875,19.391216278076172,-8.600132942199707,6.319943428039551,-4.094793319702148,4.622037887573242,-4.505339622497559,1.6979055404663086,label_Tbl,label_Tbl,effective_linear_approx_from_2_linear_layers
20567,C_Tbl_correct,L1_ch32:48,1,32:48,394.9005126953125,182.3322296142578,12.011465072631836,-4.862525463104248,2.7296507358551025,-3.1506645679473877,0.878056526184082,-1.7118608951568604,1.8515942096710205,label_Tbl,label_Tbl,effective_linear_approx_from_2_linear_layers
20568,C_Tbl_correct,L1_ch32:48,1,32:48,265.1495056152344,354.8530578613281,9.928532600402832,-1.941705346107483,3.6906166076660156,-1.247934341430664,2.637756824493408,-0.6937710046768188,1.0528597831726074,label_Tbl,label_Tbl,effective_linear_approx_from_2_linear_layers
20569,C_Tbl_correct,L1_ch32:48,1,32:48,616.517822265625,470.2452392578125,15.257816314697266,-6.163444995880127,5.365515232086182,-5.104444980621338,1.8998360633850098,-1.059000015258789,3.465679168701172,label_Tbl,label_Tbl,effective_linear_approx_from_2_linear_layers
20570,C_Tbl_correct,L1_ch32:48,1,32:48,236.3963623046875,197.13711547851562,9.149563789367676,-2.3882973194122314,3.8580374717712402,-2.597365617752075,2.6759328842163086,0.20906829833984375,1.1821045875549316,label_Tbl,label_Tbl,effective_linear_approx_from_2_linear_layers
20572,C_Tbl_correct,L1_ch32:48,1,32:48,479.2229309082031,524.8043823242188,12.457877159118652,-3.8381855487823486,5.801542282104492,-3.602588176727295,3.7637014389038086,-0.2355973720550537,2.0378408432006836,label_Tbl,label_Tbl,effective_linear_approx_from_2_linear_layers
20573,C_Tbl_correct,L1_ch32:48,1,32:48,458.1195983886719,434.97705078125,8.692619323730469,-9.616639137268066,1.4819648265838623,-8.050975799560547,0.29933100938796997,-1.5656633377075195,1.182633876800537,label_Tbl,label_Tbl,effective_linear_approx_from_2_linear_layers
20574,C_Tbl_correct,L1_ch32:48,1,32:48,1166.7265625,777.072509765625,18.691423416137695,-2.1155569553375244,5.612147331237793,-0.07384401559829712,3.5480570793151855,-2.041712999343872,2.0640902519226074,label_Tbl,label_Tbl,effective_linear_approx_from_2_linear_layers
20575,C_Tbl_correct,L1_ch32:48,1,32:48,284.4042663574219,399.19573974609375,9.70971393585205,-1.3338903188705444,3.0575461387634277,-1.112938642501831,1.3727188110351562,-0.22095167636871338,1.6848273277282715,label_Tbl,label_Tbl,effective_linear_approx_from_2_linear_layers
20576,C_Tbl_correct,L1_ch32:48,1,32:48,575.6138916015625,378.05145263671875,13.664435386657715,2.396214485168457,4.752112865447998,1.3917855024337769,1.9122345447540283,1.0044289827346802,2.8398783206939697,label_Tbl,label_Tbl,effective_linear_approx_from_2_linear_layers
20577,C_Tbl_correct,L1_ch32:48,1,32:48,615.4435424804688,600.7713623046875,9.315452575683594,-3.3680903911590576,0.20628076791763306,-2.7798235416412354,-1.389222502708435,-0.5882668495178223,1.595503330230713,label_Tbl,label_Tbl,effective_linear_approx_from_2_linear_layers
20578,C_Tbl_correct,L1_ch32:48,1,32:48,585.69482421875,550.0449829101562,11.577874183654785,-4.175910472869873,3.974119186401367,-3.7540524005889893,2.344108819961548,-0.4218580722808838,1.6300103664398193,label_Tbl,label_Tbl,effective_linear_approx_from_2_linear_layers
20579,C_Tbl_correct,L1_ch32:48,1,32:48,1029.3499755859375,782.1507568359375,17.92659568786621,-2.3545081615448,4.619433403015137,-1.358758807182312,2.5686707496643066,-0.9957493543624878,2.05076265335083,label_Tbl,label_Tbl,effective_linear_approx_from_2_linear_layers
20580,C_Tbl_correct,L1_ch32:48,1,32:48,737.1416015625,677.756591796875,10.376017570495605,1.9851914644241333,2.4065029621124268,0.8708533048629761,0.9638662338256836,1.1143381595611572,1.4426367282867432,label_Tbl,label_Tbl,effective_linear_approx_from_2_linear_layers
20581,C_Tbl_correct,L1_ch32:48,1,32:48,997.0370483398438,934.7520751953125,13.727672576904297,1.2359237670898438,6.019232273101807,2.6776278018951416,4.958107948303223,-1.4417040348052979,1.061124324798584,label_Tbl,label_Tbl,effective_linear_approx_from_2_linear_layers
20582,C_Tbl_correct,L1_ch32:48,1,32:48,238.95062255859375,174.68218994140625,8.078773498535156,-1.247756838798523,3.8078556060791016,-0.48366689682006836,1.9991397857666016,-0.7640899419784546,1.8087158203125,label_Tbl,label_Tbl,effective_linear_approx_from_2_linear_layers
20583,C_Tbl_correct,L1_ch32:48,1,32:48,80.34400939941406,80.91007995605469,9.179977416992188,-3.592552423477173,-1.305950403213501,-4.159871578216553,-3.0711095333099365,0.5673191547393799,1.7651591300964355,label_Tbl,label_Tbl,effective_linear_approx_from_2_linear_layers
20584,C_Tbl_correct,L1_ch32:48,1,32:48,228.45797729492188,285.6689453125,10.01339054107666,-1.4826651811599731,3.788013458251953,-0.9918214082717896,2.457895040512085,-0.4908437728881836,1.3301184177398682,label_Tbl,label_Tbl,effective_linear_approx_from_2_linear_layers
20585,C_Tbl_correct,L1_ch32:48,1,32:48,99.96415710449219,171.8046112060547,8.918391227722168,-0.0545831024646759,2.1333298683166504,0.3085550367832184,0.9990196228027344,-0.3631381392478943,1.134310245513916,label_Tbl,label_Tbl,effective_linear_approx_from_2_linear_layers
20586,C_Tbl_correct,L1_ch32:48,1,32:48,1469.05224609375,1088.08154296875,18.188318252563477,-3.2883360385894775,6.91164493560791,0.186820387840271,4.706650733947754,-3.475156307220459,2.2049942016601562,label_Tbl,label_Tbl,effective_linear_approx_from_2_linear_layers
20587,C_Tbl_correct,L1_ch32:48,1,32:48,338.1158142089844,468.0809020996094,9.056968688964844,0.6400551795959473,1.8558003902435303,0.945029616355896,1.0059888362884521,-0.30497443675994873,0.8498115539550781,label_Tbl,label_Tbl,effective_linear_approx_from_2_linear_layers
20588,C_Tbl_correct,L1_ch32:48,1,32:48,760.1005249023438,636.7061767578125,13.812623023986816,-12.73455810546875,3.5989036560058594,-10.955771446228027,1.9701223373413086,-1.7787866592407227,1.6287813186645508,label_Tbl,label_Tbl,effective_linear_approx_from_2_linear_layers
20589,C_Tbl_correct,L1_ch32:48,1,32:48,863.6434326171875,710.936767578125,10.079103469848633,0.0678119957447052,5.8233642578125,1.7455321550369263,3.2802984714508057,-1.6777201890945435,2.5430657863616943,label_Tbl,label_Tbl,effective_linear_approx_from_2_linear_layers
20590,C_Tbl_correct,L1_ch32:48,1,32:48,939.9102172851562,611.5741577148438,20.078083038330078,-2.458099365234375,4.3258771896362305,0.6654059886932373,3.0650997161865234,-3.1235053539276123,1.260777473449707,label_Tbl,label_Tbl,effective_linear_approx_from_2_linear_layers
20591,C_Tbl_correct,L1_ch32:48,1,32:48,47.636138916015625,89.08763122558594,14.977154731750488,-12.500035285949707,-2.8973684310913086,-7.404839038848877,-2.5733258724212646,-5.09519624710083,-0.32404255867004395,label_Tbl,label_Tbl,effective_linear_approx_from_2_linear_layers
20592,C_Tbl_correct,L1_ch32:48,1,32:48,1502.7529296875,1116.386962890625,20.681800842285156,-2.390016555786133,4.9523420333862305,-0.4710562527179718,3.176833391189575,-1.9189603328704834,1.7755086421966553,label_Tbl,label_Tbl,effective_linear_approx_from_2_linear_layers
20593,C_Tbl_correct,L1_ch32:48,1,32:48,1352.301025390625,978.033447265625,19.39220428466797,-12.773773193359375,5.682262897491455,-5.782555103302002,4.28369140625,-6.991218090057373,1.398571491241455,label_Tbl,label_Tbl,effective_linear_approx_from_2_linear_layers
20594,C_Tbl_correct,L1_ch32:48,1,32:48,338.44842529296875,320.198486328125,7.437515735626221,-8.194696426391602,1.2670552730560303,-8.26490592956543,-0.6168079376220703,0.07020950317382812,1.8838632106781006,label_Tbl,label_Tbl,effective_linear_approx_from_2_linear_layers
20595,C_Tbl_correct,L1_ch32:48,1,32:48,301.0822448730469,167.298095703125,9.25992488861084,2.1964261531829834,3.8113365173339844,2.6360647678375244,2.944766044616699,-0.439638614654541,0.8665704727172852,label_Tbl,label_Tbl,effective_linear_approx_from_2_linear_layers
20596,C_Tbl_correct,L1_ch32:48,1,32:48,432.1495666503906,219.92117309570312,15.519691467285156,1.5663825273513794,2.4178762435913086,0.8855675458908081,0.7993967533111572,0.6808149814605713,1.6184794902801514,label_Tbl,label_Hqql,effective_linear_approx_from_2_linear_layers
20597,C_Tbl_correct,L1_ch32:48,1,32:48,1616.649658203125,1238.05615234375,20.750070571899414,-8.835553169250488,6.454684734344482,-4.121575832366943,4.7418317794799805,-4.713977336883545,1.712852954864502,label_Tbl,label_Tbl,effective_linear_approx_from_2_linear_layers
20598,C_Tbl_correct,L1_ch32:48,1,32:48,110.7921142578125,174.2469024658203,11.591940879821777,-4.133293151855469,-0.2882194519042969,-1.3835350275039673,-2.0670666694641113,-2.749758243560791,1.7788472175598145,label_Tbl,label_Hqql,effective_linear_approx_from_2_linear_layers
20599,C_Tbl_correct,L1_ch32:48,1,32:48,458.58917236328125,281.1253662109375,13.106341361999512,-7.5658392906188965,2.4927659034729004,-3.2576510906219482,2.279350757598877,-4.308188438415527,0.21341514587402344,label_Tbl,label_Tbl,effective_linear_approx_from_2_linear_layers
20600,C_Tbl_correct,L1_ch32:48,1,32:48,255.07034301757812,272.9834289550781,9.986257553100586,0.9943289756774902,3.787447929382324,0.9209733009338379,2.814915657043457,0.07335567474365234,0.9725322723388672,label_Tbl,label_Tbl,effective_linear_approx_from_2_linear_layers
20601,C_Tbl_correct,L1_ch32:48,1,32:48,356.1737365722656,208.53091430664062,11.587121963500977,-2.863941192626953,2.986891508102417,-6.0580573081970215,-0.20852679014205933,3.1941161155700684,3.195418357849121,label_Tbl,label_Tbl,effective_linear_approx_from_2_linear_layers
20602,C_Tbl_correct,L1_ch32:48,1,32:48,53.960166931152344,-19.675819396972656,9.923948287963867,1.3297855854034424,3.123337745666504,1.3203307390213013,2.013927936553955,0.009454846382141113,1.1094098091125488,label_Tbl,label_Tbl,effective_linear_approx_from_2_linear_layers
20603,C_Tbl_correct,L1_ch32:48,1,32:48,145.21780395507812,14.780067443847656,11.248912811279297,-2.4934346675872803,2.7676706314086914,-1.6463136672973633,1.4212453365325928,-0.847121000289917,1.3464252948760986,label_Tbl,label_Tbl,effective_linear_approx_from_2_linear_layers
20604,C_Tbl_correct,L1_ch32:48,1,32:48,1281.4384765625,1030.4996337890625,20.07052230834961,-18.169727325439453,0.3371521234512329,-22.31501579284668,-1.8323103189468384,4.145288467407227,2.1694624423980713,label_Tbl,label_Tbl,effective_linear_approx_from_2_linear_layers
20605,C_Tbl_correct,L1_ch32:48,1,32:48,428.7044677734375,509.65289306640625,10.458549499511719,-8.415853500366211,1.4833178520202637,-8.732914924621582,-0.312441349029541,0.3170614242553711,1.7957592010498047,label_Tbl,label_Tbl,effective_linear_approx_from_2_linear_layers
20606,C_Tbl_correct,L1_ch32:48,1,32:48,665.2689208984375,565.928466796875,14.95927906036377,-2.1539418697357178,5.900754928588867,-0.2578836679458618,3.798892021179199,-1.896058201789856,2.101862907409668,label_Tbl,label_Tbl,effective_linear_approx_from_2_linear_layers
20607,C_Tbl_correct,L1_ch32:48,1,32:48,134.48257446289062,60.553382873535156,10.671342849731445,-1.5540987253189087,3.844966411590576,-1.1255501508712769,2.2985503673553467,-0.42854857444763184,1.5464160442352295,label_Tbl,label_Tbl,effective_linear_approx_from_2_linear_layers
20608,C_Tbl_correct,L1_ch32:48,1,32:48,853.2201538085938,890.32470703125,13.260762214660645,-0.3215404450893402,2.2801437377929688,0.24093034863471985,0.19049954414367676,-0.5624707937240601,2.089644193649292,label_Tbl,label_Hqql,effective_linear_approx_from_2_linear_layers
20609,C_Tbl_correct,L1_ch32:48,1,32:48,658.8472900390625,430.1968688964844,15.312108039855957,-1.6445579528808594,4.755596160888672,0.0019966065883636475,3.5735855102539062,-1.6465545892715454,1.1820106506347656,label_Tbl,label_Tbl,effective_linear_approx_from_2_linear_layers
20610,C_Tbl_correct,L1_ch32:48,1,32:48,1110.344482421875,1124.4105224609375,16.018524169921875,-32.07012176513672,-3.977949619293213,-25.76129913330078,-2.8900256156921387,-6.3088226318359375,-1.0879240036010742,label_Tbl,label_Tbl,effective_linear_approx_from_2_linear_layers
12308,A_protected_highiso,L1_ch80:96,1,80:96,1086.294921875,947.405517578125,14.540096282958984,2.8798811435699463,2.3204500675201416,0.7238032817840576,-0.971870481967926,2.1560778617858887,3.292320489883423,label_Hqql,label_Hqql,effective_linear_approx_from_2_linear_layers
12358,A_protected_highiso,L1_ch80:96,1,80:96,1078.568603515625,1006.6168212890625,13.986359596252441,3.6764919757843018,-0.03516805171966553,1.9516240358352661,-1.8346751928329468,1.7248679399490356,1.7995071411132812,label_Hqql,label_Hqql,effective_linear_approx_from_2_linear_layers
12438,A_protected_highiso,L1_ch80:96,1,80:96,1068.413330078125,1129.524658203125,12.827580451965332,3.9234845638275146,-0.10843008756637573,1.129042148590088,-2.071089267730713,2.7944424152374268,1.9626591205596924,label_Hqql,label_Hqql,effective_linear_approx_from_2_linear_layers
12442,A_protected_highiso,L1_ch80:96,1,80:96,1226.6024169921875,1219.8204345703125,15.1997652053833,-0.7737846970558167,-2.784149169921875,-3.9396772384643555,-6.113404273986816,3.1658926010131836,3.3292551040649414,label_Hqql,label_H4q,effective_linear_approx_from_2_linear_layers
12509,A_protected_highiso,L1_ch80:96,1,80:96,1372.678955078125,1277.5498046875,14.146903991699219,2.336242198944092,-3.7907845973968506,-0.6698035597801208,-6.384618282318115,3.0060458183288574,2.5938336849212646,label_Hqql,label_Hqql,effective_linear_approx_from_2_linear_layers
12592,A_protected_highiso,L1_ch80:96,1,80:96,1001.4749755859375,1009.3501586914062,16.94058609008789,3.8408658504486084,0.22529035806655884,1.3155282735824585,-1.9661550521850586,2.5253376960754395,2.1914453506469727,label_Hqql,label_Hqql,effective_linear_approx_from_2_linear_layers
12784,A_protected_highiso,L1_ch80:96,1,80:96,1047.51025390625,1177.765869140625,14.672030448913574,0.6267354488372803,-1.8696691989898682,-0.9644211530685425,-4.662095069885254,1.5911566019058228,2.7924258708953857,label_Hqql,label_Hqql,effective_linear_approx_from_2_linear_layers
13089,A_protected_highiso,L1_ch80:96,1,80:96,1255.39599609375,1274.2747802734375,14.910178184509277,0.8011832237243652,-4.292499542236328,-2.2390904426574707,-6.171271800994873,3.040273666381836,1.878772258758545,label_Hqql,label_Hqql,effective_linear_approx_from_2_linear_layers
13279,A_protected_highiso,L1_ch80:96,1,80:96,967.8359375,1060.464111328125,15.997879028320312,1.0377165079116821,-0.44531047344207764,-0.3156348764896393,-2.0946030616760254,1.353351354598999,1.6492925882339478,label_Hqql,label_Hqql,effective_linear_approx_from_2_linear_layers
13374,A_protected_highiso,L1_ch80:96,1,80:96,897.1162109375,938.451904296875,13.446625709533691,3.0433714389801025,0.4021151065826416,1.7220882177352905,-0.40605053305625916,1.321283221244812,0.8081656694412231,label_Hqql,label_Hqql,effective_linear_approx_from_2_linear_layers
13400,A_protected_highiso,L1_ch80:96,1,80:96,1058.1685791015625,1073.85693359375,13.577103614807129,1.0845355987548828,-1.5090107917785645,0.07463565468788147,-2.750060558319092,1.0098999738693237,1.2410497665405273,label_Hqql,label_Hqql,effective_linear_approx_from_2_linear_layers
13529,A_protected_highiso,L1_ch80:96,1,80:96,1144.04296875,1106.8824462890625,17.762399673461914,3.0854218006134033,-1.1953595876693726,1.0805035829544067,-3.494661808013916,2.004918098449707,2.299302101135254,label_Hqql,label_Hqql,effective_linear_approx_from_2_linear_layers
13897,A_protected_highiso,L1_ch80:96,1,80:96,1141.238525390625,1300.513916015625,17.292034149169922,2.0386478900909424,-4.467491626739502,-1.889269232749939,-9.25981616973877,3.927917003631592,4.792324542999268,label_Hqql,label_Hqql,effective_linear_approx_from_2_linear_layers
14139,A_protected_highiso,L1_ch80:96,1,80:96,1083.208984375,1070.8983154296875,14.956100463867188,4.718297958374023,-1.789663314819336,1.4735294580459595,-4.426998138427734,3.2447686195373535,2.6373348236083984,label_Hqql,label_Hqql,effective_linear_approx_from_2_linear_layers
14355,A_protected_highiso,L1_ch80:96,1,80:96,1490.8836669921875,1328.7435302734375,16.466981887817383,3.0546371936798096,-1.1560205221176147,1.1582218408584595,-2.0603981018066406,1.89641535282135,0.9043775796890259,label_Hqql,label_Hqql,effective_linear_approx_from_2_linear_layers
14381,A_protected_highiso,L1_ch80:96,1,80:96,1203.0992431640625,1201.1236572265625,13.83703327178955,3.28680682182312,1.983764410018921,0.41336503624916077,-0.5122334957122803,2.873441696166992,2.495997905731201,label_Hqql,label_Hqql,effective_linear_approx_from_2_linear_layers
14596,A_protected_highiso,L1_ch80:96,1,80:96,1221.7198486328125,1090.9141845703125,15.856542587280273,1.7071079015731812,0.4329977035522461,0.6221429109573364,-0.7679734826087952,1.0849649906158447,1.2009711265563965,label_Hqql,label_Hqql,effective_linear_approx_from_2_linear_layers
14600,A_protected_highiso,L1_ch80:96,1,80:96,989.8339233398438,967.694580078125,12.861777305603027,3.449733018875122,-0.9093831777572632,-0.5204803347587585,-4.609121322631836,3.9702134132385254,3.699738025665283,label_Hqql,label_Hqql,effective_linear_approx_from_2_linear_layers
14625,A_protected_highiso,L1_ch80:96,1,80:96,1303.159423828125,1226.0166015625,15.273890495300293,1.7360154390335083,0.40641188621520996,-0.22171714901924133,-1.770171880722046,1.9577325582504272,2.176583766937256,label_Hqql,label_Hqql,effective_linear_approx_from_2_linear_layers
14742,A_protected_highiso,L1_ch80:96,1,80:96,999.4337158203125,1046.224853515625,13.314908981323242,2.9145562648773193,0.979590892791748,-0.27757853269577026,-1.5789551734924316,3.1921348571777344,2.5585460662841797,label_Hqql,label_Hqql,effective_linear_approx_from_2_linear_layers
14991,A_protected_highiso,L1_ch80:96,1,80:96,1518.406005859375,1229.5643310546875,16.58944320678711,3.5207407474517822,-1.2534875869750977,0.27976885437965393,-4.0434770584106445,3.240971803665161,2.789989471435547,label_Hqql,label_Hqql,effective_linear_approx_from_2_linear_layers
14999,A_protected_highiso,L1_ch80:96,1,80:96,1388.8438720703125,1281.30859375,14.269919395446777,2.903455972671509,2.343428134918213,0.872045636177063,-0.03477299213409424,2.0314102172851562,2.3782010078430176,label_Hqql,label_Hqql,effective_linear_approx_from_2_linear_layers
15006,A_protected_highiso,L1_ch80:96,1,80:96,1463.47021484375,1374.1885986328125,17.83949851989746,2.8276960849761963,1.5310747623443604,-1.6390875577926636,-3.214045763015747,4.46678352355957,4.745120525360107,label_Hqql,label_Tbqq,effective_linear_approx_from_2_linear_layers
15112,A_protected_highiso,L1_ch80:96,1,80:96,1272.1170654296875,1228.2764892578125,17.204282760620117,3.7518503665924072,1.2203036546707153,1.3191596269607544,-1.343493103981018,2.4326906204223633,2.5637967586517334,label_Hqql,label_Hqql,effective_linear_approx_from_2_linear_layers
15233,A_protected_highiso,L1_ch80:96,1,80:96,1197.316162109375,1108.895263671875,13.497603416442871,3.491706132888794,1.4985852241516113,1.0807223320007324,-0.09786069393157959,2.4109838008880615,1.596445918083191,label_Hqql,label_Hqql,effective_linear_approx_from_2_linear_layers
15292,A_protected_highiso,L1_ch80:96,1,80:96,1352.4063720703125,1273.207275390625,16.246013641357422,0.5992239713668823,-1.5581605434417725,-2.6278069019317627,-4.9096550941467285,3.2270307540893555,3.351494550704956,label_Hqql,label_H4q,effective_linear_approx_from_2_linear_layers
15512,A_protected_highiso,L1_ch80:96,1,80:96,1452.2286376953125,1357.033935546875,15.669330596923828,0.1927480399608612,-1.5594489574432373,-0.7500702738761902,-2.3132455348968506,0.942818284034729,0.7537965774536133,label_Hqql,label_Hqql,effective_linear_approx_from_2_linear_layers
15540,A_protected_highiso,L1_ch80:96,1,80:96,1063.4505615234375,1052.067138671875,16.8114070892334,3.0957701206207275,-1.7905685901641846,1.3617814779281616,-3.1664631366729736,1.733988642692566,1.375894546508789,label_Hqql,label_Hqql,effective_linear_approx_from_2_linear_layers
15590,A_protected_highiso,L1_ch80:96,1,80:96,1121.927734375,1017.20751953125,13.64178466796875,2.1016886234283447,0.1945817470550537,2.4022514820098877,0.17470848560333252,-0.30056285858154297,0.01987326145172119,label_Hqql,label_Hqql,effective_linear_approx_from_2_linear_layers
15684,A_protected_highiso,L1_ch80:96,1,80:96,924.2755126953125,965.153564453125,15.13629150390625,2.2241780757904053,1.5490450859069824,0.5317171812057495,-0.4693830609321594,1.6924608945846558,2.018428087234497,label_Hqql,label_Hqql,effective_linear_approx_from_2_linear_layers
15800,A_protected_highiso,L1_ch80:96,1,80:96,1202.2755126953125,1188.513916015625,17.59493637084961,1.333858609199524,-1.9936835765838623,0.29542210698127747,-2.9892890453338623,1.0384365320205688,0.99560546875,label_Hqql,label_Hqql,effective_linear_approx_from_2_linear_layers
16360,A_protected_highiso,L1_ch80:96,1,80:96,1492.9586181640625,1344.03466796875,15.442647933959961,2.5295865535736084,-1.135614037513733,0.2879701554775238,-3.521251678466797,2.2416164875030518,2.3856377601623535,label_Hqql,label_Hqql,effective_linear_approx_from_2_linear_layers
12649,B_confused_highiso,L1_ch80:96,1,80:96,1193.0252685546875,1126.1064453125,13.732780456542969,-1.1446819305419922,1.439178705215454,-3.1045007705688477,-3.183497190475464,1.9598188400268555,4.622675895690918,label_Tbl,label_Tbqq,effective_linear_approx_from_2_linear_layers
12982,B_confused_highiso,L1_ch80:96,1,80:96,1539.798583984375,1365.755615234375,15.972268104553223,0.9109939336776733,2.2985732555389404,-1.0955798625946045,-1.158664584159851,2.0065736770629883,3.457237720489502,label_Tbl,label_Tbqq,effective_linear_approx_from_2_linear_layers
13045,B_confused_highiso,L1_ch80:96,1,80:96,1174.431640625,1108.509033203125,14.878293991088867,1.867108941078186,1.9097933769226074,-1.3482697010040283,-1.236202359199524,3.215378761291504,3.145995616912842,label_Tbl,label_Tbl,effective_linear_approx_from_2_linear_layers
13583,B_confused_highiso,L1_ch80:96,1,80:96,1613.68115234375,1441.8193359375,18.195419311523438,-3.069281816482544,-1.067929983139038,-2.9907257556915283,-3.351233959197998,-0.07855606079101562,2.28330397605896,label_Tbl,label_Tbqq,effective_linear_approx_from_2_linear_layers
13787,B_confused_highiso,L1_ch80:96,1,80:96,1382.666748046875,1156.3707275390625,16.472999572753906,0.2757050693035126,1.8257653713226318,-0.6651203632354736,-0.008231043815612793,0.9408254623413086,1.8339964151382446,label_Tbl,label_Tbl,effective_linear_approx_from_2_linear_layers
13997,B_confused_highiso,L1_ch80:96,1,80:96,1283.44580078125,1101.88818359375,15.215110778808594,0.07427099347114563,3.3213210105895996,-3.847062349319458,-1.1549534797668457,3.9213333129882812,4.476274490356445,label_Tbl,label_Tbl,effective_linear_approx_from_2_linear_layers
14711,B_confused_highiso,L1_ch80:96,1,80:96,1161.04541015625,1060.4481201171875,13.193693161010742,0.5512353181838989,2.793661117553711,-3.151927947998047,-2.7000527381896973,3.7031631469726562,5.493713855743408,label_Tbl,label_Tbqq,effective_linear_approx_from_2_linear_layers
15288,B_confused_highiso,L1_ch80:96,1,80:96,1273.0958251953125,1214.312255859375,18.323671340942383,0.5876303911209106,1.5895590782165527,-0.8932011127471924,-0.2770763039588928,1.480831503868103,1.8666353225708008,label_Tbl,label_Tbl,effective_linear_approx_from_2_linear_layers
15528,B_confused_highiso,L1_ch80:96,1,80:96,1941.2847900390625,2056.203369140625,23.479951858520508,-2.2324254512786865,-1.5633301734924316,-6.768410682678223,-6.160987377166748,4.535984992980957,4.597657203674316,label_Tbl,label_Tbl,effective_linear_approx_from_2_linear_layers
15658,B_confused_highiso,L1_ch80:96,1,80:96,1058.61376953125,1014.1303100585938,15.09235668182373,-0.7616251707077026,1.0893653631210327,-1.36345636844635,-0.7775064706802368,0.6018311977386475,1.8668718338012695,label_Tbl,label_Tbl,effective_linear_approx_from_2_linear_layers
15893,B_confused_highiso,L1_ch80:96,1,80:96,1349.8465576171875,1167.766845703125,15.415247917175293,1.474683165550232,3.4176025390625,-0.12105420231819153,0.21797722578048706,1.595737338066101,3.199625253677368,label_Tbl,label_Tbl,effective_linear_approx_from_2_linear_layers
20480,C_Tbl_correct,L1_ch80:96,1,80:96,839.1135864257812,1242.9876708984375,19.52714729309082,-3.4155938625335693,5.567715167999268,-2.13814377784729,3.379253387451172,-1.2774500846862793,2.1884617805480957,label_Tbl,label_Tbl,effective_linear_approx_from_2_linear_layers
20481,C_Tbl_correct,L1_ch80:96,1,80:96,1625.76953125,1413.8746337890625,14.999421119689941,-8.323958396911621,3.418581008911133,-4.7171950340271,1.6569418907165527,-3.6067633628845215,1.76163911819458,label_Tbl,label_Tbl,effective_linear_approx_from_2_linear_layers
20482,C_Tbl_correct,L1_ch80:96,1,80:96,1576.09033203125,1360.45947265625,15.206356048583984,-4.979280948638916,0.3209437131881714,-1.743735909461975,1.2256014347076416,-3.2355451583862305,-0.9046577215194702,label_Tbl,label_Tbl,effective_linear_approx_from_2_linear_layers
20483,C_Tbl_correct,L1_ch80:96,1,80:96,1188.573486328125,1151.6905517578125,13.36973762512207,-5.344690322875977,3.844911575317383,-5.247637748718262,0.3916609287261963,-0.09705257415771484,3.4532506465911865,label_Tbl,label_Tbl,effective_linear_approx_from_2_linear_layers
20484,C_Tbl_correct,L1_ch80:96,1,80:96,1291.30078125,1223.9735107421875,14.378297805786133,-7.005253791809082,-0.24870026111602783,-2.241593837738037,0.3977515697479248,-4.763659954071045,-0.6464518308639526,label_Tbl,label_Tbl,effective_linear_approx_from_2_linear_layers
20485,C_Tbl_correct,L1_ch80:96,1,80:96,902.5576782226562,1062.3421630859375,16.171932220458984,-9.797272682189941,0.8641380071640015,-8.098847389221191,0.15072190761566162,-1.69842529296875,0.7134160995483398,label_Tbl,label_Tbl,effective_linear_approx_from_2_linear_layers
20486,C_Tbl_correct,L1_ch80:96,1,80:96,1718.25390625,1455.02197265625,15.768404960632324,-2.318092107772827,1.1826121807098389,-2.3023123741149902,0.5474801063537598,-0.015779733657836914,0.6351320743560791,label_Tbl,label_Tbl,effective_linear_approx_from_2_linear_layers
20487,C_Tbl_correct,L1_ch80:96,1,80:96,1449.34912109375,1322.991943359375,15.08100700378418,-15.49501895904541,1.4054656028747559,-7.7289581298828125,0.38430237770080566,-7.766060829162598,1.0211632251739502,label_Tbl,label_Tbl,effective_linear_approx_from_2_linear_layers
20488,C_Tbl_correct,L1_ch80:96,1,80:96,1418.462890625,1253.4178466796875,13.245521545410156,1.45091712474823,2.486684799194336,0.20649322867393494,0.5979176759719849,1.2444238662719727,1.888767123222351,label_Tbl,label_Tbl,effective_linear_approx_from_2_linear_layers
20489,C_Tbl_correct,L1_ch80:96,1,80:96,959.25146484375,1028.387451171875,14.84805965423584,-11.290022850036621,0.22091031074523926,-6.608021259307861,0.6418706178665161,-4.68200159072876,-0.42096030712127686,label_Tbl,label_Tbl,effective_linear_approx_from_2_linear_layers
20490,C_Tbl_correct,L1_ch80:96,1,80:96,1344.9345703125,1369.4691162109375,15.309540748596191,0.11851462721824646,2.9853603839874268,-0.9461919069290161,1.0017685890197754,1.064706563949585,1.9835917949676514,label_Tbl,label_Tbl,effective_linear_approx_from_2_linear_layers
20491,C_Tbl_correct,L1_ch80:96,1,80:96,1280.150390625,1264.8240966796875,14.233464241027832,-4.214057922363281,4.654110908508301,-5.540729999542236,0.05864858627319336,1.326672077178955,4.595462322235107,label_Tbl,label_Tbl,effective_linear_approx_from_2_linear_layers
20492,C_Tbl_correct,L1_ch80:96,1,80:96,1356.48681640625,1541.7806396484375,17.581647872924805,-0.41307559609413147,2.090147018432617,-5.399158954620361,-2.668867826461792,4.986083507537842,4.759015083312988,label_Tbl,label_Tbl,effective_linear_approx_from_2_linear_layers
20493,C_Tbl_correct,L1_ch80:96,1,80:96,923.1639404296875,957.6277465820312,14.986637115478516,1.4081308841705322,2.90766978263855,1.7554408311843872,1.0869476795196533,-0.347309947013855,1.8207221031188965,label_Tbl,label_Hqql,effective_linear_approx_from_2_linear_layers
20494,C_Tbl_correct,L1_ch80:96,1,80:96,1219.167724609375,1328.279052734375,14.203927993774414,-7.099913120269775,5.462751865386963,-5.7934956550598145,2.038332462310791,-1.306417465209961,3.424419403076172,label_Tbl,label_Tbl,effective_linear_approx_from_2_linear_layers
20495,C_Tbl_correct,L1_ch80:96,1,80:96,1919.9671630859375,1751.7088623046875,18.506423950195312,1.8798390626907349,2.9556238651275635,0.6635347604751587,1.4584603309631348,1.2163043022155762,1.4971635341644287,label_Tbl,label_Tbl,effective_linear_approx_from_2_linear_layers
20496,C_Tbl_correct,L1_ch80:96,1,80:96,1227.5709228515625,1212.9903564453125,15.633702278137207,-6.729451656341553,-0.5860624313354492,-4.232157230377197,0.5144796371459961,-2.4972944259643555,-1.1005420684814453,label_Tbl,label_Tbl,effective_linear_approx_from_2_linear_layers
20497,C_Tbl_correct,L1_ch80:96,1,80:96,1476.5643310546875,1860.8370361328125,21.194177627563477,-12.069754600524902,3.5387611389160156,-5.254373073577881,0.8738548755645752,-6.8153815269470215,2.6649062633514404,label_Tbl,label_Tbl,effective_linear_approx_from_2_linear_layers
20498,C_Tbl_correct,L1_ch80:96,1,80:96,1178.294189453125,1798.9375,23.43853187561035,1.7666112184524536,2.780198097229004,0.36543503403663635,0.8275737762451172,1.4011762142181396,1.9526243209838867,label_Tbl,label_Tbl,effective_linear_approx_from_2_linear_layers
20499,C_Tbl_correct,L1_ch80:96,1,80:96,882.8756103515625,1090.3955078125,13.817434310913086,-3.2735793590545654,3.8245882987976074,-2.450993061065674,2.2120962142944336,-0.8225862979888916,1.6124920845031738,label_Tbl,label_Tbl,effective_linear_approx_from_2_linear_layers
20500,C_Tbl_correct,L1_ch80:96,1,80:96,767.1063232421875,794.613037109375,15.790033340454102,-6.415186405181885,2.666245460510254,-9.747174263000488,-3.4542689323425293,3.3319878578186035,6.120514392852783,label_Tbl,label_Tbl,effective_linear_approx_from_2_linear_layers
20501,C_Tbl_correct,L1_ch80:96,1,80:96,1193.0869140625,1332.04345703125,14.61917781829834,-7.150689125061035,3.5026817321777344,-5.47960901260376,0.510084867477417,-1.6710801124572754,2.9925968647003174,label_Tbl,label_Tbl,effective_linear_approx_from_2_linear_layers
20502,C_Tbl_correct,L1_ch80:96,1,80:96,1441.126953125,1597.57470703125,20.521800994873047,-4.627233028411865,4.754775047302246,-4.716259002685547,0.5794436931610107,0.08902597427368164,4.175331115722656,label_Tbl,label_Tbl,effective_linear_approx_from_2_linear_layers
20503,C_Tbl_correct,L1_ch80:96,1,80:96,767.8155517578125,1206.355712890625,15.550464630126953,-7.358910083770752,2.018247604370117,-5.513740062713623,1.3964018821716309,-1.845170021057129,0.6218457221984863,label_Tbl,label_Tbl,effective_linear_approx_from_2_linear_layers
20504,C_Tbl_correct,L1_ch80:96,1,80:96,1446.760498046875,1326.49853515625,13.476751327514648,-1.6289256811141968,3.2367241382598877,-1.3354253768920898,1.851426124572754,-0.29350030422210693,1.3852980136871338,label_Tbl,label_Tbl,effective_linear_approx_from_2_linear_layers
20505,C_Tbl_correct,L1_ch80:96,1,80:96,1342.69140625,1453.446533203125,15.930980682373047,-0.028958529233932495,3.8411617279052734,-1.3761364221572876,-0.3416510224342346,1.3471778631210327,4.182812690734863,label_Tbl,label_Tbl,effective_linear_approx_from_2_linear_layers
20506,C_Tbl_correct,L1_ch80:96,1,80:96,1513.418212890625,1462.9163818359375,15.08227252960205,-2.067615509033203,1.028699278831482,-1.149126648902893,-0.16029781103134155,-0.9184888601303101,1.1889970302581787,label_Tbl,label_Tbl,effective_linear_approx_from_2_linear_layers
20507,C_Tbl_correct,L1_ch80:96,1,80:96,1708.2647705078125,1525.824462890625,15.815169334411621,-12.013851165771484,0.5190858840942383,-9.798698425292969,0.488677978515625,-2.2151527404785156,0.03040790557861328,label_Tbl,label_Tbl,effective_linear_approx_from_2_linear_layers
20508,C_Tbl_correct,L1_ch80:96,1,80:96,1416.86865234375,1593.4149169921875,16.25201988220215,-5.569357395172119,5.3123321533203125,-4.362783908843994,1.287987232208252,-1.206573486328125,4.0243449211120605,label_Tbl,label_Tbl,effective_linear_approx_from_2_linear_layers
20509,C_Tbl_correct,L1_ch80:96,1,80:96,1347.9970703125,1467.7701416015625,16.91327667236328,-23.165132522583008,0.5695033073425293,-13.60937213897705,2.2268083095550537,-9.555760383605957,-1.6573050022125244,label_Tbl,label_Tbl,effective_linear_approx_from_2_linear_layers
20510,C_Tbl_correct,L1_ch80:96,1,80:96,1164.5552978515625,1234.4630126953125,14.287614822387695,-0.14782890677452087,3.1821351051330566,-0.017328113317489624,1.0969233512878418,-0.13050079345703125,2.085211753845215,label_Tbl,label_Tbl,effective_linear_approx_from_2_linear_layers
20511,C_Tbl_correct,L1_ch80:96,1,80:96,1517.30859375,1355.169677734375,15.455699920654297,1.8585759401321411,3.3131091594696045,-6.034159183502197,-7.334066390991211,7.892735004425049,10.647175788879395,label_Tbl,label_Hgg,effective_linear_approx_from_2_linear_layers
20512,C_Tbl_correct,L1_ch80:96,1,80:96,1211.4541015625,1363.696533203125,15.178460121154785,-0.7726041674613953,4.452902793884277,-1.5656601190567017,0.5513937473297119,0.7930559515953064,3.9015090465545654,label_Tbl,label_Tbl,effective_linear_approx_from_2_linear_layers
20513,C_Tbl_correct,L1_ch80:96,1,80:96,1435.1322021484375,1591.549072265625,18.461904525756836,-13.804064750671387,5.065451622009277,-6.749319553375244,2.8306002616882324,-7.054745197296143,2.234851360321045,label_Tbl,label_Tbl,effective_linear_approx_from_2_linear_layers
20514,C_Tbl_correct,L1_ch80:96,1,80:96,1095.7396240234375,1286.0670166015625,16.0670108795166,-3.4543652534484863,3.1841068267822266,-2.461333990097046,2.007335901260376,-0.9930312633514404,1.1767709255218506,label_Tbl,label_Tbl,effective_linear_approx_from_2_linear_layers
20515,C_Tbl_correct,L1_ch80:96,1,80:96,854.5169677734375,1175.8955078125,16.064453125,-4.892578125,6.0447998046875,-6.370144844055176,1.5250663757324219,1.4775667190551758,4.519733428955078,label_Tbl,label_Tbl,effective_linear_approx_from_2_linear_layers
20516,C_Tbl_correct,L1_ch80:96,1,80:96,2382.52783203125,1927.9149169921875,21.69475746154785,-17.896024703979492,1.523951768875122,-13.750819206237793,-5.047025680541992,-4.145205497741699,6.570977210998535,label_Tbl,label_Tbl,effective_linear_approx_from_2_linear_layers
20517,C_Tbl_correct,L1_ch80:96,1,80:96,1719.043212890625,1916.5322265625,18.582691192626953,-4.649143695831299,3.4481582641601562,-4.229596138000488,1.9190359115600586,-0.41954755783081055,1.5291223526000977,label_Tbl,label_Tbl,effective_linear_approx_from_2_linear_layers
20518,C_Tbl_correct,L1_ch80:96,1,80:96,1044.0374755859375,1344.16552734375,17.876903533935547,-4.387455940246582,1.6583824157714844,-2.567283868789673,0.9886786937713623,-1.8201720714569092,0.6697037220001221,label_Tbl,label_Tbl,effective_linear_approx_from_2_linear_layers
20519,C_Tbl_correct,L1_ch80:96,1,80:96,1554.8319091796875,1288.7554931640625,16.242815017700195,-1.7640184164047241,5.0186767578125,-2.940807342529297,1.0859659910202026,1.1767889261245728,3.932710647583008,label_Tbl,label_Tbl,effective_linear_approx_from_2_linear_layers
20520,C_Tbl_correct,L1_ch80:96,1,80:96,1678.365234375,1472.229248046875,18.29496192932129,-2.763209819793701,2.6747851371765137,-1.985472559928894,0.3321988582611084,-0.7777372598648071,2.3425862789154053,label_Tbl,label_Tbl,effective_linear_approx_from_2_linear_layers
20521,C_Tbl_correct,L1_ch80:96,1,80:96,1278.460205078125,1210.7230224609375,13.45879077911377,-4.277113437652588,3.148054838180542,-4.193939685821533,1.5525422096252441,-0.08317375183105469,1.5955126285552979,label_Tbl,label_Tbl,effective_linear_approx_from_2_linear_layers
20522,C_Tbl_correct,L1_ch80:96,1,80:96,1301.597412109375,1371.2869873046875,19.698688507080078,-10.377086639404297,5.835184574127197,-7.202304363250732,1.9507396221160889,-3.1747822761535645,3.8844449520111084,label_Tbl,label_Tbl,effective_linear_approx_from_2_linear_layers
20523,C_Tbl_correct,L1_ch80:96,1,80:96,1426.05810546875,1688.1224365234375,17.643150329589844,-12.26170539855957,4.758785247802734,-6.020005702972412,4.096844673156738,-6.241699695587158,0.6619405746459961,label_Tbl,label_Tbl,effective_linear_approx_from_2_linear_layers
20524,C_Tbl_correct,L1_ch80:96,1,80:96,1218.6109619140625,1281.4324951171875,16.992656707763672,-9.907485008239746,5.808475494384766,-7.797924995422363,2.6793627738952637,-2.109560012817383,3.129112720489502,label_Tbl,label_Tbl,effective_linear_approx_from_2_linear_layers
20525,C_Tbl_correct,L1_ch80:96,1,80:96,1342.7874755859375,1339.7906494140625,15.611434936523438,-4.150577545166016,4.320821762084961,-4.528035640716553,0.4675600528717041,0.3774580955505371,3.853261709213257,label_Tbl,label_Tbl,effective_linear_approx_from_2_linear_layers
20526,C_Tbl_correct,L1_ch80:96,1,80:96,1737.6630859375,1511.4803466796875,18.777585983276367,-2.6185600757598877,4.92629337310791,-3.6966636180877686,1.7638349533081055,1.0781035423278809,3.1624584197998047,label_Tbl,label_Tbl,effective_linear_approx_from_2_linear_layers
20527,C_Tbl_correct,L1_ch80:96,1,80:96,1226.1087646484375,1244.9681396484375,13.200044631958008,-4.200023174285889,2.437349796295166,-4.475353717803955,-1.203059196472168,0.2753305435180664,3.640408992767334,label_Tbl,label_Tbqq,effective_linear_approx_from_2_linear_layers
20528,C_Tbl_correct,L1_ch80:96,1,80:96,1137.7694091796875,1093.1334228515625,13.204316139221191,-3.4559013843536377,2.358579397201538,-2.310516119003296,2.198559284210205,-1.1453852653503418,0.160020112991333,label_Tbl,label_Tbl,effective_linear_approx_from_2_linear_layers
20529,C_Tbl_correct,L1_ch80:96,1,80:96,1558.6324462890625,1752.89599609375,25.503135681152344,-5.803777694702148,4.016561508178711,-8.174118041992188,-3.7144596576690674,2.370340347290039,7.731020927429199,label_Tbl,label_Tbl,effective_linear_approx_from_2_linear_layers
20530,C_Tbl_correct,L1_ch80:96,1,80:96,1174.702392578125,1137.0247802734375,13.546561241149902,-2.506561040878296,1.4336442947387695,-3.728558301925659,-0.9508324861526489,1.2219972610473633,2.384476661682129,label_Tbl,label_Tbl,effective_linear_approx_from_2_linear_layers
20531,C_Tbl_correct,L1_ch80:96,1,80:96,1179.0509033203125,1181.9525146484375,13.967992782592773,-1.9821207523345947,5.543834686279297,-2.9692533016204834,2.2940680980682373,0.9871325492858887,3.2497665882110596,label_Tbl,label_Tbl,effective_linear_approx_from_2_linear_layers
20532,C_Tbl_correct,L1_ch80:96,1,80:96,1407.1356201171875,1188.146484375,18.246492385864258,0.247257262468338,0.713881254196167,-2.9361698627471924,-4.844333648681641,3.183427095413208,5.558215141296387,label_Tbl,label_Hcc,effective_linear_approx_from_2_linear_layers
20533,C_Tbl_correct,L1_ch80:96,1,80:96,1547.310791015625,1361.108154296875,16.769454956054688,-5.445600509643555,1.155488133430481,-3.5819804668426514,1.3581132888793945,-1.8636200428009033,-0.20262515544891357,label_Tbl,label_Tbl,effective_linear_approx_from_2_linear_layers
20534,C_Tbl_correct,L1_ch80:96,1,80:96,1497.6865234375,1405.925048828125,15.97526741027832,0.7816365957260132,3.2905478477478027,-0.8826854228973389,-1.6305792331695557,1.664322018623352,4.9211273193359375,label_Tbl,label_Hqql,effective_linear_approx_from_2_linear_layers
20535,C_Tbl_correct,L1_ch80:96,1,80:96,1454.3193359375,1438.8016357421875,16.37007713317871,-7.325348854064941,3.5674476623535156,-3.765594720840454,3.155806541442871,-3.5597541332244873,0.41164112091064453,label_Tbl,label_Tbl,effective_linear_approx_from_2_linear_layers
20536,C_Tbl_correct,L1_ch80:96,1,80:96,1901.6461181640625,1563.974609375,17.32175636291504,-6.239593982696533,3.0378172397613525,-4.301798343658447,-0.027773737907409668,-1.937795639038086,3.0655908584594727,label_Tbl,label_Tbl,effective_linear_approx_from_2_linear_layers
20537,C_Tbl_correct,L1_ch80:96,1,80:96,1432.187255859375,1387.1771240234375,15.829830169677734,-6.8023505210876465,4.003121376037598,-3.66727614402771,3.1044235229492188,-3.1350743770599365,0.8986978530883789,label_Tbl,label_Tbl,effective_linear_approx_from_2_linear_layers
20538,C_Tbl_correct,L1_ch80:96,1,80:96,1868.7166748046875,1896.65673828125,22.18766975402832,-15.231514930725098,0.19614934921264648,-7.289546489715576,2.487009048461914,-7.9419684410095215,-2.2908596992492676,label_Tbl,label_Tbl,effective_linear_approx_from_2_linear_layers
20539,C_Tbl_correct,L1_ch80:96,1,80:96,1292.805419921875,1199.62353515625,13.123879432678223,-3.083111047744751,1.0412347316741943,-5.6827311515808105,-2.2311699390411377,2.5996201038360596,3.272404670715332,label_Tbl,label_Tbqq,effective_linear_approx_from_2_linear_layers
20540,C_Tbl_correct,L1_ch80:96,1,80:96,1274.7156982421875,1286.197509765625,16.740697860717773,-2.3537757396698,3.8867902755737305,-1.386656403541565,3.004577159881592,-0.9671193361282349,0.8822131156921387,label_Tbl,label_Tbl,effective_linear_approx_from_2_linear_layers
20541,C_Tbl_correct,L1_ch80:96,1,80:96,986.1314697265625,1210.802978515625,14.80718994140625,-1.1788052320480347,3.001033306121826,-1.3203014135360718,0.9607963562011719,0.1414961814880371,2.0402369499206543,label_Tbl,label_Tbl,effective_linear_approx_from_2_linear_layers
20542,C_Tbl_correct,L1_ch80:96,1,80:96,1188.14599609375,1321.87646484375,15.305859565734863,-1.8337246179580688,5.661347389221191,-3.415456533432007,2.0144150257110596,1.581731915473938,3.646932363510132,label_Tbl,label_Tbl,effective_linear_approx_from_2_linear_layers
20543,C_Tbl_correct,L1_ch80:96,1,80:96,1761.1961669921875,1971.3743896484375,22.812612533569336,-6.508926868438721,1.177087664604187,-4.821113586425781,-1.560886025428772,-1.6878132820129395,2.737973690032959,label_Tbl,label_Tbl,effective_linear_approx_from_2_linear_layers
20544,C_Tbl_correct,L1_ch80:96,1,80:96,612.1254272460938,695.223876953125,13.280182838439941,0.154287189245224,5.231097221374512,-1.7251406908035278,0.5638442039489746,1.8794279098510742,4.667253017425537,label_Tbl,label_Tbl,effective_linear_approx_from_2_linear_layers
20545,C_Tbl_correct,L1_ch80:96,1,80:96,1178.1790771484375,1199.03759765625,13.059440612792969,-2.3922150135040283,5.881443023681641,-2.7541024684906006,2.3932766914367676,0.36188745498657227,3.488166332244873,label_Tbl,label_Tbl,effective_linear_approx_from_2_linear_layers
20546,C_Tbl_correct,L1_ch80:96,1,80:96,2237.922119140625,2078.829345703125,21.561885833740234,-12.159850120544434,3.879822254180908,-6.654332637786865,-0.7777202725410461,-5.505517482757568,4.657542705535889,label_Tbl,label_Tbl,effective_linear_approx_from_2_linear_layers
20547,C_Tbl_correct,L1_ch80:96,1,80:96,1480.98779296875,1477.02197265625,22.750320434570312,-7.429282188415527,3.4096450805664062,-8.362273216247559,-4.991864204406738,0.9329910278320312,8.401509284973145,label_Tbl,label_Wqq,effective_linear_approx_from_2_linear_layers
20548,C_Tbl_correct,L1_ch80:96,1,80:96,1818.6663818359375,1533.9796142578125,19.589155197143555,-13.616924285888672,1.9185154438018799,-11.915281295776367,-0.3135650157928467,-1.7016429901123047,2.2320804595947266,label_Tbl,label_Tbl,effective_linear_approx_from_2_linear_layers
20549,C_Tbl_correct,L1_ch80:96,1,80:96,1090.14599609375,1430.1641845703125,17.359407424926758,-1.48212468624115,2.9703304767608643,-2.5105791091918945,0.6979008913040161,1.0284544229507446,2.2724294662475586,label_Tbl,label_Tbl,effective_linear_approx_from_2_linear_layers
20551,C_Tbl_correct,L1_ch80:96,1,80:96,1350.9500732421875,1276.9769287109375,16.450145721435547,-10.534218788146973,2.308070182800293,-5.732983112335205,2.8505115509033203,-4.801235675811768,-0.5424413681030273,label_Tbl,label_Tbl,effective_linear_approx_from_2_linear_layers
20552,C_Tbl_correct,L1_ch80:96,1,80:96,1603.8294677734375,1610.2464599609375,19.39143943786621,-5.2904276847839355,6.331210136413574,-7.9203290939331055,-0.26400434970855713,2.62990140914917,6.595214366912842,label_Tbl,label_Tbl,effective_linear_approx_from_2_linear_layers
20553,C_Tbl_correct,L1_ch80:96,1,80:96,1385.4683837890625,1442.580078125,13.374274253845215,-12.588895797729492,0.31961750984191895,-5.018949031829834,0.1678747534751892,-7.569946765899658,0.15174275636672974,label_Tbl,label_Tbl,effective_linear_approx_from_2_linear_layers
20554,C_Tbl_correct,L1_ch80:96,1,80:96,1404.7193603515625,1554.9791259765625,15.39420223236084,-5.926273822784424,-0.10814142227172852,-6.50378942489624,-2.016575813293457,0.5775156021118164,1.9084343910217285,label_Tbl,label_Tbl,effective_linear_approx_from_2_linear_layers
20555,C_Tbl_correct,L1_ch80:96,1,80:96,1453.1370849609375,1464.59765625,16.799999237060547,-3.30637526512146,5.60904598236084,-4.804276943206787,1.466468334197998,1.4979016780853271,4.142577648162842,label_Tbl,label_Tbl,effective_linear_approx_from_2_linear_layers
20556,C_Tbl_correct,L1_ch80:96,1,80:96,1747.03564453125,1586.976318359375,16.738622665405273,-2.445554494857788,6.802558898925781,-4.560583114624023,0.19479799270629883,2.1150286197662354,6.607760906219482,label_Tbl,label_Tbl,effective_linear_approx_from_2_linear_layers
20557,C_Tbl_correct,L1_ch80:96,1,80:96,1403.0311279296875,1290.4879150390625,16.950862884521484,-3.359700918197632,2.8078014850616455,-3.44370436668396,0.7713437080383301,0.08400344848632812,2.0364577770233154,label_Tbl,label_Tbl,effective_linear_approx_from_2_linear_layers
20558,C_Tbl_correct,L1_ch80:96,1,80:96,1414.3992919921875,1307.351806640625,15.248387336730957,-1.4391149282455444,3.2439446449279785,-1.6436198949813843,0.8164292573928833,0.20450496673583984,2.4275155067443848,label_Tbl,label_Tbl,effective_linear_approx_from_2_linear_layers
20559,C_Tbl_correct,L1_ch80:96,1,80:96,1527.9786376953125,1350.3525390625,16.29005241394043,1.1572048664093018,4.391524314880371,-4.36780309677124,-1.7680518627166748,5.525008201599121,6.159576416015625,label_Tbl,label_Hcc,effective_linear_approx_from_2_linear_layers
20560,C_Tbl_correct,L1_ch80:96,1,80:96,1286.76416015625,1313.1226806640625,13.963736534118652,-1.5890809297561646,1.7057223320007324,-2.4872732162475586,-0.8874918818473816,0.898192286491394,2.593214273452759,label_Tbl,label_Tbl,effective_linear_approx_from_2_linear_layers
20561,C_Tbl_correct,L1_ch80:96,1,80:96,1342.0675048828125,1224.0648193359375,16.396085739135742,0.09894973039627075,2.3166799545288086,-0.9479492902755737,0.47968339920043945,1.0468990802764893,1.8369965553283691,label_Tbl,label_Tbl,effective_linear_approx_from_2_linear_layers
20562,C_Tbl_correct,L1_ch80:96,1,80:96,1578.640869140625,1461.0723876953125,15.035564422607422,-6.938263416290283,4.58643102645874,-5.218742847442627,1.0538055896759033,-1.7195205688476562,3.532625436782837,label_Tbl,label_Tbl,effective_linear_approx_from_2_linear_layers
20564,C_Tbl_correct,L1_ch80:96,1,80:96,1890.04296875,1536.5308837890625,18.48207664489746,-2.432300090789795,5.980310440063477,-3.645047426223755,1.8531997203826904,1.21274733543396,4.127110481262207,label_Tbl,label_Tbl,effective_linear_approx_from_2_linear_layers
20565,C_Tbl_correct,L1_ch80:96,1,80:96,1430.6875,1462.9471435546875,15.217254638671875,-5.727169513702393,1.041152000427246,-3.6683926582336426,-0.13166296482086182,-2.05877685546875,1.172814965248108,label_Tbl,label_Tbl,effective_linear_approx_from_2_linear_layers
20566,C_Tbl_correct,L1_ch80:96,1,80:96,1308.6722412109375,1402.24853515625,16.357444763183594,-8.600132942199707,6.319943428039551,-5.587538242340088,3.0131285190582275,-3.012594699859619,3.3068149089813232,label_Tbl,label_Tbl,effective_linear_approx_from_2_linear_layers
20567,C_Tbl_correct,L1_ch80:96,1,80:96,1738.396728515625,1637.55322265625,17.17962646484375,-4.862525463104248,2.7296507358551025,-4.371511936187744,-0.8365312814712524,-0.4910135269165039,3.5661821365356445,label_Tbl,label_Tbl,effective_linear_approx_from_2_linear_layers
20568,C_Tbl_correct,L1_ch80:96,1,80:96,1450.550537109375,1453.7706298828125,15.833081245422363,-1.941705346107483,3.6906166076660156,-2.2593867778778076,1.8263640403747559,0.3176814317703247,1.8642525672912598,label_Tbl,label_Tbl,effective_linear_approx_from_2_linear_layers
20569,C_Tbl_correct,L1_ch80:96,1,80:96,1153.5362548828125,1306.8099365234375,15.90895938873291,-6.163444995880127,5.365515232086182,-7.370964527130127,1.7513880729675293,1.20751953125,3.6141271591186523,label_Tbl,label_Tbl,effective_linear_approx_from_2_linear_layers
20570,C_Tbl_correct,L1_ch80:96,1,80:96,1676.981689453125,1347.610107421875,14.883879661560059,-2.3882973194122314,3.8580374717712402,-2.2194278240203857,1.3875079154968262,-0.1688694953918457,2.470529556274414,label_Tbl,label_Tbl,effective_linear_approx_from_2_linear_layers
20572,C_Tbl_correct,L1_ch80:96,1,80:96,1387.668701171875,1254.939453125,14.633127212524414,-3.8381855487823486,5.801542282104492,-7.853405475616455,-0.4336179494857788,4.015219688415527,6.2351603507995605,label_Tbl,label_Tbl,effective_linear_approx_from_2_linear_layers
20573,C_Tbl_correct,L1_ch80:96,1,80:96,1548.3431396484375,1463.95068359375,18.51167106628418,-9.616639137268066,1.4819648265838623,-5.134157657623291,1.4542062282562256,-4.482481479644775,0.02775859832763672,label_Tbl,label_Tbl,effective_linear_approx_from_2_linear_layers
20574,C_Tbl_correct,L1_ch80:96,1,80:96,619.8261108398438,778.8727416992188,13.345233917236328,-2.1155569553375244,5.612147331237793,-2.059826135635376,2.980046272277832,-0.05573081970214844,2.632101058959961,label_Tbl,label_Tbl,effective_linear_approx_from_2_linear_layers
20575,C_Tbl_correct,L1_ch80:96,1,80:96,1125.82470703125,1095.3509521484375,14.519105911254883,-1.3338903188705444,3.0575461387634277,-3.4026036262512207,-1.0414338111877441,2.0687131881713867,4.098979949951172,label_Tbl,label_Tbl,effective_linear_approx_from_2_linear_layers
20576,C_Tbl_correct,L1_ch80:96,1,80:96,1648.197265625,1510.2684326171875,16.082820892333984,2.396214485168457,4.752112865447998,-0.17046156525611877,0.12038588523864746,2.566676139831543,4.63172721862793,label_Tbl,label_Tbl,effective_linear_approx_from_2_linear_layers
20577,C_Tbl_correct,L1_ch80:96,1,80:96,1222.7220458984375,1221.480712890625,14.71768569946289,-3.3680903911590576,0.20628076791763306,-3.6234517097473145,-0.1075289249420166,0.25536131858825684,0.31380969285964966,label_Tbl,label_Tbqq,effective_linear_approx_from_2_linear_layers
20578,C_Tbl_correct,L1_ch80:96,1,80:96,1400.75390625,1465.798583984375,16.20103645324707,-4.175910472869873,3.974119186401367,-5.042943477630615,1.2708418369293213,0.8670330047607422,2.703277349472046,label_Tbl,label_Tbl,effective_linear_approx_from_2_linear_layers
20579,C_Tbl_correct,L1_ch80:96,1,80:96,833.4234619140625,1225.84375,17.23214340209961,-2.3545081615448,4.619433403015137,-0.6978757381439209,2.171138286590576,-1.656632423400879,2.4482951164245605,label_Tbl,label_Tbl,effective_linear_approx_from_2_linear_layers
20580,C_Tbl_correct,L1_ch80:96,1,80:96,800.8554077148438,671.2744140625,15.770645141601562,1.9851914644241333,2.4065029621124268,-2.520578622817993,-1.5454742908477783,4.505770206451416,3.951977252960205,label_Tbl,label_Tbl,effective_linear_approx_from_2_linear_layers
20581,C_Tbl_correct,L1_ch80:96,1,80:96,869.6275024414062,1411.962890625,24.777734756469727,1.2359237670898438,6.019232273101807,-2.208016872406006,-0.294673353433609,3.4439406394958496,6.313905715942383,label_Tbl,label_Tbl,effective_linear_approx_from_2_linear_layers
20582,C_Tbl_correct,L1_ch80:96,1,80:96,1205.3563232421875,996.2470092773438,14.890165328979492,-1.247756838798523,3.8078556060791016,-2.646710157394409,-0.053435564041137695,1.3989533185958862,3.8612911701202393,label_Tbl,label_Tbl,effective_linear_approx_from_2_linear_layers
20583,C_Tbl_correct,L1_ch80:96,1,80:96,1385.14794921875,1184.397705078125,15.9247465133667,-3.592552423477173,-1.305950403213501,-2.1270012855529785,-2.259220600128174,-1.4655511379241943,0.9532701969146729,label_Tbl,label_H4q,effective_linear_approx_from_2_linear_layers
20584,C_Tbl_correct,L1_ch80:96,1,80:96,1798.4283447265625,1637.4132080078125,17.613866806030273,-1.4826651811599731,3.788013458251953,-2.6796247959136963,1.6746413707733154,1.1969596147537231,2.1133720874786377,label_Tbl,label_Tbl,effective_linear_approx_from_2_linear_layers
20585,C_Tbl_correct,L1_ch80:96,1,80:96,1330.151611328125,1205.7310791015625,15.005083084106445,-0.0545831024646759,2.1333298683166504,-0.8705470561981201,0.23876219987869263,0.8159639835357666,1.8945677280426025,label_Tbl,label_Tbl,effective_linear_approx_from_2_linear_layers
20586,C_Tbl_correct,L1_ch80:96,1,80:96,817.0662841796875,1085.883544921875,16.019784927368164,-3.2883360385894775,6.91164493560791,-5.342589855194092,2.039116859436035,2.0542538166046143,4.872528076171875,label_Tbl,label_Tbl,effective_linear_approx_from_2_linear_layers
20587,C_Tbl_correct,L1_ch80:96,1,80:96,1008.1483154296875,937.3348999023438,13.30500602722168,0.6400551795959473,1.8558003902435303,-0.13967525959014893,-0.09298336505889893,0.7797304391860962,1.9487837553024292,label_Tbl,label_Tbl,effective_linear_approx_from_2_linear_layers
20588,C_Tbl_correct,L1_ch80:96,1,80:96,1003.2893676757812,1165.9014892578125,17.39121437072754,-12.73455810546875,3.5989036560058594,-7.674534797668457,3.193878173828125,-5.060023307800293,0.4050254821777344,label_Tbl,label_Tbl,effective_linear_approx_from_2_linear_layers
20589,C_Tbl_correct,L1_ch80:96,1,80:96,272.3926086425781,585.1690063476562,16.99403190612793,0.0678119957447052,5.8233642578125,-2.5521867275238037,1.753392219543457,2.6199986934661865,4.069972038269043,label_Tbl,label_Tbl,effective_linear_approx_from_2_linear_layers
20590,C_Tbl_correct,L1_ch80:96,1,80:96,899.9804077148438,1029.021484375,17.186786651611328,-2.458099365234375,4.3258771896362305,-3.6521990299224854,2.2501938343048096,1.1940996646881104,2.075683355331421,label_Tbl,label_Tbl,effective_linear_approx_from_2_linear_layers
20591,C_Tbl_correct,L1_ch80:96,1,80:96,811.2125244140625,1013.2020874023438,13.015142440795898,-12.500035285949707,-2.8973684310913086,-8.702166557312012,-1.546608328819275,-3.7978687286376953,-1.3507601022720337,label_Tbl,label_Tbl,effective_linear_approx_from_2_linear_layers
20592,C_Tbl_correct,L1_ch80:96,1,80:96,1555.309326171875,1836.4984130859375,21.852121353149414,-2.390016555786133,4.9523420333862305,-4.023661136627197,0.010464191436767578,1.6336445808410645,4.941877841949463,label_Tbl,label_Tbl,effective_linear_approx_from_2_linear_layers
20593,C_Tbl_correct,L1_ch80:96,1,80:96,1015.7777709960938,1303.26123046875,19.897991180419922,-12.773773193359375,5.682262897491455,-6.249139308929443,2.0297412872314453,-6.524633884429932,3.6525216102600098,label_Tbl,label_Tbl,effective_linear_approx_from_2_linear_layers
20594,C_Tbl_correct,L1_ch80:96,1,80:96,1384.860595703125,1168.84912109375,16.687274932861328,-8.194696426391602,1.2670552730560303,-2.8742997646331787,2.6024205684661865,-5.320396423339844,-1.3353652954101562,label_Tbl,label_Tbl,effective_linear_approx_from_2_linear_layers
20595,C_Tbl_correct,L1_ch80:96,1,80:96,968.8118896484375,1008.0332641601562,13.553730010986328,2.1964261531829834,3.8113365173339844,0.47656360268592834,0.6145689487457275,1.7198625802993774,3.196767568588257,label_Tbl,label_Tbl,effective_linear_approx_from_2_linear_layers
20596,C_Tbl_correct,L1_ch80:96,1,80:96,1144.711669921875,1241.7685546875,16.068607330322266,1.5663825273513794,2.4178762435913086,1.3124758005142212,1.2554080486297607,0.2539067268371582,1.1624681949615479,label_Tbl,label_Hqql,effective_linear_approx_from_2_linear_layers
20597,C_Tbl_correct,L1_ch80:96,1,80:96,1303.4136962890625,1395.6143798828125,17.188024520874023,-8.835553169250488,6.454684734344482,-5.5711350440979,2.154362201690674,-3.264418125152588,4.300322532653809,label_Tbl,label_Tbl,effective_linear_approx_from_2_linear_layers
20598,C_Tbl_correct,L1_ch80:96,1,80:96,896.4201049804688,1077.319580078125,11.997539520263672,-4.133293151855469,-0.2882194519042969,-3.1911122798919678,-0.14821922779083252,-0.942180871963501,-0.14000022411346436,label_Tbl,label_Tbl,effective_linear_approx_from_2_linear_layers
20599,C_Tbl_correct,L1_ch80:96,1,80:96,1768.849853515625,1545.661865234375,16.237634658813477,-7.5658392906188965,2.4927659034729004,-6.481132984161377,-1.1700122356414795,-1.0847063064575195,3.66277813911438,label_Tbl,label_Tbl,effective_linear_approx_from_2_linear_layers
20600,C_Tbl_correct,L1_ch80:96,1,80:96,1781.113525390625,1491.5673828125,15.507518768310547,0.9943289756774902,3.787447929382324,-0.3685937523841858,0.7841935157775879,1.3629226684570312,3.0032544136047363,label_Tbl,label_Tbl,effective_linear_approx_from_2_linear_layers
20601,C_Tbl_correct,L1_ch80:96,1,80:96,1330.0645751953125,1430.1392822265625,19.188322067260742,-2.863941192626953,2.986891508102417,-2.2780444622039795,-0.283291757106781,-0.5858967304229736,3.2701833248138428,label_Tbl,label_Tbl,effective_linear_approx_from_2_linear_layers
20602,C_Tbl_correct,L1_ch80:96,1,80:96,1235.826416015625,1106.59228515625,12.548120498657227,1.3297855854034424,3.123337745666504,0.570844292640686,1.1676278114318848,0.7589412927627563,1.9557099342346191,label_Tbl,label_Tbl,effective_linear_approx_from_2_linear_layers
20603,C_Tbl_correct,L1_ch80:96,1,80:96,886.1380615234375,1047.53076171875,12.47807788848877,-2.4934346675872803,2.7676706314086914,-2.5260446071624756,0.38514208793640137,0.03260993957519531,2.38252854347229,label_Tbl,label_Tbl,effective_linear_approx_from_2_linear_layers
20604,C_Tbl_correct,L1_ch80:96,1,80:96,1309.518798828125,1398.1654052734375,19.577938079833984,-18.169727325439453,0.3371521234512329,-8.92951488494873,-1.8326770067214966,-9.240212440490723,2.1698291301727295,label_Tbl,label_Tbl,effective_linear_approx_from_2_linear_layers
20605,C_Tbl_correct,L1_ch80:96,1,80:96,1248.918701171875,1210.2120361328125,13.84943675994873,-8.415853500366211,1.4833178520202637,-5.776358127593994,1.689727783203125,-2.639495372772217,-0.20640993118286133,label_Tbl,label_Tbl,effective_linear_approx_from_2_linear_layers
20606,C_Tbl_correct,L1_ch80:96,1,80:96,1076.7725830078125,1169.05810546875,15.616020202636719,-2.1539418697357178,5.900754928588867,-3.018845319747925,3.1158101558685303,0.864903450012207,2.784944772720337,label_Tbl,label_Tbl,effective_linear_approx_from_2_linear_layers
20607,C_Tbl_correct,L1_ch80:96,1,80:96,1249.456298828125,1312.3775634765625,14.371170043945312,-1.5540987253189087,3.844966411590576,-1.444077491760254,1.675328016281128,-0.11002123355865479,2.1696383953094482,label_Tbl,label_Tbl,effective_linear_approx_from_2_linear_layers
20608,C_Tbl_correct,L1_ch80:96,1,80:96,1217.736083984375,1267.8741455078125,14.518933296203613,-0.3215404450893402,2.2801437377929688,-2.4426333904266357,-1.8270044326782227,2.1210930347442627,4.107148170471191,label_Tbl,label_Tbqq,effective_linear_approx_from_2_linear_layers
20609,C_Tbl_correct,L1_ch80:96,1,80:96,743.246826171875,935.515869140625,13.837918281555176,-1.6445579528808594,4.755596160888672,-2.211284637451172,1.8674507141113281,0.5667266845703125,2.8881454467773438,label_Tbl,label_Tbl,effective_linear_approx_from_2_linear_layers
20610,C_Tbl_correct,L1_ch80:96,1,80:96,882.8798217773438,1028.9908447265625,20.305166244506836,-32.07012176513672,-3.977949619293213,-23.76044273376465,-5.521814823150635,-8.30967903137207,1.5438652038574219,label_Tbl,label_Tbl,effective_linear_approx_from_2_linear_layers
12308,A_protected_highiso,L2_ch0:32,2,0:32,10.569494247436523,8.951322555541992,0.18900689482688904,2.8798811435699463,2.3204500675201416,0.8604007959365845,1.0236120223999023,2.0194802284240723,1.2968380451202393,label_Hqql,label_Tbl,effective_linear_approx_from_2_linear_layers
12358,A_protected_highiso,L2_ch0:32,2,0:32,11.357986450195312,8.229036331176758,0.23229722678661346,3.6764919757843018,-0.03516805171966553,2.6035540103912354,-0.7813443541526794,1.0729379653930664,0.7461763024330139,label_Hqql,label_Hqql,effective_linear_approx_from_2_linear_layers
12438,A_protected_highiso,L2_ch0:32,2,0:32,11.551994323730469,9.871749877929688,0.19993725419044495,3.9234845638275146,-0.10843008756637573,2.5735838413238525,-1.4945080280303955,1.349900722503662,1.386077880859375,label_Hqql,label_Hqql,effective_linear_approx_from_2_linear_layers
12442,A_protected_highiso,L2_ch0:32,2,0:32,6.030287265777588,3.476175546646118,0.22145643830299377,-0.7737846970558167,-2.784149169921875,-2.2082343101501465,-3.632963180541992,1.4344496726989746,0.8488140106201172,label_Hqql,label_Hqql,effective_linear_approx_from_2_linear_layers
12509,A_protected_highiso,L2_ch0:32,2,0:32,8.032143592834473,5.826438903808594,0.23072530329227448,2.336242198944092,-3.7907845973968506,0.9366199970245361,-5.1494598388671875,1.3996222019195557,1.358675241470337,label_Hqql,label_Hqql,effective_linear_approx_from_2_linear_layers
12592,A_protected_highiso,L2_ch0:32,2,0:32,11.388608932495117,8.625843048095703,0.24740952253341675,3.8408658504486084,0.22529035806655884,2.7580268383026123,-0.7644251585006714,1.082839012145996,0.9897155165672302,label_Hqql,label_Hqql,effective_linear_approx_from_2_linear_layers
12784,A_protected_highiso,L2_ch0:32,2,0:32,16.7691593170166,14.145448684692383,0.23513425886631012,0.6267354488372803,-1.8696691989898682,-1.64761221408844,-2.4300951957702637,2.2743477821350098,0.5604259967803955,label_Hqql,label_Hqql,effective_linear_approx_from_2_linear_layers
13089,A_protected_highiso,L2_ch0:32,2,0:32,10.29550552368164,7.346662521362305,0.22064612805843353,0.8011832237243652,-4.292499542236328,-0.11838829517364502,-3.9970507621765137,0.9195715188980103,-0.29544878005981445,label_Hqql,label_Hqql,effective_linear_approx_from_2_linear_layers
13279,A_protected_highiso,L2_ch0:32,2,0:32,7.803811073303223,7.001245498657227,0.12103540450334549,1.0377165079116821,-0.44531047344207764,-0.5178049802780151,-1.4359666109085083,1.5555214881896973,0.9906561374664307,label_Hqql,label_Hqql,effective_linear_approx_from_2_linear_layers
13374,A_protected_highiso,L2_ch0:32,2,0:32,14.325926780700684,11.874185562133789,0.27108845114707947,3.0433714389801025,0.4021151065826416,0.07996544241905212,-1.4002087116241455,2.9634060859680176,1.802323818206787,label_Hqql,label_Hqql,effective_linear_approx_from_2_linear_layers
13400,A_protected_highiso,L2_ch0:32,2,0:32,6.8024001121521,4.981467247009277,0.17171454429626465,1.0845355987548828,-1.5090107917785645,0.017466336488723755,-2.3581790924072266,1.0670692920684814,0.8491683006286621,label_Hqql,label_Hqql,effective_linear_approx_from_2_linear_layers
13529,A_protected_highiso,L2_ch0:32,2,0:32,9.912962913513184,6.889869213104248,0.22264881432056427,3.0854218006134033,-1.1953595876693726,2.000809669494629,-1.2399036884307861,1.0846121311187744,0.044544100761413574,label_Hqql,label_Hqql,effective_linear_approx_from_2_linear_layers
13897,A_protected_highiso,L2_ch0:32,2,0:32,9.265393257141113,5.964733123779297,0.19690045714378357,2.0386478900909424,-4.467491626739502,1.298937201499939,-4.926661968231201,0.7397106885910034,0.4591703414916992,label_Hqql,label_Hqql,effective_linear_approx_from_2_linear_layers
14139,A_protected_highiso,L2_ch0:32,2,0:32,16.77277374267578,10.730575561523438,0.41862955689430237,4.718297958374023,-1.789663314819336,2.0882561206817627,-3.7603025436401367,2.6300418376922607,1.9706392288208008,label_Hqql,label_Hqql,effective_linear_approx_from_2_linear_layers
14355,A_protected_highiso,L2_ch0:32,2,0:32,8.054443359375,6.059225082397461,0.18528443574905396,3.0546371936798096,-1.1560205221176147,0.8629151582717896,-3.0821235179901123,2.1917219161987305,1.9261029958724976,label_Hqql,label_Hqql,effective_linear_approx_from_2_linear_layers
14381,A_protected_highiso,L2_ch0:32,2,0:32,8.266260147094727,7.352288722991943,0.1449824720621109,3.28680682182312,1.983764410018921,1.6739120483398438,0.6653825044631958,1.6128947734832764,1.318381905555725,label_Hqql,label_Hqql,effective_linear_approx_from_2_linear_layers
14596,A_protected_highiso,L2_ch0:32,2,0:32,5.633455753326416,5.339016437530518,0.13077037036418915,1.7071079015731812,0.4329977035522461,0.2752682864665985,-0.6613024473190308,1.4318395853042603,1.0943001508712769,label_Hqql,label_Hqql,effective_linear_approx_from_2_linear_layers
14600,A_protected_highiso,L2_ch0:32,2,0:32,13.73766803741455,10.643997192382812,0.28783512115478516,3.449733018875122,-0.9093831777572632,1.95431649684906,-2.87216854095459,1.495416522026062,1.9627853631973267,label_Hqql,label_Hqql,effective_linear_approx_from_2_linear_layers
14625,A_protected_highiso,L2_ch0:32,2,0:32,5.691283226013184,5.193782329559326,0.10368794947862625,1.7360154390335083,0.40641188621520996,1.0063387155532837,-0.09154319763183594,0.7296767234802246,0.4979550838470459,label_Hqql,label_Hqql,effective_linear_approx_from_2_linear_layers
14742,A_protected_highiso,L2_ch0:32,2,0:32,8.191784858703613,6.938596725463867,0.15490327775478363,2.9145562648773193,0.979590892791748,0.787418007850647,-0.5233245491981506,2.127138137817383,1.502915382385254,label_Hqql,label_Hqql,effective_linear_approx_from_2_linear_layers
14991,A_protected_highiso,L2_ch0:32,2,0:32,9.630453109741211,6.838706970214844,0.2350902259349823,3.5207407474517822,-1.2534875869750977,2.7152044773101807,-1.460126280784607,0.8055362701416016,0.20663869380950928,label_Hqql,label_Hqql,effective_linear_approx_from_2_linear_layers
14999,A_protected_highiso,L2_ch0:32,2,0:32,6.033389091491699,5.7848615646362305,0.21909822523593903,2.903455972671509,2.343428134918213,1.7313133478164673,1.4016342163085938,1.1721426248550415,0.9417939186096191,label_Hqql,label_Hqql,effective_linear_approx_from_2_linear_layers
15006,A_protected_highiso,L2_ch0:32,2,0:32,11.572051048278809,10.252735137939453,0.18974974751472473,2.8276960849761963,1.5310747623443604,2.3546016216278076,1.700678825378418,0.47309446334838867,-0.16960406303405762,label_Hqql,label_Hqql,effective_linear_approx_from_2_linear_layers
15112,A_protected_highiso,L2_ch0:32,2,0:32,9.810176849365234,7.605442047119141,0.183563232421875,3.7518503665924072,1.2203036546707153,2.545201539993286,0.32228797674179077,1.206648826599121,0.8980156779289246,label_Hqql,label_Hqql,effective_linear_approx_from_2_linear_layers
15233,A_protected_highiso,L2_ch0:32,2,0:32,7.6664838790893555,7.286808490753174,0.18375372886657715,3.491706132888794,1.4985852241516113,2.469146966934204,1.117917776107788,1.0225591659545898,0.38066744804382324,label_Hqql,label_Hqql,effective_linear_approx_from_2_linear_layers
15292,A_protected_highiso,L2_ch0:32,2,0:32,11.630339622497559,7.926271915435791,0.30667388439178467,0.5992239713668823,-1.5581605434417725,-0.5470746755599976,-1.6239923238754272,1.1462986469268799,0.06583178043365479,label_Hqql,label_Hqql,effective_linear_approx_from_2_linear_layers
15512,A_protected_highiso,L2_ch0:32,2,0:32,6.309913158416748,4.679228782653809,0.15845587849617004,0.1927480399608612,-1.5594489574432373,-0.3968673348426819,-1.8680516481399536,0.5896153450012207,0.3086026906967163,label_Hqql,label_Hqql,effective_linear_approx_from_2_linear_layers
15540,A_protected_highiso,L2_ch0:32,2,0:32,12.891857147216797,9.61461353302002,0.2778033912181854,3.0957701206207275,-1.7905685901641846,1.3734580278396606,-2.6530587673187256,1.722312092781067,0.862490177154541,label_Hqql,label_Hqql,effective_linear_approx_from_2_linear_layers
15590,A_protected_highiso,L2_ch0:32,2,0:32,12.430088996887207,9.701863288879395,0.24581842124462128,2.1016886234283447,0.1945817470550537,-0.8057291507720947,-1.9489892721176147,2.9074177742004395,2.143570899963379,label_Hqql,label_Hqql,effective_linear_approx_from_2_linear_layers
15684,A_protected_highiso,L2_ch0:32,2,0:32,10.94598388671875,8.66503620147705,0.2394542694091797,2.2241780757904053,1.5490450859069824,-0.24661991000175476,0.16749000549316406,2.4707980155944824,1.3815550804138184,label_Hqql,label_Tbl,effective_linear_approx_from_2_linear_layers
15800,A_protected_highiso,L2_ch0:32,2,0:32,8.040724754333496,4.372073173522949,0.24553419649600983,1.333858609199524,-1.9936835765838623,-0.5656445026397705,-2.647745132446289,1.8995031118392944,0.6540615558624268,label_Hqql,label_Hqql,effective_linear_approx_from_2_linear_layers
16360,A_protected_highiso,L2_ch0:32,2,0:32,10.95959758758545,10.601259231567383,0.18684269487857819,2.5295865535736084,-1.135614037513733,0.8648401498794556,-2.9131343364715576,1.6647464036941528,1.7775202989578247,label_Hqql,label_Hqql,effective_linear_approx_from_2_linear_layers
12649,B_confused_highiso,L2_ch0:32,2,0:32,11.773926734924316,14.145477294921875,0.1678379625082016,-1.1446819305419922,1.439178705215454,-3.4353041648864746,-0.5711854696273804,2.2906222343444824,2.010364055633545,label_Tbl,label_Tbl,effective_linear_approx_from_2_linear_layers
12982,B_confused_highiso,L2_ch0:32,2,0:32,9.967745780944824,9.721797943115234,0.17552374303340912,0.9109939336776733,2.2985732555389404,-1.364876627922058,0.6667598485946655,2.2758705615997314,1.631813406944275,label_Tbl,label_Tbl,effective_linear_approx_from_2_linear_layers
13045,B_confused_highiso,L2_ch0:32,2,0:32,11.94829273223877,11.238985061645508,0.16787919402122498,1.867108941078186,1.9097933769226074,0.6985489130020142,1.120274305343628,1.1685600280761719,0.7895190715789795,label_Tbl,label_Tbl,effective_linear_approx_from_2_linear_layers
13583,B_confused_highiso,L2_ch0:32,2,0:32,8.082463264465332,8.245987892150879,0.1534561812877655,-3.069281816482544,-1.067929983139038,-3.9846558570861816,-1.8042771816253662,0.9153740406036377,0.7363471984863281,label_Tbl,label_Tbl,effective_linear_approx_from_2_linear_layers
13787,B_confused_highiso,L2_ch0:32,2,0:32,6.511288642883301,6.71386194229126,0.16759395599365234,0.2757050693035126,1.8257653713226318,-1.4952894449234009,0.45898473262786865,1.7709945440292358,1.3667806386947632,label_Tbl,label_Tbl,effective_linear_approx_from_2_linear_layers
13997,B_confused_highiso,L2_ch0:32,2,0:32,6.414769172668457,7.084782123565674,0.21513377130031586,0.07427099347114563,3.3213210105895996,-2.251185417175293,1.5643508434295654,2.325456380844116,1.7569701671600342,label_Tbl,label_Tbl,effective_linear_approx_from_2_linear_layers
14711,B_confused_highiso,L2_ch0:32,2,0:32,13.887487411499023,16.35745620727539,0.19372202455997467,0.5512353181838989,2.793661117553711,-0.15928420424461365,2.0037264823913574,0.710519552230835,0.7899346351623535,label_Tbl,label_Tbl,effective_linear_approx_from_2_linear_layers
15288,B_confused_highiso,L2_ch0:32,2,0:32,8.463133811950684,8.4163179397583,0.12477842718362808,0.5876303911209106,1.5895590782165527,-0.9134769439697266,0.2926301956176758,1.5011073350906372,1.296928882598877,label_Tbl,label_Tbl,effective_linear_approx_from_2_linear_layers
15528,B_confused_highiso,L2_ch0:32,2,0:32,7.092907428741455,5.841197490692139,0.20874862372875214,-2.2324254512786865,-1.5633301734924316,-3.0684401988983154,-0.8170731067657471,0.8360147476196289,-0.7462570667266846,label_Tbl,label_Tbl,effective_linear_approx_from_2_linear_layers
15658,B_confused_highiso,L2_ch0:32,2,0:32,7.9826741218566895,7.4731364250183105,0.1792050451040268,-0.7616251707077026,1.0893653631210327,-2.7910878658294678,0.2597046494483948,2.0294628143310547,0.8296607136726379,label_Tbl,label_Tbl,effective_linear_approx_from_2_linear_layers
15893,B_confused_highiso,L2_ch0:32,2,0:32,8.169422149658203,7.884533405303955,0.19021905958652496,1.474683165550232,3.4176025390625,-0.2541886270046234,2.4492969512939453,1.7288718223571777,0.9683055877685547,label_Tbl,label_Tbl,effective_linear_approx_from_2_linear_layers
20480,C_Tbl_correct,L2_ch0:32,2,0:32,22.76816749572754,25.90752410888672,0.3232361972332001,-3.4155938625335693,5.567715167999268,-6.710066318511963,4.260975360870361,3.2944724559783936,1.3067398071289062,label_Tbl,label_Tbl,effective_linear_approx_from_2_linear_layers
20481,C_Tbl_correct,L2_ch0:32,2,0:32,9.369418144226074,12.06847858428955,0.1590884029865265,-8.323958396911621,3.418581008911133,-10.043035507202148,2.4000258445739746,1.7190771102905273,1.0185551643371582,label_Tbl,label_Tbl,effective_linear_approx_from_2_linear_layers
20482,C_Tbl_correct,L2_ch0:32,2,0:32,14.572607040405273,15.71713924407959,0.3074290454387665,-4.979280948638916,0.3209437131881714,-6.042505264282227,-0.7106014490127563,1.0632243156433105,1.0315451622009277,label_Tbl,label_Tbl,effective_linear_approx_from_2_linear_layers
20483,C_Tbl_correct,L2_ch0:32,2,0:32,8.090019226074219,10.817957878112793,0.11294537782669067,-5.344690322875977,3.844911575317383,-7.763136386871338,1.7541069984436035,2.4184460639953613,2.0908045768737793,label_Tbl,label_Tbl,effective_linear_approx_from_2_linear_layers
20484,C_Tbl_correct,L2_ch0:32,2,0:32,8.72522258758545,10.768505096435547,0.17045405507087708,-7.005253791809082,-0.24870026111602783,-10.689142227172852,-2.8600926399230957,3.6838884353637695,2.6113924980163574,label_Tbl,label_Tbl,effective_linear_approx_from_2_linear_layers
20485,C_Tbl_correct,L2_ch0:32,2,0:32,8.146628379821777,10.431567192077637,0.20195484161376953,-9.797272682189941,0.8641380071640015,-10.125946998596191,0.5963215827941895,0.32867431640625,0.267816424369812,label_Tbl,label_Tbl,effective_linear_approx_from_2_linear_layers
20486,C_Tbl_correct,L2_ch0:32,2,0:32,4.320127487182617,5.106838703155518,0.15906068682670593,-2.318092107772827,1.1826121807098389,-2.7252728939056396,1.099790096282959,0.4071807861328125,0.08282208442687988,label_Tbl,label_Tbl,effective_linear_approx_from_2_linear_layers
20487,C_Tbl_correct,L2_ch0:32,2,0:32,9.724294662475586,14.62535572052002,0.14785154163837433,-15.49501895904541,1.4054656028747559,-18.806062698364258,-1.6315784454345703,3.3110437393188477,3.037044048309326,label_Tbl,label_Tbl,effective_linear_approx_from_2_linear_layers
20488,C_Tbl_correct,L2_ch0:32,2,0:32,6.544449806213379,6.656350612640381,0.1690722405910492,1.45091712474823,2.486684799194336,0.29925647377967834,1.8078587055206299,1.151660680770874,0.678826093673706,label_Tbl,label_Tbl,effective_linear_approx_from_2_linear_layers
20489,C_Tbl_correct,L2_ch0:32,2,0:32,13.360040664672852,16.830154418945312,0.24373506009578705,-11.290022850036621,0.22091031074523926,-12.20849323272705,-0.6482181549072266,0.9184703826904297,0.8691284656524658,label_Tbl,label_Tbl,effective_linear_approx_from_2_linear_layers
20490,C_Tbl_correct,L2_ch0:32,2,0:32,6.959636211395264,7.761970520019531,0.09309126436710358,0.11851462721824646,2.9853603839874268,-0.7884019613265991,2.3550865650177,0.906916618347168,0.6302738189697266,label_Tbl,label_Tbl,effective_linear_approx_from_2_linear_layers
20491,C_Tbl_correct,L2_ch0:32,2,0:32,8.760663032531738,11.259241104125977,0.12299707531929016,-4.214057922363281,4.654110908508301,-6.758467674255371,2.387448310852051,2.54440975189209,2.26666259765625,label_Tbl,label_Tbl,effective_linear_approx_from_2_linear_layers
20492,C_Tbl_correct,L2_ch0:32,2,0:32,12.13394546508789,14.317453384399414,0.21145203709602356,-0.41307559609413147,2.090147018432617,-1.4504722356796265,1.1179879903793335,1.0373966693878174,0.9721590280532837,label_Tbl,label_Tbl,effective_linear_approx_from_2_linear_layers
20493,C_Tbl_correct,L2_ch0:32,2,0:32,11.865097045898438,11.465859413146973,0.17075495421886444,1.4081308841705322,2.90766978263855,-0.026348084211349487,2.1180551052093506,1.434478998184204,0.7896146774291992,label_Tbl,label_Tbl,effective_linear_approx_from_2_linear_layers
20494,C_Tbl_correct,L2_ch0:32,2,0:32,10.141897201538086,13.459716796875,0.14089666306972504,-7.099913120269775,5.462751865386963,-10.047043800354004,3.1444437503814697,2.9471306800842285,2.318308115005493,label_Tbl,label_Tbl,effective_linear_approx_from_2_linear_layers
20495,C_Tbl_correct,L2_ch0:32,2,0:32,14.634832382202148,14.628293991088867,0.2511054277420044,1.8798390626907349,2.9556238651275635,0.4411909878253937,2.1263763904571533,1.4386481046676636,0.8292474746704102,label_Tbl,label_Tbl,effective_linear_approx_from_2_linear_layers
20496,C_Tbl_correct,L2_ch0:32,2,0:32,8.181842803955078,9.075630187988281,0.11147851496934891,-6.729451656341553,-0.5860624313354492,-10.019185066223145,-3.4528698921203613,3.289733409881592,2.866807460784912,label_Tbl,label_Tbl,effective_linear_approx_from_2_linear_layers
20497,C_Tbl_correct,L2_ch0:32,2,0:32,11.094315528869629,14.625189781188965,0.2479676902294159,-12.069754600524902,3.5387611389160156,-15.840004920959473,0.5014300346374512,3.7702503204345703,3.0373311042785645,label_Tbl,label_Tbl,effective_linear_approx_from_2_linear_layers
20498,C_Tbl_correct,L2_ch0:32,2,0:32,15.85158634185791,16.34605598449707,0.2777201235294342,1.7666112184524536,2.780198097229004,-0.33269062638282776,1.7838633060455322,2.099301815032959,0.9963347911834717,label_Tbl,label_Tbl,effective_linear_approx_from_2_linear_layers
20499,C_Tbl_correct,L2_ch0:32,2,0:32,8.012726783752441,10.65842056274414,0.12619957327842712,-3.2735793590545654,3.8245882987976074,-4.320888519287109,3.232299566268921,1.047309160232544,0.5922887325286865,label_Tbl,label_Tbl,effective_linear_approx_from_2_linear_layers
20500,C_Tbl_correct,L2_ch0:32,2,0:32,17.200098037719727,23.884170532226562,0.22567793726921082,-6.415186405181885,2.666245460510254,-7.416364669799805,0.6746695041656494,1.00117826461792,1.9915759563446045,label_Tbl,label_Tbl,effective_linear_approx_from_2_linear_layers
20501,C_Tbl_correct,L2_ch0:32,2,0:32,15.189733505249023,20.62181854248047,0.19404436647891998,-7.150689125061035,3.5026817321777344,-8.374964714050293,1.4865977764129639,1.2242755889892578,2.0160839557647705,label_Tbl,label_Tbl,effective_linear_approx_from_2_linear_layers
20502,C_Tbl_correct,L2_ch0:32,2,0:32,11.584680557250977,17.121505737304688,0.18193446099758148,-4.627233028411865,4.754775047302246,-6.175225734710693,3.0281994342803955,1.5479927062988281,1.7265756130218506,label_Tbl,label_Tbl,effective_linear_approx_from_2_linear_layers
20503,C_Tbl_correct,L2_ch0:32,2,0:32,8.962063789367676,12.1304349899292,0.1619608998298645,-7.358910083770752,2.018247604370117,-7.9904022216796875,1.4167914390563965,0.6314921379089355,0.6014561653137207,label_Tbl,label_Tbl,effective_linear_approx_from_2_linear_layers
20504,C_Tbl_correct,L2_ch0:32,2,0:32,7.855243682861328,9.019936561584473,0.1808049976825714,-1.6289256811141968,3.2367241382598877,-2.736279249191284,2.88405179977417,1.1073535680770874,0.3526723384857178,label_Tbl,label_Tbl,effective_linear_approx_from_2_linear_layers
20505,C_Tbl_correct,L2_ch0:32,2,0:32,5.746823787689209,7.946308612823486,0.09801917523145676,-0.028958529233932495,3.8411617279052734,-0.6470763683319092,3.3125059604644775,0.6181178092956543,0.5286557674407959,label_Tbl,label_Tbl,effective_linear_approx_from_2_linear_layers
20506,C_Tbl_correct,L2_ch0:32,2,0:32,5.494795322418213,4.7940263748168945,0.18620377779006958,-2.067615509033203,1.028699278831482,-3.0127010345458984,0.6405072212219238,0.9450855255126953,0.3881920576095581,label_Tbl,label_Tbl,effective_linear_approx_from_2_linear_layers
20507,C_Tbl_correct,L2_ch0:32,2,0:32,5.5083909034729,8.863475799560547,0.26225775480270386,-12.013851165771484,0.5190858840942383,-13.425286293029785,-0.2685876488685608,1.4114351272583008,0.7876735329627991,label_Tbl,label_Tbl,effective_linear_approx_from_2_linear_layers
20508,C_Tbl_correct,L2_ch0:32,2,0:32,11.044175148010254,15.632405281066895,0.17675955593585968,-5.569357395172119,5.3123321533203125,-6.694343090057373,4.275580406188965,1.124985694885254,1.0367517471313477,label_Tbl,label_Tbl,effective_linear_approx_from_2_linear_layers
20509,C_Tbl_correct,L2_ch0:32,2,0:32,14.093881607055664,20.101364135742188,0.3288421034812927,-23.165132522583008,0.5695033073425293,-24.15012550354004,-0.6399387121200562,0.9849929809570312,1.2094420194625854,label_Tbl,label_Tbl,effective_linear_approx_from_2_linear_layers
20510,C_Tbl_correct,L2_ch0:32,2,0:32,8.033454895019531,8.407487869262695,0.11087522655725479,-0.14782890677452087,3.1821351051330566,-1.2667396068572998,2.6198976039886475,1.1189106702804565,0.5622375011444092,label_Tbl,label_Tbl,effective_linear_approx_from_2_linear_layers
20511,C_Tbl_correct,L2_ch0:32,2,0:32,15.37717056274414,17.866901397705078,0.26128706336021423,1.8585759401321411,3.3131091594696045,0.6894456148147583,1.5184195041656494,1.1691303253173828,1.794689655303955,label_Tbl,label_Tbl,effective_linear_approx_from_2_linear_layers
20512,C_Tbl_correct,L2_ch0:32,2,0:32,8.846883773803711,11.552677154541016,0.13376742601394653,-0.7726041674613953,4.452902793884277,-1.3594461679458618,3.6883950233459473,0.5868420004844666,0.7645077705383301,label_Tbl,label_Tbl,effective_linear_approx_from_2_linear_layers
20513,C_Tbl_correct,L2_ch0:32,2,0:32,10.323768615722656,14.406558990478516,0.1491757482290268,-13.804064750671387,5.065451622009277,-17.905195236206055,1.6940531730651855,4.101130485534668,3.371398448944092,label_Tbl,label_Tbl,effective_linear_approx_from_2_linear_layers
20514,C_Tbl_correct,L2_ch0:32,2,0:32,13.013895034790039,15.963042259216309,0.17601342499256134,-3.4543652534484863,3.1841068267822266,-5.472477436065674,1.6882500648498535,2.0181121826171875,1.495856761932373,label_Tbl,label_Tbl,effective_linear_approx_from_2_linear_layers
20515,C_Tbl_correct,L2_ch0:32,2,0:32,12.148563385009766,14.871441841125488,0.16821332275867462,-4.892578125,6.0447998046875,-7.040050506591797,4.360872268676758,2.147472381591797,1.6839275360107422,label_Tbl,label_Tbl,effective_linear_approx_from_2_linear_layers
20516,C_Tbl_correct,L2_ch0:32,2,0:32,16.23880386352539,23.713714599609375,0.39178767800331116,-17.896024703979492,1.523951768875122,-25.122339248657227,-5.226517200469971,7.226314544677734,6.750469207763672,label_Tbl,label_Tbl,effective_linear_approx_from_2_linear_layers
20517,C_Tbl_correct,L2_ch0:32,2,0:32,8.412046432495117,10.686088562011719,0.13990896940231323,-4.649143695831299,3.4481582641601562,-5.671435832977295,2.842362403869629,1.022292137145996,0.6057958602905273,label_Tbl,label_Tbl,effective_linear_approx_from_2_linear_layers
20518,C_Tbl_correct,L2_ch0:32,2,0:32,10.584711074829102,10.79345703125,0.17737118899822235,-4.387455940246582,1.6583824157714844,-5.581942081451416,1.089677333831787,1.194486141204834,0.5687050819396973,label_Tbl,label_Tbl,effective_linear_approx_from_2_linear_layers
20519,C_Tbl_correct,L2_ch0:32,2,0:32,8.26248550415039,9.581011772155762,0.13533417880535126,-1.7640184164047241,5.0186767578125,-2.863611936569214,4.228878021240234,1.0995935201644897,0.7897987365722656,label_Tbl,label_Tbl,effective_linear_approx_from_2_linear_layers
20520,C_Tbl_correct,L2_ch0:32,2,0:32,10.91781997680664,11.3095121383667,0.14738401770591736,-2.763209819793701,2.6747851371765137,-6.326113224029541,0.24011754989624023,3.56290340423584,2.4346675872802734,label_Tbl,label_Tbl,effective_linear_approx_from_2_linear_layers
20521,C_Tbl_correct,L2_ch0:32,2,0:32,8.039901733398438,10.75827407836914,0.12181515246629715,-4.277113437652588,3.148054838180542,-6.9616899490356445,1.0643246173858643,2.6845765113830566,2.0837302207946777,label_Tbl,label_Tbl,effective_linear_approx_from_2_linear_layers
20522,C_Tbl_correct,L2_ch0:32,2,0:32,12.828169822692871,18.719898223876953,0.2172790765762329,-10.377086639404297,5.835184574127197,-12.193885803222656,4.231571674346924,1.8167991638183594,1.6036128997802734,label_Tbl,label_Tbl,effective_linear_approx_from_2_linear_layers
20523,C_Tbl_correct,L2_ch0:32,2,0:32,12.077451705932617,17.049976348876953,0.2421259582042694,-12.26170539855957,4.758785247802734,-13.334271430969238,3.638838768005371,1.072566032409668,1.1199464797973633,label_Tbl,label_Tbl,effective_linear_approx_from_2_linear_layers
20524,C_Tbl_correct,L2_ch0:32,2,0:32,12.866364479064941,16.090492248535156,0.17861966788768768,-9.907485008239746,5.808475494384766,-11.350614547729492,4.569236755371094,1.443129539489746,1.2392387390136719,label_Tbl,label_Tbl,effective_linear_approx_from_2_linear_layers
20525,C_Tbl_correct,L2_ch0:32,2,0:32,10.249399185180664,15.397395133972168,0.18884675204753876,-4.150577545166016,4.320821762084961,-5.156003952026367,2.7289528846740723,1.0054264068603516,1.5918688774108887,label_Tbl,label_Tbl,effective_linear_approx_from_2_linear_layers
20526,C_Tbl_correct,L2_ch0:32,2,0:32,8.015073776245117,9.470898628234863,0.14090538024902344,-2.6185600757598877,4.92629337310791,-3.933820962905884,4.053657054901123,1.315260887145996,0.8726363182067871,label_Tbl,label_Tbl,effective_linear_approx_from_2_linear_layers
20527,C_Tbl_correct,L2_ch0:32,2,0:32,11.160759925842285,15.656255722045898,0.1820068359375,-4.200023174285889,2.437349796295166,-5.423948287963867,1.0315062999725342,1.2239251136779785,1.4058434963226318,label_Tbl,label_Tbl,effective_linear_approx_from_2_linear_layers
20528,C_Tbl_correct,L2_ch0:32,2,0:32,8.665882110595703,10.18662166595459,0.1573365479707718,-3.4559013843536377,2.358579397201538,-5.477044105529785,0.9011763334274292,2.0211427211761475,1.4574030637741089,label_Tbl,label_Tbl,effective_linear_approx_from_2_linear_layers
20529,C_Tbl_correct,L2_ch0:32,2,0:32,19.2002010345459,28.216354370117188,0.29152238368988037,-5.803777694702148,4.016561508178711,-6.3120646476745605,1.542726993560791,0.5082869529724121,2.47383451461792,label_Tbl,label_Tbl,effective_linear_approx_from_2_linear_layers
20530,C_Tbl_correct,L2_ch0:32,2,0:32,7.213051795959473,9.015742301940918,0.13699842989444733,-2.506561040878296,1.4336442947387695,-3.889956474304199,0.4123193025588989,1.3833954334259033,1.0213249921798706,label_Tbl,label_Tbl,effective_linear_approx_from_2_linear_layers
20531,C_Tbl_correct,L2_ch0:32,2,0:32,11.607062339782715,14.316396713256836,0.16925910115242004,-1.9821207523345947,5.543834686279297,-3.262437105178833,4.524855613708496,1.2803163528442383,1.0189790725708008,label_Tbl,label_Tbl,effective_linear_approx_from_2_linear_layers
20532,C_Tbl_correct,L2_ch0:32,2,0:32,9.80205249786377,6.070010185241699,0.2611292004585266,0.247257262468338,0.713881254196167,-0.8236209154129028,1.041630506515503,1.0708781480789185,-0.32774925231933594,label_Tbl,label_Tbl,effective_linear_approx_from_2_linear_layers
20533,C_Tbl_correct,L2_ch0:32,2,0:32,7.914850234985352,9.390478134155273,0.17498727142810822,-5.445600509643555,1.155488133430481,-7.1392130851745605,-0.07901477813720703,1.6936125755310059,1.234502911567688,label_Tbl,label_Tbl,effective_linear_approx_from_2_linear_layers
20534,C_Tbl_correct,L2_ch0:32,2,0:32,17.95740509033203,15.897115707397461,0.35290980339050293,0.7816365957260132,3.2905478477478027,-1.6298507452011108,2.9528942108154297,2.411487340927124,0.33765363693237305,label_Tbl,label_Tbl,effective_linear_approx_from_2_linear_layers
20535,C_Tbl_correct,L2_ch0:32,2,0:32,8.517191886901855,10.132513999938965,0.17714661359786987,-7.325348854064941,3.5674476623535156,-7.894827842712402,3.449007034301758,0.5694789886474609,0.11844062805175781,label_Tbl,label_Tbl,effective_linear_approx_from_2_linear_layers
20536,C_Tbl_correct,L2_ch0:32,2,0:32,10.861969947814941,13.11881160736084,0.20147402584552765,-6.239593982696533,3.0378172397613525,-9.698603630065918,0.7236881256103516,3.4590096473693848,2.314129114151001,label_Tbl,label_Tbl,effective_linear_approx_from_2_linear_layers
20537,C_Tbl_correct,L2_ch0:32,2,0:32,9.767339706420898,11.588894844055176,0.14062930643558502,-6.8023505210876465,4.003121376037598,-8.503756523132324,3.028731346130371,1.7014060020446777,0.9743900299072266,label_Tbl,label_Tbl,effective_linear_approx_from_2_linear_layers
20538,C_Tbl_correct,L2_ch0:32,2,0:32,8.318464279174805,11.77607250213623,0.21489004790782928,-15.231514930725098,0.19614934921264648,-16.48467254638672,-1.0455870628356934,1.253157615661621,1.2417364120483398,label_Tbl,label_Tbl,effective_linear_approx_from_2_linear_layers
20539,C_Tbl_correct,L2_ch0:32,2,0:32,5.931795120239258,5.462715148925781,0.15122388303279877,-3.083111047744751,1.0412347316741943,-4.925482749938965,-0.030618011951446533,1.8423717021942139,1.071852684020996,label_Tbl,label_Tbl,effective_linear_approx_from_2_linear_layers
20540,C_Tbl_correct,L2_ch0:32,2,0:32,15.073647499084473,16.66470718383789,0.2616133689880371,-2.3537757396698,3.8867902755737305,-4.191274642944336,2.822140693664551,1.8374989032745361,1.0646495819091797,label_Tbl,label_Tbl,effective_linear_approx_from_2_linear_layers
20541,C_Tbl_correct,L2_ch0:32,2,0:32,7.947605133056641,9.776812553405762,0.11504343152046204,-1.1788052320480347,3.001033306121826,-2.1921095848083496,2.089609146118164,1.013304352760315,0.9114241600036621,label_Tbl,label_Tbl,effective_linear_approx_from_2_linear_layers
20542,C_Tbl_correct,L2_ch0:32,2,0:32,9.486431121826172,11.55691146850586,0.1273430585861206,-1.8337246179580688,5.661347389221191,-2.8985159397125244,4.698732376098633,1.0647913217544556,0.9626150131225586,label_Tbl,label_Tbl,effective_linear_approx_from_2_linear_layers
20543,C_Tbl_correct,L2_ch0:32,2,0:32,11.698267936706543,16.638668060302734,0.15490968525409698,-6.508926868438721,1.177087664604187,-10.3534517288208,-2.585584878921509,3.84452486038208,3.7626724243164062,label_Tbl,label_Tbl,effective_linear_approx_from_2_linear_layers
20544,C_Tbl_correct,L2_ch0:32,2,0:32,16.81790542602539,15.517559051513672,0.2599840462207794,0.154287189245224,5.231097221374512,-2.7877068519592285,4.1678361892700195,2.9419939517974854,1.0632610321044922,label_Tbl,label_Tbl,effective_linear_approx_from_2_linear_layers
20545,C_Tbl_correct,L2_ch0:32,2,0:32,12.529524803161621,14.932709693908691,0.17696420848369598,-2.3922150135040283,5.881443023681641,-4.091860294342041,4.451180458068848,1.6996452808380127,1.430262565612793,label_Tbl,label_Tbl,effective_linear_approx_from_2_linear_layers
20546,C_Tbl_correct,L2_ch0:32,2,0:32,11.339000701904297,17.226945877075195,0.21006125211715698,-12.159850120544434,3.879822254180908,-18.183692932128906,-1.536010980606079,6.023842811584473,5.415833473205566,label_Tbl,label_Tbl,effective_linear_approx_from_2_linear_layers
20547,C_Tbl_correct,L2_ch0:32,2,0:32,14.107992172241211,24.49834442138672,0.3034161627292633,-7.429282188415527,3.4096450805664062,-6.697579383850098,1.2693281173706055,-0.7317028045654297,2.140316963195801,label_Tbl,label_Tbl,effective_linear_approx_from_2_linear_layers
20548,C_Tbl_correct,L2_ch0:32,2,0:32,16.881153106689453,19.4676456451416,0.3403265178203583,-13.616924285888672,1.9185154438018799,-16.097867965698242,0.42337489128112793,2.4809436798095703,1.495140552520752,label_Tbl,label_Tbl,effective_linear_approx_from_2_linear_layers
20549,C_Tbl_correct,L2_ch0:32,2,0:32,13.694568634033203,15.675609588623047,0.1816328465938568,-1.48212468624115,2.9703304767608643,-3.9175026416778564,1.1139355897903442,2.435378074645996,1.85639488697052,label_Tbl,label_Tbl,effective_linear_approx_from_2_linear_layers
20551,C_Tbl_correct,L2_ch0:32,2,0:32,8.899590492248535,10.626748085021973,0.23184648156166077,-10.534218788146973,2.308070182800293,-11.437292098999023,1.7076144218444824,0.9030733108520508,0.6004557609558105,label_Tbl,label_Tbl,effective_linear_approx_from_2_linear_layers
20552,C_Tbl_correct,L2_ch0:32,2,0:32,11.647918701171875,15.896544456481934,0.19361276924610138,-5.2904276847839355,6.331210136413574,-7.629160404205322,3.8173270225524902,2.3387327194213867,2.513883113861084,label_Tbl,label_Tbl,effective_linear_approx_from_2_linear_layers
20553,C_Tbl_correct,L2_ch0:32,2,0:32,8.164538383483887,13.73255443572998,0.15096504986286163,-12.588895797729492,0.31961750984191895,-14.493023872375488,-1.423852562904358,1.904128074645996,1.7434700727462769,label_Tbl,label_Tbl,effective_linear_approx_from_2_linear_layers
20554,C_Tbl_correct,L2_ch0:32,2,0:32,7.24665641784668,8.241108894348145,0.12793074548244476,-5.926273822784424,-0.10814142227172852,-6.197154521942139,-0.5395485162734985,0.27088069915771484,0.43140709400177,label_Tbl,label_Tbl,effective_linear_approx_from_2_linear_layers
20555,C_Tbl_correct,L2_ch0:32,2,0:32,9.202298164367676,12.351798057556152,0.14151456952095032,-3.30637526512146,5.60904598236084,-4.844466686248779,4.18147611618042,1.5380914211273193,1.42756986618042,label_Tbl,label_Tbl,effective_linear_approx_from_2_linear_layers
20556,C_Tbl_correct,L2_ch0:32,2,0:32,11.740528106689453,14.279887199401855,0.15240727365016937,-2.445554494857788,6.802558898925781,-4.0536956787109375,5.700964450836182,1.6081411838531494,1.1015944480895996,label_Tbl,label_Tbl,effective_linear_approx_from_2_linear_layers
20557,C_Tbl_correct,L2_ch0:32,2,0:32,11.043985366821289,11.693479537963867,0.2774018347263336,-3.359700918197632,2.8078014850616455,-5.842350959777832,1.7079596519470215,2.4826500415802,1.099841833114624,label_Tbl,label_Tbl,effective_linear_approx_from_2_linear_layers
20558,C_Tbl_correct,L2_ch0:32,2,0:32,8.741340637207031,10.922897338867188,0.14091438055038452,-1.4391149282455444,3.2439446449279785,-2.3661081790924072,2.5513546466827393,0.9269932508468628,0.6925899982452393,label_Tbl,label_Tbl,effective_linear_approx_from_2_linear_layers
20559,C_Tbl_correct,L2_ch0:32,2,0:32,11.490011215209961,10.508249282836914,0.1969628781080246,1.1572048664093018,4.391524314880371,-0.9555753469467163,3.8472414016723633,2.1127800941467285,0.5442829132080078,label_Tbl,label_Tbl,effective_linear_approx_from_2_linear_layers
20560,C_Tbl_correct,L2_ch0:32,2,0:32,6.621510982513428,7.882905006408691,0.16594544053077698,-1.5890809297561646,1.7057223320007324,-2.4736649990081787,0.9383729696273804,0.8845840692520142,0.767349362373352,label_Tbl,label_Tbl,effective_linear_approx_from_2_linear_layers
20561,C_Tbl_correct,L2_ch0:32,2,0:32,6.015204429626465,6.154659271240234,0.15886704623699188,0.09894973039627075,2.3166799545288086,-1.0503617525100708,1.7320668697357178,1.1493115425109863,0.5846130847930908,label_Tbl,label_Tbl,effective_linear_approx_from_2_linear_layers
20562,C_Tbl_correct,L2_ch0:32,2,0:32,7.485681056976318,10.94427490234375,0.12112316489219666,-6.938263416290283,4.58643102645874,-10.049623489379883,1.7710647583007812,3.1113600730895996,2.815366268157959,label_Tbl,label_Tbl,effective_linear_approx_from_2_linear_layers
20564,C_Tbl_correct,L2_ch0:32,2,0:32,8.92439079284668,10.73695182800293,0.1540021002292633,-2.432300090789795,5.980310440063477,-3.8523976802825928,5.148540496826172,1.4200975894927979,0.8317699432373047,label_Tbl,label_Tbl,effective_linear_approx_from_2_linear_layers
20565,C_Tbl_correct,L2_ch0:32,2,0:32,9.562296867370605,10.23626708984375,0.13997302949428558,-5.727169513702393,1.041152000427246,-7.152609825134277,0.25398874282836914,1.4254403114318848,0.787163257598877,label_Tbl,label_Tbl,effective_linear_approx_from_2_linear_layers
20566,C_Tbl_correct,L2_ch0:32,2,0:32,12.205933570861816,14.307365417480469,0.17650169134140015,-8.600132942199707,6.319943428039551,-11.741643905639648,4.462248802185059,3.1415109634399414,1.8576946258544922,label_Tbl,label_Tbl,effective_linear_approx_from_2_linear_layers
20567,C_Tbl_correct,L2_ch0:32,2,0:32,15.128116607666016,17.06639862060547,0.22586344182491302,-4.862525463104248,2.7296507358551025,-8.544453620910645,0.92002272605896,3.6819281578063965,1.8096280097961426,label_Tbl,label_Tbl,effective_linear_approx_from_2_linear_layers
20568,C_Tbl_correct,L2_ch0:32,2,0:32,8.266958236694336,9.151613235473633,0.11491753160953522,-1.941705346107483,3.6906166076660156,-2.5840909481048584,3.248743772506714,0.6423856019973755,0.44187283515930176,label_Tbl,label_Tbl,effective_linear_approx_from_2_linear_layers
20569,C_Tbl_correct,L2_ch0:32,2,0:32,10.14153003692627,13.631268501281738,0.16321435570716858,-6.163444995880127,5.365515232086182,-9.07199764251709,2.896588087081909,2.908552646636963,2.4689271450042725,label_Tbl,label_Tbl,effective_linear_approx_from_2_linear_layers
20570,C_Tbl_correct,L2_ch0:32,2,0:32,11.632299423217773,13.213223457336426,0.23314610123634338,-2.3882973194122314,3.8580374717712402,-4.930602073669434,2.8126935958862305,2.542304754257202,1.0453438758850098,label_Tbl,label_Tbl,effective_linear_approx_from_2_linear_layers
20572,C_Tbl_correct,L2_ch0:32,2,0:32,8.957138061523438,11.934913635253906,0.14348211884498596,-3.8381855487823486,5.801542282104492,-7.490036487579346,2.467954635620117,3.651850938796997,3.333587646484375,label_Tbl,label_Tbl,effective_linear_approx_from_2_linear_layers
20573,C_Tbl_correct,L2_ch0:32,2,0:32,11.7434663772583,17.164627075195312,0.23330141603946686,-9.616639137268066,1.4819648265838623,-11.067896842956543,-0.08710587024688721,1.4512577056884766,1.5690706968307495,label_Tbl,label_Tbl,effective_linear_approx_from_2_linear_layers
20574,C_Tbl_correct,L2_ch0:32,2,0:32,14.90162467956543,19.1767635345459,0.21719717979431152,-2.1155569553375244,5.612147331237793,-3.3279006481170654,4.128406524658203,1.212343692779541,1.4837408065795898,label_Tbl,label_Tbl,effective_linear_approx_from_2_linear_layers
20575,C_Tbl_correct,L2_ch0:32,2,0:32,14.62660026550293,17.444570541381836,0.18285562098026276,-1.3338903188705444,3.0575461387634277,-2.357609510421753,1.9382176399230957,1.0237191915512085,1.119328498840332,label_Tbl,label_Tbl,effective_linear_approx_from_2_linear_layers
20576,C_Tbl_correct,L2_ch0:32,2,0:32,11.524117469787598,11.3892822265625,0.19277644157409668,2.396214485168457,4.752112865447998,0.3811763823032379,3.959951400756836,2.015038013458252,0.7921614646911621,label_Tbl,label_Tbl,effective_linear_approx_from_2_linear_layers
20577,C_Tbl_correct,L2_ch0:32,2,0:32,7.373249053955078,8.150861740112305,0.153061181306839,-3.3680903911590576,0.20628076791763306,-5.809976577758789,-1.5813004970550537,2.4418861865997314,1.787581205368042,label_Tbl,label_Tbl,effective_linear_approx_from_2_linear_layers
20578,C_Tbl_correct,L2_ch0:32,2,0:32,5.3508195877075195,6.804832935333252,0.07858622074127197,-4.175910472869873,3.974119186401367,-5.9184184074401855,2.735269784927368,1.7425079345703125,1.238849401473999,label_Tbl,label_Tbl,effective_linear_approx_from_2_linear_layers
20579,C_Tbl_correct,L2_ch0:32,2,0:32,14.165177345275879,10.90308952331543,0.30640366673469543,-2.3545081615448,4.619433403015137,-4.349895477294922,4.670973777770996,1.995387315750122,-0.051540374755859375,label_Tbl,label_Tbl,effective_linear_approx_from_2_linear_layers
20580,C_Tbl_correct,L2_ch0:32,2,0:32,12.230381965637207,10.251083374023438,0.2430591732263565,1.9851914644241333,2.4065029621124268,-0.6130565404891968,1.4311881065368652,2.59824800491333,0.9753148555755615,label_Tbl,label_Tbl,effective_linear_approx_from_2_linear_layers
20581,C_Tbl_correct,L2_ch0:32,2,0:32,14.089818000793457,15.12426471710205,0.23241952061653137,1.2359237670898438,6.019232273101807,-0.8966391086578369,5.15022087097168,2.1325628757476807,0.869011402130127,label_Tbl,label_Tbl,effective_linear_approx_from_2_linear_layers
20582,C_Tbl_correct,L2_ch0:32,2,0:32,10.228301048278809,11.948393821716309,0.19687116146087646,-1.247756838798523,3.8078556060791016,-3.385467767715454,2.489558696746826,2.1377110481262207,1.3182969093322754,label_Tbl,label_Tbl,effective_linear_approx_from_2_linear_layers
20583,C_Tbl_correct,L2_ch0:32,2,0:32,7.517885208129883,6.011336326599121,0.23110876977443695,-3.592552423477173,-1.305950403213501,-5.3285675048828125,-2.2693538665771484,1.7360150814056396,0.9634034633636475,label_Tbl,label_Tbl,effective_linear_approx_from_2_linear_layers
20584,C_Tbl_correct,L2_ch0:32,2,0:32,7.696467876434326,8.257686614990234,0.13875994086265564,-1.4826651811599731,3.788013458251953,-2.9198460578918457,2.9340453147888184,1.4371808767318726,0.8539681434631348,label_Tbl,label_Tbl,effective_linear_approx_from_2_linear_layers
20585,C_Tbl_correct,L2_ch0:32,2,0:32,5.5469865798950195,5.812469005584717,0.14586719870567322,-0.0545831024646759,2.1333298683166504,-1.3973591327667236,1.4202654361724854,1.3427760601043701,0.713064432144165,label_Tbl,label_Tbl,effective_linear_approx_from_2_linear_layers
20586,C_Tbl_correct,L2_ch0:32,2,0:32,12.15788745880127,14.276130676269531,0.17726503312587738,-3.2883360385894775,6.91164493560791,-5.01572847366333,5.719855785369873,1.7273924350738525,1.191789150238037,label_Tbl,label_Tbl,effective_linear_approx_from_2_linear_layers
20587,C_Tbl_correct,L2_ch0:32,2,0:32,10.762883186340332,10.376106262207031,0.16323359310626984,0.6400551795959473,1.8558003902435303,-1.3772228956222534,0.6089190244674683,2.0172781944274902,1.246881365776062,label_Tbl,label_Tbl,effective_linear_approx_from_2_linear_layers
20588,C_Tbl_correct,L2_ch0:32,2,0:32,9.956808090209961,13.950246810913086,0.1867048442363739,-12.73455810546875,3.5989036560058594,-13.81721019744873,2.713772773742676,1.0826520919799805,0.8851308822631836,label_Tbl,label_Tbl,effective_linear_approx_from_2_linear_layers
20589,C_Tbl_correct,L2_ch0:32,2,0:32,20.784217834472656,22.343338012695312,0.256738543510437,0.0678119957447052,5.8233642578125,-2.8943936824798584,3.838623046875,2.962205648422241,1.9847412109375,label_Tbl,label_Tbl,effective_linear_approx_from_2_linear_layers
20590,C_Tbl_correct,L2_ch0:32,2,0:32,13.67507553100586,16.30851936340332,0.1884567141532898,-2.458099365234375,4.3258771896362305,-3.934591054916382,3.1073851585388184,1.4764916896820068,1.218492031097412,label_Tbl,label_Tbl,effective_linear_approx_from_2_linear_layers
20591,C_Tbl_correct,L2_ch0:32,2,0:32,9.535902976989746,11.34665584564209,0.14075088500976562,-12.500035285949707,-2.8973684310913086,-16.253829956054688,-5.869111061096191,3.7537946701049805,2.971742630004883,label_Tbl,label_Tbl,effective_linear_approx_from_2_linear_layers
20592,C_Tbl_correct,L2_ch0:32,2,0:32,12.462223052978516,13.412586212158203,0.21003049612045288,-2.390016555786133,4.9523420333862305,-4.190619468688965,3.9971113204956055,1.800602912902832,0.955230712890625,label_Tbl,label_Tbl,effective_linear_approx_from_2_linear_layers
20593,C_Tbl_correct,L2_ch0:32,2,0:32,13.148089408874512,20.093856811523438,0.20863786339759827,-12.773773193359375,5.682262897491455,-15.095025062561035,3.6036367416381836,2.32125186920166,2.0786261558532715,label_Tbl,label_Tbl,effective_linear_approx_from_2_linear_layers
20594,C_Tbl_correct,L2_ch0:32,2,0:32,12.846939086914062,13.144367218017578,0.24923819303512573,-8.194696426391602,1.2670552730560303,-10.239630699157715,0.47598934173583984,2.0449342727661133,0.7910659313201904,label_Tbl,label_Tbl,effective_linear_approx_from_2_linear_layers
20595,C_Tbl_correct,L2_ch0:32,2,0:32,8.825231552124023,10.394957542419434,0.18246477842330933,2.1964261531829834,3.8113365173339844,1.336216688156128,2.9479026794433594,0.8602094650268555,0.863433837890625,label_Tbl,label_Tbl,effective_linear_approx_from_2_linear_layers
20596,C_Tbl_correct,L2_ch0:32,2,0:32,18.860118865966797,16.065399169921875,0.2904907166957855,1.5663825273513794,2.4178762435913086,-1.2920905351638794,1.2184436321258545,2.858473062515259,1.199432611465454,label_Tbl,label_Tbl,effective_linear_approx_from_2_linear_layers
20597,C_Tbl_correct,L2_ch0:32,2,0:32,10.946324348449707,16.296401977539062,0.28586870431900024,-8.835553169250488,6.454684734344482,-10.823760032653809,4.816028594970703,1.9882068634033203,1.6386561393737793,label_Tbl,label_Tbl,effective_linear_approx_from_2_linear_layers
20598,C_Tbl_correct,L2_ch0:32,2,0:32,5.176817893981934,6.094812393188477,0.15399493277072906,-4.133293151855469,-0.2882194519042969,-4.540433406829834,-0.5294929146766663,0.40714025497436523,0.24127346277236938,label_Tbl,label_Tbl,effective_linear_approx_from_2_linear_layers
20599,C_Tbl_correct,L2_ch0:32,2,0:32,8.040934562683105,14.392794609069824,0.3136885166168213,-7.5658392906188965,2.4927659034729004,-8.39980697631836,1.216912865638733,0.8339676856994629,1.2758530378341675,label_Tbl,label_Tbl,effective_linear_approx_from_2_linear_layers
20600,C_Tbl_correct,L2_ch0:32,2,0:32,7.4964447021484375,8.066028594970703,0.17874184250831604,0.9943289756774902,3.787447929382324,-0.3408454954624176,3.339118480682373,1.3351744413375854,0.44832944869995117,label_Tbl,label_Tbl,effective_linear_approx_from_2_linear_layers
20601,C_Tbl_correct,L2_ch0:32,2,0:32,17.335189819335938,17.84525489807129,0.25376343727111816,-2.863941192626953,2.986891508102417,-4.5725626945495605,2.1447653770446777,1.7086215019226074,0.8421261310577393,label_Tbl,label_Tbl,effective_linear_approx_from_2_linear_layers
20602,C_Tbl_correct,L2_ch0:32,2,0:32,8.698033332824707,7.825669288635254,0.16724620759487152,1.3297855854034424,3.123337745666504,0.007246583700180054,2.405571699142456,1.32253897190094,0.7177660465240479,label_Tbl,label_Tbl,effective_linear_approx_from_2_linear_layers
20603,C_Tbl_correct,L2_ch0:32,2,0:32,9.663923263549805,11.064146041870117,0.14366964995861053,-2.4934346675872803,2.7676706314086914,-3.478381872177124,2.0819671154022217,0.9849472045898438,0.6857035160064697,label_Tbl,label_Tbl,effective_linear_approx_from_2_linear_layers
20604,C_Tbl_correct,L2_ch0:32,2,0:32,10.845319747924805,17.997432708740234,0.19524867832660675,-18.169727325439453,0.3371521234512329,-21.97539710998535,-3.6840500831604004,3.8056697845458984,4.021202087402344,label_Tbl,label_Tbl,effective_linear_approx_from_2_linear_layers
20605,C_Tbl_correct,L2_ch0:32,2,0:32,7.1566162109375,9.340752601623535,0.14281415939331055,-8.415853500366211,1.4833178520202637,-9.463960647583008,0.5532050132751465,1.0481071472167969,0.9301128387451172,label_Tbl,label_Tbl,effective_linear_approx_from_2_linear_layers
20606,C_Tbl_correct,L2_ch0:32,2,0:32,14.173651695251465,16.68748664855957,0.18832992017269135,-2.1539418697357178,5.900754928588867,-3.541677713394165,4.836579322814941,1.3877358436584473,1.0641756057739258,label_Tbl,label_Tbl,effective_linear_approx_from_2_linear_layers
20607,C_Tbl_correct,L2_ch0:32,2,0:32,9.782951354980469,12.509040832519531,0.20707829296588898,-1.5540987253189087,3.844966411590576,-3.2369894981384277,2.170271158218384,1.682890772819519,1.6746952533721924,label_Tbl,label_Tbl,effective_linear_approx_from_2_linear_layers
20608,C_Tbl_correct,L2_ch0:32,2,0:32,7.92318868637085,9.309542655944824,0.1443113088607788,-0.3215404450893402,2.2801437377929688,-1.2124475240707397,1.0208473205566406,0.8909070491790771,1.2592964172363281,label_Tbl,label_Tbl,effective_linear_approx_from_2_linear_layers
20609,C_Tbl_correct,L2_ch0:32,2,0:32,11.25367259979248,14.171768188476562,0.1738111823797226,-1.6445579528808594,4.755596160888672,-2.662548303604126,3.772158622741699,1.0179903507232666,0.9834375381469727,label_Tbl,label_Tbl,effective_linear_approx_from_2_linear_layers
20610,C_Tbl_correct,L2_ch0:32,2,0:32,15.169525146484375,21.695457458496094,0.23255307972431183,-32.07012176513672,-3.977949619293213,-38.26028823852539,-9.25087833404541,6.190166473388672,5.272928714752197,label_Tbl,label_Tbl,effective_linear_approx_from_2_linear_layers
12308,A_protected_highiso,L2_ch32:64,2,32:64,18.452421188354492,22.199951171875,0.16893236339092255,2.8798811435699463,2.3204500675201416,2.681093692779541,2.118328094482422,0.19878745079040527,0.20212197303771973,label_Hqql,label_Hqql,effective_linear_approx_from_2_linear_layers
12358,A_protected_highiso,L2_ch32:64,2,32:64,11.470429420471191,12.411958694458008,0.14345678687095642,3.6764919757843018,-0.03516805171966553,3.446748971939087,-0.010517656803131104,0.22974300384521484,-0.024650394916534424,label_Hqql,label_Hqql,effective_linear_approx_from_2_linear_layers
12438,A_protected_highiso,L2_ch32:64,2,32:64,9.3032808303833,11.883747100830078,0.18212780356407166,3.9234845638275146,-0.10843008756637573,3.455629587173462,-0.7553417682647705,0.46785497665405273,0.6469116806983948,label_Hqql,label_Hqql,effective_linear_approx_from_2_linear_layers
12442,A_protected_highiso,L2_ch32:64,2,32:64,4.135480880737305,2.155595064163208,0.10404607653617859,-0.7737846970558167,-2.784149169921875,-0.5898804664611816,-2.2845659255981445,-0.183904230594635,-0.49958324432373047,label_Hqql,label_Hqql,effective_linear_approx_from_2_linear_layers
12509,A_protected_highiso,L2_ch32:64,2,32:64,7.03607177734375,4.2207489013671875,0.19955290853977203,2.336242198944092,-3.7907845973968506,1.6942871809005737,-3.5007073879241943,0.6419550180435181,-0.29007720947265625,label_Hqql,label_Hqql,effective_linear_approx_from_2_linear_layers
12592,A_protected_highiso,L2_ch32:64,2,32:64,14.028435707092285,13.044228553771973,0.23571738600730896,3.8408658504486084,0.22529035806655884,3.601647138595581,0.5404608249664307,0.23921871185302734,-0.3151704668998718,label_Hqql,label_Hqql,effective_linear_approx_from_2_linear_layers
12784,A_protected_highiso,L2_ch32:64,2,32:64,11.23131275177002,12.029584884643555,0.16687442362308502,0.6267354488372803,-1.8696691989898682,1.1504052877426147,-1.5682406425476074,-0.5236698389053345,-0.30142855644226074,label_Hqql,label_Hqql,effective_linear_approx_from_2_linear_layers
13089,A_protected_highiso,L2_ch32:64,2,32:64,5.308801651000977,4.557992458343506,0.12181425094604492,0.8011832237243652,-4.292499542236328,0.7558834552764893,-4.080022811889648,0.04529976844787598,-0.2124767303466797,label_Hqql,label_Hqql,effective_linear_approx_from_2_linear_layers
13279,A_protected_highiso,L2_ch32:64,2,32:64,11.469645500183105,17.245634078979492,0.11984444409608841,1.0377165079116821,-0.44531047344207764,1.4249197244644165,-1.2605102062225342,-0.3872032165527344,0.8151997327804565,label_Hqql,label_Hqql,effective_linear_approx_from_2_linear_layers
13374,A_protected_highiso,L2_ch32:64,2,32:64,12.316709518432617,13.362936019897461,0.13367860019207,3.0433714389801025,0.4021151065826416,3.1168105602264404,-0.12392890453338623,-0.07343912124633789,0.5260440111160278,label_Hqql,label_Hqql,effective_linear_approx_from_2_linear_layers
13400,A_protected_highiso,L2_ch32:64,2,32:64,9.685101509094238,7.493468761444092,0.1615723967552185,1.0845355987548828,-1.5090107917785645,1.3380690813064575,-0.621334433555603,-0.2535334825515747,-0.8876763582229614,label_Hqql,label_Hqql,effective_linear_approx_from_2_linear_layers
13529,A_protected_highiso,L2_ch32:64,2,32:64,11.293482780456543,11.59689712524414,0.11275283247232437,3.0854218006134033,-1.1953595876693726,3.3552842140197754,-1.352545976638794,-0.26986241340637207,0.1571863889694214,label_Hqql,label_Hqql,effective_linear_approx_from_2_linear_layers
13897,A_protected_highiso,L2_ch32:64,2,32:64,5.09328556060791,3.1492090225219727,0.15046672523021698,2.0386478900909424,-4.467491626739502,2.593806505203247,-3.970712423324585,-0.5551586151123047,-0.496779203414917,label_Hqql,label_Hqql,effective_linear_approx_from_2_linear_layers
14139,A_protected_highiso,L2_ch32:64,2,32:64,5.918511390686035,4.2227373123168945,0.1469375491142273,4.718297958374023,-1.789663314819336,3.881089925765991,-1.97639799118042,0.8372080326080322,0.18673467636108398,label_Hqql,label_Hqql,effective_linear_approx_from_2_linear_layers
14355,A_protected_highiso,L2_ch32:64,2,32:64,3.730658769607544,2.0508511066436768,0.12143611162900925,3.0546371936798096,-1.1560205221176147,3.0442864894866943,-0.9072409272193909,0.010350704193115234,-0.24877959489822388,label_Hqql,label_Hqql,effective_linear_approx_from_2_linear_layers
14381,A_protected_highiso,L2_ch32:64,2,32:64,11.727210998535156,14.029021263122559,0.16370412707328796,3.28680682182312,1.983764410018921,2.8705389499664307,1.6421735286712646,0.41626787185668945,0.34159088134765625,label_Hqql,label_Hqql,effective_linear_approx_from_2_linear_layers
14596,A_protected_highiso,L2_ch32:64,2,32:64,5.742726802825928,7.62315034866333,0.08605446666479111,1.7071079015731812,0.4329977035522461,1.556601881980896,0.04494965076446533,0.15050601959228516,0.38804805278778076,label_Hqql,label_Hqql,effective_linear_approx_from_2_linear_layers
14600,A_protected_highiso,L2_ch32:64,2,32:64,8.888835906982422,5.493310451507568,0.2621902525424957,3.449733018875122,-0.9093831777572632,2.882253408432007,-0.7664377093315125,0.5674796104431152,-0.14294546842575073,label_Hqql,label_Hqql,effective_linear_approx_from_2_linear_layers
14625,A_protected_highiso,L2_ch32:64,2,32:64,9.402517318725586,10.248861312866211,0.20767365396022797,1.7360154390335083,0.40641188621520996,1.4064264297485352,0.4799764156341553,0.32958900928497314,-0.07356452941894531,label_Hqql,label_Hqql,effective_linear_approx_from_2_linear_layers
14742,A_protected_highiso,L2_ch32:64,2,32:64,6.214137554168701,8.223119735717773,0.15699802339076996,2.9145562648773193,0.979590892791748,2.501138925552368,1.005080223083496,0.41341733932495117,-0.025489330291748047,label_Hqql,label_Hqql,effective_linear_approx_from_2_linear_layers
14991,A_protected_highiso,L2_ch32:64,2,32:64,9.234808921813965,8.672590255737305,0.13937917351722717,3.5207407474517822,-1.2534875869750977,2.5892040729522705,-1.4545223712921143,0.9315366744995117,0.2010347843170166,label_Hqql,label_Hqql,effective_linear_approx_from_2_linear_layers
14999,A_protected_highiso,L2_ch32:64,2,32:64,11.633472442626953,14.923768997192383,0.12178689241409302,2.903455972671509,2.343428134918213,2.403371572494507,1.6972856521606445,0.500084400177002,0.6461424827575684,label_Hqql,label_Hqql,effective_linear_approx_from_2_linear_layers
15006,A_protected_highiso,L2_ch32:64,2,32:64,13.23579216003418,14.305684089660645,0.16404464840888977,2.8276960849761963,1.5310747623443604,2.7123138904571533,0.8417353630065918,0.11538219451904297,0.6893393993377686,label_Hqql,label_Hqql,effective_linear_approx_from_2_linear_layers
15112,A_protected_highiso,L2_ch32:64,2,32:64,9.445466995239258,11.868293762207031,0.10840369015932083,3.7518503665924072,1.2203036546707153,3.480245351791382,0.5957759618759155,0.2716050148010254,0.6245276927947998,label_Hqql,label_Hqql,effective_linear_approx_from_2_linear_layers
15233,A_protected_highiso,L2_ch32:64,2,32:64,11.576169967651367,15.433296203613281,0.17023776471614838,3.491706132888794,1.4985852241516113,3.031775951385498,0.8080844879150391,0.4599301815032959,0.6905007362365723,label_Hqql,label_Hqql,effective_linear_approx_from_2_linear_layers
15292,A_protected_highiso,L2_ch32:64,2,32:64,8.394283294677734,6.903260231018066,0.17409047484397888,0.5992239713668823,-1.5581605434417725,-0.044718146324157715,-1.0951966047286987,0.64394211769104,-0.46296393871307373,label_Hqql,label_Hqql,effective_linear_approx_from_2_linear_layers
15512,A_protected_highiso,L2_ch32:64,2,32:64,6.152678489685059,7.630855083465576,0.08667729794979095,0.1927480399608612,-1.5594489574432373,0.6115024089813232,-1.518015742301941,-0.41875436902046204,-0.04143321514129639,label_Hqql,label_Hqql,effective_linear_approx_from_2_linear_layers
15540,A_protected_highiso,L2_ch32:64,2,32:64,5.737354755401611,5.714232444763184,0.09375440329313278,3.0957701206207275,-1.7905685901641846,3.35964035987854,-1.9803569316864014,-0.2638702392578125,0.1897883415222168,label_Hqql,label_Hqql,effective_linear_approx_from_2_linear_layers
15590,A_protected_highiso,L2_ch32:64,2,32:64,16.767818450927734,18.53191375732422,0.18864943087100983,2.1016886234283447,0.1945817470550537,3.31183123588562,0.4897705316543579,-1.2101426124572754,-0.2951887845993042,label_Hqql,label_Hqql,effective_linear_approx_from_2_linear_layers
15684,A_protected_highiso,L2_ch32:64,2,32:64,13.240793228149414,15.990952491760254,0.14469675719738007,2.2241780757904053,1.5490450859069824,2.5254642963409424,0.981316328048706,-0.3012862205505371,0.5677287578582764,label_Hqql,label_Hqql,effective_linear_approx_from_2_linear_layers
15800,A_protected_highiso,L2_ch32:64,2,32:64,6.026458263397217,4.3130106925964355,0.11191477626562119,1.333858609199524,-1.9936835765838623,1.9618207216262817,-0.7538186311721802,-0.6279621124267578,-1.2398649454116821,label_Hqql,label_Hqql,effective_linear_approx_from_2_linear_layers
16360,A_protected_highiso,L2_ch32:64,2,32:64,5.897504806518555,6.167485237121582,0.0918973982334137,2.5295865535736084,-1.135614037513733,2.9305570125579834,-1.2310714721679688,-0.400970458984375,0.09545743465423584,label_Hqql,label_Hqql,effective_linear_approx_from_2_linear_layers
12649,B_confused_highiso,L2_ch32:64,2,32:64,10.195302963256836,14.416845321655273,0.1532268077135086,-1.1446819305419922,1.439178705215454,0.26382115483283997,1.981370449066162,-1.4085030555725098,-0.542191743850708,label_Tbl,label_Tbl,effective_linear_approx_from_2_linear_layers
12982,B_confused_highiso,L2_ch32:64,2,32:64,10.465530395507812,13.299678802490234,0.13337455689907074,0.9109939336776733,2.2985732555389404,0.9593414068222046,1.7189841270446777,-0.04834747314453125,0.5795891284942627,label_Tbl,label_Tbl,effective_linear_approx_from_2_linear_layers
13045,B_confused_highiso,L2_ch32:64,2,32:64,15.237797737121582,18.65591049194336,0.15828047692775726,1.867108941078186,1.9097933769226074,1.6448434591293335,1.670621395111084,0.22226548194885254,0.23917198181152344,label_Tbl,label_Tbl,effective_linear_approx_from_2_linear_layers
13583,B_confused_highiso,L2_ch32:64,2,32:64,14.550267219543457,19.882930755615234,0.17653194069862366,-3.069281816482544,-1.067929983139038,-1.1831724643707275,-0.8886367678642273,-1.8861093521118164,-0.1792932152748108,label_Tbl,label_Tbl,effective_linear_approx_from_2_linear_layers
13787,B_confused_highiso,L2_ch32:64,2,32:64,9.977116584777832,13.21550464630127,0.08288886398077011,0.2757050693035126,1.8257653713226318,0.6753277778625488,1.5375244617462158,-0.39962270855903625,0.288240909576416,label_Tbl,label_Tbl,effective_linear_approx_from_2_linear_layers
13997,B_confused_highiso,L2_ch32:64,2,32:64,18.011207580566406,22.472280502319336,0.15759645402431488,0.07427099347114563,3.3213210105895996,-0.9010193347930908,2.5491671562194824,0.9752902984619141,0.7721538543701172,label_Tbl,label_Tbl,effective_linear_approx_from_2_linear_layers
14711,B_confused_highiso,L2_ch32:64,2,32:64,10.215133666992188,12.828280448913574,0.20250733196735382,0.5512353181838989,2.793661117553711,0.48646625876426697,2.274489641189575,0.06476905941963196,0.5191714763641357,label_Tbl,label_Tbl,effective_linear_approx_from_2_linear_layers
15288,B_confused_highiso,L2_ch32:64,2,32:64,18.029403686523438,20.722105026245117,0.14867743849754333,0.5876303911209106,1.5895590782165527,0.6817306280136108,0.9168210029602051,-0.0941002368927002,0.6727380752563477,label_Tbl,label_Tbl,effective_linear_approx_from_2_linear_layers
15528,B_confused_highiso,L2_ch32:64,2,32:64,20.946687698364258,24.71194839477539,0.19292134046554565,-2.2324254512786865,-1.5633301734924316,-1.6813398599624634,-3.226501226425171,-0.5510855913162231,1.6631710529327393,label_Tbl,label_Hqql,effective_linear_approx_from_2_linear_layers
15658,B_confused_highiso,L2_ch32:64,2,32:64,10.532419204711914,14.488487243652344,0.13224071264266968,-0.7616251707077026,1.0893653631210327,0.2732931077480316,1.5797295570373535,-1.0349183082580566,-0.4903641939163208,label_Tbl,label_Tbl,effective_linear_approx_from_2_linear_layers
15893,B_confused_highiso,L2_ch32:64,2,32:64,16.56437110900879,22.630281448364258,0.12120383232831955,1.474683165550232,3.4176025390625,1.297092080116272,2.884575843811035,0.17759108543395996,0.5330266952514648,label_Tbl,label_Tbl,effective_linear_approx_from_2_linear_layers
20480,C_Tbl_correct,L2_ch32:64,2,32:64,52.4132194519043,70.38838195800781,0.41739580035209656,-3.4155938625335693,5.567715167999268,-5.208517074584961,3.41536283493042,1.7929232120513916,2.1523523330688477,label_Tbl,label_Tbl,effective_linear_approx_from_2_linear_layers
20481,C_Tbl_correct,L2_ch32:64,2,32:64,30.66181182861328,45.837310791015625,0.2723647356033325,-8.323958396911621,3.418581008911133,-5.957066535949707,2.834697723388672,-2.366891860961914,0.5838832855224609,label_Tbl,label_Tbl,effective_linear_approx_from_2_linear_layers
20482,C_Tbl_correct,L2_ch32:64,2,32:64,23.647907257080078,39.57963562011719,0.21999314427375793,-4.979280948638916,0.3209437131881714,-3.5473811626434326,-1.058361291885376,-1.4318997859954834,1.3793050050735474,label_Tbl,label_Tbl,effective_linear_approx_from_2_linear_layers
20483,C_Tbl_correct,L2_ch32:64,2,32:64,28.81031036376953,40.453895568847656,0.28204795718193054,-5.344690322875977,3.844911575317383,-4.93068265914917,2.5169730186462402,-0.41400766372680664,1.3279385566711426,label_Tbl,label_Tbl,effective_linear_approx_from_2_linear_layers
20484,C_Tbl_correct,L2_ch32:64,2,32:64,15.394449234008789,21.667667388916016,0.17304977774620056,-7.005253791809082,-0.24870026111602783,-7.113312244415283,0.37151098251342773,0.10805845260620117,-0.6202112436294556,label_Tbl,label_Tbl,effective_linear_approx_from_2_linear_layers
20485,C_Tbl_correct,L2_ch32:64,2,32:64,23.091779708862305,42.257816314697266,0.34078308939933777,-9.797272682189941,0.8641380071640015,-8.293073654174805,-0.015615284442901611,-1.5041990280151367,0.8797532916069031,label_Tbl,label_Tbl,effective_linear_approx_from_2_linear_layers
20486,C_Tbl_correct,L2_ch32:64,2,32:64,12.68347454071045,18.12944793701172,0.10910709947347641,-2.318092107772827,1.1826121807098389,-3.478715658187866,0.08638077974319458,1.160623550415039,1.096231460571289,label_Tbl,label_Tbl,effective_linear_approx_from_2_linear_layers
20487,C_Tbl_correct,L2_ch32:64,2,32:64,31.371837615966797,47.483577728271484,0.30369096994400024,-15.49501895904541,1.4054656028747559,-13.156548500061035,0.503612756729126,-2.338470458984375,0.9018528461456299,label_Tbl,label_Tbl,effective_linear_approx_from_2_linear_layers
20488,C_Tbl_correct,L2_ch32:64,2,32:64,12.769172668457031,17.780696868896484,0.13276706635951996,1.45091712474823,2.486684799194336,0.30353179574012756,1.7337350845336914,1.1473853588104248,0.7529497146606445,label_Tbl,label_Tbl,effective_linear_approx_from_2_linear_layers
20489,C_Tbl_correct,L2_ch32:64,2,32:64,31.886669158935547,58.354942321777344,0.41822075843811035,-11.290022850036621,0.22091031074523926,-7.874192714691162,-0.9477529525756836,-3.415830135345459,1.1686632633209229,label_Tbl,label_Tbl,effective_linear_approx_from_2_linear_layers
20490,C_Tbl_correct,L2_ch32:64,2,32:64,17.615558624267578,25.727123260498047,0.1373870074748993,0.11851462721824646,2.9853603839874268,-0.910137414932251,1.728760004043579,1.0286520719528198,1.2566003799438477,label_Tbl,label_Tbl,effective_linear_approx_from_2_linear_layers
20491,C_Tbl_correct,L2_ch32:64,2,32:64,24.87132453918457,34.673641204833984,0.25159502029418945,-4.214057922363281,4.654110908508301,-3.810908079147339,3.5280275344848633,-0.4031498432159424,1.1260833740234375,label_Tbl,label_Tbl,effective_linear_approx_from_2_linear_layers
20492,C_Tbl_correct,L2_ch32:64,2,32:64,17.085338592529297,21.76280975341797,0.178195521235466,-0.41307559609413147,2.090147018432617,-0.36679497361183167,1.5079243183135986,-0.046280622482299805,0.5822227001190186,label_Tbl,label_Tbl,effective_linear_approx_from_2_linear_layers
20493,C_Tbl_correct,L2_ch32:64,2,32:64,20.569002151489258,33.818824768066406,0.24493594467639923,1.4081308841705322,2.90766978263855,0.9527419805526733,1.6000738143920898,0.4553889036178589,1.30759596824646,label_Tbl,label_Tbl,effective_linear_approx_from_2_linear_layers
20494,C_Tbl_correct,L2_ch32:64,2,32:64,39.56878662109375,51.763587951660156,0.3422048091888428,-7.099913120269775,5.462751865386963,-8.783453941345215,2.523268938064575,1.6835408210754395,2.9394829273223877,label_Tbl,label_Tbl,effective_linear_approx_from_2_linear_layers
20495,C_Tbl_correct,L2_ch32:64,2,32:64,22.746625900268555,33.01362609863281,0.16965509951114655,1.8798390626907349,2.9556238651275635,1.99285089969635,2.1170401573181152,-0.11301183700561523,0.8385837078094482,label_Tbl,label_Tbl,effective_linear_approx_from_2_linear_layers
20496,C_Tbl_correct,L2_ch32:64,2,32:64,12.547992706298828,17.775236129760742,0.2004905492067337,-6.729451656341553,-0.5860624313354492,-6.328732490539551,-1.5831714868545532,-0.40071916580200195,0.997109055519104,label_Tbl,label_Tbl,effective_linear_approx_from_2_linear_layers
20497,C_Tbl_correct,L2_ch32:64,2,32:64,49.41377258300781,68.2970199584961,0.3711472451686859,-12.069754600524902,3.5387611389160156,-13.717063903808594,0.6329162120819092,1.6473093032836914,2.9058449268341064,label_Tbl,label_Tbl,effective_linear_approx_from_2_linear_layers
20498,C_Tbl_correct,L2_ch32:64,2,32:64,33.613243103027344,45.581573486328125,0.29659533500671387,1.7666112184524536,2.780198097229004,1.4407720565795898,2.3276314735412598,0.32583916187286377,0.45256662368774414,label_Tbl,label_Tbl,effective_linear_approx_from_2_linear_layers
20499,C_Tbl_correct,L2_ch32:64,2,32:64,29.445695877075195,43.00422286987305,0.2246531993150711,-3.2735793590545654,3.8245882987976074,-5.26444149017334,1.416011095046997,1.9908621311187744,2.4085772037506104,label_Tbl,label_Tbl,effective_linear_approx_from_2_linear_layers
20500,C_Tbl_correct,L2_ch32:64,2,32:64,26.21790313720703,38.62430953979492,0.2843295633792877,-6.415186405181885,2.666245460510254,-4.3371100425720215,2.5184078216552734,-2.0780763626098633,0.14783763885498047,label_Tbl,label_Tbl,effective_linear_approx_from_2_linear_layers
20501,C_Tbl_correct,L2_ch32:64,2,32:64,24.72869110107422,35.61476135253906,0.27481988072395325,-7.150689125061035,3.5026817321777344,-6.407823085784912,2.8074803352355957,-0.742866039276123,0.6952013969421387,label_Tbl,label_Tbl,effective_linear_approx_from_2_linear_layers
20502,C_Tbl_correct,L2_ch32:64,2,32:64,32.31636047363281,45.9035530090332,0.28003281354904175,-4.627233028411865,4.754775047302246,-3.5778884887695312,3.780203342437744,-1.049344539642334,0.974571704864502,label_Tbl,label_Tbl,effective_linear_approx_from_2_linear_layers
20503,C_Tbl_correct,L2_ch32:64,2,32:64,25.26246452331543,44.492340087890625,0.3165993392467499,-7.358910083770752,2.018247604370117,-7.1553473472595215,0.01692640781402588,-0.20356273651123047,2.001321315765381,label_Tbl,label_Tbl,effective_linear_approx_from_2_linear_layers
20504,C_Tbl_correct,L2_ch32:64,2,32:64,22.852733612060547,32.220458984375,0.17067644000053406,-1.6289256811141968,3.2367241382598877,-3.306699514389038,1.7877275943756104,1.6777738332748413,1.4489965438842773,label_Tbl,label_Tbl,effective_linear_approx_from_2_linear_layers
20505,C_Tbl_correct,L2_ch32:64,2,32:64,36.91233825683594,48.274410247802734,0.34585684537887573,-0.028958529233932495,3.8411617279052734,-1.8908787965774536,2.0188541412353516,1.8619202375411987,1.8223075866699219,label_Tbl,label_Tbl,effective_linear_approx_from_2_linear_layers
20506,C_Tbl_correct,L2_ch32:64,2,32:64,9.508445739746094,14.124605178833008,0.10688474774360657,-2.067615509033203,1.028699278831482,-2.1918716430664062,0.606743335723877,0.12425613403320312,0.421955943107605,label_Tbl,label_Tbl,effective_linear_approx_from_2_linear_layers
20507,C_Tbl_correct,L2_ch32:64,2,32:64,20.49004554748535,35.994136810302734,0.2953033149242401,-12.013851165771484,0.5190858840942383,-8.466939926147461,1.318291187286377,-3.5469112396240234,-0.7992053031921387,label_Tbl,label_Tbl,effective_linear_approx_from_2_linear_layers
20508,C_Tbl_correct,L2_ch32:64,2,32:64,31.05263328552246,48.61920928955078,0.30614715814590454,-5.569357395172119,5.3123321533203125,-6.459437847137451,3.099393367767334,0.890080451965332,2.2129387855529785,label_Tbl,label_Tbl,effective_linear_approx_from_2_linear_layers
20509,C_Tbl_correct,L2_ch32:64,2,32:64,49.00148391723633,78.16816711425781,0.42860716581344604,-23.165132522583008,0.5695033073425293,-19.612552642822266,-1.1328744888305664,-3.552579879760742,1.7023777961730957,label_Tbl,label_Tbl,effective_linear_approx_from_2_linear_layers
20510,C_Tbl_correct,L2_ch32:64,2,32:64,24.558801651000977,33.80503463745117,0.2099515199661255,-0.14782890677452087,3.1821351051330566,-1.1597740650177002,1.668731927871704,1.011945128440857,1.5134031772613525,label_Tbl,label_Tbl,effective_linear_approx_from_2_linear_layers
20511,C_Tbl_correct,L2_ch32:64,2,32:64,20.47225570678711,26.496463775634766,0.2560407519340515,1.8585759401321411,3.3131091594696045,2.2750985622406006,3.094353437423706,-0.4165226221084595,0.21875572204589844,label_Tbl,label_Tbl,effective_linear_approx_from_2_linear_layers
20512,C_Tbl_correct,L2_ch32:64,2,32:64,33.612579345703125,46.44103240966797,0.2558007836341858,-0.7726041674613953,4.452902793884277,-2.9940366744995117,2.3415420055389404,2.2214324474334717,2.111360788345337,label_Tbl,label_Tbl,effective_linear_approx_from_2_linear_layers
20513,C_Tbl_correct,L2_ch32:64,2,32:64,43.96444320678711,63.220184326171875,0.3825818598270416,-13.804064750671387,5.065451622009277,-14.705599784851074,2.038721799850464,0.9015350341796875,3.0267298221588135,label_Tbl,label_Tbl,effective_linear_approx_from_2_linear_layers
20514,C_Tbl_correct,L2_ch32:64,2,32:64,21.746910095214844,37.92658615112305,0.3715062439441681,-3.4543652534484863,3.1841068267822266,-4.510796070098877,1.2490651607513428,1.0564308166503906,1.9350416660308838,label_Tbl,label_Tbl,effective_linear_approx_from_2_linear_layers
20515,C_Tbl_correct,L2_ch32:64,2,32:64,45.02653884887695,63.9993782043457,0.42415469884872437,-4.892578125,6.0447998046875,-5.633924961090088,3.1594834327697754,0.7413468360900879,2.8853163719177246,label_Tbl,label_Tbl,effective_linear_approx_from_2_linear_layers
20516,C_Tbl_correct,L2_ch32:64,2,32:64,34.78995132446289,56.37284851074219,0.32513538002967834,-17.896024703979492,1.523951768875122,-14.506882667541504,1.4394879341125488,-3.3891420364379883,0.08446383476257324,label_Tbl,label_Tbl,effective_linear_approx_from_2_linear_layers
20517,C_Tbl_correct,L2_ch32:64,2,32:64,24.451736450195312,40.1728515625,0.22915557026863098,-4.649143695831299,3.4481582641601562,-5.352240085601807,1.4411540031433105,0.7030963897705078,2.0070042610168457,label_Tbl,label_Tbl,effective_linear_approx_from_2_linear_layers
20518,C_Tbl_correct,L2_ch32:64,2,32:64,12.461371421813965,20.533733367919922,0.16123147308826447,-4.387455940246582,1.6583824157714844,-3.4007856845855713,1.6383013725280762,-0.9866702556610107,0.020081043243408203,label_Tbl,label_Tbl,effective_linear_approx_from_2_linear_layers
20519,C_Tbl_correct,L2_ch32:64,2,32:64,29.63797378540039,41.0524787902832,0.2252969890832901,-1.7640184164047241,5.0186767578125,-1.9851096868515015,4.001236915588379,0.22109127044677734,1.017439842224121,label_Tbl,label_Tbl,effective_linear_approx_from_2_linear_layers
20520,C_Tbl_correct,L2_ch32:64,2,32:64,17.627458572387695,27.294044494628906,0.1790228933095932,-2.763209819793701,2.6747851371765137,-4.756150245666504,1.171196699142456,1.9929404258728027,1.5035884380340576,label_Tbl,label_Tbl,effective_linear_approx_from_2_linear_layers
20521,C_Tbl_correct,L2_ch32:64,2,32:64,24.805856704711914,31.698577880859375,0.23182423412799835,-4.277113437652588,3.148054838180542,-5.166740417480469,2.290139675140381,0.8896269798278809,0.8579151630401611,label_Tbl,label_Tbl,effective_linear_approx_from_2_linear_layers
20522,C_Tbl_correct,L2_ch32:64,2,32:64,40.45269012451172,61.12812423706055,0.37541788816452026,-10.377086639404297,5.835184574127197,-11.112998008728027,3.140532970428467,0.7359113693237305,2.6946516036987305,label_Tbl,label_Tbl,effective_linear_approx_from_2_linear_layers
20523,C_Tbl_correct,L2_ch32:64,2,32:64,53.286712646484375,76.43206024169922,0.3887055814266205,-12.26170539855957,4.758785247802734,-12.420044898986816,2.2767868041992188,0.1583395004272461,2.4819984436035156,label_Tbl,label_Tbl,effective_linear_approx_from_2_linear_layers
20524,C_Tbl_correct,L2_ch32:64,2,32:64,54.09608459472656,80.86140441894531,0.445335328578949,-9.907485008239746,5.808475494384766,-7.90269136428833,4.574625492095947,-2.004793643951416,1.2338500022888184,label_Tbl,label_Tbl,effective_linear_approx_from_2_linear_layers
20525,C_Tbl_correct,L2_ch32:64,2,32:64,21.866771697998047,31.871780395507812,0.21845386922359467,-4.150577545166016,4.320821762084961,-3.564967632293701,3.771744728088379,-0.5856099128723145,0.549077033996582,label_Tbl,label_Tbl,effective_linear_approx_from_2_linear_layers
20526,C_Tbl_correct,L2_ch32:64,2,32:64,30.774499893188477,43.16246795654297,0.21727122366428375,-2.6185600757598877,4.92629337310791,-2.1112067699432373,4.141313552856445,-0.5073533058166504,0.7849798202514648,label_Tbl,label_Tbl,effective_linear_approx_from_2_linear_layers
20527,C_Tbl_correct,L2_ch32:64,2,32:64,22.42513084411621,31.337852478027344,0.23620286583900452,-4.200023174285889,2.437349796295166,-4.101825714111328,1.9430062770843506,-0.09819746017456055,0.49434351921081543,label_Tbl,label_Tbl,effective_linear_approx_from_2_linear_layers
20528,C_Tbl_correct,L2_ch32:64,2,32:64,22.679203033447266,31.090797424316406,0.22576309740543365,-3.4559013843536377,2.358579397201538,-1.5773009061813354,2.11456298828125,-1.8786004781723022,0.24401640892028809,label_Tbl,label_Tbl,effective_linear_approx_from_2_linear_layers
20529,C_Tbl_correct,L2_ch32:64,2,32:64,39.67294692993164,50.85687255859375,0.37833642959594727,-5.803777694702148,4.016561508178711,-5.4182915687561035,3.1045632362365723,-0.3854861259460449,0.9119982719421387,label_Tbl,label_Tbl,effective_linear_approx_from_2_linear_layers
20530,C_Tbl_correct,L2_ch32:64,2,32:64,11.107641220092773,15.444751739501953,0.1422865241765976,-2.506561040878296,1.4336442947387695,-1.5352816581726074,1.6369223594665527,-0.9712793827056885,-0.2032780647277832,label_Tbl,label_Tbl,effective_linear_approx_from_2_linear_layers
20531,C_Tbl_correct,L2_ch32:64,2,32:64,38.363006591796875,58.499717712402344,0.3226505517959595,-1.9821207523345947,5.543834686279297,-3.746364116668701,2.8176283836364746,1.7642433643341064,2.7262063026428223,label_Tbl,label_Tbl,effective_linear_approx_from_2_linear_layers
20532,C_Tbl_correct,L2_ch32:64,2,32:64,18.089008331298828,19.823484420776367,0.2054484337568283,0.247257262468338,0.713881254196167,0.5555121898651123,1.0822858810424805,-0.3082549273967743,-0.3684046268463135,label_Tbl,label_Tbl,effective_linear_approx_from_2_linear_layers
20533,C_Tbl_correct,L2_ch32:64,2,32:64,15.156564712524414,20.648283004760742,0.13513806462287903,-5.445600509643555,1.155488133430481,-4.401138782501221,1.3286588191986084,-1.044461727142334,-0.17317068576812744,label_Tbl,label_Tbl,effective_linear_approx_from_2_linear_layers
20534,C_Tbl_correct,L2_ch32:64,2,32:64,40.173912048339844,56.11150360107422,0.3588239550590515,0.7816365957260132,3.2905478477478027,-0.08841240406036377,2.2797513008117676,0.870048999786377,1.0107965469360352,label_Tbl,label_Tbl,effective_linear_approx_from_2_linear_layers
20535,C_Tbl_correct,L2_ch32:64,2,32:64,39.928016662597656,59.50851821899414,0.29378315806388855,-7.325348854064941,3.5674476623535156,-6.98867654800415,1.4083495140075684,-0.336672306060791,2.1590981483459473,label_Tbl,label_Tbl,effective_linear_approx_from_2_linear_layers
20536,C_Tbl_correct,L2_ch32:64,2,32:64,24.50979232788086,34.165950775146484,0.2150423228740692,-6.239593982696533,3.0378172397613525,-6.650743007659912,2.122241258621216,0.4111490249633789,0.9155759811401367,label_Tbl,label_Tbl,effective_linear_approx_from_2_linear_layers
20537,C_Tbl_correct,L2_ch32:64,2,32:64,35.90579605102539,58.01805877685547,0.3052125871181488,-6.8023505210876465,4.003121376037598,-6.608670711517334,2.076730966567993,-0.1936798095703125,1.9263904094696045,label_Tbl,label_Tbl,effective_linear_approx_from_2_linear_layers
20538,C_Tbl_correct,L2_ch32:64,2,32:64,39.69976806640625,56.71143341064453,0.2902064919471741,-15.231514930725098,0.19614934921264648,-14.385579109191895,-1.9602186679840088,-0.8459358215332031,2.1563680171966553,label_Tbl,label_Tbl,effective_linear_approx_from_2_linear_layers
20539,C_Tbl_correct,L2_ch32:64,2,32:64,8.706131935119629,11.958362579345703,0.16914169490337372,-3.083111047744751,1.0412347316741943,-1.503090262413025,1.044722080230713,-1.580020785331726,-0.0034873485565185547,label_Tbl,label_Tbl,effective_linear_approx_from_2_linear_layers
20540,C_Tbl_correct,L2_ch32:64,2,32:64,28.76163101196289,48.96891784667969,0.2640739679336548,-2.3537757396698,3.8867902755737305,-3.1005659103393555,1.8159024715423584,0.7467901706695557,2.070887804031372,label_Tbl,label_Tbl,effective_linear_approx_from_2_linear_layers
20541,C_Tbl_correct,L2_ch32:64,2,32:64,27.41092300415039,36.90263366699219,0.22487017512321472,-1.1788052320480347,3.001033306121826,-2.8596031665802,1.325178861618042,1.6807979345321655,1.6758544445037842,label_Tbl,label_Tbl,effective_linear_approx_from_2_linear_layers
20542,C_Tbl_correct,L2_ch32:64,2,32:64,40.62298583984375,52.31696319580078,0.3364502489566803,-1.8337246179580688,5.661347389221191,-2.6399245262145996,4.421959400177002,0.8061999082565308,1.2393879890441895,label_Tbl,label_Tbl,effective_linear_approx_from_2_linear_layers
20543,C_Tbl_correct,L2_ch32:64,2,32:64,28.106670379638672,36.490901947021484,0.23263859748840332,-6.508926868438721,1.177087664604187,-5.905943393707275,1.5070736408233643,-0.6029834747314453,-0.32998597621917725,label_Tbl,label_Tbl,effective_linear_approx_from_2_linear_layers
20544,C_Tbl_correct,L2_ch32:64,2,32:64,40.7730712890625,53.630760192871094,0.43791884183883667,0.154287189245224,5.231097221374512,0.9500402212142944,4.25950813293457,-0.795753002166748,0.9715890884399414,label_Tbl,label_Tbl,effective_linear_approx_from_2_linear_layers
20545,C_Tbl_correct,L2_ch32:64,2,32:64,42.98542022705078,58.217140197753906,0.3212748169898987,-2.3922150135040283,5.881443023681641,-1.9850314855575562,4.13254451751709,-0.40718352794647217,1.7488985061645508,label_Tbl,label_Tbl,effective_linear_approx_from_2_linear_layers
20546,C_Tbl_correct,L2_ch32:64,2,32:64,35.1547966003418,53.87714385986328,0.30514752864837646,-12.159850120544434,3.879822254180908,-11.07641887664795,2.2357723712921143,-1.0834312438964844,1.644049882888794,label_Tbl,label_Tbl,effective_linear_approx_from_2_linear_layers
20547,C_Tbl_correct,L2_ch32:64,2,32:64,33.250083923339844,45.459434509277344,0.36269643902778625,-7.429282188415527,3.4096450805664062,-7.5172624588012695,1.508716344833374,0.08798027038574219,1.9009287357330322,label_Tbl,label_Tbl,effective_linear_approx_from_2_linear_layers
20548,C_Tbl_correct,L2_ch32:64,2,32:64,43.347076416015625,69.65192413330078,0.4146885275840759,-13.616924285888672,1.9185154438018799,-8.373926162719727,1.2212343215942383,-5.242998123168945,0.6972811222076416,label_Tbl,label_Tbl,effective_linear_approx_from_2_linear_layers
20549,C_Tbl_correct,L2_ch32:64,2,32:64,31.58751106262207,42.655799865722656,0.3048659861087799,-1.48212468624115,2.9703304767608643,-2.8897907733917236,0.9980270862579346,1.4076660871505737,1.9723033905029297,label_Tbl,label_Tbl,effective_linear_approx_from_2_linear_layers
20551,C_Tbl_correct,L2_ch32:64,2,32:64,42.519134521484375,66.23479461669922,0.35182496905326843,-10.534218788146973,2.308070182800293,-7.107861042022705,1.206558108329773,-3.4263577461242676,1.10151207447052,label_Tbl,label_Tbl,effective_linear_approx_from_2_linear_layers
20552,C_Tbl_correct,L2_ch32:64,2,32:64,46.406036376953125,64.46794128417969,0.3692575693130493,-5.2904276847839355,6.331210136413574,-7.115292072296143,3.44028377532959,1.824864387512207,2.8909263610839844,label_Tbl,label_Tbl,effective_linear_approx_from_2_linear_layers
20553,C_Tbl_correct,L2_ch32:64,2,32:64,28.765220642089844,37.90800094604492,0.25161853432655334,-12.588895797729492,0.31961750984191895,-11.866106033325195,0.10730069875717163,-0.7227897644042969,0.21231681108474731,label_Tbl,label_Tbl,effective_linear_approx_from_2_linear_layers
20554,C_Tbl_correct,L2_ch32:64,2,32:64,7.702049255371094,12.157376289367676,0.13759839534759521,-5.926273822784424,-0.10814142227172852,-6.462239742279053,-0.647475004196167,0.5359659194946289,0.5393335819244385,label_Tbl,label_Tbl,effective_linear_approx_from_2_linear_layers
20555,C_Tbl_correct,L2_ch32:64,2,32:64,42.24571990966797,53.8614501953125,0.3690046966075897,-3.30637526512146,5.60904598236084,-5.5622782707214355,3.4274778366088867,2.2559030055999756,2.181568145751953,label_Tbl,label_Tbl,effective_linear_approx_from_2_linear_layers
20556,C_Tbl_correct,L2_ch32:64,2,32:64,49.098087310791016,61.08155059814453,0.47928544878959656,-2.445554494857788,6.802558898925781,-3.653127908706665,5.449310302734375,1.207573413848877,1.3532485961914062,label_Tbl,label_Tbl,effective_linear_approx_from_2_linear_layers
20557,C_Tbl_correct,L2_ch32:64,2,32:64,19.95098114013672,28.21277618408203,0.17115424573421478,-3.359700918197632,2.8078014850616455,-2.5908167362213135,2.333113670349121,-0.7688841819763184,0.4746878147125244,label_Tbl,label_Tbl,effective_linear_approx_from_2_linear_layers
20558,C_Tbl_correct,L2_ch32:64,2,32:64,29.972591400146484,42.723445892333984,0.2845926284790039,-1.4391149282455444,3.2439446449279785,-2.946828842163086,1.2734594345092773,1.5077139139175415,1.9704852104187012,label_Tbl,label_Tbl,effective_linear_approx_from_2_linear_layers
20559,C_Tbl_correct,L2_ch32:64,2,32:64,30.832672119140625,37.300819396972656,0.24967923760414124,1.1572048664093018,4.391524314880371,1.2032692432403564,3.51261568069458,-0.04606437683105469,0.878908634185791,label_Tbl,label_Tbl,effective_linear_approx_from_2_linear_layers
20560,C_Tbl_correct,L2_ch32:64,2,32:64,17.419702529907227,27.162513732910156,0.24522706866264343,-1.5890809297561646,1.7057223320007324,-1.0043290853500366,0.4927513599395752,-0.5847518444061279,1.2129709720611572,label_Tbl,label_Tbl,effective_linear_approx_from_2_linear_layers
20561,C_Tbl_correct,L2_ch32:64,2,32:64,11.180977821350098,16.747102737426758,0.10455858707427979,0.09894973039627075,2.3166799545288086,-0.4120241105556488,1.3798718452453613,0.5109738111495972,0.9368081092834473,label_Tbl,label_Tbl,effective_linear_approx_from_2_linear_layers
20562,C_Tbl_correct,L2_ch32:64,2,32:64,29.389820098876953,39.177608489990234,0.2586010694503784,-6.938263416290283,4.58643102645874,-7.344822406768799,3.2980337142944336,0.4065589904785156,1.2883973121643066,label_Tbl,label_Tbl,effective_linear_approx_from_2_linear_layers
20564,C_Tbl_correct,L2_ch32:64,2,32:64,34.21640396118164,49.07386016845703,0.2623356878757477,-2.432300090789795,5.980310440063477,-2.7657055854797363,4.4331889152526855,0.3334054946899414,1.547121524810791,label_Tbl,label_Tbl,effective_linear_approx_from_2_linear_layers
20565,C_Tbl_correct,L2_ch32:64,2,32:64,10.898054122924805,18.908367156982422,0.11387717723846436,-5.727169513702393,1.041152000427246,-5.206233978271484,0.874248743057251,-0.5209355354309082,0.16690325736999512,label_Tbl,label_Tbl,effective_linear_approx_from_2_linear_layers
20566,C_Tbl_correct,L2_ch32:64,2,32:64,49.21150207519531,69.5804443359375,0.4018223285675049,-8.600132942199707,6.319943428039551,-8.335691452026367,3.690965175628662,-0.26444149017333984,2.6289782524108887,label_Tbl,label_Tbl,effective_linear_approx_from_2_linear_layers
20567,C_Tbl_correct,L2_ch32:64,2,32:64,27.19208526611328,35.870086669921875,0.24445109069347382,-4.862525463104248,2.7296507358551025,-5.543223857879639,1.5914807319641113,0.6806983947753906,1.1381700038909912,label_Tbl,label_Tbl,effective_linear_approx_from_2_linear_layers
20568,C_Tbl_correct,L2_ch32:64,2,32:64,24.108741760253906,33.57411193847656,0.18975037336349487,-1.941705346107483,3.6906166076660156,-1.4213769435882568,3.365359306335449,-0.5203284025192261,0.3252573013305664,label_Tbl,label_Tbl,effective_linear_approx_from_2_linear_layers
20569,C_Tbl_correct,L2_ch32:64,2,32:64,37.268436431884766,59.2622184753418,0.4553926885128021,-6.163444995880127,5.365515232086182,-7.576600074768066,1.9947266578674316,1.4131550788879395,3.37078857421875,label_Tbl,label_Tbl,effective_linear_approx_from_2_linear_layers
20570,C_Tbl_correct,L2_ch32:64,2,32:64,27.19774627685547,38.51748275756836,0.252837210893631,-2.3882973194122314,3.8580374717712402,-1.7884384393692017,3.516575813293457,-0.5998588800430298,0.3414616584777832,label_Tbl,label_Tbl,effective_linear_approx_from_2_linear_layers
20572,C_Tbl_correct,L2_ch32:64,2,32:64,31.254247665405273,41.732017517089844,0.24791084229946136,-3.8381855487823486,5.801542282104492,-3.267010450363159,5.098155975341797,-0.5711750984191895,0.7033863067626953,label_Tbl,label_Tbl,effective_linear_approx_from_2_linear_layers
20573,C_Tbl_correct,L2_ch32:64,2,32:64,30.824392318725586,44.81306838989258,0.30537524819374084,-9.616639137268066,1.4819648265838623,-7.273985862731934,1.5260512828826904,-2.342653274536133,-0.044086456298828125,label_Tbl,label_Tbl,effective_linear_approx_from_2_linear_layers
20574,C_Tbl_correct,L2_ch32:64,2,32:64,41.202392578125,55.65099334716797,0.3016679883003235,-2.1155569553375244,5.612147331237793,-3.623648166656494,3.5230236053466797,1.5080912113189697,2.0891237258911133,label_Tbl,label_Tbl,effective_linear_approx_from_2_linear_layers
20575,C_Tbl_correct,L2_ch32:64,2,32:64,14.103511810302734,20.95830535888672,0.1780872344970703,-1.3338903188705444,3.0575461387634277,-0.8936865329742432,2.6512694358825684,-0.44020378589630127,0.4062767028808594,label_Tbl,label_Tbl,effective_linear_approx_from_2_linear_layers
20576,C_Tbl_correct,L2_ch32:64,2,32:64,34.83673095703125,47.41530990600586,0.3033733665943146,2.396214485168457,4.752112865447998,1.235457181930542,3.7566609382629395,1.160757303237915,0.9954519271850586,label_Tbl,label_Tbl,effective_linear_approx_from_2_linear_layers
20577,C_Tbl_correct,L2_ch32:64,2,32:64,12.207648277282715,14.847946166992188,0.1848079264163971,-3.3680903911590576,0.20628076791763306,-3.3787546157836914,0.03453552722930908,0.010664224624633789,0.17174524068832397,label_Tbl,label_Tbl,effective_linear_approx_from_2_linear_layers
20578,C_Tbl_correct,L2_ch32:64,2,32:64,26.336101531982422,34.7784538269043,0.2263602465391159,-4.175910472869873,3.974119186401367,-5.301571369171143,1.8318417072296143,1.1256608963012695,2.142277479171753,label_Tbl,label_Tbl,effective_linear_approx_from_2_linear_layers
20579,C_Tbl_correct,L2_ch32:64,2,32:64,44.08110809326172,65.77489471435547,0.3259229063987732,-2.3545081615448,4.619433403015137,-1.780316710472107,2.641942024230957,-0.5741914510726929,1.9774913787841797,label_Tbl,label_Tbl,effective_linear_approx_from_2_linear_layers
20580,C_Tbl_correct,L2_ch32:64,2,32:64,28.973190307617188,36.2662467956543,0.23844632506370544,1.9851914644241333,2.4065029621124268,2.24605393409729,1.9227237701416016,-0.26086246967315674,0.4837791919708252,label_Tbl,label_Hqql,effective_linear_approx_from_2_linear_layers
20581,C_Tbl_correct,L2_ch32:64,2,32:64,44.21407699584961,54.08224868774414,0.3446812033653259,1.2359237670898438,6.019232273101807,1.211860179901123,4.832650184631348,0.024063587188720703,1.186582088470459,label_Tbl,label_Tbl,effective_linear_approx_from_2_linear_layers
20582,C_Tbl_correct,L2_ch32:64,2,32:64,20.487688064575195,27.489622116088867,0.19713346660137177,-1.247756838798523,3.8078556060791016,-0.7935916185379028,3.149160146713257,-0.4541652202606201,0.6586954593658447,label_Tbl,label_Tbl,effective_linear_approx_from_2_linear_layers
20583,C_Tbl_correct,L2_ch32:64,2,32:64,14.23371696472168,15.177898406982422,0.1572793573141098,-3.592552423477173,-1.305950403213501,-2.242748737335205,-0.8268947005271912,-1.3498036861419678,-0.4790557026863098,label_Tbl,label_Tbl,effective_linear_approx_from_2_linear_layers
20584,C_Tbl_correct,L2_ch32:64,2,32:64,18.786502838134766,25.08741569519043,0.14476150274276733,-1.4826651811599731,3.788013458251953,-1.351248025894165,3.3290719985961914,-0.1314171552658081,0.4589414596557617,label_Tbl,label_Tbl,effective_linear_approx_from_2_linear_layers
20585,C_Tbl_correct,L2_ch32:64,2,32:64,11.92579460144043,15.46008586883545,0.10139410197734833,-0.0545831024646759,2.1333298683166504,0.007601946592330933,1.8288664817810059,-0.062185049057006836,0.30446338653564453,label_Tbl,label_Tbl,effective_linear_approx_from_2_linear_layers
20586,C_Tbl_correct,L2_ch32:64,2,32:64,49.773773193359375,67.84701538085938,0.44012996554374695,-3.2883360385894775,6.91164493560791,-4.692907333374023,4.786656856536865,1.404571294784546,2.124988079071045,label_Tbl,label_Tbl,effective_linear_approx_from_2_linear_layers
20587,C_Tbl_correct,L2_ch32:64,2,32:64,13.07969856262207,16.076847076416016,0.14495109021663666,0.6400551795959473,1.8558003902435303,1.012965202331543,2.123720169067383,-0.3729100227355957,-0.26791977882385254,label_Tbl,label_Tbl,effective_linear_approx_from_2_linear_layers
20588,C_Tbl_correct,L2_ch32:64,2,32:64,41.130863189697266,64.47538757324219,0.36629799008369446,-12.73455810546875,3.5989036560058594,-11.222296714782715,1.2456138134002686,-1.5122613906860352,2.353289842605591,label_Tbl,label_Tbl,effective_linear_approx_from_2_linear_layers
20589,C_Tbl_correct,L2_ch32:64,2,32:64,56.58458709716797,75.614013671875,0.47316473722457886,0.0678119957447052,5.8233642578125,2.311319589614868,5.169849872589111,-2.2435076236724854,0.6535143852233887,label_Tbl,label_Tbl,effective_linear_approx_from_2_linear_layers
20590,C_Tbl_correct,L2_ch32:64,2,32:64,38.549129486083984,56.98133850097656,0.35591644048690796,-2.458099365234375,4.3258771896362305,-3.9850614070892334,1.8316733837127686,1.5269620418548584,2.494203805923462,label_Tbl,label_Tbl,effective_linear_approx_from_2_linear_layers
20591,C_Tbl_correct,L2_ch32:64,2,32:64,14.484582901000977,29.123685836791992,0.3374505937099457,-12.500035285949707,-2.8973684310913086,-13.122306823730469,-4.4439287185668945,0.6222715377807617,1.546560287475586,label_Tbl,label_Tbl,effective_linear_approx_from_2_linear_layers
20592,C_Tbl_correct,L2_ch32:64,2,32:64,41.64031219482422,54.85368347167969,0.46955984830856323,-2.390016555786133,4.9523420333862305,-3.7764663696289062,3.696317195892334,1.3864498138427734,1.2560248374938965,label_Tbl,label_Tbl,effective_linear_approx_from_2_linear_layers
20593,C_Tbl_correct,L2_ch32:64,2,32:64,49.400108337402344,74.07769775390625,0.4124257564544678,-12.773773193359375,5.682262897491455,-15.364118576049805,2.0734739303588867,2.5903453826904297,3.6087889671325684,label_Tbl,label_Tbl,effective_linear_approx_from_2_linear_layers
20594,C_Tbl_correct,L2_ch32:64,2,32:64,32.1019172668457,49.639522552490234,0.26578450202941895,-8.194696426391602,1.2670552730560303,-4.996365547180176,0.9113085269927979,-3.198330879211426,0.3557467460632324,label_Tbl,label_Tbl,effective_linear_approx_from_2_linear_layers
20595,C_Tbl_correct,L2_ch32:64,2,32:64,26.183509826660156,35.40742874145508,0.19621537625789642,2.1964261531829834,3.8113365173339844,1.2451543807983398,2.45249605178833,0.9512717723846436,1.3588404655456543,label_Tbl,label_Tbl,effective_linear_approx_from_2_linear_layers
20596,C_Tbl_correct,L2_ch32:64,2,32:64,18.02043342590332,25.28054428100586,0.14019040763378143,1.5663825273513794,2.4178762435913086,0.9832770824432373,1.3099703788757324,0.5831054449081421,1.1079058647155762,label_Tbl,label_Tbl,effective_linear_approx_from_2_linear_layers
20597,C_Tbl_correct,L2_ch32:64,2,32:64,44.31311798095703,64.83763122558594,0.34178924560546875,-8.835553169250488,6.454684734344482,-9.989232063293457,3.4684090614318848,1.1536788940429688,2.9862756729125977,label_Tbl,label_Tbl,effective_linear_approx_from_2_linear_layers
20598,C_Tbl_correct,L2_ch32:64,2,32:64,23.607524871826172,25.504383087158203,0.24711769819259644,-4.133293151855469,-0.2882194519042969,-2.797308921813965,0.01004725694656372,-1.335984230041504,-0.2982667088508606,label_Tbl,label_Tbl,effective_linear_approx_from_2_linear_layers
20599,C_Tbl_correct,L2_ch32:64,2,32:64,26.425743103027344,32.74497985839844,0.2807075083255768,-7.5658392906188965,2.4927659034729004,-8.340996742248535,1.7450590133666992,0.7751574516296387,0.7477068901062012,label_Tbl,label_Tbl,effective_linear_approx_from_2_linear_layers
20600,C_Tbl_correct,L2_ch32:64,2,32:64,22.121828079223633,29.70049476623535,0.16061797738075256,0.9943289756774902,3.787447929382324,0.43198123574256897,2.851327419281006,0.5623477697372437,0.9361205101013184,label_Tbl,label_Tbl,effective_linear_approx_from_2_linear_layers
20601,C_Tbl_correct,L2_ch32:64,2,32:64,21.39023208618164,36.58894729614258,0.19875305891036987,-2.863941192626953,2.986891508102417,-3.681797742843628,1.2537862062454224,0.8178565502166748,1.7331053018569946,label_Tbl,label_Tbl,effective_linear_approx_from_2_linear_layers
20602,C_Tbl_correct,L2_ch32:64,2,32:64,14.017605781555176,19.558956146240234,0.15158022940158844,1.3297855854034424,3.123337745666504,0.5517734289169312,2.2736058235168457,0.7780121564865112,0.8497319221496582,label_Tbl,label_Tbl,effective_linear_approx_from_2_linear_layers
20603,C_Tbl_correct,L2_ch32:64,2,32:64,13.053140640258789,21.451969146728516,0.15240135788917542,-2.4934346675872803,2.7676706314086914,-3.7329955101013184,1.8405749797821045,1.239560842514038,0.9270956516265869,label_Tbl,label_Tbl,effective_linear_approx_from_2_linear_layers
20604,C_Tbl_correct,L2_ch32:64,2,32:64,34.60719299316406,58.376468658447266,0.4928671717643738,-18.169727325439453,0.3371521234512329,-14.480828285217285,0.9000591039657593,-3.688899040222168,-0.5629069805145264,label_Tbl,label_Tbl,effective_linear_approx_from_2_linear_layers
20605,C_Tbl_correct,L2_ch32:64,2,32:64,21.763805389404297,33.93692398071289,0.23980136215686798,-8.415853500366211,1.4833178520202637,-5.750344753265381,1.2213008403778076,-2.66550874710083,0.26201701164245605,label_Tbl,label_Tbl,effective_linear_approx_from_2_linear_layers
20606,C_Tbl_correct,L2_ch32:64,2,32:64,45.7493782043457,63.39482498168945,0.3608204126358032,-2.1539418697357178,5.900754928588867,-2.714987277984619,3.9571142196655273,0.5610454082489014,1.9436407089233398,label_Tbl,label_Tbl,effective_linear_approx_from_2_linear_layers
20607,C_Tbl_correct,L2_ch32:64,2,32:64,23.5237979888916,35.73506546020508,0.19176726043224335,-1.5540987253189087,3.844966411590576,-3.261122465133667,2.10062837600708,1.7070237398147583,1.744338035583496,label_Tbl,label_Tbl,effective_linear_approx_from_2_linear_layers
20608,C_Tbl_correct,L2_ch32:64,2,32:64,4.972993850708008,6.116530418395996,0.13699238002300262,-0.3215404450893402,2.2801437377929688,-0.9211795330047607,1.9195384979248047,0.5996390581130981,0.36060523986816406,label_Tbl,label_Tbl,effective_linear_approx_from_2_linear_layers
20609,C_Tbl_correct,L2_ch32:64,2,32:64,34.84395980834961,52.98543930053711,0.2809414863586426,-1.6445579528808594,4.755596160888672,-3.526400327682495,2.366976022720337,1.8818423748016357,2.388620138168335,label_Tbl,label_Tbl,effective_linear_approx_from_2_linear_layers
20610,C_Tbl_correct,L2_ch32:64,2,32:64,51.679405212402344,81.51029968261719,0.6131773591041565,-32.07012176513672,-3.977949619293213,-25.84263038635254,-3.695756435394287,-6.22749137878418,-0.2821931838989258,label_Tbl,label_Tbl,effective_linear_approx_from_2_linear_layers
