event_idx,group,head_id,rank,particle_idx,particle_activation_norm,pid,pt,charge,is_second_lepton_like,particle_role,best_lepton_idx,second_lepton_idx,nearest_hadron_to_best_lepton_idx,hardest_hadron_idx
12308,A_protected_highiso,L2_ch128:160,1,0,6.165214538574219,electron,210.91549682617188,-1.0,,particle0_best_lepton,0,,27,3
12308,A_protected_highiso,L2_ch128:160,2,12,1.3231433629989624,charged_hadron,8.510248184204102,-1.0,,hard_hadron,0,,27,3
12308,A_protected_highiso,L2_ch128:160,3,16,1.005852460861206,photon,6.311211585998535,0.0,,photon_neighbor,0,,27,3
12358,A_protected_highiso,L2_ch128:160,1,0,5.902093410491943,electron,229.01434326171875,-1.0,,particle0_best_lepton,0,,35,2
12358,A_protected_highiso,L2_ch128:160,2,4,1.5181145668029785,charged_hadron,32.47212219238281,1.0,,hard_hadron,0,,35,2
12358,A_protected_highiso,L2_ch128:160,3,1,1.0337620973587036,photon,70.61795806884766,0.0,,photon_neighbor,0,,35,2
12438,A_protected_highiso,L2_ch128:160,1,0,6.163497447967529,muon,169.7151641845703,1.0,,particle0_best_lepton,0,,31,1
12438,A_protected_highiso,L2_ch128:160,2,1,3.607360363006592,neutral_hadron,96.88123321533203,0.0,,hardest_hadron,0,,31,1
12438,A_protected_highiso,L2_ch128:160,3,6,1.440585732460022,charged_hadron,11.78877067565918,1.0,,hard_hadron,0,,31,1
12442,A_protected_highiso,L2_ch128:160,1,0,5.3995795249938965,muon,116.57672119140625,-1.0,,particle0_best_lepton,0,49,44,1
12442,A_protected_highiso,L2_ch128:160,2,1,1.1232554912567139,charged_hadron,115.92982482910156,-1.0,,hardest_hadron,0,49,44,1
12442,A_protected_highiso,L2_ch128:160,3,15,1.0685657262802124,charged_hadron,11.958351135253906,-1.0,,hadron_neighbor,0,49,44,1
12509,A_protected_highiso,L2_ch128:160,1,0,5.242000102996826,electron,191.98472595214844,-1.0,,particle0_best_lepton,0,25,11,2
12509,A_protected_highiso,L2_ch128:160,2,2,1.28311288356781,charged_hadron,57.196895599365234,1.0,,hardest_hadron,0,25,11,2
12509,A_protected_highiso,L2_ch128:160,3,14,0.6667892336845398,charged_hadron,6.042871952056885,-1.0,,hadron_neighbor,0,25,11,2
12592,A_protected_highiso,L2_ch128:160,1,0,6.431893348693848,electron,318.6606750488281,-1.0,,particle0_best_lepton,0,,25,2
12592,A_protected_highiso,L2_ch128:160,2,2,0.9370681643486023,charged_hadron,40.69743728637695,-1.0,,hardest_hadron,0,,25,2
12592,A_protected_highiso,L2_ch128:160,3,3,0.8361434936523438,charged_hadron,33.87440872192383,1.0,,hard_hadron,0,,25,2
12784,A_protected_highiso,L2_ch128:160,1,0,5.990438461303711,muon,490.37921142578125,1.0,,particle0_best_lepton,0,,13,1
12784,A_protected_highiso,L2_ch128:160,2,2,1.6654984951019287,charged_hadron,31.80470085144043,-1.0,,hard_hadron,0,,13,1
12784,A_protected_highiso,L2_ch128:160,3,14,1.0970453023910522,charged_hadron,5.482289791107178,1.0,,hadron_neighbor,0,,13,1
13089,A_protected_highiso,L2_ch128:160,1,1,6.060782432556152,muon,130.16632080078125,-1.0,,best_lepton,1,,45,0
13089,A_protected_highiso,L2_ch128:160,2,0,3.382632255554199,charged_hadron,222.8564453125,1.0,,particle0,1,,45,0
13089,A_protected_highiso,L2_ch128:160,3,5,1.359729528427124,charged_hadron,27.55554962158203,1.0,,hard_hadron,1,,45,0
13279,A_protected_highiso,L2_ch128:160,1,0,7.19550895690918,muon,236.35154724121094,1.0,,particle0_best_lepton,0,,15,1
13279,A_protected_highiso,L2_ch128:160,2,2,0.5781092643737793,charged_hadron,21.999059677124023,1.0,,hard_hadron,0,,15,1
13279,A_protected_highiso,L2_ch128:160,3,4,0.3247716426849365,charged_hadron,19.62450408935547,1.0,,hard_hadron,0,,15,1
13374,A_protected_highiso,L2_ch128:160,1,0,6.308888912200928,electron,354.0111389160156,-1.0,,particle0_best_lepton,0,,20,2
13374,A_protected_highiso,L2_ch128:160,2,22,0.9157067537307739,photon,2.612541437149048,0.0,,photon_neighbor,0,,20,2
13374,A_protected_highiso,L2_ch128:160,3,14,0.676179826259613,charged_hadron,3.790553331375122,1.0,,hard_hadron,0,,20,2
13400,A_protected_highiso,L2_ch128:160,1,0,4.443805694580078,electron,336.1107177734375,1.0,,particle0_best_lepton,0,,36,1
13400,A_protected_highiso,L2_ch128:160,2,1,1.7756516933441162,charged_hadron,81.31978607177734,-1.0,,hardest_hadron,0,,36,1
13400,A_protected_highiso,L2_ch128:160,3,4,0.8855971097946167,charged_hadron,14.798798561096191,-1.0,,hard_hadron,0,,36,1
13529,A_protected_highiso,L2_ch128:160,1,0,5.505063056945801,muon,326.5039978027344,1.0,,particle0_best_lepton,0,,9,2
13529,A_protected_highiso,L2_ch128:160,2,1,1.9892113208770752,photon,49.04374313354492,0.0,,photon_neighbor,0,,9,2
13529,A_protected_highiso,L2_ch128:160,3,5,0.7234997153282166,charged_hadron,10.812333106994629,-1.0,,hard_hadron,0,,9,2
13897,A_protected_highiso,L2_ch128:160,1,0,6.191395282745361,muon,457.5880126953125,1.0,,particle0_best_lepton,0,,14,2
13897,A_protected_highiso,L2_ch128:160,2,32,1.5359081029891968,charged_hadron,4.134951114654541,-1.0,,hadron_neighbor,0,,14,2
13897,A_protected_highiso,L2_ch128:160,3,2,1.3395763635635376,charged_hadron,60.254791259765625,-1.0,,hardest_hadron,0,,14,2
14139,A_protected_highiso,L2_ch128:160,1,0,6.424062252044678,muon,359.5831604003906,1.0,,particle0_best_lepton,0,,14,1
14139,A_protected_highiso,L2_ch128:160,2,31,1.501526951789856,charged_hadron,3.4750983715057373,-1.0,,hadron_neighbor,0,,14,1
14139,A_protected_highiso,L2_ch128:160,3,28,0.8127826452255249,charged_hadron,4.286344051361084,1.0,,hadron_neighbor,0,,14,1
14355,A_protected_highiso,L2_ch128:160,1,0,5.169510364532471,electron,355.94677734375,1.0,,particle0_best_lepton,0,,25,1
14355,A_protected_highiso,L2_ch128:160,2,1,1.3719033002853394,charged_hadron,68.7841796875,-1.0,,hardest_hadron,0,,25,1
14355,A_protected_highiso,L2_ch128:160,3,7,1.2635184526443481,charged_hadron,13.976323127746582,-1.0,,hard_hadron,0,,25,1
14381,A_protected_highiso,L2_ch128:160,1,0,5.435881614685059,muon,300.2547912597656,1.0,,particle0_best_lepton,0,,26,1
14381,A_protected_highiso,L2_ch128:160,2,1,1.2317172288894653,charged_hadron,48.02571105957031,1.0,,hardest_hadron,0,,26,1
14381,A_protected_highiso,L2_ch128:160,3,3,0.7911215424537659,charged_hadron,16.53639030456543,-1.0,,hard_hadron,0,,26,1
14596,A_protected_highiso,L2_ch128:160,1,0,6.556382179260254,electron,113.05442810058594,-1.0,,particle0_best_lepton,0,37,20,1
14596,A_protected_highiso,L2_ch128:160,2,2,1.334873080253601,charged_hadron,58.74953079223633,1.0,,hard_hadron,0,37,20,1
14596,A_protected_highiso,L2_ch128:160,3,18,0.9073106646537781,neutral_hadron,4.421797752380371,0.0,,hadron_neighbor,0,37,20,1
14600,A_protected_highiso,L2_ch128:160,1,0,7.02056360244751,muon,258.7874755859375,-1.0,,particle0_best_lepton,0,,12,2
14600,A_protected_highiso,L2_ch128:160,2,4,1.7374300956726074,charged_hadron,40.34858322143555,1.0,,hard_hadron,0,,12,2
14600,A_protected_highiso,L2_ch128:160,3,1,1.6623685359954834,photon,106.86139678955078,0.0,,photon_neighbor,0,,12,2
14625,A_protected_highiso,L2_ch128:160,1,0,5.67154598236084,electron,105.97429656982422,1.0,,particle0_best_lepton,0,10,44,1
14625,A_protected_highiso,L2_ch128:160,2,10,2.3976097106933594,electron,11.225505828857422,-1.0,,second_lepton,0,10,44,1
14625,A_protected_highiso,L2_ch128:160,3,1,1.5967862606048584,charged_hadron,57.44641876220703,1.0,,hardest_hadron,0,10,44,1
14742,A_protected_highiso,L2_ch128:160,1,0,6.579472064971924,electron,315.2446594238281,1.0,,particle0_best_lepton,0,,16,1
14742,A_protected_highiso,L2_ch128:160,2,3,1.618729591369629,charged_hadron,30.161989212036133,-1.0,,hard_hadron,0,,16,1
14742,A_protected_highiso,L2_ch128:160,3,1,1.1531075239181519,charged_hadron,73.39140319824219,-1.0,,hardest_hadron,0,,16,1
14991,A_protected_highiso,L2_ch128:160,1,0,5.859454154968262,muon,142.14076232910156,-1.0,,particle0_best_lepton,0,,42,1
14991,A_protected_highiso,L2_ch128:160,2,5,1.241220235824585,charged_hadron,23.168031692504883,1.0,,hard_hadron,0,,42,1
14991,A_protected_highiso,L2_ch128:160,3,6,1.0538077354431152,charged_hadron,22.905885696411133,-1.0,,hard_hadron,0,,42,1
14999,A_protected_highiso,L2_ch128:160,1,0,5.48592472076416,muon,185.35040283203125,1.0,,particle0_best_lepton,0,,21,1
14999,A_protected_highiso,L2_ch128:160,2,8,1.0245271921157837,charged_hadron,20.605192184448242,-1.0,,hard_hadron,0,,21,1
14999,A_protected_highiso,L2_ch128:160,3,32,0.8620051145553589,charged_hadron,2.4214284420013428,-1.0,,hadron_neighbor,0,,21,1
15006,A_protected_highiso,L2_ch128:160,1,0,7.227902889251709,electron,254.96595764160156,-1.0,,particle0_best_lepton,0,,12,1
15006,A_protected_highiso,L2_ch128:160,2,4,2.162783622741699,charged_hadron,30.37660789489746,1.0,,hard_hadron,0,,12,1
15006,A_protected_highiso,L2_ch128:160,3,1,1.6770578622817993,charged_hadron,129.26129150390625,-1.0,,hardest_hadron,0,,12,1
15112,A_protected_highiso,L2_ch128:160,1,0,6.6415886878967285,electron,273.059814453125,-1.0,,particle0_best_lepton,0,,17,1
15112,A_protected_highiso,L2_ch128:160,2,2,1.4669688940048218,neutral_hadron,35.64738845825195,0.0,,hard_hadron,0,,17,1
15112,A_protected_highiso,L2_ch128:160,3,1,0.8501327633857727,charged_hadron,49.0235595703125,1.0,,hardest_hadron,0,,17,1
15233,A_protected_highiso,L2_ch128:160,1,0,5.428107738494873,electron,246.3203582763672,1.0,,particle0_best_lepton,0,,9,1
15233,A_protected_highiso,L2_ch128:160,2,18,1.3911948204040527,charged_hadron,5.896407604217529,1.0,,hadron_neighbor,0,,9,1
15233,A_protected_highiso,L2_ch128:160,3,15,1.1428712606430054,photon,6.222963333129883,0.0,,photon_neighbor,0,,9,1
15292,A_protected_highiso,L2_ch128:160,1,0,5.3570942878723145,muon,192.9404296875,-1.0,,particle0_best_lepton,0,,26,1
15292,A_protected_highiso,L2_ch128:160,2,8,1.497413992881775,charged_hadron,29.39792823791504,-1.0,,hard_hadron,0,,26,1
15292,A_protected_highiso,L2_ch128:160,3,6,1.2789782285690308,charged_hadron,40.96134948730469,1.0,,hard_hadron,0,,26,1
15512,A_protected_highiso,L2_ch128:160,1,0,5.350985527038574,muon,232.9764404296875,-1.0,,particle0_best_lepton,0,,16,3
15512,A_protected_highiso,L2_ch128:160,2,1,2.5568089485168457,photon,77.5498275756836,0.0,,photon_neighbor,0,,16,3
15512,A_protected_highiso,L2_ch128:160,3,42,1.2304654121398926,photon,1.2676365375518799,0.0,,photon_neighbor,0,,16,3
15540,A_protected_highiso,L2_ch128:160,1,0,5.608467102050781,muon,272.0929260253906,1.0,,particle0_best_lepton,0,,3,2
15540,A_protected_highiso,L2_ch128:160,2,1,0.8225392699241638,photon,34.17088317871094,0.0,,photon_neighbor,0,,3,2
15540,A_protected_highiso,L2_ch128:160,3,25,0.7937158346176147,neutral_hadron,3.1866631507873535,0.0,,hadron_neighbor,0,,3,2
15590,A_protected_highiso,L2_ch128:160,1,0,6.546489715576172,muon,301.4415283203125,1.0,,particle0_best_lepton,0,2,19,1
15590,A_protected_highiso,L2_ch128:160,2,2,2.5485856533050537,muon,19.118396759033203,-1.0,,second_lepton,0,2,19,1
15590,A_protected_highiso,L2_ch128:160,3,1,1.862544059753418,charged_hadron,49.62342071533203,-1.0,,hardest_hadron,0,2,19,1
15684,A_protected_highiso,L2_ch128:160,1,0,6.563263416290283,electron,300.70977783203125,1.0,,particle0_best_lepton,0,,11,1
15684,A_protected_highiso,L2_ch128:160,2,2,1.0217729806900024,charged_hadron,14.967216491699219,-1.0,,hard_hadron,0,,11,1
15684,A_protected_highiso,L2_ch128:160,3,6,0.6489921808242798,charged_hadron,10.244695663452148,-1.0,,hard_hadron,0,,11,1
15800,A_protected_highiso,L2_ch128:160,1,0,5.298868179321289,electron,346.1005859375,1.0,,particle0_best_lepton,0,,8,1
15800,A_protected_highiso,L2_ch128:160,2,1,0.9139288663864136,charged_hadron,19.186485290527344,-1.0,,hardest_hadron,0,,8,1
15800,A_protected_highiso,L2_ch128:160,3,47,0.8843855261802673,charged_hadron,1.582804560661316,-1.0,,hadron_neighbor,0,,8,1
16360,A_protected_highiso,L2_ch128:160,1,0,6.380829334259033,muon,376.0852355957031,-1.0,,particle0_best_lepton,0,,12,4
16360,A_protected_highiso,L2_ch128:160,2,1,1.0743416547775269,photon,62.73597717285156,0.0,,photon_neighbor,0,,12,4
16360,A_protected_highiso,L2_ch128:160,3,4,0.872967541217804,charged_hadron,19.64999771118164,1.0,,hardest_hadron,0,,12,4
12649,B_confused_highiso,L2_ch128:160,1,0,9.012598991394043,muon,316.7471008300781,-1.0,,particle0_best_lepton,0,47,22,1
12649,B_confused_highiso,L2_ch128:160,2,47,1.404707908630371,muon,3.025986909866333,1.0,,second_lepton,0,47,22,1
12649,B_confused_highiso,L2_ch128:160,3,1,0.9154289364814758,charged_hadron,71.0254135131836,-1.0,,hardest_hadron,0,47,22,1
12982,B_confused_highiso,L2_ch128:160,1,0,6.0844268798828125,electron,225.74807739257812,-1.0,,particle0_best_lepton,0,,15,1
12982,B_confused_highiso,L2_ch128:160,2,15,0.8020182847976685,neutral_hadron,8.331151008605957,0.0,,nearest_hadron_to_best_lepton,0,,15,1
12982,B_confused_highiso,L2_ch128:160,3,14,0.6748086214065552,charged_hadron,8.977442741394043,-1.0,,hadron_neighbor,0,,15,1
13045,B_confused_highiso,L2_ch128:160,1,0,6.564153671264648,electron,331.1594543457031,-1.0,,particle0_best_lepton,0,2,15,1
13045,B_confused_highiso,L2_ch128:160,2,2,1.4655804634094238,muon,20.822223663330078,-1.0,,second_lepton,0,2,15,1
13045,B_confused_highiso,L2_ch128:160,3,1,1.2876967191696167,charged_hadron,30.480703353881836,1.0,,hardest_hadron,0,2,15,1
13583,B_confused_highiso,L2_ch128:160,1,0,7.546173095703125,electron,444.0295715332031,1.0,,particle0_best_lepton,0,14,4,2
13583,B_confused_highiso,L2_ch128:160,2,30,2.113520860671997,electron,2.350341796875,-1.0,,other_lepton,0,14,4,2
13583,B_confused_highiso,L2_ch128:160,3,3,1.8039093017578125,charged_hadron,23.86808204650879,-1.0,,hard_hadron,0,14,4,2
13787,B_confused_highiso,L2_ch128:160,1,0,6.344688415527344,electron,226.40545654296875,-1.0,,particle0_best_lepton,0,,19,1
13787,B_confused_highiso,L2_ch128:160,2,35,1.8076846599578857,photon,1.6093707084655762,0.0,,photon_neighbor,0,,19,1
13787,B_confused_highiso,L2_ch128:160,3,24,1.438409447669983,charged_hadron,3.4226205348968506,1.0,,hadron_neighbor,0,,19,1
13997,B_confused_highiso,L2_ch128:160,1,0,8.289461135864258,muon,247.4871368408203,-1.0,,particle0_best_lepton,0,,18,1
13997,B_confused_highiso,L2_ch128:160,2,36,0.9570569396018982,charged_hadron,1.5749415159225464,-1.0,,hadron_neighbor,0,,18,1
13997,B_confused_highiso,L2_ch128:160,3,18,0.9555192589759827,charged_hadron,4.5394110679626465,1.0,,nearest_hadron_to_best_lepton,0,,18,1
14711,B_confused_highiso,L2_ch128:160,1,0,8.227168083190918,muon,132.4909210205078,1.0,,particle0_best_lepton,0,66,45,1
14711,B_confused_highiso,L2_ch128:160,2,1,2.015805244445801,charged_hadron,40.551177978515625,-1.0,,hardest_hadron,0,66,45,1
14711,B_confused_highiso,L2_ch128:160,3,3,1.2658461332321167,charged_hadron,21.010746002197266,1.0,,hard_hadron,0,66,45,1
15288,B_confused_highiso,L2_ch128:160,1,0,6.091553688049316,electron,429.5041198730469,-1.0,,particle0_best_lepton,0,,31,1
15288,B_confused_highiso,L2_ch128:160,2,3,0.5317695140838623,charged_hadron,10.24519157409668,1.0,,hard_hadron,0,,31,1
15288,B_confused_highiso,L2_ch128:160,3,6,0.4607488811016083,neutral_hadron,7.264493942260742,0.0,,hard_hadron,0,,31,1
15528,B_confused_highiso,L2_ch128:160,1,3,5.9287309646606445,electron,23.16946792602539,-1.0,,best_lepton,3,15,33,1
15528,B_confused_highiso,L2_ch128:160,2,0,1.6803498268127441,photon,468.97296142578125,0.0,,particle0,3,15,33,1
15528,B_confused_highiso,L2_ch128:160,3,15,1.2881066799163818,electron,7.784639358520508,1.0,,second_lepton,3,15,33,1
15658,B_confused_highiso,L2_ch128:160,1,0,7.631208896636963,electron,94.5487289428711,1.0,,particle0_best_lepton,0,5,43,1
15658,B_confused_highiso,L2_ch128:160,2,5,1.4201377630233765,muon,16.095420837402344,-1.0,,second_lepton,0,5,43,1
15658,B_confused_highiso,L2_ch128:160,3,2,1.107131838798523,charged_hadron,22.265399932861328,-1.0,,hard_hadron,0,5,43,1
15893,B_confused_highiso,L2_ch128:160,1,0,7.816365718841553,electron,297.3345947265625,-1.0,,particle0_best_lepton,0,,24,1
15893,B_confused_highiso,L2_ch128:160,2,23,1.4015874862670898,charged_hadron,5.147664546966553,1.0,,hadron_neighbor,0,,24,1
15893,B_confused_highiso,L2_ch128:160,3,3,0.9018133878707886,charged_hadron,38.2039680480957,-1.0,,hard_hadron,0,,24,1
20480,C_Tbl_correct,L2_ch128:160,1,0,6.701056957244873,muon,186.00991821289062,-1.0,,particle0_best_lepton,0,,11,1
20480,C_Tbl_correct,L2_ch128:160,2,11,1.8772614002227783,charged_hadron,5.885776042938232,-1.0,,nearest_hadron_to_best_lepton,0,,11,1
20480,C_Tbl_correct,L2_ch128:160,3,1,1.5411064624786377,charged_hadron,92.15662384033203,1.0,,hardest_hadron,0,,11,1
20481,C_Tbl_correct,L2_ch128:160,1,0,7.2111592292785645,muon,498.7115783691406,1.0,,particle0_best_lepton,0,1,19,2
20481,C_Tbl_correct,L2_ch128:160,2,1,2.4267139434814453,muon,81.7923355102539,-1.0,,second_lepton,0,1,19,2
20481,C_Tbl_correct,L2_ch128:160,3,19,1.1566437482833862,charged_hadron,3.744546890258789,-1.0,,nearest_hadron_to_best_lepton,0,1,19,2
20482,C_Tbl_correct,L2_ch128:160,1,2,4.702112674713135,muon,85.50410461425781,-1.0,,second_lepton,0,2,5,1
20482,C_Tbl_correct,L2_ch128:160,2,0,1.6053028106689453,muon,123.67266082763672,-1.0,,particle0_best_lepton,0,2,5,1
20482,C_Tbl_correct,L2_ch128:160,3,4,1.5015203952789307,neutral_hadron,37.865928649902344,0.0,,hard_hadron,0,2,5,1
20483,C_Tbl_correct,L2_ch128:160,1,0,7.308244228363037,muon,391.753173828125,1.0,,particle0_best_lepton,0,,16,1
20483,C_Tbl_correct,L2_ch128:160,2,7,0.6680480241775513,charged_hadron,6.617679119110107,1.0,,hadron_neighbor,0,,16,1
20483,C_Tbl_correct,L2_ch128:160,3,15,0.5230698585510254,charged_hadron,3.157111167907715,-1.0,,hadron_neighbor,0,,16,1
20484,C_Tbl_correct,L2_ch128:160,1,0,4.706246852874756,electron,107.00715637207031,1.0,,particle0_best_lepton,0,3,11,4
20484,C_Tbl_correct,L2_ch128:160,2,24,1.3227413892745972,photon,4.55971622467041,0.0,,photon_neighbor,0,3,11,4
20484,C_Tbl_correct,L2_ch128:160,3,3,1.305303692817688,muon,37.70759582519531,1.0,,second_lepton,0,3,11,4
20485,C_Tbl_correct,L2_ch128:160,1,0,4.354439735412598,electron,118.92376708984375,1.0,,particle0_best_lepton,0,6,15,1
20485,C_Tbl_correct,L2_ch128:160,2,2,0.7730140686035156,charged_hadron,79.1214370727539,-1.0,,hard_hadron,0,6,15,1
20485,C_Tbl_correct,L2_ch128:160,3,1,0.7674258351325989,charged_hadron,85.56236267089844,-1.0,,hardest_hadron,0,6,15,1
20486,C_Tbl_correct,L2_ch128:160,1,1,4.744015216827393,muon,79.0703353881836,1.0,,best_lepton,1,,15,0
20486,C_Tbl_correct,L2_ch128:160,2,3,0.49690482020378113,charged_hadron,29.53087615966797,-1.0,,hard_hadron,1,,15,0
20486,C_Tbl_correct,L2_ch128:160,3,0,0.4465005099773407,neutral_hadron,149.88633728027344,0.0,,particle0,1,,15,0
20487,C_Tbl_correct,L2_ch128:160,1,0,10.293864250183105,muon,330.2943420410156,-1.0,,particle0_best_lepton,0,4,19,1
20487,C_Tbl_correct,L2_ch128:160,2,4,2.3889219760894775,muon,14.948827743530273,-1.0,,second_lepton,0,4,19,1
20487,C_Tbl_correct,L2_ch128:160,3,23,1.2553479671478271,charged_hadron,3.256237745285034,-1.0,,hadron_neighbor,0,4,19,1
20488,C_Tbl_correct,L2_ch128:160,1,0,4.97292423248291,muon,114.84968566894531,1.0,,particle0_best_lepton,0,,19,1
20488,C_Tbl_correct,L2_ch128:160,2,1,1.2100980281829834,charged_hadron,66.90687561035156,-1.0,,hardest_hadron,0,,19,1
20488,C_Tbl_correct,L2_ch128:160,3,12,1.1081886291503906,charged_hadron,6.959555149078369,1.0,,hadron_neighbor,0,,19,1
20489,C_Tbl_correct,L2_ch128:160,1,0,4.946350574493408,electron,267.3357238769531,1.0,,particle0_best_lepton,0,2,14,1
20489,C_Tbl_correct,L2_ch128:160,2,3,0.6742792129516602,photon,38.49784851074219,0.0,,photon_neighbor,0,2,14,1
20489,C_Tbl_correct,L2_ch128:160,3,1,0.6556775569915771,charged_hadron,40.295047760009766,1.0,,hardest_hadron,0,2,14,1
20490,C_Tbl_correct,L2_ch128:160,1,0,5.75769567489624,muon,222.58627319335938,1.0,,particle0_best_lepton,0,,19,1
20490,C_Tbl_correct,L2_ch128:160,2,34,1.3222557306289673,photon,0.9496799111366272,0.0,,photon_neighbor,0,,19,1
20490,C_Tbl_correct,L2_ch128:160,3,1,0.8393088579177856,charged_hadron,52.71913528442383,1.0,,hardest_hadron,0,,19,1
20491,C_Tbl_correct,L2_ch128:160,1,0,7.670339584350586,muon,564.8671875,-1.0,,particle0_best_lepton,0,,15,1
20491,C_Tbl_correct,L2_ch128:160,2,20,0.9184606075286865,charged_hadron,4.483021259307861,-1.0,,hadron_neighbor,0,,15,1
20491,C_Tbl_correct,L2_ch128:160,3,29,0.8970693349838257,photon,1.2118791341781616,0.0,,photon_neighbor,0,,15,1
20492,C_Tbl_correct,L2_ch128:160,1,0,9.639129638671875,muon,252.05963134765625,-1.0,,particle0_best_lepton,0,,74,1
20492,C_Tbl_correct,L2_ch128:160,2,1,1.3374650478363037,charged_hadron,34.672706604003906,1.0,,hardest_hadron,0,,74,1
20492,C_Tbl_correct,L2_ch128:160,3,52,1.2971699237823486,charged_hadron,2.705594301223755,1.0,,hadron_neighbor,0,,74,1
20493,C_Tbl_correct,L2_ch128:160,1,0,4.648444652557373,electron,186.51634216308594,1.0,,particle0_best_lepton,0,1,14,2
20493,C_Tbl_correct,L2_ch128:160,2,1,2.212339401245117,muon,169.77301025390625,-1.0,,second_lepton,0,1,14,2
20493,C_Tbl_correct,L2_ch128:160,3,8,1.450581669807434,photon,6.232746601104736,0.0,,photon_neighbor,0,1,14,2
20494,C_Tbl_correct,L2_ch128:160,1,0,7.565767765045166,muon,482.8270568847656,1.0,,particle0_best_lepton,0,,8,3
20494,C_Tbl_correct,L2_ch128:160,2,1,0.9746954441070557,photon,80.11673736572266,0.0,,photon_neighbor,0,,8,3
20494,C_Tbl_correct,L2_ch128:160,3,2,0.9419717788696289,photon,15.058201789855957,0.0,,photon_neighbor,0,,8,3
20495,C_Tbl_correct,L2_ch128:160,1,2,4.627599716186523,electron,87.17536926269531,1.0,,best_lepton,2,4,5,0
20495,C_Tbl_correct,L2_ch128:160,2,5,2.2948193550109863,charged_hadron,17.937631607055664,-1.0,,nearest_hadron_to_best_lepton,2,4,5,0
20495,C_Tbl_correct,L2_ch128:160,3,4,1.4126759767532349,muon,20.08660888671875,-1.0,,second_lepton,2,4,5,0
20496,C_Tbl_correct,L2_ch128:160,1,0,6.087006568908691,electron,238.28724670410156,1.0,,particle0_best_lepton,0,,24,1
20496,C_Tbl_correct,L2_ch128:160,2,27,1.3961790800094604,charged_hadron,2.9201574325561523,-1.0,,hadron_neighbor,0,,24,1
20496,C_Tbl_correct,L2_ch128:160,3,32,1.2383233308792114,photon,2.0957374572753906,0.0,,photon_neighbor,0,,24,1
20497,C_Tbl_correct,L2_ch128:160,1,0,7.98997688293457,muon,332.51971435546875,1.0,,particle0_best_lepton,0,,11,1
20497,C_Tbl_correct,L2_ch128:160,2,10,3.013852596282959,photon,4.5389227867126465,0.0,,photon_neighbor,0,,11,1
20497,C_Tbl_correct,L2_ch128:160,3,12,1.5170674324035645,charged_hadron,3.159674644470215,-1.0,,hadron_neighbor,0,,11,1
20498,C_Tbl_correct,L2_ch128:160,1,1,3.5935065746307373,muon,126.635009765625,-1.0,,best_lepton,1,,5,0
20498,C_Tbl_correct,L2_ch128:160,2,5,0.8858283758163452,neutral_hadron,20.479129791259766,0.0,,nearest_hadron_to_best_lepton,1,,5,0
20498,C_Tbl_correct,L2_ch128:160,3,2,0.7085744738578796,charged_hadron,109.99597930908203,-1.0,,hard_hadron,1,,5,0
20499,C_Tbl_correct,L2_ch128:160,1,1,4.309217929840088,electron,89.83689880371094,1.0,,best_lepton,1,,11,0
20499,C_Tbl_correct,L2_ch128:160,2,2,0.722347617149353,charged_hadron,80.7316665649414,1.0,,hard_hadron,1,,11,0
20499,C_Tbl_correct,L2_ch128:160,3,9,0.5177441835403442,charged_hadron,10.468526840209961,-1.0,,hadron_neighbor,1,,11,0
20500,C_Tbl_correct,L2_ch128:160,1,0,9.528607368469238,electron,329.0126953125,1.0,,particle0_best_lepton,0,12,11,1
20500,C_Tbl_correct,L2_ch128:160,2,12,1.8238632678985596,electron,5.570647716522217,-1.0,,second_lepton,0,12,11,1
20500,C_Tbl_correct,L2_ch128:160,3,14,1.2396444082260132,electron,4.159213066101074,-1.0,,other_lepton,0,12,11,1
20501,C_Tbl_correct,L2_ch128:160,1,0,8.017021179199219,electron,133.78932189941406,-1.0,,particle0_best_lepton,0,,19,1
20501,C_Tbl_correct,L2_ch128:160,2,15,0.9908710718154907,charged_hadron,7.8665618896484375,-1.0,,hadron_neighbor,0,,19,1
20501,C_Tbl_correct,L2_ch128:160,3,20,0.90904301404953,charged_hadron,5.991743564605713,-1.0,,hadron_neighbor,0,,19,1
20502,C_Tbl_correct,L2_ch128:160,1,0,9.232831001281738,muon,278.8143310546875,-1.0,,particle0_best_lepton,0,4,15,1
20502,C_Tbl_correct,L2_ch128:160,2,4,1.6596145629882812,muon,15.490090370178223,1.0,,second_lepton,0,4,15,1
20502,C_Tbl_correct,L2_ch128:160,3,2,0.7851399183273315,photon,47.30662155151367,0.0,,photon_neighbor,0,4,15,1
20503,C_Tbl_correct,L2_ch128:160,1,4,3.9892842769622803,electron,45.02203369140625,1.0,,best_lepton,4,6,15,0
20503,C_Tbl_correct,L2_ch128:160,2,3,0.8448026776313782,charged_hadron,55.5121955871582,1.0,,hard_hadron,4,6,15,0
20503,C_Tbl_correct,L2_ch128:160,3,7,0.7926543951034546,photon,24.941146850585938,0.0,,photon_neighbor,4,6,15,0
20504,C_Tbl_correct,L2_ch128:160,1,1,5.517060279846191,electron,97.75440216064453,1.0,,best_lepton,1,,20,0
20504,C_Tbl_correct,L2_ch128:160,2,0,0.892486572265625,neutral_hadron,149.13922119140625,0.0,,particle0,1,,20,0
20504,C_Tbl_correct,L2_ch128:160,3,9,0.5643107295036316,neutral_hadron,10.460328102111816,0.0,,hadron_neighbor,1,,20,0
20505,C_Tbl_correct,L2_ch128:160,1,0,4.029680252075195,muon,205.1035614013672,1.0,,particle0_best_lepton,0,,9,1
20505,C_Tbl_correct,L2_ch128:160,2,1,1.4988477230072021,charged_hadron,154.8529815673828,1.0,,hardest_hadron,0,,9,1
20505,C_Tbl_correct,L2_ch128:160,3,7,1.1362223625183105,photon,3.6300346851348877,0.0,,photon_neighbor,0,,9,1
20506,C_Tbl_correct,L2_ch128:160,1,0,4.343033790588379,muon,160.51051330566406,1.0,,particle0_best_lepton,0,12,13,1
20506,C_Tbl_correct,L2_ch128:160,2,8,0.9411668181419373,charged_hadron,10.526518821716309,1.0,,hard_hadron,0,12,13,1
20506,C_Tbl_correct,L2_ch128:160,3,33,0.3885299265384674,photon,0.9069464802742004,0.0,,photon_neighbor,0,12,13,1
20507,C_Tbl_correct,L2_ch128:160,1,0,7.158010959625244,muon,138.9788360595703,1.0,,particle0_best_lepton,0,1,34,2
20507,C_Tbl_correct,L2_ch128:160,2,31,0.8775562047958374,photon,1.5650826692581177,0.0,,photon_neighbor,0,1,34,2
20507,C_Tbl_correct,L2_ch128:160,3,34,0.8081763386726379,charged_hadron,1.0380827188491821,-1.0,,nearest_hadron_to_best_lepton,0,1,34,2
20508,C_Tbl_correct,L2_ch128:160,1,0,8.060059547424316,muon,124.95929718017578,-1.0,,particle0_best_lepton,0,19,15,2
20508,C_Tbl_correct,L2_ch128:160,2,14,1.2394094467163086,charged_hadron,5.0212883949279785,-1.0,,hadron_neighbor,0,19,15,2
20508,C_Tbl_correct,L2_ch128:160,3,1,0.8650577068328857,photon,95.86282348632812,0.0,,photon_neighbor,0,19,15,2
20509,C_Tbl_correct,L2_ch128:160,1,1,5.344131946563721,muon,162.5621337890625,1.0,,best_lepton,1,4,8,0
20509,C_Tbl_correct,L2_ch128:160,2,5,1.159067988395691,charged_hadron,22.042156219482422,1.0,,hard_hadron,1,4,8,0
20509,C_Tbl_correct,L2_ch128:160,3,0,1.0401711463928223,charged_hadron,186.97219848632812,-1.0,,particle0,1,4,8,0
20510,C_Tbl_correct,L2_ch128:160,1,0,5.355104923248291,muon,254.29237365722656,1.0,,particle0_best_lepton,0,,4,1
20510,C_Tbl_correct,L2_ch128:160,2,11,0.8965527415275574,charged_hadron,14.761366844177246,1.0,,hadron_neighbor,0,,4,1
20510,C_Tbl_correct,L2_ch128:160,3,5,0.7675317525863647,charged_hadron,25.893592834472656,-1.0,,hard_hadron,0,,4,1
20511,C_Tbl_correct,L2_ch128:160,1,0,7.450149059295654,muon,148.91407775878906,-1.0,,particle0_best_lepton,0,46,34,1
20511,C_Tbl_correct,L2_ch128:160,2,2,1.0542796850204468,charged_hadron,33.23933029174805,-1.0,,hard_hadron,0,46,34,1
20511,C_Tbl_correct,L2_ch128:160,3,3,0.8805456757545471,charged_hadron,32.869346618652344,-1.0,,hard_hadron,0,46,34,1
20512,C_Tbl_correct,L2_ch128:160,1,1,4.233466625213623,muon,246.33908081054688,1.0,,best_lepton,1,,5,2
20512,C_Tbl_correct,L2_ch128:160,2,9,0.7329015731811523,charged_hadron,9.292584419250488,-1.0,,hadron_neighbor,1,,5,2
20512,C_Tbl_correct,L2_ch128:160,3,13,0.5509294271469116,charged_hadron,1.7146607637405396,-1.0,,hadron_neighbor,1,,5,2
20513,C_Tbl_correct,L2_ch128:160,1,0,8.613736152648926,electron,344.981689453125,1.0,,particle0_best_lepton,0,,17,1
20513,C_Tbl_correct,L2_ch128:160,2,18,1.096471905708313,photon,1.4932204484939575,0.0,,photon_neighbor,0,,17,1
20513,C_Tbl_correct,L2_ch128:160,3,1,0.847934901714325,charged_hadron,60.859214782714844,-1.0,,hardest_hadron,0,,17,1
20514,C_Tbl_correct,L2_ch128:160,1,0,4.045278549194336,muon,107.3781509399414,1.0,,particle0_best_lepton,0,,11,1
20514,C_Tbl_correct,L2_ch128:160,2,1,1.1433507204055786,charged_hadron,102.47187042236328,-1.0,,hardest_hadron,0,,11,1
20514,C_Tbl_correct,L2_ch128:160,3,9,0.9033782482147217,charged_hadron,14.191100120544434,-1.0,,hadron_neighbor,0,,11,1
20515,C_Tbl_correct,L2_ch128:160,1,0,4.74188232421875,muon,519.654052734375,1.0,,particle0_best_lepton,0,,15,1
20515,C_Tbl_correct,L2_ch128:160,2,1,0.6789584755897522,charged_hadron,19.062910079956055,1.0,,hardest_hadron,0,,15,1
20515,C_Tbl_correct,L2_ch128:160,3,2,0.554700493812561,charged_hadron,12.211058616638184,1.0,,hard_hadron,0,,15,1
20516,C_Tbl_correct,L2_ch128:160,1,0,9.802641868591309,electron,424.41094970703125,-1.0,,particle0_best_lepton,0,11,20,1
20516,C_Tbl_correct,L2_ch128:160,2,11,1.4840024709701538,electron,12.019204139709473,-1.0,,second_lepton,0,11,20,1
20516,C_Tbl_correct,L2_ch128:160,3,8,1.2029731273651123,photon,21.636966705322266,0.0,,photon_neighbor,0,11,20,1
20517,C_Tbl_correct,L2_ch128:160,1,2,4.614950656890869,muon,121.41401672363281,1.0,,best_lepton,2,6,18,0
20517,C_Tbl_correct,L2_ch128:160,2,6,0.8962755799293518,electron,26.68927001953125,-1.0,,second_lepton,2,6,18,0
20517,C_Tbl_correct,L2_ch128:160,3,4,0.807538628578186,charged_hadron,47.390350341796875,1.0,,hard_hadron,2,6,18,0
20518,C_Tbl_correct,L2_ch128:160,1,1,4.833751201629639,muon,105.87470245361328,-1.0,,best_lepton,1,2,4,4
20518,C_Tbl_correct,L2_ch128:160,2,2,1.1679420471191406,electron,94.17501068115234,-1.0,,second_lepton,1,2,4,4
20518,C_Tbl_correct,L2_ch128:160,3,3,0.2949025630950928,photon,63.05599594116211,0.0,,photon_neighbor,1,2,4,4
20519,C_Tbl_correct,L2_ch128:160,1,0,6.825295448303223,muon,282.969482421875,-1.0,,particle0_best_lepton,0,,18,2
20519,C_Tbl_correct,L2_ch128:160,2,12,1.120169997215271,charged_hadron,7.17194938659668,1.0,,hadron_neighbor,0,,18,2
20519,C_Tbl_correct,L2_ch128:160,3,24,1.0284335613250732,photon,1.1194828748703003,0.0,,photon_neighbor,0,,18,2
20520,C_Tbl_correct,L2_ch128:160,1,0,5.2233967781066895,muon,114.50515747070312,-1.0,,particle0_best_lepton,0,6,19,1
20520,C_Tbl_correct,L2_ch128:160,2,23,0.5035597085952759,charged_hadron,2.5101165771484375,1.0,,hadron_neighbor,0,6,19,1
20520,C_Tbl_correct,L2_ch128:160,3,2,0.45850545167922974,photon,59.10955810546875,0.0,,photon_neighbor,0,6,19,1
20521,C_Tbl_correct,L2_ch128:160,1,1,7.706120491027832,muon,96.19719696044922,-1.0,,best_lepton,1,15,20,2
20521,C_Tbl_correct,L2_ch128:160,2,2,1.15782630443573,charged_hadron,55.15263366699219,1.0,,hardest_hadron,1,15,20,2
20521,C_Tbl_correct,L2_ch128:160,3,0,0.6835055351257324,photon,154.40756225585938,0.0,,particle0,1,15,20,2
20522,C_Tbl_correct,L2_ch128:160,1,0,9.473882675170898,muon,181.8948211669922,-1.0,,particle0_best_lepton,0,,11,1
20522,C_Tbl_correct,L2_ch128:160,2,18,1.1570900678634644,charged_hadron,2.892613649368286,1.0,,hadron_neighbor,0,,11,1
20522,C_Tbl_correct,L2_ch128:160,3,2,1.1214711666107178,photon,53.18507385253906,0.0,,photon_neighbor,0,,11,1
20523,C_Tbl_correct,L2_ch128:160,1,1,5.101914405822754,electron,98.05267333984375,1.0,,best_lepton,1,3,13,2
20523,C_Tbl_correct,L2_ch128:160,2,3,1.3200558423995972,electron,84.39728546142578,-1.0,,second_lepton,1,3,13,2
20523,C_Tbl_correct,L2_ch128:160,3,4,0.8753617405891418,charged_hadron,66.11878967285156,1.0,,hard_hadron,1,3,13,2
20524,C_Tbl_correct,L2_ch128:160,1,0,5.592959403991699,electron,422.00567626953125,-1.0,,particle0_best_lepton,0,3,5,2
20524,C_Tbl_correct,L2_ch128:160,2,3,2.4415946006774902,muon,36.748870849609375,-1.0,,second_lepton,0,3,5,2
20524,C_Tbl_correct,L2_ch128:160,3,8,1.2868579626083374,neutral_hadron,5.1978044509887695,0.0,,hadron_neighbor,0,3,5,2
20525,C_Tbl_correct,L2_ch128:160,1,0,9.57606029510498,muon,147.4969940185547,1.0,,particle0_best_lepton,0,,16,2
20525,C_Tbl_correct,L2_ch128:160,2,20,0.9064081907272339,photon,3.5869102478027344,0.0,,photon_neighbor,0,,16,2
20525,C_Tbl_correct,L2_ch128:160,3,3,0.8898431658744812,charged_hadron,31.560243606567383,-1.0,,hard_hadron,0,,16,2
20526,C_Tbl_correct,L2_ch128:160,1,0,6.3818039894104,electron,264.64630126953125,1.0,,particle0_best_lepton,0,,19,1
20526,C_Tbl_correct,L2_ch128:160,2,22,1.010758876800537,charged_hadron,2.57301664352417,-1.0,,hadron_neighbor,0,,19,1
20526,C_Tbl_correct,L2_ch128:160,3,6,0.9224741458892822,charged_hadron,14.895676612854004,1.0,,hard_hadron,0,,19,1
20527,C_Tbl_correct,L2_ch128:160,1,0,8.177845001220703,electron,336.3766174316406,1.0,,particle0_best_lepton,0,,12,1
20527,C_Tbl_correct,L2_ch128:160,2,1,1.4224857091903687,charged_hadron,67.0682144165039,-1.0,,hardest_hadron,0,,12,1
20527,C_Tbl_correct,L2_ch128:160,3,2,1.215578556060791,charged_hadron,42.92474365234375,-1.0,,hard_hadron,0,,12,1
20528,C_Tbl_correct,L2_ch128:160,1,0,5.023123264312744,muon,406.7447814941406,1.0,,particle0_best_lepton,0,,15,2
20528,C_Tbl_correct,L2_ch128:160,2,1,1.600263237953186,photon,59.200347900390625,0.0,,photon_neighbor,0,,15,2
20528,C_Tbl_correct,L2_ch128:160,3,2,0.8643767833709717,charged_hadron,17.968355178833008,-1.0,,hardest_hadron,0,,15,2
20529,C_Tbl_correct,L2_ch128:160,1,0,9.337041854858398,electron,487.25653076171875,1.0,,particle0_best_lepton,0,,8,2
20529,C_Tbl_correct,L2_ch128:160,2,1,0.7983013391494751,photon,73.56980895996094,0.0,,photon_neighbor,0,,8,2
20529,C_Tbl_correct,L2_ch128:160,3,5,0.7249446511268616,photon,20.145668029785156,0.0,,photon_neighbor,0,,8,2
20530,C_Tbl_correct,L2_ch128:160,1,0,9.077168464660645,electron,302.8354187011719,-1.0,,particle0_best_lepton,0,,30,1
20530,C_Tbl_correct,L2_ch128:160,2,4,1.2001813650131226,charged_hadron,25.90937614440918,-1.0,,hard_hadron,0,,30,1
20530,C_Tbl_correct,L2_ch128:160,3,41,0.8387821912765503,charged_hadron,3.860395669937134,-1.0,,hadron_neighbor,0,,30,1
20531,C_Tbl_correct,L2_ch128:160,1,0,4.066128253936768,electron,200.07044982910156,1.0,,particle0_best_lepton,0,,13,1
20531,C_Tbl_correct,L2_ch128:160,2,2,0.810721218585968,charged_hadron,63.380916595458984,1.0,,hard_hadron,0,,13,1
20531,C_Tbl_correct,L2_ch128:160,3,1,0.5384802222251892,charged_hadron,79.5701904296875,-1.0,,hardest_hadron,0,,13,1
20532,C_Tbl_correct,L2_ch128:160,1,0,5.444277286529541,electron,302.8004150390625,-1.0,,particle0_best_lepton,0,,14,1
20532,C_Tbl_correct,L2_ch128:160,2,1,1.5575075149536133,charged_hadron,29.451641082763672,-1.0,,hardest_hadron,0,,14,1
20532,C_Tbl_correct,L2_ch128:160,3,2,1.4327788352966309,charged_hadron,25.769031524658203,-1.0,,hard_hadron,0,,14,1
20533,C_Tbl_correct,L2_ch128:160,1,0,9.11009407043457,electron,167.03543090820312,-1.0,,particle0_best_lepton,0,2,15,1
20533,C_Tbl_correct,L2_ch128:160,2,40,0.7285282015800476,charged_hadron,2.6021509170532227,1.0,,hadron_neighbor,0,2,15,1
20533,C_Tbl_correct,L2_ch128:160,3,4,0.718867838382721,charged_hadron,32.87797546386719,-1.0,,hard_hadron,0,2,15,1
20534,C_Tbl_correct,L2_ch128:160,1,0,4.220259189605713,muon,215.9326629638672,1.0,,particle0_best_lepton,0,,12,1
20534,C_Tbl_correct,L2_ch128:160,2,2,0.593297004699707,charged_hadron,44.63252258300781,-1.0,,hard_hadron,0,,12,1
20534,C_Tbl_correct,L2_ch128:160,3,5,0.526098906993866,charged_hadron,38.51297378540039,-1.0,,hard_hadron,0,,12,1
20535,C_Tbl_correct,L2_ch128:160,1,0,6.05224609375,muon,303.3940124511719,-1.0,,particle0_best_lepton,0,1,7,2
20535,C_Tbl_correct,L2_ch128:160,2,7,1.0330555438995361,neutral_hadron,7.137681007385254,0.0,,nearest_hadron_to_best_lepton,0,1,7,2
20535,C_Tbl_correct,L2_ch128:160,3,1,0.8991172909736633,electron,173.26866149902344,1.0,,second_lepton,0,1,7,2
20536,C_Tbl_correct,L2_ch128:160,1,0,9.847282409667969,electron,216.5425567626953,-1.0,,particle0_best_lepton,0,,24,1
20536,C_Tbl_correct,L2_ch128:160,2,2,2.632652759552002,neutral_hadron,45.00316619873047,0.0,,hard_hadron,0,,24,1
20536,C_Tbl_correct,L2_ch128:160,3,24,0.9148005843162537,charged_hadron,2.544419765472412,1.0,,nearest_hadron_to_best_lepton,0,,24,1
20537,C_Tbl_correct,L2_ch128:160,1,0,5.175195693969727,muon,195.53131103515625,1.0,,particle0_best_lepton,0,1,4,3
20537,C_Tbl_correct,L2_ch128:160,2,1,2.187211275100708,muon,128.3671417236328,-1.0,,second_lepton,0,1,4,3
20537,C_Tbl_correct,L2_ch128:160,3,14,1.2556899785995483,charged_hadron,4.82258939743042,1.0,,hadron_neighbor,0,1,4,3
20538,C_Tbl_correct,L2_ch128:160,1,0,6.729748249053955,electron,317.7366943359375,1.0,,particle0_best_lepton,0,1,12,2
20538,C_Tbl_correct,L2_ch128:160,2,1,1.8546828031539917,electron,82.45780181884766,-1.0,,second_lepton,0,1,12,2
20538,C_Tbl_correct,L2_ch128:160,3,8,1.3321856260299683,charged_hadron,8.465471267700195,1.0,,hard_hadron,0,1,12,2
20539,C_Tbl_correct,L2_ch128:160,1,0,9.056134223937988,electron,62.23419952392578,1.0,,particle0_best_lepton,0,35,46,1
20539,C_Tbl_correct,L2_ch128:160,2,35,1.2665812969207764,electron,3.1417386531829834,-1.0,,second_lepton,0,35,46,1
20539,C_Tbl_correct,L2_ch128:160,3,19,0.8780158758163452,charged_hadron,6.440375804901123,1.0,,hadron_neighbor,0,35,46,1
20540,C_Tbl_correct,L2_ch128:160,1,0,3.78596830368042,muon,121.60375213623047,1.0,,particle0_best_lepton,0,3,11,1
20540,C_Tbl_correct,L2_ch128:160,2,10,1.232398509979248,charged_hadron,13.08838176727295,-1.0,,hadron_neighbor,0,3,11,1
20540,C_Tbl_correct,L2_ch128:160,3,3,1.0763975381851196,electron,59.0196533203125,-1.0,,second_lepton,0,3,11,1
20541,C_Tbl_correct,L2_ch128:160,1,0,4.438949108123779,muon,175.0579071044922,-1.0,,particle0_best_lepton,0,,11,3
20541,C_Tbl_correct,L2_ch128:160,2,1,0.7688809633255005,photon,106.98389434814453,0.0,,photon_neighbor,0,,11,3
20541,C_Tbl_correct,L2_ch128:160,3,3,0.6566834449768066,charged_hadron,79.82263946533203,1.0,,hardest_hadron,0,,11,3
20542,C_Tbl_correct,L2_ch128:160,1,0,5.509976387023926,electron,312.7117614746094,-1.0,,particle0_best_lepton,0,,9,1
20542,C_Tbl_correct,L2_ch128:160,2,2,1.0543750524520874,charged_hadron,35.574378967285156,1.0,,hard_hadron,0,,9,1
20542,C_Tbl_correct,L2_ch128:160,3,6,0.933549165725708,photon,14.57545280456543,0.0,,photon_neighbor,0,,9,1
20543,C_Tbl_correct,L2_ch128:160,1,0,8.104283332824707,muon,115.3818359375,1.0,,particle0_best_lepton,0,10,46,1
20543,C_Tbl_correct,L2_ch128:160,2,49,1.5642001628875732,photon,1.8061299324035645,0.0,,photon_neighbor,0,10,46,1
20543,C_Tbl_correct,L2_ch128:160,3,2,1.3116939067840576,charged_hadron,44.241065979003906,1.0,,hard_hadron,0,10,46,1
20544,C_Tbl_correct,L2_ch128:160,1,0,3.3943727016448975,muon,508.11871337890625,1.0,,particle0_best_lepton,0,,9,2
20544,C_Tbl_correct,L2_ch128:160,2,1,0.748447835445404,photon,12.586894035339355,0.0,,photon_neighbor,0,,9,2
20544,C_Tbl_correct,L2_ch128:160,3,2,0.5548604726791382,charged_hadron,8.7811918258667,-1.0,,hardest_hadron,0,,9,2
20545,C_Tbl_correct,L2_ch128:160,1,0,4.090089797973633,electron,451.4137268066406,1.0,,particle0_best_lepton,0,,9,1
20545,C_Tbl_correct,L2_ch128:160,2,1,0.7762317657470703,charged_hadron,20.257410049438477,-1.0,,hardest_hadron,0,,9,1
20545,C_Tbl_correct,L2_ch128:160,3,3,0.34230542182922363,charged_hadron,8.278826713562012,-1.0,,hard_hadron,0,,9,1
20546,C_Tbl_correct,L2_ch128:160,1,0,8.988235473632812,electron,434.52008056640625,1.0,,particle0_best_lepton,0,6,2,1
20546,C_Tbl_correct,L2_ch128:160,2,6,1.2342281341552734,muon,23.342519760131836,1.0,,second_lepton,0,6,2,1
20546,C_Tbl_correct,L2_ch128:160,3,1,1.0517704486846924,charged_hadron,95.59041595458984,-1.0,,hardest_hadron,0,6,2,1
20547,C_Tbl_correct,L2_ch128:160,1,0,11.252869606018066,electron,357.27874755859375,-1.0,,particle0_best_lepton,0,,31,1
20547,C_Tbl_correct,L2_ch128:160,2,1,1.0743739604949951,charged_hadron,46.21989059448242,-1.0,,hardest_hadron,0,,31,1
20547,C_Tbl_correct,L2_ch128:160,3,4,0.6696042418479919,charged_hadron,27.25804901123047,-1.0,,hard_hadron,0,,31,1
20548,C_Tbl_correct,L2_ch128:160,1,0,5.300073146820068,electron,381.555419921875,1.0,,particle0_best_lepton,0,4,8,2
20548,C_Tbl_correct,L2_ch128:160,2,4,1.7865952253341675,electron,12.177839279174805,-1.0,,second_lepton,0,4,8,2
20548,C_Tbl_correct,L2_ch128:160,3,3,1.2993385791778564,charged_hadron,12.59241008758545,-1.0,,hard_hadron,0,4,8,2
20549,C_Tbl_correct,L2_ch128:160,1,3,4.14939022064209,electron,60.81768035888672,-1.0,,best_lepton,3,,13,1
20549,C_Tbl_correct,L2_ch128:160,2,1,1.3655424118041992,charged_hadron,106.92799377441406,1.0,,hardest_hadron,3,,13,1
20549,C_Tbl_correct,L2_ch128:160,3,0,0.9451075196266174,photon,119.7817611694336,0.0,,particle0,3,,13,1
20551,C_Tbl_correct,L2_ch128:160,1,1,4.056509494781494,electron,120.67500305175781,1.0,,best_lepton,1,2,8,3
20551,C_Tbl_correct,L2_ch128:160,2,0,2.541262149810791,photon,170.75933837890625,0.0,,particle0,1,2,8,3
20551,C_Tbl_correct,L2_ch128:160,3,2,1.6796371936798096,electron,95.83783721923828,-1.0,,second_lepton,1,2,8,3
20552,C_Tbl_correct,L2_ch128:160,1,0,5.74684476852417,muon,341.0342102050781,-1.0,,particle0_best_lepton,0,,7,1
20552,C_Tbl_correct,L2_ch128:160,2,2,0.8904656767845154,photon,87.65066528320312,0.0,,photon_neighbor,0,,7,1
20552,C_Tbl_correct,L2_ch128:160,3,10,0.8770845532417297,photon,3.8146307468414307,0.0,,photon_neighbor,0,,7,1
20553,C_Tbl_correct,L2_ch128:160,1,2,9.32048225402832,electron,87.58741760253906,1.0,,best_lepton,2,,20,1
20553,C_Tbl_correct,L2_ch128:160,2,12,1.0967471599578857,neutral_hadron,11.641287803649902,0.0,,hadron_neighbor,2,,20,1
20553,C_Tbl_correct,L2_ch128:160,3,20,1.0220625400543213,neutral_hadron,2.595804452896118,0.0,,nearest_hadron_to_best_lepton,2,,20,1
20554,C_Tbl_correct,L2_ch128:160,1,3,4.124564170837402,muon,54.177024841308594,-1.0,,best_lepton,3,,4,0
20554,C_Tbl_correct,L2_ch128:160,2,0,0.8340927958488464,charged_hadron,110.81134033203125,1.0,,particle0,3,,4,0
20554,C_Tbl_correct,L2_ch128:160,3,1,0.6160988211631775,photon,103.97969055175781,0.0,,photon_neighbor,3,,4,0
20555,C_Tbl_correct,L2_ch128:160,1,0,6.140638828277588,electron,135.34539794921875,1.0,,particle0_best_lepton,0,,14,1
20555,C_Tbl_correct,L2_ch128:160,2,1,1.0075173377990723,charged_hadron,127.91874694824219,1.0,,hardest_hadron,0,,14,1
20555,C_Tbl_correct,L2_ch128:160,3,2,0.7456040382385254,photon,60.16791534423828,0.0,,photon_neighbor,0,,14,1
20556,C_Tbl_correct,L2_ch128:160,1,0,5.84690523147583,muon,415.4775390625,-1.0,,particle0_best_lepton,0,,10,1
20556,C_Tbl_correct,L2_ch128:160,2,10,0.8852455019950867,charged_hadron,5.655336380004883,-1.0,,nearest_hadron_to_best_lepton,0,,10,1
20556,C_Tbl_correct,L2_ch128:160,3,2,0.8158420920372009,charged_hadron,27.896188735961914,-1.0,,hard_hadron,0,,10,1
20557,C_Tbl_correct,L2_ch128:160,1,0,7.594872951507568,electron,302.8977966308594,-1.0,,particle0_best_lepton,0,,33,2
20557,C_Tbl_correct,L2_ch128:160,2,2,1.3700381517410278,charged_hadron,36.56739044189453,1.0,,hardest_hadron,0,,33,2
20557,C_Tbl_correct,L2_ch128:160,3,23,0.8918781280517578,charged_hadron,3.8818390369415283,-1.0,,hadron_neighbor,0,,33,2
20558,C_Tbl_correct,L2_ch128:160,1,0,5.035350799560547,electron,154.4781494140625,1.0,,particle0_best_lepton,0,,10,1
20558,C_Tbl_correct,L2_ch128:160,2,10,1.0591559410095215,charged_hadron,11.01257610321045,1.0,,nearest_hadron_to_best_lepton,0,,10,1
20558,C_Tbl_correct,L2_ch128:160,3,1,0.866958737373352,charged_hadron,73.62512969970703,-1.0,,hardest_hadron,0,,10,1
20559,C_Tbl_correct,L2_ch128:160,1,0,5.5464677810668945,electron,448.1669616699219,1.0,,particle0_best_lepton,0,,16,1
20559,C_Tbl_correct,L2_ch128:160,2,1,1.0221014022827148,charged_hadron,22.442537307739258,-1.0,,hardest_hadron,0,,16,1
20559,C_Tbl_correct,L2_ch128:160,3,7,0.6363415718078613,charged_hadron,6.600637912750244,-1.0,,hadron_neighbor,0,,16,1
20560,C_Tbl_correct,L2_ch128:160,1,0,5.725698947906494,muon,292.010498046875,-1.0,,particle0_best_lepton,0,,16,1
20560,C_Tbl_correct,L2_ch128:160,2,8,1.747179388999939,charged_hadron,14.268614768981934,-1.0,,hadron_neighbor,0,,16,1
20560,C_Tbl_correct,L2_ch128:160,3,3,1.6942119598388672,charged_hadron,27.153181076049805,-1.0,,hard_hadron,0,,16,1
20561,C_Tbl_correct,L2_ch128:160,1,0,6.899570941925049,electron,151.60948181152344,1.0,,particle0_best_lepton,0,,16,1
20561,C_Tbl_correct,L2_ch128:160,2,1,0.8333398699760437,charged_hadron,45.70925521850586,-1.0,,hardest_hadron,0,,16,1
20561,C_Tbl_correct,L2_ch128:160,3,17,0.6427720189094543,charged_hadron,5.729511260986328,-1.0,,hadron_neighbor,0,,16,1
20562,C_Tbl_correct,L2_ch128:160,1,0,8.73635482788086,electron,427.4591064453125,-1.0,,particle0_best_lepton,0,,19,1
20562,C_Tbl_correct,L2_ch128:160,2,29,0.9847350120544434,photon,1.0823920965194702,0.0,,photon_neighbor,0,,19,1
20562,C_Tbl_correct,L2_ch128:160,3,27,0.8778200745582581,photon,1.4731143712997437,0.0,,photon_neighbor,0,,19,1
20564,C_Tbl_correct,L2_ch128:160,1,0,6.456436634063721,electron,248.95120239257812,1.0,,particle0_best_lepton,0,,8,1
20564,C_Tbl_correct,L2_ch128:160,2,19,1.533111333847046,charged_hadron,2.47800874710083,-1.0,,hadron_neighbor,0,,8,1
20564,C_Tbl_correct,L2_ch128:160,3,18,1.3303815126419067,neutral_hadron,2.8996527194976807,0.0,,hadron_neighbor,0,,8,1
20565,C_Tbl_correct,L2_ch128:160,1,1,5.7000508308410645,muon,80.61254119873047,-1.0,,second_lepton,0,1,6,3
20565,C_Tbl_correct,L2_ch128:160,2,32,0.8104650378227234,photon,1.4179887771606445,0.0,,photon_neighbor,0,1,6,3
20565,C_Tbl_correct,L2_ch128:160,3,14,0.3763517141342163,charged_hadron,8.6073579788208,1.0,,hard_hadron,0,1,6,3
20566,C_Tbl_correct,L2_ch128:160,1,0,6.67190408706665,electron,470.35064697265625,1.0,,particle0_best_lepton,0,,10,1
20566,C_Tbl_correct,L2_ch128:160,2,8,1.4704675674438477,charged_hadron,8.769403457641602,-1.0,,hadron_neighbor,0,,10,1
20566,C_Tbl_correct,L2_ch128:160,3,13,1.234568476676941,photon,2.9107131958007812,0.0,,photon_neighbor,0,,10,1
20567,C_Tbl_correct,L2_ch128:160,1,1,6.832897663116455,muon,58.38005447387695,1.0,,best_lepton,1,2,16,0
20567,C_Tbl_correct,L2_ch128:160,2,2,2.5955867767333984,electron,54.48052978515625,-1.0,,second_lepton,1,2,16,0
20567,C_Tbl_correct,L2_ch128:160,3,12,1.4342994689941406,photon,6.104079246520996,0.0,,photon_neighbor,1,2,16,0
20568,C_Tbl_correct,L2_ch128:160,1,0,5.980074882507324,muon,426.10992431640625,-1.0,,particle0_best_lepton,0,,22,1
20568,C_Tbl_correct,L2_ch128:160,2,26,0.4263952970504761,charged_hadron,1.7999640703201294,1.0,,hadron_neighbor,0,,22,1
20568,C_Tbl_correct,L2_ch128:160,3,24,0.38086068630218506,charged_hadron,2.0724611282348633,1.0,,hadron_neighbor,0,,22,1
20569,C_Tbl_correct,L2_ch128:160,1,0,6.204279899597168,electron,207.61492919921875,-1.0,,particle0_best_lepton,0,,18,1
20569,C_Tbl_correct,L2_ch128:160,2,1,1.2203478813171387,charged_hadron,87.36697387695312,1.0,,hardest_hadron,0,,18,1
20569,C_Tbl_correct,L2_ch128:160,3,5,0.9826555252075195,photon,28.47246742248535,0.0,,photon_neighbor,0,,18,1
20570,C_Tbl_correct,L2_ch128:160,1,0,7.216172695159912,muon,246.7196044921875,1.0,,particle0_best_lepton,0,29,19,1
20570,C_Tbl_correct,L2_ch128:160,2,1,1.4994088411331177,charged_hadron,116.91678619384766,-1.0,,hardest_hadron,0,29,19,1
20570,C_Tbl_correct,L2_ch128:160,3,23,0.9884530305862427,charged_hadron,2.2815394401550293,-1.0,,hadron_neighbor,0,29,19,1
20572,C_Tbl_correct,L2_ch128:160,1,0,7.545816421508789,electron,432.13275146484375,-1.0,,particle0_best_lepton,0,,15,1
20572,C_Tbl_correct,L2_ch128:160,2,22,2.1524369716644287,photon,3.7149837017059326,0.0,,photon_neighbor,0,,15,1
20572,C_Tbl_correct,L2_ch128:160,3,21,1.3331507444381714,photon,3.8248636722564697,0.0,,photon_neighbor,0,,15,1
20573,C_Tbl_correct,L2_ch128:160,1,0,8.323567390441895,muon,214.76095581054688,1.0,,particle0_best_lepton,0,17,19,3
20573,C_Tbl_correct,L2_ch128:160,2,13,1.0982775688171387,charged_hadron,8.632580757141113,1.0,,hadron_neighbor,0,17,19,3
20573,C_Tbl_correct,L2_ch128:160,3,17,1.0957348346710205,electron,6.255372047424316,-1.0,,second_lepton,0,17,19,3
20574,C_Tbl_correct,L2_ch128:160,1,0,3.791414260864258,electron,253.7365264892578,1.0,,particle0_best_lepton,0,,7,1
20574,C_Tbl_correct,L2_ch128:160,2,1,0.6681454181671143,charged_hadron,83.7529067993164,-1.0,,hardest_hadron,0,,7,1
20574,C_Tbl_correct,L2_ch128:160,3,2,0.6041104197502136,photon,80.76056671142578,0.0,,photon_neighbor,0,,7,1
20575,C_Tbl_correct,L2_ch128:160,1,0,8.317605018615723,muon,171.30946350097656,-1.0,,particle0_best_lepton,0,,13,3
20575,C_Tbl_correct,L2_ch128:160,2,3,0.9296517372131348,charged_hadron,26.12113380432129,1.0,,hardest_hadron,0,,13,3
20575,C_Tbl_correct,L2_ch128:160,3,41,0.9079422950744629,charged_hadron,2.6656415462493896,-1.0,,hadron_neighbor,0,,13,3
20576,C_Tbl_correct,L2_ch128:160,1,0,5.156103610992432,electron,182.34840393066406,-1.0,,particle0_best_lepton,0,16,12,1
20576,C_Tbl_correct,L2_ch128:160,2,13,1.2476695775985718,photon,4.798402786254883,0.0,,photon_neighbor,0,16,12,1
20576,C_Tbl_correct,L2_ch128:160,3,2,0.2924550175666809,charged_hadron,102.4299087524414,1.0,,hard_hadron,0,16,12,1
20577,C_Tbl_correct,L2_ch128:160,1,0,7.061610221862793,electron,100.61677551269531,1.0,,particle0_best_lepton,0,,28,1
20577,C_Tbl_correct,L2_ch128:160,2,36,1.5105994939804077,charged_hadron,2.917705774307251,1.0,,hadron_neighbor,0,,28,1
20577,C_Tbl_correct,L2_ch128:160,3,51,1.45844304561615,photon,1.5114532709121704,0.0,,photon_neighbor,0,,28,1
20578,C_Tbl_correct,L2_ch128:160,1,0,6.895432949066162,muon,316.3433532714844,1.0,,particle0_best_lepton,0,,31,1
20578,C_Tbl_correct,L2_ch128:160,2,22,0.8491120934486389,photon,3.0644569396972656,0.0,,photon_neighbor,0,,31,1
20578,C_Tbl_correct,L2_ch128:160,3,1,0.7701066136360168,charged_hadron,51.469058990478516,1.0,,hardest_hadron,0,,31,1
20579,C_Tbl_correct,L2_ch128:160,1,1,3.677022933959961,electron,163.02003479003906,-1.0,,second_lepton,0,1,6,4
20579,C_Tbl_correct,L2_ch128:160,2,3,1.2369464635849,photon,25.062747955322266,0.0,,photon_neighbor,0,1,6,4
20579,C_Tbl_correct,L2_ch128:160,3,6,1.1050270795822144,charged_hadron,8.211281776428223,-1.0,,nearest_hadron_to_best_lepton,0,1,6,4
20580,C_Tbl_correct,L2_ch128:160,1,0,6.10277795791626,muon,306.8921813964844,1.0,,particle0_best_lepton,0,,16,1
20580,C_Tbl_correct,L2_ch128:160,2,3,1.392372965812683,charged_hadron,21.928020477294922,-1.0,,hard_hadron,0,,16,1
20580,C_Tbl_correct,L2_ch128:160,3,5,1.0133674144744873,charged_hadron,18.607057571411133,1.0,,hard_hadron,0,,16,1
20581,C_Tbl_correct,L2_ch128:160,1,0,3.7101104259490967,muon,527.3506469726562,1.0,,particle0_best_lepton,0,,6,1
20581,C_Tbl_correct,L2_ch128:160,2,2,1.1040161848068237,charged_hadron,18.04859733581543,-1.0,,hard_hadron,0,,6,1
20581,C_Tbl_correct,L2_ch128:160,3,1,0.9527352452278137,charged_hadron,19.879396438598633,1.0,,hardest_hadron,0,,6,1
20582,C_Tbl_correct,L2_ch128:160,1,0,6.969219207763672,muon,115.60763549804688,1.0,,particle0_best_lepton,0,,13,1
20582,C_Tbl_correct,L2_ch128:160,2,10,0.9573071002960205,charged_hadron,11.964613914489746,1.0,,hadron_neighbor,0,,13,1
20582,C_Tbl_correct,L2_ch128:160,3,17,0.6889944672584534,photon,6.552922248840332,0.0,,photon_neighbor,0,,13,1
20583,C_Tbl_correct,L2_ch128:160,1,5,5.395770072937012,electron,29.56871795654297,-1.0,,best_lepton,5,12,8,0
20583,C_Tbl_correct,L2_ch128:160,2,12,2.201159954071045,muon,10.157781600952148,-1.0,,second_lepton,5,12,8,0
20583,C_Tbl_correct,L2_ch128:160,3,8,1.0305790901184082,charged_hadron,16.688674926757812,-1.0,,nearest_hadron_to_best_lepton,5,12,8,0
20584,C_Tbl_correct,L2_ch128:160,1,0,6.866944789886475,muon,263.82421875,-1.0,,particle0_best_lepton,0,,24,1
20584,C_Tbl_correct,L2_ch128:160,2,29,1.359082818031311,charged_hadron,1.8214813470840454,-1.0,,hadron_neighbor,0,,24,1
20584,C_Tbl_correct,L2_ch128:160,3,31,0.8865863084793091,neutral_hadron,1.6673853397369385,0.0,,hadron_neighbor,0,,24,1
20585,C_Tbl_correct,L2_ch128:160,1,0,6.629531383514404,electron,146.78408813476562,1.0,,particle0_best_lepton,0,37,18,1
20585,C_Tbl_correct,L2_ch128:160,2,11,0.7984092235565186,charged_hadron,13.29330062866211,-1.0,,hard_hadron,0,37,18,1
20585,C_Tbl_correct,L2_ch128:160,3,37,0.5870838165283203,electron,2.6161725521087646,-1.0,,second_lepton,0,37,18,1
20586,C_Tbl_correct,L2_ch128:160,1,0,5.250113010406494,muon,338.5196533203125,-1.0,,particle0_best_lepton,0,,8,1
20586,C_Tbl_correct,L2_ch128:160,2,2,1.0612744092941284,photon,86.22042846679688,0.0,,photon_neighbor,0,,8,1
20586,C_Tbl_correct,L2_ch128:160,3,4,0.9962382316589355,photon,11.081026077270508,0.0,,photon_neighbor,0,,8,1
20587,C_Tbl_correct,L2_ch128:160,1,0,6.3145880699157715,muon,297.96087646484375,-1.0,,particle0_best_lepton,0,,21,1
20587,C_Tbl_correct,L2_ch128:160,2,1,0.9564462304115295,charged_hadron,19.134307861328125,-1.0,,hardest_hadron,0,,21,1
20587,C_Tbl_correct,L2_ch128:160,3,2,0.4966023862361908,charged_hadron,16.33470916748047,1.0,,hard_hadron,0,,21,1
20588,C_Tbl_correct,L2_ch128:160,1,0,7.003165245056152,muon,285.677490234375,1.0,,particle0_best_lepton,0,1,8,2
20588,C_Tbl_correct,L2_ch128:160,2,1,1.513293743133545,electron,62.57266616821289,-1.0,,second_lepton,0,1,8,2
20588,C_Tbl_correct,L2_ch128:160,3,2,1.0644041299819946,charged_hadron,45.362789154052734,-1.0,,hardest_hadron,0,1,8,2
20589,C_Tbl_correct,L2_ch128:160,1,0,3.8516929149627686,electron,465.556396484375,-1.0,,particle0_best_lepton,0,,8,2
20589,C_Tbl_correct,L2_ch128:160,2,2,1.038743257522583,charged_hadron,15.691710472106934,1.0,,hardest_hadron,0,,8,2
20589,C_Tbl_correct,L2_ch128:160,3,3,0.5390971899032593,charged_hadron,7.519740581512451,-1.0,,hard_hadron,0,,8,2
20590,C_Tbl_correct,L2_ch128:160,1,0,2.948077917098999,electron,184.82643127441406,1.0,,particle0_best_lepton,0,5,10,1
20590,C_Tbl_correct,L2_ch128:160,2,5,1.3641020059585571,muon,40.047698974609375,-1.0,,second_lepton,0,5,10,1
20590,C_Tbl_correct,L2_ch128:160,3,1,0.7517561912536621,charged_hadron,175.21389770507812,-1.0,,hardest_hadron,0,5,10,1
20591,C_Tbl_correct,L2_ch128:160,1,0,5.670607089996338,muon,117.23506164550781,1.0,,particle0_best_lepton,0,,2,1
20591,C_Tbl_correct,L2_ch128:160,2,1,1.7381552457809448,charged_hadron,67.55780792236328,1.0,,hardest_hadron,0,,2,1
20591,C_Tbl_correct,L2_ch128:160,3,2,0.7732099294662476,neutral_hadron,55.93961715698242,0.0,,nearest_hadron_to_best_lepton,0,,2,1
20592,C_Tbl_correct,L2_ch128:160,1,0,5.191062927246094,muon,404.8398132324219,-1.0,,particle0_best_lepton,0,,9,2
20592,C_Tbl_correct,L2_ch128:160,2,1,0.6234979629516602,photon,220.85336303710938,0.0,,photon_neighbor,0,,9,2
20592,C_Tbl_correct,L2_ch128:160,3,7,0.5895230174064636,charged_hadron,11.670687675476074,-1.0,,hadron_neighbor,0,,9,2
20593,C_Tbl_correct,L2_ch128:160,1,0,7.643554210662842,electron,136.8867950439453,1.0,,particle0_best_lepton,0,1,6,2
20593,C_Tbl_correct,L2_ch128:160,2,1,2.1481077671051025,electron,136.59011840820312,-1.0,,second_lepton,0,1,6,2
20593,C_Tbl_correct,L2_ch128:160,3,2,0.7194413542747498,charged_hadron,101.70832824707031,-1.0,,hardest_hadron,0,1,6,2
20594,C_Tbl_correct,L2_ch128:160,1,0,6.4371466636657715,muon,321.0677185058594,1.0,,particle0_best_lepton,0,1,15,2
20594,C_Tbl_correct,L2_ch128:160,2,1,2.3649725914001465,electron,90.09862518310547,-1.0,,second_lepton,0,1,15,2
20594,C_Tbl_correct,L2_ch128:160,3,15,1.3152029514312744,charged_hadron,5.6621527671813965,1.0,,nearest_hadron_to_best_lepton,0,1,15,2
20595,C_Tbl_correct,L2_ch128:160,1,0,4.879297733306885,muon,209.73171997070312,-1.0,,particle0_best_lepton,0,,5,1
20595,C_Tbl_correct,L2_ch128:160,2,9,0.9555507898330688,charged_hadron,8.775067329406738,-1.0,,hard_hadron,0,,5,1
20595,C_Tbl_correct,L2_ch128:160,3,20,0.7948439121246338,charged_hadron,1.759899616241455,-1.0,,hadron_neighbor,0,,5,1
20596,C_Tbl_correct,L2_ch128:160,1,0,3.1530356407165527,electron,222.81263732910156,1.0,,particle0_best_lepton,0,,2,1
20596,C_Tbl_correct,L2_ch128:160,2,7,0.3483250141143799,photon,9.912431716918945,0.0,,photon_neighbor,0,,2,1
20596,C_Tbl_correct,L2_ch128:160,3,2,0.31845447421073914,charged_hadron,51.17913055419922,1.0,,nearest_hadron_to_best_lepton,0,,2,1
20597,C_Tbl_correct,L2_ch128:160,1,0,5.817518711090088,muon,274.876953125,1.0,,particle0_best_lepton,0,,12,1
20597,C_Tbl_correct,L2_ch128:160,2,1,1.553487777709961,charged_hadron,126.97633361816406,1.0,,hardest_hadron,0,,12,1
20597,C_Tbl_correct,L2_ch128:160,3,2,0.5237306356430054,charged_hadron,33.827392578125,1.0,,hard_hadron,0,,12,1
20598,C_Tbl_correct,L2_ch128:160,1,15,2.54327392578125,muon,7.408359527587891,-1.0,,best_lepton,15,,20,0
20598,C_Tbl_correct,L2_ch128:160,2,2,2.136173963546753,photon,57.46634292602539,0.0,,photon_neighbor,15,,20,0
20598,C_Tbl_correct,L2_ch128:160,3,1,1.7291955947875977,charged_hadron,71.34386444091797,1.0,,hard_hadron,15,,20,0
20599,C_Tbl_correct,L2_ch128:160,1,3,8.3449125289917,electron,62.5894660949707,1.0,,best_lepton,3,,12,0
20599,C_Tbl_correct,L2_ch128:160,2,4,1.1733235120773315,charged_hadron,48.20503234863281,-1.0,,hard_hadron,3,,12,0
20599,C_Tbl_correct,L2_ch128:160,3,2,0.8712509274482727,charged_hadron,65.392333984375,1.0,,hard_hadron,3,,12,0
20600,C_Tbl_correct,L2_ch128:160,1,0,6.053811550140381,electron,270.7068786621094,1.0,,particle0_best_lepton,0,,19,2
20600,C_Tbl_correct,L2_ch128:160,2,21,1.899693489074707,charged_hadron,4.4666008949279785,-1.0,,hadron_neighbor,0,,19,2
20600,C_Tbl_correct,L2_ch128:160,3,14,1.0781850814819336,charged_hadron,8.008679389953613,1.0,,hadron_neighbor,0,,19,2
20601,C_Tbl_correct,L2_ch128:160,1,0,4.687588691711426,muon,177.98426818847656,-1.0,,particle0_best_lepton,0,1,6,3
20601,C_Tbl_correct,L2_ch128:160,2,1,0.3035616874694824,electron,175.6551513671875,1.0,,second_lepton,0,1,6,3
20601,C_Tbl_correct,L2_ch128:160,3,4,0.09196078777313232,charged_hadron,18.100128173828125,-1.0,,hard_hadron,0,1,6,3
20602,C_Tbl_correct,L2_ch128:160,1,0,4.263345241546631,electron,166.64041137695312,1.0,,particle0_best_lepton,0,,1,1
20602,C_Tbl_correct,L2_ch128:160,2,9,0.9529724717140198,charged_hadron,13.851131439208984,-1.0,,hadron_neighbor,0,,1,1
20602,C_Tbl_correct,L2_ch128:160,3,15,0.8111406564712524,charged_hadron,3.559215784072876,-1.0,,hadron_neighbor,0,,1,1
20603,C_Tbl_correct,L2_ch128:160,1,1,4.620710372924805,muon,128.0775909423828,1.0,,best_lepton,1,,14,0
20603,C_Tbl_correct,L2_ch128:160,2,15,0.8270829319953918,charged_hadron,2.8185975551605225,-1.0,,hadron_neighbor,1,,14,0
20603,C_Tbl_correct,L2_ch128:160,3,4,0.7373433709144592,charged_hadron,38.454551696777344,-1.0,,hard_hadron,1,,14,0
20604,C_Tbl_correct,L2_ch128:160,1,0,10.140915870666504,muon,253.394775390625,-1.0,,particle0_best_lepton,0,10,21,1
20604,C_Tbl_correct,L2_ch128:160,2,10,2.0585036277770996,muon,5.126900672912598,-1.0,,second_lepton,0,10,21,1
20604,C_Tbl_correct,L2_ch128:160,3,2,1.7136015892028809,charged_hadron,51.525489807128906,-1.0,,hard_hadron,0,10,21,1
20605,C_Tbl_correct,L2_ch128:160,1,0,8.155373573303223,electron,284.4485778808594,1.0,,particle0_best_lepton,0,1,25,2
20605,C_Tbl_correct,L2_ch128:160,2,1,2.220247507095337,electron,116.99774932861328,-1.0,,second_lepton,0,1,25,2
20605,C_Tbl_correct,L2_ch128:160,3,3,1.082336187362671,charged_hadron,21.744531631469727,-1.0,,hard_hadron,0,1,25,2
20606,C_Tbl_correct,L2_ch128:160,1,0,4.374503135681152,muon,313.43994140625,1.0,,particle0_best_lepton,0,,11,2
20606,C_Tbl_correct,L2_ch128:160,2,5,0.6807003617286682,photon,22.06195068359375,0.0,,photon_neighbor,0,,11,2
20606,C_Tbl_correct,L2_ch128:160,3,2,0.5834710597991943,charged_hadron,31.77396583557129,-1.0,,hardest_hadron,0,,11,2
20607,C_Tbl_correct,L2_ch128:160,1,0,5.2747697830200195,muon,162.9166717529297,-1.0,,particle0_best_lepton,0,,15,3
20607,C_Tbl_correct,L2_ch128:160,2,7,0.645997941493988,photon,22.883359909057617,0.0,,photon_neighbor,0,,15,3
20607,C_Tbl_correct,L2_ch128:160,3,2,0.5401631593704224,photon,43.85710144042969,0.0,,photon_neighbor,0,,15,3
20608,C_Tbl_correct,L2_ch128:160,1,0,5.7863874435424805,muon,212.31520080566406,1.0,,particle0_best_lepton,0,,29,2
20608,C_Tbl_correct,L2_ch128:160,2,24,1.1804906129837036,photon,7.937233924865723,0.0,,photon_neighbor,0,,29,2
20608,C_Tbl_correct,L2_ch128:160,3,2,0.8896865844726562,charged_hadron,67.4761962890625,1.0,,hardest_hadron,0,,29,2
20609,C_Tbl_correct,L2_ch128:160,1,0,3.6914031505584717,electron,185.50094604492188,1.0,,particle0_best_lepton,0,,11,1
20609,C_Tbl_correct,L2_ch128:160,2,2,0.7406759262084961,charged_hadron,57.88652038574219,1.0,,hard_hadron,0,,11,1
20609,C_Tbl_correct,L2_ch128:160,3,13,0.6152716875076294,charged_hadron,3.100626230239868,-1.0,,hadron_neighbor,0,,11,1
20610,C_Tbl_correct,L2_ch128:160,1,0,10.211870193481445,electron,416.38470458984375,-1.0,,particle0_best_lepton,0,1,4,2
20610,C_Tbl_correct,L2_ch128:160,2,1,1.3557623624801636,electron,27.251541137695312,-1.0,,second_lepton,0,1,4,2
20610,C_Tbl_correct,L2_ch128:160,3,5,1.0279213190078735,charged_hadron,12.696389198303223,-1.0,,hard_hadron,0,1,4,2
12308,A_protected_highiso,L2_ch160:192,1,0,4.06516170501709,electron,210.91549682617188,-1.0,,particle0_best_lepton,0,,27,3
12308,A_protected_highiso,L2_ch160:192,2,12,2.007366180419922,charged_hadron,8.510248184204102,-1.0,,hard_hadron,0,,27,3
12308,A_protected_highiso,L2_ch160:192,3,16,1.8683652877807617,photon,6.311211585998535,0.0,,photon_neighbor,0,,27,3
12358,A_protected_highiso,L2_ch160:192,1,0,4.564920902252197,electron,229.01434326171875,-1.0,,particle0_best_lepton,0,,35,2
12358,A_protected_highiso,L2_ch160:192,2,14,0.7177937626838684,charged_hadron,7.968670845031738,-1.0,,hadron_neighbor,0,,35,2
12358,A_protected_highiso,L2_ch160:192,3,1,0.5345202088356018,photon,70.61795806884766,0.0,,photon_neighbor,0,,35,2
12438,A_protected_highiso,L2_ch160:192,1,0,5.220058441162109,muon,169.7151641845703,1.0,,particle0_best_lepton,0,,31,1
12438,A_protected_highiso,L2_ch160:192,2,1,0.7803425192832947,neutral_hadron,96.88123321533203,0.0,,hardest_hadron,0,,31,1
12438,A_protected_highiso,L2_ch160:192,3,6,0.514843225479126,charged_hadron,11.78877067565918,1.0,,hard_hadron,0,,31,1
12442,A_protected_highiso,L2_ch160:192,1,0,6.774500370025635,muon,116.57672119140625,-1.0,,particle0_best_lepton,0,49,44,1
12442,A_protected_highiso,L2_ch160:192,2,2,1.3986682891845703,neutral_hadron,92.06510162353516,0.0,,hard_hadron,0,49,44,1
12442,A_protected_highiso,L2_ch160:192,3,49,0.7590632438659668,electron,3.3424975872039795,1.0,,second_lepton,0,49,44,1
12509,A_protected_highiso,L2_ch160:192,1,0,6.898565292358398,electron,191.98472595214844,-1.0,,particle0_best_lepton,0,25,11,2
12509,A_protected_highiso,L2_ch160:192,2,2,1.3148388862609863,charged_hadron,57.196895599365234,1.0,,hardest_hadron,0,25,11,2
12509,A_protected_highiso,L2_ch160:192,3,1,1.155481219291687,photon,63.73814392089844,0.0,,photon_neighbor,0,25,11,2
12592,A_protected_highiso,L2_ch160:192,1,0,3.82220458984375,electron,318.6606750488281,-1.0,,particle0_best_lepton,0,,25,2
12592,A_protected_highiso,L2_ch160:192,2,19,0.6888212561607361,charged_hadron,5.963871002197266,1.0,,hadron_neighbor,0,,25,2
12592,A_protected_highiso,L2_ch160:192,3,28,0.4670482277870178,charged_hadron,2.568453073501587,-1.0,,hadron_neighbor,0,,25,2
12784,A_protected_highiso,L2_ch160:192,1,0,3.4032280445098877,muon,490.37921142578125,1.0,,particle0_best_lepton,0,,13,1
12784,A_protected_highiso,L2_ch160:192,2,14,1.9207475185394287,charged_hadron,5.482289791107178,1.0,,hadron_neighbor,0,,13,1
12784,A_protected_highiso,L2_ch160:192,3,9,1.0800645351409912,charged_hadron,8.107487678527832,1.0,,hadron_neighbor,0,,13,1
13089,A_protected_highiso,L2_ch160:192,1,1,6.423102378845215,muon,130.16632080078125,-1.0,,best_lepton,1,,45,0
13089,A_protected_highiso,L2_ch160:192,2,43,1.1118234395980835,charged_hadron,3.355541229248047,-1.0,,hadron_neighbor,1,,45,0
13089,A_protected_highiso,L2_ch160:192,3,28,0.6859602928161621,charged_hadron,6.725789546966553,1.0,,hadron_neighbor,1,,45,0
13279,A_protected_highiso,L2_ch160:192,1,0,4.492894172668457,muon,236.35154724121094,1.0,,particle0_best_lepton,0,,15,1
13279,A_protected_highiso,L2_ch160:192,2,2,0.4261714220046997,charged_hadron,21.999059677124023,1.0,,hard_hadron,0,,15,1
13279,A_protected_highiso,L2_ch160:192,3,6,0.17539142072200775,charged_hadron,15.088476181030273,-1.0,,hard_hadron,0,,15,1
13374,A_protected_highiso,L2_ch160:192,1,0,5.023637294769287,electron,354.0111389160156,-1.0,,particle0_best_lepton,0,,20,2
13374,A_protected_highiso,L2_ch160:192,2,14,0.9674040079116821,charged_hadron,3.790553331375122,1.0,,hard_hadron,0,,20,2
13374,A_protected_highiso,L2_ch160:192,3,22,0.7764571309089661,photon,2.612541437149048,0.0,,photon_neighbor,0,,20,2
13400,A_protected_highiso,L2_ch160:192,1,0,3.6690800189971924,electron,336.1107177734375,1.0,,particle0_best_lepton,0,,36,1
13400,A_protected_highiso,L2_ch160:192,2,10,1.7921959161758423,charged_hadron,8.13082504272461,1.0,,hard_hadron,0,,36,1
13400,A_protected_highiso,L2_ch160:192,3,6,0.9761188626289368,charged_hadron,9.562971115112305,1.0,,hard_hadron,0,,36,1
13529,A_protected_highiso,L2_ch160:192,1,0,3.9443750381469727,muon,326.5039978027344,1.0,,particle0_best_lepton,0,,9,2
13529,A_protected_highiso,L2_ch160:192,2,10,0.93122398853302,photon,8.01158332824707,0.0,,photon_neighbor,0,,9,2
13529,A_protected_highiso,L2_ch160:192,3,1,0.7607182264328003,photon,49.04374313354492,0.0,,photon_neighbor,0,,9,2
13897,A_protected_highiso,L2_ch160:192,1,0,3.999838352203369,muon,457.5880126953125,1.0,,particle0_best_lepton,0,,14,2
13897,A_protected_highiso,L2_ch160:192,2,10,1.9766830205917358,charged_hadron,12.030722618103027,1.0,,hard_hadron,0,,14,2
13897,A_protected_highiso,L2_ch160:192,3,16,1.3947187662124634,charged_hadron,9.771875381469727,1.0,,hadron_neighbor,0,,14,2
14139,A_protected_highiso,L2_ch160:192,1,0,6.012789249420166,muon,359.5831604003906,1.0,,particle0_best_lepton,0,,14,1
14139,A_protected_highiso,L2_ch160:192,2,10,1.0925532579421997,charged_hadron,12.881010055541992,1.0,,hard_hadron,0,,14,1
14139,A_protected_highiso,L2_ch160:192,3,1,1.0700645446777344,neutral_hadron,48.72531509399414,0.0,,hardest_hadron,0,,14,1
14355,A_protected_highiso,L2_ch160:192,1,0,5.299798965454102,electron,355.94677734375,1.0,,particle0_best_lepton,0,,25,1
14355,A_protected_highiso,L2_ch160:192,2,7,1.4442678689956665,charged_hadron,13.976323127746582,-1.0,,hard_hadron,0,,25,1
14355,A_protected_highiso,L2_ch160:192,3,3,1.2081727981567383,neutral_hadron,28.035444259643555,0.0,,hard_hadron,0,,25,1
14381,A_protected_highiso,L2_ch160:192,1,0,5.44814395904541,muon,300.2547912597656,1.0,,particle0_best_lepton,0,,26,1
14381,A_protected_highiso,L2_ch160:192,2,1,2.0905630588531494,charged_hadron,48.02571105957031,1.0,,hardest_hadron,0,,26,1
14381,A_protected_highiso,L2_ch160:192,3,3,0.6174415946006775,charged_hadron,16.53639030456543,-1.0,,hard_hadron,0,,26,1
14596,A_protected_highiso,L2_ch160:192,1,0,6.535338878631592,electron,113.05442810058594,-1.0,,particle0_best_lepton,0,37,20,1
14596,A_protected_highiso,L2_ch160:192,2,30,0.703044056892395,charged_hadron,3.2044484615325928,-1.0,,hadron_neighbor,0,37,20,1
14596,A_protected_highiso,L2_ch160:192,3,18,0.5575487613677979,neutral_hadron,4.421797752380371,0.0,,hadron_neighbor,0,37,20,1
14600,A_protected_highiso,L2_ch160:192,1,0,7.2572102546691895,muon,258.7874755859375,-1.0,,particle0_best_lepton,0,,12,2
14600,A_protected_highiso,L2_ch160:192,2,3,2.065812587738037,photon,43.771644592285156,0.0,,photon_neighbor,0,,12,2
14600,A_protected_highiso,L2_ch160:192,3,1,0.8397193551063538,photon,106.86139678955078,0.0,,photon_neighbor,0,,12,2
14625,A_protected_highiso,L2_ch160:192,1,0,6.111354351043701,electron,105.97429656982422,1.0,,particle0_best_lepton,0,10,44,1
14625,A_protected_highiso,L2_ch160:192,2,3,2.6595375537872314,photon,19.097272872924805,0.0,,photon_neighbor,0,10,44,1
14625,A_protected_highiso,L2_ch160:192,3,10,2.037990093231201,electron,11.225505828857422,-1.0,,second_lepton,0,10,44,1
14742,A_protected_highiso,L2_ch160:192,1,0,5.873622417449951,electron,315.2446594238281,1.0,,particle0_best_lepton,0,,16,1
14742,A_protected_highiso,L2_ch160:192,2,1,1.475604772567749,charged_hadron,73.39140319824219,-1.0,,hardest_hadron,0,,16,1
14742,A_protected_highiso,L2_ch160:192,3,3,1.11640202999115,charged_hadron,30.161989212036133,-1.0,,hard_hadron,0,,16,1
14991,A_protected_highiso,L2_ch160:192,1,0,5.818291187286377,muon,142.14076232910156,-1.0,,particle0_best_lepton,0,,42,1
14991,A_protected_highiso,L2_ch160:192,2,5,0.8384628295898438,charged_hadron,23.168031692504883,1.0,,hard_hadron,0,,42,1
14991,A_protected_highiso,L2_ch160:192,3,6,0.6994913220405579,charged_hadron,22.905885696411133,-1.0,,hard_hadron,0,,42,1
14999,A_protected_highiso,L2_ch160:192,1,0,5.335149765014648,muon,185.35040283203125,1.0,,particle0_best_lepton,0,,21,1
14999,A_protected_highiso,L2_ch160:192,2,31,1.074479103088379,photon,2.464204788208008,0.0,,photon_neighbor,0,,21,1
14999,A_protected_highiso,L2_ch160:192,3,32,0.801490843296051,charged_hadron,2.4214284420013428,-1.0,,hadron_neighbor,0,,21,1
15006,A_protected_highiso,L2_ch160:192,1,0,6.702905178070068,electron,254.96595764160156,-1.0,,particle0_best_lepton,0,,12,1
15006,A_protected_highiso,L2_ch160:192,2,4,2.571162700653076,charged_hadron,30.37660789489746,1.0,,hard_hadron,0,,12,1
15006,A_protected_highiso,L2_ch160:192,3,1,1.9021562337875366,charged_hadron,129.26129150390625,-1.0,,hardest_hadron,0,,12,1
15112,A_protected_highiso,L2_ch160:192,1,0,4.175268173217773,electron,273.059814453125,-1.0,,particle0_best_lepton,0,,17,1
15112,A_protected_highiso,L2_ch160:192,2,34,0.5713484287261963,charged_hadron,2.633082389831543,-1.0,,hadron_neighbor,0,,17,1
15112,A_protected_highiso,L2_ch160:192,3,2,0.5597432255744934,neutral_hadron,35.64738845825195,0.0,,hard_hadron,0,,17,1
15233,A_protected_highiso,L2_ch160:192,1,0,4.810711860656738,electron,246.3203582763672,1.0,,particle0_best_lepton,0,,9,1
15233,A_protected_highiso,L2_ch160:192,2,18,1.7245662212371826,charged_hadron,5.896407604217529,1.0,,hadron_neighbor,0,,9,1
15233,A_protected_highiso,L2_ch160:192,3,15,1.4137564897537231,photon,6.222963333129883,0.0,,photon_neighbor,0,,9,1
15292,A_protected_highiso,L2_ch160:192,1,0,5.602161884307861,muon,192.9404296875,-1.0,,particle0_best_lepton,0,,26,1
15292,A_protected_highiso,L2_ch160:192,2,8,4.049145698547363,charged_hadron,29.39792823791504,-1.0,,hard_hadron,0,,26,1
15292,A_protected_highiso,L2_ch160:192,3,19,1.730133056640625,charged_hadron,10.670485496520996,-1.0,,hadron_neighbor,0,,26,1
15512,A_protected_highiso,L2_ch160:192,1,0,3.911825656890869,muon,232.9764404296875,-1.0,,particle0_best_lepton,0,,16,3
15512,A_protected_highiso,L2_ch160:192,2,1,1.9683836698532104,photon,77.5498275756836,0.0,,photon_neighbor,0,,16,3
15512,A_protected_highiso,L2_ch160:192,3,24,0.8614808320999146,charged_hadron,3.6922526359558105,1.0,,hadron_neighbor,0,,16,3
15540,A_protected_highiso,L2_ch160:192,1,0,3.761709690093994,muon,272.0929260253906,1.0,,particle0_best_lepton,0,,3,2
15540,A_protected_highiso,L2_ch160:192,2,1,0.398082971572876,photon,34.17088317871094,0.0,,photon_neighbor,0,,3,2
15540,A_protected_highiso,L2_ch160:192,3,29,0.1549384593963623,photon,2.6151347160339355,0.0,,photon_neighbor,0,,3,2
15590,A_protected_highiso,L2_ch160:192,1,0,6.314760684967041,muon,301.4415283203125,1.0,,particle0_best_lepton,0,2,19,1
15590,A_protected_highiso,L2_ch160:192,2,1,2.382432460784912,charged_hadron,49.62342071533203,-1.0,,hardest_hadron,0,2,19,1
15590,A_protected_highiso,L2_ch160:192,3,2,1.419432282447815,muon,19.118396759033203,-1.0,,second_lepton,0,2,19,1
15684,A_protected_highiso,L2_ch160:192,1,0,4.994085788726807,electron,300.70977783203125,1.0,,particle0_best_lepton,0,,11,1
15684,A_protected_highiso,L2_ch160:192,2,17,1.3491895198822021,charged_hadron,4.989447116851807,-1.0,,hadron_neighbor,0,,11,1
15684,A_protected_highiso,L2_ch160:192,3,2,1.2181084156036377,charged_hadron,14.967216491699219,-1.0,,hard_hadron,0,,11,1
15800,A_protected_highiso,L2_ch160:192,1,0,5.178793430328369,electron,346.1005859375,1.0,,particle0_best_lepton,0,,8,1
15800,A_protected_highiso,L2_ch160:192,2,32,0.7932507395744324,charged_hadron,3.712804079055786,1.0,,hadron_neighbor,0,,8,1
15800,A_protected_highiso,L2_ch160:192,3,1,0.782086968421936,charged_hadron,19.186485290527344,-1.0,,hardest_hadron,0,,8,1
16360,A_protected_highiso,L2_ch160:192,1,0,4.308497905731201,muon,376.0852355957031,-1.0,,particle0_best_lepton,0,,12,4
16360,A_protected_highiso,L2_ch160:192,2,1,0.799014687538147,photon,62.73597717285156,0.0,,photon_neighbor,0,,12,4
16360,A_protected_highiso,L2_ch160:192,3,2,0.30253589153289795,photon,32.37598419189453,0.0,,photon_neighbor,0,,12,4
12649,B_confused_highiso,L2_ch160:192,1,0,8.290899276733398,muon,316.7471008300781,-1.0,,particle0_best_lepton,0,47,22,1
12649,B_confused_highiso,L2_ch160:192,2,29,1.7367509603500366,charged_hadron,5.888757705688477,-1.0,,hadron_neighbor,0,47,22,1
12649,B_confused_highiso,L2_ch160:192,3,47,1.554253339767456,muon,3.025986909866333,1.0,,second_lepton,0,47,22,1
12982,B_confused_highiso,L2_ch160:192,1,0,5.072094440460205,electron,225.74807739257812,-1.0,,particle0_best_lepton,0,,15,1
12982,B_confused_highiso,L2_ch160:192,2,10,1.7718372344970703,charged_hadron,10.913707733154297,-1.0,,hard_hadron,0,,15,1
12982,B_confused_highiso,L2_ch160:192,3,12,0.9130071997642517,charged_hadron,10.336731910705566,-1.0,,hadron_neighbor,0,,15,1
13045,B_confused_highiso,L2_ch160:192,1,0,5.294691562652588,electron,331.1594543457031,-1.0,,particle0_best_lepton,0,2,15,1
13045,B_confused_highiso,L2_ch160:192,2,2,2.16129732131958,muon,20.822223663330078,-1.0,,second_lepton,0,2,15,1
13045,B_confused_highiso,L2_ch160:192,3,4,1.155866026878357,photon,12.44150447845459,0.0,,photon_neighbor,0,2,15,1
13583,B_confused_highiso,L2_ch160:192,1,0,5.435051918029785,electron,444.0295715332031,1.0,,particle0_best_lepton,0,14,4,2
13583,B_confused_highiso,L2_ch160:192,2,1,2.5218615531921387,photon,44.2204475402832,0.0,,photon_neighbor,0,14,4,2
13583,B_confused_highiso,L2_ch160:192,3,6,1.2166601419448853,charged_hadron,14.51865291595459,-1.0,,hard_hadron,0,14,4,2
13787,B_confused_highiso,L2_ch160:192,1,0,3.693413496017456,electron,226.40545654296875,-1.0,,particle0_best_lepton,0,,19,1
13787,B_confused_highiso,L2_ch160:192,2,38,0.3942544460296631,photon,1.2154191732406616,0.0,,photon_neighbor,0,,19,1
13787,B_confused_highiso,L2_ch160:192,3,4,0.2334645539522171,charged_hadron,19.52776527404785,1.0,,hard_hadron,0,,19,1
13997,B_confused_highiso,L2_ch160:192,1,0,6.004545211791992,muon,247.4871368408203,-1.0,,particle0_best_lepton,0,,18,1
13997,B_confused_highiso,L2_ch160:192,2,40,0.40495753288269043,photon,1.0537258386611938,0.0,,photon_neighbor,0,,18,1
13997,B_confused_highiso,L2_ch160:192,3,1,0.3927113711833954,charged_hadron,42.893123626708984,-1.0,,hardest_hadron,0,,18,1
14711,B_confused_highiso,L2_ch160:192,1,0,7.300062656402588,muon,132.4909210205078,1.0,,particle0_best_lepton,0,66,45,1
14711,B_confused_highiso,L2_ch160:192,2,1,3.047081708908081,charged_hadron,40.551177978515625,-1.0,,hardest_hadron,0,66,45,1
14711,B_confused_highiso,L2_ch160:192,3,3,1.85063636302948,charged_hadron,21.010746002197266,1.0,,hard_hadron,0,66,45,1
15288,B_confused_highiso,L2_ch160:192,1,0,5.498163223266602,electron,429.5041198730469,-1.0,,particle0_best_lepton,0,,31,1
15288,B_confused_highiso,L2_ch160:192,2,14,0.8358721733093262,charged_hadron,3.993011951446533,1.0,,hadron_neighbor,0,,31,1
15288,B_confused_highiso,L2_ch160:192,3,12,0.7370710968971252,photon,4.601827621459961,0.0,,photon_neighbor,0,,31,1
15528,B_confused_highiso,L2_ch160:192,1,3,5.99428653717041,electron,23.16946792602539,-1.0,,best_lepton,3,15,33,1
15528,B_confused_highiso,L2_ch160:192,2,0,1.8003088235855103,photon,468.97296142578125,0.0,,particle0,3,15,33,1
15528,B_confused_highiso,L2_ch160:192,3,32,1.3461692333221436,charged_hadron,3.1839702129364014,-1.0,,hadron_neighbor,3,15,33,1
15658,B_confused_highiso,L2_ch160:192,1,0,7.076489448547363,electron,94.5487289428711,1.0,,particle0_best_lepton,0,5,43,1
15658,B_confused_highiso,L2_ch160:192,2,5,2.860550880432129,muon,16.095420837402344,-1.0,,second_lepton,0,5,43,1
15658,B_confused_highiso,L2_ch160:192,3,20,2.102321147918701,charged_hadron,7.066670894622803,1.0,,hadron_neighbor,0,5,43,1
15893,B_confused_highiso,L2_ch160:192,1,0,4.5157084465026855,electron,297.3345947265625,-1.0,,particle0_best_lepton,0,,24,1
15893,B_confused_highiso,L2_ch160:192,2,23,0.9506129622459412,charged_hadron,5.147664546966553,1.0,,hadron_neighbor,0,,24,1
15893,B_confused_highiso,L2_ch160:192,3,43,0.7847332954406738,photon,1.057771921157837,0.0,,photon_neighbor,0,,24,1
20480,C_Tbl_correct,L2_ch160:192,1,0,4.485352516174316,muon,186.00991821289062,-1.0,,particle0_best_lepton,0,,11,1
20480,C_Tbl_correct,L2_ch160:192,2,11,2.579918146133423,charged_hadron,5.885776042938232,-1.0,,nearest_hadron_to_best_lepton,0,,11,1
20480,C_Tbl_correct,L2_ch160:192,3,12,0.64080411195755,photon,3.005236864089966,0.0,,photon_neighbor,0,,11,1
20481,C_Tbl_correct,L2_ch160:192,1,0,5.414942264556885,muon,498.7115783691406,1.0,,particle0_best_lepton,0,1,19,2
20481,C_Tbl_correct,L2_ch160:192,2,1,1.7899327278137207,muon,81.7923355102539,-1.0,,second_lepton,0,1,19,2
20481,C_Tbl_correct,L2_ch160:192,3,19,1.6743557453155518,charged_hadron,3.744546890258789,-1.0,,nearest_hadron_to_best_lepton,0,1,19,2
20482,C_Tbl_correct,L2_ch160:192,1,2,2.224086046218872,muon,85.50410461425781,-1.0,,second_lepton,0,2,5,1
20482,C_Tbl_correct,L2_ch160:192,2,0,1.6712253093719482,muon,123.67266082763672,-1.0,,particle0_best_lepton,0,2,5,1
20482,C_Tbl_correct,L2_ch160:192,3,4,0.38081204891204834,neutral_hadron,37.865928649902344,0.0,,hard_hadron,0,2,5,1
20483,C_Tbl_correct,L2_ch160:192,1,0,5.6502838134765625,muon,391.753173828125,1.0,,particle0_best_lepton,0,,16,1
20483,C_Tbl_correct,L2_ch160:192,2,2,1.3866338729858398,charged_hadron,11.75539493560791,1.0,,hard_hadron,0,,16,1
20483,C_Tbl_correct,L2_ch160:192,3,15,0.9517190456390381,charged_hadron,3.157111167907715,-1.0,,hadron_neighbor,0,,16,1
20484,C_Tbl_correct,L2_ch160:192,1,3,4.661345958709717,muon,37.70759582519531,1.0,,second_lepton,0,3,11,4
20484,C_Tbl_correct,L2_ch160:192,2,0,3.429710626602173,electron,107.00715637207031,1.0,,particle0_best_lepton,0,3,11,4
20484,C_Tbl_correct,L2_ch160:192,3,9,2.7849488258361816,photon,22.06548309326172,0.0,,photon_neighbor,0,3,11,4
20485,C_Tbl_correct,L2_ch160:192,1,0,2.3144686222076416,electron,118.92376708984375,1.0,,particle0_best_lepton,0,6,15,1
20485,C_Tbl_correct,L2_ch160:192,2,15,1.3351690769195557,charged_hadron,4.437078475952148,-1.0,,nearest_hadron_to_best_lepton,0,6,15,1
20485,C_Tbl_correct,L2_ch160:192,3,18,1.0619897842407227,photon,1.5397523641586304,0.0,,photon_neighbor,0,6,15,1
20486,C_Tbl_correct,L2_ch160:192,1,1,2.764289617538452,muon,79.0703353881836,1.0,,best_lepton,1,,15,0
20486,C_Tbl_correct,L2_ch160:192,2,25,1.0096237659454346,charged_hadron,1.996366024017334,1.0,,hadron_neighbor,1,,15,0
20486,C_Tbl_correct,L2_ch160:192,3,20,0.5918301939964294,charged_hadron,4.691073417663574,-1.0,,hadron_neighbor,1,,15,0
20487,C_Tbl_correct,L2_ch160:192,1,0,6.331090927124023,muon,330.2943420410156,-1.0,,particle0_best_lepton,0,4,19,1
20487,C_Tbl_correct,L2_ch160:192,2,23,1.5625145435333252,charged_hadron,3.256237745285034,-1.0,,hadron_neighbor,0,4,19,1
20487,C_Tbl_correct,L2_ch160:192,3,19,1.0347075462341309,charged_hadron,5.429374694824219,-1.0,,nearest_hadron_to_best_lepton,0,4,19,1
20488,C_Tbl_correct,L2_ch160:192,1,0,4.111567974090576,muon,114.84968566894531,1.0,,particle0_best_lepton,0,,19,1
20488,C_Tbl_correct,L2_ch160:192,2,12,0.6703943014144897,charged_hadron,6.959555149078369,1.0,,hadron_neighbor,0,,19,1
20488,C_Tbl_correct,L2_ch160:192,3,19,0.35502755641937256,charged_hadron,5.245718955993652,-1.0,,nearest_hadron_to_best_lepton,0,,19,1
20489,C_Tbl_correct,L2_ch160:192,1,0,1.763596773147583,electron,267.3357238769531,1.0,,particle0_best_lepton,0,2,14,1
20489,C_Tbl_correct,L2_ch160:192,2,13,0.6187931299209595,photon,6.030198574066162,0.0,,photon_neighbor,0,2,14,1
20489,C_Tbl_correct,L2_ch160:192,3,14,0.46534085273742676,charged_hadron,5.120092868804932,-1.0,,nearest_hadron_to_best_lepton,0,2,14,1
20490,C_Tbl_correct,L2_ch160:192,1,0,2.820131540298462,muon,222.58627319335938,1.0,,particle0_best_lepton,0,,19,1
20490,C_Tbl_correct,L2_ch160:192,2,19,0.942450761795044,neutral_hadron,4.621356964111328,0.0,,nearest_hadron_to_best_lepton,0,,19,1
20490,C_Tbl_correct,L2_ch160:192,3,34,0.46934008598327637,photon,0.9496799111366272,0.0,,photon_neighbor,0,,19,1
20491,C_Tbl_correct,L2_ch160:192,1,0,5.871293544769287,muon,564.8671875,-1.0,,particle0_best_lepton,0,,15,1
20491,C_Tbl_correct,L2_ch160:192,2,28,1.5436415672302246,photon,1.5234827995300293,0.0,,photon_neighbor,0,,15,1
20491,C_Tbl_correct,L2_ch160:192,3,29,1.378618597984314,photon,1.2118791341781616,0.0,,photon_neighbor,0,,15,1
20492,C_Tbl_correct,L2_ch160:192,1,0,8.632637977600098,muon,252.05963134765625,-1.0,,particle0_best_lepton,0,,74,1
20492,C_Tbl_correct,L2_ch160:192,2,74,1.5155894756317139,charged_hadron,1.3540942668914795,-1.0,,nearest_hadron_to_best_lepton,0,,74,1
20492,C_Tbl_correct,L2_ch160:192,3,17,1.2686551809310913,charged_hadron,10.14931583404541,1.0,,hard_hadron,0,,74,1
20493,C_Tbl_correct,L2_ch160:192,1,0,3.0766866207122803,electron,186.51634216308594,1.0,,particle0_best_lepton,0,1,14,2
20493,C_Tbl_correct,L2_ch160:192,2,1,1.0771541595458984,muon,169.77301025390625,-1.0,,second_lepton,0,1,14,2
20493,C_Tbl_correct,L2_ch160:192,3,7,0.17175112664699554,photon,6.322176456451416,0.0,,photon_neighbor,0,1,14,2
20494,C_Tbl_correct,L2_ch160:192,1,0,5.749063968658447,muon,482.8270568847656,1.0,,particle0_best_lepton,0,,8,3
20494,C_Tbl_correct,L2_ch160:192,2,1,1.6724847555160522,photon,80.11673736572266,0.0,,photon_neighbor,0,,8,3
20494,C_Tbl_correct,L2_ch160:192,3,8,1.3462591171264648,charged_hadron,5.549327850341797,1.0,,nearest_hadron_to_best_lepton,0,,8,3
20495,C_Tbl_correct,L2_ch160:192,1,2,3.314565896987915,electron,87.17536926269531,1.0,,best_lepton,2,4,5,0
20495,C_Tbl_correct,L2_ch160:192,2,5,0.6035552024841309,charged_hadron,17.937631607055664,-1.0,,nearest_hadron_to_best_lepton,2,4,5,0
20495,C_Tbl_correct,L2_ch160:192,3,15,0.34194207191467285,charged_hadron,2.263141393661499,1.0,,hadron_neighbor,2,4,5,0
20496,C_Tbl_correct,L2_ch160:192,1,0,5.236267566680908,electron,238.28724670410156,1.0,,particle0_best_lepton,0,,24,1
20496,C_Tbl_correct,L2_ch160:192,2,1,2.754163980484009,charged_hadron,37.772789001464844,1.0,,hardest_hadron,0,,24,1
20496,C_Tbl_correct,L2_ch160:192,3,2,1.7489372491836548,charged_hadron,17.621370315551758,1.0,,hard_hadron,0,,24,1
20497,C_Tbl_correct,L2_ch160:192,1,0,4.976354122161865,muon,332.51971435546875,1.0,,particle0_best_lepton,0,,11,1
20497,C_Tbl_correct,L2_ch160:192,2,17,1.5272572040557861,charged_hadron,1.1506739854812622,1.0,,hadron_neighbor,0,,11,1
20497,C_Tbl_correct,L2_ch160:192,3,1,1.0427539348602295,charged_hadron,55.83924865722656,-1.0,,hardest_hadron,0,,11,1
20498,C_Tbl_correct,L2_ch160:192,1,1,1.8323426246643066,muon,126.635009765625,-1.0,,best_lepton,1,,5,0
20498,C_Tbl_correct,L2_ch160:192,2,5,0.9232547283172607,neutral_hadron,20.479129791259766,0.0,,nearest_hadron_to_best_lepton,1,,5,0
20498,C_Tbl_correct,L2_ch160:192,3,6,0.06538057327270508,charged_hadron,17.036542892456055,1.0,,hadron_neighbor,1,,5,0
20499,C_Tbl_correct,L2_ch160:192,1,1,3.229229688644409,electron,89.83689880371094,1.0,,best_lepton,1,,11,0
20499,C_Tbl_correct,L2_ch160:192,2,11,1.596970558166504,charged_hadron,4.521134853363037,1.0,,nearest_hadron_to_best_lepton,1,,11,0
20499,C_Tbl_correct,L2_ch160:192,3,13,0.5832232236862183,charged_hadron,3.813732147216797,1.0,,hadron_neighbor,1,,11,0
20500,C_Tbl_correct,L2_ch160:192,1,0,6.889411926269531,electron,329.0126953125,1.0,,particle0_best_lepton,0,12,11,1
20500,C_Tbl_correct,L2_ch160:192,2,1,1.8692879676818848,charged_hadron,59.953914642333984,-1.0,,hardest_hadron,0,12,11,1
20500,C_Tbl_correct,L2_ch160:192,3,38,1.089989185333252,photon,0.936466634273529,0.0,,photon_neighbor,0,12,11,1
20501,C_Tbl_correct,L2_ch160:192,1,0,6.042135238647461,electron,133.78932189941406,-1.0,,particle0_best_lepton,0,,19,1
20501,C_Tbl_correct,L2_ch160:192,2,20,1.6965633630752563,charged_hadron,5.991743564605713,-1.0,,hadron_neighbor,0,,19,1
20501,C_Tbl_correct,L2_ch160:192,3,21,1.4591243267059326,charged_hadron,4.876706600189209,1.0,,hadron_neighbor,0,,19,1
20502,C_Tbl_correct,L2_ch160:192,1,0,6.4822587966918945,muon,278.8143310546875,-1.0,,particle0_best_lepton,0,4,15,1
20502,C_Tbl_correct,L2_ch160:192,2,8,0.8430569767951965,charged_hadron,8.116941452026367,1.0,,hard_hadron,0,4,15,1
20502,C_Tbl_correct,L2_ch160:192,3,16,0.7458152770996094,neutral_hadron,4.540903091430664,0.0,,hadron_neighbor,0,4,15,1
20503,C_Tbl_correct,L2_ch160:192,1,4,2.5109806060791016,electron,45.02203369140625,1.0,,best_lepton,4,6,15,0
20503,C_Tbl_correct,L2_ch160:192,2,15,1.0463511943817139,charged_hadron,2.095703125,1.0,,nearest_hadron_to_best_lepton,4,6,15,0
20503,C_Tbl_correct,L2_ch160:192,3,14,1.0204336643218994,charged_hadron,2.1931684017181396,-1.0,,hadron_neighbor,4,6,15,0
20504,C_Tbl_correct,L2_ch160:192,1,1,3.112224578857422,electron,97.75440216064453,1.0,,best_lepton,1,,20,0
20504,C_Tbl_correct,L2_ch160:192,2,20,0.8032798767089844,charged_hadron,2.829601526260376,1.0,,nearest_hadron_to_best_lepton,1,,20,0
20504,C_Tbl_correct,L2_ch160:192,3,24,0.737295389175415,photon,2.3594584465026855,0.0,,photon_neighbor,1,,20,0
20505,C_Tbl_correct,L2_ch160:192,1,0,3.1329030990600586,muon,205.1035614013672,1.0,,particle0_best_lepton,0,,9,1
20505,C_Tbl_correct,L2_ch160:192,2,7,0.9353482723236084,photon,3.6300346851348877,0.0,,photon_neighbor,0,,9,1
20505,C_Tbl_correct,L2_ch160:192,3,9,0.9105575084686279,charged_hadron,2.6928770542144775,1.0,,nearest_hadron_to_best_lepton,0,,9,1
20506,C_Tbl_correct,L2_ch160:192,1,0,2.9514100551605225,muon,160.51051330566406,1.0,,particle0_best_lepton,0,12,13,1
20506,C_Tbl_correct,L2_ch160:192,2,33,0.1421191692352295,photon,0.9069464802742004,0.0,,photon_neighbor,0,12,13,1
20506,C_Tbl_correct,L2_ch160:192,3,4,0.06844402104616165,photon,28.362768173217773,0.0,,photon_neighbor,0,12,13,1
20507,C_Tbl_correct,L2_ch160:192,1,0,4.291408538818359,muon,138.9788360595703,1.0,,particle0_best_lepton,0,1,34,2
20507,C_Tbl_correct,L2_ch160:192,2,34,1.5613008737564087,charged_hadron,1.0380827188491821,-1.0,,nearest_hadron_to_best_lepton,0,1,34,2
20507,C_Tbl_correct,L2_ch160:192,3,30,0.5798184871673584,charged_hadron,2.0389082431793213,1.0,,hadron_neighbor,0,1,34,2
20508,C_Tbl_correct,L2_ch160:192,1,0,5.394386291503906,muon,124.95929718017578,-1.0,,particle0_best_lepton,0,19,15,2
20508,C_Tbl_correct,L2_ch160:192,2,14,1.239729881286621,charged_hadron,5.0212883949279785,-1.0,,hadron_neighbor,0,19,15,2
20508,C_Tbl_correct,L2_ch160:192,3,17,1.107743263244629,charged_hadron,3.5487284660339355,1.0,,hadron_neighbor,0,19,15,2
20509,C_Tbl_correct,L2_ch160:192,1,1,4.319751262664795,muon,162.5621337890625,1.0,,best_lepton,1,4,8,0
20509,C_Tbl_correct,L2_ch160:192,2,4,3.140707492828369,electron,30.075931549072266,-1.0,,second_lepton,1,4,8,0
20509,C_Tbl_correct,L2_ch160:192,3,12,2.2144064903259277,photon,2.220543384552002,0.0,,photon_neighbor,1,4,8,0
20510,C_Tbl_correct,L2_ch160:192,1,0,2.8881568908691406,muon,254.29237365722656,1.0,,particle0_best_lepton,0,,4,1
20510,C_Tbl_correct,L2_ch160:192,2,23,1.651740312576294,photon,2.659688949584961,0.0,,photon_neighbor,0,,4,1
20510,C_Tbl_correct,L2_ch160:192,3,25,0.9504818916320801,charged_hadron,2.3164608478546143,-1.0,,hadron_neighbor,0,,4,1
20511,C_Tbl_correct,L2_ch160:192,1,0,10.162240982055664,muon,148.91407775878906,-1.0,,particle0_best_lepton,0,46,34,1
20511,C_Tbl_correct,L2_ch160:192,2,3,0.8949114680290222,charged_hadron,32.869346618652344,-1.0,,hard_hadron,0,46,34,1
20511,C_Tbl_correct,L2_ch160:192,3,20,0.6590000987052917,photon,8.336625099182129,0.0,,photon_neighbor,0,46,34,1
20512,C_Tbl_correct,L2_ch160:192,1,1,2.5692238807678223,muon,246.33908081054688,1.0,,best_lepton,1,,5,2
20512,C_Tbl_correct,L2_ch160:192,2,10,1.2128541469573975,neutral_hadron,7.075198650360107,0.0,,hadron_neighbor,1,,5,2
20512,C_Tbl_correct,L2_ch160:192,3,11,0.8235632181167603,photon,3.4641551971435547,0.0,,photon_neighbor,1,,5,2
20513,C_Tbl_correct,L2_ch160:192,1,0,5.725526332855225,electron,344.981689453125,1.0,,particle0_best_lepton,0,,17,1
20513,C_Tbl_correct,L2_ch160:192,2,16,1.366999864578247,charged_hadron,1.5168933868408203,-1.0,,hadron_neighbor,0,,17,1
20513,C_Tbl_correct,L2_ch160:192,3,21,1.3162760734558105,charged_hadron,1.1079225540161133,1.0,,hadron_neighbor,0,,17,1
20514,C_Tbl_correct,L2_ch160:192,1,19,2.226872205734253,charged_hadron,3.5296828746795654,1.0,,hadron_neighbor,0,,11,1
20514,C_Tbl_correct,L2_ch160:192,2,0,2.1285324096679688,muon,107.3781509399414,1.0,,particle0_best_lepton,0,,11,1
20514,C_Tbl_correct,L2_ch160:192,3,16,1.1904240846633911,photon,7.6005072593688965,0.0,,photon_neighbor,0,,11,1
20515,C_Tbl_correct,L2_ch160:192,1,0,4.153831958770752,muon,519.654052734375,1.0,,particle0_best_lepton,0,,15,1
20515,C_Tbl_correct,L2_ch160:192,2,1,1.6992422342300415,charged_hadron,19.062910079956055,1.0,,hardest_hadron,0,,15,1
20515,C_Tbl_correct,L2_ch160:192,3,2,1.2092421054840088,charged_hadron,12.211058616638184,1.0,,hard_hadron,0,,15,1
20516,C_Tbl_correct,L2_ch160:192,1,0,6.38491153717041,electron,424.41094970703125,-1.0,,particle0_best_lepton,0,11,20,1
20516,C_Tbl_correct,L2_ch160:192,2,20,1.974332571029663,charged_hadron,3.104175567626953,-1.0,,nearest_hadron_to_best_lepton,0,11,20,1
20516,C_Tbl_correct,L2_ch160:192,3,18,1.5551042556762695,charged_hadron,5.149999141693115,-1.0,,hadron_neighbor,0,11,20,1
20517,C_Tbl_correct,L2_ch160:192,1,2,3.055176258087158,muon,121.41401672363281,1.0,,best_lepton,2,6,18,0
20517,C_Tbl_correct,L2_ch160:192,2,18,1.3281457424163818,charged_hadron,2.473912239074707,-1.0,,nearest_hadron_to_best_lepton,2,6,18,0
20517,C_Tbl_correct,L2_ch160:192,3,22,1.0146186351776123,photon,0.925874650478363,0.0,,photon_neighbor,2,6,18,0
20518,C_Tbl_correct,L2_ch160:192,1,1,3.9254281520843506,muon,105.87470245361328,-1.0,,best_lepton,1,2,4,4
20518,C_Tbl_correct,L2_ch160:192,2,11,0.6186394691467285,neutral_hadron,3.966113805770874,0.0,,hard_hadron,1,2,4,4
20518,C_Tbl_correct,L2_ch160:192,3,7,0.5770601034164429,charged_hadron,7.795184135437012,1.0,,hard_hadron,1,2,4,4
20519,C_Tbl_correct,L2_ch160:192,1,0,4.4078898429870605,muon,282.969482421875,-1.0,,particle0_best_lepton,0,,18,2
20519,C_Tbl_correct,L2_ch160:192,2,23,1.1128199100494385,photon,1.4397081136703491,0.0,,photon_neighbor,0,,18,2
20519,C_Tbl_correct,L2_ch160:192,3,21,0.7664902210235596,neutral_hadron,2.3488945960998535,0.0,,hadron_neighbor,0,,18,2
20520,C_Tbl_correct,L2_ch160:192,1,0,3.101666212081909,muon,114.50515747070312,-1.0,,particle0_best_lepton,0,6,19,1
20520,C_Tbl_correct,L2_ch160:192,2,6,1.2549916505813599,muon,22.388072967529297,1.0,,second_lepton,0,6,19,1
20520,C_Tbl_correct,L2_ch160:192,3,19,0.6644065380096436,charged_hadron,3.8436226844787598,1.0,,nearest_hadron_to_best_lepton,0,6,19,1
20521,C_Tbl_correct,L2_ch160:192,1,1,5.742560863494873,muon,96.19719696044922,-1.0,,best_lepton,1,15,20,2
20521,C_Tbl_correct,L2_ch160:192,2,20,0.8134005069732666,charged_hadron,2.8812615871429443,-1.0,,nearest_hadron_to_best_lepton,1,15,20,2
20521,C_Tbl_correct,L2_ch160:192,3,15,0.6848618984222412,electron,4.918983459472656,-1.0,,second_lepton,1,15,20,2
20522,C_Tbl_correct,L2_ch160:192,1,0,6.16512393951416,muon,181.8948211669922,-1.0,,particle0_best_lepton,0,,11,1
20522,C_Tbl_correct,L2_ch160:192,2,19,1.6979687213897705,neutral_hadron,2.7411983013153076,0.0,,hadron_neighbor,0,,11,1
20522,C_Tbl_correct,L2_ch160:192,3,18,1.2703657150268555,charged_hadron,2.892613649368286,1.0,,hadron_neighbor,0,,11,1
20523,C_Tbl_correct,L2_ch160:192,1,1,4.317989349365234,electron,98.05267333984375,1.0,,best_lepton,1,3,13,2
20523,C_Tbl_correct,L2_ch160:192,2,12,1.5233814716339111,photon,3.1157681941986084,0.0,,photon_neighbor,1,3,13,2
20523,C_Tbl_correct,L2_ch160:192,3,3,1.4599478244781494,electron,84.39728546142578,-1.0,,second_lepton,1,3,13,2
20524,C_Tbl_correct,L2_ch160:192,1,0,3.5504844188690186,electron,422.00567626953125,-1.0,,particle0_best_lepton,0,3,5,2
20524,C_Tbl_correct,L2_ch160:192,2,8,1.9840667247772217,neutral_hadron,5.1978044509887695,0.0,,hadron_neighbor,0,3,5,2
20524,C_Tbl_correct,L2_ch160:192,3,14,1.3797807693481445,photon,1.4438749551773071,0.0,,photon_neighbor,0,3,5,2
20525,C_Tbl_correct,L2_ch160:192,1,0,8.402496337890625,muon,147.4969940185547,1.0,,particle0_best_lepton,0,,16,2
20525,C_Tbl_correct,L2_ch160:192,2,39,0.9003527164459229,photon,1.078173041343689,0.0,,photon_neighbor,0,,16,2
20525,C_Tbl_correct,L2_ch160:192,3,11,0.8667277693748474,photon,8.424938201904297,0.0,,photon_neighbor,0,,16,2
20526,C_Tbl_correct,L2_ch160:192,1,0,4.983280658721924,electron,264.64630126953125,1.0,,particle0_best_lepton,0,,19,1
20526,C_Tbl_correct,L2_ch160:192,2,25,1.0521199703216553,charged_hadron,1.697594404220581,-1.0,,hadron_neighbor,0,,19,1
20526,C_Tbl_correct,L2_ch160:192,3,19,0.8843080997467041,neutral_hadron,3.2486748695373535,0.0,,nearest_hadron_to_best_lepton,0,,19,1
20527,C_Tbl_correct,L2_ch160:192,1,0,6.408651351928711,electron,336.3766174316406,1.0,,particle0_best_lepton,0,,12,1
20527,C_Tbl_correct,L2_ch160:192,2,1,2.854710578918457,charged_hadron,67.0682144165039,-1.0,,hardest_hadron,0,,12,1
20527,C_Tbl_correct,L2_ch160:192,3,2,2.201188564300537,charged_hadron,42.92474365234375,-1.0,,hard_hadron,0,,12,1
20528,C_Tbl_correct,L2_ch160:192,1,0,5.223477363586426,muon,406.7447814941406,1.0,,particle0_best_lepton,0,,15,2
20528,C_Tbl_correct,L2_ch160:192,2,1,2.4217278957366943,photon,59.200347900390625,0.0,,photon_neighbor,0,,15,2
20528,C_Tbl_correct,L2_ch160:192,3,23,1.2917203903198242,photon,2.166334867477417,0.0,,photon_neighbor,0,,15,2
20529,C_Tbl_correct,L2_ch160:192,1,0,6.861736297607422,electron,487.25653076171875,1.0,,particle0_best_lepton,0,,8,2
20529,C_Tbl_correct,L2_ch160:192,2,2,1.9379092454910278,charged_hadron,70.18577575683594,1.0,,hardest_hadron,0,,8,2
20529,C_Tbl_correct,L2_ch160:192,3,1,1.4780808687210083,photon,73.56980895996094,0.0,,photon_neighbor,0,,8,2
20530,C_Tbl_correct,L2_ch160:192,1,0,7.6055755615234375,electron,302.8354187011719,-1.0,,particle0_best_lepton,0,,30,1
20530,C_Tbl_correct,L2_ch160:192,2,3,1.689796805381775,photon,26.49580955505371,0.0,,photon_neighbor,0,,30,1
20530,C_Tbl_correct,L2_ch160:192,3,58,0.9018433094024658,photon,1.5906943082809448,0.0,,photon_neighbor,0,,30,1
20531,C_Tbl_correct,L2_ch160:192,1,0,2.385582685470581,electron,200.07044982910156,1.0,,particle0_best_lepton,0,,13,1
20531,C_Tbl_correct,L2_ch160:192,2,13,1.4457132816314697,charged_hadron,2.515028715133667,-1.0,,nearest_hadron_to_best_lepton,0,,13,1
20531,C_Tbl_correct,L2_ch160:192,3,11,1.2364479303359985,photon,5.576541900634766,0.0,,photon_neighbor,0,,13,1
20532,C_Tbl_correct,L2_ch160:192,1,0,3.9680440425872803,electron,302.8004150390625,-1.0,,particle0_best_lepton,0,,14,1
20532,C_Tbl_correct,L2_ch160:192,2,1,0.8855082392692566,charged_hadron,29.451641082763672,-1.0,,hardest_hadron,0,,14,1
20532,C_Tbl_correct,L2_ch160:192,3,18,0.8674764633178711,charged_hadron,5.061915874481201,-1.0,,hadron_neighbor,0,,14,1
20533,C_Tbl_correct,L2_ch160:192,1,0,6.052194595336914,electron,167.03543090820312,-1.0,,particle0_best_lepton,0,2,15,1
20533,C_Tbl_correct,L2_ch160:192,2,14,2.156043767929077,photon,10.964546203613281,0.0,,photon_neighbor,0,2,15,1
20533,C_Tbl_correct,L2_ch160:192,3,2,1.6025770902633667,electron,38.99090576171875,1.0,,second_lepton,0,2,15,1
20534,C_Tbl_correct,L2_ch160:192,1,0,2.7850828170776367,muon,215.9326629638672,1.0,,particle0_best_lepton,0,,12,1
20534,C_Tbl_correct,L2_ch160:192,2,12,0.9665822982788086,charged_hadron,9.432644844055176,1.0,,nearest_hadron_to_best_lepton,0,,12,1
20534,C_Tbl_correct,L2_ch160:192,3,13,0.15663480758666992,charged_hadron,3.5491182804107666,-1.0,,hadron_neighbor,0,,12,1
20535,C_Tbl_correct,L2_ch160:192,1,0,4.235328674316406,muon,303.3940124511719,-1.0,,particle0_best_lepton,0,1,7,2
20535,C_Tbl_correct,L2_ch160:192,2,1,2.4315645694732666,electron,173.26866149902344,1.0,,second_lepton,0,1,7,2
20535,C_Tbl_correct,L2_ch160:192,3,20,0.802149772644043,photon,1.5458598136901855,0.0,,photon_neighbor,0,1,7,2
20536,C_Tbl_correct,L2_ch160:192,1,0,6.922165870666504,electron,216.5425567626953,-1.0,,particle0_best_lepton,0,,24,1
20536,C_Tbl_correct,L2_ch160:192,2,2,1.8784675598144531,neutral_hadron,45.00316619873047,0.0,,hard_hadron,0,,24,1
20536,C_Tbl_correct,L2_ch160:192,3,10,0.91341233253479,photon,18.091594696044922,0.0,,photon_neighbor,0,,24,1
20537,C_Tbl_correct,L2_ch160:192,1,0,3.1602303981781006,muon,195.53131103515625,1.0,,particle0_best_lepton,0,1,4,3
20537,C_Tbl_correct,L2_ch160:192,2,14,2.6860849857330322,charged_hadron,4.82258939743042,1.0,,hadron_neighbor,0,1,4,3
20537,C_Tbl_correct,L2_ch160:192,3,1,1.3663309812545776,muon,128.3671417236328,-1.0,,second_lepton,0,1,4,3
20538,C_Tbl_correct,L2_ch160:192,1,0,5.373254776000977,electron,317.7366943359375,1.0,,particle0_best_lepton,0,1,12,2
20538,C_Tbl_correct,L2_ch160:192,2,1,2.5439891815185547,electron,82.45780181884766,-1.0,,second_lepton,0,1,12,2
20538,C_Tbl_correct,L2_ch160:192,3,14,0.8288689851760864,photon,2.9004642963409424,0.0,,photon_neighbor,0,1,12,2
20539,C_Tbl_correct,L2_ch160:192,1,0,8.626797676086426,electron,62.23419952392578,1.0,,particle0_best_lepton,0,35,46,1
20539,C_Tbl_correct,L2_ch160:192,2,36,0.7858993411064148,photon,3.11818528175354,0.0,,photon_neighbor,0,35,46,1
20539,C_Tbl_correct,L2_ch160:192,3,2,0.7687485218048096,charged_hadron,45.724029541015625,-1.0,,hard_hadron,0,35,46,1
20540,C_Tbl_correct,L2_ch160:192,1,3,2.2183189392089844,electron,59.0196533203125,-1.0,,second_lepton,0,3,11,1
20540,C_Tbl_correct,L2_ch160:192,2,0,2.20121431350708,muon,121.60375213623047,1.0,,particle0_best_lepton,0,3,11,1
20540,C_Tbl_correct,L2_ch160:192,3,13,1.0176680088043213,photon,3.9789962768554688,0.0,,photon_neighbor,0,3,11,1
20541,C_Tbl_correct,L2_ch160:192,1,0,2.120359182357788,muon,175.0579071044922,-1.0,,particle0_best_lepton,0,,11,3
20541,C_Tbl_correct,L2_ch160:192,2,13,1.2934253215789795,photon,1.965349793434143,0.0,,photon_neighbor,0,,11,3
20541,C_Tbl_correct,L2_ch160:192,3,14,1.2200143337249756,photon,1.9602597951889038,0.0,,photon_neighbor,0,,11,3
20542,C_Tbl_correct,L2_ch160:192,1,0,3.92577862739563,electron,312.7117614746094,-1.0,,particle0_best_lepton,0,,9,1
20542,C_Tbl_correct,L2_ch160:192,2,14,1.2308577299118042,photon,3.222118616104126,0.0,,photon_neighbor,0,,9,1
20542,C_Tbl_correct,L2_ch160:192,3,17,1.119947910308838,photon,1.1019911766052246,0.0,,photon_neighbor,0,,9,1
20543,C_Tbl_correct,L2_ch160:192,1,0,5.578432559967041,muon,115.3818359375,1.0,,particle0_best_lepton,0,10,46,1
20543,C_Tbl_correct,L2_ch160:192,2,2,1.9599658250808716,charged_hadron,44.241065979003906,1.0,,hard_hadron,0,10,46,1
20543,C_Tbl_correct,L2_ch160:192,3,24,1.6726500988006592,charged_hadron,6.5171356201171875,-1.0,,hadron_neighbor,0,10,46,1
20544,C_Tbl_correct,L2_ch160:192,1,0,3.0236756801605225,muon,508.11871337890625,1.0,,particle0_best_lepton,0,,9,2
20544,C_Tbl_correct,L2_ch160:192,2,10,1.6197330951690674,photon,2.3289852142333984,0.0,,photon_neighbor,0,,9,2
20544,C_Tbl_correct,L2_ch160:192,3,1,0.7804991602897644,photon,12.586894035339355,0.0,,photon_neighbor,0,,9,2
20545,C_Tbl_correct,L2_ch160:192,1,0,3.9190471172332764,electron,451.4137268066406,1.0,,particle0_best_lepton,0,,9,1
20545,C_Tbl_correct,L2_ch160:192,2,9,1.4733898639678955,charged_hadron,3.563504219055176,1.0,,nearest_hadron_to_best_lepton,0,,9,1
20545,C_Tbl_correct,L2_ch160:192,3,1,1.1751291751861572,charged_hadron,20.257410049438477,-1.0,,hardest_hadron,0,,9,1
20546,C_Tbl_correct,L2_ch160:192,1,0,6.1034979820251465,electron,434.52008056640625,1.0,,particle0_best_lepton,0,6,2,1
20546,C_Tbl_correct,L2_ch160:192,2,20,1.8049228191375732,photon,1.8854681253433228,0.0,,photon_neighbor,0,6,2,1
20546,C_Tbl_correct,L2_ch160:192,3,11,1.169236660003662,neutral_hadron,7.7951579093933105,0.0,,hadron_neighbor,0,6,2,1
20547,C_Tbl_correct,L2_ch160:192,1,0,8.33427906036377,electron,357.27874755859375,-1.0,,particle0_best_lepton,0,,31,1
20547,C_Tbl_correct,L2_ch160:192,2,1,1.0837477445602417,charged_hadron,46.21989059448242,-1.0,,hardest_hadron,0,,31,1
20547,C_Tbl_correct,L2_ch160:192,3,31,1.0246131420135498,charged_hadron,1.7181575298309326,1.0,,nearest_hadron_to_best_lepton,0,,31,1
20548,C_Tbl_correct,L2_ch160:192,1,0,3.6465444564819336,electron,381.555419921875,1.0,,particle0_best_lepton,0,4,8,2
20548,C_Tbl_correct,L2_ch160:192,2,4,2.696779251098633,electron,12.177839279174805,-1.0,,second_lepton,0,4,8,2
20548,C_Tbl_correct,L2_ch160:192,3,1,0.8828509449958801,photon,19.33222007751465,0.0,,photon_neighbor,0,4,8,2
20549,C_Tbl_correct,L2_ch160:192,1,3,2.4458470344543457,electron,60.81768035888672,-1.0,,best_lepton,3,,13,1
20549,C_Tbl_correct,L2_ch160:192,2,13,1.7284667491912842,charged_hadron,3.3125338554382324,1.0,,nearest_hadron_to_best_lepton,3,,13,1
20549,C_Tbl_correct,L2_ch160:192,3,11,1.4931364059448242,charged_hadron,5.41513729095459,1.0,,hadron_neighbor,3,,13,1
20551,C_Tbl_correct,L2_ch160:192,1,1,3.720994234085083,electron,120.67500305175781,1.0,,best_lepton,1,2,8,3
20551,C_Tbl_correct,L2_ch160:192,2,0,3.285447597503662,photon,170.75933837890625,0.0,,particle0,1,2,8,3
20551,C_Tbl_correct,L2_ch160:192,3,2,2.3463611602783203,electron,95.83783721923828,-1.0,,second_lepton,1,2,8,3
20552,C_Tbl_correct,L2_ch160:192,1,0,4.413989543914795,muon,341.0342102050781,-1.0,,particle0_best_lepton,0,,7,1
20552,C_Tbl_correct,L2_ch160:192,2,10,2.6978654861450195,photon,3.8146307468414307,0.0,,photon_neighbor,0,,7,1
20552,C_Tbl_correct,L2_ch160:192,3,15,1.0989081859588623,photon,1.109917402267456,0.0,,photon_neighbor,0,,7,1
20553,C_Tbl_correct,L2_ch160:192,1,2,6.244107723236084,electron,87.58741760253906,1.0,,best_lepton,2,,20,1
20553,C_Tbl_correct,L2_ch160:192,2,13,2.3246753215789795,photon,9.725095748901367,0.0,,photon_neighbor,2,,20,1
20553,C_Tbl_correct,L2_ch160:192,3,5,0.38093358278274536,charged_hadron,54.86556625366211,1.0,,hard_hadron,2,,20,1
20554,C_Tbl_correct,L2_ch160:192,1,3,2.365579128265381,muon,54.177024841308594,-1.0,,best_lepton,3,,4,0
20554,C_Tbl_correct,L2_ch160:192,2,20,0.9335060119628906,photon,1.0911164283752441,0.0,,photon_neighbor,3,,4,0
20554,C_Tbl_correct,L2_ch160:192,3,14,0.8564374446868896,charged_hadron,3.7398176193237305,-1.0,,hadron_neighbor,3,,4,0
20555,C_Tbl_correct,L2_ch160:192,1,0,5.02540922164917,electron,135.34539794921875,1.0,,particle0_best_lepton,0,,14,1
20555,C_Tbl_correct,L2_ch160:192,2,16,1.4264589548110962,photon,2.4975032806396484,0.0,,photon_neighbor,0,,14,1
20555,C_Tbl_correct,L2_ch160:192,3,9,1.128773808479309,photon,9.159716606140137,0.0,,photon_neighbor,0,,14,1
20556,C_Tbl_correct,L2_ch160:192,1,0,4.670356750488281,muon,415.4775390625,-1.0,,particle0_best_lepton,0,,10,1
20556,C_Tbl_correct,L2_ch160:192,2,10,2.385730743408203,charged_hadron,5.655336380004883,-1.0,,nearest_hadron_to_best_lepton,0,,10,1
20556,C_Tbl_correct,L2_ch160:192,3,15,1.0983545780181885,photon,1.185122013092041,0.0,,photon_neighbor,0,,10,1
20557,C_Tbl_correct,L2_ch160:192,1,0,5.266118049621582,electron,302.8977966308594,-1.0,,particle0_best_lepton,0,,33,2
20557,C_Tbl_correct,L2_ch160:192,2,33,0.9629948139190674,charged_hadron,0.9874140620231628,-1.0,,nearest_hadron_to_best_lepton,0,,33,2
20557,C_Tbl_correct,L2_ch160:192,3,21,0.8139703273773193,photon,4.766427040100098,0.0,,photon_neighbor,0,,33,2
20558,C_Tbl_correct,L2_ch160:192,1,0,2.409891128540039,electron,154.4781494140625,1.0,,particle0_best_lepton,0,,10,1
20558,C_Tbl_correct,L2_ch160:192,2,10,1.156622290611267,charged_hadron,11.01257610321045,1.0,,nearest_hadron_to_best_lepton,0,,10,1
20558,C_Tbl_correct,L2_ch160:192,3,19,1.0210325717926025,photon,1.594191074371338,0.0,,photon_neighbor,0,,10,1
20559,C_Tbl_correct,L2_ch160:192,1,0,4.512598514556885,electron,448.1669616699219,1.0,,particle0_best_lepton,0,,16,1
20559,C_Tbl_correct,L2_ch160:192,2,7,1.498042345046997,charged_hadron,6.600637912750244,-1.0,,hadron_neighbor,0,,16,1
20559,C_Tbl_correct,L2_ch160:192,3,1,0.957984983921051,charged_hadron,22.442537307739258,-1.0,,hardest_hadron,0,,16,1
20560,C_Tbl_correct,L2_ch160:192,1,0,3.3535025119781494,muon,292.010498046875,-1.0,,particle0_best_lepton,0,,16,1
20560,C_Tbl_correct,L2_ch160:192,2,26,0.5856900215148926,photon,2.1514832973480225,0.0,,photon_neighbor,0,,16,1
20560,C_Tbl_correct,L2_ch160:192,3,3,0.42841172218322754,charged_hadron,27.153181076049805,-1.0,,hard_hadron,0,,16,1
20561,C_Tbl_correct,L2_ch160:192,1,0,4.155981540679932,electron,151.60948181152344,1.0,,particle0_best_lepton,0,,16,1
20561,C_Tbl_correct,L2_ch160:192,2,3,0.3162858188152313,charged_hadron,33.13597869873047,1.0,,hard_hadron,0,,16,1
20561,C_Tbl_correct,L2_ch160:192,3,16,0.22161567211151123,charged_hadron,6.123326301574707,-1.0,,nearest_hadron_to_best_lepton,0,,16,1
20562,C_Tbl_correct,L2_ch160:192,1,0,6.407304286956787,electron,427.4591064453125,-1.0,,particle0_best_lepton,0,,19,1
20562,C_Tbl_correct,L2_ch160:192,2,29,1.054396152496338,photon,1.0823920965194702,0.0,,photon_neighbor,0,,19,1
20562,C_Tbl_correct,L2_ch160:192,3,19,0.9999454021453857,neutral_hadron,3.5541088581085205,0.0,,nearest_hadron_to_best_lepton,0,,19,1
20564,C_Tbl_correct,L2_ch160:192,1,0,4.627824306488037,electron,248.95120239257812,1.0,,particle0_best_lepton,0,,8,1
20564,C_Tbl_correct,L2_ch160:192,2,20,1.5943007469177246,photon,2.135657787322998,0.0,,photon_neighbor,0,,8,1
20564,C_Tbl_correct,L2_ch160:192,3,19,1.5303230285644531,charged_hadron,2.47800874710083,-1.0,,hadron_neighbor,0,,8,1
20565,C_Tbl_correct,L2_ch160:192,1,1,4.20304536819458,muon,80.61254119873047,-1.0,,second_lepton,0,1,6,3
20565,C_Tbl_correct,L2_ch160:192,2,0,2.249634265899658,muon,109.03646087646484,1.0,,particle0_best_lepton,0,1,6,3
20565,C_Tbl_correct,L2_ch160:192,3,32,1.0504860877990723,photon,1.4179887771606445,0.0,,photon_neighbor,0,1,6,3
20566,C_Tbl_correct,L2_ch160:192,1,0,4.479930400848389,electron,470.35064697265625,1.0,,particle0_best_lepton,0,,10,1
20566,C_Tbl_correct,L2_ch160:192,2,8,1.8159537315368652,charged_hadron,8.769403457641602,-1.0,,hadron_neighbor,0,,10,1
20566,C_Tbl_correct,L2_ch160:192,3,14,1.5922505855560303,charged_hadron,1.0683550834655762,1.0,,hadron_neighbor,0,,10,1
20567,C_Tbl_correct,L2_ch160:192,1,1,5.681662559509277,muon,58.38005447387695,1.0,,best_lepton,1,2,16,0
20567,C_Tbl_correct,L2_ch160:192,2,21,0.9347178936004639,photon,1.841209053993225,0.0,,photon_neighbor,1,2,16,0
20567,C_Tbl_correct,L2_ch160:192,3,22,0.8251059055328369,photon,1.707871437072754,0.0,,photon_neighbor,1,2,16,0
20568,C_Tbl_correct,L2_ch160:192,1,0,4.0428147315979,muon,426.10992431640625,-1.0,,particle0_best_lepton,0,,22,1
20568,C_Tbl_correct,L2_ch160:192,2,25,1.0283278226852417,charged_hadron,2.039135456085205,1.0,,hadron_neighbor,0,,22,1
20568,C_Tbl_correct,L2_ch160:192,3,22,0.749744176864624,neutral_hadron,2.2601711750030518,0.0,,nearest_hadron_to_best_lepton,0,,22,1
20569,C_Tbl_correct,L2_ch160:192,1,0,3.958265542984009,electron,207.61492919921875,-1.0,,particle0_best_lepton,0,,18,1
20569,C_Tbl_correct,L2_ch160:192,2,15,2.073251962661743,photon,3.775465965270996,0.0,,photon_neighbor,0,,18,1
20569,C_Tbl_correct,L2_ch160:192,3,14,0.9110164642333984,neutral_hadron,4.178645133972168,0.0,,hadron_neighbor,0,,18,1
20570,C_Tbl_correct,L2_ch160:192,1,0,4.5294880867004395,muon,246.7196044921875,1.0,,particle0_best_lepton,0,29,19,1
20570,C_Tbl_correct,L2_ch160:192,2,29,1.7126553058624268,muon,1.283835530281067,1.0,,second_lepton,0,29,19,1
20570,C_Tbl_correct,L2_ch160:192,3,23,0.7615323066711426,charged_hadron,2.2815394401550293,-1.0,,hadron_neighbor,0,29,19,1
20572,C_Tbl_correct,L2_ch160:192,1,0,6.014451026916504,electron,432.13275146484375,-1.0,,particle0_best_lepton,0,,15,1
20572,C_Tbl_correct,L2_ch160:192,2,22,1.529874324798584,photon,3.7149837017059326,0.0,,photon_neighbor,0,,15,1
20572,C_Tbl_correct,L2_ch160:192,3,25,1.4163165092468262,photon,2.507833242416382,0.0,,photon_neighbor,0,,15,1
20573,C_Tbl_correct,L2_ch160:192,1,0,6.936107635498047,muon,214.76095581054688,1.0,,particle0_best_lepton,0,17,19,3
20573,C_Tbl_correct,L2_ch160:192,2,7,2.27498722076416,photon,19.42319107055664,0.0,,photon_neighbor,0,17,19,3
20573,C_Tbl_correct,L2_ch160:192,3,17,1.2585505247116089,electron,6.255372047424316,-1.0,,second_lepton,0,17,19,3
20574,C_Tbl_correct,L2_ch160:192,1,0,2.9498634338378906,electron,253.7365264892578,1.0,,particle0_best_lepton,0,,7,1
20574,C_Tbl_correct,L2_ch160:192,2,7,1.2292490005493164,charged_hadron,14.480812072753906,1.0,,nearest_hadron_to_best_lepton,0,,7,1
20574,C_Tbl_correct,L2_ch160:192,3,9,0.7968428134918213,photon,9.142812728881836,0.0,,photon_neighbor,0,,7,1
20575,C_Tbl_correct,L2_ch160:192,1,0,6.928797721862793,muon,171.30946350097656,-1.0,,particle0_best_lepton,0,,13,3
20575,C_Tbl_correct,L2_ch160:192,2,10,0.9884938597679138,charged_hadron,15.306780815124512,-1.0,,hard_hadron,0,,13,3
20575,C_Tbl_correct,L2_ch160:192,3,34,0.9652888774871826,charged_hadron,3.5887649059295654,-1.0,,hadron_neighbor,0,,13,3
20576,C_Tbl_correct,L2_ch160:192,1,0,3.0336592197418213,electron,182.34840393066406,-1.0,,particle0_best_lepton,0,16,12,1
20576,C_Tbl_correct,L2_ch160:192,2,10,1.2371985912322998,charged_hadron,8.63832950592041,-1.0,,hadron_neighbor,0,16,12,1
20576,C_Tbl_correct,L2_ch160:192,3,13,0.8717612028121948,photon,4.798402786254883,0.0,,photon_neighbor,0,16,12,1
20577,C_Tbl_correct,L2_ch160:192,1,0,7.397589683532715,electron,100.61677551269531,1.0,,particle0_best_lepton,0,,28,1
20577,C_Tbl_correct,L2_ch160:192,2,5,2.7042176723480225,charged_hadron,21.646957397460938,1.0,,hard_hadron,0,,28,1
20577,C_Tbl_correct,L2_ch160:192,3,9,2.25569748878479,charged_hadron,16.10653305053711,-1.0,,hard_hadron,0,,28,1
20578,C_Tbl_correct,L2_ch160:192,1,0,5.745609760284424,muon,316.3433532714844,1.0,,particle0_best_lepton,0,,31,1
20578,C_Tbl_correct,L2_ch160:192,2,22,1.1397207975387573,photon,3.0644569396972656,0.0,,photon_neighbor,0,,31,1
20578,C_Tbl_correct,L2_ch160:192,3,26,1.089646816253662,photon,2.5344161987304688,0.0,,photon_neighbor,0,,31,1
20579,C_Tbl_correct,L2_ch160:192,1,1,2.2902631759643555,electron,163.02003479003906,-1.0,,second_lepton,0,1,6,4
20579,C_Tbl_correct,L2_ch160:192,2,7,1.8349642753601074,charged_hadron,5.656365394592285,1.0,,hadron_neighbor,0,1,6,4
20579,C_Tbl_correct,L2_ch160:192,3,0,1.6210918426513672,muon,219.7357635498047,1.0,,particle0_best_lepton,0,1,6,4
20580,C_Tbl_correct,L2_ch160:192,1,0,4.47305154800415,muon,306.8921813964844,1.0,,particle0_best_lepton,0,,16,1
20580,C_Tbl_correct,L2_ch160:192,2,1,2.124084711074829,charged_hadron,37.541751861572266,-1.0,,hardest_hadron,0,,16,1
20580,C_Tbl_correct,L2_ch160:192,3,11,1.0563231706619263,charged_hadron,10.306756973266602,1.0,,hadron_neighbor,0,,16,1
20581,C_Tbl_correct,L2_ch160:192,1,0,2.8234407901763916,muon,527.3506469726562,1.0,,particle0_best_lepton,0,,6,1
20581,C_Tbl_correct,L2_ch160:192,2,1,1.2045167684555054,charged_hadron,19.879396438598633,1.0,,hardest_hadron,0,,6,1
20581,C_Tbl_correct,L2_ch160:192,3,2,1.001198172569275,charged_hadron,18.04859733581543,-1.0,,hard_hadron,0,,6,1
20582,C_Tbl_correct,L2_ch160:192,1,0,5.889969825744629,muon,115.60763549804688,1.0,,particle0_best_lepton,0,,13,1
20582,C_Tbl_correct,L2_ch160:192,2,10,1.401560664176941,charged_hadron,11.964613914489746,1.0,,hadron_neighbor,0,,13,1
20582,C_Tbl_correct,L2_ch160:192,3,6,0.7970606088638306,charged_hadron,22.72209930419922,1.0,,hard_hadron,0,,13,1
20583,C_Tbl_correct,L2_ch160:192,1,5,6.749895095825195,electron,29.56871795654297,-1.0,,best_lepton,5,12,8,0
20583,C_Tbl_correct,L2_ch160:192,2,1,0.9530010223388672,photon,57.4644660949707,0.0,,photon_neighbor,5,12,8,0
20583,C_Tbl_correct,L2_ch160:192,3,29,0.7847243547439575,charged_hadron,3.383514404296875,1.0,,hadron_neighbor,5,12,8,0
20584,C_Tbl_correct,L2_ch160:192,1,0,4.540444850921631,muon,263.82421875,-1.0,,particle0_best_lepton,0,,24,1
20584,C_Tbl_correct,L2_ch160:192,2,24,1.5447709560394287,neutral_hadron,2.844465970993042,0.0,,nearest_hadron_to_best_lepton,0,,24,1
20584,C_Tbl_correct,L2_ch160:192,3,16,0.7726077437400818,neutral_hadron,8.294316291809082,0.0,,hadron_neighbor,0,,24,1
20585,C_Tbl_correct,L2_ch160:192,1,0,6.004216194152832,electron,146.78408813476562,1.0,,particle0_best_lepton,0,37,18,1
20585,C_Tbl_correct,L2_ch160:192,2,33,1.0364105701446533,photon,3.072678327560425,0.0,,photon_neighbor,0,37,18,1
20585,C_Tbl_correct,L2_ch160:192,3,30,0.6487947106361389,photon,3.480074405670166,0.0,,photon_neighbor,0,37,18,1
20586,C_Tbl_correct,L2_ch160:192,1,0,3.7137115001678467,muon,338.5196533203125,-1.0,,particle0_best_lepton,0,,8,1
20586,C_Tbl_correct,L2_ch160:192,2,9,2.2341718673706055,charged_hadron,3.79604172706604,1.0,,hadron_neighbor,0,,8,1
20586,C_Tbl_correct,L2_ch160:192,3,12,1.5149714946746826,charged_hadron,1.594230055809021,-1.0,,hadron_neighbor,0,,8,1
20587,C_Tbl_correct,L2_ch160:192,1,0,5.194849967956543,muon,297.96087646484375,-1.0,,particle0_best_lepton,0,,21,1
20587,C_Tbl_correct,L2_ch160:192,2,2,1.3443721532821655,charged_hadron,16.33470916748047,1.0,,hard_hadron,0,,21,1
20587,C_Tbl_correct,L2_ch160:192,3,3,1.264845848083496,photon,14.49633502960205,0.0,,photon_neighbor,0,,21,1
20588,C_Tbl_correct,L2_ch160:192,1,0,4.825525283813477,muon,285.677490234375,1.0,,particle0_best_lepton,0,1,8,2
20588,C_Tbl_correct,L2_ch160:192,2,1,1.2282216548919678,electron,62.57266616821289,-1.0,,second_lepton,0,1,8,2
20588,C_Tbl_correct,L2_ch160:192,3,12,0.9863334894180298,charged_hadron,3.7469727993011475,-1.0,,hadron_neighbor,0,1,8,2
20589,C_Tbl_correct,L2_ch160:192,1,0,2.348201036453247,electron,465.556396484375,-1.0,,particle0_best_lepton,0,,8,2
20589,C_Tbl_correct,L2_ch160:192,2,1,2.308030843734741,photon,40.872249603271484,0.0,,photon_neighbor,0,,8,2
20589,C_Tbl_correct,L2_ch160:192,3,2,0.8620986938476562,charged_hadron,15.691710472106934,1.0,,hardest_hadron,0,,8,2
20590,C_Tbl_correct,L2_ch160:192,1,11,2.697422981262207,charged_hadron,2.3019134998321533,1.0,,hadron_neighbor,0,5,10,1
20590,C_Tbl_correct,L2_ch160:192,2,10,1.9689338207244873,charged_hadron,6.120718955993652,-1.0,,nearest_hadron_to_best_lepton,0,5,10,1
20590,C_Tbl_correct,L2_ch160:192,3,0,1.735110878944397,electron,184.82643127441406,1.0,,particle0_best_lepton,0,5,10,1
20591,C_Tbl_correct,L2_ch160:192,1,0,2.597477436065674,muon,117.23506164550781,1.0,,particle0_best_lepton,0,,2,1
20591,C_Tbl_correct,L2_ch160:192,2,16,0.6466655731201172,charged_hadron,6.688852310180664,-1.0,,hadron_neighbor,0,,2,1
20591,C_Tbl_correct,L2_ch160:192,3,2,0.17952758073806763,neutral_hadron,55.93961715698242,0.0,,nearest_hadron_to_best_lepton,0,,2,1
20592,C_Tbl_correct,L2_ch160:192,1,0,4.055000305175781,muon,404.8398132324219,-1.0,,particle0_best_lepton,0,,9,2
20592,C_Tbl_correct,L2_ch160:192,2,13,1.6238436698913574,charged_hadron,3.7483301162719727,-1.0,,hadron_neighbor,0,,9,2
20592,C_Tbl_correct,L2_ch160:192,3,9,0.9565613269805908,charged_hadron,7.800020694732666,1.0,,nearest_hadron_to_best_lepton,0,,9,2
20593,C_Tbl_correct,L2_ch160:192,1,0,5.161266326904297,electron,136.8867950439453,1.0,,particle0_best_lepton,0,1,6,2
20593,C_Tbl_correct,L2_ch160:192,2,16,1.7846591472625732,charged_hadron,1.1909910440444946,-1.0,,hadron_neighbor,0,1,6,2
20593,C_Tbl_correct,L2_ch160:192,3,15,1.279172658920288,charged_hadron,1.4016661643981934,-1.0,,hadron_neighbor,0,1,6,2
20594,C_Tbl_correct,L2_ch160:192,1,0,4.76397180557251,muon,321.0677185058594,1.0,,particle0_best_lepton,0,1,15,2
20594,C_Tbl_correct,L2_ch160:192,2,1,3.145651340484619,electron,90.09862518310547,-1.0,,second_lepton,0,1,15,2
20594,C_Tbl_correct,L2_ch160:192,3,6,0.9852705001831055,photon,8.84512996673584,0.0,,photon_neighbor,0,1,15,2
20595,C_Tbl_correct,L2_ch160:192,1,0,2.588958978652954,muon,209.73171997070312,-1.0,,particle0_best_lepton,0,,5,1
20595,C_Tbl_correct,L2_ch160:192,2,10,0.3591180443763733,neutral_hadron,8.699899673461914,0.0,,hard_hadron,0,,5,1
20595,C_Tbl_correct,L2_ch160:192,3,12,0.31444117426872253,charged_hadron,4.173468112945557,1.0,,hadron_neighbor,0,,5,1
20596,C_Tbl_correct,L2_ch160:192,1,0,1.186822533607483,electron,222.81263732910156,1.0,,particle0_best_lepton,0,,2,1
20596,C_Tbl_correct,L2_ch160:192,2,7,0.8769865036010742,photon,9.912431716918945,0.0,,photon_neighbor,0,,2,1
20596,C_Tbl_correct,L2_ch160:192,3,9,0.5421953201293945,charged_hadron,7.690176010131836,-1.0,,hadron_neighbor,0,,2,1
20597,C_Tbl_correct,L2_ch160:192,1,0,4.228963375091553,muon,274.876953125,1.0,,particle0_best_lepton,0,,12,1
20597,C_Tbl_correct,L2_ch160:192,2,12,1.6098759174346924,neutral_hadron,2.084643840789795,0.0,,nearest_hadron_to_best_lepton,0,,12,1
20597,C_Tbl_correct,L2_ch160:192,3,6,1.4791204929351807,charged_hadron,8.132370948791504,1.0,,hadron_neighbor,0,,12,1
20598,C_Tbl_correct,L2_ch160:192,1,15,3.494969367980957,muon,7.408359527587891,-1.0,,best_lepton,15,,20,0
20598,C_Tbl_correct,L2_ch160:192,2,2,3.13927960395813,photon,57.46634292602539,0.0,,photon_neighbor,15,,20,0
20598,C_Tbl_correct,L2_ch160:192,3,26,0.8327610492706299,photon,2.160832643508911,0.0,,photon_neighbor,15,,20,0
20599,C_Tbl_correct,L2_ch160:192,1,3,6.837741851806641,electron,62.5894660949707,1.0,,best_lepton,3,,12,0
20599,C_Tbl_correct,L2_ch160:192,2,25,0.3769059181213379,photon,1.3030482530593872,0.0,,photon_neighbor,3,,12,0
20599,C_Tbl_correct,L2_ch160:192,3,13,0.29674962162971497,charged_hadron,7.318234920501709,1.0,,hadron_neighbor,3,,12,0
20600,C_Tbl_correct,L2_ch160:192,1,0,3.5909252166748047,electron,270.7068786621094,1.0,,particle0_best_lepton,0,,19,2
20600,C_Tbl_correct,L2_ch160:192,2,21,1.258898138999939,charged_hadron,4.4666008949279785,-1.0,,hadron_neighbor,0,,19,2
20600,C_Tbl_correct,L2_ch160:192,3,23,0.8017920851707458,charged_hadron,3.7168195247650146,-1.0,,hadron_neighbor,0,,19,2
20601,C_Tbl_correct,L2_ch160:192,1,0,2.6761603355407715,muon,177.98426818847656,-1.0,,particle0_best_lepton,0,1,6,3
20601,C_Tbl_correct,L2_ch160:192,2,1,1.9891357421875,electron,175.6551513671875,1.0,,second_lepton,0,1,6,3
20601,C_Tbl_correct,L2_ch160:192,3,12,1.1650617122650146,charged_hadron,2.270075559616089,-1.0,,hadron_neighbor,0,1,6,3
20602,C_Tbl_correct,L2_ch160:192,1,0,2.7185282707214355,electron,166.64041137695312,1.0,,particle0_best_lepton,0,,1,1
20602,C_Tbl_correct,L2_ch160:192,2,16,0.7228685021400452,photon,3.518768310546875,0.0,,photon_neighbor,0,,1,1
20602,C_Tbl_correct,L2_ch160:192,3,20,0.545808732509613,charged_hadron,2.4384851455688477,-1.0,,hadron_neighbor,0,,1,1
20603,C_Tbl_correct,L2_ch160:192,1,1,2.41365909576416,muon,128.0775909423828,1.0,,best_lepton,1,,14,0
20603,C_Tbl_correct,L2_ch160:192,2,15,0.5839028358459473,charged_hadron,2.8185975551605225,-1.0,,hadron_neighbor,1,,14,0
20603,C_Tbl_correct,L2_ch160:192,3,12,0.23412847518920898,charged_hadron,4.512274265289307,-1.0,,hadron_neighbor,1,,14,0
20604,C_Tbl_correct,L2_ch160:192,1,0,7.066666126251221,muon,253.394775390625,-1.0,,particle0_best_lepton,0,10,21,1
20604,C_Tbl_correct,L2_ch160:192,2,21,1.5990641117095947,charged_hadron,2.3736226558685303,1.0,,nearest_hadron_to_best_lepton,0,10,21,1
20604,C_Tbl_correct,L2_ch160:192,3,18,1.1388599872589111,neutral_hadron,3.0121095180511475,0.0,,hadron_neighbor,0,10,21,1
20605,C_Tbl_correct,L2_ch160:192,1,0,6.530640125274658,electron,284.4485778808594,1.0,,particle0_best_lepton,0,1,25,2
20605,C_Tbl_correct,L2_ch160:192,2,1,3.271972894668579,electron,116.99774932861328,-1.0,,second_lepton,0,1,25,2
20605,C_Tbl_correct,L2_ch160:192,3,25,1.4233765602111816,neutral_hadron,2.211772918701172,0.0,,nearest_hadron_to_best_lepton,0,1,25,2
20606,C_Tbl_correct,L2_ch160:192,1,0,3.8438823223114014,muon,313.43994140625,1.0,,particle0_best_lepton,0,,11,2
20606,C_Tbl_correct,L2_ch160:192,2,15,1.6942241191864014,charged_hadron,3.5784919261932373,-1.0,,hadron_neighbor,0,,11,2
20606,C_Tbl_correct,L2_ch160:192,3,5,1.3782670497894287,photon,22.06195068359375,0.0,,photon_neighbor,0,,11,2
20607,C_Tbl_correct,L2_ch160:192,1,0,2.1292483806610107,muon,162.9166717529297,-1.0,,particle0_best_lepton,0,,15,3
20607,C_Tbl_correct,L2_ch160:192,2,11,0.9407391548156738,charged_hadron,8.147677421569824,1.0,,hadron_neighbor,0,,15,3
20607,C_Tbl_correct,L2_ch160:192,3,15,0.8784258365631104,neutral_hadron,3.273479700088501,0.0,,nearest_hadron_to_best_lepton,0,,15,3
20608,C_Tbl_correct,L2_ch160:192,1,0,4.8940324783325195,muon,212.31520080566406,1.0,,particle0_best_lepton,0,,29,2
20608,C_Tbl_correct,L2_ch160:192,2,8,2.6011180877685547,charged_hadron,25.52908706665039,1.0,,hard_hadron,0,,29,2
20608,C_Tbl_correct,L2_ch160:192,3,10,1.6665488481521606,charged_hadron,19.08244514465332,-1.0,,hard_hadron,0,,29,2
20609,C_Tbl_correct,L2_ch160:192,1,0,1.7315080165863037,electron,185.50094604492188,1.0,,particle0_best_lepton,0,,11,1
20609,C_Tbl_correct,L2_ch160:192,2,13,1.701891303062439,charged_hadron,3.100626230239868,-1.0,,hadron_neighbor,0,,11,1
20609,C_Tbl_correct,L2_ch160:192,3,8,0.9822157621383667,charged_hadron,19.494794845581055,1.0,,hadron_neighbor,0,,11,1
20610,C_Tbl_correct,L2_ch160:192,1,0,5.672064304351807,electron,416.38470458984375,-1.0,,particle0_best_lepton,0,1,4,2
20610,C_Tbl_correct,L2_ch160:192,2,2,1.0806680917739868,charged_hadron,23.027128219604492,1.0,,hardest_hadron,0,1,4,2
20610,C_Tbl_correct,L2_ch160:192,3,3,0.8042275905609131,charged_hadron,17.010597229003906,1.0,,hard_hadron,0,1,4,2
12308,A_protected_highiso,L2_ch224:256,1,0,4.28593111038208,electron,210.91549682617188,-1.0,,particle0_best_lepton,0,,27,3
12308,A_protected_highiso,L2_ch224:256,2,1,1.5595711469650269,photon,54.71369552612305,0.0,,photon_neighbor,0,,27,3
12308,A_protected_highiso,L2_ch224:256,3,12,1.0396629571914673,charged_hadron,8.510248184204102,-1.0,,hard_hadron,0,,27,3
12358,A_protected_highiso,L2_ch224:256,1,0,4.3886871337890625,electron,229.01434326171875,-1.0,,particle0_best_lepton,0,,35,2
12358,A_protected_highiso,L2_ch224:256,2,1,1.6957794427871704,photon,70.61795806884766,0.0,,photon_neighbor,0,,35,2
12358,A_protected_highiso,L2_ch224:256,3,14,1.1802632808685303,charged_hadron,7.968670845031738,-1.0,,hadron_neighbor,0,,35,2
12438,A_protected_highiso,L2_ch224:256,1,0,3.939526319503784,muon,169.7151641845703,1.0,,particle0_best_lepton,0,,31,1
12438,A_protected_highiso,L2_ch224:256,2,1,2.584104537963867,neutral_hadron,96.88123321533203,0.0,,hardest_hadron,0,,31,1
12438,A_protected_highiso,L2_ch224:256,3,6,0.9692947268486023,charged_hadron,11.78877067565918,1.0,,hard_hadron,0,,31,1
12442,A_protected_highiso,L2_ch224:256,1,0,1.8846849203109741,muon,116.57672119140625,-1.0,,particle0_best_lepton,0,49,44,1
12442,A_protected_highiso,L2_ch224:256,2,1,1.447605848312378,charged_hadron,115.92982482910156,-1.0,,hardest_hadron,0,49,44,1
12442,A_protected_highiso,L2_ch224:256,3,3,1.2835843563079834,charged_hadron,81.51412963867188,1.0,,hard_hadron,0,49,44,1
12509,A_protected_highiso,L2_ch224:256,1,0,3.9319026470184326,electron,191.98472595214844,-1.0,,particle0_best_lepton,0,25,11,2
12509,A_protected_highiso,L2_ch224:256,2,2,0.8393097519874573,charged_hadron,57.196895599365234,1.0,,hardest_hadron,0,25,11,2
12509,A_protected_highiso,L2_ch224:256,3,1,0.8333301544189453,photon,63.73814392089844,0.0,,photon_neighbor,0,25,11,2
12592,A_protected_highiso,L2_ch224:256,1,0,4.9243316650390625,electron,318.6606750488281,-1.0,,particle0_best_lepton,0,,25,2
12592,A_protected_highiso,L2_ch224:256,2,3,1.0634515285491943,charged_hadron,33.87440872192383,1.0,,hard_hadron,0,,25,2
12592,A_protected_highiso,L2_ch224:256,3,2,1.0349377393722534,charged_hadron,40.69743728637695,-1.0,,hardest_hadron,0,,25,2
12784,A_protected_highiso,L2_ch224:256,1,0,7.017734527587891,muon,490.37921142578125,1.0,,particle0_best_lepton,0,,13,1
12784,A_protected_highiso,L2_ch224:256,2,2,0.892048180103302,charged_hadron,31.80470085144043,-1.0,,hard_hadron,0,,13,1
12784,A_protected_highiso,L2_ch224:256,3,9,0.6161354780197144,charged_hadron,8.107487678527832,1.0,,hadron_neighbor,0,,13,1
13089,A_protected_highiso,L2_ch224:256,1,0,2.8867340087890625,charged_hadron,222.8564453125,1.0,,particle0,1,,45,0
13089,A_protected_highiso,L2_ch224:256,2,1,2.375732898712158,muon,130.16632080078125,-1.0,,best_lepton,1,,45,0
13089,A_protected_highiso,L2_ch224:256,3,2,1.251235842704773,charged_hadron,61.01390838623047,-1.0,,hard_hadron,1,,45,0
13279,A_protected_highiso,L2_ch224:256,1,0,5.072177410125732,muon,236.35154724121094,1.0,,particle0_best_lepton,0,,15,1
13279,A_protected_highiso,L2_ch224:256,2,2,0.7391542196273804,charged_hadron,21.999059677124023,1.0,,hard_hadron,0,,15,1
13279,A_protected_highiso,L2_ch224:256,3,3,0.6654196381568909,charged_hadron,20.508438110351562,-1.0,,hard_hadron,0,,15,1
13374,A_protected_highiso,L2_ch224:256,1,0,7.262666702270508,electron,354.0111389160156,-1.0,,particle0_best_lepton,0,,20,2
13374,A_protected_highiso,L2_ch224:256,2,2,1.5729435682296753,charged_hadron,13.307259559631348,1.0,,hardest_hadron,0,,20,2
13374,A_protected_highiso,L2_ch224:256,3,5,0.6755056977272034,charged_hadron,9.894701957702637,-1.0,,hard_hadron,0,,20,2
13400,A_protected_highiso,L2_ch224:256,1,0,4.920829772949219,electron,336.1107177734375,1.0,,particle0_best_lepton,0,,36,1
13400,A_protected_highiso,L2_ch224:256,2,1,1.3395495414733887,charged_hadron,81.31978607177734,-1.0,,hardest_hadron,0,,36,1
13400,A_protected_highiso,L2_ch224:256,3,10,0.7976473569869995,charged_hadron,8.13082504272461,1.0,,hard_hadron,0,,36,1
13529,A_protected_highiso,L2_ch224:256,1,0,5.633079528808594,muon,326.5039978027344,1.0,,particle0_best_lepton,0,,9,2
13529,A_protected_highiso,L2_ch224:256,2,1,2.5503921508789062,photon,49.04374313354492,0.0,,photon_neighbor,0,,9,2
13529,A_protected_highiso,L2_ch224:256,3,10,1.1673953533172607,photon,8.01158332824707,0.0,,photon_neighbor,0,,9,2
13897,A_protected_highiso,L2_ch224:256,1,0,4.867142200469971,muon,457.5880126953125,1.0,,particle0_best_lepton,0,,14,2
13897,A_protected_highiso,L2_ch224:256,2,1,0.9168912172317505,photon,108.99365234375,0.0,,photon_neighbor,0,,14,2
13897,A_protected_highiso,L2_ch224:256,3,2,0.7415929436683655,charged_hadron,60.254791259765625,-1.0,,hardest_hadron,0,,14,2
14139,A_protected_highiso,L2_ch224:256,1,0,5.550528526306152,muon,359.5831604003906,1.0,,particle0_best_lepton,0,,14,1
14139,A_protected_highiso,L2_ch224:256,2,2,1.3468133211135864,charged_hadron,30.984230041503906,-1.0,,hard_hadron,0,,14,1
14139,A_protected_highiso,L2_ch224:256,3,10,0.6025373339653015,charged_hadron,12.881010055541992,1.0,,hard_hadron,0,,14,1
14355,A_protected_highiso,L2_ch224:256,1,0,5.1790056228637695,electron,355.94677734375,1.0,,particle0_best_lepton,0,,25,1
14355,A_protected_highiso,L2_ch224:256,2,7,1.525734543800354,charged_hadron,13.976323127746582,-1.0,,hard_hadron,0,,25,1
14355,A_protected_highiso,L2_ch224:256,3,32,0.8253647089004517,photon,2.985515832901001,0.0,,photon_neighbor,0,,25,1
14381,A_protected_highiso,L2_ch224:256,1,0,5.861489772796631,muon,300.2547912597656,1.0,,particle0_best_lepton,0,,26,1
14381,A_protected_highiso,L2_ch224:256,2,1,0.8906933069229126,charged_hadron,48.02571105957031,1.0,,hardest_hadron,0,,26,1
14381,A_protected_highiso,L2_ch224:256,3,3,0.5935221314430237,charged_hadron,16.53639030456543,-1.0,,hard_hadron,0,,26,1
14596,A_protected_highiso,L2_ch224:256,1,0,2.5719995498657227,electron,113.05442810058594,-1.0,,particle0_best_lepton,0,37,20,1
14596,A_protected_highiso,L2_ch224:256,2,1,2.4987478256225586,neutral_hadron,103.99747467041016,0.0,,hardest_hadron,0,37,20,1
14596,A_protected_highiso,L2_ch224:256,3,2,2.2481606006622314,charged_hadron,58.74953079223633,1.0,,hard_hadron,0,37,20,1
14600,A_protected_highiso,L2_ch224:256,1,0,4.661874771118164,muon,258.7874755859375,-1.0,,particle0_best_lepton,0,,12,2
14600,A_protected_highiso,L2_ch224:256,2,3,1.3463042974472046,photon,43.771644592285156,0.0,,photon_neighbor,0,,12,2
14600,A_protected_highiso,L2_ch224:256,3,1,1.0807397365570068,photon,106.86139678955078,0.0,,photon_neighbor,0,,12,2
14625,A_protected_highiso,L2_ch224:256,1,0,2.8874120712280273,electron,105.97429656982422,1.0,,particle0_best_lepton,0,10,44,1
14625,A_protected_highiso,L2_ch224:256,2,1,1.2392014265060425,charged_hadron,57.44641876220703,1.0,,hardest_hadron,0,10,44,1
14625,A_protected_highiso,L2_ch224:256,3,2,1.1157857179641724,charged_hadron,49.45977783203125,-1.0,,hard_hadron,0,10,44,1
14742,A_protected_highiso,L2_ch224:256,1,0,5.015860080718994,electron,315.2446594238281,1.0,,particle0_best_lepton,0,,16,1
14742,A_protected_highiso,L2_ch224:256,2,1,1.4845781326293945,charged_hadron,73.39140319824219,-1.0,,hardest_hadron,0,,16,1
14742,A_protected_highiso,L2_ch224:256,3,3,0.9862132668495178,charged_hadron,30.161989212036133,-1.0,,hard_hadron,0,,16,1
14991,A_protected_highiso,L2_ch224:256,1,0,2.642922878265381,muon,142.14076232910156,-1.0,,particle0_best_lepton,0,,42,1
14991,A_protected_highiso,L2_ch224:256,2,2,1.0764321088790894,photon,39.003658294677734,0.0,,photon_neighbor,0,,42,1
14991,A_protected_highiso,L2_ch224:256,3,5,0.9844628572463989,charged_hadron,23.168031692504883,1.0,,hard_hadron,0,,42,1
14999,A_protected_highiso,L2_ch224:256,1,1,2.600344657897949,neutral_hadron,157.8699493408203,0.0,,hardest_hadron,0,,21,1
14999,A_protected_highiso,L2_ch224:256,2,0,2.559216022491455,muon,185.35040283203125,1.0,,particle0_best_lepton,0,,21,1
14999,A_protected_highiso,L2_ch224:256,3,2,1.1272865533828735,charged_hadron,53.281959533691406,1.0,,hard_hadron,0,,21,1
15006,A_protected_highiso,L2_ch224:256,1,0,4.231729507446289,electron,254.96595764160156,-1.0,,particle0_best_lepton,0,,12,1
15006,A_protected_highiso,L2_ch224:256,2,1,2.4553322792053223,charged_hadron,129.26129150390625,-1.0,,hardest_hadron,0,,12,1
15006,A_protected_highiso,L2_ch224:256,3,4,2.189847946166992,charged_hadron,30.37660789489746,1.0,,hard_hadron,0,,12,1
15112,A_protected_highiso,L2_ch224:256,1,0,5.002196788787842,electron,273.059814453125,-1.0,,particle0_best_lepton,0,,17,1
15112,A_protected_highiso,L2_ch224:256,2,1,1.1354680061340332,charged_hadron,49.0235595703125,1.0,,hardest_hadron,0,,17,1
15112,A_protected_highiso,L2_ch224:256,3,2,0.7562094330787659,neutral_hadron,35.64738845825195,0.0,,hard_hadron,0,,17,1
15233,A_protected_highiso,L2_ch224:256,1,0,5.444396495819092,electron,246.3203582763672,1.0,,particle0_best_lepton,0,,9,1
15233,A_protected_highiso,L2_ch224:256,2,18,1.6566803455352783,charged_hadron,5.896407604217529,1.0,,hadron_neighbor,0,,9,1
15233,A_protected_highiso,L2_ch224:256,3,15,1.3930011987686157,photon,6.222963333129883,0.0,,photon_neighbor,0,,9,1
15292,A_protected_highiso,L2_ch224:256,1,0,2.3517158031463623,muon,192.9404296875,-1.0,,particle0_best_lepton,0,,26,1
15292,A_protected_highiso,L2_ch224:256,2,6,1.7906718254089355,charged_hadron,40.96134948730469,1.0,,hard_hadron,0,,26,1
15292,A_protected_highiso,L2_ch224:256,3,8,1.5655710697174072,charged_hadron,29.39792823791504,-1.0,,hard_hadron,0,,26,1
15512,A_protected_highiso,L2_ch224:256,1,0,3.852722406387329,muon,232.9764404296875,-1.0,,particle0_best_lepton,0,,16,3
15512,A_protected_highiso,L2_ch224:256,2,1,1.4511847496032715,photon,77.5498275756836,0.0,,photon_neighbor,0,,16,3
15512,A_protected_highiso,L2_ch224:256,3,2,1.4462624788284302,photon,49.91353225708008,0.0,,photon_neighbor,0,,16,3
15540,A_protected_highiso,L2_ch224:256,1,0,5.649014949798584,muon,272.0929260253906,1.0,,particle0_best_lepton,0,,3,2
15540,A_protected_highiso,L2_ch224:256,2,1,1.142017126083374,photon,34.17088317871094,0.0,,photon_neighbor,0,,3,2
15540,A_protected_highiso,L2_ch224:256,3,25,0.9516086578369141,neutral_hadron,3.1866631507873535,0.0,,hadron_neighbor,0,,3,2
15590,A_protected_highiso,L2_ch224:256,1,0,6.2265400886535645,muon,301.4415283203125,1.0,,particle0_best_lepton,0,2,19,1
15590,A_protected_highiso,L2_ch224:256,2,1,1.3013741970062256,charged_hadron,49.62342071533203,-1.0,,hardest_hadron,0,2,19,1
15590,A_protected_highiso,L2_ch224:256,3,2,0.7426697611808777,muon,19.118396759033203,-1.0,,second_lepton,0,2,19,1
15684,A_protected_highiso,L2_ch224:256,1,0,6.027958393096924,electron,300.70977783203125,1.0,,particle0_best_lepton,0,,11,1
15684,A_protected_highiso,L2_ch224:256,2,4,1.593109130859375,neutral_hadron,11.637822151184082,0.0,,hard_hadron,0,,11,1
15684,A_protected_highiso,L2_ch224:256,3,10,0.8769112825393677,charged_hadron,7.447812557220459,1.0,,hard_hadron,0,,11,1
15800,A_protected_highiso,L2_ch224:256,1,0,5.591935634613037,electron,346.1005859375,1.0,,particle0_best_lepton,0,,8,1
15800,A_protected_highiso,L2_ch224:256,2,3,0.6647109985351562,neutral_hadron,16.067974090576172,0.0,,hard_hadron,0,,8,1
15800,A_protected_highiso,L2_ch224:256,3,5,0.6261000633239746,photon,13.321370124816895,0.0,,photon_neighbor,0,,8,1
16360,A_protected_highiso,L2_ch224:256,1,0,5.817235946655273,muon,376.0852355957031,-1.0,,particle0_best_lepton,0,,12,4
16360,A_protected_highiso,L2_ch224:256,2,1,1.7192258834838867,photon,62.73597717285156,0.0,,photon_neighbor,0,,12,4
16360,A_protected_highiso,L2_ch224:256,3,4,0.828652024269104,charged_hadron,19.64999771118164,1.0,,hardest_hadron,0,,12,4
12649,B_confused_highiso,L2_ch224:256,1,0,4.599323749542236,muon,316.7471008300781,-1.0,,particle0_best_lepton,0,47,22,1
12649,B_confused_highiso,L2_ch224:256,2,29,0.9282262325286865,charged_hadron,5.888757705688477,-1.0,,hadron_neighbor,0,47,22,1
12649,B_confused_highiso,L2_ch224:256,3,47,0.8038334250450134,muon,3.025986909866333,1.0,,second_lepton,0,47,22,1
12982,B_confused_highiso,L2_ch224:256,1,0,4.600391387939453,electron,225.74807739257812,-1.0,,particle0_best_lepton,0,,15,1
12982,B_confused_highiso,L2_ch224:256,2,1,0.7805570363998413,charged_hadron,33.98439025878906,1.0,,hardest_hadron,0,,15,1
12982,B_confused_highiso,L2_ch224:256,3,2,0.7291831374168396,charged_hadron,29.458635330200195,-1.0,,hard_hadron,0,,15,1
13045,B_confused_highiso,L2_ch224:256,1,0,6.430154323577881,electron,331.1594543457031,-1.0,,particle0_best_lepton,0,2,15,1
13045,B_confused_highiso,L2_ch224:256,2,2,1.1585153341293335,muon,20.822223663330078,-1.0,,second_lepton,0,2,15,1
13045,B_confused_highiso,L2_ch224:256,3,1,1.0261623859405518,charged_hadron,30.480703353881836,1.0,,hardest_hadron,0,2,15,1
13583,B_confused_highiso,L2_ch224:256,1,0,7.562329292297363,electron,444.0295715332031,1.0,,particle0_best_lepton,0,14,4,2
13583,B_confused_highiso,L2_ch224:256,2,19,1.5178691148757935,charged_hadron,5.093360900878906,1.0,,hadron_neighbor,0,14,4,2
13583,B_confused_highiso,L2_ch224:256,3,30,1.4316262006759644,electron,2.350341796875,-1.0,,other_lepton,0,14,4,2
13787,B_confused_highiso,L2_ch224:256,1,0,4.2221198081970215,electron,226.40545654296875,-1.0,,particle0_best_lepton,0,,19,1
13787,B_confused_highiso,L2_ch224:256,2,1,1.1078321933746338,neutral_hadron,46.41997528076172,0.0,,hardest_hadron,0,,19,1
13787,B_confused_highiso,L2_ch224:256,3,3,0.6192052960395813,photon,21.94157600402832,0.0,,photon_neighbor,0,,19,1
13997,B_confused_highiso,L2_ch224:256,1,0,4.53106164932251,muon,247.4871368408203,-1.0,,particle0_best_lepton,0,,18,1
13997,B_confused_highiso,L2_ch224:256,2,7,0.689441978931427,charged_hadron,14.401453971862793,1.0,,hard_hadron,0,,18,1
13997,B_confused_highiso,L2_ch224:256,3,2,0.5711949467658997,charged_hadron,34.337074279785156,1.0,,hard_hadron,0,,18,1
14711,B_confused_highiso,L2_ch224:256,1,0,3.2414369583129883,muon,132.4909210205078,1.0,,particle0_best_lepton,0,66,45,1
14711,B_confused_highiso,L2_ch224:256,2,1,1.0581512451171875,charged_hadron,40.551177978515625,-1.0,,hardest_hadron,0,66,45,1
14711,B_confused_highiso,L2_ch224:256,3,2,0.8695757985115051,charged_hadron,23.46636962890625,-1.0,,hard_hadron,0,66,45,1
15288,B_confused_highiso,L2_ch224:256,1,0,7.649717330932617,electron,429.5041198730469,-1.0,,particle0_best_lepton,0,,31,1
15288,B_confused_highiso,L2_ch224:256,2,14,0.8428762555122375,charged_hadron,3.993011951446533,1.0,,hadron_neighbor,0,,31,1
15288,B_confused_highiso,L2_ch224:256,3,12,0.790036678314209,photon,4.601827621459961,0.0,,photon_neighbor,0,,31,1
15528,B_confused_highiso,L2_ch224:256,1,0,8.482603073120117,photon,468.97296142578125,0.0,,particle0,3,15,33,1
15528,B_confused_highiso,L2_ch224:256,2,3,2.496507406234741,electron,23.16946792602539,-1.0,,best_lepton,3,15,33,1
15528,B_confused_highiso,L2_ch224:256,3,31,0.988813042640686,photon,3.2686235904693604,0.0,,photon_neighbor,3,15,33,1
15658,B_confused_highiso,L2_ch224:256,1,0,2.1201303005218506,electron,94.5487289428711,1.0,,particle0_best_lepton,0,5,43,1
15658,B_confused_highiso,L2_ch224:256,2,5,1.3520116806030273,muon,16.095420837402344,-1.0,,second_lepton,0,5,43,1
15658,B_confused_highiso,L2_ch224:256,3,2,1.1253291368484497,charged_hadron,22.265399932861328,-1.0,,hard_hadron,0,5,43,1
15893,B_confused_highiso,L2_ch224:256,1,0,4.326593399047852,electron,297.3345947265625,-1.0,,particle0_best_lepton,0,,24,1
15893,B_confused_highiso,L2_ch224:256,2,1,0.9972221255302429,neutral_hadron,44.19089889526367,0.0,,hardest_hadron,0,,24,1
15893,B_confused_highiso,L2_ch224:256,3,23,0.9759804606437683,charged_hadron,5.147664546966553,1.0,,hadron_neighbor,0,,24,1
20480,C_Tbl_correct,L2_ch224:256,1,0,4.028390884399414,muon,186.00991821289062,-1.0,,particle0_best_lepton,0,,11,1
20480,C_Tbl_correct,L2_ch224:256,2,1,1.4626201391220093,charged_hadron,92.15662384033203,1.0,,hardest_hadron,0,,11,1
20480,C_Tbl_correct,L2_ch224:256,3,2,1.1009291410446167,photon,78.699462890625,0.0,,photon_neighbor,0,,11,1
20481,C_Tbl_correct,L2_ch224:256,1,0,6.532708644866943,muon,498.7115783691406,1.0,,particle0_best_lepton,0,1,19,2
20481,C_Tbl_correct,L2_ch224:256,2,1,1.3058558702468872,muon,81.7923355102539,-1.0,,second_lepton,0,1,19,2
20481,C_Tbl_correct,L2_ch224:256,3,8,0.5010806918144226,neutral_hadron,10.979081153869629,0.0,,hard_hadron,0,1,19,2
20482,C_Tbl_correct,L2_ch224:256,1,0,3.1267991065979004,muon,123.67266082763672,-1.0,,particle0_best_lepton,0,2,5,1
20482,C_Tbl_correct,L2_ch224:256,2,1,2.202354669570923,neutral_hadron,85.6462173461914,0.0,,hardest_hadron,0,2,5,1
20482,C_Tbl_correct,L2_ch224:256,3,2,1.9757649898529053,muon,85.50410461425781,-1.0,,second_lepton,0,2,5,1
20483,C_Tbl_correct,L2_ch224:256,1,0,8.63597297668457,muon,391.753173828125,1.0,,particle0_best_lepton,0,,16,1
20483,C_Tbl_correct,L2_ch224:256,2,2,0.7583584785461426,charged_hadron,11.75539493560791,1.0,,hard_hadron,0,,16,1
20483,C_Tbl_correct,L2_ch224:256,3,15,0.39090681076049805,charged_hadron,3.157111167907715,-1.0,,hadron_neighbor,0,,16,1
20484,C_Tbl_correct,L2_ch224:256,1,0,2.2034709453582764,electron,107.00715637207031,1.0,,particle0_best_lepton,0,3,11,4
20484,C_Tbl_correct,L2_ch224:256,2,1,1.4526687860488892,photon,70.35770416259766,0.0,,photon_neighbor,0,3,11,4
20484,C_Tbl_correct,L2_ch224:256,3,39,1.3518599271774292,photon,1.4604092836380005,0.0,,photon_neighbor,0,3,11,4
20485,C_Tbl_correct,L2_ch224:256,1,0,2.3356480598449707,electron,118.92376708984375,1.0,,particle0_best_lepton,0,6,15,1
20485,C_Tbl_correct,L2_ch224:256,2,3,2.0566484928131104,neutral_hadron,67.54169464111328,0.0,,hard_hadron,0,6,15,1
20485,C_Tbl_correct,L2_ch224:256,3,1,1.7719471454620361,charged_hadron,85.56236267089844,-1.0,,hardest_hadron,0,6,15,1
20486,C_Tbl_correct,L2_ch224:256,1,0,3.1598494052886963,neutral_hadron,149.88633728027344,0.0,,particle0,1,,15,0
20486,C_Tbl_correct,L2_ch224:256,2,1,1.799436092376709,muon,79.0703353881836,1.0,,best_lepton,1,,15,0
20486,C_Tbl_correct,L2_ch224:256,3,2,1.28298819065094,neutral_hadron,36.874393463134766,0.0,,hard_hadron,1,,15,0
20487,C_Tbl_correct,L2_ch224:256,1,0,7.426281929016113,muon,330.2943420410156,-1.0,,particle0_best_lepton,0,4,19,1
20487,C_Tbl_correct,L2_ch224:256,2,26,1.3762309551239014,charged_hadron,2.6422321796417236,1.0,,hadron_neighbor,0,4,19,1
20487,C_Tbl_correct,L2_ch224:256,3,1,0.4785022437572479,charged_hadron,31.59897804260254,1.0,,hardest_hadron,0,4,19,1
20488,C_Tbl_correct,L2_ch224:256,1,0,2.3888344764709473,muon,114.84968566894531,1.0,,particle0_best_lepton,0,,19,1
20488,C_Tbl_correct,L2_ch224:256,2,1,1.780956745147705,charged_hadron,66.90687561035156,-1.0,,hardest_hadron,0,,19,1
20488,C_Tbl_correct,L2_ch224:256,3,2,1.6220132112503052,charged_hadron,56.7940673828125,1.0,,hard_hadron,0,,19,1
20489,C_Tbl_correct,L2_ch224:256,1,0,5.191534996032715,electron,267.3357238769531,1.0,,particle0_best_lepton,0,2,14,1
20489,C_Tbl_correct,L2_ch224:256,2,2,1.1030946969985962,muon,39.83409881591797,1.0,,second_lepton,0,2,14,1
20489,C_Tbl_correct,L2_ch224:256,3,1,1.079719066619873,charged_hadron,40.295047760009766,1.0,,hardest_hadron,0,2,14,1
20490,C_Tbl_correct,L2_ch224:256,1,0,4.29107666015625,muon,222.58627319335938,1.0,,particle0_best_lepton,0,,19,1
20490,C_Tbl_correct,L2_ch224:256,2,1,1.4208847284317017,charged_hadron,52.71913528442383,1.0,,hardest_hadron,0,,19,1
20490,C_Tbl_correct,L2_ch224:256,3,2,1.0212901830673218,charged_hadron,32.12379455566406,-1.0,,hard_hadron,0,,19,1
20491,C_Tbl_correct,L2_ch224:256,1,0,7.0213799476623535,muon,564.8671875,-1.0,,particle0_best_lepton,0,,15,1
20491,C_Tbl_correct,L2_ch224:256,2,10,0.5798859596252441,charged_hadron,11.025934219360352,-1.0,,hadron_neighbor,0,,15,1
20491,C_Tbl_correct,L2_ch224:256,3,24,0.48742619156837463,neutral_hadron,3.303622245788574,0.0,,hadron_neighbor,0,,15,1
20492,C_Tbl_correct,L2_ch224:256,1,0,8.354415893554688,muon,252.05963134765625,-1.0,,particle0_best_lepton,0,,74,1
20492,C_Tbl_correct,L2_ch224:256,2,1,2.6153104305267334,charged_hadron,34.672706604003906,1.0,,hardest_hadron,0,,74,1
20492,C_Tbl_correct,L2_ch224:256,3,3,2.023005485534668,photon,30.732311248779297,0.0,,photon_neighbor,0,,74,1
20493,C_Tbl_correct,L2_ch224:256,1,0,3.9918107986450195,electron,186.51634216308594,1.0,,particle0_best_lepton,0,1,14,2
20493,C_Tbl_correct,L2_ch224:256,2,1,3.285346031188965,muon,169.77301025390625,-1.0,,second_lepton,0,1,14,2
20493,C_Tbl_correct,L2_ch224:256,3,2,1.789678692817688,charged_hadron,71.3250503540039,1.0,,hardest_hadron,0,1,14,2
20494,C_Tbl_correct,L2_ch224:256,1,0,8.515539169311523,muon,482.8270568847656,1.0,,particle0_best_lepton,0,,8,3
20494,C_Tbl_correct,L2_ch224:256,2,1,1.288756251335144,photon,80.11673736572266,0.0,,photon_neighbor,0,,8,3
20494,C_Tbl_correct,L2_ch224:256,3,19,0.666568398475647,photon,3.1214516162872314,0.0,,photon_neighbor,0,,8,3
20495,C_Tbl_correct,L2_ch224:256,1,0,4.058119297027588,neutral_hadron,267.8205261230469,0.0,,particle0,2,4,5,0
20495,C_Tbl_correct,L2_ch224:256,2,1,2.6389739513397217,charged_hadron,150.747802734375,1.0,,hard_hadron,2,4,5,0
20495,C_Tbl_correct,L2_ch224:256,3,5,1.9826570749282837,charged_hadron,17.937631607055664,-1.0,,nearest_hadron_to_best_lepton,2,4,5,0
20496,C_Tbl_correct,L2_ch224:256,1,0,7.115523338317871,electron,238.28724670410156,1.0,,particle0_best_lepton,0,,24,1
20496,C_Tbl_correct,L2_ch224:256,2,1,1.553145170211792,charged_hadron,37.772789001464844,1.0,,hardest_hadron,0,,24,1
20496,C_Tbl_correct,L2_ch224:256,3,2,0.8869572877883911,charged_hadron,17.621370315551758,1.0,,hard_hadron,0,,24,1
20497,C_Tbl_correct,L2_ch224:256,1,0,8.535673141479492,muon,332.51971435546875,1.0,,particle0_best_lepton,0,,11,1
20497,C_Tbl_correct,L2_ch224:256,2,10,1.9553072452545166,photon,4.5389227867126465,0.0,,photon_neighbor,0,,11,1
20497,C_Tbl_correct,L2_ch224:256,3,1,1.1722819805145264,charged_hadron,55.83924865722656,-1.0,,hardest_hadron,0,,11,1
20498,C_Tbl_correct,L2_ch224:256,1,1,2.116553783416748,muon,126.635009765625,-1.0,,best_lepton,1,,5,0
20498,C_Tbl_correct,L2_ch224:256,2,0,1.748640537261963,charged_hadron,133.3770751953125,-1.0,,particle0,1,,5,0
20498,C_Tbl_correct,L2_ch224:256,3,2,1.4828224182128906,charged_hadron,109.99597930908203,-1.0,,hard_hadron,1,,5,0
20499,C_Tbl_correct,L2_ch224:256,1,0,3.819505214691162,neutral_hadron,215.2129364013672,0.0,,particle0,1,,11,0
20499,C_Tbl_correct,L2_ch224:256,2,1,2.1690540313720703,electron,89.83689880371094,1.0,,best_lepton,1,,11,0
20499,C_Tbl_correct,L2_ch224:256,3,2,1.5794765949249268,charged_hadron,80.7316665649414,1.0,,hard_hadron,1,,11,0
20500,C_Tbl_correct,L2_ch224:256,1,0,8.477249145507812,electron,329.0126953125,1.0,,particle0_best_lepton,0,12,11,1
20500,C_Tbl_correct,L2_ch224:256,2,1,1.5626980066299438,charged_hadron,59.953914642333984,-1.0,,hardest_hadron,0,12,11,1
20500,C_Tbl_correct,L2_ch224:256,3,6,0.8527185320854187,charged_hadron,9.13135814666748,-1.0,,hard_hadron,0,12,11,1
20501,C_Tbl_correct,L2_ch224:256,1,0,3.585249900817871,electron,133.78932189941406,-1.0,,particle0_best_lepton,0,,19,1
20501,C_Tbl_correct,L2_ch224:256,2,1,1.5446237325668335,charged_hadron,58.57065200805664,1.0,,hardest_hadron,0,,19,1
20501,C_Tbl_correct,L2_ch224:256,3,15,1.491758942604065,charged_hadron,7.8665618896484375,-1.0,,hadron_neighbor,0,,19,1
20502,C_Tbl_correct,L2_ch224:256,1,0,6.501108646392822,muon,278.8143310546875,-1.0,,particle0_best_lepton,0,4,15,1
20502,C_Tbl_correct,L2_ch224:256,2,1,1.5016613006591797,neutral_hadron,87.70321655273438,0.0,,hardest_hadron,0,4,15,1
20502,C_Tbl_correct,L2_ch224:256,3,8,1.2386068105697632,charged_hadron,8.116941452026367,1.0,,hard_hadron,0,4,15,1
20503,C_Tbl_correct,L2_ch224:256,1,0,3.350980758666992,neutral_hadron,159.96481323242188,0.0,,particle0,4,6,15,0
20503,C_Tbl_correct,L2_ch224:256,2,1,1.7025701999664307,charged_hadron,67.96747589111328,1.0,,hard_hadron,4,6,15,0
20503,C_Tbl_correct,L2_ch224:256,3,4,1.654802680015564,electron,45.02203369140625,1.0,,best_lepton,4,6,15,0
20504,C_Tbl_correct,L2_ch224:256,1,0,3.461620330810547,neutral_hadron,149.13922119140625,0.0,,particle0,1,,20,0
20504,C_Tbl_correct,L2_ch224:256,2,1,2.1774702072143555,electron,97.75440216064453,1.0,,best_lepton,1,,20,0
20504,C_Tbl_correct,L2_ch224:256,3,2,1.6388013362884521,charged_hadron,52.97243881225586,1.0,,hard_hadron,1,,20,0
20505,C_Tbl_correct,L2_ch224:256,1,0,3.657212734222412,muon,205.1035614013672,1.0,,particle0_best_lepton,0,,9,1
20505,C_Tbl_correct,L2_ch224:256,2,1,2.210510015487671,charged_hadron,154.8529815673828,1.0,,hardest_hadron,0,,9,1
20505,C_Tbl_correct,L2_ch224:256,3,3,1.067293405532837,charged_hadron,61.59202194213867,1.0,,hard_hadron,0,,9,1
20506,C_Tbl_correct,L2_ch224:256,1,0,3.100982427597046,muon,160.51051330566406,1.0,,particle0_best_lepton,0,12,13,1
20506,C_Tbl_correct,L2_ch224:256,2,1,2.1067142486572266,charged_hadron,113.59331512451172,1.0,,hardest_hadron,0,12,13,1
20506,C_Tbl_correct,L2_ch224:256,3,2,1.5722675323486328,charged_hadron,62.76275634765625,-1.0,,hard_hadron,0,12,13,1
20507,C_Tbl_correct,L2_ch224:256,1,0,2.876816987991333,muon,138.9788360595703,1.0,,particle0_best_lepton,0,1,34,2
20507,C_Tbl_correct,L2_ch224:256,2,1,2.1108295917510986,electron,100.99051666259766,1.0,,second_lepton,0,1,34,2
20507,C_Tbl_correct,L2_ch224:256,3,2,1.8277158737182617,charged_hadron,68.03162384033203,-1.0,,hardest_hadron,0,1,34,2
20508,C_Tbl_correct,L2_ch224:256,1,0,2.6336300373077393,muon,124.95929718017578,-1.0,,particle0_best_lepton,0,19,15,2
20508,C_Tbl_correct,L2_ch224:256,2,2,2.000199556350708,charged_hadron,78.99678802490234,1.0,,hardest_hadron,0,19,15,2
20508,C_Tbl_correct,L2_ch224:256,3,1,1.6122443675994873,photon,95.86282348632812,0.0,,photon_neighbor,0,19,15,2
20509,C_Tbl_correct,L2_ch224:256,1,1,3.6856327056884766,muon,162.5621337890625,1.0,,best_lepton,1,4,8,0
20509,C_Tbl_correct,L2_ch224:256,2,0,2.5157833099365234,charged_hadron,186.97219848632812,-1.0,,particle0,1,4,8,0
20509,C_Tbl_correct,L2_ch224:256,3,4,0.9525730013847351,electron,30.075931549072266,-1.0,,second_lepton,1,4,8,0
20510,C_Tbl_correct,L2_ch224:256,1,0,3.832871675491333,muon,254.29237365722656,1.0,,particle0_best_lepton,0,,4,1
20510,C_Tbl_correct,L2_ch224:256,2,1,1.4163188934326172,charged_hadron,65.5389175415039,1.0,,hardest_hadron,0,,4,1
20510,C_Tbl_correct,L2_ch224:256,3,2,1.330270767211914,photon,65.48738861083984,0.0,,photon_neighbor,0,,4,1
20511,C_Tbl_correct,L2_ch224:256,1,0,3.4807088375091553,muon,148.91407775878906,-1.0,,particle0_best_lepton,0,46,34,1
20511,C_Tbl_correct,L2_ch224:256,2,2,1.8725610971450806,charged_hadron,33.23933029174805,-1.0,,hard_hadron,0,46,34,1
20511,C_Tbl_correct,L2_ch224:256,3,10,1.006941556930542,charged_hadron,16.404733657836914,1.0,,hard_hadron,0,46,34,1
20512,C_Tbl_correct,L2_ch224:256,1,1,3.1889593601226807,muon,246.33908081054688,1.0,,best_lepton,1,,5,2
20512,C_Tbl_correct,L2_ch224:256,2,0,2.5676279067993164,photon,287.2595520019531,0.0,,particle0,1,,5,2
20512,C_Tbl_correct,L2_ch224:256,3,2,1.0396844148635864,charged_hadron,61.641334533691406,1.0,,hardest_hadron,1,,5,2
20513,C_Tbl_correct,L2_ch224:256,1,0,8.000772476196289,electron,344.981689453125,1.0,,particle0_best_lepton,0,,17,1
20513,C_Tbl_correct,L2_ch224:256,2,3,0.7084267735481262,charged_hadron,28.43160057067871,-1.0,,hard_hadron,0,,17,1
20513,C_Tbl_correct,L2_ch224:256,3,1,0.6053425073623657,charged_hadron,60.859214782714844,-1.0,,hardest_hadron,0,,17,1
20514,C_Tbl_correct,L2_ch224:256,1,1,1.9922564029693604,charged_hadron,102.47187042236328,-1.0,,hardest_hadron,0,,11,1
20514,C_Tbl_correct,L2_ch224:256,2,0,1.8929826021194458,muon,107.3781509399414,1.0,,particle0_best_lepton,0,,11,1
20514,C_Tbl_correct,L2_ch224:256,3,2,1.8113144636154175,charged_hadron,81.37433624267578,1.0,,hard_hadron,0,,11,1
20515,C_Tbl_correct,L2_ch224:256,1,0,9.424720764160156,muon,519.654052734375,1.0,,particle0_best_lepton,0,,15,1
20515,C_Tbl_correct,L2_ch224:256,2,7,0.526342511177063,charged_hadron,2.1236445903778076,-1.0,,hadron_neighbor,0,,15,1
20515,C_Tbl_correct,L2_ch224:256,3,4,0.32063567638397217,charged_hadron,6.100118637084961,-1.0,,hard_hadron,0,,15,1
20516,C_Tbl_correct,L2_ch224:256,1,0,5.9774675369262695,electron,424.41094970703125,-1.0,,particle0_best_lepton,0,11,20,1
20516,C_Tbl_correct,L2_ch224:256,2,1,1.2940213680267334,charged_hadron,140.22848510742188,1.0,,hardest_hadron,0,11,20,1
20516,C_Tbl_correct,L2_ch224:256,3,2,0.9073920249938965,charged_hadron,86.16313171386719,1.0,,hard_hadron,0,11,20,1
20517,C_Tbl_correct,L2_ch224:256,1,0,3.560209274291992,neutral_hadron,280.460693359375,0.0,,particle0,2,6,18,0
20517,C_Tbl_correct,L2_ch224:256,2,2,1.8807284832000732,muon,121.41401672363281,1.0,,best_lepton,2,6,18,0
20517,C_Tbl_correct,L2_ch224:256,3,1,1.806764841079712,photon,127.16217803955078,0.0,,photon_neighbor,2,6,18,0
20518,C_Tbl_correct,L2_ch224:256,1,1,2.780038833618164,muon,105.87470245361328,-1.0,,best_lepton,1,2,4,4
20518,C_Tbl_correct,L2_ch224:256,2,0,2.585977077484131,photon,123.2516860961914,0.0,,particle0,1,2,4,4
20518,C_Tbl_correct,L2_ch224:256,3,2,2.350550889968872,electron,94.17501068115234,-1.0,,second_lepton,1,2,4,4
20519,C_Tbl_correct,L2_ch224:256,1,0,4.899231910705566,muon,282.969482421875,-1.0,,particle0_best_lepton,0,,18,2
20519,C_Tbl_correct,L2_ch224:256,2,1,1.2499690055847168,photon,62.57231140136719,0.0,,photon_neighbor,0,,18,2
20519,C_Tbl_correct,L2_ch224:256,3,2,0.9124277830123901,charged_hadron,37.260162353515625,-1.0,,hardest_hadron,0,,18,2
20520,C_Tbl_correct,L2_ch224:256,1,0,2.668255567550659,muon,114.50515747070312,-1.0,,particle0_best_lepton,0,6,19,1
20520,C_Tbl_correct,L2_ch224:256,2,1,2.156283140182495,charged_hadron,88.48698425292969,-1.0,,hardest_hadron,0,6,19,1
20520,C_Tbl_correct,L2_ch224:256,3,2,1.6683597564697266,photon,59.10955810546875,0.0,,photon_neighbor,0,6,19,1
20521,C_Tbl_correct,L2_ch224:256,1,1,2.8089759349823,muon,96.19719696044922,-1.0,,best_lepton,1,15,20,2
20521,C_Tbl_correct,L2_ch224:256,2,0,2.201791524887085,photon,154.40756225585938,0.0,,particle0,1,15,20,2
20521,C_Tbl_correct,L2_ch224:256,3,3,1.3434523344039917,neutral_hadron,48.153045654296875,0.0,,hard_hadron,1,15,20,2
20522,C_Tbl_correct,L2_ch224:256,1,0,4.531216621398926,muon,181.8948211669922,-1.0,,particle0_best_lepton,0,,11,1
20522,C_Tbl_correct,L2_ch224:256,2,1,2.166996717453003,charged_hadron,66.70306396484375,1.0,,hardest_hadron,0,,11,1
20522,C_Tbl_correct,L2_ch224:256,3,2,0.9744088053703308,photon,53.18507385253906,0.0,,photon_neighbor,0,,11,1
20523,C_Tbl_correct,L2_ch224:256,1,1,2.4792745113372803,electron,98.05267333984375,1.0,,best_lepton,1,3,13,2
20523,C_Tbl_correct,L2_ch224:256,2,0,1.8768126964569092,photon,124.49148559570312,0.0,,particle0,1,3,13,2
20523,C_Tbl_correct,L2_ch224:256,3,3,1.7153935432434082,electron,84.39728546142578,-1.0,,second_lepton,1,3,13,2
20524,C_Tbl_correct,L2_ch224:256,1,0,6.94290018081665,electron,422.00567626953125,-1.0,,particle0_best_lepton,0,3,5,2
20524,C_Tbl_correct,L2_ch224:256,2,1,0.7207871675491333,photon,93.93750762939453,0.0,,photon_neighbor,0,3,5,2
20524,C_Tbl_correct,L2_ch224:256,3,10,0.6287086009979248,neutral_hadron,3.2665281295776367,0.0,,hadron_neighbor,0,3,5,2
20525,C_Tbl_correct,L2_ch224:256,1,0,4.245756149291992,muon,147.4969940185547,1.0,,particle0_best_lepton,0,,16,2
20525,C_Tbl_correct,L2_ch224:256,2,1,2.1091504096984863,photon,114.88601684570312,0.0,,photon_neighbor,0,,16,2
20525,C_Tbl_correct,L2_ch224:256,3,3,0.9342867732048035,charged_hadron,31.560243606567383,-1.0,,hard_hadron,0,,16,2
20526,C_Tbl_correct,L2_ch224:256,1,0,5.281524181365967,electron,264.64630126953125,1.0,,particle0_best_lepton,0,,19,1
20526,C_Tbl_correct,L2_ch224:256,2,20,1.0851774215698242,photon,3.0999555587768555,0.0,,photon_neighbor,0,,19,1
20526,C_Tbl_correct,L2_ch224:256,3,1,0.5792795419692993,neutral_hadron,40.99071502685547,0.0,,hardest_hadron,0,,19,1
20527,C_Tbl_correct,L2_ch224:256,1,0,6.497291088104248,electron,336.3766174316406,1.0,,particle0_best_lepton,0,,12,1
20527,C_Tbl_correct,L2_ch224:256,2,3,1.9822667837142944,charged_hadron,40.039772033691406,1.0,,hard_hadron,0,,12,1
20527,C_Tbl_correct,L2_ch224:256,3,1,1.5828278064727783,charged_hadron,67.0682144165039,-1.0,,hardest_hadron,0,,12,1
20528,C_Tbl_correct,L2_ch224:256,1,0,6.112943649291992,muon,406.7447814941406,1.0,,particle0_best_lepton,0,,15,2
20528,C_Tbl_correct,L2_ch224:256,2,1,2.3844313621520996,photon,59.200347900390625,0.0,,photon_neighbor,0,,15,2
20528,C_Tbl_correct,L2_ch224:256,3,4,0.6732351779937744,charged_hadron,9.386892318725586,-1.0,,hard_hadron,0,,15,2
20529,C_Tbl_correct,L2_ch224:256,1,0,9.050577163696289,electron,487.25653076171875,1.0,,particle0_best_lepton,0,,8,2
20529,C_Tbl_correct,L2_ch224:256,2,2,2.182908296585083,charged_hadron,70.18577575683594,1.0,,hardest_hadron,0,,8,2
20529,C_Tbl_correct,L2_ch224:256,3,1,1.441740870475769,photon,73.56980895996094,0.0,,photon_neighbor,0,,8,2
20530,C_Tbl_correct,L2_ch224:256,1,0,4.4366278648376465,electron,302.8354187011719,-1.0,,particle0_best_lepton,0,,30,1
20530,C_Tbl_correct,L2_ch224:256,2,3,1.2043774127960205,photon,26.49580955505371,0.0,,photon_neighbor,0,,30,1
20530,C_Tbl_correct,L2_ch224:256,3,4,0.5752355456352234,charged_hadron,25.90937614440918,-1.0,,hard_hadron,0,,30,1
20531,C_Tbl_correct,L2_ch224:256,1,0,3.9880003929138184,electron,200.07044982910156,1.0,,particle0_best_lepton,0,,13,1
20531,C_Tbl_correct,L2_ch224:256,2,1,1.4442310333251953,charged_hadron,79.5701904296875,-1.0,,hardest_hadron,0,,13,1
20531,C_Tbl_correct,L2_ch224:256,3,2,1.2032815217971802,charged_hadron,63.380916595458984,1.0,,hard_hadron,0,,13,1
20532,C_Tbl_correct,L2_ch224:256,1,0,5.306128025054932,electron,302.8004150390625,-1.0,,particle0_best_lepton,0,,14,1
20532,C_Tbl_correct,L2_ch224:256,2,1,0.6528070569038391,charged_hadron,29.451641082763672,-1.0,,hardest_hadron,0,,14,1
20532,C_Tbl_correct,L2_ch224:256,3,12,0.5932798385620117,charged_hadron,7.184983253479004,1.0,,hadron_neighbor,0,,14,1
20533,C_Tbl_correct,L2_ch224:256,1,0,2.7583999633789062,electron,167.03543090820312,-1.0,,particle0_best_lepton,0,2,15,1
20533,C_Tbl_correct,L2_ch224:256,2,2,1.2407920360565186,electron,38.99090576171875,1.0,,second_lepton,0,2,15,1
20533,C_Tbl_correct,L2_ch224:256,3,1,1.1513087749481201,neutral_hadron,48.67496871948242,0.0,,hardest_hadron,0,2,15,1
20534,C_Tbl_correct,L2_ch224:256,1,0,3.6999521255493164,muon,215.9326629638672,1.0,,particle0_best_lepton,0,,12,1
20534,C_Tbl_correct,L2_ch224:256,2,1,1.3205814361572266,charged_hadron,64.45411682128906,-1.0,,hardest_hadron,0,,12,1
20534,C_Tbl_correct,L2_ch224:256,3,4,0.7419466376304626,charged_hadron,41.022003173828125,-1.0,,hard_hadron,0,,12,1
20535,C_Tbl_correct,L2_ch224:256,1,0,5.1959099769592285,muon,303.3940124511719,-1.0,,particle0_best_lepton,0,1,7,2
20535,C_Tbl_correct,L2_ch224:256,2,1,3.056903123855591,electron,173.26866149902344,1.0,,second_lepton,0,1,7,2
20535,C_Tbl_correct,L2_ch224:256,3,14,0.6271719336509705,charged_hadron,2.148700714111328,-1.0,,hadron_neighbor,0,1,7,2
20536,C_Tbl_correct,L2_ch224:256,1,0,3.774106025695801,electron,216.5425567626953,-1.0,,particle0_best_lepton,0,,24,1
20536,C_Tbl_correct,L2_ch224:256,2,2,1.6840109825134277,neutral_hadron,45.00316619873047,0.0,,hard_hadron,0,,24,1
20536,C_Tbl_correct,L2_ch224:256,3,1,1.0683109760284424,charged_hadron,52.4777946472168,1.0,,hardest_hadron,0,,24,1
20537,C_Tbl_correct,L2_ch224:256,1,0,3.8499443531036377,muon,195.53131103515625,1.0,,particle0_best_lepton,0,1,4,3
20537,C_Tbl_correct,L2_ch224:256,2,1,2.4596798419952393,muon,128.3671417236328,-1.0,,second_lepton,0,1,4,3
20537,C_Tbl_correct,L2_ch224:256,3,2,1.3816484212875366,photon,64.72293090820312,0.0,,photon_neighbor,0,1,4,3
20538,C_Tbl_correct,L2_ch224:256,1,0,5.983933448791504,electron,317.7366943359375,1.0,,particle0_best_lepton,0,1,12,2
20538,C_Tbl_correct,L2_ch224:256,2,1,2.0541651248931885,electron,82.45780181884766,-1.0,,second_lepton,0,1,12,2
20538,C_Tbl_correct,L2_ch224:256,3,2,1.001448154449463,charged_hadron,44.79349136352539,-1.0,,hardest_hadron,0,1,12,2
20539,C_Tbl_correct,L2_ch224:256,1,0,2.9752659797668457,electron,62.23419952392578,1.0,,particle0_best_lepton,0,35,46,1
20539,C_Tbl_correct,L2_ch224:256,2,1,1.4551376104354858,charged_hadron,50.605690002441406,1.0,,hardest_hadron,0,35,46,1
20539,C_Tbl_correct,L2_ch224:256,3,3,1.2112196683883667,charged_hadron,41.99379348754883,-1.0,,hard_hadron,0,35,46,1
20540,C_Tbl_correct,L2_ch224:256,1,0,2.445540189743042,muon,121.60375213623047,1.0,,particle0_best_lepton,0,3,11,1
20540,C_Tbl_correct,L2_ch224:256,2,1,2.03706955909729,charged_hadron,115.84513854980469,1.0,,hardest_hadron,0,3,11,1
20540,C_Tbl_correct,L2_ch224:256,3,2,1.6117085218429565,charged_hadron,74.8392333984375,-1.0,,hard_hadron,0,3,11,1
20541,C_Tbl_correct,L2_ch224:256,1,0,2.651878595352173,muon,175.0579071044922,-1.0,,particle0_best_lepton,0,,11,3
20541,C_Tbl_correct,L2_ch224:256,2,1,1.660469651222229,photon,106.98389434814453,0.0,,photon_neighbor,0,,11,3
20541,C_Tbl_correct,L2_ch224:256,3,2,1.5520188808441162,photon,83.46442413330078,0.0,,photon_neighbor,0,,11,3
20542,C_Tbl_correct,L2_ch224:256,1,0,5.848507404327393,electron,312.7117614746094,-1.0,,particle0_best_lepton,0,,9,1
20542,C_Tbl_correct,L2_ch224:256,2,1,0.9130136370658875,neutral_hadron,50.40599060058594,0.0,,hardest_hadron,0,,9,1
20542,C_Tbl_correct,L2_ch224:256,3,2,0.6152155995368958,charged_hadron,35.574378967285156,1.0,,hard_hadron,0,,9,1
20543,C_Tbl_correct,L2_ch224:256,1,0,4.644703388214111,muon,115.3818359375,1.0,,particle0_best_lepton,0,10,46,1
20543,C_Tbl_correct,L2_ch224:256,2,49,0.8449575304985046,photon,1.8061299324035645,0.0,,photon_neighbor,0,10,46,1
20543,C_Tbl_correct,L2_ch224:256,3,27,0.8357851505279541,charged_hadron,5.839786529541016,1.0,,hadron_neighbor,0,10,46,1
20544,C_Tbl_correct,L2_ch224:256,1,0,7.979365825653076,muon,508.11871337890625,1.0,,particle0_best_lepton,0,,9,2
20544,C_Tbl_correct,L2_ch224:256,2,1,0.2092060148715973,photon,12.586894035339355,0.0,,photon_neighbor,0,,9,2
20544,C_Tbl_correct,L2_ch224:256,3,2,0.06266279518604279,charged_hadron,8.7811918258667,-1.0,,hardest_hadron,0,,9,2
20545,C_Tbl_correct,L2_ch224:256,1,0,8.470041275024414,electron,451.4137268066406,1.0,,particle0_best_lepton,0,,9,1
20545,C_Tbl_correct,L2_ch224:256,2,1,1.0991747379302979,charged_hadron,20.257410049438477,-1.0,,hardest_hadron,0,,9,1
20545,C_Tbl_correct,L2_ch224:256,3,9,1.0313676595687866,charged_hadron,3.563504219055176,1.0,,nearest_hadron_to_best_lepton,0,,9,1
20546,C_Tbl_correct,L2_ch224:256,1,0,8.791489601135254,electron,434.52008056640625,1.0,,particle0_best_lepton,0,6,2,1
20546,C_Tbl_correct,L2_ch224:256,2,1,0.9997425079345703,charged_hadron,95.59041595458984,-1.0,,hardest_hadron,0,6,2,1
20546,C_Tbl_correct,L2_ch224:256,3,11,0.8445320129394531,neutral_hadron,7.7951579093933105,0.0,,hadron_neighbor,0,6,2,1
20547,C_Tbl_correct,L2_ch224:256,1,0,8.40156364440918,electron,357.27874755859375,-1.0,,particle0_best_lepton,0,,31,1
20547,C_Tbl_correct,L2_ch224:256,2,1,2.8173768520355225,charged_hadron,46.21989059448242,-1.0,,hardest_hadron,0,,31,1
20547,C_Tbl_correct,L2_ch224:256,3,10,1.5772827863693237,charged_hadron,10.185709953308105,1.0,,hard_hadron,0,,31,1
20548,C_Tbl_correct,L2_ch224:256,1,0,7.236266613006592,electron,381.555419921875,1.0,,particle0_best_lepton,0,4,8,2
20548,C_Tbl_correct,L2_ch224:256,2,4,2.9140961170196533,electron,12.177839279174805,-1.0,,second_lepton,0,4,8,2
20548,C_Tbl_correct,L2_ch224:256,3,11,0.7067278027534485,electron,3.754805088043213,1.0,,other_lepton,0,4,8,2
20549,C_Tbl_correct,L2_ch224:256,1,0,2.209982395172119,photon,119.7817611694336,0.0,,particle0,3,,13,1
20549,C_Tbl_correct,L2_ch224:256,2,1,2.1336090564727783,charged_hadron,106.92799377441406,1.0,,hardest_hadron,3,,13,1
20549,C_Tbl_correct,L2_ch224:256,3,3,1.8104747533798218,electron,60.81768035888672,-1.0,,best_lepton,3,,13,1
20551,C_Tbl_correct,L2_ch224:256,1,1,2.9328126907348633,electron,120.67500305175781,1.0,,best_lepton,1,2,8,3
20551,C_Tbl_correct,L2_ch224:256,2,0,2.7582192420959473,photon,170.75933837890625,0.0,,particle0,1,2,8,3
20551,C_Tbl_correct,L2_ch224:256,3,2,2.158200979232788,electron,95.83783721923828,-1.0,,second_lepton,1,2,8,3
20552,C_Tbl_correct,L2_ch224:256,1,0,5.253982067108154,muon,341.0342102050781,-1.0,,particle0_best_lepton,0,,7,1
20552,C_Tbl_correct,L2_ch224:256,2,1,1.192915916442871,charged_hadron,94.22015380859375,-1.0,,hardest_hadron,0,,7,1
20552,C_Tbl_correct,L2_ch224:256,3,3,1.0389459133148193,charged_hadron,77.55426788330078,1.0,,hard_hadron,0,,7,1
20553,C_Tbl_correct,L2_ch224:256,1,2,2.4594459533691406,electron,87.58741760253906,1.0,,best_lepton,2,,20,1
20553,C_Tbl_correct,L2_ch224:256,2,1,2.001192569732666,charged_hadron,90.39823913574219,1.0,,hardest_hadron,2,,20,1
20553,C_Tbl_correct,L2_ch224:256,3,3,1.834773302078247,charged_hadron,86.71599578857422,1.0,,hard_hadron,2,,20,1
20554,C_Tbl_correct,L2_ch224:256,1,0,2.1835615634918213,charged_hadron,110.81134033203125,1.0,,particle0,3,,4,0
20554,C_Tbl_correct,L2_ch224:256,2,1,1.9464292526245117,photon,103.97969055175781,0.0,,photon_neighbor,3,,4,0
20554,C_Tbl_correct,L2_ch224:256,3,5,1.8501179218292236,neutral_hadron,51.78435516357422,0.0,,hard_hadron,3,,4,0
20555,C_Tbl_correct,L2_ch224:256,1,0,3.1342363357543945,electron,135.34539794921875,1.0,,particle0_best_lepton,0,,14,1
20555,C_Tbl_correct,L2_ch224:256,2,1,2.9090347290039062,charged_hadron,127.91874694824219,1.0,,hardest_hadron,0,,14,1
20555,C_Tbl_correct,L2_ch224:256,3,2,1.4048649072647095,photon,60.16791534423828,0.0,,photon_neighbor,0,,14,1
20556,C_Tbl_correct,L2_ch224:256,1,0,7.985777854919434,muon,415.4775390625,-1.0,,particle0_best_lepton,0,,10,1
20556,C_Tbl_correct,L2_ch224:256,2,16,0.1503477245569229,photon,1.151917815208435,0.0,,photon_neighbor,0,,10,1
20556,C_Tbl_correct,L2_ch224:256,3,7,0.11574269086122513,neutral_hadron,10.93128776550293,0.0,,hadron_neighbor,0,,10,1
20557,C_Tbl_correct,L2_ch224:256,1,0,4.771310806274414,electron,302.8977966308594,-1.0,,particle0_best_lepton,0,,33,2
20557,C_Tbl_correct,L2_ch224:256,2,1,1.0213992595672607,photon,67.19149780273438,0.0,,photon_neighbor,0,,33,2
20557,C_Tbl_correct,L2_ch224:256,3,2,0.7096922993659973,charged_hadron,36.56739044189453,1.0,,hardest_hadron,0,,33,2
20558,C_Tbl_correct,L2_ch224:256,1,0,3.0142886638641357,electron,154.4781494140625,1.0,,particle0_best_lepton,0,,10,1
20558,C_Tbl_correct,L2_ch224:256,2,1,1.9445805549621582,charged_hadron,73.62512969970703,-1.0,,hardest_hadron,0,,10,1
20558,C_Tbl_correct,L2_ch224:256,3,3,1.5274157524108887,charged_hadron,55.93328857421875,1.0,,hard_hadron,0,,10,1
20559,C_Tbl_correct,L2_ch224:256,1,0,7.106478691101074,electron,448.1669616699219,1.0,,particle0_best_lepton,0,,16,1
20559,C_Tbl_correct,L2_ch224:256,2,7,1.8950402736663818,charged_hadron,6.600637912750244,-1.0,,hadron_neighbor,0,,16,1
20559,C_Tbl_correct,L2_ch224:256,3,1,0.19064123928546906,charged_hadron,22.442537307739258,-1.0,,hardest_hadron,0,,16,1
20560,C_Tbl_correct,L2_ch224:256,1,0,4.566471576690674,muon,292.010498046875,-1.0,,particle0_best_lepton,0,,16,1
20560,C_Tbl_correct,L2_ch224:256,2,1,1.142756700515747,charged_hadron,51.601173400878906,1.0,,hardest_hadron,0,,16,1
20560,C_Tbl_correct,L2_ch224:256,3,2,0.8765285015106201,charged_hadron,42.097450256347656,-1.0,,hard_hadron,0,,16,1
20561,C_Tbl_correct,L2_ch224:256,1,0,3.3286232948303223,electron,151.60948181152344,1.0,,particle0_best_lepton,0,,16,1
20561,C_Tbl_correct,L2_ch224:256,2,1,1.429797649383545,charged_hadron,45.70925521850586,-1.0,,hardest_hadron,0,,16,1
20561,C_Tbl_correct,L2_ch224:256,3,2,1.340133547782898,neutral_hadron,33.71876907348633,0.0,,hard_hadron,0,,16,1
20562,C_Tbl_correct,L2_ch224:256,1,0,6.659308910369873,electron,427.4591064453125,-1.0,,particle0_best_lepton,0,,19,1
20562,C_Tbl_correct,L2_ch224:256,2,1,0.5881814360618591,charged_hadron,48.470123291015625,-1.0,,hardest_hadron,0,,19,1
20562,C_Tbl_correct,L2_ch224:256,3,27,0.581360936164856,photon,1.4731143712997437,0.0,,photon_neighbor,0,,19,1
20564,C_Tbl_correct,L2_ch224:256,1,0,4.033493518829346,electron,248.95120239257812,1.0,,particle0_best_lepton,0,,8,1
20564,C_Tbl_correct,L2_ch224:256,2,1,1.4085057973861694,neutral_hadron,75.27680969238281,0.0,,hardest_hadron,0,,8,1
20564,C_Tbl_correct,L2_ch224:256,3,18,0.9496785998344421,neutral_hadron,2.8996527194976807,0.0,,hadron_neighbor,0,,8,1
20565,C_Tbl_correct,L2_ch224:256,1,0,2.8732361793518066,muon,109.03646087646484,1.0,,particle0_best_lepton,0,1,6,3
20565,C_Tbl_correct,L2_ch224:256,2,1,1.9812240600585938,muon,80.61254119873047,-1.0,,second_lepton,0,1,6,3
20565,C_Tbl_correct,L2_ch224:256,3,2,1.8530247211456299,photon,62.732486724853516,0.0,,photon_neighbor,0,1,6,3
20566,C_Tbl_correct,L2_ch224:256,1,0,7.673097610473633,electron,470.35064697265625,1.0,,particle0_best_lepton,0,,10,1
20566,C_Tbl_correct,L2_ch224:256,2,8,0.6839818954467773,charged_hadron,8.769403457641602,-1.0,,hadron_neighbor,0,,10,1
20566,C_Tbl_correct,L2_ch224:256,3,1,0.4360264539718628,neutral_hadron,60.481807708740234,0.0,,hardest_hadron,0,,10,1
20567,C_Tbl_correct,L2_ch224:256,1,0,3.225512981414795,charged_hadron,235.00762939453125,-1.0,,particle0,1,2,16,0
20567,C_Tbl_correct,L2_ch224:256,2,1,2.347778558731079,muon,58.38005447387695,1.0,,best_lepton,1,2,16,0
20567,C_Tbl_correct,L2_ch224:256,3,2,1.2084758281707764,electron,54.48052978515625,-1.0,,second_lepton,1,2,16,0
20568,C_Tbl_correct,L2_ch224:256,1,0,6.6617350578308105,muon,426.10992431640625,-1.0,,particle0_best_lepton,0,,22,1
20568,C_Tbl_correct,L2_ch224:256,2,1,0.9415533542633057,charged_hadron,28.513938903808594,1.0,,hardest_hadron,0,,22,1
20568,C_Tbl_correct,L2_ch224:256,3,25,0.584922194480896,charged_hadron,2.039135456085205,1.0,,hadron_neighbor,0,,22,1
20569,C_Tbl_correct,L2_ch224:256,1,0,3.7071287631988525,electron,207.61492919921875,-1.0,,particle0_best_lepton,0,,18,1
20569,C_Tbl_correct,L2_ch224:256,2,1,2.047043800354004,charged_hadron,87.36697387695312,1.0,,hardest_hadron,0,,18,1
20569,C_Tbl_correct,L2_ch224:256,3,2,1.5150607824325562,neutral_hadron,61.44932556152344,0.0,,hard_hadron,0,,18,1
20570,C_Tbl_correct,L2_ch224:256,1,0,4.306893825531006,muon,246.7196044921875,1.0,,particle0_best_lepton,0,29,19,1
20570,C_Tbl_correct,L2_ch224:256,2,1,1.9577375650405884,charged_hadron,116.91678619384766,-1.0,,hardest_hadron,0,29,19,1
20570,C_Tbl_correct,L2_ch224:256,3,2,0.8434432744979858,neutral_hadron,39.424591064453125,0.0,,hard_hadron,0,29,19,1
20572,C_Tbl_correct,L2_ch224:256,1,0,5.607514381408691,electron,432.13275146484375,-1.0,,particle0_best_lepton,0,,15,1
20572,C_Tbl_correct,L2_ch224:256,2,3,0.8977819085121155,neutral_hadron,38.37117004394531,0.0,,hard_hadron,0,,15,1
20572,C_Tbl_correct,L2_ch224:256,3,22,0.723520815372467,photon,3.7149837017059326,0.0,,photon_neighbor,0,,15,1
20573,C_Tbl_correct,L2_ch224:256,1,0,3.955461025238037,muon,214.76095581054688,1.0,,particle0_best_lepton,0,17,19,3
20573,C_Tbl_correct,L2_ch224:256,2,1,1.1400772333145142,photon,68.85397338867188,0.0,,photon_neighbor,0,17,19,3
20573,C_Tbl_correct,L2_ch224:256,3,3,1.0241646766662598,charged_hadron,45.95155334472656,1.0,,hardest_hadron,0,17,19,3
20574,C_Tbl_correct,L2_ch224:256,1,0,4.079516410827637,electron,253.7365264892578,1.0,,particle0_best_lepton,0,,7,1
20574,C_Tbl_correct,L2_ch224:256,2,1,1.1583408117294312,charged_hadron,83.7529067993164,-1.0,,hardest_hadron,0,,7,1
20574,C_Tbl_correct,L2_ch224:256,3,2,0.908187985420227,photon,80.76056671142578,0.0,,photon_neighbor,0,,7,1
20575,C_Tbl_correct,L2_ch224:256,1,0,3.6157748699188232,muon,171.30946350097656,-1.0,,particle0_best_lepton,0,,13,3
20575,C_Tbl_correct,L2_ch224:256,2,1,1.8381149768829346,photon,42.714962005615234,0.0,,photon_neighbor,0,,13,3
20575,C_Tbl_correct,L2_ch224:256,3,3,1.3413070440292358,charged_hadron,26.12113380432129,1.0,,hardest_hadron,0,,13,3
20576,C_Tbl_correct,L2_ch224:256,1,0,3.743903398513794,electron,182.34840393066406,-1.0,,particle0_best_lepton,0,16,12,1
20576,C_Tbl_correct,L2_ch224:256,2,2,1.9309536218643188,charged_hadron,102.4299087524414,1.0,,hard_hadron,0,16,12,1
20576,C_Tbl_correct,L2_ch224:256,3,1,1.9298871755599976,charged_hadron,115.03890991210938,-1.0,,hardest_hadron,0,16,12,1
20577,C_Tbl_correct,L2_ch224:256,1,0,3.0331239700317383,electron,100.61677551269531,1.0,,particle0_best_lepton,0,,28,1
20577,C_Tbl_correct,L2_ch224:256,2,1,1.802865982055664,charged_hadron,97.56812286376953,-1.0,,hardest_hadron,0,,28,1
20577,C_Tbl_correct,L2_ch224:256,3,2,1.7856500148773193,charged_hadron,78.90550231933594,-1.0,,hard_hadron,0,,28,1
20578,C_Tbl_correct,L2_ch224:256,1,0,5.227718830108643,muon,316.3433532714844,1.0,,particle0_best_lepton,0,,31,1
20578,C_Tbl_correct,L2_ch224:256,2,29,0.7625872492790222,charged_hadron,2.0128681659698486,-1.0,,hadron_neighbor,0,,31,1
20578,C_Tbl_correct,L2_ch224:256,3,2,0.6641345024108887,charged_hadron,37.675357818603516,1.0,,hard_hadron,0,,31,1
20579,C_Tbl_correct,L2_ch224:256,1,0,3.6336982250213623,muon,219.7357635498047,1.0,,particle0_best_lepton,0,1,6,4
20579,C_Tbl_correct,L2_ch224:256,2,1,2.658508062362671,electron,163.02003479003906,-1.0,,second_lepton,0,1,6,4
20579,C_Tbl_correct,L2_ch224:256,3,2,1.1999304294586182,photon,43.19272232055664,0.0,,photon_neighbor,0,1,6,4
20580,C_Tbl_correct,L2_ch224:256,1,0,7.001714706420898,muon,306.8921813964844,1.0,,particle0_best_lepton,0,,16,1
20580,C_Tbl_correct,L2_ch224:256,2,1,1.3865429162979126,charged_hadron,37.541751861572266,-1.0,,hardest_hadron,0,,16,1
20580,C_Tbl_correct,L2_ch224:256,3,21,0.8109448552131653,neutral_hadron,3.304741621017456,0.0,,hadron_neighbor,0,,16,1
20581,C_Tbl_correct,L2_ch224:256,1,0,7.67336368560791,muon,527.3506469726562,1.0,,particle0_best_lepton,0,,6,1
20581,C_Tbl_correct,L2_ch224:256,2,14,1.055836796760559,neutral_hadron,1.3920131921768188,0.0,,hadron_neighbor,0,,6,1
20581,C_Tbl_correct,L2_ch224:256,3,11,0.8150635957717896,neutral_hadron,1.8207688331604004,0.0,,hadron_neighbor,0,,6,1
20582,C_Tbl_correct,L2_ch224:256,1,0,2.5752036571502686,muon,115.60763549804688,1.0,,particle0_best_lepton,0,,13,1
20582,C_Tbl_correct,L2_ch224:256,2,1,1.5266668796539307,charged_hadron,75.74484252929688,-1.0,,hardest_hadron,0,,13,1
20582,C_Tbl_correct,L2_ch224:256,3,10,1.3879096508026123,charged_hadron,11.964613914489746,1.0,,hadron_neighbor,0,,13,1
20583,C_Tbl_correct,L2_ch224:256,1,5,2.398070812225342,electron,29.56871795654297,-1.0,,best_lepton,5,12,8,0
20583,C_Tbl_correct,L2_ch224:256,2,0,2.2463598251342773,charged_hadron,104.37066650390625,1.0,,particle0,5,12,8,0
20583,C_Tbl_correct,L2_ch224:256,3,2,1.6047568321228027,neutral_hadron,50.43649673461914,0.0,,hard_hadron,5,12,8,0
20584,C_Tbl_correct,L2_ch224:256,1,0,3.119475841522217,muon,263.82421875,-1.0,,particle0_best_lepton,0,,24,1
20584,C_Tbl_correct,L2_ch224:256,2,1,1.1216076612472534,neutral_hadron,65.14383697509766,0.0,,hardest_hadron,0,,24,1
20584,C_Tbl_correct,L2_ch224:256,3,2,1.025791049003601,charged_hadron,62.36418151855469,1.0,,hard_hadron,0,,24,1
20585,C_Tbl_correct,L2_ch224:256,1,0,2.7480437755584717,electron,146.78408813476562,1.0,,particle0_best_lepton,0,37,18,1
20585,C_Tbl_correct,L2_ch224:256,2,11,1.1850297451019287,charged_hadron,13.29330062866211,-1.0,,hard_hadron,0,37,18,1
20585,C_Tbl_correct,L2_ch224:256,3,1,1.059981107711792,neutral_hadron,31.926088333129883,0.0,,hardest_hadron,0,37,18,1
20586,C_Tbl_correct,L2_ch224:256,1,0,5.65686559677124,muon,338.5196533203125,-1.0,,particle0_best_lepton,0,,8,1
20586,C_Tbl_correct,L2_ch224:256,2,1,1.351974606513977,neutral_hadron,93.62682342529297,0.0,,hardest_hadron,0,,8,1
20586,C_Tbl_correct,L2_ch224:256,3,2,0.9887272715568542,photon,86.22042846679688,0.0,,photon_neighbor,0,,8,1
20587,C_Tbl_correct,L2_ch224:256,1,0,6.601156234741211,muon,297.96087646484375,-1.0,,particle0_best_lepton,0,,21,1
20587,C_Tbl_correct,L2_ch224:256,2,1,0.8306499123573303,charged_hadron,19.134307861328125,-1.0,,hardest_hadron,0,,21,1
20587,C_Tbl_correct,L2_ch224:256,3,2,0.4904496371746063,charged_hadron,16.33470916748047,1.0,,hard_hadron,0,,21,1
20588,C_Tbl_correct,L2_ch224:256,1,0,6.47608757019043,muon,285.677490234375,1.0,,particle0_best_lepton,0,1,8,2
20588,C_Tbl_correct,L2_ch224:256,2,1,2.0814478397369385,electron,62.57266616821289,-1.0,,second_lepton,0,1,8,2
20588,C_Tbl_correct,L2_ch224:256,3,12,1.0037494897842407,charged_hadron,3.7469727993011475,-1.0,,hadron_neighbor,0,1,8,2
20589,C_Tbl_correct,L2_ch224:256,1,0,7.015097141265869,electron,465.556396484375,-1.0,,particle0_best_lepton,0,,8,2
20589,C_Tbl_correct,L2_ch224:256,2,1,2.054093837738037,photon,40.872249603271484,0.0,,photon_neighbor,0,,8,2
20589,C_Tbl_correct,L2_ch224:256,3,13,0.3616611659526825,photon,1.0976917743682861,0.0,,photon_neighbor,0,,8,2
20590,C_Tbl_correct,L2_ch224:256,1,0,2.640143871307373,electron,184.82643127441406,1.0,,particle0_best_lepton,0,5,10,1
20590,C_Tbl_correct,L2_ch224:256,2,1,2.185209035873413,charged_hadron,175.21389770507812,-1.0,,hardest_hadron,0,5,10,1
20590,C_Tbl_correct,L2_ch224:256,3,3,1.2030354738235474,neutral_hadron,51.275413513183594,0.0,,hard_hadron,0,5,10,1
20591,C_Tbl_correct,L2_ch224:256,1,0,2.6092209815979004,muon,117.23506164550781,1.0,,particle0_best_lepton,0,,2,1
20591,C_Tbl_correct,L2_ch224:256,2,2,2.4244918823242188,neutral_hadron,55.93961715698242,0.0,,nearest_hadron_to_best_lepton,0,,2,1
20591,C_Tbl_correct,L2_ch224:256,3,1,2.221482038497925,charged_hadron,67.55780792236328,1.0,,hardest_hadron,0,,2,1
20592,C_Tbl_correct,L2_ch224:256,1,0,4.666070461273193,muon,404.8398132324219,-1.0,,particle0_best_lepton,0,,9,2
20592,C_Tbl_correct,L2_ch224:256,2,1,1.7674510478973389,photon,220.85336303710938,0.0,,photon_neighbor,0,,9,2
20592,C_Tbl_correct,L2_ch224:256,3,2,0.8057852387428284,charged_hadron,93.95397186279297,1.0,,hardest_hadron,0,,9,2
20593,C_Tbl_correct,L2_ch224:256,1,0,3.003387212753296,electron,136.8867950439453,1.0,,particle0_best_lepton,0,1,6,2
20593,C_Tbl_correct,L2_ch224:256,2,1,2.595906972885132,electron,136.59011840820312,-1.0,,second_lepton,0,1,6,2
20593,C_Tbl_correct,L2_ch224:256,3,2,1.8367996215820312,charged_hadron,101.70832824707031,-1.0,,hardest_hadron,0,1,6,2
20594,C_Tbl_correct,L2_ch224:256,1,0,5.470546245574951,muon,321.0677185058594,1.0,,particle0_best_lepton,0,1,15,2
20594,C_Tbl_correct,L2_ch224:256,2,1,3.104886531829834,electron,90.09862518310547,-1.0,,second_lepton,0,1,15,2
20594,C_Tbl_correct,L2_ch224:256,3,6,0.7337232232093811,photon,8.84512996673584,0.0,,photon_neighbor,0,1,15,2
20595,C_Tbl_correct,L2_ch224:256,1,0,2.9901487827301025,muon,209.73171997070312,-1.0,,particle0_best_lepton,0,,5,1
20595,C_Tbl_correct,L2_ch224:256,2,1,1.7240746021270752,charged_hadron,115.17058563232422,1.0,,hardest_hadron,0,,5,1
20595,C_Tbl_correct,L2_ch224:256,3,2,1.5539928674697876,photon,101.22224426269531,0.0,,photon_neighbor,0,,5,1
20596,C_Tbl_correct,L2_ch224:256,1,0,3.3608250617980957,electron,222.81263732910156,1.0,,particle0_best_lepton,0,,2,1
20596,C_Tbl_correct,L2_ch224:256,2,1,2.9965929985046387,neutral_hadron,190.43019104003906,0.0,,hardest_hadron,0,,2,1
20596,C_Tbl_correct,L2_ch224:256,3,2,1.2960941791534424,charged_hadron,51.17913055419922,1.0,,nearest_hadron_to_best_lepton,0,,2,1
20597,C_Tbl_correct,L2_ch224:256,1,0,5.805851459503174,muon,274.876953125,1.0,,particle0_best_lepton,0,,12,1
20597,C_Tbl_correct,L2_ch224:256,2,1,1.8444117307662964,charged_hadron,126.97633361816406,1.0,,hardest_hadron,0,,12,1
20597,C_Tbl_correct,L2_ch224:256,3,10,0.8423128724098206,photon,2.2913835048675537,0.0,,photon_neighbor,0,,12,1
20598,C_Tbl_correct,L2_ch224:256,1,0,4.68343448638916,neutral_hadron,260.6128234863281,0.0,,particle0,15,,20,0
20598,C_Tbl_correct,L2_ch224:256,2,1,1.9069807529449463,charged_hadron,71.34386444091797,1.0,,hard_hadron,15,,20,0
20598,C_Tbl_correct,L2_ch224:256,3,2,1.7066718339920044,photon,57.46634292602539,0.0,,photon_neighbor,15,,20,0
20599,C_Tbl_correct,L2_ch224:256,1,3,3.2308566570281982,electron,62.5894660949707,1.0,,best_lepton,3,,12,0
20599,C_Tbl_correct,L2_ch224:256,2,0,2.6745951175689697,neutral_hadron,108.21007537841797,0.0,,particle0,3,,12,0
20599,C_Tbl_correct,L2_ch224:256,3,1,1.6209050416946411,photon,78.450927734375,0.0,,photon_neighbor,3,,12,0
20600,C_Tbl_correct,L2_ch224:256,1,0,3.429103136062622,electron,270.7068786621094,1.0,,particle0_best_lepton,0,,19,2
20600,C_Tbl_correct,L2_ch224:256,2,1,2.1089751720428467,photon,163.20794677734375,0.0,,photon_neighbor,0,,19,2
20600,C_Tbl_correct,L2_ch224:256,3,21,1.5983742475509644,charged_hadron,4.4666008949279785,-1.0,,hadron_neighbor,0,,19,2
20601,C_Tbl_correct,L2_ch224:256,1,0,3.792685031890869,muon,177.98426818847656,-1.0,,particle0_best_lepton,0,1,6,3
20601,C_Tbl_correct,L2_ch224:256,2,1,3.554849147796631,electron,175.6551513671875,1.0,,second_lepton,0,1,6,3
20601,C_Tbl_correct,L2_ch224:256,3,2,1.099122166633606,photon,28.17414093017578,0.0,,photon_neighbor,0,1,6,3
20602,C_Tbl_correct,L2_ch224:256,1,0,3.1845192909240723,electron,166.64041137695312,1.0,,particle0_best_lepton,0,,1,1
20602,C_Tbl_correct,L2_ch224:256,2,1,2.2830140590667725,neutral_hadron,77.66675567626953,0.0,,nearest_hadron_to_best_lepton,0,,1,1
20602,C_Tbl_correct,L2_ch224:256,3,2,1.4541112184524536,charged_hadron,56.1624641418457,1.0,,hard_hadron,0,,1,1
20603,C_Tbl_correct,L2_ch224:256,1,0,3.358095407485962,neutral_hadron,151.77871704101562,0.0,,particle0,1,,14,0
20603,C_Tbl_correct,L2_ch224:256,2,1,2.4922800064086914,muon,128.0775909423828,1.0,,best_lepton,1,,14,0
20603,C_Tbl_correct,L2_ch224:256,3,2,1.6178560256958008,charged_hadron,56.29575729370117,1.0,,hard_hadron,1,,14,0
20604,C_Tbl_correct,L2_ch224:256,1,0,8.235366821289062,muon,253.394775390625,-1.0,,particle0_best_lepton,0,10,21,1
20604,C_Tbl_correct,L2_ch224:256,2,1,2.2551839351654053,neutral_hadron,119.29349517822266,0.0,,hardest_hadron,0,10,21,1
20604,C_Tbl_correct,L2_ch224:256,3,22,1.5753066539764404,photon,2.1349103450775146,0.0,,photon_neighbor,0,10,21,1
20605,C_Tbl_correct,L2_ch224:256,1,0,6.096815586090088,electron,284.4485778808594,1.0,,particle0_best_lepton,0,1,25,2
20605,C_Tbl_correct,L2_ch224:256,2,1,3.472477436065674,electron,116.99774932861328,-1.0,,second_lepton,0,1,25,2
20605,C_Tbl_correct,L2_ch224:256,3,11,0.6300821900367737,photon,4.596409320831299,0.0,,photon_neighbor,0,1,25,2
20606,C_Tbl_correct,L2_ch224:256,1,0,5.718313694000244,muon,313.43994140625,1.0,,particle0_best_lepton,0,,11,2
20606,C_Tbl_correct,L2_ch224:256,2,5,1.0471326112747192,photon,22.06195068359375,0.0,,photon_neighbor,0,,11,2
20606,C_Tbl_correct,L2_ch224:256,3,11,0.6773506999015808,neutral_hadron,5.45442533493042,0.0,,nearest_hadron_to_best_lepton,0,,11,2
20607,C_Tbl_correct,L2_ch224:256,1,0,3.0610806941986084,muon,162.9166717529297,-1.0,,particle0_best_lepton,0,,15,3
20607,C_Tbl_correct,L2_ch224:256,2,1,1.723097801208496,photon,81.0908203125,0.0,,photon_neighbor,0,,15,3
20607,C_Tbl_correct,L2_ch224:256,3,3,1.5236564874649048,neutral_hadron,42.3860969543457,0.0,,hardest_hadron,0,,15,3
20608,C_Tbl_correct,L2_ch224:256,1,0,2.869414806365967,muon,212.31520080566406,1.0,,particle0_best_lepton,0,,29,2
20608,C_Tbl_correct,L2_ch224:256,2,24,1.0821642875671387,photon,7.937233924865723,0.0,,photon_neighbor,0,,29,2
20608,C_Tbl_correct,L2_ch224:256,3,2,0.9721555709838867,charged_hadron,67.4761962890625,1.0,,hardest_hadron,0,,29,2
20609,C_Tbl_correct,L2_ch224:256,1,0,2.96453595161438,electron,185.50094604492188,1.0,,particle0_best_lepton,0,,11,1
20609,C_Tbl_correct,L2_ch224:256,2,1,1.1946743726730347,charged_hadron,66.21255493164062,-1.0,,hardest_hadron,0,,11,1
20609,C_Tbl_correct,L2_ch224:256,3,2,1.164656162261963,charged_hadron,57.88652038574219,1.0,,hard_hadron,0,,11,1
20610,C_Tbl_correct,L2_ch224:256,1,0,10.880300521850586,electron,416.38470458984375,-1.0,,particle0_best_lepton,0,1,4,2
20610,C_Tbl_correct,L2_ch224:256,2,1,1.2417497634887695,electron,27.251541137695312,-1.0,,second_lepton,0,1,4,2
20610,C_Tbl_correct,L2_ch224:256,3,2,1.1593133211135864,charged_hadron,23.027128219604492,1.0,,hardest_hadron,0,1,4,2
12308,A_protected_highiso,L1_ch32:48,1,39,17.789369583129883,photon,1.148496150970459,0.0,,photon_neighbor,0,,27,3
12308,A_protected_highiso,L1_ch32:48,2,27,17.54275894165039,charged_hadron,2.8677265644073486,-1.0,,nearest_hadron_to_best_lepton,0,,27,3
12308,A_protected_highiso,L1_ch32:48,3,33,15.188114166259766,photon,2.111804962158203,0.0,,photon_neighbor,0,,27,3
12358,A_protected_highiso,L1_ch32:48,1,26,16.7995548248291,charged_hadron,2.6836631298065186,1.0,,hadron_neighbor,0,,35,2
12358,A_protected_highiso,L1_ch32:48,2,24,16.027679443359375,neutral_hadron,3.9031546115875244,0.0,,hadron_neighbor,0,,35,2
12358,A_protected_highiso,L1_ch32:48,3,16,15.996125221252441,photon,7.151057243347168,0.0,,photon_neighbor,0,,35,2
12438,A_protected_highiso,L1_ch32:48,1,35,20.658262252807617,neutral_hadron,1.7866588830947876,0.0,,hadron_neighbor,0,,31,1
12438,A_protected_highiso,L1_ch32:48,2,31,20.542991638183594,charged_hadron,2.269176721572876,-1.0,,nearest_hadron_to_best_lepton,0,,31,1
12438,A_protected_highiso,L1_ch32:48,3,20,18.118427276611328,neutral_hadron,5.170764446258545,0.0,,hadron_neighbor,0,,31,1
12442,A_protected_highiso,L1_ch32:48,1,67,20.06971549987793,photon,1.1153390407562256,0.0,,photon_neighbor,0,49,44,1
12442,A_protected_highiso,L1_ch32:48,2,55,16.248685836791992,photon,2.3163421154022217,0.0,,photon_neighbor,0,49,44,1
12442,A_protected_highiso,L1_ch32:48,3,44,16.06991958618164,neutral_hadron,4.02131462097168,0.0,,nearest_hadron_to_best_lepton,0,49,44,1
12509,A_protected_highiso,L1_ch32:48,1,31,18.992168426513672,charged_hadron,2.225774049758911,-1.0,,hadron_neighbor,0,25,11,2
12509,A_protected_highiso,L1_ch32:48,2,35,17.716243743896484,charged_hadron,1.461323857307434,-1.0,,hadron_neighbor,0,25,11,2
12509,A_protected_highiso,L1_ch32:48,3,16,17.174257278442383,neutral_hadron,5.6616644859313965,0.0,,hadron_neighbor,0,25,11,2
12592,A_protected_highiso,L1_ch32:48,1,28,23.902742385864258,charged_hadron,2.568453073501587,-1.0,,hadron_neighbor,0,,25,2
12592,A_protected_highiso,L1_ch32:48,2,20,21.667081832885742,neutral_hadron,5.794879913330078,0.0,,hadron_neighbor,0,,25,2
12592,A_protected_highiso,L1_ch32:48,3,25,18.35982322692871,charged_hadron,4.082335948944092,-1.0,,nearest_hadron_to_best_lepton,0,,25,2
12784,A_protected_highiso,L1_ch32:48,1,47,37.92581558227539,charged_hadron,0.5204013586044312,-1.0,,hadron_neighbor,0,,13,1
12784,A_protected_highiso,L1_ch32:48,2,46,23.851163864135742,photon,0.8449816703796387,0.0,,photon_neighbor,0,,13,1
12784,A_protected_highiso,L1_ch32:48,3,13,18.79059410095215,charged_hadron,5.814453601837158,-1.0,,nearest_hadron_to_best_lepton,0,,13,1
13089,A_protected_highiso,L1_ch32:48,1,43,21.43331527709961,charged_hadron,3.355541229248047,-1.0,,hadron_neighbor,1,,45,0
13089,A_protected_highiso,L1_ch32:48,2,63,20.26067352294922,photon,1.3291555643081665,0.0,,photon_neighbor,1,,45,0
13089,A_protected_highiso,L1_ch32:48,3,45,18.804168701171875,charged_hadron,3.1766154766082764,1.0,,nearest_hadron_to_best_lepton,1,,45,0
13279,A_protected_highiso,L1_ch32:48,1,0,17.9110107421875,muon,236.35154724121094,1.0,,particle0_best_lepton,0,,15,1
13279,A_protected_highiso,L1_ch32:48,2,1,15.865753173828125,neutral_hadron,27.298479080200195,0.0,,hardest_hadron,0,,15,1
13279,A_protected_highiso,L1_ch32:48,3,14,15.013195037841797,charged_hadron,7.946604251861572,-1.0,,hadron_neighbor,0,,15,1
13374,A_protected_highiso,L1_ch32:48,1,0,19.151378631591797,electron,354.0111389160156,-1.0,,particle0_best_lepton,0,,20,2
13374,A_protected_highiso,L1_ch32:48,2,29,18.501102447509766,neutral_hadron,1.8654301166534424,0.0,,hadron_neighbor,0,,20,2
13374,A_protected_highiso,L1_ch32:48,3,23,16.48792839050293,charged_hadron,2.5105299949645996,-1.0,,hadron_neighbor,0,,20,2
13400,A_protected_highiso,L1_ch32:48,1,36,18.17082977294922,charged_hadron,2.335115671157837,1.0,,nearest_hadron_to_best_lepton,0,,36,1
13400,A_protected_highiso,L1_ch32:48,2,35,16.695043563842773,photon,2.3560378551483154,0.0,,photon_neighbor,0,,36,1
13400,A_protected_highiso,L1_ch32:48,3,21,16.545324325561523,neutral_hadron,4.517094135284424,0.0,,hadron_neighbor,0,,36,1
13529,A_protected_highiso,L1_ch32:48,1,39,18.767841339111328,charged_hadron,1.2652018070220947,1.0,,hadron_neighbor,0,,9,2
13529,A_protected_highiso,L1_ch32:48,2,0,17.215946197509766,muon,326.5039978027344,1.0,,particle0_best_lepton,0,,9,2
13529,A_protected_highiso,L1_ch32:48,3,18,16.610692977905273,neutral_hadron,5.468654155731201,0.0,,hadron_neighbor,0,,9,2
13897,A_protected_highiso,L1_ch32:48,1,37,22.589740753173828,photon,2.626579999923706,0.0,,photon_neighbor,0,,14,2
13897,A_protected_highiso,L1_ch32:48,2,36,22.56302833557129,charged_hadron,2.9711923599243164,1.0,,hadron_neighbor,0,,14,2
13897,A_protected_highiso,L1_ch32:48,3,13,22.026241302490234,neutral_hadron,10.402050018310547,0.0,,hard_hadron,0,,14,2
14139,A_protected_highiso,L1_ch32:48,1,11,20.674915313720703,neutral_hadron,11.743293762207031,0.0,,hard_hadron,0,,14,1
14139,A_protected_highiso,L1_ch32:48,2,14,18.806209564208984,charged_hadron,8.893445014953613,1.0,,nearest_hadron_to_best_lepton,0,,14,1
14139,A_protected_highiso,L1_ch32:48,3,0,18.438827514648438,muon,359.5831604003906,1.0,,particle0_best_lepton,0,,14,1
14355,A_protected_highiso,L1_ch32:48,1,15,24.90936851501465,neutral_hadron,6.293563365936279,0.0,,hadron_neighbor,0,,25,1
14355,A_protected_highiso,L1_ch32:48,2,5,19.10194969177246,neutral_hadron,23.721851348876953,0.0,,hard_hadron,0,,25,1
14355,A_protected_highiso,L1_ch32:48,3,43,17.56528663635254,charged_hadron,0.8503036499023438,1.0,,hadron_neighbor,0,,25,1
14381,A_protected_highiso,L1_ch32:48,1,42,22.71792221069336,charged_hadron,1.008749008178711,-1.0,,hadron_neighbor,0,,26,1
14381,A_protected_highiso,L1_ch32:48,2,46,21.74689292907715,charged_hadron,0.2976926565170288,-1.0,,hadron_neighbor,0,,26,1
14381,A_protected_highiso,L1_ch32:48,3,40,19.80223274230957,photon,1.2119122743606567,0.0,,photon_neighbor,0,,26,1
14596,A_protected_highiso,L1_ch32:48,1,31,18.948497772216797,neutral_hadron,3.1544477939605713,0.0,,hadron_neighbor,0,37,20,1
14596,A_protected_highiso,L1_ch32:48,2,58,18.847707748413086,charged_hadron,1.4016443490982056,-1.0,,hadron_neighbor,0,37,20,1
14596,A_protected_highiso,L1_ch32:48,3,45,18.19124412536621,charged_hadron,1.962424874305725,-1.0,,hadron_neighbor,0,37,20,1
14600,A_protected_highiso,L1_ch32:48,1,29,27.817216873168945,neutral_hadron,2.4049339294433594,0.0,,hadron_neighbor,0,,12,2
14600,A_protected_highiso,L1_ch32:48,2,21,23.10711097717285,neutral_hadron,4.6432929039001465,0.0,,hadron_neighbor,0,,12,2
14600,A_protected_highiso,L1_ch32:48,3,33,21.66251564025879,neutral_hadron,2.146258592605591,0.0,,hadron_neighbor,0,,12,2
14625,A_protected_highiso,L1_ch32:48,1,63,27.680503845214844,charged_hadron,0.616908609867096,-1.0,,hadron_neighbor,0,10,44,1
14625,A_protected_highiso,L1_ch32:48,2,24,23.06333351135254,neutral_hadron,5.432673931121826,0.0,,hadron_neighbor,0,10,44,1
14625,A_protected_highiso,L1_ch32:48,3,37,22.569704055786133,neutral_hadron,2.922390937805176,0.0,,hadron_neighbor,0,10,44,1
14742,A_protected_highiso,L1_ch32:48,1,46,21.436237335205078,photon,1.1350178718566895,0.0,,photon_neighbor,0,,16,1
14742,A_protected_highiso,L1_ch32:48,2,43,21.12407112121582,photon,1.4776220321655273,0.0,,photon_neighbor,0,,16,1
14742,A_protected_highiso,L1_ch32:48,3,37,18.62528419494629,charged_hadron,2.2931888103485107,-1.0,,hadron_neighbor,0,,16,1
14991,A_protected_highiso,L1_ch32:48,1,16,26.26970672607422,neutral_hadron,12.0929536819458,0.0,,hadron_neighbor,0,,42,1
14991,A_protected_highiso,L1_ch32:48,2,42,20.21760368347168,charged_hadron,1.6393872499465942,1.0,,nearest_hadron_to_best_lepton,0,,42,1
14991,A_protected_highiso,L1_ch32:48,3,34,17.713584899902344,charged_hadron,3.235229015350342,1.0,,hadron_neighbor,0,,42,1
14999,A_protected_highiso,L1_ch32:48,1,26,19.02399444580078,charged_hadron,3.704026222229004,-1.0,,hadron_neighbor,0,,21,1
14999,A_protected_highiso,L1_ch32:48,2,18,18.458477020263672,charged_hadron,5.064562797546387,1.0,,hadron_neighbor,0,,21,1
14999,A_protected_highiso,L1_ch32:48,3,1,16.700952529907227,neutral_hadron,157.8699493408203,0.0,,hardest_hadron,0,,21,1
15006,A_protected_highiso,L1_ch32:48,1,52,27.234960556030273,photon,0.9772980809211731,0.0,,photon_neighbor,0,,12,1
15006,A_protected_highiso,L1_ch32:48,2,32,24.55227279663086,charged_hadron,2.557497501373291,1.0,,hadron_neighbor,0,,12,1
15006,A_protected_highiso,L1_ch32:48,3,2,23.710622787475586,neutral_hadron,72.6405029296875,0.0,,hard_hadron,0,,12,1
15112,A_protected_highiso,L1_ch32:48,1,17,23.733930587768555,neutral_hadron,6.060866832733154,0.0,,nearest_hadron_to_best_lepton,0,,17,1
15112,A_protected_highiso,L1_ch32:48,2,22,17.38275146484375,neutral_hadron,4.843435764312744,0.0,,hadron_neighbor,0,,17,1
15112,A_protected_highiso,L1_ch32:48,3,0,17.31647491455078,electron,273.059814453125,-1.0,,particle0_best_lepton,0,,17,1
15233,A_protected_highiso,L1_ch32:48,1,6,18.195520401000977,neutral_hadron,12.951828956604004,0.0,,hard_hadron,0,,9,1
15233,A_protected_highiso,L1_ch32:48,2,11,17.914573669433594,charged_hadron,9.06219482421875,1.0,,hadron_neighbor,0,,9,1
15233,A_protected_highiso,L1_ch32:48,3,0,17.780609130859375,electron,246.3203582763672,1.0,,particle0_best_lepton,0,,9,1
15292,A_protected_highiso,L1_ch32:48,1,38,23.972625732421875,neutral_hadron,3.699150323867798,0.0,,hadron_neighbor,0,,26,1
15292,A_protected_highiso,L1_ch32:48,2,63,21.00945472717285,photon,1.1841994524002075,0.0,,photon_neighbor,0,,26,1
15292,A_protected_highiso,L1_ch32:48,3,67,20.504592895507812,photon,0.9018247723579407,0.0,,photon_neighbor,0,,26,1
15512,A_protected_highiso,L1_ch32:48,1,31,16.654714584350586,charged_hadron,2.3799004554748535,-1.0,,hadron_neighbor,0,,16,3
15512,A_protected_highiso,L1_ch32:48,2,3,16.030733108520508,neutral_hadron,41.06694030761719,0.0,,hardest_hadron,0,,16,3
15512,A_protected_highiso,L1_ch32:48,3,34,14.61422348022461,photon,1.8618484735488892,0.0,,photon_neighbor,0,,16,3
15540,A_protected_highiso,L1_ch32:48,1,23,20.65377426147461,neutral_hadron,3.5660855770111084,0.0,,hadron_neighbor,0,,3,2
15540,A_protected_highiso,L1_ch32:48,2,18,18.187530517578125,neutral_hadron,4.967093467712402,0.0,,hadron_neighbor,0,,3,2
15540,A_protected_highiso,L1_ch32:48,3,41,18.018579483032227,photon,0.8595089912414551,0.0,,photon_neighbor,0,,3,2
15590,A_protected_highiso,L1_ch32:48,1,31,19.564199447631836,neutral_hadron,2.0139172077178955,0.0,,hadron_neighbor,0,2,19,1
15590,A_protected_highiso,L1_ch32:48,2,19,19.213241577148438,charged_hadron,4.0379815101623535,1.0,,nearest_hadron_to_best_lepton,0,2,19,1
15590,A_protected_highiso,L1_ch32:48,3,0,19.11662483215332,muon,301.4415283203125,1.0,,particle0_best_lepton,0,2,19,1
15684,A_protected_highiso,L1_ch32:48,1,27,18.766386032104492,neutral_hadron,2.953411817550659,0.0,,hadron_neighbor,0,,11,1
15684,A_protected_highiso,L1_ch32:48,2,42,18.047039031982422,neutral_hadron,1.9615918397903442,0.0,,hadron_neighbor,0,,11,1
15684,A_protected_highiso,L1_ch32:48,3,0,17.16645622253418,electron,300.70977783203125,1.0,,particle0_best_lepton,0,,11,1
15800,A_protected_highiso,L1_ch32:48,1,56,17.03671646118164,charged_hadron,0.7515379190444946,1.0,,hadron_neighbor,0,,8,1
15800,A_protected_highiso,L1_ch32:48,2,48,17.02169418334961,neutral_hadron,1.2479043006896973,0.0,,hadron_neighbor,0,,8,1
15800,A_protected_highiso,L1_ch32:48,3,0,15.588664054870605,electron,346.1005859375,1.0,,particle0_best_lepton,0,,8,1
16360,A_protected_highiso,L1_ch32:48,1,12,23.453285217285156,neutral_hadron,6.347490310668945,0.0,,nearest_hadron_to_best_lepton,0,,12,4
16360,A_protected_highiso,L1_ch32:48,2,24,20.148666381835938,neutral_hadron,3.3494021892547607,0.0,,hadron_neighbor,0,,12,4
16360,A_protected_highiso,L1_ch32:48,3,42,19.741779327392578,charged_hadron,0.855374276638031,-1.0,,hadron_neighbor,0,,12,4
12649,B_confused_highiso,L1_ch32:48,1,60,26.88532066345215,neutral_hadron,2.1160624027252197,0.0,,hadron_neighbor,0,47,22,1
12649,B_confused_highiso,L1_ch32:48,2,64,22.746997833251953,photon,1.7768747806549072,0.0,,photon_neighbor,0,47,22,1
12649,B_confused_highiso,L1_ch32:48,3,0,22.666440963745117,muon,316.7471008300781,-1.0,,particle0_best_lepton,0,47,22,1
12982,B_confused_highiso,L1_ch32:48,1,34,34.777061462402344,charged_hadron,2.1020498275756836,-1.0,,hadron_neighbor,0,,15,1
12982,B_confused_highiso,L1_ch32:48,2,5,24.97039222717285,neutral_hadron,12.638895034790039,0.0,,hard_hadron,0,,15,1
12982,B_confused_highiso,L1_ch32:48,3,16,22.31976890563965,neutral_hadron,7.534743785858154,0.0,,hadron_neighbor,0,,15,1
13045,B_confused_highiso,L1_ch32:48,1,36,23.792312622070312,neutral_hadron,2.7172300815582275,0.0,,hadron_neighbor,0,2,15,1
13045,B_confused_highiso,L1_ch32:48,2,29,20.683130264282227,neutral_hadron,3.5040578842163086,0.0,,hadron_neighbor,0,2,15,1
13045,B_confused_highiso,L1_ch32:48,3,30,20.068525314331055,neutral_hadron,3.287233591079712,0.0,,hadron_neighbor,0,2,15,1
13583,B_confused_highiso,L1_ch32:48,1,18,28.39014434814453,neutral_hadron,5.241640090942383,0.0,,hadron_neighbor,0,14,4,2
13583,B_confused_highiso,L1_ch32:48,2,5,22.637340545654297,neutral_hadron,22.331634521484375,0.0,,hard_hadron,0,14,4,2
13583,B_confused_highiso,L1_ch32:48,3,42,21.63454818725586,photon,1.3358418941497803,0.0,,photon_neighbor,0,14,4,2
13787,B_confused_highiso,L1_ch32:48,1,19,19.778156280517578,charged_hadron,4.461301326751709,1.0,,nearest_hadron_to_best_lepton,0,,19,1
13787,B_confused_highiso,L1_ch32:48,2,18,18.3071346282959,neutral_hadron,4.554568767547607,0.0,,hadron_neighbor,0,,19,1
13787,B_confused_highiso,L1_ch32:48,3,35,17.873374938964844,photon,1.6093707084655762,0.0,,photon_neighbor,0,,19,1
13997,B_confused_highiso,L1_ch32:48,1,18,21.606096267700195,charged_hadron,4.5394110679626465,1.0,,nearest_hadron_to_best_lepton,0,,18,1
13997,B_confused_highiso,L1_ch32:48,2,33,20.174903869628906,charged_hadron,2.1078224182128906,1.0,,hadron_neighbor,0,,18,1
13997,B_confused_highiso,L1_ch32:48,3,25,20.174537658691406,neutral_hadron,3.0593197345733643,0.0,,hadron_neighbor,0,,18,1
14711,B_confused_highiso,L1_ch32:48,1,34,31.204715728759766,neutral_hadron,4.205141067504883,0.0,,hadron_neighbor,0,66,45,1
14711,B_confused_highiso,L1_ch32:48,2,37,27.469165802001953,neutral_hadron,3.9964122772216797,0.0,,hadron_neighbor,0,66,45,1
14711,B_confused_highiso,L1_ch32:48,3,68,26.571849822998047,photon,1.199973225593567,0.0,,photon_neighbor,0,66,45,1
15288,B_confused_highiso,L1_ch32:48,1,13,21.403484344482422,charged_hadron,4.462475776672363,-1.0,,hard_hadron,0,,31,1
15288,B_confused_highiso,L1_ch32:48,2,0,20.143089294433594,electron,429.5041198730469,-1.0,,particle0_best_lepton,0,,31,1
15288,B_confused_highiso,L1_ch32:48,3,8,19.470458984375,neutral_hadron,5.959022521972656,0.0,,hard_hadron,0,,31,1
15528,B_confused_highiso,L1_ch32:48,1,0,50.81154251098633,photon,468.97296142578125,0.0,,particle0,3,15,33,1
15528,B_confused_highiso,L1_ch32:48,2,48,34.044647216796875,photon,1.1540112495422363,0.0,,photon_neighbor,3,15,33,1
15528,B_confused_highiso,L1_ch32:48,3,44,30.099363327026367,charged_hadron,1.556057095527649,-1.0,,hadron_neighbor,3,15,33,1
15658,B_confused_highiso,L1_ch32:48,1,71,40.076072692871094,charged_hadron,0.7258743643760681,-1.0,,hadron_neighbor,0,5,43,1
15658,B_confused_highiso,L1_ch32:48,2,43,24.691993713378906,neutral_hadron,3.635770797729492,0.0,,nearest_hadron_to_best_lepton,0,5,43,1
15658,B_confused_highiso,L1_ch32:48,3,29,18.292390823364258,neutral_hadron,4.866365909576416,0.0,,hadron_neighbor,0,5,43,1
15893,B_confused_highiso,L1_ch32:48,1,43,20.63235092163086,photon,1.057771921157837,0.0,,photon_neighbor,0,,24,1
15893,B_confused_highiso,L1_ch32:48,2,10,17.620637893676758,neutral_hadron,15.636322975158691,0.0,,hard_hadron,0,,24,1
15893,B_confused_highiso,L1_ch32:48,3,0,16.72195053100586,electron,297.3345947265625,-1.0,,particle0_best_lepton,0,,24,1
20480,C_Tbl_correct,L1_ch32:48,1,11,33.16988754272461,charged_hadron,5.885776042938232,-1.0,,nearest_hadron_to_best_lepton,0,,11,1
20480,C_Tbl_correct,L1_ch32:48,2,4,32.177242279052734,photon,18.744203567504883,0.0,,photon_neighbor,0,,11,1
20480,C_Tbl_correct,L1_ch32:48,3,7,31.126842498779297,photon,13.215398788452148,0.0,,photon_neighbor,0,,11,1
20481,C_Tbl_correct,L1_ch32:48,1,0,26.578275680541992,muon,498.7115783691406,1.0,,particle0_best_lepton,0,1,19,2
20481,C_Tbl_correct,L1_ch32:48,2,19,21.255023956298828,charged_hadron,3.744546890258789,-1.0,,nearest_hadron_to_best_lepton,0,1,19,2
20481,C_Tbl_correct,L1_ch32:48,3,18,20.492963790893555,neutral_hadron,3.892345428466797,0.0,,hadron_neighbor,0,1,19,2
20482,C_Tbl_correct,L1_ch32:48,1,1,20.292572021484375,neutral_hadron,85.6462173461914,0.0,,hardest_hadron,0,2,5,1
20482,C_Tbl_correct,L1_ch32:48,2,16,20.258235931396484,charged_hadron,3.219871997833252,1.0,,hadron_neighbor,0,2,5,1
20482,C_Tbl_correct,L1_ch32:48,3,11,19.157564163208008,neutral_hadron,6.867698669433594,0.0,,hadron_neighbor,0,2,5,1
20483,C_Tbl_correct,L1_ch32:48,1,0,25.949726104736328,muon,391.753173828125,1.0,,particle0_best_lepton,0,,16,1
20483,C_Tbl_correct,L1_ch32:48,2,13,22.76858139038086,neutral_hadron,4.0371012687683105,0.0,,hadron_neighbor,0,,16,1
20483,C_Tbl_correct,L1_ch32:48,3,28,20.119857788085938,charged_hadron,1.3448238372802734,1.0,,hadron_neighbor,0,,16,1
20484,C_Tbl_correct,L1_ch32:48,1,32,35.40647506713867,charged_hadron,2.3835859298706055,-1.0,,hadron_neighbor,0,3,11,4
20484,C_Tbl_correct,L1_ch32:48,2,3,28.891904830932617,muon,37.70759582519531,1.0,,second_lepton,0,3,11,4
20484,C_Tbl_correct,L1_ch32:48,3,27,25.847620010375977,photon,3.0787224769592285,0.0,,photon_neighbor,0,3,11,4
20485,C_Tbl_correct,L1_ch32:48,1,8,24.559253692626953,charged_hadron,7.247351169586182,1.0,,hadron_neighbor,0,6,15,1
20485,C_Tbl_correct,L1_ch32:48,2,16,24.498472213745117,charged_hadron,4.126211643218994,-1.0,,hadron_neighbor,0,6,15,1
20485,C_Tbl_correct,L1_ch32:48,3,14,22.064571380615234,charged_hadron,5.220975399017334,1.0,,hadron_neighbor,0,6,15,1
20486,C_Tbl_correct,L1_ch32:48,1,2,27.04665756225586,neutral_hadron,36.874393463134766,0.0,,hard_hadron,1,,15,0
20486,C_Tbl_correct,L1_ch32:48,2,25,18.845949172973633,charged_hadron,1.996366024017334,1.0,,hadron_neighbor,1,,15,0
20486,C_Tbl_correct,L1_ch32:48,3,19,18.662710189819336,charged_hadron,4.82055139541626,-1.0,,hadron_neighbor,1,,15,0
20487,C_Tbl_correct,L1_ch32:48,1,7,26.53119468688965,neutral_hadron,14.018631935119629,0.0,,hard_hadron,0,4,19,1
20487,C_Tbl_correct,L1_ch32:48,2,0,26.31157112121582,muon,330.2943420410156,-1.0,,particle0_best_lepton,0,4,19,1
20487,C_Tbl_correct,L1_ch32:48,3,18,25.035921096801758,charged_hadron,6.466400146484375,1.0,,hadron_neighbor,0,4,19,1
20488,C_Tbl_correct,L1_ch32:48,1,5,23.543134689331055,neutral_hadron,32.08749771118164,0.0,,hard_hadron,0,,19,1
20488,C_Tbl_correct,L1_ch32:48,2,30,19.817426681518555,charged_hadron,1.1708115339279175,-1.0,,hadron_neighbor,0,,19,1
20488,C_Tbl_correct,L1_ch32:48,3,19,19.728391647338867,charged_hadron,5.245718955993652,-1.0,,nearest_hadron_to_best_lepton,0,,19,1
20489,C_Tbl_correct,L1_ch32:48,1,0,22.277929306030273,electron,267.3357238769531,1.0,,particle0_best_lepton,0,2,14,1
20489,C_Tbl_correct,L1_ch32:48,2,7,21.65502166748047,neutral_hadron,14.230414390563965,0.0,,hard_hadron,0,2,14,1
20489,C_Tbl_correct,L1_ch32:48,3,2,17.10850715637207,muon,39.83409881591797,1.0,,second_lepton,0,2,14,1
20490,C_Tbl_correct,L1_ch32:48,1,35,29.13112449645996,charged_hadron,0.38173723220825195,-1.0,,hadron_neighbor,0,,19,1
20490,C_Tbl_correct,L1_ch32:48,2,9,23.0589542388916,neutral_hadron,14.754340171813965,0.0,,hadron_neighbor,0,,19,1
20490,C_Tbl_correct,L1_ch32:48,3,0,18.412763595581055,muon,222.58627319335938,1.0,,particle0_best_lepton,0,,19,1
20491,C_Tbl_correct,L1_ch32:48,1,0,24.236387252807617,muon,564.8671875,-1.0,,particle0_best_lepton,0,,15,1
20491,C_Tbl_correct,L1_ch32:48,2,15,21.166410446166992,neutral_hadron,6.43697452545166,0.0,,nearest_hadron_to_best_lepton,0,,15,1
20491,C_Tbl_correct,L1_ch32:48,3,9,20.754188537597656,neutral_hadron,11.086889266967773,0.0,,hadron_neighbor,0,,15,1
20492,C_Tbl_correct,L1_ch32:48,1,48,39.83811569213867,neutral_hadron,3.0745084285736084,0.0,,hadron_neighbor,0,,74,1
20492,C_Tbl_correct,L1_ch32:48,2,0,32.703060150146484,muon,252.05963134765625,-1.0,,particle0_best_lepton,0,,74,1
20492,C_Tbl_correct,L1_ch32:48,3,38,31.833833694458008,neutral_hadron,4.995861053466797,0.0,,hadron_neighbor,0,,74,1
20493,C_Tbl_correct,L1_ch32:48,1,5,17.602523803710938,neutral_hadron,11.662718772888184,0.0,,hard_hadron,0,1,14,2
20493,C_Tbl_correct,L1_ch32:48,2,2,16.922090530395508,charged_hadron,71.3250503540039,1.0,,hardest_hadron,0,1,14,2
20493,C_Tbl_correct,L1_ch32:48,3,0,16.29062843322754,electron,186.51634216308594,1.0,,particle0_best_lepton,0,1,14,2
20494,C_Tbl_correct,L1_ch32:48,1,0,28.703092575073242,muon,482.8270568847656,1.0,,particle0_best_lepton,0,,8,3
20494,C_Tbl_correct,L1_ch32:48,2,5,24.306657791137695,neutral_hadron,11.026620864868164,0.0,,hard_hadron,0,,8,3
20494,C_Tbl_correct,L1_ch32:48,3,23,22.078813552856445,photon,0.9001802802085876,0.0,,photon_neighbor,0,,8,3
20495,C_Tbl_correct,L1_ch32:48,1,0,23.925207138061523,neutral_hadron,267.8205261230469,0.0,,particle0,2,4,5,0
20495,C_Tbl_correct,L1_ch32:48,2,21,23.345462799072266,charged_hadron,1.1166986227035522,1.0,,hadron_neighbor,2,4,5,0
20495,C_Tbl_correct,L1_ch32:48,3,15,20.9139461517334,charged_hadron,2.263141393661499,1.0,,hadron_neighbor,2,4,5,0
20496,C_Tbl_correct,L1_ch32:48,1,27,30.10378646850586,charged_hadron,2.9201574325561523,-1.0,,hadron_neighbor,0,,24,1
20496,C_Tbl_correct,L1_ch32:48,2,28,29.84662628173828,photon,2.8716683387756348,0.0,,photon_neighbor,0,,24,1
20496,C_Tbl_correct,L1_ch32:48,3,32,28.834121704101562,photon,2.0957374572753906,0.0,,photon_neighbor,0,,24,1
20497,C_Tbl_correct,L1_ch32:48,1,19,34.7849235534668,charged_hadron,0.2492384910583496,1.0,,hadron_neighbor,0,,11,1
20497,C_Tbl_correct,L1_ch32:48,2,0,30.454988479614258,muon,332.51971435546875,1.0,,particle0_best_lepton,0,,11,1
20497,C_Tbl_correct,L1_ch32:48,3,13,29.05992889404297,charged_hadron,2.868070125579834,1.0,,hadron_neighbor,0,,11,1
20498,C_Tbl_correct,L1_ch32:48,1,11,28.883438110351562,charged_hadron,1.4357649087905884,1.0,,hadron_neighbor,1,,5,0
20498,C_Tbl_correct,L1_ch32:48,2,8,27.556941986083984,charged_hadron,12.726814270019531,-1.0,,hadron_neighbor,1,,5,0
20498,C_Tbl_correct,L1_ch32:48,3,2,27.1134033203125,charged_hadron,109.99597930908203,-1.0,,hard_hadron,1,,5,0
20499,C_Tbl_correct,L1_ch32:48,1,11,23.33600616455078,charged_hadron,4.521134853363037,1.0,,nearest_hadron_to_best_lepton,1,,11,0
20499,C_Tbl_correct,L1_ch32:48,2,0,23.2877197265625,neutral_hadron,215.2129364013672,0.0,,particle0,1,,11,0
20499,C_Tbl_correct,L1_ch32:48,3,4,22.746353149414062,charged_hadron,29.125497817993164,1.0,,hard_hadron,1,,11,0
20500,C_Tbl_correct,L1_ch32:48,1,0,26.56473159790039,electron,329.0126953125,1.0,,particle0_best_lepton,0,12,11,1
20500,C_Tbl_correct,L1_ch32:48,2,11,26.345611572265625,neutral_hadron,6.100399971008301,0.0,,nearest_hadron_to_best_lepton,0,12,11,1
20500,C_Tbl_correct,L1_ch32:48,3,30,25.310131072998047,neutral_hadron,2.2880802154541016,0.0,,hadron_neighbor,0,12,11,1
20501,C_Tbl_correct,L1_ch32:48,1,37,36.819583892822266,charged_hadron,0.5801117420196533,1.0,,hadron_neighbor,0,,19,1
20501,C_Tbl_correct,L1_ch32:48,2,0,26.6231632232666,electron,133.78932189941406,-1.0,,particle0_best_lepton,0,,19,1
20501,C_Tbl_correct,L1_ch32:48,3,35,26.164432525634766,charged_hadron,1.2583918571472168,-1.0,,hadron_neighbor,0,,19,1
20502,C_Tbl_correct,L1_ch32:48,1,31,48.173973083496094,charged_hadron,0.5328081846237183,-1.0,,hadron_neighbor,0,4,15,1
20502,C_Tbl_correct,L1_ch32:48,2,28,31.342191696166992,charged_hadron,1.4658023118972778,1.0,,hadron_neighbor,0,4,15,1
20502,C_Tbl_correct,L1_ch32:48,3,17,29.420522689819336,charged_hadron,3.745577096939087,1.0,,hadron_neighbor,0,4,15,1
20503,C_Tbl_correct,L1_ch32:48,1,9,24.62030601501465,neutral_hadron,13.921087265014648,0.0,,hadron_neighbor,4,6,15,0
20503,C_Tbl_correct,L1_ch32:48,2,0,23.757892608642578,neutral_hadron,159.96481323242188,0.0,,particle0,4,6,15,0
20503,C_Tbl_correct,L1_ch32:48,3,10,22.388628005981445,charged_hadron,11.84280014038086,-1.0,,hadron_neighbor,4,6,15,0
20504,C_Tbl_correct,L1_ch32:48,1,0,20.908355712890625,neutral_hadron,149.13922119140625,0.0,,particle0,1,,20,0
20504,C_Tbl_correct,L1_ch32:48,2,20,18.998266220092773,charged_hadron,2.829601526260376,1.0,,nearest_hadron_to_best_lepton,1,,20,0
20504,C_Tbl_correct,L1_ch32:48,3,15,17.675798416137695,neutral_hadron,4.605777740478516,0.0,,hadron_neighbor,1,,20,0
20505,C_Tbl_correct,L1_ch32:48,1,9,29.903491973876953,charged_hadron,2.6928770542144775,1.0,,nearest_hadron_to_best_lepton,0,,9,1
20505,C_Tbl_correct,L1_ch32:48,2,13,26.933509826660156,photon,1.3863903284072876,0.0,,photon_neighbor,0,,9,1
20505,C_Tbl_correct,L1_ch32:48,3,8,25.541831970214844,photon,2.747110605239868,0.0,,photon_neighbor,0,,9,1
20506,C_Tbl_correct,L1_ch32:48,1,29,20.97435760498047,charged_hadron,2.2254481315612793,-1.0,,hadron_neighbor,0,12,13,1
20506,C_Tbl_correct,L1_ch32:48,2,13,17.085031509399414,charged_hadron,6.050452709197998,-1.0,,nearest_hadron_to_best_lepton,0,12,13,1
20506,C_Tbl_correct,L1_ch32:48,3,10,16.95892333984375,neutral_hadron,7.23166561126709,0.0,,hadron_neighbor,0,12,13,1
20507,C_Tbl_correct,L1_ch32:48,1,34,25.601383209228516,charged_hadron,1.0380827188491821,-1.0,,nearest_hadron_to_best_lepton,0,1,34,2
20507,C_Tbl_correct,L1_ch32:48,2,15,23.63703155517578,neutral_hadron,7.778783321380615,0.0,,hadron_neighbor,0,1,34,2
20507,C_Tbl_correct,L1_ch32:48,3,20,21.925710678100586,charged_hadron,6.3102946281433105,-1.0,,hadron_neighbor,0,1,34,2
20508,C_Tbl_correct,L1_ch32:48,1,20,26.642488479614258,charged_hadron,2.443002939224243,-1.0,,hadron_neighbor,0,19,15,2
20508,C_Tbl_correct,L1_ch32:48,2,18,24.4344482421875,charged_hadron,3.4035887718200684,1.0,,hadron_neighbor,0,19,15,2
20508,C_Tbl_correct,L1_ch32:48,3,13,23.001619338989258,photon,6.436136722564697,0.0,,photon_neighbor,0,19,15,2
20509,C_Tbl_correct,L1_ch32:48,1,7,33.01346206665039,charged_hadron,6.556372165679932,-1.0,,hadron_neighbor,1,4,8,0
20509,C_Tbl_correct,L1_ch32:48,2,14,31.031253814697266,photon,2.022557020187378,0.0,,photon_neighbor,1,4,8,0
20509,C_Tbl_correct,L1_ch32:48,3,15,29.951475143432617,photon,1.199245810508728,0.0,,photon_neighbor,1,4,8,0
20510,C_Tbl_correct,L1_ch32:48,1,23,20.001127243041992,photon,2.659688949584961,0.0,,photon_neighbor,0,,4,1
20510,C_Tbl_correct,L1_ch32:48,2,14,18.33553123474121,charged_hadron,10.692155838012695,-1.0,,hadron_neighbor,0,,4,1
20510,C_Tbl_correct,L1_ch32:48,3,0,18.262788772583008,muon,254.29237365722656,1.0,,particle0_best_lepton,0,,4,1
20511,C_Tbl_correct,L1_ch32:48,1,0,30.375152587890625,muon,148.91407775878906,-1.0,,particle0_best_lepton,0,46,34,1
20511,C_Tbl_correct,L1_ch32:48,2,17,24.381698608398438,neutral_hadron,9.2466402053833,0.0,,hadron_neighbor,0,46,34,1
20511,C_Tbl_correct,L1_ch32:48,3,32,24.278932571411133,charged_hadron,3.1528353691101074,-1.0,,hadron_neighbor,0,46,34,1
20512,C_Tbl_correct,L1_ch32:48,1,12,22.536306381225586,charged_hadron,2.3417375087738037,1.0,,hadron_neighbor,1,,5,2
20512,C_Tbl_correct,L1_ch32:48,2,3,21.383880615234375,neutral_hadron,41.5772819519043,0.0,,hard_hadron,1,,5,2
20512,C_Tbl_correct,L1_ch32:48,3,4,20.57149314880371,charged_hadron,35.40212631225586,1.0,,hard_hadron,1,,5,2
20513,C_Tbl_correct,L1_ch32:48,1,14,28.175077438354492,charged_hadron,2.456357717514038,1.0,,hadron_neighbor,0,,17,1
20513,C_Tbl_correct,L1_ch32:48,2,4,28.162744522094727,neutral_hadron,15.103873252868652,0.0,,hard_hadron,0,,17,1
20513,C_Tbl_correct,L1_ch32:48,3,0,27.96866798400879,electron,344.981689453125,1.0,,particle0_best_lepton,0,,17,1
20514,C_Tbl_correct,L1_ch32:48,1,12,23.225860595703125,charged_hadron,11.520058631896973,-1.0,,hadron_neighbor,0,,11,1
20514,C_Tbl_correct,L1_ch32:48,2,19,23.094816207885742,charged_hadron,3.5296828746795654,1.0,,hadron_neighbor,0,,11,1
20514,C_Tbl_correct,L1_ch32:48,3,16,22.99526023864746,photon,7.6005072593688965,0.0,,photon_neighbor,0,,11,1
20515,C_Tbl_correct,L1_ch32:48,1,0,24.423480987548828,muon,519.654052734375,1.0,,particle0_best_lepton,0,,15,1
20515,C_Tbl_correct,L1_ch32:48,2,15,21.23055076599121,charged_hadron,0.78666090965271,1.0,,nearest_hadron_to_best_lepton,0,,15,1
20515,C_Tbl_correct,L1_ch32:48,3,5,17.75753402709961,neutral_hadron,2.3045127391815186,0.0,,hadron_neighbor,0,,15,1
20516,C_Tbl_correct,L1_ch32:48,1,0,28.91775131225586,electron,424.41094970703125,-1.0,,particle0_best_lepton,0,11,20,1
20516,C_Tbl_correct,L1_ch32:48,2,20,27.877544403076172,charged_hadron,3.104175567626953,-1.0,,nearest_hadron_to_best_lepton,0,11,20,1
20516,C_Tbl_correct,L1_ch32:48,3,3,23.305198669433594,neutral_hadron,68.7491683959961,0.0,,hard_hadron,0,11,20,1
20517,C_Tbl_correct,L1_ch32:48,1,14,28.494338989257812,charged_hadron,5.171578884124756,1.0,,hadron_neighbor,2,6,18,0
20517,C_Tbl_correct,L1_ch32:48,2,0,28.118486404418945,neutral_hadron,280.460693359375,0.0,,particle0,2,6,18,0
20517,C_Tbl_correct,L1_ch32:48,3,12,24.219087600708008,neutral_hadron,6.173936367034912,0.0,,hadron_neighbor,2,6,18,0
20518,C_Tbl_correct,L1_ch32:48,1,23,21.116849899291992,charged_hadron,0.9000157117843628,1.0,,hadron_neighbor,1,2,4,4
20518,C_Tbl_correct,L1_ch32:48,2,9,20.84996223449707,charged_hadron,6.5055975914001465,1.0,,hard_hadron,1,2,4,4
20518,C_Tbl_correct,L1_ch32:48,3,4,20.424150466918945,charged_hadron,29.467832565307617,1.0,,nearest_hadron_to_best_lepton,1,2,4,4
20519,C_Tbl_correct,L1_ch32:48,1,0,21.75067901611328,muon,282.969482421875,-1.0,,particle0_best_lepton,0,,18,2
20519,C_Tbl_correct,L1_ch32:48,2,11,17.66309928894043,charged_hadron,8.927889823913574,-1.0,,hadron_neighbor,0,,18,2
20519,C_Tbl_correct,L1_ch32:48,3,9,16.802082061767578,charged_hadron,10.633820533752441,-1.0,,hard_hadron,0,,18,2
20520,C_Tbl_correct,L1_ch32:48,1,0,18.80659294128418,muon,114.50515747070312,-1.0,,particle0_best_lepton,0,6,19,1
20520,C_Tbl_correct,L1_ch32:48,2,21,17.661636352539062,charged_hadron,3.571826457977295,1.0,,hadron_neighbor,0,6,19,1
20520,C_Tbl_correct,L1_ch32:48,3,24,16.791765213012695,photon,1.5486364364624023,0.0,,photon_neighbor,0,6,19,1
20521,C_Tbl_correct,L1_ch32:48,1,13,24.322410583496094,charged_hadron,7.723542213439941,1.0,,hadron_neighbor,1,15,20,2
20521,C_Tbl_correct,L1_ch32:48,2,1,21.20543670654297,muon,96.19719696044922,-1.0,,best_lepton,1,15,20,2
20521,C_Tbl_correct,L1_ch32:48,3,7,21.04105567932129,charged_hadron,16.310102462768555,1.0,,hard_hadron,1,15,20,2
20522,C_Tbl_correct,L1_ch32:48,1,12,30.235132217407227,neutral_hadron,6.544605731964111,0.0,,hadron_neighbor,0,,11,1
20522,C_Tbl_correct,L1_ch32:48,2,19,29.2813777923584,neutral_hadron,2.7411983013153076,0.0,,hadron_neighbor,0,,11,1
20522,C_Tbl_correct,L1_ch32:48,3,0,25.736225128173828,muon,181.8948211669922,-1.0,,particle0_best_lepton,0,,11,1
20523,C_Tbl_correct,L1_ch32:48,1,6,36.53047180175781,charged_hadron,17.559833526611328,-1.0,,hard_hadron,1,3,13,2
20523,C_Tbl_correct,L1_ch32:48,2,8,31.786102294921875,charged_hadron,5.60715389251709,1.0,,hadron_neighbor,1,3,13,2
20523,C_Tbl_correct,L1_ch32:48,3,5,29.354835510253906,photon,26.128202438354492,0.0,,photon_neighbor,1,3,13,2
20524,C_Tbl_correct,L1_ch32:48,1,8,30.992090225219727,neutral_hadron,5.1978044509887695,0.0,,hadron_neighbor,0,3,5,2
20524,C_Tbl_correct,L1_ch32:48,2,6,29.62358283996582,charged_hadron,10.91357421875,-1.0,,hard_hadron,0,3,5,2
20524,C_Tbl_correct,L1_ch32:48,3,4,28.690860748291016,charged_hadron,16.68865966796875,-1.0,,hard_hadron,0,3,5,2
20525,C_Tbl_correct,L1_ch32:48,1,25,37.349952697753906,charged_hadron,2.191967248916626,1.0,,hadron_neighbor,0,,16,2
20525,C_Tbl_correct,L1_ch32:48,2,39,26.10943603515625,photon,1.078173041343689,0.0,,photon_neighbor,0,,16,2
20525,C_Tbl_correct,L1_ch32:48,3,5,22.691003799438477,neutral_hadron,14.334866523742676,0.0,,hard_hadron,0,,16,2
20526,C_Tbl_correct,L1_ch32:48,1,19,22.57572364807129,neutral_hadron,3.2486748695373535,0.0,,nearest_hadron_to_best_lepton,0,,19,1
20526,C_Tbl_correct,L1_ch32:48,2,17,22.119909286499023,neutral_hadron,4.36618185043335,0.0,,hadron_neighbor,0,,19,1
20526,C_Tbl_correct,L1_ch32:48,3,9,21.982097625732422,neutral_hadron,11.24787712097168,0.0,,hadron_neighbor,0,,19,1
20527,C_Tbl_correct,L1_ch32:48,1,9,28.10984992980957,neutral_hadron,8.721027374267578,0.0,,hard_hadron,0,,12,1
20527,C_Tbl_correct,L1_ch32:48,2,36,26.53386116027832,photon,1.916869878768921,0.0,,photon_neighbor,0,,12,1
20527,C_Tbl_correct,L1_ch32:48,3,0,25.464256286621094,electron,336.3766174316406,1.0,,particle0_best_lepton,0,,12,1
20528,C_Tbl_correct,L1_ch32:48,1,1,29.455577850341797,photon,59.200347900390625,0.0,,photon_neighbor,0,,15,2
20528,C_Tbl_correct,L1_ch32:48,2,23,22.25658416748047,photon,2.166334867477417,0.0,,photon_neighbor,0,,15,2
20528,C_Tbl_correct,L1_ch32:48,3,27,20.1607608795166,neutral_hadron,1.9193730354309082,0.0,,hadron_neighbor,0,,15,2
20529,C_Tbl_correct,L1_ch32:48,1,0,33.787071228027344,electron,487.25653076171875,1.0,,particle0_best_lepton,0,,8,2
20529,C_Tbl_correct,L1_ch32:48,2,21,32.523109436035156,charged_hadron,3.5903162956237793,1.0,,hadron_neighbor,0,,8,2
20529,C_Tbl_correct,L1_ch32:48,3,22,32.10795593261719,neutral_hadron,3.5692896842956543,0.0,,hadron_neighbor,0,,8,2
20530,C_Tbl_correct,L1_ch32:48,1,62,20.754032135009766,photon,1.2145811319351196,0.0,,photon_neighbor,0,,30,1
20530,C_Tbl_correct,L1_ch32:48,2,0,20.445558547973633,electron,302.8354187011719,-1.0,,particle0_best_lepton,0,,30,1
20530,C_Tbl_correct,L1_ch32:48,3,22,19.68798065185547,neutral_hadron,8.38935375213623,0.0,,hadron_neighbor,0,,30,1
20531,C_Tbl_correct,L1_ch32:48,1,8,30.342782974243164,charged_hadron,11.59885311126709,1.0,,hadron_neighbor,0,,13,1
20531,C_Tbl_correct,L1_ch32:48,2,3,25.9417781829834,charged_hadron,41.49782180786133,1.0,,hard_hadron,0,,13,1
20531,C_Tbl_correct,L1_ch32:48,3,4,24.86917495727539,charged_hadron,28.808977127075195,1.0,,hard_hadron,0,,13,1
20532,C_Tbl_correct,L1_ch32:48,1,5,21.8804931640625,neutral_hadron,17.985380172729492,0.0,,hard_hadron,0,,14,1
20532,C_Tbl_correct,L1_ch32:48,2,9,20.778297424316406,neutral_hadron,8.926857948303223,0.0,,hadron_neighbor,0,,14,1
20532,C_Tbl_correct,L1_ch32:48,3,7,20.73293113708496,neutral_hadron,9.69277572631836,0.0,,hard_hadron,0,,14,1
20533,C_Tbl_correct,L1_ch32:48,1,53,35.93832778930664,charged_hadron,0.6146264672279358,-1.0,,hadron_neighbor,0,2,15,1
20533,C_Tbl_correct,L1_ch32:48,2,14,24.208999633789062,photon,10.964546203613281,0.0,,photon_neighbor,0,2,15,1
20533,C_Tbl_correct,L1_ch32:48,3,0,16.016023635864258,electron,167.03543090820312,-1.0,,particle0_best_lepton,0,2,15,1
20534,C_Tbl_correct,L1_ch32:48,1,10,28.660402297973633,neutral_hadron,25.54013442993164,0.0,,hadron_neighbor,0,,12,1
20534,C_Tbl_correct,L1_ch32:48,2,0,21.872148513793945,muon,215.9326629638672,1.0,,particle0_best_lepton,0,,12,1
20534,C_Tbl_correct,L1_ch32:48,3,13,21.801509857177734,charged_hadron,3.5491182804107666,-1.0,,hadron_neighbor,0,,12,1
20535,C_Tbl_correct,L1_ch32:48,1,7,27.511367797851562,neutral_hadron,7.137681007385254,0.0,,nearest_hadron_to_best_lepton,0,1,7,2
20535,C_Tbl_correct,L1_ch32:48,2,2,24.31142234802246,neutral_hadron,19.35616111755371,0.0,,hardest_hadron,0,1,7,2
20535,C_Tbl_correct,L1_ch32:48,3,0,23.62682342529297,muon,303.3940124511719,-1.0,,particle0_best_lepton,0,1,7,2
20536,C_Tbl_correct,L1_ch32:48,1,0,24.93549346923828,electron,216.5425567626953,-1.0,,particle0_best_lepton,0,,24,1
20536,C_Tbl_correct,L1_ch32:48,2,17,18.74103546142578,neutral_hadron,6.5360260009765625,0.0,,hadron_neighbor,0,,24,1
20536,C_Tbl_correct,L1_ch32:48,3,29,18.43479347229004,photon,1.4244617223739624,0.0,,photon_neighbor,0,,24,1
20537,C_Tbl_correct,L1_ch32:48,1,14,21.310277938842773,charged_hadron,4.82258939743042,1.0,,hadron_neighbor,0,1,4,3
20537,C_Tbl_correct,L1_ch32:48,2,0,21.28287124633789,muon,195.53131103515625,1.0,,particle0_best_lepton,0,1,4,3
20537,C_Tbl_correct,L1_ch32:48,3,6,19.909038543701172,charged_hadron,14.196560859680176,-1.0,,hard_hadron,0,1,4,3
20538,C_Tbl_correct,L1_ch32:48,1,25,35.46162796020508,charged_hadron,0.4904228448867798,-1.0,,hadron_neighbor,0,1,12,2
20538,C_Tbl_correct,L1_ch32:48,2,12,23.832292556762695,neutral_hadron,4.3608903884887695,0.0,,nearest_hadron_to_best_lepton,0,1,12,2
20538,C_Tbl_correct,L1_ch32:48,3,16,23.59954833984375,charged_hadron,2.3118600845336914,-1.0,,hadron_neighbor,0,1,12,2
20539,C_Tbl_correct,L1_ch32:48,1,13,19.653291702270508,neutral_hadron,10.722525596618652,0.0,,hadron_neighbor,0,35,46,1
20539,C_Tbl_correct,L1_ch32:48,2,15,17.73930549621582,neutral_hadron,9.853105545043945,0.0,,hadron_neighbor,0,35,46,1
20539,C_Tbl_correct,L1_ch32:48,3,58,17.580238342285156,photon,0.9280458688735962,0.0,,photon_neighbor,0,35,46,1
20540,C_Tbl_correct,L1_ch32:48,1,11,25.564943313598633,charged_hadron,8.289813041687012,-1.0,,nearest_hadron_to_best_lepton,0,3,11,1
20540,C_Tbl_correct,L1_ch32:48,2,5,24.632535934448242,neutral_hadron,41.875064849853516,0.0,,hard_hadron,0,3,11,1
20540,C_Tbl_correct,L1_ch32:48,3,8,22.40289878845215,charged_hadron,16.263002395629883,1.0,,hadron_neighbor,0,3,11,1
20541,C_Tbl_correct,L1_ch32:48,1,11,22.80437660217285,charged_hadron,3.4578211307525635,1.0,,nearest_hadron_to_best_lepton,0,,11,3
20541,C_Tbl_correct,L1_ch32:48,2,5,21.7408447265625,neutral_hadron,31.88556480407715,0.0,,hard_hadron,0,,11,3
20541,C_Tbl_correct,L1_ch32:48,3,7,21.246509552001953,charged_hadron,11.58878231048584,-1.0,,hadron_neighbor,0,,11,3
20542,C_Tbl_correct,L1_ch32:48,1,17,24.669790267944336,photon,1.1019911766052246,0.0,,photon_neighbor,0,,9,1
20542,C_Tbl_correct,L1_ch32:48,2,0,21.456449508666992,electron,312.7117614746094,-1.0,,particle0_best_lepton,0,,9,1
20542,C_Tbl_correct,L1_ch32:48,3,11,18.815937042236328,charged_hadron,4.923874378204346,1.0,,hadron_neighbor,0,,9,1
20543,C_Tbl_correct,L1_ch32:48,1,42,52.51792526245117,charged_hadron,2.2547192573547363,1.0,,hadron_neighbor,0,10,46,1
20543,C_Tbl_correct,L1_ch32:48,2,43,46.394264221191406,neutral_hadron,2.2510499954223633,0.0,,hadron_neighbor,0,10,46,1
20543,C_Tbl_correct,L1_ch32:48,3,48,44.3930549621582,photon,1.834084153175354,0.0,,photon_neighbor,0,10,46,1
20544,C_Tbl_correct,L1_ch32:48,1,0,23.52080535888672,muon,508.11871337890625,1.0,,particle0_best_lepton,0,,9,2
20544,C_Tbl_correct,L1_ch32:48,2,10,16.625141143798828,photon,2.3289852142333984,0.0,,photon_neighbor,0,,9,2
20544,C_Tbl_correct,L1_ch32:48,3,9,15.94690990447998,charged_hadron,2.6395015716552734,-1.0,,nearest_hadron_to_best_lepton,0,,9,2
20545,C_Tbl_correct,L1_ch32:48,1,0,26.267236709594727,electron,451.4137268066406,1.0,,particle0_best_lepton,0,,9,1
20545,C_Tbl_correct,L1_ch32:48,2,11,22.576154708862305,neutral_hadron,2.4484193325042725,0.0,,hadron_neighbor,0,,9,1
20545,C_Tbl_correct,L1_ch32:48,3,9,22.49448585510254,charged_hadron,3.563504219055176,1.0,,nearest_hadron_to_best_lepton,0,,9,1
20546,C_Tbl_correct,L1_ch32:48,1,0,30.88840675354004,electron,434.52008056640625,1.0,,particle0_best_lepton,0,6,2,1
20546,C_Tbl_correct,L1_ch32:48,2,15,30.37595558166504,charged_hadron,2.946937322616577,-1.0,,hadron_neighbor,0,6,2,1
20546,C_Tbl_correct,L1_ch32:48,3,17,24.3499755859375,charged_hadron,2.845371723175049,1.0,,hadron_neighbor,0,6,2,1
20547,C_Tbl_correct,L1_ch32:48,1,0,38.49790573120117,electron,357.27874755859375,-1.0,,particle0_best_lepton,0,,31,1
20547,C_Tbl_correct,L1_ch32:48,2,33,28.646642684936523,charged_hadron,1.5235989093780518,-1.0,,hadron_neighbor,0,,31,1
20547,C_Tbl_correct,L1_ch32:48,3,37,28.618022918701172,charged_hadron,1.1252521276474,1.0,,hadron_neighbor,0,,31,1
20548,C_Tbl_correct,L1_ch32:48,1,10,25.863679885864258,charged_hadron,7.176766872406006,-1.0,,hadron_neighbor,0,4,8,2
20548,C_Tbl_correct,L1_ch32:48,2,0,24.413055419921875,electron,381.555419921875,1.0,,particle0_best_lepton,0,4,8,2
20548,C_Tbl_correct,L1_ch32:48,3,5,16.562910079956055,photon,10.076211929321289,0.0,,photon_neighbor,0,4,8,2
20549,C_Tbl_correct,L1_ch32:48,1,13,25.651596069335938,charged_hadron,3.3125338554382324,1.0,,nearest_hadron_to_best_lepton,3,,13,1
20549,C_Tbl_correct,L1_ch32:48,2,11,24.612913131713867,charged_hadron,5.41513729095459,1.0,,hadron_neighbor,3,,13,1
20549,C_Tbl_correct,L1_ch32:48,3,5,23.13878631591797,neutral_hadron,50.428565979003906,0.0,,hard_hadron,3,,13,1
20551,C_Tbl_correct,L1_ch32:48,1,15,30.165498733520508,neutral_hadron,3.1925251483917236,0.0,,hadron_neighbor,1,2,8,3
20551,C_Tbl_correct,L1_ch32:48,2,0,27.300121307373047,photon,170.75933837890625,0.0,,particle0,1,2,8,3
20551,C_Tbl_correct,L1_ch32:48,3,4,22.747962951660156,charged_hadron,42.41981887817383,-1.0,,hard_hadron,1,2,8,3
20552,C_Tbl_correct,L1_ch32:48,1,9,32.3392219543457,charged_hadron,8.524345397949219,-1.0,,hadron_neighbor,0,,7,1
20552,C_Tbl_correct,L1_ch32:48,2,10,31.00347900390625,photon,3.8146307468414307,0.0,,photon_neighbor,0,,7,1
20552,C_Tbl_correct,L1_ch32:48,3,16,30.428991317749023,photon,0.9624698758125305,0.0,,photon_neighbor,0,,7,1
20553,C_Tbl_correct,L1_ch32:48,1,20,36.81098175048828,neutral_hadron,2.595804452896118,0.0,,nearest_hadron_to_best_lepton,2,,20,1
20553,C_Tbl_correct,L1_ch32:48,2,27,30.193782806396484,charged_hadron,1.1135010719299316,1.0,,hadron_neighbor,2,,20,1
20553,C_Tbl_correct,L1_ch32:48,3,9,29.558645248413086,neutral_hadron,27.60831642150879,0.0,,hadron_neighbor,2,,20,1
20554,C_Tbl_correct,L1_ch32:48,1,16,24.38496208190918,charged_hadron,2.310471296310425,1.0,,hadron_neighbor,3,,4,0
20554,C_Tbl_correct,L1_ch32:48,2,5,22.62027931213379,neutral_hadron,51.78435516357422,0.0,,hard_hadron,3,,4,0
20554,C_Tbl_correct,L1_ch32:48,3,15,20.953125,neutral_hadron,2.4580578804016113,0.0,,hadron_neighbor,3,,4,0
20555,C_Tbl_correct,L1_ch32:48,1,5,27.25105094909668,neutral_hadron,29.03255271911621,0.0,,hard_hadron,0,,14,1
20555,C_Tbl_correct,L1_ch32:48,2,0,25.992671966552734,electron,135.34539794921875,1.0,,particle0_best_lepton,0,,14,1
20555,C_Tbl_correct,L1_ch32:48,3,7,22.125999450683594,charged_hadron,13.208971977233887,1.0,,hadron_neighbor,0,,14,1
20556,C_Tbl_correct,L1_ch32:48,1,0,24.74960708618164,muon,415.4775390625,-1.0,,particle0_best_lepton,0,,10,1
20556,C_Tbl_correct,L1_ch32:48,2,10,24.645099639892578,charged_hadron,5.655336380004883,-1.0,,nearest_hadron_to_best_lepton,0,,10,1
20556,C_Tbl_correct,L1_ch32:48,3,16,21.961397171020508,photon,1.151917815208435,0.0,,photon_neighbor,0,,10,1
20557,C_Tbl_correct,L1_ch32:48,1,33,25.29372215270996,charged_hadron,0.9874140620231628,-1.0,,nearest_hadron_to_best_lepton,0,,33,2
20557,C_Tbl_correct,L1_ch32:48,2,25,20.92336654663086,neutral_hadron,3.5784223079681396,0.0,,hadron_neighbor,0,,33,2
20557,C_Tbl_correct,L1_ch32:48,3,0,18.009891510009766,electron,302.8977966308594,-1.0,,particle0_best_lepton,0,,33,2
20558,C_Tbl_correct,L1_ch32:48,1,10,25.528532028198242,charged_hadron,11.01257610321045,1.0,,nearest_hadron_to_best_lepton,0,,10,1
20558,C_Tbl_correct,L1_ch32:48,2,0,19.00017738342285,electron,154.4781494140625,1.0,,particle0_best_lepton,0,,10,1
20558,C_Tbl_correct,L1_ch32:48,3,11,18.52118492126465,charged_hadron,9.445822715759277,-1.0,,hadron_neighbor,0,,10,1
20559,C_Tbl_correct,L1_ch32:48,1,0,21.2325382232666,electron,448.1669616699219,1.0,,particle0_best_lepton,0,,16,1
20559,C_Tbl_correct,L1_ch32:48,2,12,19.277151107788086,neutral_hadron,5.3973212242126465,0.0,,hadron_neighbor,0,,16,1
20559,C_Tbl_correct,L1_ch32:48,3,3,18.73120880126953,neutral_hadron,15.07692813873291,0.0,,hard_hadron,0,,16,1
20560,C_Tbl_correct,L1_ch32:48,1,16,25.765518188476562,neutral_hadron,9.287981986999512,0.0,,nearest_hadron_to_best_lepton,0,,16,1
20560,C_Tbl_correct,L1_ch32:48,2,15,20.448429107666016,charged_hadron,9.327141761779785,1.0,,hadron_neighbor,0,,16,1
20560,C_Tbl_correct,L1_ch32:48,3,10,19.616443634033203,neutral_hadron,13.7910737991333,0.0,,hadron_neighbor,0,,16,1
20561,C_Tbl_correct,L1_ch32:48,1,5,18.74724006652832,neutral_hadron,24.1280517578125,0.0,,hard_hadron,0,,16,1
20561,C_Tbl_correct,L1_ch32:48,2,50,18.53226661682129,photon,1.0453035831451416,0.0,,photon_neighbor,0,,16,1
20561,C_Tbl_correct,L1_ch32:48,3,22,18.503297805786133,neutral_hadron,4.187801361083984,0.0,,hadron_neighbor,0,,16,1
20562,C_Tbl_correct,L1_ch32:48,1,0,27.269088745117188,electron,427.4591064453125,-1.0,,particle0_best_lepton,0,,19,1
20562,C_Tbl_correct,L1_ch32:48,2,19,26.386917114257812,neutral_hadron,3.5541088581085205,0.0,,nearest_hadron_to_best_lepton,0,,19,1
20562,C_Tbl_correct,L1_ch32:48,3,4,23.494909286499023,neutral_hadron,24.737045288085938,0.0,,hard_hadron,0,,19,1
20564,C_Tbl_correct,L1_ch32:48,1,17,31.61580467224121,charged_hadron,2.961503267288208,1.0,,hadron_neighbor,0,,8,1
20564,C_Tbl_correct,L1_ch32:48,2,1,22.807231903076172,neutral_hadron,75.27680969238281,0.0,,hardest_hadron,0,,8,1
20564,C_Tbl_correct,L1_ch32:48,3,0,22.739816665649414,electron,248.95120239257812,1.0,,particle0_best_lepton,0,,8,1
20565,C_Tbl_correct,L1_ch32:48,1,33,21.56087303161621,charged_hadron,1.2511714696884155,1.0,,hadron_neighbor,0,1,6,3
20565,C_Tbl_correct,L1_ch32:48,2,26,19.39812469482422,neutral_hadron,2.466700792312622,0.0,,hadron_neighbor,0,1,6,3
20565,C_Tbl_correct,L1_ch32:48,3,6,19.324954986572266,neutral_hadron,28.231660842895508,0.0,,nearest_hadron_to_best_lepton,0,1,6,3
20566,C_Tbl_correct,L1_ch32:48,1,14,30.251089096069336,charged_hadron,1.0683550834655762,1.0,,hadron_neighbor,0,,10,1
20566,C_Tbl_correct,L1_ch32:48,2,7,26.924524307250977,charged_hadron,10.849528312683105,-1.0,,hadron_neighbor,0,,10,1
20566,C_Tbl_correct,L1_ch32:48,3,10,26.220468521118164,charged_hadron,7.908167362213135,1.0,,nearest_hadron_to_best_lepton,0,,10,1
20567,C_Tbl_correct,L1_ch32:48,1,10,25.670541763305664,photon,7.511939525604248,0.0,,photon_neighbor,1,2,16,0
20567,C_Tbl_correct,L1_ch32:48,2,20,24.975601196289062,photon,2.7461133003234863,0.0,,photon_neighbor,1,2,16,0
20567,C_Tbl_correct,L1_ch32:48,3,14,23.050689697265625,charged_hadron,4.859748840332031,-1.0,,hadron_neighbor,1,2,16,0
20568,C_Tbl_correct,L1_ch32:48,1,20,24.340757369995117,neutral_hadron,2.440708637237549,0.0,,hadron_neighbor,0,,22,1
20568,C_Tbl_correct,L1_ch32:48,2,0,20.358381271362305,muon,426.10992431640625,-1.0,,particle0_best_lepton,0,,22,1
20568,C_Tbl_correct,L1_ch32:48,3,22,19.97225570678711,neutral_hadron,2.2601711750030518,0.0,,nearest_hadron_to_best_lepton,0,,22,1
20569,C_Tbl_correct,L1_ch32:48,1,14,29.47265625,neutral_hadron,4.178645133972168,0.0,,hadron_neighbor,0,,18,1
20569,C_Tbl_correct,L1_ch32:48,2,18,28.092451095581055,charged_hadron,2.7660698890686035,1.0,,nearest_hadron_to_best_lepton,0,,18,1
20569,C_Tbl_correct,L1_ch32:48,3,15,25.49333953857422,photon,3.775465965270996,0.0,,photon_neighbor,0,,18,1
20570,C_Tbl_correct,L1_ch32:48,1,28,25.69769859313965,photon,1.5638350248336792,0.0,,photon_neighbor,0,29,19,1
20570,C_Tbl_correct,L1_ch32:48,2,0,20.775190353393555,muon,246.7196044921875,1.0,,particle0_best_lepton,0,29,19,1
20570,C_Tbl_correct,L1_ch32:48,3,3,16.52107048034668,neutral_hadron,25.62224006652832,0.0,,hard_hadron,0,29,19,1
20572,C_Tbl_correct,L1_ch32:48,1,0,25.722732543945312,electron,432.13275146484375,-1.0,,particle0_best_lepton,0,,15,1
20572,C_Tbl_correct,L1_ch32:48,2,3,23.207965850830078,neutral_hadron,38.37117004394531,0.0,,hard_hadron,0,,15,1
20572,C_Tbl_correct,L1_ch32:48,3,15,20.966278076171875,charged_hadron,8.704005241394043,1.0,,nearest_hadron_to_best_lepton,0,,15,1
20573,C_Tbl_correct,L1_ch32:48,1,7,25.46994400024414,photon,19.42319107055664,0.0,,photon_neighbor,0,17,19,3
20573,C_Tbl_correct,L1_ch32:48,2,19,24.803016662597656,neutral_hadron,5.626750469207764,0.0,,nearest_hadron_to_best_lepton,0,17,19,3
20573,C_Tbl_correct,L1_ch32:48,3,0,22.683149337768555,muon,214.76095581054688,1.0,,particle0_best_lepton,0,17,19,3
20574,C_Tbl_correct,L1_ch32:48,1,8,30.679460525512695,neutral_hadron,11.500728607177734,0.0,,hadron_neighbor,0,,7,1
20574,C_Tbl_correct,L1_ch32:48,2,9,26.147403717041016,photon,9.142812728881836,0.0,,photon_neighbor,0,,7,1
20574,C_Tbl_correct,L1_ch32:48,3,10,25.970443725585938,charged_hadron,6.987217426300049,-1.0,,hadron_neighbor,0,,7,1
20575,C_Tbl_correct,L1_ch32:48,1,27,25.056385040283203,neutral_hadron,4.353420257568359,0.0,,hadron_neighbor,0,,13,3
20575,C_Tbl_correct,L1_ch32:48,2,52,24.536834716796875,charged_hadron,0.9805981516838074,-1.0,,hadron_neighbor,0,,13,3
20575,C_Tbl_correct,L1_ch32:48,3,32,21.041168212890625,neutral_hadron,3.7843689918518066,0.0,,hadron_neighbor,0,,13,3
20576,C_Tbl_correct,L1_ch32:48,1,12,26.591720581054688,neutral_hadron,5.90294075012207,0.0,,nearest_hadron_to_best_lepton,0,16,12,1
20576,C_Tbl_correct,L1_ch32:48,2,0,19.796125411987305,electron,182.34840393066406,-1.0,,particle0_best_lepton,0,16,12,1
20576,C_Tbl_correct,L1_ch32:48,3,10,19.788551330566406,charged_hadron,8.63832950592041,-1.0,,hadron_neighbor,0,16,12,1
20577,C_Tbl_correct,L1_ch32:48,1,45,28.187549591064453,charged_hadron,2.19763445854187,-1.0,,hadron_neighbor,0,,28,1
20577,C_Tbl_correct,L1_ch32:48,2,42,27.54843521118164,charged_hadron,2.321014165878296,1.0,,hadron_neighbor,0,,28,1
20577,C_Tbl_correct,L1_ch32:48,3,48,27.425735473632812,charged_hadron,1.8422586917877197,1.0,,hadron_neighbor,0,,28,1
20578,C_Tbl_correct,L1_ch32:48,1,7,25.98606300354004,neutral_hadron,18.024917602539062,0.0,,hard_hadron,0,,31,1
20578,C_Tbl_correct,L1_ch32:48,2,18,23.95267105102539,neutral_hadron,4.484335422515869,0.0,,hadron_neighbor,0,,31,1
20578,C_Tbl_correct,L1_ch32:48,3,30,21.54642105102539,photon,1.639578104019165,0.0,,photon_neighbor,0,,31,1
20579,C_Tbl_correct,L1_ch32:48,1,10,27.65907859802246,charged_hadron,1.9574060440063477,-1.0,,hadron_neighbor,0,1,6,4
20579,C_Tbl_correct,L1_ch32:48,2,6,25.66242218017578,charged_hadron,8.211281776428223,-1.0,,nearest_hadron_to_best_lepton,0,1,6,4
20579,C_Tbl_correct,L1_ch32:48,3,7,24.132497787475586,charged_hadron,5.656365394592285,1.0,,hadron_neighbor,0,1,6,4
20580,C_Tbl_correct,L1_ch32:48,1,0,21.141407012939453,muon,306.8921813964844,1.0,,particle0_best_lepton,0,,16,1
20580,C_Tbl_correct,L1_ch32:48,2,13,20.849023818969727,charged_hadron,7.96734094619751,1.0,,hadron_neighbor,0,,16,1
20580,C_Tbl_correct,L1_ch32:48,3,27,20.545804977416992,photon,1.5074846744537354,0.0,,photon_neighbor,0,,16,1
20581,C_Tbl_correct,L1_ch32:48,1,8,35.55186080932617,charged_hadron,2.175861358642578,-1.0,,hadron_neighbor,0,,6,1
20581,C_Tbl_correct,L1_ch32:48,2,7,26.913297653198242,neutral_hadron,2.372168779373169,0.0,,hadron_neighbor,0,,6,1
20581,C_Tbl_correct,L1_ch32:48,3,6,25.257638931274414,charged_hadron,2.669844388961792,-1.0,,nearest_hadron_to_best_lepton,0,,6,1
20582,C_Tbl_correct,L1_ch32:48,1,23,21.651681900024414,photon,2.8624088764190674,0.0,,photon_neighbor,0,,13,1
20582,C_Tbl_correct,L1_ch32:48,2,35,18.239154815673828,photon,0.980319082736969,0.0,,photon_neighbor,0,,13,1
20582,C_Tbl_correct,L1_ch32:48,3,0,18.012487411499023,muon,115.60763549804688,1.0,,particle0_best_lepton,0,,13,1
20583,C_Tbl_correct,L1_ch32:48,1,45,18.789390563964844,neutral_hadron,1.5766559839248657,0.0,,hadron_neighbor,5,12,8,0
20583,C_Tbl_correct,L1_ch32:48,2,3,18.423297882080078,neutral_hadron,33.1505241394043,0.0,,hard_hadron,5,12,8,0
20583,C_Tbl_correct,L1_ch32:48,3,51,17.236783981323242,charged_hadron,0.8628617525100708,1.0,,hadron_neighbor,5,12,8,0
20584,C_Tbl_correct,L1_ch32:48,1,27,29.481386184692383,charged_hadron,2.2249045372009277,-1.0,,hadron_neighbor,0,,24,1
20584,C_Tbl_correct,L1_ch32:48,2,26,24.70404815673828,photon,2.4387218952178955,0.0,,photon_neighbor,0,,24,1
20584,C_Tbl_correct,L1_ch32:48,3,24,24.36595344543457,neutral_hadron,2.844465970993042,0.0,,nearest_hadron_to_best_lepton,0,,24,1
20585,C_Tbl_correct,L1_ch32:48,1,28,23.550092697143555,neutral_hadron,3.664827585220337,0.0,,hadron_neighbor,0,37,18,1
20585,C_Tbl_correct,L1_ch32:48,2,33,20.201847076416016,photon,3.072678327560425,0.0,,photon_neighbor,0,37,18,1
20585,C_Tbl_correct,L1_ch32:48,3,23,16.97382164001465,charged_hadron,4.78121280670166,1.0,,hadron_neighbor,0,37,18,1
20586,C_Tbl_correct,L1_ch32:48,1,12,26.537187576293945,charged_hadron,1.594230055809021,-1.0,,hadron_neighbor,0,,8,1
20586,C_Tbl_correct,L1_ch32:48,2,5,25.5968074798584,photon,8.1178617477417,0.0,,photon_neighbor,0,,8,1
20586,C_Tbl_correct,L1_ch32:48,3,1,24.501052856445312,neutral_hadron,93.62682342529297,0.0,,hardest_hadron,0,,8,1
20587,C_Tbl_correct,L1_ch32:48,1,23,18.518526077270508,charged_hadron,3.845832109451294,-1.0,,hadron_neighbor,0,,21,1
20587,C_Tbl_correct,L1_ch32:48,2,21,17.504533767700195,charged_hadron,3.9884374141693115,1.0,,nearest_hadron_to_best_lepton,0,,21,1
20587,C_Tbl_correct,L1_ch32:48,3,18,16.758316040039062,neutral_hadron,4.830577850341797,0.0,,hadron_neighbor,0,,21,1
20588,C_Tbl_correct,L1_ch32:48,1,0,27.11269187927246,muon,285.677490234375,1.0,,particle0_best_lepton,0,1,8,2
20588,C_Tbl_correct,L1_ch32:48,2,9,24.46953010559082,charged_hadron,6.4972615242004395,1.0,,hadron_neighbor,0,1,8,2
20588,C_Tbl_correct,L1_ch32:48,3,22,23.310697555541992,photon,1.1244043111801147,0.0,,photon_neighbor,0,1,8,2
20589,C_Tbl_correct,L1_ch32:48,1,8,23.2307186126709,neutral_hadron,2.92293643951416,0.0,,nearest_hadron_to_best_lepton,0,,8,2
20589,C_Tbl_correct,L1_ch32:48,2,0,21.641374588012695,electron,465.556396484375,-1.0,,particle0_best_lepton,0,,8,2
20589,C_Tbl_correct,L1_ch32:48,3,1,18.68168067932129,photon,40.872249603271484,0.0,,photon_neighbor,0,,8,2
20590,C_Tbl_correct,L1_ch32:48,1,11,29.939678192138672,charged_hadron,2.3019134998321533,1.0,,hadron_neighbor,0,5,10,1
20590,C_Tbl_correct,L1_ch32:48,2,3,29.565345764160156,neutral_hadron,51.275413513183594,0.0,,hard_hadron,0,5,10,1
20590,C_Tbl_correct,L1_ch32:48,3,10,29.07166862487793,charged_hadron,6.120718955993652,-1.0,,nearest_hadron_to_best_lepton,0,5,10,1
20591,C_Tbl_correct,L1_ch32:48,1,3,23.06112289428711,neutral_hadron,33.897804260253906,0.0,,hard_hadron,0,,2,1
20591,C_Tbl_correct,L1_ch32:48,2,2,21.904300689697266,neutral_hadron,55.93961715698242,0.0,,nearest_hadron_to_best_lepton,0,,2,1
20591,C_Tbl_correct,L1_ch32:48,3,15,21.367372512817383,charged_hadron,6.947868824005127,1.0,,hadron_neighbor,0,,2,1
20592,C_Tbl_correct,L1_ch32:48,1,13,29.69342041015625,charged_hadron,3.7483301162719727,-1.0,,hadron_neighbor,0,,9,2
20592,C_Tbl_correct,L1_ch32:48,2,14,29.097732543945312,photon,3.6309266090393066,0.0,,photon_neighbor,0,,9,2
20592,C_Tbl_correct,L1_ch32:48,3,10,28.770877838134766,charged_hadron,6.515069007873535,-1.0,,hadron_neighbor,0,,9,2
20593,C_Tbl_correct,L1_ch32:48,1,7,29.22229766845703,charged_hadron,10.086167335510254,1.0,,hadron_neighbor,0,1,6,2
20593,C_Tbl_correct,L1_ch32:48,2,5,28.27369499206543,charged_hadron,18.22109031677246,1.0,,hard_hadron,0,1,6,2
20593,C_Tbl_correct,L1_ch32:48,3,16,28.217239379882812,charged_hadron,1.1909910440444946,-1.0,,hadron_neighbor,0,1,6,2
20594,C_Tbl_correct,L1_ch32:48,1,0,23.336721420288086,muon,321.0677185058594,1.0,,particle0_best_lepton,0,1,15,2
20594,C_Tbl_correct,L1_ch32:48,2,24,13.053853034973145,photon,0.8542162179946899,0.0,,photon_neighbor,0,1,15,2
20594,C_Tbl_correct,L1_ch32:48,3,10,12.76273250579834,charged_hadron,7.443604469299316,1.0,,hadron_neighbor,0,1,15,2
20595,C_Tbl_correct,L1_ch32:48,1,5,20.000282287597656,neutral_hadron,43.576148986816406,0.0,,nearest_hadron_to_best_lepton,0,,5,1
20595,C_Tbl_correct,L1_ch32:48,2,3,18.810863494873047,neutral_hadron,54.11208724975586,0.0,,hard_hadron,0,,5,1
20595,C_Tbl_correct,L1_ch32:48,3,15,17.009912490844727,charged_hadron,3.0543150901794434,-1.0,,hadron_neighbor,0,,5,1
20596,C_Tbl_correct,L1_ch32:48,1,10,21.40542221069336,charged_hadron,3.162940740585327,1.0,,hadron_neighbor,0,,2,1
20596,C_Tbl_correct,L1_ch32:48,2,8,20.518386840820312,charged_hadron,8.988155364990234,1.0,,hadron_neighbor,0,,2,1
20596,C_Tbl_correct,L1_ch32:48,3,9,19.855613708496094,charged_hadron,7.690176010131836,-1.0,,hadron_neighbor,0,,2,1
20597,C_Tbl_correct,L1_ch32:48,1,12,38.432769775390625,neutral_hadron,2.084643840789795,0.0,,nearest_hadron_to_best_lepton,0,,12,1
20597,C_Tbl_correct,L1_ch32:48,2,6,34.4693603515625,charged_hadron,8.132370948791504,1.0,,hadron_neighbor,0,,12,1
20597,C_Tbl_correct,L1_ch32:48,3,9,32.81949234008789,charged_hadron,2.40312123298645,1.0,,hadron_neighbor,0,,12,1
20598,C_Tbl_correct,L1_ch32:48,1,0,23.271488189697266,neutral_hadron,260.6128234863281,0.0,,particle0,15,,20,0
20598,C_Tbl_correct,L1_ch32:48,2,11,20.499107360839844,charged_hadron,15.015340805053711,1.0,,hadron_neighbor,15,,20,0
20598,C_Tbl_correct,L1_ch32:48,3,29,20.33051109313965,charged_hadron,0.8276835083961487,-1.0,,hadron_neighbor,15,,20,0
20599,C_Tbl_correct,L1_ch32:48,1,28,25.957704544067383,charged_hadron,0.9543768763542175,-1.0,,hadron_neighbor,3,,12,0
20599,C_Tbl_correct,L1_ch32:48,2,14,23.552515029907227,charged_hadron,5.95707893371582,-1.0,,hadron_neighbor,3,,12,0
20599,C_Tbl_correct,L1_ch32:48,3,20,23.155399322509766,charged_hadron,2.416398048400879,-1.0,,hadron_neighbor,3,,12,0
20600,C_Tbl_correct,L1_ch32:48,1,25,21.058372497558594,charged_hadron,2.4959967136383057,-1.0,,hadron_neighbor,0,,19,2
20600,C_Tbl_correct,L1_ch32:48,2,13,19.490678787231445,neutral_hadron,8.743741989135742,0.0,,hadron_neighbor,0,,19,2
20600,C_Tbl_correct,L1_ch32:48,3,19,18.22876739501953,charged_hadron,5.465985298156738,-1.0,,nearest_hadron_to_best_lepton,0,,19,2
20601,C_Tbl_correct,L1_ch32:48,1,5,21.050128936767578,charged_hadron,16.282520294189453,1.0,,hard_hadron,0,1,6,3
20601,C_Tbl_correct,L1_ch32:48,2,3,19.436717987060547,charged_hadron,24.914745330810547,1.0,,hardest_hadron,0,1,6,3
20601,C_Tbl_correct,L1_ch32:48,3,10,19.272790908813477,charged_hadron,9.517626762390137,1.0,,hadron_neighbor,0,1,6,3
20602,C_Tbl_correct,L1_ch32:48,1,1,18.471349716186523,neutral_hadron,77.66675567626953,0.0,,nearest_hadron_to_best_lepton,0,,1,1
20602,C_Tbl_correct,L1_ch32:48,2,18,18.19416046142578,neutral_hadron,3.092700719833374,0.0,,hadron_neighbor,0,,1,1
20602,C_Tbl_correct,L1_ch32:48,3,19,17.229419708251953,charged_hadron,3.07470440864563,-1.0,,hadron_neighbor,0,,1,1
20603,C_Tbl_correct,L1_ch32:48,1,17,19.80543327331543,neutral_hadron,2.5377607345581055,0.0,,hadron_neighbor,1,,14,0
20603,C_Tbl_correct,L1_ch32:48,2,0,17.954004287719727,neutral_hadron,151.77871704101562,0.0,,particle0,1,,14,0
20603,C_Tbl_correct,L1_ch32:48,3,1,16.825576782226562,muon,128.0775909423828,1.0,,best_lepton,1,,14,0
20604,C_Tbl_correct,L1_ch32:48,1,26,41.3134880065918,charged_hadron,1.2342827320098877,1.0,,hadron_neighbor,0,10,21,1
20604,C_Tbl_correct,L1_ch32:48,2,17,33.68796920776367,charged_hadron,3.1033999919891357,-1.0,,hadron_neighbor,0,10,21,1
20604,C_Tbl_correct,L1_ch32:48,3,0,33.30222702026367,muon,253.394775390625,-1.0,,particle0_best_lepton,0,10,21,1
20605,C_Tbl_correct,L1_ch32:48,1,25,34.08662796020508,neutral_hadron,2.211772918701172,0.0,,nearest_hadron_to_best_lepton,0,1,25,2
20605,C_Tbl_correct,L1_ch32:48,2,41,23.615468978881836,charged_hadron,0.924138069152832,1.0,,hadron_neighbor,0,1,25,2
20605,C_Tbl_correct,L1_ch32:48,3,24,21.833683013916016,neutral_hadron,2.294268846511841,0.0,,hadron_neighbor,0,1,25,2
20606,C_Tbl_correct,L1_ch32:48,1,7,25.885719299316406,neutral_hadron,11.031947135925293,0.0,,hard_hadron,0,,11,2
20606,C_Tbl_correct,L1_ch32:48,2,5,25.419431686401367,photon,22.06195068359375,0.0,,photon_neighbor,0,,11,2
20606,C_Tbl_correct,L1_ch32:48,3,15,24.316116333007812,charged_hadron,3.5784919261932373,-1.0,,hadron_neighbor,0,,11,2
20607,C_Tbl_correct,L1_ch32:48,1,15,21.346485137939453,neutral_hadron,3.273479700088501,0.0,,nearest_hadron_to_best_lepton,0,,15,3
20607,C_Tbl_correct,L1_ch32:48,2,3,17.433393478393555,neutral_hadron,42.3860969543457,0.0,,hardest_hadron,0,,15,3
20607,C_Tbl_correct,L1_ch32:48,3,1,16.155126571655273,photon,81.0908203125,0.0,,photon_neighbor,0,,15,3
20608,C_Tbl_correct,L1_ch32:48,1,23,28.185264587402344,neutral_hadron,8.807286262512207,0.0,,hadron_neighbor,0,,29,2
20608,C_Tbl_correct,L1_ch32:48,2,25,27.19741439819336,neutral_hadron,7.847513675689697,0.0,,hadron_neighbor,0,,29,2
20608,C_Tbl_correct,L1_ch32:48,3,50,26.963279724121094,photon,1.0006192922592163,0.0,,photon_neighbor,0,,29,2
20609,C_Tbl_correct,L1_ch32:48,1,5,24.666292190551758,neutral_hadron,39.63202667236328,0.0,,hard_hadron,0,,11,1
20609,C_Tbl_correct,L1_ch32:48,2,8,23.946413040161133,charged_hadron,19.494794845581055,1.0,,hadron_neighbor,0,,11,1
20609,C_Tbl_correct,L1_ch32:48,3,11,23.392179489135742,charged_hadron,9.608565330505371,1.0,,nearest_hadron_to_best_lepton,0,,11,1
20610,C_Tbl_correct,L1_ch32:48,1,4,29.973148345947266,neutral_hadron,13.865938186645508,0.0,,nearest_hadron_to_best_lepton,0,1,4,2
20610,C_Tbl_correct,L1_ch32:48,2,0,28.80895233154297,electron,416.38470458984375,-1.0,,particle0_best_lepton,0,1,4,2
20610,C_Tbl_correct,L1_ch32:48,3,1,24.115591049194336,electron,27.251541137695312,-1.0,,second_lepton,0,1,4,2
12308,A_protected_highiso,L1_ch80:96,1,13,30.83702850341797,charged_hadron,6.92225980758667,-1.0,,hadron_neighbor,0,,27,3
12308,A_protected_highiso,L1_ch80:96,2,9,26.32023048400879,charged_hadron,13.192272186279297,1.0,,hard_hadron,0,,27,3
12308,A_protected_highiso,L1_ch80:96,3,32,24.98150634765625,photon,2.4980459213256836,0.0,,photon_neighbor,0,,27,3
12358,A_protected_highiso,L1_ch80:96,1,25,35.026641845703125,photon,3.4544150829315186,0.0,,photon_neighbor,0,,35,2
12358,A_protected_highiso,L1_ch80:96,2,23,31.005985260009766,photon,4.049964427947998,0.0,,photon_neighbor,0,,35,2
12358,A_protected_highiso,L1_ch80:96,3,15,28.96788787841797,photon,7.781067371368408,0.0,,photon_neighbor,0,,35,2
12438,A_protected_highiso,L1_ch80:96,1,43,39.99186706542969,neutral_hadron,0.9285606741905212,0.0,,hadron_neighbor,0,,31,1
12438,A_protected_highiso,L1_ch80:96,2,28,23.903566360473633,photon,3.528277635574341,0.0,,photon_neighbor,0,,31,1
12438,A_protected_highiso,L1_ch80:96,3,35,23.87316131591797,neutral_hadron,1.7866588830947876,0.0,,hadron_neighbor,0,,31,1
12442,A_protected_highiso,L1_ch80:96,1,14,29.1105899810791,charged_hadron,12.732325553894043,1.0,,hadron_neighbor,0,49,44,1
12442,A_protected_highiso,L1_ch80:96,2,35,28.210668563842773,photon,5.149624824523926,0.0,,photon_neighbor,0,49,44,1
12442,A_protected_highiso,L1_ch80:96,3,50,26.500703811645508,photon,3.279235363006592,0.0,,photon_neighbor,0,49,44,1
12509,A_protected_highiso,L1_ch80:96,1,38,31.179973602294922,electron,1.1865119934082031,1.0,,other_lepton,0,25,11,2
12509,A_protected_highiso,L1_ch80:96,2,29,28.39580535888672,charged_hadron,2.3122565746307373,1.0,,hadron_neighbor,0,25,11,2
12509,A_protected_highiso,L1_ch80:96,3,25,28.215885162353516,electron,2.465658664703369,-1.0,,second_lepton,0,25,11,2
12592,A_protected_highiso,L1_ch80:96,1,24,40.88063430786133,charged_hadron,4.332542896270752,-1.0,,hadron_neighbor,0,,25,2
12592,A_protected_highiso,L1_ch80:96,2,25,33.774986267089844,charged_hadron,4.082335948944092,-1.0,,nearest_hadron_to_best_lepton,0,,25,2
12592,A_protected_highiso,L1_ch80:96,3,27,33.05109405517578,charged_hadron,3.3612921237945557,-1.0,,hadron_neighbor,0,,25,2
12784,A_protected_highiso,L1_ch80:96,1,47,118.66419219970703,charged_hadron,0.5204013586044312,-1.0,,hadron_neighbor,0,,13,1
12784,A_protected_highiso,L1_ch80:96,2,15,31.61504364013672,neutral_hadron,5.2999958992004395,0.0,,hadron_neighbor,0,,13,1
12784,A_protected_highiso,L1_ch80:96,3,39,31.295259475708008,photon,1.5030409097671509,0.0,,photon_neighbor,0,,13,1
13089,A_protected_highiso,L1_ch80:96,1,33,27.1378116607666,charged_hadron,5.485432147979736,-1.0,,hadron_neighbor,1,,45,0
13089,A_protected_highiso,L1_ch80:96,2,51,25.845027923583984,photon,2.3157949447631836,0.0,,photon_neighbor,1,,45,0
13089,A_protected_highiso,L1_ch80:96,3,23,25.801977157592773,charged_hadron,7.622853755950928,1.0,,hadron_neighbor,1,,45,0
13279,A_protected_highiso,L1_ch80:96,1,16,23.53460693359375,charged_hadron,7.502957820892334,1.0,,hadron_neighbor,0,,15,1
13279,A_protected_highiso,L1_ch80:96,2,39,22.81736946105957,photon,3.097958564758301,0.0,,photon_neighbor,0,,15,1
13279,A_protected_highiso,L1_ch80:96,3,45,22.36310577392578,photon,2.29241681098938,0.0,,photon_neighbor,0,,15,1
13374,A_protected_highiso,L1_ch80:96,1,33,38.87137222290039,neutral_hadron,1.5268819332122803,0.0,,hadron_neighbor,0,,20,2
13374,A_protected_highiso,L1_ch80:96,2,42,29.2365665435791,charged_hadron,0.40191951394081116,-1.0,,hadron_neighbor,0,,20,2
13374,A_protected_highiso,L1_ch80:96,3,0,23.567541122436523,electron,354.0111389160156,-1.0,,particle0_best_lepton,0,,20,2
13400,A_protected_highiso,L1_ch80:96,1,35,39.43962478637695,photon,2.3560378551483154,0.0,,photon_neighbor,0,,36,1
13400,A_protected_highiso,L1_ch80:96,2,23,29.03603744506836,photon,4.371910095214844,0.0,,photon_neighbor,0,,36,1
13400,A_protected_highiso,L1_ch80:96,3,27,28.106660842895508,photon,3.5133090019226074,0.0,,photon_neighbor,0,,36,1
13529,A_protected_highiso,L1_ch80:96,1,23,38.05598068237305,photon,3.931914806365967,0.0,,photon_neighbor,0,,9,2
13529,A_protected_highiso,L1_ch80:96,2,20,36.34092712402344,photon,4.736505031585693,0.0,,photon_neighbor,0,,9,2
13529,A_protected_highiso,L1_ch80:96,3,15,33.91633605957031,charged_hadron,5.94182825088501,1.0,,hadron_neighbor,0,,9,2
13897,A_protected_highiso,L1_ch80:96,1,44,38.46464157104492,photon,0.930979311466217,0.0,,photon_neighbor,0,,14,2
13897,A_protected_highiso,L1_ch80:96,2,37,34.50590896606445,photon,2.626579999923706,0.0,,photon_neighbor,0,,14,2
13897,A_protected_highiso,L1_ch80:96,3,33,33.6817626953125,photon,4.011300563812256,0.0,,photon_neighbor,0,,14,2
14139,A_protected_highiso,L1_ch80:96,1,24,33.803924560546875,neutral_hadron,5.09828519821167,0.0,,hadron_neighbor,0,,14,1
14139,A_protected_highiso,L1_ch80:96,2,20,31.890743255615234,charged_hadron,7.35692834854126,-1.0,,hadron_neighbor,0,,14,1
14139,A_protected_highiso,L1_ch80:96,3,12,22.215482711791992,charged_hadron,10.670426368713379,1.0,,hard_hadron,0,,14,1
14355,A_protected_highiso,L1_ch80:96,1,35,34.55105209350586,photon,2.3494772911071777,0.0,,photon_neighbor,0,,25,1
14355,A_protected_highiso,L1_ch80:96,2,21,31.626611709594727,photon,4.293100357055664,0.0,,photon_neighbor,0,,25,1
14355,A_protected_highiso,L1_ch80:96,3,34,29.63240623474121,photon,2.492213249206543,0.0,,photon_neighbor,0,,25,1
14381,A_protected_highiso,L1_ch80:96,1,42,43.29481506347656,charged_hadron,1.008749008178711,-1.0,,hadron_neighbor,0,,26,1
14381,A_protected_highiso,L1_ch80:96,2,46,40.966400146484375,charged_hadron,0.2976926565170288,-1.0,,hadron_neighbor,0,,26,1
14381,A_protected_highiso,L1_ch80:96,3,36,38.21982955932617,neutral_hadron,1.4513144493103027,0.0,,hadron_neighbor,0,,26,1
14596,A_protected_highiso,L1_ch80:96,1,12,27.176130294799805,charged_hadron,5.52780294418335,-1.0,,hard_hadron,0,37,20,1
14596,A_protected_highiso,L1_ch80:96,2,59,26.56693458557129,photon,1.362777590751648,0.0,,photon_neighbor,0,37,20,1
14596,A_protected_highiso,L1_ch80:96,3,28,26.240625381469727,charged_hadron,3.3522279262542725,1.0,,hadron_neighbor,0,37,20,1
14600,A_protected_highiso,L1_ch80:96,1,33,28.605751037597656,neutral_hadron,2.146258592605591,0.0,,hadron_neighbor,0,,12,2
14600,A_protected_highiso,L1_ch80:96,2,37,26.11436653137207,photon,1.5172725915908813,0.0,,photon_neighbor,0,,12,2
14600,A_protected_highiso,L1_ch80:96,3,16,24.811269760131836,charged_hadron,7.28692102432251,1.0,,hadron_neighbor,0,,12,2
14625,A_protected_highiso,L1_ch80:96,1,63,93.07274627685547,charged_hadron,0.616908609867096,-1.0,,hadron_neighbor,0,10,44,1
14625,A_protected_highiso,L1_ch80:96,2,28,35.17210006713867,neutral_hadron,4.885854721069336,0.0,,hadron_neighbor,0,10,44,1
14625,A_protected_highiso,L1_ch80:96,3,35,29.170244216918945,photon,3.6832547187805176,0.0,,photon_neighbor,0,10,44,1
14742,A_protected_highiso,L1_ch80:96,1,34,30.641977310180664,photon,2.937504768371582,0.0,,photon_neighbor,0,,16,1
14742,A_protected_highiso,L1_ch80:96,2,42,26.66718864440918,photon,1.5341137647628784,0.0,,photon_neighbor,0,,16,1
14742,A_protected_highiso,L1_ch80:96,3,27,26.27935791015625,photon,4.885976314544678,0.0,,photon_neighbor,0,,16,1
14991,A_protected_highiso,L1_ch80:96,1,21,33.01797103881836,charged_hadron,7.662120819091797,1.0,,hadron_neighbor,0,,42,1
14991,A_protected_highiso,L1_ch80:96,2,26,31.737560272216797,neutral_hadron,4.719308853149414,0.0,,hadron_neighbor,0,,42,1
14991,A_protected_highiso,L1_ch80:96,3,25,30.089902877807617,charged_hadron,5.009345054626465,-1.0,,hadron_neighbor,0,,42,1
14999,A_protected_highiso,L1_ch80:96,1,42,28.20539665222168,photon,0.8943513035774231,0.0,,photon_neighbor,0,,21,1
14999,A_protected_highiso,L1_ch80:96,2,34,26.512096405029297,charged_hadron,2.0889546871185303,-1.0,,hadron_neighbor,0,,21,1
14999,A_protected_highiso,L1_ch80:96,3,18,24.661266326904297,charged_hadron,5.064562797546387,1.0,,hadron_neighbor,0,,21,1
15006,A_protected_highiso,L1_ch80:96,1,34,33.470035552978516,photon,2.272088050842285,0.0,,photon_neighbor,0,,12,1
15006,A_protected_highiso,L1_ch80:96,2,41,33.42229461669922,charged_hadron,1.5067970752716064,1.0,,hadron_neighbor,0,,12,1
15006,A_protected_highiso,L1_ch80:96,3,36,32.61012268066406,charged_hadron,2.093167543411255,-1.0,,hadron_neighbor,0,,12,1
15112,A_protected_highiso,L1_ch80:96,1,25,39.7501106262207,charged_hadron,4.194512367248535,-1.0,,hadron_neighbor,0,,17,1
15112,A_protected_highiso,L1_ch80:96,2,45,38.05631637573242,photon,0.8998706936836243,0.0,,photon_neighbor,0,,17,1
15112,A_protected_highiso,L1_ch80:96,3,44,27.999053955078125,photon,1.3241277933120728,0.0,,photon_neighbor,0,,17,1
15233,A_protected_highiso,L1_ch80:96,1,34,29.774906158447266,photon,2.387244462966919,0.0,,photon_neighbor,0,,9,1
15233,A_protected_highiso,L1_ch80:96,2,33,28.69842529296875,photon,2.5029890537261963,0.0,,photon_neighbor,0,,9,1
15233,A_protected_highiso,L1_ch80:96,3,20,26.317903518676758,charged_hadron,5.2946085929870605,-1.0,,hadron_neighbor,0,,9,1
15292,A_protected_highiso,L1_ch80:96,1,40,44.08864212036133,charged_hadron,2.9237794876098633,1.0,,hadron_neighbor,0,,26,1
15292,A_protected_highiso,L1_ch80:96,2,4,36.57166290283203,neutral_hadron,48.407859802246094,0.0,,hard_hadron,0,,26,1
15292,A_protected_highiso,L1_ch80:96,3,43,36.345428466796875,photon,2.743656635284424,0.0,,photon_neighbor,0,,26,1
15512,A_protected_highiso,L1_ch80:96,1,32,30.439123153686523,photon,2.118321657180786,0.0,,photon_neighbor,0,,16,3
15512,A_protected_highiso,L1_ch80:96,2,37,29.338632583618164,photon,1.6045290231704712,0.0,,photon_neighbor,0,,16,3
15512,A_protected_highiso,L1_ch80:96,3,35,28.762699127197266,charged_hadron,1.8264005184173584,-1.0,,hadron_neighbor,0,,16,3
15540,A_protected_highiso,L1_ch80:96,1,33,36.05381774902344,charged_hadron,2.2738094329833984,-1.0,,hadron_neighbor,0,,3,2
15540,A_protected_highiso,L1_ch80:96,2,31,32.88957977294922,photon,2.420560359954834,0.0,,photon_neighbor,0,,3,2
15540,A_protected_highiso,L1_ch80:96,3,20,32.33244705200195,photon,4.418626308441162,0.0,,photon_neighbor,0,,3,2
15590,A_protected_highiso,L1_ch80:96,1,25,36.614871978759766,charged_hadron,2.973837375640869,-1.0,,hadron_neighbor,0,2,19,1
15590,A_protected_highiso,L1_ch80:96,2,13,25.04755973815918,neutral_hadron,5.253460884094238,0.0,,hadron_neighbor,0,2,19,1
15590,A_protected_highiso,L1_ch80:96,3,5,24.746501922607422,neutral_hadron,12.4946928024292,0.0,,hard_hadron,0,2,19,1
15684,A_protected_highiso,L1_ch80:96,1,42,47.9644889831543,neutral_hadron,1.9615918397903442,0.0,,hadron_neighbor,0,,11,1
15684,A_protected_highiso,L1_ch80:96,2,40,27.209972381591797,photon,2.130657434463501,0.0,,photon_neighbor,0,,11,1
15684,A_protected_highiso,L1_ch80:96,3,26,26.66946029663086,charged_hadron,2.9902913570404053,-1.0,,hadron_neighbor,0,,11,1
15800,A_protected_highiso,L1_ch80:96,1,56,34.51286315917969,charged_hadron,0.7515379190444946,1.0,,hadron_neighbor,0,,8,1
15800,A_protected_highiso,L1_ch80:96,2,38,32.114463806152344,photon,2.4586212635040283,0.0,,photon_neighbor,0,,8,1
15800,A_protected_highiso,L1_ch80:96,3,36,30.391563415527344,photon,2.5402936935424805,0.0,,photon_neighbor,0,,8,1
16360,A_protected_highiso,L1_ch80:96,1,26,32.29081344604492,charged_hadron,3.263356924057007,-1.0,,hadron_neighbor,0,,12,4
16360,A_protected_highiso,L1_ch80:96,2,7,31.770225524902344,photon,9.110089302062988,0.0,,photon_neighbor,0,,12,4
16360,A_protected_highiso,L1_ch80:96,3,17,27.480623245239258,charged_hadron,4.594254970550537,1.0,,hadron_neighbor,0,,12,4
12649,B_confused_highiso,L1_ch80:96,1,78,32.3203010559082,photon,0.8330878615379333,0.0,,photon_neighbor,0,47,22,1
12649,B_confused_highiso,L1_ch80:96,2,0,26.65127944946289,muon,316.7471008300781,-1.0,,particle0_best_lepton,0,47,22,1
12649,B_confused_highiso,L1_ch80:96,3,9,25.987390518188477,charged_hadron,12.226399421691895,-1.0,,hard_hadron,0,47,22,1
12982,B_confused_highiso,L1_ch80:96,1,34,109.57654571533203,charged_hadron,2.1020498275756836,-1.0,,hadron_neighbor,0,,15,1
12982,B_confused_highiso,L1_ch80:96,2,16,31.585803985595703,neutral_hadron,7.534743785858154,0.0,,hadron_neighbor,0,,15,1
12982,B_confused_highiso,L1_ch80:96,3,6,30.56492042541504,charged_hadron,11.493302345275879,1.0,,hard_hadron,0,,15,1
13045,B_confused_highiso,L1_ch80:96,1,52,39.979984283447266,photon,0.9021864533424377,0.0,,photon_neighbor,0,2,15,1
13045,B_confused_highiso,L1_ch80:96,2,50,33.32090377807617,photon,1.1453402042388916,0.0,,photon_neighbor,0,2,15,1
13045,B_confused_highiso,L1_ch80:96,3,38,31.788728713989258,photon,2.3723504543304443,0.0,,photon_neighbor,0,2,15,1
13583,B_confused_highiso,L1_ch80:96,1,17,37.936424255371094,charged_hadron,5.320719242095947,-1.0,,hadron_neighbor,0,14,4,2
13583,B_confused_highiso,L1_ch80:96,2,8,36.46659469604492,charged_hadron,11.510705947875977,-1.0,,hard_hadron,0,14,4,2
13583,B_confused_highiso,L1_ch80:96,3,25,35.79253387451172,charged_hadron,3.3096418380737305,-1.0,,hadron_neighbor,0,14,4,2
13787,B_confused_highiso,L1_ch80:96,1,17,29.053241729736328,photon,4.828413486480713,0.0,,photon_neighbor,0,,19,1
13787,B_confused_highiso,L1_ch80:96,2,8,26.783588409423828,photon,12.658337593078613,0.0,,photon_neighbor,0,,19,1
13787,B_confused_highiso,L1_ch80:96,3,7,24.47882843017578,neutral_hadron,14.193020820617676,0.0,,hard_hadron,0,,19,1
13997,B_confused_highiso,L1_ch80:96,1,17,28.725740432739258,charged_hadron,5.199942588806152,1.0,,hadron_neighbor,0,,18,1
13997,B_confused_highiso,L1_ch80:96,2,13,27.00096321105957,photon,7.9779744148254395,0.0,,photon_neighbor,0,,18,1
13997,B_confused_highiso,L1_ch80:96,3,14,24.399173736572266,charged_hadron,7.161685466766357,1.0,,hadron_neighbor,0,,18,1
14711,B_confused_highiso,L1_ch80:96,1,59,31.200096130371094,neutral_hadron,2.329956293106079,0.0,,hadron_neighbor,0,66,45,1
14711,B_confused_highiso,L1_ch80:96,2,48,29.370941162109375,charged_hadron,3.3018317222595215,1.0,,hadron_neighbor,0,66,45,1
14711,B_confused_highiso,L1_ch80:96,3,57,28.032175064086914,charged_hadron,2.7057695388793945,1.0,,hadron_neighbor,0,66,45,1
15288,B_confused_highiso,L1_ch80:96,1,13,43.43825149536133,charged_hadron,4.462475776672363,-1.0,,hard_hadron,0,,31,1
15288,B_confused_highiso,L1_ch80:96,2,8,37.52458953857422,neutral_hadron,5.959022521972656,0.0,,hard_hadron,0,,31,1
15288,B_confused_highiso,L1_ch80:96,3,40,34.83408737182617,charged_hadron,1.2935066223144531,-1.0,,hadron_neighbor,0,,31,1
15528,B_confused_highiso,L1_ch80:96,1,31,60.74585723876953,photon,3.2686235904693604,0.0,,photon_neighbor,3,15,33,1
15528,B_confused_highiso,L1_ch80:96,2,50,48.86116027832031,photon,0.9331297278404236,0.0,,photon_neighbor,3,15,33,1
15528,B_confused_highiso,L1_ch80:96,3,42,47.120296478271484,photon,1.6624677181243896,0.0,,photon_neighbor,3,15,33,1
15658,B_confused_highiso,L1_ch80:96,1,71,111.22432708740234,charged_hadron,0.7258743643760681,-1.0,,hadron_neighbor,0,5,43,1
15658,B_confused_highiso,L1_ch80:96,2,29,30.49385643005371,neutral_hadron,4.866365909576416,0.0,,hadron_neighbor,0,5,43,1
15658,B_confused_highiso,L1_ch80:96,3,25,28.790603637695312,charged_hadron,5.36470365524292,-1.0,,hadron_neighbor,0,5,43,1
15893,B_confused_highiso,L1_ch80:96,1,11,27.625009536743164,charged_hadron,14.215394020080566,-1.0,,hard_hadron,0,,24,1
15893,B_confused_highiso,L1_ch80:96,2,8,25.928619384765625,photon,17.183940887451172,0.0,,photon_neighbor,0,,24,1
15893,B_confused_highiso,L1_ch80:96,3,12,25.710630416870117,charged_hadron,13.18796443939209,-1.0,,hadron_neighbor,0,,24,1
20480,C_Tbl_correct,L1_ch80:96,1,16,65.49856567382812,photon,1.11482834815979,0.0,,photon_neighbor,0,,11,1
20480,C_Tbl_correct,L1_ch80:96,2,15,65.35978698730469,charged_hadron,2.002293348312378,1.0,,hadron_neighbor,0,,11,1
20480,C_Tbl_correct,L1_ch80:96,3,14,29.84688949584961,photon,2.35135555267334,0.0,,photon_neighbor,0,,11,1
20481,C_Tbl_correct,L1_ch80:96,1,13,27.749191284179688,charged_hadron,6.398701190948486,-1.0,,hadron_neighbor,0,1,19,2
20481,C_Tbl_correct,L1_ch80:96,2,11,26.513381958007812,charged_hadron,7.0401482582092285,1.0,,hadron_neighbor,0,1,19,2
20481,C_Tbl_correct,L1_ch80:96,3,21,25.45719337463379,photon,1.8541834354400635,0.0,,photon_neighbor,0,1,19,2
20482,C_Tbl_correct,L1_ch80:96,1,1,27.975252151489258,neutral_hadron,85.6462173461914,0.0,,hardest_hadron,0,2,5,1
20482,C_Tbl_correct,L1_ch80:96,2,13,27.889917373657227,charged_hadron,4.890113353729248,-1.0,,hadron_neighbor,0,2,5,1
20482,C_Tbl_correct,L1_ch80:96,3,10,26.062528610229492,charged_hadron,7.141330718994141,-1.0,,hadron_neighbor,0,2,5,1
20483,C_Tbl_correct,L1_ch80:96,1,29,28.412302017211914,photon,1.226508617401123,0.0,,photon_neighbor,0,,16,1
20483,C_Tbl_correct,L1_ch80:96,2,0,27.870615005493164,muon,391.753173828125,1.0,,particle0_best_lepton,0,,16,1
20483,C_Tbl_correct,L1_ch80:96,3,18,25.64864730834961,photon,2.7418203353881836,0.0,,photon_neighbor,0,,16,1
20484,C_Tbl_correct,L1_ch80:96,1,0,31.76496696472168,electron,107.00715637207031,1.0,,particle0_best_lepton,0,3,11,4
20484,C_Tbl_correct,L1_ch80:96,2,19,29.4317569732666,photon,6.5226359367370605,0.0,,photon_neighbor,0,3,11,4
20484,C_Tbl_correct,L1_ch80:96,3,22,28.046981811523438,charged_hadron,4.911870956420898,1.0,,hadron_neighbor,0,3,11,4
20485,C_Tbl_correct,L1_ch80:96,1,19,31.81136703491211,photon,1.1803252696990967,0.0,,photon_neighbor,0,6,15,1
20485,C_Tbl_correct,L1_ch80:96,2,14,31.387069702148438,charged_hadron,5.220975399017334,1.0,,hadron_neighbor,0,6,15,1
20485,C_Tbl_correct,L1_ch80:96,3,20,27.019575119018555,photon,1.0142788887023926,0.0,,photon_neighbor,0,6,15,1
20486,C_Tbl_correct,L1_ch80:96,1,12,29.709957122802734,charged_hadron,9.163783073425293,1.0,,hadron_neighbor,1,,15,0
20486,C_Tbl_correct,L1_ch80:96,2,6,29.033977508544922,charged_hadron,20.90523338317871,1.0,,hard_hadron,1,,15,0
20486,C_Tbl_correct,L1_ch80:96,3,14,27.25827407836914,charged_hadron,6.975025653839111,1.0,,hadron_neighbor,1,,15,0
20487,C_Tbl_correct,L1_ch80:96,1,20,37.20354080200195,photon,4.418093204498291,0.0,,photon_neighbor,0,4,19,1
20487,C_Tbl_correct,L1_ch80:96,2,15,32.4102897644043,photon,7.088354110717773,0.0,,photon_neighbor,0,4,19,1
20487,C_Tbl_correct,L1_ch80:96,3,12,30.16253089904785,photon,8.273520469665527,0.0,,photon_neighbor,0,4,19,1
20488,C_Tbl_correct,L1_ch80:96,1,4,22.373336791992188,charged_hadron,42.47578048706055,-1.0,,hard_hadron,0,,19,1
20488,C_Tbl_correct,L1_ch80:96,2,14,21.911052703857422,photon,6.761062145233154,0.0,,photon_neighbor,0,,19,1
20488,C_Tbl_correct,L1_ch80:96,3,6,20.93272590637207,charged_hadron,20.781667709350586,1.0,,hard_hadron,0,,19,1
20489,C_Tbl_correct,L1_ch80:96,1,10,29.118181228637695,charged_hadron,9.784201622009277,1.0,,hadron_neighbor,0,2,14,1
20489,C_Tbl_correct,L1_ch80:96,2,18,23.503314971923828,photon,2.0888848304748535,0.0,,photon_neighbor,0,2,14,1
20489,C_Tbl_correct,L1_ch80:96,3,4,23.091876983642578,charged_hadron,21.255573272705078,1.0,,hard_hadron,0,2,14,1
20490,C_Tbl_correct,L1_ch80:96,1,35,99.83301544189453,charged_hadron,0.38173723220825195,-1.0,,hadron_neighbor,0,,19,1
20490,C_Tbl_correct,L1_ch80:96,2,22,32.200592041015625,neutral_hadron,3.752756118774414,0.0,,hadron_neighbor,0,,19,1
20490,C_Tbl_correct,L1_ch80:96,3,10,25.78317642211914,charged_hadron,14.438669204711914,-1.0,,hadron_neighbor,0,,19,1
20491,C_Tbl_correct,L1_ch80:96,1,17,29.215551376342773,photon,5.048663139343262,0.0,,photon_neighbor,0,,15,1
20491,C_Tbl_correct,L1_ch80:96,2,19,28.191617965698242,photon,4.574375152587891,0.0,,photon_neighbor,0,,15,1
20491,C_Tbl_correct,L1_ch80:96,3,25,26.50299835205078,photon,3.0627834796905518,0.0,,photon_neighbor,0,,15,1
20492,C_Tbl_correct,L1_ch80:96,1,75,107.52193450927734,charged_hadron,0.4453120231628418,-1.0,,hadron_neighbor,0,,74,1
20492,C_Tbl_correct,L1_ch80:96,2,74,45.193294525146484,charged_hadron,1.3540942668914795,-1.0,,nearest_hadron_to_best_lepton,0,,74,1
20492,C_Tbl_correct,L1_ch80:96,3,22,39.182838439941406,neutral_hadron,7.558292388916016,0.0,,hadron_neighbor,0,,74,1
20493,C_Tbl_correct,L1_ch80:96,1,20,25.328012466430664,charged_hadron,1.3827050924301147,1.0,,hadron_neighbor,0,1,14,2
20493,C_Tbl_correct,L1_ch80:96,2,18,24.311389923095703,charged_hadron,1.8757728338241577,-1.0,,hadron_neighbor,0,1,14,2
20493,C_Tbl_correct,L1_ch80:96,3,1,22.74937629699707,muon,169.77301025390625,-1.0,,second_lepton,0,1,14,2
20494,C_Tbl_correct,L1_ch80:96,1,0,29.061201095581055,muon,482.8270568847656,1.0,,particle0_best_lepton,0,,8,3
20494,C_Tbl_correct,L1_ch80:96,2,21,27.6106014251709,charged_hadron,2.2307167053222656,-1.0,,hadron_neighbor,0,,8,3
20494,C_Tbl_correct,L1_ch80:96,3,22,26.86646270751953,photon,1.6392831802368164,0.0,,photon_neighbor,0,,8,3
20495,C_Tbl_correct,L1_ch80:96,1,17,36.88098907470703,neutral_hadron,2.018589496612549,0.0,,hadron_neighbor,2,4,5,0
20495,C_Tbl_correct,L1_ch80:96,2,7,31.22786521911621,charged_hadron,12.984375,-1.0,,hard_hadron,2,4,5,0
20495,C_Tbl_correct,L1_ch80:96,3,13,28.320716857910156,charged_hadron,3.695004940032959,-1.0,,hadron_neighbor,2,4,5,0
20496,C_Tbl_correct,L1_ch80:96,1,0,32.234580993652344,electron,238.28724670410156,1.0,,particle0_best_lepton,0,,24,1
20496,C_Tbl_correct,L1_ch80:96,2,38,31.53338050842285,photon,0.963577389717102,0.0,,photon_neighbor,0,,24,1
20496,C_Tbl_correct,L1_ch80:96,3,27,30.440839767456055,charged_hadron,2.9201574325561523,-1.0,,hadron_neighbor,0,,24,1
20497,C_Tbl_correct,L1_ch80:96,1,19,143.9354705810547,charged_hadron,0.2492384910583496,1.0,,hadron_neighbor,0,,11,1
20497,C_Tbl_correct,L1_ch80:96,2,17,43.11175537109375,charged_hadron,1.1506739854812622,1.0,,hadron_neighbor,0,,11,1
20497,C_Tbl_correct,L1_ch80:96,3,10,29.81331443786621,photon,4.5389227867126465,0.0,,photon_neighbor,0,,11,1
20498,C_Tbl_correct,L1_ch80:96,1,11,123.80146026611328,charged_hadron,1.4357649087905884,1.0,,hadron_neighbor,1,,5,0
20498,C_Tbl_correct,L1_ch80:96,2,13,56.08116912841797,charged_hadron,0.6890896558761597,-1.0,,hadron_neighbor,1,,5,0
20498,C_Tbl_correct,L1_ch80:96,3,10,42.30708312988281,neutral_hadron,2.4481844902038574,0.0,,hadron_neighbor,1,,5,0
20499,C_Tbl_correct,L1_ch80:96,1,19,32.80863952636719,photon,0.9102948904037476,0.0,,photon_neighbor,1,,11,0
20499,C_Tbl_correct,L1_ch80:96,2,14,29.49802017211914,neutral_hadron,3.3125691413879395,0.0,,hadron_neighbor,1,,11,0
20499,C_Tbl_correct,L1_ch80:96,3,18,26.256471633911133,photon,1.543830394744873,0.0,,photon_neighbor,1,,11,0
20500,C_Tbl_correct,L1_ch80:96,1,0,32.82114028930664,electron,329.0126953125,1.0,,particle0_best_lepton,0,12,11,1
20500,C_Tbl_correct,L1_ch80:96,2,24,29.361108779907227,charged_hadron,2.726628303527832,-1.0,,hadron_neighbor,0,12,11,1
20500,C_Tbl_correct,L1_ch80:96,3,31,28.31291961669922,photon,2.266075372695923,0.0,,photon_neighbor,0,12,11,1
20501,C_Tbl_correct,L1_ch80:96,1,37,135.0327606201172,charged_hadron,0.5801117420196533,1.0,,hadron_neighbor,0,,19,1
20501,C_Tbl_correct,L1_ch80:96,2,35,40.288307189941406,charged_hadron,1.2583918571472168,-1.0,,hadron_neighbor,0,,19,1
20501,C_Tbl_correct,L1_ch80:96,3,0,32.59309387207031,electron,133.78932189941406,-1.0,,particle0_best_lepton,0,,19,1
20502,C_Tbl_correct,L1_ch80:96,1,31,142.73989868164062,charged_hadron,0.5328081846237183,-1.0,,hadron_neighbor,0,4,15,1
20502,C_Tbl_correct,L1_ch80:96,2,15,51.5126953125,neutral_hadron,4.554914951324463,0.0,,nearest_hadron_to_best_lepton,0,4,15,1
20502,C_Tbl_correct,L1_ch80:96,3,30,45.497406005859375,photon,1.0247560739517212,0.0,,photon_neighbor,0,4,15,1
20503,C_Tbl_correct,L1_ch80:96,1,18,41.02186584472656,neutral_hadron,0.7417477965354919,0.0,,hadron_neighbor,4,6,15,0
20503,C_Tbl_correct,L1_ch80:96,2,16,29.47117042541504,photon,1.4078236818313599,0.0,,photon_neighbor,4,6,15,0
20503,C_Tbl_correct,L1_ch80:96,3,6,24.37179183959961,electron,25.880510330200195,1.0,,second_lepton,4,6,15,0
20504,C_Tbl_correct,L1_ch80:96,1,26,30.90937042236328,photon,1.6840124130249023,0.0,,photon_neighbor,1,,20,0
20504,C_Tbl_correct,L1_ch80:96,2,24,24.275344848632812,photon,2.3594584465026855,0.0,,photon_neighbor,1,,20,0
20504,C_Tbl_correct,L1_ch80:96,3,23,22.508831024169922,photon,2.5521621704101562,0.0,,photon_neighbor,1,,20,0
20505,C_Tbl_correct,L1_ch80:96,1,12,31.84465980529785,neutral_hadron,1.7776254415512085,0.0,,hadron_neighbor,0,,9,1
20505,C_Tbl_correct,L1_ch80:96,2,10,30.506372451782227,charged_hadron,2.055927038192749,-1.0,,hadron_neighbor,0,,9,1
20505,C_Tbl_correct,L1_ch80:96,3,13,28.746435165405273,photon,1.3863903284072876,0.0,,photon_neighbor,0,,9,1
20506,C_Tbl_correct,L1_ch80:96,1,29,43.944984436035156,charged_hadron,2.2254481315612793,-1.0,,hadron_neighbor,0,12,13,1
20506,C_Tbl_correct,L1_ch80:96,2,28,36.80323791503906,electron,2.373131036758423,-1.0,,other_lepton,0,12,13,1
20506,C_Tbl_correct,L1_ch80:96,3,12,33.096778869628906,electron,6.265631198883057,1.0,,second_lepton,0,12,13,1
20507,C_Tbl_correct,L1_ch80:96,1,26,28.03321647644043,charged_hadron,3.1262786388397217,1.0,,hadron_neighbor,0,1,34,2
20507,C_Tbl_correct,L1_ch80:96,2,33,27.320539474487305,photon,1.2121039628982544,0.0,,photon_neighbor,0,1,34,2
20507,C_Tbl_correct,L1_ch80:96,3,28,26.920364379882812,photon,2.350288152694702,0.0,,photon_neighbor,0,1,34,2
20508,C_Tbl_correct,L1_ch80:96,1,13,32.60386276245117,photon,6.436136722564697,0.0,,photon_neighbor,0,19,15,2
20508,C_Tbl_correct,L1_ch80:96,2,7,31.19887351989746,photon,36.828739166259766,0.0,,photon_neighbor,0,19,15,2
20508,C_Tbl_correct,L1_ch80:96,3,8,30.941099166870117,photon,21.000165939331055,0.0,,photon_neighbor,0,19,15,2
20509,C_Tbl_correct,L1_ch80:96,1,7,37.0551643371582,charged_hadron,6.556372165679932,-1.0,,hadron_neighbor,1,4,8,0
20509,C_Tbl_correct,L1_ch80:96,2,6,30.226524353027344,charged_hadron,18.796159744262695,-1.0,,hadron_neighbor,1,4,8,0
20509,C_Tbl_correct,L1_ch80:96,3,14,28.778841018676758,photon,2.022557020187378,0.0,,photon_neighbor,1,4,8,0
20510,C_Tbl_correct,L1_ch80:96,1,16,31.513525009155273,photon,8.647772789001465,0.0,,photon_neighbor,0,,4,1
20510,C_Tbl_correct,L1_ch80:96,2,28,30.967477798461914,photon,1.7366095781326294,0.0,,photon_neighbor,0,,4,1
20510,C_Tbl_correct,L1_ch80:96,3,10,29.607892990112305,photon,15.590031623840332,0.0,,photon_neighbor,0,,4,1
20511,C_Tbl_correct,L1_ch80:96,1,26,36.14736557006836,photon,5.75492000579834,0.0,,photon_neighbor,0,46,34,1
20511,C_Tbl_correct,L1_ch80:96,2,18,31.732839584350586,charged_hadron,8.664892196655273,1.0,,hadron_neighbor,0,46,34,1
20511,C_Tbl_correct,L1_ch80:96,3,12,29.430227279663086,photon,13.119492530822754,0.0,,photon_neighbor,0,46,34,1
20512,C_Tbl_correct,L1_ch80:96,1,16,29.50023078918457,charged_hadron,0.7922788262367249,-1.0,,hadron_neighbor,1,,5,2
20512,C_Tbl_correct,L1_ch80:96,2,12,29.206388473510742,charged_hadron,2.3417375087738037,1.0,,hadron_neighbor,1,,5,2
20512,C_Tbl_correct,L1_ch80:96,3,15,28.21722984313965,charged_hadron,0.8517165184020996,1.0,,hadron_neighbor,1,,5,2
20513,C_Tbl_correct,L1_ch80:96,1,19,41.3946647644043,neutral_hadron,1.3547792434692383,0.0,,hadron_neighbor,0,,17,1
20513,C_Tbl_correct,L1_ch80:96,2,17,38.27732467651367,neutral_hadron,1.502299189567566,0.0,,nearest_hadron_to_best_lepton,0,,17,1
20513,C_Tbl_correct,L1_ch80:96,3,21,36.14908981323242,charged_hadron,1.1079225540161133,1.0,,hadron_neighbor,0,,17,1
20514,C_Tbl_correct,L1_ch80:96,1,21,29.40418243408203,photon,0.880427360534668,0.0,,photon_neighbor,0,,11,1
20514,C_Tbl_correct,L1_ch80:96,2,20,28.87260627746582,photon,3.140786647796631,0.0,,photon_neighbor,0,,11,1
20514,C_Tbl_correct,L1_ch80:96,3,8,28.492958068847656,charged_hadron,15.499486923217773,1.0,,hadron_neighbor,0,,11,1
20515,C_Tbl_correct,L1_ch80:96,1,7,41.30838394165039,charged_hadron,2.1236445903778076,-1.0,,hadron_neighbor,0,,15,1
20515,C_Tbl_correct,L1_ch80:96,2,0,31.461957931518555,muon,519.654052734375,1.0,,particle0_best_lepton,0,,15,1
20515,C_Tbl_correct,L1_ch80:96,3,5,30.429147720336914,neutral_hadron,2.3045127391815186,0.0,,hadron_neighbor,0,,15,1
20516,C_Tbl_correct,L1_ch80:96,1,3,40.963619232177734,neutral_hadron,68.7491683959961,0.0,,hard_hadron,0,11,20,1
20516,C_Tbl_correct,L1_ch80:96,2,19,35.93694305419922,photon,4.600696563720703,0.0,,photon_neighbor,0,11,20,1
20516,C_Tbl_correct,L1_ch80:96,3,12,31.253278732299805,charged_hadron,8.019871711730957,-1.0,,hadron_neighbor,0,11,20,1
20517,C_Tbl_correct,L1_ch80:96,1,21,65.7500991821289,charged_hadron,1.0011638402938843,-1.0,,hadron_neighbor,2,6,18,0
20517,C_Tbl_correct,L1_ch80:96,2,16,30.846481323242188,photon,4.067120552062988,0.0,,photon_neighbor,2,6,18,0
20517,C_Tbl_correct,L1_ch80:96,3,15,29.698036193847656,photon,4.241827011108398,0.0,,photon_neighbor,2,6,18,0
20518,C_Tbl_correct,L1_ch80:96,1,25,48.26996612548828,neutral_hadron,0.7575080990791321,0.0,,hadron_neighbor,1,2,4,4
20518,C_Tbl_correct,L1_ch80:96,2,21,31.90757179260254,charged_hadron,1.3832746744155884,-1.0,,hadron_neighbor,1,2,4,4
20518,C_Tbl_correct,L1_ch80:96,3,26,31.04405403137207,photon,0.5637474656105042,0.0,,photon_neighbor,1,2,4,4
20519,C_Tbl_correct,L1_ch80:96,1,16,31.105480194091797,charged_hadron,5.727144241333008,1.0,,hadron_neighbor,0,,18,2
20519,C_Tbl_correct,L1_ch80:96,2,10,30.50623893737793,charged_hadron,9.515914916992188,1.0,,hadron_neighbor,0,,18,2
20519,C_Tbl_correct,L1_ch80:96,3,13,29.913496017456055,charged_hadron,6.883821487426758,1.0,,hadron_neighbor,0,,18,2
20520,C_Tbl_correct,L1_ch80:96,1,22,29.39258575439453,photon,3.292964220046997,0.0,,photon_neighbor,0,6,19,1
20520,C_Tbl_correct,L1_ch80:96,2,15,28.2114200592041,charged_hadron,5.503244400024414,-1.0,,hadron_neighbor,0,6,19,1
20520,C_Tbl_correct,L1_ch80:96,3,21,27.22282600402832,charged_hadron,3.571826457977295,1.0,,hadron_neighbor,0,6,19,1
20521,C_Tbl_correct,L1_ch80:96,1,22,31.914642333984375,neutral_hadron,2.3665452003479004,0.0,,hadron_neighbor,1,15,20,2
20521,C_Tbl_correct,L1_ch80:96,2,29,30.8526554107666,charged_hadron,1.2723644971847534,-1.0,,hadron_neighbor,1,15,20,2
20521,C_Tbl_correct,L1_ch80:96,3,8,27.851896286010742,charged_hadron,15.41736125946045,-1.0,,hard_hadron,1,15,20,2
20522,C_Tbl_correct,L1_ch80:96,1,15,35.343780517578125,photon,3.903531312942505,0.0,,photon_neighbor,0,,11,1
20522,C_Tbl_correct,L1_ch80:96,2,16,34.65602111816406,photon,3.32810640335083,0.0,,photon_neighbor,0,,11,1
20522,C_Tbl_correct,L1_ch80:96,3,14,34.64051818847656,photon,4.208117485046387,0.0,,photon_neighbor,0,,11,1
20523,C_Tbl_correct,L1_ch80:96,1,14,46.43095016479492,neutral_hadron,1.1758581399917603,0.0,,hadron_neighbor,1,3,13,2
20523,C_Tbl_correct,L1_ch80:96,2,13,29.472362518310547,charged_hadron,1.9980783462524414,-1.0,,nearest_hadron_to_best_lepton,1,3,13,2
20523,C_Tbl_correct,L1_ch80:96,3,9,25.285669326782227,photon,4.740096569061279,0.0,,photon_neighbor,1,3,13,2
20524,C_Tbl_correct,L1_ch80:96,1,11,43.39427185058594,neutral_hadron,2.225579261779785,0.0,,hadron_neighbor,0,3,5,2
20524,C_Tbl_correct,L1_ch80:96,2,10,31.065322875976562,neutral_hadron,3.2665281295776367,0.0,,hadron_neighbor,0,3,5,2
20524,C_Tbl_correct,L1_ch80:96,3,9,27.024364471435547,charged_hadron,3.8542251586914062,1.0,,hadron_neighbor,0,3,5,2
20525,C_Tbl_correct,L1_ch80:96,1,25,114.77107238769531,charged_hadron,2.191967248916626,1.0,,hadron_neighbor,0,,16,2
20525,C_Tbl_correct,L1_ch80:96,2,39,33.18964385986328,photon,1.078173041343689,0.0,,photon_neighbor,0,,16,2
20525,C_Tbl_correct,L1_ch80:96,3,0,27.126604080200195,muon,147.4969940185547,1.0,,particle0_best_lepton,0,,16,2
20526,C_Tbl_correct,L1_ch80:96,1,17,50.894203186035156,neutral_hadron,4.36618185043335,0.0,,hadron_neighbor,0,,19,1
20526,C_Tbl_correct,L1_ch80:96,2,27,33.03232192993164,charged_hadron,0.6196953058242798,-1.0,,hadron_neighbor,0,,19,1
20526,C_Tbl_correct,L1_ch80:96,3,22,31.60358428955078,charged_hadron,2.57301664352417,-1.0,,hadron_neighbor,0,,19,1
20527,C_Tbl_correct,L1_ch80:96,1,19,31.326187133789062,neutral_hadron,3.7577924728393555,0.0,,hadron_neighbor,0,,12,1
20527,C_Tbl_correct,L1_ch80:96,2,0,29.473934173583984,electron,336.3766174316406,1.0,,particle0_best_lepton,0,,12,1
20527,C_Tbl_correct,L1_ch80:96,3,24,26.732118606567383,charged_hadron,3.317068576812744,-1.0,,hadron_neighbor,0,,12,1
20528,C_Tbl_correct,L1_ch80:96,1,27,28.236547470092773,neutral_hadron,1.9193730354309082,0.0,,hadron_neighbor,0,,15,2
20528,C_Tbl_correct,L1_ch80:96,2,29,28.11168670654297,photon,1.8877949714660645,0.0,,photon_neighbor,0,,15,2
20528,C_Tbl_correct,L1_ch80:96,3,0,25.29061508178711,muon,406.7447814941406,1.0,,particle0_best_lepton,0,,15,2
20529,C_Tbl_correct,L1_ch80:96,1,0,51.34414291381836,electron,487.25653076171875,1.0,,particle0_best_lepton,0,,8,2
20529,C_Tbl_correct,L1_ch80:96,2,35,42.19955062866211,photon,1.0851224660873413,0.0,,photon_neighbor,0,,8,2
20529,C_Tbl_correct,L1_ch80:96,3,24,42.04443359375,photon,2.789147138595581,0.0,,photon_neighbor,0,,8,2
20530,C_Tbl_correct,L1_ch80:96,1,38,35.08673858642578,neutral_hadron,4.399009704589844,0.0,,hadron_neighbor,0,,30,1
20530,C_Tbl_correct,L1_ch80:96,2,36,30.27777862548828,neutral_hadron,4.829425811767578,0.0,,hadron_neighbor,0,,30,1
20530,C_Tbl_correct,L1_ch80:96,3,61,26.872175216674805,photon,1.2495219707489014,0.0,,photon_neighbor,0,,30,1
20531,C_Tbl_correct,L1_ch80:96,1,0,23.506357192993164,electron,200.07044982910156,1.0,,particle0_best_lepton,0,,13,1
20531,C_Tbl_correct,L1_ch80:96,2,6,21.884044647216797,charged_hadron,20.68189811706543,-1.0,,hadron_neighbor,0,,13,1
20531,C_Tbl_correct,L1_ch80:96,3,5,21.602853775024414,charged_hadron,24.297649383544922,-1.0,,hadron_neighbor,0,,13,1
20532,C_Tbl_correct,L1_ch80:96,1,14,31.94972038269043,charged_hadron,6.419761657714844,1.0,,nearest_hadron_to_best_lepton,0,,14,1
20532,C_Tbl_correct,L1_ch80:96,2,25,31.68048667907715,photon,2.7605197429656982,0.0,,photon_neighbor,0,,14,1
20532,C_Tbl_correct,L1_ch80:96,3,23,31.296234130859375,photon,3.1456425189971924,0.0,,photon_neighbor,0,,14,1
20533,C_Tbl_correct,L1_ch80:96,1,53,113.71260833740234,charged_hadron,0.6146264672279358,-1.0,,hadron_neighbor,0,2,15,1
20533,C_Tbl_correct,L1_ch80:96,2,11,34.045631408691406,charged_hadron,13.007166862487793,1.0,,hard_hadron,0,2,15,1
20533,C_Tbl_correct,L1_ch80:96,3,52,33.63108444213867,photon,0.9330371618270874,0.0,,photon_neighbor,0,2,15,1
20534,C_Tbl_correct,L1_ch80:96,1,6,32.30409622192383,charged_hadron,37.38751983642578,1.0,,hadron_neighbor,0,,12,1
20534,C_Tbl_correct,L1_ch80:96,2,11,30.992006301879883,charged_hadron,16.262577056884766,1.0,,hadron_neighbor,0,,12,1
20534,C_Tbl_correct,L1_ch80:96,3,10,29.65591049194336,neutral_hadron,25.54013442993164,0.0,,hadron_neighbor,0,,12,1
20535,C_Tbl_correct,L1_ch80:96,1,21,30.66450309753418,photon,1.266676664352417,0.0,,photon_neighbor,0,1,7,2
20535,C_Tbl_correct,L1_ch80:96,2,17,29.768102645874023,photon,1.7175662517547607,0.0,,photon_neighbor,0,1,7,2
20535,C_Tbl_correct,L1_ch80:96,3,19,25.503202438354492,photon,1.5792500972747803,0.0,,photon_neighbor,0,1,7,2
20536,C_Tbl_correct,L1_ch80:96,1,32,34.300662994384766,photon,1.0299954414367676,0.0,,photon_neighbor,0,,24,1
20536,C_Tbl_correct,L1_ch80:96,2,2,32.397987365722656,neutral_hadron,45.00316619873047,0.0,,hard_hadron,0,,24,1
20536,C_Tbl_correct,L1_ch80:96,3,17,30.6653995513916,neutral_hadron,6.5360260009765625,0.0,,hadron_neighbor,0,,24,1
20537,C_Tbl_correct,L1_ch80:96,1,18,33.36195373535156,photon,1.4133703708648682,0.0,,photon_neighbor,0,1,4,3
20537,C_Tbl_correct,L1_ch80:96,2,15,27.807188034057617,photon,4.623235702514648,0.0,,photon_neighbor,0,1,4,3
20537,C_Tbl_correct,L1_ch80:96,3,9,27.314159393310547,charged_hadron,11.404565811157227,-1.0,,hadron_neighbor,0,1,4,3
20538,C_Tbl_correct,L1_ch80:96,1,25,107.01756286621094,charged_hadron,0.4904228448867798,-1.0,,hadron_neighbor,0,1,12,2
20538,C_Tbl_correct,L1_ch80:96,2,16,42.859100341796875,charged_hadron,2.3118600845336914,-1.0,,hadron_neighbor,0,1,12,2
20538,C_Tbl_correct,L1_ch80:96,3,21,40.06547546386719,charged_hadron,1.0695770978927612,-1.0,,hadron_neighbor,0,1,12,2
20539,C_Tbl_correct,L1_ch80:96,1,59,25.789806365966797,photon,0.889176070690155,0.0,,photon_neighbor,0,35,46,1
20539,C_Tbl_correct,L1_ch80:96,2,42,24.97260093688965,photon,2.4703054428100586,0.0,,photon_neighbor,0,35,46,1
20539,C_Tbl_correct,L1_ch80:96,3,58,24.412214279174805,photon,0.9280458688735962,0.0,,photon_neighbor,0,35,46,1
20540,C_Tbl_correct,L1_ch80:96,1,9,27.623462677001953,photon,15.18582534790039,0.0,,photon_neighbor,0,3,11,1
20540,C_Tbl_correct,L1_ch80:96,2,8,26.821575164794922,charged_hadron,16.263002395629883,1.0,,hadron_neighbor,0,3,11,1
20540,C_Tbl_correct,L1_ch80:96,3,16,25.244586944580078,photon,1.5185315608978271,0.0,,photon_neighbor,0,3,11,1
20541,C_Tbl_correct,L1_ch80:96,1,10,27.50922966003418,neutral_hadron,4.981019496917725,0.0,,hadron_neighbor,0,,11,3
20541,C_Tbl_correct,L1_ch80:96,2,17,27.093748092651367,photon,0.923501193523407,0.0,,photon_neighbor,0,,11,3
20541,C_Tbl_correct,L1_ch80:96,3,16,26.878751754760742,photon,1.0755943059921265,0.0,,photon_neighbor,0,,11,3
20542,C_Tbl_correct,L1_ch80:96,1,16,36.068031311035156,charged_hadron,1.4197300672531128,-1.0,,hadron_neighbor,0,,9,1
20542,C_Tbl_correct,L1_ch80:96,2,18,34.79206466674805,charged_hadron,0.9812263250350952,1.0,,hadron_neighbor,0,,9,1
20542,C_Tbl_correct,L1_ch80:96,3,12,31.936960220336914,photon,4.377320766448975,0.0,,photon_neighbor,0,,9,1
20543,C_Tbl_correct,L1_ch80:96,1,28,56.20982360839844,neutral_hadron,5.711883068084717,0.0,,hadron_neighbor,0,10,46,1
20543,C_Tbl_correct,L1_ch80:96,2,39,45.14084243774414,photon,2.3372435569763184,0.0,,photon_neighbor,0,10,46,1
20543,C_Tbl_correct,L1_ch80:96,3,33,44.39303970336914,photon,3.6259422302246094,0.0,,photon_neighbor,0,10,46,1
20544,C_Tbl_correct,L1_ch80:96,1,12,29.399944305419922,photon,1.7623119354248047,0.0,,photon_neighbor,0,,9,2
20544,C_Tbl_correct,L1_ch80:96,2,0,29.114336013793945,muon,508.11871337890625,1.0,,particle0_best_lepton,0,,9,2
20544,C_Tbl_correct,L1_ch80:96,3,13,20.9508056640625,photon,1.5313098430633545,0.0,,photon_neighbor,0,,9,2
20545,C_Tbl_correct,L1_ch80:96,1,9,41.44696807861328,charged_hadron,3.563504219055176,1.0,,nearest_hadron_to_best_lepton,0,,9,1
20545,C_Tbl_correct,L1_ch80:96,2,0,32.60374069213867,electron,451.4137268066406,1.0,,particle0_best_lepton,0,,9,1
20545,C_Tbl_correct,L1_ch80:96,3,4,30.513399124145508,neutral_hadron,5.927852630615234,0.0,,hard_hadron,0,,9,1
20546,C_Tbl_correct,L1_ch80:96,1,24,90.52918243408203,charged_hadron,0.8386821150779724,-1.0,,hadron_neighbor,0,6,2,1
20546,C_Tbl_correct,L1_ch80:96,2,12,41.233577728271484,neutral_hadron,5.076686382293701,0.0,,hadron_neighbor,0,6,2,1
20546,C_Tbl_correct,L1_ch80:96,3,15,38.312095642089844,charged_hadron,2.946937322616577,-1.0,,hadron_neighbor,0,6,2,1
20547,C_Tbl_correct,L1_ch80:96,1,37,41.77847671508789,charged_hadron,1.1252521276474,1.0,,hadron_neighbor,0,,31,1
20547,C_Tbl_correct,L1_ch80:96,2,0,36.0810432434082,electron,357.27874755859375,-1.0,,particle0_best_lepton,0,,31,1
20547,C_Tbl_correct,L1_ch80:96,3,17,32.96891784667969,charged_hadron,4.772515296936035,1.0,,hadron_neighbor,0,,31,1
20548,C_Tbl_correct,L1_ch80:96,1,2,36.724220275878906,charged_hadron,16.278650283813477,1.0,,hardest_hadron,0,4,8,2
20548,C_Tbl_correct,L1_ch80:96,2,10,35.2449836730957,charged_hadron,7.176766872406006,-1.0,,hadron_neighbor,0,4,8,2
20548,C_Tbl_correct,L1_ch80:96,3,14,32.424434661865234,photon,1.8083306550979614,0.0,,photon_neighbor,0,4,8,2
20549,C_Tbl_correct,L1_ch80:96,1,8,29.23067283630371,photon,8.97270679473877,0.0,,photon_neighbor,3,,13,1
20549,C_Tbl_correct,L1_ch80:96,2,7,28.093297958374023,photon,11.782541275024414,0.0,,photon_neighbor,3,,13,1
20549,C_Tbl_correct,L1_ch80:96,3,5,28.078805923461914,neutral_hadron,50.428565979003906,0.0,,hard_hadron,3,,13,1
20551,C_Tbl_correct,L1_ch80:96,1,21,32.70524215698242,photon,0.9123833179473877,0.0,,photon_neighbor,1,2,8,3
20551,C_Tbl_correct,L1_ch80:96,2,17,26.355960845947266,charged_hadron,3.060729742050171,1.0,,hadron_neighbor,1,2,8,3
20551,C_Tbl_correct,L1_ch80:96,3,10,25.93834114074707,charged_hadron,6.9678955078125,-1.0,,hard_hadron,1,2,8,3
20552,C_Tbl_correct,L1_ch80:96,1,12,35.653656005859375,photon,2.3585586547851562,0.0,,photon_neighbor,0,,7,1
20552,C_Tbl_correct,L1_ch80:96,2,16,32.686195373535156,photon,0.9624698758125305,0.0,,photon_neighbor,0,,7,1
20552,C_Tbl_correct,L1_ch80:96,3,6,29.284746170043945,photon,15.01485538482666,0.0,,photon_neighbor,0,,7,1
20553,C_Tbl_correct,L1_ch80:96,1,24,36.93009567260742,photon,1.8973618745803833,0.0,,photon_neighbor,2,,20,1
20553,C_Tbl_correct,L1_ch80:96,2,9,30.278223037719727,neutral_hadron,27.60831642150879,0.0,,hadron_neighbor,2,,20,1
20553,C_Tbl_correct,L1_ch80:96,3,22,27.60948944091797,photon,2.2989745140075684,0.0,,photon_neighbor,2,,20,1
20554,C_Tbl_correct,L1_ch80:96,1,16,30.48720359802246,charged_hadron,2.310471296310425,1.0,,hadron_neighbor,3,,4,0
20554,C_Tbl_correct,L1_ch80:96,2,19,29.30638313293457,photon,1.1533310413360596,0.0,,photon_neighbor,3,,4,0
20554,C_Tbl_correct,L1_ch80:96,3,13,25.59510612487793,photon,4.167562007904053,0.0,,photon_neighbor,3,,4,0
20555,C_Tbl_correct,L1_ch80:96,1,19,36.14851760864258,charged_hadron,0.9822105765342712,-1.0,,hadron_neighbor,0,,14,1
20555,C_Tbl_correct,L1_ch80:96,2,7,30.55284309387207,charged_hadron,13.208971977233887,1.0,,hadron_neighbor,0,,14,1
20555,C_Tbl_correct,L1_ch80:96,3,11,28.584457397460938,photon,6.045216083526611,0.0,,photon_neighbor,0,,14,1
20556,C_Tbl_correct,L1_ch80:96,1,13,31.30630874633789,photon,1.7625828981399536,0.0,,photon_neighbor,0,,10,1
20556,C_Tbl_correct,L1_ch80:96,2,17,28.992847442626953,photon,1.0767062902450562,0.0,,photon_neighbor,0,,10,1
20556,C_Tbl_correct,L1_ch80:96,3,0,27.38005256652832,muon,415.4775390625,-1.0,,particle0_best_lepton,0,,10,1
20557,C_Tbl_correct,L1_ch80:96,1,34,35.273685455322266,charged_hadron,0.7192766070365906,1.0,,hadron_neighbor,0,,33,2
20557,C_Tbl_correct,L1_ch80:96,2,25,34.014827728271484,neutral_hadron,3.5784223079681396,0.0,,hadron_neighbor,0,,33,2
20557,C_Tbl_correct,L1_ch80:96,3,33,32.437599182128906,charged_hadron,0.9874140620231628,-1.0,,nearest_hadron_to_best_lepton,0,,33,2
20558,C_Tbl_correct,L1_ch80:96,1,12,29.205671310424805,charged_hadron,9.072150230407715,-1.0,,hadron_neighbor,0,,10,1
20558,C_Tbl_correct,L1_ch80:96,2,8,28.270160675048828,photon,16.003047943115234,0.0,,photon_neighbor,0,,10,1
20558,C_Tbl_correct,L1_ch80:96,3,9,27.93048667907715,charged_hadron,14.559000968933105,1.0,,hadron_neighbor,0,,10,1
20559,C_Tbl_correct,L1_ch80:96,1,21,34.11600875854492,photon,1.4912694692611694,0.0,,photon_neighbor,0,,16,1
20559,C_Tbl_correct,L1_ch80:96,2,23,31.572431564331055,photon,1.2432352304458618,0.0,,photon_neighbor,0,,16,1
20559,C_Tbl_correct,L1_ch80:96,3,18,27.54938316345215,photon,2.5765464305877686,0.0,,photon_neighbor,0,,16,1
20560,C_Tbl_correct,L1_ch80:96,1,13,24.60845947265625,charged_hadron,11.770832061767578,-1.0,,hadron_neighbor,0,,16,1
20560,C_Tbl_correct,L1_ch80:96,2,17,24.517257690429688,photon,5.126317024230957,0.0,,photon_neighbor,0,,16,1
20560,C_Tbl_correct,L1_ch80:96,3,20,24.406831741333008,photon,4.142123699188232,0.0,,photon_neighbor,0,,16,1
20561,C_Tbl_correct,L1_ch80:96,1,15,27.57224464416504,charged_hadron,6.139572620391846,-1.0,,hadron_neighbor,0,,16,1
20561,C_Tbl_correct,L1_ch80:96,2,6,27.081382751464844,charged_hadron,17.712017059326172,-1.0,,hard_hadron,0,,16,1
20561,C_Tbl_correct,L1_ch80:96,3,9,27.056058883666992,charged_hadron,11.557458877563477,1.0,,hard_hadron,0,,16,1
20562,C_Tbl_correct,L1_ch80:96,1,13,30.184471130371094,charged_hadron,10.029346466064453,1.0,,hadron_neighbor,0,,19,1
20562,C_Tbl_correct,L1_ch80:96,2,0,27.02952003479004,electron,427.4591064453125,-1.0,,particle0_best_lepton,0,,19,1
20562,C_Tbl_correct,L1_ch80:96,3,20,26.369306564331055,photon,3.5020487308502197,0.0,,photon_neighbor,0,,19,1
20564,C_Tbl_correct,L1_ch80:96,1,18,45.365787506103516,neutral_hadron,2.8996527194976807,0.0,,hadron_neighbor,0,,8,1
20564,C_Tbl_correct,L1_ch80:96,2,1,34.009063720703125,neutral_hadron,75.27680969238281,0.0,,hardest_hadron,0,,8,1
20564,C_Tbl_correct,L1_ch80:96,3,17,32.09018325805664,charged_hadron,2.961503267288208,1.0,,hadron_neighbor,0,,8,1
20565,C_Tbl_correct,L1_ch80:96,1,33,35.09589767456055,charged_hadron,1.2511714696884155,1.0,,hadron_neighbor,0,1,6,3
20565,C_Tbl_correct,L1_ch80:96,2,22,28.179750442504883,photon,3.5939910411834717,0.0,,photon_neighbor,0,1,6,3
20565,C_Tbl_correct,L1_ch80:96,3,7,28.00193977355957,charged_hadron,20.744842529296875,1.0,,hard_hadron,0,1,6,3
20566,C_Tbl_correct,L1_ch80:96,1,15,58.58432388305664,photon,0.4844062626361847,0.0,,photon_neighbor,0,,10,1
20566,C_Tbl_correct,L1_ch80:96,2,14,30.06203842163086,charged_hadron,1.0683550834655762,1.0,,hadron_neighbor,0,,10,1
20566,C_Tbl_correct,L1_ch80:96,3,0,28.208982467651367,electron,470.35064697265625,1.0,,particle0_best_lepton,0,,10,1
20567,C_Tbl_correct,L1_ch80:96,1,20,38.2453498840332,photon,2.7461133003234863,0.0,,photon_neighbor,1,2,16,0
20567,C_Tbl_correct,L1_ch80:96,2,14,37.012176513671875,charged_hadron,4.859748840332031,-1.0,,hadron_neighbor,1,2,16,0
20567,C_Tbl_correct,L1_ch80:96,3,10,35.87970733642578,photon,7.511939525604248,0.0,,photon_neighbor,1,2,16,0
20568,C_Tbl_correct,L1_ch80:96,1,15,33.68730163574219,neutral_hadron,3.0421736240386963,0.0,,hadron_neighbor,0,,22,1
20568,C_Tbl_correct,L1_ch80:96,2,11,33.27074432373047,neutral_hadron,4.4070587158203125,0.0,,hard_hadron,0,,22,1
20568,C_Tbl_correct,L1_ch80:96,3,32,32.27511978149414,photon,0.9089817404747009,0.0,,photon_neighbor,0,,22,1
20569,C_Tbl_correct,L1_ch80:96,1,19,31.839181900024414,photon,2.453684091567993,0.0,,photon_neighbor,0,,18,1
20569,C_Tbl_correct,L1_ch80:96,2,9,25.80280113220215,photon,15.239703178405762,0.0,,photon_neighbor,0,,18,1
20569,C_Tbl_correct,L1_ch80:96,3,8,25.46028709411621,charged_hadron,17.055362701416016,-1.0,,hadron_neighbor,0,,18,1
20570,C_Tbl_correct,L1_ch80:96,1,15,33.21220016479492,photon,4.622443199157715,0.0,,photon_neighbor,0,29,19,1
20570,C_Tbl_correct,L1_ch80:96,2,28,29.376873016357422,photon,1.5638350248336792,0.0,,photon_neighbor,0,29,19,1
20570,C_Tbl_correct,L1_ch80:96,3,13,27.307104110717773,charged_hadron,6.39375114440918,1.0,,hadron_neighbor,0,29,19,1
20572,C_Tbl_correct,L1_ch80:96,1,20,28.92738914489746,photon,4.7746992111206055,0.0,,photon_neighbor,0,,15,1
20572,C_Tbl_correct,L1_ch80:96,2,14,28.457529067993164,photon,12.17754077911377,0.0,,photon_neighbor,0,,15,1
20572,C_Tbl_correct,L1_ch80:96,3,19,27.184602737426758,photon,4.962148666381836,0.0,,photon_neighbor,0,,15,1
20573,C_Tbl_correct,L1_ch80:96,1,22,35.65888977050781,photon,3.57738995552063,0.0,,photon_neighbor,0,17,19,3
20573,C_Tbl_correct,L1_ch80:96,2,24,34.93070602416992,charged_hadron,3.401106119155884,-1.0,,hadron_neighbor,0,17,19,3
20573,C_Tbl_correct,L1_ch80:96,3,16,33.790809631347656,photon,6.558355808258057,0.0,,photon_neighbor,0,17,19,3
20574,C_Tbl_correct,L1_ch80:96,1,14,28.471908569335938,photon,1.3325732946395874,0.0,,photon_neighbor,0,,7,1
20574,C_Tbl_correct,L1_ch80:96,2,12,25.897605895996094,photon,2.3577475547790527,0.0,,photon_neighbor,0,,7,1
20574,C_Tbl_correct,L1_ch80:96,3,0,22.8992977142334,electron,253.7365264892578,1.0,,particle0_best_lepton,0,,7,1
20575,C_Tbl_correct,L1_ch80:96,1,52,56.85551452636719,charged_hadron,0.9805981516838074,-1.0,,hadron_neighbor,0,,13,3
20575,C_Tbl_correct,L1_ch80:96,2,30,33.76961898803711,charged_hadron,4.322577476501465,1.0,,hadron_neighbor,0,,13,3
20575,C_Tbl_correct,L1_ch80:96,3,32,31.82876205444336,neutral_hadron,3.7843689918518066,0.0,,hadron_neighbor,0,,13,3
20576,C_Tbl_correct,L1_ch80:96,1,16,44.37265396118164,electron,1.6241692304611206,-1.0,,second_lepton,0,16,12,1
20576,C_Tbl_correct,L1_ch80:96,2,17,34.81611251831055,electron,0.9821803569793701,1.0,,other_lepton,0,16,12,1
20576,C_Tbl_correct,L1_ch80:96,3,11,28.432109832763672,photon,6.154257297515869,0.0,,photon_neighbor,0,16,12,1
20577,C_Tbl_correct,L1_ch80:96,1,45,124.56770324707031,charged_hadron,2.19763445854187,-1.0,,hadron_neighbor,0,,28,1
20577,C_Tbl_correct,L1_ch80:96,2,34,36.4541130065918,neutral_hadron,3.6974241733551025,0.0,,hadron_neighbor,0,,28,1
20577,C_Tbl_correct,L1_ch80:96,3,41,32.8436164855957,photon,2.6021854877471924,0.0,,photon_neighbor,0,,28,1
20578,C_Tbl_correct,L1_ch80:96,1,18,53.052242279052734,neutral_hadron,4.484335422515869,0.0,,hadron_neighbor,0,,31,1
20578,C_Tbl_correct,L1_ch80:96,2,34,33.144405364990234,neutral_hadron,0.9360454678535461,0.0,,hadron_neighbor,0,,31,1
20578,C_Tbl_correct,L1_ch80:96,3,8,31.033164978027344,photon,15.85030460357666,0.0,,photon_neighbor,0,,31,1
20579,C_Tbl_correct,L1_ch80:96,1,9,40.6714973449707,electron,2.5395619869232178,-1.0,,other_lepton,0,1,6,4
20579,C_Tbl_correct,L1_ch80:96,2,8,35.34003448486328,electron,5.506099700927734,1.0,,other_lepton,0,1,6,4
20579,C_Tbl_correct,L1_ch80:96,3,10,25.624311447143555,charged_hadron,1.9574060440063477,-1.0,,hadron_neighbor,0,1,6,4
20580,C_Tbl_correct,L1_ch80:96,1,25,32.237571716308594,photon,1.8282455205917358,0.0,,photon_neighbor,0,,16,1
20580,C_Tbl_correct,L1_ch80:96,2,21,31.96776580810547,neutral_hadron,3.304741621017456,0.0,,hadron_neighbor,0,,16,1
20580,C_Tbl_correct,L1_ch80:96,3,30,28.666425704956055,photon,0.9093166589736938,0.0,,photon_neighbor,0,,16,1
20581,C_Tbl_correct,L1_ch80:96,1,8,131.02980041503906,charged_hadron,2.175861358642578,-1.0,,hadron_neighbor,0,,6,1
20581,C_Tbl_correct,L1_ch80:96,2,3,39.781982421875,neutral_hadron,4.759734630584717,0.0,,hard_hadron,0,,6,1
20581,C_Tbl_correct,L1_ch80:96,3,14,38.40966796875,neutral_hadron,1.3920131921768188,0.0,,hadron_neighbor,0,,6,1
20582,C_Tbl_correct,L1_ch80:96,1,23,32.96389389038086,photon,2.8624088764190674,0.0,,photon_neighbor,0,,13,1
20582,C_Tbl_correct,L1_ch80:96,2,25,31.00838851928711,photon,2.48000168800354,0.0,,photon_neighbor,0,,13,1
20582,C_Tbl_correct,L1_ch80:96,3,20,28.272499084472656,photon,5.367523193359375,0.0,,photon_neighbor,0,,13,1
20583,C_Tbl_correct,L1_ch80:96,1,49,35.7023811340332,charged_hadron,1.2130403518676758,1.0,,hadron_neighbor,5,12,8,0
20583,C_Tbl_correct,L1_ch80:96,2,10,30.165233612060547,charged_hadron,11.119994163513184,-1.0,,hard_hadron,5,12,8,0
20583,C_Tbl_correct,L1_ch80:96,3,40,28.469154357910156,photon,2.019742250442505,0.0,,photon_neighbor,5,12,8,0
20584,C_Tbl_correct,L1_ch80:96,1,27,125.35797119140625,charged_hadron,2.2249045372009277,-1.0,,hadron_neighbor,0,,24,1
20584,C_Tbl_correct,L1_ch80:96,2,30,30.492525100708008,photon,1.7570627927780151,0.0,,photon_neighbor,0,,24,1
20584,C_Tbl_correct,L1_ch80:96,3,23,29.703386306762695,photon,3.2714099884033203,0.0,,photon_neighbor,0,,24,1
20585,C_Tbl_correct,L1_ch80:96,1,55,29.613019943237305,charged_hadron,1.465591549873352,-1.0,,hadron_neighbor,0,37,18,1
20585,C_Tbl_correct,L1_ch80:96,2,16,26.2752628326416,photon,8.844070434570312,0.0,,photon_neighbor,0,37,18,1
20585,C_Tbl_correct,L1_ch80:96,3,15,25.338544845581055,photon,9.82878589630127,0.0,,photon_neighbor,0,37,18,1
20586,C_Tbl_correct,L1_ch80:96,1,10,38.587303161621094,neutral_hadron,3.0140633583068848,0.0,,hadron_neighbor,0,,8,1
20586,C_Tbl_correct,L1_ch80:96,2,14,36.975677490234375,photon,1.096708059310913,0.0,,photon_neighbor,0,,8,1
20586,C_Tbl_correct,L1_ch80:96,3,11,32.59902572631836,neutral_hadron,2.7399134635925293,0.0,,hadron_neighbor,0,,8,1
20587,C_Tbl_correct,L1_ch80:96,1,30,29.49997329711914,photon,2.1505558490753174,0.0,,photon_neighbor,0,,21,1
20587,C_Tbl_correct,L1_ch80:96,2,45,27.702991485595703,photon,0.9561947584152222,0.0,,photon_neighbor,0,,21,1
20587,C_Tbl_correct,L1_ch80:96,3,46,27.355613708496094,photon,0.9497581720352173,0.0,,photon_neighbor,0,,21,1
20588,C_Tbl_correct,L1_ch80:96,1,24,41.39185333251953,photon,1.002040147781372,0.0,,photon_neighbor,0,1,8,2
20588,C_Tbl_correct,L1_ch80:96,2,21,34.29352569580078,photon,1.1400244235992432,0.0,,photon_neighbor,0,1,8,2
20588,C_Tbl_correct,L1_ch80:96,3,16,34.11260223388672,charged_hadron,2.309433937072754,-1.0,,hadron_neighbor,0,1,8,2
20589,C_Tbl_correct,L1_ch80:96,1,12,44.39808654785156,photon,1.1874303817749023,0.0,,photon_neighbor,0,,8,2
20589,C_Tbl_correct,L1_ch80:96,2,13,41.906246185302734,photon,1.0976917743682861,0.0,,photon_neighbor,0,,8,2
20589,C_Tbl_correct,L1_ch80:96,3,8,30.36395835876465,neutral_hadron,2.92293643951416,0.0,,nearest_hadron_to_best_lepton,0,,8,2
20590,C_Tbl_correct,L1_ch80:96,1,9,26.65776252746582,photon,9.304224014282227,0.0,,photon_neighbor,0,5,10,1
20590,C_Tbl_correct,L1_ch80:96,2,6,23.84117317199707,charged_hadron,29.599647521972656,1.0,,hadron_neighbor,0,5,10,1
20590,C_Tbl_correct,L1_ch80:96,3,4,22.5759334564209,charged_hadron,45.71778869628906,-1.0,,hard_hadron,0,5,10,1
20591,C_Tbl_correct,L1_ch80:96,1,20,20.544198989868164,charged_hadron,4.982419967651367,1.0,,hadron_neighbor,0,,2,1
20591,C_Tbl_correct,L1_ch80:96,2,17,19.526748657226562,charged_hadron,6.506533622741699,-1.0,,hadron_neighbor,0,,2,1
20591,C_Tbl_correct,L1_ch80:96,3,12,19.032447814941406,photon,10.014302253723145,0.0,,photon_neighbor,0,,2,1
20592,C_Tbl_correct,L1_ch80:96,1,16,132.83799743652344,charged_hadron,1.0496001243591309,-1.0,,hadron_neighbor,0,,9,2
20592,C_Tbl_correct,L1_ch80:96,2,14,32.62541961669922,photon,3.6309266090393066,0.0,,photon_neighbor,0,,9,2
20592,C_Tbl_correct,L1_ch80:96,3,5,26.111196517944336,neutral_hadron,37.41793441772461,0.0,,hard_hadron,0,,9,2
20593,C_Tbl_correct,L1_ch80:96,1,12,43.419307708740234,neutral_hadron,3.7841436862945557,0.0,,hadron_neighbor,0,1,6,2
20593,C_Tbl_correct,L1_ch80:96,2,17,38.059776306152344,photon,0.9424859881401062,0.0,,photon_neighbor,0,1,6,2
20593,C_Tbl_correct,L1_ch80:96,3,13,34.4817008972168,neutral_hadron,3.2859880924224854,0.0,,hadron_neighbor,0,1,6,2
20594,C_Tbl_correct,L1_ch80:96,1,19,42.201904296875,photon,2.3848717212677,0.0,,photon_neighbor,0,1,15,2
20594,C_Tbl_correct,L1_ch80:96,2,10,31.85182762145996,charged_hadron,7.443604469299316,1.0,,hadron_neighbor,0,1,15,2
20594,C_Tbl_correct,L1_ch80:96,3,17,30.937257766723633,photon,4.025681018829346,0.0,,photon_neighbor,0,1,15,2
20595,C_Tbl_correct,L1_ch80:96,1,3,24.51244354248047,neutral_hadron,54.11208724975586,0.0,,hard_hadron,0,,5,1
20595,C_Tbl_correct,L1_ch80:96,2,8,20.982080459594727,photon,17.488418579101562,0.0,,photon_neighbor,0,,5,1
20595,C_Tbl_correct,L1_ch80:96,3,15,20.789703369140625,charged_hadron,3.0543150901794434,-1.0,,hadron_neighbor,0,,5,1
20596,C_Tbl_correct,L1_ch80:96,1,12,42.89546585083008,charged_hadron,0.43786054849624634,1.0,,hadron_neighbor,0,,2,1
20596,C_Tbl_correct,L1_ch80:96,2,6,24.537464141845703,charged_hadron,18.95655632019043,1.0,,hadron_neighbor,0,,2,1
20596,C_Tbl_correct,L1_ch80:96,3,11,22.261878967285156,photon,1.3378207683563232,0.0,,photon_neighbor,0,,2,1
20597,C_Tbl_correct,L1_ch80:96,1,16,30.993667602539062,photon,0.8926092386245728,0.0,,photon_neighbor,0,,12,1
20597,C_Tbl_correct,L1_ch80:96,2,12,29.158842086791992,neutral_hadron,2.084643840789795,0.0,,nearest_hadron_to_best_lepton,0,,12,1
20597,C_Tbl_correct,L1_ch80:96,3,11,28.27933692932129,charged_hadron,2.2649712562561035,-1.0,,hadron_neighbor,0,,12,1
20598,C_Tbl_correct,L1_ch80:96,1,22,24.14059066772461,charged_hadron,3.6832709312438965,-1.0,,hadron_neighbor,15,,20,0
20598,C_Tbl_correct,L1_ch80:96,2,19,23.026243209838867,neutral_hadron,6.144559383392334,0.0,,hadron_neighbor,15,,20,0
20598,C_Tbl_correct,L1_ch80:96,3,21,22.823986053466797,photon,3.8370518684387207,0.0,,photon_neighbor,15,,20,0
20599,C_Tbl_correct,L1_ch80:96,1,19,35.81557083129883,neutral_hadron,2.6100499629974365,0.0,,hadron_neighbor,3,,12,0
20599,C_Tbl_correct,L1_ch80:96,2,24,30.90218734741211,charged_hadron,1.478872299194336,-1.0,,hadron_neighbor,3,,12,0
20599,C_Tbl_correct,L1_ch80:96,3,28,30.34781265258789,charged_hadron,0.9543768763542175,-1.0,,hadron_neighbor,3,,12,0
20600,C_Tbl_correct,L1_ch80:96,1,4,30.275005340576172,neutral_hadron,32.65419006347656,0.0,,hard_hadron,0,,19,2
20600,C_Tbl_correct,L1_ch80:96,2,20,25.570451736450195,photon,4.700994491577148,0.0,,photon_neighbor,0,,19,2
20600,C_Tbl_correct,L1_ch80:96,3,18,25.380264282226562,charged_hadron,5.872328758239746,-1.0,,hadron_neighbor,0,,19,2
20601,C_Tbl_correct,L1_ch80:96,1,5,32.884464263916016,charged_hadron,16.282520294189453,1.0,,hard_hadron,0,1,6,3
20601,C_Tbl_correct,L1_ch80:96,2,10,32.47249221801758,charged_hadron,9.517626762390137,1.0,,hadron_neighbor,0,1,6,3
20601,C_Tbl_correct,L1_ch80:96,3,13,31.478111267089844,charged_hadron,2.1819684505462646,-1.0,,hadron_neighbor,0,1,6,3
20602,C_Tbl_correct,L1_ch80:96,1,22,22.969562530517578,photon,1.7315857410430908,0.0,,photon_neighbor,0,,1,1
20602,C_Tbl_correct,L1_ch80:96,2,1,21.984844207763672,neutral_hadron,77.66675567626953,0.0,,nearest_hadron_to_best_lepton,0,,1,1
20602,C_Tbl_correct,L1_ch80:96,3,6,20.404584884643555,charged_hadron,24.439407348632812,1.0,,hard_hadron,0,,1,1
20603,C_Tbl_correct,L1_ch80:96,1,18,23.601102828979492,charged_hadron,1.9952337741851807,-1.0,,hadron_neighbor,1,,14,0
20603,C_Tbl_correct,L1_ch80:96,2,20,21.432849884033203,photon,0.8869292140007019,0.0,,photon_neighbor,1,,14,0
20603,C_Tbl_correct,L1_ch80:96,3,16,20.134916305541992,charged_hadron,2.7613718509674072,1.0,,hadron_neighbor,1,,14,0
20604,C_Tbl_correct,L1_ch80:96,1,17,44.05528259277344,charged_hadron,3.1033999919891357,-1.0,,hadron_neighbor,0,10,21,1
20604,C_Tbl_correct,L1_ch80:96,2,28,42.730865478515625,charged_hadron,0.8807480931282043,1.0,,hadron_neighbor,0,10,21,1
20604,C_Tbl_correct,L1_ch80:96,3,22,37.1208381652832,photon,2.1349103450775146,0.0,,photon_neighbor,0,10,21,1
20605,C_Tbl_correct,L1_ch80:96,1,25,27.570903778076172,neutral_hadron,2.211772918701172,0.0,,nearest_hadron_to_best_lepton,0,1,25,2
20605,C_Tbl_correct,L1_ch80:96,2,32,25.89226531982422,charged_hadron,1.6796669960021973,1.0,,hadron_neighbor,0,1,25,2
20605,C_Tbl_correct,L1_ch80:96,3,40,24.002840042114258,photon,0.9531530737876892,0.0,,photon_neighbor,0,1,25,2
20606,C_Tbl_correct,L1_ch80:96,1,17,29.15542984008789,charged_hadron,1.948725938796997,1.0,,hadron_neighbor,0,,11,2
20606,C_Tbl_correct,L1_ch80:96,2,12,27.46919822692871,charged_hadron,5.123528003692627,1.0,,hadron_neighbor,0,,11,2
20606,C_Tbl_correct,L1_ch80:96,3,18,26.86521339416504,photon,1.6989916563034058,0.0,,photon_neighbor,0,,11,2
20607,C_Tbl_correct,L1_ch80:96,1,3,28.701982498168945,neutral_hadron,42.3860969543457,0.0,,hardest_hadron,0,,15,3
20607,C_Tbl_correct,L1_ch80:96,2,12,27.196596145629883,photon,7.169734001159668,0.0,,photon_neighbor,0,,15,3
20607,C_Tbl_correct,L1_ch80:96,3,14,25.947351455688477,photon,4.027562618255615,0.0,,photon_neighbor,0,,15,3
20608,C_Tbl_correct,L1_ch80:96,1,47,38.57223129272461,photon,1.7300057411193848,0.0,,photon_neighbor,0,,29,2
20608,C_Tbl_correct,L1_ch80:96,2,48,32.65717697143555,photon,1.3574897050857544,0.0,,photon_neighbor,0,,29,2
20608,C_Tbl_correct,L1_ch80:96,3,50,32.51051712036133,photon,1.0006192922592163,0.0,,photon_neighbor,0,,29,2
20609,C_Tbl_correct,L1_ch80:96,1,14,25.031522750854492,photon,1.158869743347168,0.0,,photon_neighbor,0,,11,1
20609,C_Tbl_correct,L1_ch80:96,2,12,24.79436492919922,neutral_hadron,7.086350917816162,0.0,,hadron_neighbor,0,,11,1
20609,C_Tbl_correct,L1_ch80:96,3,0,22.02438735961914,electron,185.50094604492188,1.0,,particle0_best_lepton,0,,11,1
20610,C_Tbl_correct,L1_ch80:96,1,16,42.220298767089844,photon,1.7422879934310913,0.0,,photon_neighbor,0,1,4,2
20610,C_Tbl_correct,L1_ch80:96,2,15,33.070011138916016,photon,2.2997796535491943,0.0,,photon_neighbor,0,1,4,2
20610,C_Tbl_correct,L1_ch80:96,3,0,30.504648208618164,electron,416.38470458984375,-1.0,,particle0_best_lepton,0,1,4,2
12308,A_protected_highiso,L2_ch0:32,1,0,3.252171754837036,electron,210.91549682617188,-1.0,,particle0_best_lepton,0,,27,3
12308,A_protected_highiso,L2_ch0:32,2,7,0.9740495681762695,charged_hadron,13.960424423217773,-1.0,,hard_hadron,0,,27,3
12308,A_protected_highiso,L2_ch0:32,3,34,0.7862785458564758,photon,2.001173734664917,0.0,,photon_neighbor,0,,27,3
12358,A_protected_highiso,L2_ch0:32,1,0,2.89396595954895,electron,229.01434326171875,-1.0,,particle0_best_lepton,0,,35,2
12358,A_protected_highiso,L2_ch0:32,2,4,2.0304019451141357,charged_hadron,32.47212219238281,1.0,,hard_hadron,0,,35,2
12358,A_protected_highiso,L2_ch0:32,3,14,1.1550722122192383,charged_hadron,7.968670845031738,-1.0,,hadron_neighbor,0,,35,2
12438,A_protected_highiso,L2_ch0:32,1,0,4.374975681304932,muon,169.7151641845703,1.0,,particle0_best_lepton,0,,31,1
12438,A_protected_highiso,L2_ch0:32,2,1,3.4438064098358154,neutral_hadron,96.88123321533203,0.0,,hardest_hadron,0,,31,1
12438,A_protected_highiso,L2_ch0:32,3,6,1.1735279560089111,charged_hadron,11.78877067565918,1.0,,hard_hadron,0,,31,1
12442,A_protected_highiso,L2_ch0:32,1,1,2.442185878753662,charged_hadron,115.92982482910156,-1.0,,hardest_hadron,0,49,44,1
12442,A_protected_highiso,L2_ch0:32,2,4,2.0347914695739746,charged_hadron,73.21568298339844,1.0,,hard_hadron,0,49,44,1
12442,A_protected_highiso,L2_ch0:32,3,0,1.8016966581344604,muon,116.57672119140625,-1.0,,particle0_best_lepton,0,49,44,1
12509,A_protected_highiso,L2_ch0:32,1,0,5.716903209686279,electron,191.98472595214844,-1.0,,particle0_best_lepton,0,25,11,2
12509,A_protected_highiso,L2_ch0:32,2,12,2.40190052986145,charged_hadron,7.663363456726074,1.0,,hadron_neighbor,0,25,11,2
12509,A_protected_highiso,L2_ch0:32,3,2,1.4897384643554688,charged_hadron,57.196895599365234,1.0,,hardest_hadron,0,25,11,2
12592,A_protected_highiso,L2_ch0:32,1,0,4.3116536140441895,electron,318.6606750488281,-1.0,,particle0_best_lepton,0,,25,2
12592,A_protected_highiso,L2_ch0:32,2,3,1.3048526048660278,charged_hadron,33.87440872192383,1.0,,hard_hadron,0,,25,2
12592,A_protected_highiso,L2_ch0:32,3,2,1.1356443166732788,charged_hadron,40.69743728637695,-1.0,,hardest_hadron,0,,25,2
12784,A_protected_highiso,L2_ch0:32,1,0,3.3524036407470703,muon,490.37921142578125,1.0,,particle0_best_lepton,0,,13,1
12784,A_protected_highiso,L2_ch0:32,2,2,2.4493656158447266,charged_hadron,31.80470085144043,-1.0,,hard_hadron,0,,13,1
12784,A_protected_highiso,L2_ch0:32,3,1,2.278542995452881,charged_hadron,37.4669075012207,1.0,,hardest_hadron,0,,13,1
13089,A_protected_highiso,L2_ch0:32,1,0,4.670766353607178,charged_hadron,222.8564453125,1.0,,particle0,1,,45,0
13089,A_protected_highiso,L2_ch0:32,2,1,2.873298406600952,muon,130.16632080078125,-1.0,,best_lepton,1,,45,0
13089,A_protected_highiso,L2_ch0:32,3,5,2.7568087577819824,charged_hadron,27.55554962158203,1.0,,hard_hadron,1,,45,0
13279,A_protected_highiso,L2_ch0:32,1,0,3.877777099609375,muon,236.35154724121094,1.0,,particle0_best_lepton,0,,15,1
13279,A_protected_highiso,L2_ch0:32,2,2,1.4484010934829712,charged_hadron,21.999059677124023,1.0,,hard_hadron,0,,15,1
13279,A_protected_highiso,L2_ch0:32,3,5,0.9482623338699341,charged_hadron,15.60527229309082,1.0,,hard_hadron,0,,15,1
13374,A_protected_highiso,L2_ch0:32,1,0,5.32714319229126,electron,354.0111389160156,-1.0,,particle0_best_lepton,0,,20,2
13374,A_protected_highiso,L2_ch0:32,2,2,1.5665597915649414,charged_hadron,13.307259559631348,1.0,,hardest_hadron,0,,20,2
13374,A_protected_highiso,L2_ch0:32,3,14,1.163802146911621,charged_hadron,3.790553331375122,1.0,,hard_hadron,0,,20,2
13400,A_protected_highiso,L2_ch0:32,1,1,1.6804438829421997,charged_hadron,81.31978607177734,-1.0,,hardest_hadron,0,,36,1
13400,A_protected_highiso,L2_ch0:32,2,4,1.5432099103927612,charged_hadron,14.798798561096191,-1.0,,hard_hadron,0,,36,1
13400,A_protected_highiso,L2_ch0:32,3,0,1.4610137939453125,electron,336.1107177734375,1.0,,particle0_best_lepton,0,,36,1
13529,A_protected_highiso,L2_ch0:32,1,0,3.3567957878112793,muon,326.5039978027344,1.0,,particle0_best_lepton,0,,9,2
13529,A_protected_highiso,L2_ch0:32,2,1,2.389559030532837,photon,49.04374313354492,0.0,,photon_neighbor,0,,9,2
13529,A_protected_highiso,L2_ch0:32,3,5,1.0956878662109375,charged_hadron,10.812333106994629,-1.0,,hard_hadron,0,,9,2
13897,A_protected_highiso,L2_ch0:32,1,1,2.5167953968048096,photon,108.99365234375,0.0,,photon_neighbor,0,,14,2
13897,A_protected_highiso,L2_ch0:32,2,0,2.4529242515563965,muon,457.5880126953125,1.0,,particle0_best_lepton,0,,14,2
13897,A_protected_highiso,L2_ch0:32,3,2,1.4300553798675537,charged_hadron,60.254791259765625,-1.0,,hardest_hadron,0,,14,2
14139,A_protected_highiso,L2_ch0:32,1,0,6.602305889129639,muon,359.5831604003906,1.0,,particle0_best_lepton,0,,14,1
14139,A_protected_highiso,L2_ch0:32,2,2,2.2152984142303467,charged_hadron,30.984230041503906,-1.0,,hard_hadron,0,,14,1
14139,A_protected_highiso,L2_ch0:32,3,10,1.5657451152801514,charged_hadron,12.881010055541992,1.0,,hard_hadron,0,,14,1
14355,A_protected_highiso,L2_ch0:32,1,0,5.05268669128418,electron,355.94677734375,1.0,,particle0_best_lepton,0,,25,1
14355,A_protected_highiso,L2_ch0:32,2,8,1.15676748752594,neutral_hadron,13.960686683654785,0.0,,hard_hadron,0,,25,1
14355,A_protected_highiso,L2_ch0:32,3,7,1.0875816345214844,charged_hadron,13.976323127746582,-1.0,,hard_hadron,0,,25,1
14381,A_protected_highiso,L2_ch0:32,1,0,4.8777689933776855,muon,300.2547912597656,1.0,,particle0_best_lepton,0,,26,1
14381,A_protected_highiso,L2_ch0:32,2,1,1.3920094966888428,charged_hadron,48.02571105957031,1.0,,hardest_hadron,0,,26,1
14381,A_protected_highiso,L2_ch0:32,3,11,0.7136197090148926,charged_hadron,9.514781951904297,-1.0,,hard_hadron,0,,26,1
14596,A_protected_highiso,L2_ch0:32,1,0,2.365689992904663,electron,113.05442810058594,-1.0,,particle0_best_lepton,0,37,20,1
14596,A_protected_highiso,L2_ch0:32,2,2,2.0124173164367676,charged_hadron,58.74953079223633,1.0,,hard_hadron,0,37,20,1
14596,A_protected_highiso,L2_ch0:32,3,3,1.1166489124298096,charged_hadron,16.150426864624023,1.0,,hard_hadron,0,37,20,1
14600,A_protected_highiso,L2_ch0:32,1,0,4.954913139343262,muon,258.7874755859375,-1.0,,particle0_best_lepton,0,,12,2
14600,A_protected_highiso,L2_ch0:32,2,3,2.360349416732788,photon,43.771644592285156,0.0,,photon_neighbor,0,,12,2
14600,A_protected_highiso,L2_ch0:32,3,4,1.4266818761825562,charged_hadron,40.34858322143555,1.0,,hard_hadron,0,,12,2
14625,A_protected_highiso,L2_ch0:32,1,0,2.5874218940734863,electron,105.97429656982422,1.0,,particle0_best_lepton,0,10,44,1
14625,A_protected_highiso,L2_ch0:32,2,3,1.1734358072280884,photon,19.097272872924805,0.0,,photon_neighbor,0,10,44,1
14625,A_protected_highiso,L2_ch0:32,3,13,0.8652240633964539,charged_hadron,9.577255249023438,1.0,,hard_hadron,0,10,44,1
14742,A_protected_highiso,L2_ch0:32,1,0,4.749918460845947,electron,315.2446594238281,1.0,,particle0_best_lepton,0,,16,1
14742,A_protected_highiso,L2_ch0:32,2,3,1.0466872453689575,charged_hadron,30.161989212036133,-1.0,,hard_hadron,0,,16,1
14742,A_protected_highiso,L2_ch0:32,3,1,0.7285159230232239,charged_hadron,73.39140319824219,-1.0,,hardest_hadron,0,,16,1
14991,A_protected_highiso,L2_ch0:32,1,0,3.4999585151672363,muon,142.14076232910156,-1.0,,particle0_best_lepton,0,,42,1
14991,A_protected_highiso,L2_ch0:32,2,5,1.9032740592956543,charged_hadron,23.168031692504883,1.0,,hard_hadron,0,,42,1
14991,A_protected_highiso,L2_ch0:32,3,6,1.563758134841919,charged_hadron,22.905885696411133,-1.0,,hard_hadron,0,,42,1
14999,A_protected_highiso,L2_ch0:32,1,0,2.047616720199585,muon,185.35040283203125,1.0,,particle0_best_lepton,0,,21,1
14999,A_protected_highiso,L2_ch0:32,2,16,1.141695261001587,charged_hadron,5.677520275115967,1.0,,hadron_neighbor,0,,21,1
14999,A_protected_highiso,L2_ch0:32,3,29,0.8879018425941467,charged_hadron,2.845165729522705,-1.0,,hadron_neighbor,0,,21,1
15006,A_protected_highiso,L2_ch0:32,1,4,3.0842995643615723,charged_hadron,30.37660789489746,1.0,,hard_hadron,0,,12,1
15006,A_protected_highiso,L2_ch0:32,2,0,2.044893264770508,electron,254.96595764160156,-1.0,,particle0_best_lepton,0,,12,1
15006,A_protected_highiso,L2_ch0:32,3,5,1.6198883056640625,charged_hadron,14.337815284729004,-1.0,,hard_hadron,0,,12,1
15112,A_protected_highiso,L2_ch0:32,1,0,3.9511871337890625,electron,273.059814453125,-1.0,,particle0_best_lepton,0,,17,1
15112,A_protected_highiso,L2_ch0:32,2,2,2.1218481063842773,neutral_hadron,35.64738845825195,0.0,,hard_hadron,0,,17,1
15112,A_protected_highiso,L2_ch0:32,3,12,0.9441698789596558,photon,7.529656887054443,0.0,,photon_neighbor,0,,17,1
15233,A_protected_highiso,L2_ch0:32,1,0,4.22274923324585,electron,246.3203582763672,1.0,,particle0_best_lepton,0,,9,1
15233,A_protected_highiso,L2_ch0:32,2,18,1.53134024143219,charged_hadron,5.896407604217529,1.0,,hadron_neighbor,0,,9,1
15233,A_protected_highiso,L2_ch0:32,3,15,1.395126223564148,photon,6.222963333129883,0.0,,photon_neighbor,0,,9,1
15292,A_protected_highiso,L2_ch0:32,1,6,2.394956111907959,charged_hadron,40.96134948730469,1.0,,hard_hadron,0,,26,1
15292,A_protected_highiso,L2_ch0:32,2,2,1.6349985599517822,charged_hadron,70.3785629272461,-1.0,,hard_hadron,0,,26,1
15292,A_protected_highiso,L2_ch0:32,3,3,1.5050792694091797,photon,67.34004974365234,0.0,,photon_neighbor,0,,26,1
15512,A_protected_highiso,L2_ch0:32,1,1,3.2001986503601074,photon,77.5498275756836,0.0,,photon_neighbor,0,,16,3
15512,A_protected_highiso,L2_ch0:32,2,0,1.9093918800354004,muon,232.9764404296875,-1.0,,particle0_best_lepton,0,,16,3
15512,A_protected_highiso,L2_ch0:32,3,2,0.8828057050704956,photon,49.91353225708008,0.0,,photon_neighbor,0,,16,3
15540,A_protected_highiso,L2_ch0:32,1,0,4.369777679443359,muon,272.0929260253906,1.0,,particle0_best_lepton,0,,3,2
15540,A_protected_highiso,L2_ch0:32,2,1,2.1746480464935303,photon,34.17088317871094,0.0,,photon_neighbor,0,,3,2
15540,A_protected_highiso,L2_ch0:32,3,2,1.4057561159133911,charged_hadron,16.987226486206055,1.0,,hardest_hadron,0,,3,2
15590,A_protected_highiso,L2_ch0:32,1,0,5.149137496948242,muon,301.4415283203125,1.0,,particle0_best_lepton,0,2,19,1
15590,A_protected_highiso,L2_ch0:32,2,1,2.96260929107666,charged_hadron,49.62342071533203,-1.0,,hardest_hadron,0,2,19,1
15590,A_protected_highiso,L2_ch0:32,3,2,1.1693326234817505,muon,19.118396759033203,-1.0,,second_lepton,0,2,19,1
15684,A_protected_highiso,L2_ch0:32,1,0,3.671961784362793,electron,300.70977783203125,1.0,,particle0_best_lepton,0,,11,1
15684,A_protected_highiso,L2_ch0:32,2,2,2.254789352416992,charged_hadron,14.967216491699219,-1.0,,hard_hadron,0,,11,1
15684,A_protected_highiso,L2_ch0:32,3,4,1.5258722305297852,neutral_hadron,11.637822151184082,0.0,,hard_hadron,0,,11,1
15800,A_protected_highiso,L2_ch0:32,1,0,4.538805961608887,electron,346.1005859375,1.0,,particle0_best_lepton,0,,8,1
15800,A_protected_highiso,L2_ch0:32,2,1,1.8251457214355469,charged_hadron,19.186485290527344,-1.0,,hardest_hadron,0,,8,1
15800,A_protected_highiso,L2_ch0:32,3,18,1.4250296354293823,photon,5.654777526855469,0.0,,photon_neighbor,0,,8,1
16360,A_protected_highiso,L2_ch0:32,1,0,4.689213752746582,muon,376.0852355957031,-1.0,,particle0_best_lepton,0,,12,4
16360,A_protected_highiso,L2_ch0:32,2,1,1.5762343406677246,photon,62.73597717285156,0.0,,photon_neighbor,0,,12,4
16360,A_protected_highiso,L2_ch0:32,3,4,1.1741632223129272,charged_hadron,19.64999771118164,1.0,,hardest_hadron,0,,12,4
12649,B_confused_highiso,L2_ch0:32,1,0,6.435620307922363,muon,316.7471008300781,-1.0,,particle0_best_lepton,0,47,22,1
12649,B_confused_highiso,L2_ch0:32,2,1,1.4724942445755005,charged_hadron,71.0254135131836,-1.0,,hardest_hadron,0,47,22,1
12649,B_confused_highiso,L2_ch0:32,3,29,1.3139674663543701,charged_hadron,5.888757705688477,-1.0,,hadron_neighbor,0,47,22,1
12982,B_confused_highiso,L2_ch0:32,1,0,2.6536848545074463,electron,225.74807739257812,-1.0,,particle0_best_lepton,0,,15,1
12982,B_confused_highiso,L2_ch0:32,2,10,1.4102476835250854,charged_hadron,10.913707733154297,-1.0,,hard_hadron,0,,15,1
12982,B_confused_highiso,L2_ch0:32,3,1,1.1633620262145996,charged_hadron,33.98439025878906,1.0,,hardest_hadron,0,,15,1
13045,B_confused_highiso,L2_ch0:32,1,0,3.260887384414673,electron,331.1594543457031,-1.0,,particle0_best_lepton,0,2,15,1
13045,B_confused_highiso,L2_ch0:32,2,1,2.439695358276367,charged_hadron,30.480703353881836,1.0,,hardest_hadron,0,2,15,1
13045,B_confused_highiso,L2_ch0:32,3,2,1.58133065700531,muon,20.822223663330078,-1.0,,second_lepton,0,2,15,1
13583,B_confused_highiso,L2_ch0:32,1,0,2.511446475982666,electron,444.0295715332031,1.0,,particle0_best_lepton,0,14,4,2
13583,B_confused_highiso,L2_ch0:32,2,19,1.99484121799469,charged_hadron,5.093360900878906,1.0,,hadron_neighbor,0,14,4,2
13583,B_confused_highiso,L2_ch0:32,3,3,1.697507381439209,charged_hadron,23.86808204650879,-1.0,,hard_hadron,0,14,4,2
13787,B_confused_highiso,L2_ch0:32,1,0,1.88843834400177,electron,226.40545654296875,-1.0,,particle0_best_lepton,0,,19,1
13787,B_confused_highiso,L2_ch0:32,2,19,1.2952418327331543,charged_hadron,4.461301326751709,1.0,,nearest_hadron_to_best_lepton,0,,19,1
13787,B_confused_highiso,L2_ch0:32,3,24,1.0967897176742554,charged_hadron,3.4226205348968506,1.0,,hadron_neighbor,0,,19,1
13997,B_confused_highiso,L2_ch0:32,1,0,2.3650460243225098,muon,247.4871368408203,-1.0,,particle0_best_lepton,0,,18,1
13997,B_confused_highiso,L2_ch0:32,2,7,1.2037906646728516,charged_hadron,14.401453971862793,1.0,,hard_hadron,0,,18,1
13997,B_confused_highiso,L2_ch0:32,3,18,1.0276129245758057,charged_hadron,4.5394110679626465,1.0,,nearest_hadron_to_best_lepton,0,,18,1
14711,B_confused_highiso,L2_ch0:32,1,0,5.1521196365356445,muon,132.4909210205078,1.0,,particle0_best_lepton,0,66,45,1
14711,B_confused_highiso,L2_ch0:32,2,4,2.4308998584747314,neutral_hadron,20.30670738220215,0.0,,hard_hadron,0,66,45,1
14711,B_confused_highiso,L2_ch0:32,3,23,2.0513646602630615,charged_hadron,6.002588748931885,-1.0,,hadron_neighbor,0,66,45,1
15288,B_confused_highiso,L2_ch0:32,1,0,3.727651596069336,electron,429.5041198730469,-1.0,,particle0_best_lepton,0,,31,1
15288,B_confused_highiso,L2_ch0:32,2,14,0.8992111682891846,charged_hadron,3.993011951446533,1.0,,hadron_neighbor,0,,31,1
15288,B_confused_highiso,L2_ch0:32,3,6,0.5949083566665649,neutral_hadron,7.264493942260742,0.0,,hard_hadron,0,,31,1
15528,B_confused_highiso,L2_ch0:32,1,0,7.809487342834473,photon,468.97296142578125,0.0,,particle0,3,15,33,1
15528,B_confused_highiso,L2_ch0:32,2,1,2.952491521835327,charged_hadron,63.78754425048828,1.0,,hardest_hadron,3,15,33,1
15528,B_confused_highiso,L2_ch0:32,3,15,1.9687923192977905,electron,7.784639358520508,1.0,,second_lepton,3,15,33,1
15658,B_confused_highiso,L2_ch0:32,1,0,3.5341944694519043,electron,94.5487289428711,1.0,,particle0_best_lepton,0,5,43,1
15658,B_confused_highiso,L2_ch0:32,2,2,1.7209187746047974,charged_hadron,22.265399932861328,-1.0,,hard_hadron,0,5,43,1
15658,B_confused_highiso,L2_ch0:32,3,5,1.708573818206787,muon,16.095420837402344,-1.0,,second_lepton,0,5,43,1
15893,B_confused_highiso,L2_ch0:32,1,0,2.5594754219055176,electron,297.3345947265625,-1.0,,particle0_best_lepton,0,,24,1
15893,B_confused_highiso,L2_ch0:32,2,23,1.2630544900894165,charged_hadron,5.147664546966553,1.0,,hadron_neighbor,0,,24,1
15893,B_confused_highiso,L2_ch0:32,3,20,1.217278242111206,neutral_hadron,6.614407062530518,0.0,,hadron_neighbor,0,,24,1
20480,C_Tbl_correct,L2_ch0:32,1,0,2.54691743850708,muon,186.00991821289062,-1.0,,particle0_best_lepton,0,,11,1
20480,C_Tbl_correct,L2_ch0:32,2,12,1.932411551475525,photon,3.005236864089966,0.0,,photon_neighbor,0,,11,1
20480,C_Tbl_correct,L2_ch0:32,3,7,1.062467336654663,photon,13.215398788452148,0.0,,photon_neighbor,0,,11,1
20481,C_Tbl_correct,L2_ch0:32,1,0,3.3044896125793457,muon,498.7115783691406,1.0,,particle0_best_lepton,0,1,19,2
20481,C_Tbl_correct,L2_ch0:32,2,1,2.176959753036499,muon,81.7923355102539,-1.0,,second_lepton,0,1,19,2
20481,C_Tbl_correct,L2_ch0:32,3,8,0.43296679854393005,neutral_hadron,10.979081153869629,0.0,,hard_hadron,0,1,19,2
20482,C_Tbl_correct,L2_ch0:32,1,0,2.7815353870391846,muon,123.67266082763672,-1.0,,particle0_best_lepton,0,2,5,1
20482,C_Tbl_correct,L2_ch0:32,2,4,1.8349123001098633,neutral_hadron,37.865928649902344,0.0,,hard_hadron,0,2,5,1
20482,C_Tbl_correct,L2_ch0:32,3,2,1.7196226119995117,muon,85.50410461425781,-1.0,,second_lepton,0,2,5,1
20483,C_Tbl_correct,L2_ch0:32,1,0,3.2089693546295166,muon,391.753173828125,1.0,,particle0_best_lepton,0,,16,1
20483,C_Tbl_correct,L2_ch0:32,2,28,0.6240015029907227,charged_hadron,1.3448238372802734,1.0,,hadron_neighbor,0,,16,1
20483,C_Tbl_correct,L2_ch0:32,3,16,0.34852784872055054,charged_hadron,3.0824289321899414,-1.0,,nearest_hadron_to_best_lepton,0,,16,1
20484,C_Tbl_correct,L2_ch0:32,1,3,2.824721574783325,muon,37.70759582519531,1.0,,second_lepton,0,3,11,4
20484,C_Tbl_correct,L2_ch0:32,2,11,1.891584873199463,charged_hadron,13.309405326843262,1.0,,nearest_hadron_to_best_lepton,0,3,11,4
20484,C_Tbl_correct,L2_ch0:32,3,0,1.8410964012145996,electron,107.00715637207031,1.0,,particle0_best_lepton,0,3,11,4
20485,C_Tbl_correct,L2_ch0:32,1,0,1.784555196762085,electron,118.92376708984375,1.0,,particle0_best_lepton,0,6,15,1
20485,C_Tbl_correct,L2_ch0:32,2,6,1.4777302742004395,muon,27.837268829345703,1.0,,second_lepton,0,6,15,1
20485,C_Tbl_correct,L2_ch0:32,3,1,0.9391600489616394,charged_hadron,85.56236267089844,-1.0,,hardest_hadron,0,6,15,1
20486,C_Tbl_correct,L2_ch0:32,1,0,1.3043533563613892,neutral_hadron,149.88633728027344,0.0,,particle0,1,,15,0
20486,C_Tbl_correct,L2_ch0:32,2,20,1.09598708152771,charged_hadron,4.691073417663574,-1.0,,hadron_neighbor,1,,15,0
20486,C_Tbl_correct,L2_ch0:32,3,1,0.7658790349960327,muon,79.0703353881836,1.0,,best_lepton,1,,15,0
20487,C_Tbl_correct,L2_ch0:32,1,0,4.339211463928223,muon,330.2943420410156,-1.0,,particle0_best_lepton,0,4,19,1
20487,C_Tbl_correct,L2_ch0:32,2,19,0.4555574953556061,charged_hadron,5.429374694824219,-1.0,,nearest_hadron_to_best_lepton,0,4,19,1
20487,C_Tbl_correct,L2_ch0:32,3,4,0.38074493408203125,muon,14.948827743530273,-1.0,,second_lepton,0,4,19,1
20488,C_Tbl_correct,L2_ch0:32,1,0,1.2939839363098145,muon,114.84968566894531,1.0,,particle0_best_lepton,0,,19,1
20488,C_Tbl_correct,L2_ch0:32,2,19,0.9793384671211243,charged_hadron,5.245718955993652,-1.0,,nearest_hadron_to_best_lepton,0,,19,1
20488,C_Tbl_correct,L2_ch0:32,3,12,0.782215416431427,charged_hadron,6.959555149078369,1.0,,hadron_neighbor,0,,19,1
20489,C_Tbl_correct,L2_ch0:32,1,0,3.097012996673584,electron,267.3357238769531,1.0,,particle0_best_lepton,0,2,14,1
20489,C_Tbl_correct,L2_ch0:32,2,2,1.4072697162628174,muon,39.83409881591797,1.0,,second_lepton,0,2,14,1
20489,C_Tbl_correct,L2_ch0:32,3,1,0.7367196679115295,charged_hadron,40.295047760009766,1.0,,hardest_hadron,0,2,14,1
20490,C_Tbl_correct,L2_ch0:32,1,0,2.8914546966552734,muon,222.58627319335938,1.0,,particle0_best_lepton,0,,19,1
20490,C_Tbl_correct,L2_ch0:32,2,17,0.3974737226963043,charged_hadron,6.3649749755859375,1.0,,hadron_neighbor,0,,19,1
20490,C_Tbl_correct,L2_ch0:32,3,1,0.3239472210407257,charged_hadron,52.71913528442383,1.0,,hardest_hadron,0,,19,1
20491,C_Tbl_correct,L2_ch0:32,1,0,3.377117872238159,muon,564.8671875,-1.0,,particle0_best_lepton,0,,15,1
20491,C_Tbl_correct,L2_ch0:32,2,10,0.5788792371749878,charged_hadron,11.025934219360352,-1.0,,hadron_neighbor,0,,15,1
20491,C_Tbl_correct,L2_ch0:32,3,18,0.4102681577205658,charged_hadron,4.755926609039307,1.0,,hadron_neighbor,0,,15,1
20492,C_Tbl_correct,L2_ch0:32,1,0,8.313467025756836,muon,252.05963134765625,-1.0,,particle0_best_lepton,0,,74,1
20492,C_Tbl_correct,L2_ch0:32,2,1,1.82474684715271,charged_hadron,34.672706604003906,1.0,,hardest_hadron,0,,74,1
20492,C_Tbl_correct,L2_ch0:32,3,9,1.5751378536224365,charged_hadron,16.941511154174805,-1.0,,hard_hadron,0,,74,1
20493,C_Tbl_correct,L2_ch0:32,1,0,2.3443150520324707,electron,186.51634216308594,1.0,,particle0_best_lepton,0,1,14,2
20493,C_Tbl_correct,L2_ch0:32,2,1,1.589080810546875,muon,169.77301025390625,-1.0,,second_lepton,0,1,14,2
20493,C_Tbl_correct,L2_ch0:32,3,7,0.9157668948173523,photon,6.322176456451416,0.0,,photon_neighbor,0,1,14,2
20494,C_Tbl_correct,L2_ch0:32,1,0,2.8633744716644287,muon,482.8270568847656,1.0,,particle0_best_lepton,0,,8,3
20494,C_Tbl_correct,L2_ch0:32,2,9,0.6017403602600098,photon,5.305493354797363,0.0,,photon_neighbor,0,,8,3
20494,C_Tbl_correct,L2_ch0:32,3,8,0.5249078273773193,charged_hadron,5.549327850341797,1.0,,nearest_hadron_to_best_lepton,0,,8,3
20495,C_Tbl_correct,L2_ch0:32,1,5,1.9777748584747314,charged_hadron,17.937631607055664,-1.0,,nearest_hadron_to_best_lepton,2,4,5,0
20495,C_Tbl_correct,L2_ch0:32,2,1,1.9005123376846313,charged_hadron,150.747802734375,1.0,,hard_hadron,2,4,5,0
20495,C_Tbl_correct,L2_ch0:32,3,2,1.8760185241699219,electron,87.17536926269531,1.0,,best_lepton,2,4,5,0
20496,C_Tbl_correct,L2_ch0:32,1,0,3.706045627593994,electron,238.28724670410156,1.0,,particle0_best_lepton,0,,24,1
20496,C_Tbl_correct,L2_ch0:32,2,9,0.6562788486480713,charged_hadron,13.178149223327637,-1.0,,hard_hadron,0,,24,1
20496,C_Tbl_correct,L2_ch0:32,3,24,0.6396151781082153,charged_hadron,3.929990530014038,-1.0,,nearest_hadron_to_best_lepton,0,,24,1
20497,C_Tbl_correct,L2_ch0:32,1,0,2.584942579269409,muon,332.51971435546875,1.0,,particle0_best_lepton,0,,11,1
20497,C_Tbl_correct,L2_ch0:32,2,1,2.1363067626953125,charged_hadron,55.83924865722656,-1.0,,hardest_hadron,0,,11,1
20497,C_Tbl_correct,L2_ch0:32,3,10,1.5190892219543457,photon,4.5389227867126465,0.0,,photon_neighbor,0,,11,1
20498,C_Tbl_correct,L2_ch0:32,1,1,2.1265389919281006,muon,126.635009765625,-1.0,,best_lepton,1,,5,0
20498,C_Tbl_correct,L2_ch0:32,2,0,1.1351145505905151,charged_hadron,133.3770751953125,-1.0,,particle0,1,,5,0
20498,C_Tbl_correct,L2_ch0:32,3,2,1.0370405912399292,charged_hadron,109.99597930908203,-1.0,,hard_hadron,1,,5,0
20499,C_Tbl_correct,L2_ch0:32,1,1,2.186253309249878,electron,89.83689880371094,1.0,,best_lepton,1,,11,0
20499,C_Tbl_correct,L2_ch0:32,2,0,0.7117677330970764,neutral_hadron,215.2129364013672,0.0,,particle0,1,,11,0
20499,C_Tbl_correct,L2_ch0:32,3,2,0.4219897389411926,charged_hadron,80.7316665649414,1.0,,hard_hadron,1,,11,0
20500,C_Tbl_correct,L2_ch0:32,1,0,6.88744592666626,electron,329.0126953125,1.0,,particle0_best_lepton,0,12,11,1
20500,C_Tbl_correct,L2_ch0:32,2,1,1.6827356815338135,charged_hadron,59.953914642333984,-1.0,,hardest_hadron,0,12,11,1
20500,C_Tbl_correct,L2_ch0:32,3,6,1.1491122245788574,charged_hadron,9.13135814666748,-1.0,,hard_hadron,0,12,11,1
20501,C_Tbl_correct,L2_ch0:32,1,0,6.700480937957764,electron,133.78932189941406,-1.0,,particle0_best_lepton,0,,19,1
20501,C_Tbl_correct,L2_ch0:32,2,1,0.7241267561912537,charged_hadron,58.57065200805664,1.0,,hardest_hadron,0,,19,1
20501,C_Tbl_correct,L2_ch0:32,3,9,0.6099982261657715,neutral_hadron,17.607585906982422,0.0,,hard_hadron,0,,19,1
20502,C_Tbl_correct,L2_ch0:32,1,0,4.877665996551514,muon,278.8143310546875,-1.0,,particle0_best_lepton,0,4,15,1
20502,C_Tbl_correct,L2_ch0:32,2,8,1.984225869178772,charged_hadron,8.116941452026367,1.0,,hard_hadron,0,4,15,1
20502,C_Tbl_correct,L2_ch0:32,3,12,0.6163966655731201,charged_hadron,5.375546455383301,1.0,,hadron_neighbor,0,4,15,1
20503,C_Tbl_correct,L2_ch0:32,1,4,1.985292673110962,electron,45.02203369140625,1.0,,best_lepton,4,6,15,0
20503,C_Tbl_correct,L2_ch0:32,2,5,0.6443760395050049,charged_hadron,29.928255081176758,-1.0,,hard_hadron,4,6,15,0
20503,C_Tbl_correct,L2_ch0:32,3,2,0.5739469528198242,photon,55.80591583251953,0.0,,photon_neighbor,4,6,15,0
20504,C_Tbl_correct,L2_ch0:32,1,1,1.7767542600631714,electron,97.75440216064453,1.0,,best_lepton,1,,20,0
20504,C_Tbl_correct,L2_ch0:32,2,17,1.3293596506118774,charged_hadron,4.352982997894287,1.0,,hadron_neighbor,1,,20,0
20504,C_Tbl_correct,L2_ch0:32,3,21,0.944193422794342,charged_hadron,2.738185167312622,1.0,,hadron_neighbor,1,,20,0
20505,C_Tbl_correct,L2_ch0:32,1,0,1.3562582731246948,muon,205.1035614013672,1.0,,particle0_best_lepton,0,,9,1
20505,C_Tbl_correct,L2_ch0:32,2,1,0.5132602453231812,charged_hadron,154.8529815673828,1.0,,hardest_hadron,0,,9,1
20505,C_Tbl_correct,L2_ch0:32,3,7,0.38553762435913086,photon,3.6300346851348877,0.0,,photon_neighbor,0,,9,1
20506,C_Tbl_correct,L2_ch0:32,1,0,1.113093614578247,muon,160.51051330566406,1.0,,particle0_best_lepton,0,12,13,1
20506,C_Tbl_correct,L2_ch0:32,2,13,1.0314573049545288,charged_hadron,6.050452709197998,-1.0,,nearest_hadron_to_best_lepton,0,12,13,1
20506,C_Tbl_correct,L2_ch0:32,3,1,0.9485244750976562,charged_hadron,113.59331512451172,1.0,,hardest_hadron,0,12,13,1
20507,C_Tbl_correct,L2_ch0:32,1,0,1.6786025762557983,muon,138.9788360595703,1.0,,particle0_best_lepton,0,1,34,2
20507,C_Tbl_correct,L2_ch0:32,2,24,1.1604163646697998,charged_hadron,4.930444240570068,-1.0,,hadron_neighbor,0,1,34,2
20507,C_Tbl_correct,L2_ch0:32,3,30,1.1453173160552979,charged_hadron,2.0389082431793213,1.0,,hadron_neighbor,0,1,34,2
20508,C_Tbl_correct,L2_ch0:32,1,0,3.1828999519348145,muon,124.95929718017578,-1.0,,particle0_best_lepton,0,19,15,2
20508,C_Tbl_correct,L2_ch0:32,2,2,0.8531050682067871,charged_hadron,78.99678802490234,1.0,,hardest_hadron,0,19,15,2
20508,C_Tbl_correct,L2_ch0:32,3,5,0.6397902369499207,charged_hadron,38.535709381103516,-1.0,,hard_hadron,0,19,15,2
20509,C_Tbl_correct,L2_ch0:32,1,4,3.394627094268799,electron,30.075931549072266,-1.0,,second_lepton,1,4,8,0
20509,C_Tbl_correct,L2_ch0:32,2,1,2.458733558654785,muon,162.5621337890625,1.0,,best_lepton,1,4,8,0
20509,C_Tbl_correct,L2_ch0:32,3,0,1.4752001762390137,charged_hadron,186.97219848632812,-1.0,,particle0,1,4,8,0
20510,C_Tbl_correct,L2_ch0:32,1,0,3.0557303428649902,muon,254.29237365722656,1.0,,particle0_best_lepton,0,,4,1
20510,C_Tbl_correct,L2_ch0:32,2,11,0.5412821769714355,charged_hadron,14.761366844177246,1.0,,hadron_neighbor,0,,4,1
20510,C_Tbl_correct,L2_ch0:32,3,6,0.5391829013824463,charged_hadron,22.597061157226562,-1.0,,hard_hadron,0,,4,1
20511,C_Tbl_correct,L2_ch0:32,1,0,6.521340370178223,muon,148.91407775878906,-1.0,,particle0_best_lepton,0,46,34,1
20511,C_Tbl_correct,L2_ch0:32,2,2,2.0493972301483154,charged_hadron,33.23933029174805,-1.0,,hard_hadron,0,46,34,1
20511,C_Tbl_correct,L2_ch0:32,3,7,1.8776862621307373,photon,18.971899032592773,0.0,,photon_neighbor,0,46,34,1
20512,C_Tbl_correct,L2_ch0:32,1,1,1.9244799613952637,muon,246.33908081054688,1.0,,best_lepton,1,,5,2
20512,C_Tbl_correct,L2_ch0:32,2,5,0.7379975318908691,charged_hadron,31.253908157348633,-1.0,,nearest_hadron_to_best_lepton,1,,5,2
20512,C_Tbl_correct,L2_ch0:32,3,0,0.655936598777771,photon,287.2595520019531,0.0,,particle0,1,,5,2
20513,C_Tbl_correct,L2_ch0:32,1,0,2.8589987754821777,electron,344.981689453125,1.0,,particle0_best_lepton,0,,17,1
20513,C_Tbl_correct,L2_ch0:32,2,3,1.0553172826766968,charged_hadron,28.43160057067871,-1.0,,hard_hadron,0,,17,1
20513,C_Tbl_correct,L2_ch0:32,3,16,0.3927130401134491,charged_hadron,1.5168933868408203,-1.0,,hadron_neighbor,0,,17,1
20514,C_Tbl_correct,L2_ch0:32,1,16,1.830850601196289,photon,7.6005072593688965,0.0,,photon_neighbor,0,,11,1
20514,C_Tbl_correct,L2_ch0:32,2,0,1.8003498315811157,muon,107.3781509399414,1.0,,particle0_best_lepton,0,,11,1
20514,C_Tbl_correct,L2_ch0:32,3,1,0.5015918016433716,charged_hadron,102.47187042236328,-1.0,,hardest_hadron,0,,11,1
20515,C_Tbl_correct,L2_ch0:32,1,0,2.8579485416412354,muon,519.654052734375,1.0,,particle0_best_lepton,0,,15,1
20515,C_Tbl_correct,L2_ch0:32,2,4,0.5351090431213379,charged_hadron,6.100118637084961,-1.0,,hard_hadron,0,,15,1
20515,C_Tbl_correct,L2_ch0:32,3,1,0.301261305809021,charged_hadron,19.062910079956055,1.0,,hardest_hadron,0,,15,1
20516,C_Tbl_correct,L2_ch0:32,1,0,4.757264614105225,electron,424.41094970703125,-1.0,,particle0_best_lepton,0,11,20,1
20516,C_Tbl_correct,L2_ch0:32,2,1,1.836013674736023,charged_hadron,140.22848510742188,1.0,,hardest_hadron,0,11,20,1
20516,C_Tbl_correct,L2_ch0:32,3,7,1.6113450527191162,charged_hadron,21.866125106811523,1.0,,hadron_neighbor,0,11,20,1
20517,C_Tbl_correct,L2_ch0:32,1,2,2.040363073348999,muon,121.41401672363281,1.0,,best_lepton,2,6,18,0
20517,C_Tbl_correct,L2_ch0:32,2,6,0.9539876580238342,electron,26.68927001953125,-1.0,,second_lepton,2,6,18,0
20517,C_Tbl_correct,L2_ch0:32,3,4,0.6153474450111389,charged_hadron,47.390350341796875,1.0,,hard_hadron,2,6,18,0
20518,C_Tbl_correct,L2_ch0:32,1,1,2.2463202476501465,muon,105.87470245361328,-1.0,,best_lepton,1,2,4,4
20518,C_Tbl_correct,L2_ch0:32,2,4,1.5163064002990723,charged_hadron,29.467832565307617,1.0,,nearest_hadron_to_best_lepton,1,2,4,4
20518,C_Tbl_correct,L2_ch0:32,3,2,1.458898901939392,electron,94.17501068115234,-1.0,,second_lepton,1,2,4,4
20519,C_Tbl_correct,L2_ch0:32,1,0,2.946697950363159,muon,282.969482421875,-1.0,,particle0_best_lepton,0,,18,2
20519,C_Tbl_correct,L2_ch0:32,2,4,0.7973901033401489,charged_hadron,19.556140899658203,1.0,,hard_hadron,0,,18,2
20519,C_Tbl_correct,L2_ch0:32,3,6,0.5408409833908081,charged_hadron,14.345198631286621,1.0,,hard_hadron,0,,18,2
20520,C_Tbl_correct,L2_ch0:32,1,0,2.4488613605499268,muon,114.50515747070312,-1.0,,particle0_best_lepton,0,6,19,1
20520,C_Tbl_correct,L2_ch0:32,2,6,1.5357836484909058,muon,22.388072967529297,1.0,,second_lepton,0,6,19,1
20520,C_Tbl_correct,L2_ch0:32,3,1,1.0205591917037964,charged_hadron,88.48698425292969,-1.0,,hardest_hadron,0,6,19,1
20521,C_Tbl_correct,L2_ch0:32,1,1,2.7937302589416504,muon,96.19719696044922,-1.0,,best_lepton,1,15,20,2
20521,C_Tbl_correct,L2_ch0:32,2,0,0.8160848021507263,photon,154.40756225585938,0.0,,particle0,1,15,20,2
20521,C_Tbl_correct,L2_ch0:32,3,2,0.7152701020240784,charged_hadron,55.15263366699219,1.0,,hardest_hadron,1,15,20,2
20522,C_Tbl_correct,L2_ch0:32,1,0,3.3819854259490967,muon,181.8948211669922,-1.0,,particle0_best_lepton,0,,11,1
20522,C_Tbl_correct,L2_ch0:32,2,1,0.8805728554725647,charged_hadron,66.70306396484375,1.0,,hardest_hadron,0,,11,1
20522,C_Tbl_correct,L2_ch0:32,3,10,0.587498128414154,charged_hadron,12.90653133392334,1.0,,hadron_neighbor,0,,11,1
20523,C_Tbl_correct,L2_ch0:32,1,1,2.0403707027435303,electron,98.05267333984375,1.0,,best_lepton,1,3,13,2
20523,C_Tbl_correct,L2_ch0:32,2,3,1.9737558364868164,electron,84.39728546142578,-1.0,,second_lepton,1,3,13,2
20523,C_Tbl_correct,L2_ch0:32,3,2,0.7681808471679688,charged_hadron,87.48150634765625,-1.0,,hardest_hadron,1,3,13,2
20524,C_Tbl_correct,L2_ch0:32,1,0,2.4559264183044434,electron,422.00567626953125,-1.0,,particle0_best_lepton,0,3,5,2
20524,C_Tbl_correct,L2_ch0:32,2,3,0.5857726335525513,muon,36.748870849609375,-1.0,,second_lepton,0,3,5,2
20524,C_Tbl_correct,L2_ch0:32,3,2,0.2895978093147278,charged_hadron,53.85086441040039,1.0,,hardest_hadron,0,3,5,2
20525,C_Tbl_correct,L2_ch0:32,1,0,7.185763359069824,muon,147.4969940185547,1.0,,particle0_best_lepton,0,,16,2
20525,C_Tbl_correct,L2_ch0:32,2,4,1.1082777976989746,charged_hadron,22.422727584838867,-1.0,,hard_hadron,0,,16,2
20525,C_Tbl_correct,L2_ch0:32,3,2,1.0641114711761475,charged_hadron,35.515743255615234,1.0,,hardest_hadron,0,,16,2
20526,C_Tbl_correct,L2_ch0:32,1,0,2.942660093307495,electron,264.64630126953125,1.0,,particle0_best_lepton,0,,19,1
20526,C_Tbl_correct,L2_ch0:32,2,6,0.7809156179428101,charged_hadron,14.895676612854004,1.0,,hard_hadron,0,,19,1
20526,C_Tbl_correct,L2_ch0:32,3,20,0.7722499370574951,photon,3.0999555587768555,0.0,,photon_neighbor,0,,19,1
20527,C_Tbl_correct,L2_ch0:32,1,0,5.555732727050781,electron,336.3766174316406,1.0,,particle0_best_lepton,0,,12,1
20527,C_Tbl_correct,L2_ch0:32,2,3,2.1843621730804443,charged_hadron,40.039772033691406,1.0,,hard_hadron,0,,12,1
20527,C_Tbl_correct,L2_ch0:32,3,2,1.3583678007125854,charged_hadron,42.92474365234375,-1.0,,hard_hadron,0,,12,1
20528,C_Tbl_correct,L2_ch0:32,1,0,2.2334399223327637,muon,406.7447814941406,1.0,,particle0_best_lepton,0,,15,2
20528,C_Tbl_correct,L2_ch0:32,2,1,1.6459803581237793,photon,59.200347900390625,0.0,,photon_neighbor,0,,15,2
20528,C_Tbl_correct,L2_ch0:32,3,2,0.7004308700561523,charged_hadron,17.968355178833008,-1.0,,hardest_hadron,0,,15,2
20529,C_Tbl_correct,L2_ch0:32,1,0,8.056527137756348,electron,487.25653076171875,1.0,,particle0_best_lepton,0,,8,2
20529,C_Tbl_correct,L2_ch0:32,2,2,2.8971166610717773,charged_hadron,70.18577575683594,1.0,,hardest_hadron,0,,8,2
20529,C_Tbl_correct,L2_ch0:32,3,4,0.9651062488555908,charged_hadron,20.733747482299805,-1.0,,hard_hadron,0,,8,2
20530,C_Tbl_correct,L2_ch0:32,1,0,4.860129356384277,electron,302.8354187011719,-1.0,,particle0_best_lepton,0,,30,1
20530,C_Tbl_correct,L2_ch0:32,2,4,1.4876989126205444,charged_hadron,25.90937614440918,-1.0,,hard_hadron,0,,30,1
20530,C_Tbl_correct,L2_ch0:32,3,47,1.0993998050689697,charged_hadron,3.0495834350585938,1.0,,hadron_neighbor,0,,30,1
20531,C_Tbl_correct,L2_ch0:32,1,0,2.3304455280303955,electron,200.07044982910156,1.0,,particle0_best_lepton,0,,13,1
20531,C_Tbl_correct,L2_ch0:32,2,13,0.5831648111343384,charged_hadron,2.515028715133667,-1.0,,nearest_hadron_to_best_lepton,0,,13,1
20531,C_Tbl_correct,L2_ch0:32,3,1,0.3402642607688904,charged_hadron,79.5701904296875,-1.0,,hardest_hadron,0,,13,1
20532,C_Tbl_correct,L2_ch0:32,1,0,1.8542066812515259,electron,302.8004150390625,-1.0,,particle0_best_lepton,0,,14,1
20532,C_Tbl_correct,L2_ch0:32,2,1,1.7064905166625977,charged_hadron,29.451641082763672,-1.0,,hardest_hadron,0,,14,1
20532,C_Tbl_correct,L2_ch0:32,3,12,1.3375943899154663,charged_hadron,7.184983253479004,1.0,,hadron_neighbor,0,,14,1
20533,C_Tbl_correct,L2_ch0:32,1,0,2.7760350704193115,electron,167.03543090820312,-1.0,,particle0_best_lepton,0,2,15,1
20533,C_Tbl_correct,L2_ch0:32,2,14,1.8718793392181396,photon,10.964546203613281,0.0,,photon_neighbor,0,2,15,1
20533,C_Tbl_correct,L2_ch0:32,3,2,1.8669848442077637,electron,38.99090576171875,1.0,,second_lepton,0,2,15,1
20534,C_Tbl_correct,L2_ch0:32,1,0,2.7725830078125,muon,215.9326629638672,1.0,,particle0_best_lepton,0,,12,1
20534,C_Tbl_correct,L2_ch0:32,2,1,1.3722949028015137,charged_hadron,64.45411682128906,-1.0,,hardest_hadron,0,,12,1
20534,C_Tbl_correct,L2_ch0:32,3,4,0.7625113725662231,charged_hadron,41.022003173828125,-1.0,,hard_hadron,0,,12,1
20535,C_Tbl_correct,L2_ch0:32,1,1,2.4648730754852295,electron,173.26866149902344,1.0,,second_lepton,0,1,7,2
20535,C_Tbl_correct,L2_ch0:32,2,0,1.7154443264007568,muon,303.3940124511719,-1.0,,particle0_best_lepton,0,1,7,2
20535,C_Tbl_correct,L2_ch0:32,3,4,0.6597433090209961,charged_hadron,12.575587272644043,-1.0,,hard_hadron,0,1,7,2
20536,C_Tbl_correct,L2_ch0:32,1,0,4.678321361541748,electron,216.5425567626953,-1.0,,particle0_best_lepton,0,,24,1
20536,C_Tbl_correct,L2_ch0:32,2,2,3.329655647277832,neutral_hadron,45.00316619873047,0.0,,hard_hadron,0,,24,1
20536,C_Tbl_correct,L2_ch0:32,3,21,0.604069173336029,photon,3.097186326980591,0.0,,photon_neighbor,0,,24,1
20537,C_Tbl_correct,L2_ch0:32,1,0,2.2034497261047363,muon,195.53131103515625,1.0,,particle0_best_lepton,0,1,4,3
20537,C_Tbl_correct,L2_ch0:32,2,1,1.597625732421875,muon,128.3671417236328,-1.0,,second_lepton,0,1,4,3
20537,C_Tbl_correct,L2_ch0:32,3,12,0.23016026616096497,neutral_hadron,7.9698805809021,0.0,,hadron_neighbor,0,1,4,3
20538,C_Tbl_correct,L2_ch0:32,1,1,2.781079053878784,electron,82.45780181884766,-1.0,,second_lepton,0,1,12,2
20538,C_Tbl_correct,L2_ch0:32,2,0,2.363420009613037,electron,317.7366943359375,1.0,,particle0_best_lepton,0,1,12,2
20538,C_Tbl_correct,L2_ch0:32,3,2,1.8924094438552856,charged_hadron,44.79349136352539,-1.0,,hardest_hadron,0,1,12,2
20539,C_Tbl_correct,L2_ch0:32,1,0,2.2868711948394775,electron,62.23419952392578,1.0,,particle0_best_lepton,0,35,46,1
20539,C_Tbl_correct,L2_ch0:32,2,1,1.2671910524368286,charged_hadron,50.605690002441406,1.0,,hardest_hadron,0,35,46,1
20539,C_Tbl_correct,L2_ch0:32,3,32,1.1838775873184204,photon,3.2945210933685303,0.0,,photon_neighbor,0,35,46,1
20540,C_Tbl_correct,L2_ch0:32,1,0,2.7145121097564697,muon,121.60375213623047,1.0,,particle0_best_lepton,0,3,11,1
20540,C_Tbl_correct,L2_ch0:32,2,3,2.4976449012756348,electron,59.0196533203125,-1.0,,second_lepton,0,3,11,1
20540,C_Tbl_correct,L2_ch0:32,3,10,0.7856838703155518,charged_hadron,13.08838176727295,-1.0,,hadron_neighbor,0,3,11,1
20541,C_Tbl_correct,L2_ch0:32,1,0,1.7742308378219604,muon,175.0579071044922,-1.0,,particle0_best_lepton,0,,11,3
20541,C_Tbl_correct,L2_ch0:32,2,3,0.4847951829433441,charged_hadron,79.82263946533203,1.0,,hardest_hadron,0,,11,3
20541,C_Tbl_correct,L2_ch0:32,3,1,0.23769886791706085,photon,106.98389434814453,0.0,,photon_neighbor,0,,11,3
20542,C_Tbl_correct,L2_ch0:32,1,0,2.437082529067993,electron,312.7117614746094,-1.0,,particle0_best_lepton,0,,9,1
20542,C_Tbl_correct,L2_ch0:32,2,2,0.16693361103534698,charged_hadron,35.574378967285156,1.0,,hard_hadron,0,,9,1
20542,C_Tbl_correct,L2_ch0:32,3,14,0.15870143473148346,photon,3.222118616104126,0.0,,photon_neighbor,0,,9,1
20543,C_Tbl_correct,L2_ch0:32,1,0,6.176623821258545,muon,115.3818359375,1.0,,particle0_best_lepton,0,10,46,1
20543,C_Tbl_correct,L2_ch0:32,2,2,1.5702404975891113,charged_hadron,44.241065979003906,1.0,,hard_hadron,0,10,46,1
20543,C_Tbl_correct,L2_ch0:32,3,3,0.9615859985351562,charged_hadron,40.13331985473633,1.0,,hard_hadron,0,10,46,1
20544,C_Tbl_correct,L2_ch0:32,1,0,2.418955087661743,muon,508.11871337890625,1.0,,particle0_best_lepton,0,,9,2
20544,C_Tbl_correct,L2_ch0:32,2,1,0.7739158272743225,photon,12.586894035339355,0.0,,photon_neighbor,0,,9,2
20544,C_Tbl_correct,L2_ch0:32,3,6,0.5513486862182617,charged_hadron,5.560701847076416,-1.0,,hard_hadron,0,,9,2
20545,C_Tbl_correct,L2_ch0:32,1,0,2.7517635822296143,electron,451.4137268066406,1.0,,particle0_best_lepton,0,,9,1
20545,C_Tbl_correct,L2_ch0:32,2,3,0.639685869216919,charged_hadron,8.278826713562012,-1.0,,hard_hadron,0,,9,1
20545,C_Tbl_correct,L2_ch0:32,3,1,0.45855438709259033,charged_hadron,20.257410049438477,-1.0,,hardest_hadron,0,,9,1
20546,C_Tbl_correct,L2_ch0:32,1,0,4.178470611572266,electron,434.52008056640625,1.0,,particle0_best_lepton,0,6,2,1
20546,C_Tbl_correct,L2_ch0:32,2,1,1.70526921749115,charged_hadron,95.59041595458984,-1.0,,hardest_hadron,0,6,2,1
20546,C_Tbl_correct,L2_ch0:32,3,8,0.8719365000724792,charged_hadron,10.762306213378906,-1.0,,hard_hadron,0,6,2,1
20547,C_Tbl_correct,L2_ch0:32,1,0,11.151640892028809,electron,357.27874755859375,-1.0,,particle0_best_lepton,0,,31,1
20547,C_Tbl_correct,L2_ch0:32,2,1,1.140272617340088,charged_hadron,46.21989059448242,-1.0,,hardest_hadron,0,,31,1
20547,C_Tbl_correct,L2_ch0:32,3,4,0.6143527030944824,charged_hadron,27.25804901123047,-1.0,,hard_hadron,0,,31,1
20548,C_Tbl_correct,L2_ch0:32,1,0,3.33571195602417,electron,381.555419921875,1.0,,particle0_best_lepton,0,4,8,2
20548,C_Tbl_correct,L2_ch0:32,2,4,3.266467809677124,electron,12.177839279174805,-1.0,,second_lepton,0,4,8,2
20548,C_Tbl_correct,L2_ch0:32,3,3,0.8167574405670166,charged_hadron,12.59241008758545,-1.0,,hard_hadron,0,4,8,2
20549,C_Tbl_correct,L2_ch0:32,1,3,2.3445417881011963,electron,60.81768035888672,-1.0,,best_lepton,3,,13,1
20549,C_Tbl_correct,L2_ch0:32,2,9,0.5949538350105286,charged_hadron,8.400593757629395,-1.0,,hadron_neighbor,3,,13,1
20549,C_Tbl_correct,L2_ch0:32,3,1,0.5771070718765259,charged_hadron,106.92799377441406,1.0,,hardest_hadron,3,,13,1
20551,C_Tbl_correct,L2_ch0:32,1,2,2.8589160442352295,electron,95.83783721923828,-1.0,,second_lepton,1,2,8,3
20551,C_Tbl_correct,L2_ch0:32,2,1,1.6025800704956055,electron,120.67500305175781,1.0,,best_lepton,1,2,8,3
20551,C_Tbl_correct,L2_ch0:32,3,4,1.1892445087432861,charged_hadron,42.41981887817383,-1.0,,hard_hadron,1,2,8,3
20552,C_Tbl_correct,L2_ch0:32,1,0,2.482968330383301,muon,341.0342102050781,-1.0,,particle0_best_lepton,0,,7,1
20552,C_Tbl_correct,L2_ch0:32,2,1,1.0034561157226562,charged_hadron,94.22015380859375,-1.0,,hardest_hadron,0,,7,1
20552,C_Tbl_correct,L2_ch0:32,3,3,0.6963724493980408,charged_hadron,77.55426788330078,1.0,,hard_hadron,0,,7,1
20553,C_Tbl_correct,L2_ch0:32,1,2,2.8029024600982666,electron,87.58741760253906,1.0,,best_lepton,2,,20,1
20553,C_Tbl_correct,L2_ch0:32,2,13,1.344857096672058,photon,9.725095748901367,0.0,,photon_neighbor,2,,20,1
20553,C_Tbl_correct,L2_ch0:32,3,5,0.5397247672080994,charged_hadron,54.86556625366211,1.0,,hard_hadron,2,,20,1
20554,C_Tbl_correct,L2_ch0:32,1,3,1.57589852809906,muon,54.177024841308594,-1.0,,best_lepton,3,,4,0
20554,C_Tbl_correct,L2_ch0:32,2,0,1.0208648443222046,charged_hadron,110.81134033203125,1.0,,particle0,3,,4,0
20554,C_Tbl_correct,L2_ch0:32,3,4,0.8144823312759399,charged_hadron,53.778751373291016,-1.0,,nearest_hadron_to_best_lepton,3,,4,0
20555,C_Tbl_correct,L2_ch0:32,1,0,2.530710220336914,electron,135.34539794921875,1.0,,particle0_best_lepton,0,,14,1
20555,C_Tbl_correct,L2_ch0:32,2,1,0.565231204032898,charged_hadron,127.91874694824219,1.0,,hardest_hadron,0,,14,1
20555,C_Tbl_correct,L2_ch0:32,3,9,0.3356432616710663,photon,9.159716606140137,0.0,,photon_neighbor,0,,14,1
20556,C_Tbl_correct,L2_ch0:32,1,0,2.588930368423462,muon,415.4775390625,-1.0,,particle0_best_lepton,0,,10,1
20556,C_Tbl_correct,L2_ch0:32,2,11,0.3998199999332428,charged_hadron,3.6252434253692627,-1.0,,hadron_neighbor,0,,10,1
20556,C_Tbl_correct,L2_ch0:32,3,10,0.3827649652957916,charged_hadron,5.655336380004883,-1.0,,nearest_hadron_to_best_lepton,0,,10,1
20557,C_Tbl_correct,L2_ch0:32,1,0,2.9532527923583984,electron,302.8977966308594,-1.0,,particle0_best_lepton,0,,33,2
20557,C_Tbl_correct,L2_ch0:32,2,1,2.432206153869629,photon,67.19149780273438,0.0,,photon_neighbor,0,,33,2
20557,C_Tbl_correct,L2_ch0:32,3,2,1.3752509355545044,charged_hadron,36.56739044189453,1.0,,hardest_hadron,0,,33,2
20558,C_Tbl_correct,L2_ch0:32,1,0,2.2101359367370605,electron,154.4781494140625,1.0,,particle0_best_lepton,0,,10,1
20558,C_Tbl_correct,L2_ch0:32,2,10,1.1129432916641235,charged_hadron,11.01257610321045,1.0,,nearest_hadron_to_best_lepton,0,,10,1
20558,C_Tbl_correct,L2_ch0:32,3,1,0.4155343472957611,charged_hadron,73.62512969970703,-1.0,,hardest_hadron,0,,10,1
20559,C_Tbl_correct,L2_ch0:32,1,0,2.7923836708068848,electron,448.1669616699219,1.0,,particle0_best_lepton,0,,16,1
20559,C_Tbl_correct,L2_ch0:32,2,7,1.7627280950546265,charged_hadron,6.600637912750244,-1.0,,hadron_neighbor,0,,16,1
20559,C_Tbl_correct,L2_ch0:32,3,15,0.5742278099060059,photon,2.6516292095184326,0.0,,photon_neighbor,0,,16,1
20560,C_Tbl_correct,L2_ch0:32,1,0,1.5547724962234497,muon,292.010498046875,-1.0,,particle0_best_lepton,0,,16,1
20560,C_Tbl_correct,L2_ch0:32,2,6,1.115447759628296,charged_hadron,19.936843872070312,-1.0,,hard_hadron,0,,16,1
20560,C_Tbl_correct,L2_ch0:32,3,1,0.9078344702720642,charged_hadron,51.601173400878906,1.0,,hardest_hadron,0,,16,1
20561,C_Tbl_correct,L2_ch0:32,1,0,2.105940341949463,electron,151.60948181152344,1.0,,particle0_best_lepton,0,,16,1
20561,C_Tbl_correct,L2_ch0:32,2,1,1.544459581375122,charged_hadron,45.70925521850586,-1.0,,hardest_hadron,0,,16,1
20561,C_Tbl_correct,L2_ch0:32,3,3,1.182395577430725,charged_hadron,33.13597869873047,1.0,,hard_hadron,0,,16,1
20562,C_Tbl_correct,L2_ch0:32,1,0,3.4682576656341553,electron,427.4591064453125,-1.0,,particle0_best_lepton,0,,19,1
20562,C_Tbl_correct,L2_ch0:32,2,25,0.32595473527908325,photon,1.5687106847763062,0.0,,photon_neighbor,0,,19,1
20562,C_Tbl_correct,L2_ch0:32,3,19,0.3231106400489807,neutral_hadron,3.5541088581085205,0.0,,nearest_hadron_to_best_lepton,0,,19,1
20564,C_Tbl_correct,L2_ch0:32,1,0,3.010411262512207,electron,248.95120239257812,1.0,,particle0_best_lepton,0,,8,1
20564,C_Tbl_correct,L2_ch0:32,2,8,0.7729089856147766,charged_hadron,25.476943969726562,-1.0,,nearest_hadron_to_best_lepton,0,,8,1
20564,C_Tbl_correct,L2_ch0:32,3,10,0.4657498300075531,charged_hadron,19.66197967529297,1.0,,hadron_neighbor,0,,8,1
20565,C_Tbl_correct,L2_ch0:32,1,0,2.6952109336853027,muon,109.03646087646484,1.0,,particle0_best_lepton,0,1,6,3
20565,C_Tbl_correct,L2_ch0:32,2,1,2.678626298904419,muon,80.61254119873047,-1.0,,second_lepton,0,1,6,3
20565,C_Tbl_correct,L2_ch0:32,3,3,0.6574448347091675,charged_hadron,48.20543670654297,1.0,,hardest_hadron,0,1,6,3
20566,C_Tbl_correct,L2_ch0:32,1,0,2.210845708847046,electron,470.35064697265625,1.0,,particle0_best_lepton,0,,10,1
20566,C_Tbl_correct,L2_ch0:32,2,8,0.784197986125946,charged_hadron,8.769403457641602,-1.0,,hadron_neighbor,0,,10,1
20566,C_Tbl_correct,L2_ch0:32,3,2,0.685726523399353,charged_hadron,28.519723892211914,1.0,,hard_hadron,0,,10,1
20567,C_Tbl_correct,L2_ch0:32,1,1,3.131277322769165,muon,58.38005447387695,1.0,,best_lepton,1,2,16,0
20567,C_Tbl_correct,L2_ch0:32,2,5,1.486360788345337,charged_hadron,41.261512756347656,-1.0,,hard_hadron,1,2,16,0
20567,C_Tbl_correct,L2_ch0:32,3,0,1.444702386856079,charged_hadron,235.00762939453125,-1.0,,particle0,1,2,16,0
20568,C_Tbl_correct,L2_ch0:32,1,0,3.3445608615875244,muon,426.10992431640625,-1.0,,particle0_best_lepton,0,,22,1
20568,C_Tbl_correct,L2_ch0:32,2,17,0.4397572875022888,charged_hadron,2.6852800846099854,1.0,,hadron_neighbor,0,,22,1
20568,C_Tbl_correct,L2_ch0:32,3,18,0.3893546164035797,charged_hadron,2.6793084144592285,-1.0,,hadron_neighbor,0,,22,1
20569,C_Tbl_correct,L2_ch0:32,1,0,2.770617961883545,electron,207.61492919921875,-1.0,,particle0_best_lepton,0,,18,1
20569,C_Tbl_correct,L2_ch0:32,2,4,0.9220349192619324,charged_hadron,33.84767532348633,-1.0,,hard_hadron,0,,18,1
20569,C_Tbl_correct,L2_ch0:32,3,1,0.5474314093589783,charged_hadron,87.36697387695312,1.0,,hardest_hadron,0,,18,1
20570,C_Tbl_correct,L2_ch0:32,1,0,2.8817081451416016,muon,246.7196044921875,1.0,,particle0_best_lepton,0,29,19,1
20570,C_Tbl_correct,L2_ch0:32,2,1,1.3425402641296387,charged_hadron,116.91678619384766,-1.0,,hardest_hadron,0,29,19,1
20570,C_Tbl_correct,L2_ch0:32,3,23,1.0811927318572998,charged_hadron,2.2815394401550293,-1.0,,hadron_neighbor,0,29,19,1
20572,C_Tbl_correct,L2_ch0:32,1,0,3.158348560333252,electron,432.13275146484375,-1.0,,particle0_best_lepton,0,,15,1
20572,C_Tbl_correct,L2_ch0:32,2,15,0.6970810890197754,charged_hadron,8.704005241394043,1.0,,nearest_hadron_to_best_lepton,0,,15,1
20572,C_Tbl_correct,L2_ch0:32,3,16,0.5279004573822021,photon,7.246218204498291,0.0,,photon_neighbor,0,,15,1
20573,C_Tbl_correct,L2_ch0:32,1,0,5.95917272567749,muon,214.76095581054688,1.0,,particle0_best_lepton,0,17,19,3
20573,C_Tbl_correct,L2_ch0:32,2,13,1.3047311305999756,charged_hadron,8.632580757141113,1.0,,hadron_neighbor,0,17,19,3
20573,C_Tbl_correct,L2_ch0:32,3,7,0.9456459879875183,photon,19.42319107055664,0.0,,photon_neighbor,0,17,19,3
20574,C_Tbl_correct,L2_ch0:32,1,0,1.9852285385131836,electron,253.7365264892578,1.0,,particle0_best_lepton,0,,7,1
20574,C_Tbl_correct,L2_ch0:32,2,12,1.1015125513076782,photon,2.3577475547790527,0.0,,photon_neighbor,0,,7,1
20574,C_Tbl_correct,L2_ch0:32,3,3,0.5737698674201965,charged_hadron,40.16818618774414,1.0,,hard_hadron,0,,7,1
20575,C_Tbl_correct,L2_ch0:32,1,0,5.827303409576416,muon,171.30946350097656,-1.0,,particle0_best_lepton,0,,13,3
20575,C_Tbl_correct,L2_ch0:32,2,14,1.2979551553726196,charged_hadron,9.435463905334473,-1.0,,hard_hadron,0,,13,3
20575,C_Tbl_correct,L2_ch0:32,3,16,0.8369121551513672,charged_hadron,8.298539161682129,1.0,,hard_hadron,0,,13,3
20576,C_Tbl_correct,L2_ch0:32,1,0,2.3160133361816406,electron,182.34840393066406,-1.0,,particle0_best_lepton,0,16,12,1
20576,C_Tbl_correct,L2_ch0:32,2,13,1.4630228281021118,photon,4.798402786254883,0.0,,photon_neighbor,0,16,12,1
20576,C_Tbl_correct,L2_ch0:32,3,15,0.7753486037254333,photon,2.5699050426483154,0.0,,photon_neighbor,0,16,12,1
20577,C_Tbl_correct,L2_ch0:32,1,2,2.8809430599212646,charged_hadron,78.90550231933594,-1.0,,hard_hadron,0,,28,1
20577,C_Tbl_correct,L2_ch0:32,2,0,2.7359609603881836,electron,100.61677551269531,1.0,,particle0_best_lepton,0,,28,1
20577,C_Tbl_correct,L2_ch0:32,3,1,2.4193413257598877,charged_hadron,97.56812286376953,-1.0,,hardest_hadron,0,,28,1
20578,C_Tbl_correct,L2_ch0:32,1,0,2.359692335128784,muon,316.3433532714844,1.0,,particle0_best_lepton,0,,31,1
20578,C_Tbl_correct,L2_ch0:32,2,1,0.4322049617767334,charged_hadron,51.469058990478516,1.0,,hardest_hadron,0,,31,1
20578,C_Tbl_correct,L2_ch0:32,3,24,0.38832932710647583,photon,2.5904033184051514,0.0,,photon_neighbor,0,,31,1
20579,C_Tbl_correct,L2_ch0:32,1,3,1.6117981672286987,photon,25.062747955322266,0.0,,photon_neighbor,0,1,6,4
20579,C_Tbl_correct,L2_ch0:32,2,6,1.1842248439788818,charged_hadron,8.211281776428223,-1.0,,nearest_hadron_to_best_lepton,0,1,6,4
20579,C_Tbl_correct,L2_ch0:32,3,0,1.1314102411270142,muon,219.7357635498047,1.0,,particle0_best_lepton,0,1,6,4
20580,C_Tbl_correct,L2_ch0:32,1,0,3.0905508995056152,muon,306.8921813964844,1.0,,particle0_best_lepton,0,,16,1
20580,C_Tbl_correct,L2_ch0:32,2,3,1.6419389247894287,charged_hadron,21.928020477294922,-1.0,,hard_hadron,0,,16,1
20580,C_Tbl_correct,L2_ch0:32,3,5,1.5197643041610718,charged_hadron,18.607057571411133,1.0,,hard_hadron,0,,16,1
20581,C_Tbl_correct,L2_ch0:32,1,0,2.3157122135162354,muon,527.3506469726562,1.0,,particle0_best_lepton,0,,6,1
20581,C_Tbl_correct,L2_ch0:32,2,9,0.7592639923095703,charged_hadron,2.0738582611083984,-1.0,,hadron_neighbor,0,,6,1
20581,C_Tbl_correct,L2_ch0:32,3,1,0.7308861613273621,charged_hadron,19.879396438598633,1.0,,hardest_hadron,0,,6,1
20582,C_Tbl_correct,L2_ch0:32,1,0,3.504335403442383,muon,115.60763549804688,1.0,,particle0_best_lepton,0,,13,1
20582,C_Tbl_correct,L2_ch0:32,2,22,1.2127219438552856,photon,2.945885419845581,0.0,,photon_neighbor,0,,13,1
20582,C_Tbl_correct,L2_ch0:32,3,6,1.2032431364059448,charged_hadron,22.72209930419922,1.0,,hard_hadron,0,,13,1
20583,C_Tbl_correct,L2_ch0:32,1,1,1.9536464214324951,photon,57.4644660949707,0.0,,photon_neighbor,5,12,8,0
20583,C_Tbl_correct,L2_ch0:32,2,8,1.7908393144607544,charged_hadron,16.688674926757812,-1.0,,nearest_hadron_to_best_lepton,5,12,8,0
20583,C_Tbl_correct,L2_ch0:32,3,0,1.7229952812194824,charged_hadron,104.37066650390625,1.0,,particle0,5,12,8,0
20584,C_Tbl_correct,L2_ch0:32,1,0,2.3090755939483643,muon,263.82421875,-1.0,,particle0_best_lepton,0,,24,1
20584,C_Tbl_correct,L2_ch0:32,2,26,0.8815199732780457,photon,2.4387218952178955,0.0,,photon_neighbor,0,,24,1
20584,C_Tbl_correct,L2_ch0:32,3,6,0.8367066383361816,charged_hadron,47.180904388427734,1.0,,hard_hadron,0,,24,1
20585,C_Tbl_correct,L2_ch0:32,1,0,1.8671863079071045,electron,146.78408813476562,1.0,,particle0_best_lepton,0,37,18,1
20585,C_Tbl_correct,L2_ch0:32,2,50,1.2832975387573242,photon,1.9098327159881592,0.0,,photon_neighbor,0,37,18,1
20585,C_Tbl_correct,L2_ch0:32,3,11,0.8117470741271973,charged_hadron,13.29330062866211,-1.0,,hard_hadron,0,37,18,1
20586,C_Tbl_correct,L2_ch0:32,1,0,2.401933193206787,muon,338.5196533203125,-1.0,,particle0_best_lepton,0,,8,1
20586,C_Tbl_correct,L2_ch0:32,2,12,0.4997187852859497,charged_hadron,1.594230055809021,-1.0,,hadron_neighbor,0,,8,1
20586,C_Tbl_correct,L2_ch0:32,3,9,0.4040761888027191,charged_hadron,3.79604172706604,1.0,,hadron_neighbor,0,,8,1
20587,C_Tbl_correct,L2_ch0:32,1,0,3.6805310249328613,muon,297.96087646484375,-1.0,,particle0_best_lepton,0,,21,1
20587,C_Tbl_correct,L2_ch0:32,2,1,1.3225022554397583,charged_hadron,19.134307861328125,-1.0,,hardest_hadron,0,,21,1
20587,C_Tbl_correct,L2_ch0:32,3,14,0.860051691532135,charged_hadron,5.433897018432617,1.0,,hadron_neighbor,0,,21,1
20588,C_Tbl_correct,L2_ch0:32,1,0,3.100816249847412,muon,285.677490234375,1.0,,particle0_best_lepton,0,1,8,2
20588,C_Tbl_correct,L2_ch0:32,2,1,2.6687874794006348,electron,62.57266616821289,-1.0,,second_lepton,0,1,8,2
20588,C_Tbl_correct,L2_ch0:32,3,2,0.7142218947410583,charged_hadron,45.362789154052734,-1.0,,hardest_hadron,0,1,8,2
20589,C_Tbl_correct,L2_ch0:32,1,0,2.8536906242370605,electron,465.556396484375,-1.0,,particle0_best_lepton,0,,8,2
20589,C_Tbl_correct,L2_ch0:32,2,1,1.0014300346374512,photon,40.872249603271484,0.0,,photon_neighbor,0,,8,2
20589,C_Tbl_correct,L2_ch0:32,3,2,0.24155071377754211,charged_hadron,15.691710472106934,1.0,,hardest_hadron,0,,8,2
20590,C_Tbl_correct,L2_ch0:32,1,0,2.3597428798675537,electron,184.82643127441406,1.0,,particle0_best_lepton,0,5,10,1
20590,C_Tbl_correct,L2_ch0:32,2,1,0.3999849855899811,charged_hadron,175.21389770507812,-1.0,,hardest_hadron,0,5,10,1
20590,C_Tbl_correct,L2_ch0:32,3,10,0.23479855060577393,charged_hadron,6.120718955993652,-1.0,,nearest_hadron_to_best_lepton,0,5,10,1
20591,C_Tbl_correct,L2_ch0:32,1,0,2.822874069213867,muon,117.23506164550781,1.0,,particle0_best_lepton,0,,2,1
20591,C_Tbl_correct,L2_ch0:32,2,1,0.6502156853675842,charged_hadron,67.55780792236328,1.0,,hardest_hadron,0,,2,1
20591,C_Tbl_correct,L2_ch0:32,3,11,0.5659388303756714,charged_hadron,10.517376899719238,1.0,,hadron_neighbor,0,,2,1
20592,C_Tbl_correct,L2_ch0:32,1,0,2.1345772743225098,muon,404.8398132324219,-1.0,,particle0_best_lepton,0,,9,2
20592,C_Tbl_correct,L2_ch0:32,2,13,0.9931225776672363,charged_hadron,3.7483301162719727,-1.0,,hadron_neighbor,0,,9,2
20592,C_Tbl_correct,L2_ch0:32,3,8,0.7226212620735168,photon,10.120725631713867,0.0,,photon_neighbor,0,,9,2
20593,C_Tbl_correct,L2_ch0:32,1,0,3.1004881858825684,electron,136.8867950439453,1.0,,particle0_best_lepton,0,1,6,2
20593,C_Tbl_correct,L2_ch0:32,2,2,0.849494218826294,charged_hadron,101.70832824707031,-1.0,,hardest_hadron,0,1,6,2
20593,C_Tbl_correct,L2_ch0:32,3,1,0.7598991990089417,electron,136.59011840820312,-1.0,,second_lepton,0,1,6,2
20594,C_Tbl_correct,L2_ch0:32,1,1,2.7905657291412354,electron,90.09862518310547,-1.0,,second_lepton,0,1,15,2
20594,C_Tbl_correct,L2_ch0:32,2,0,2.6089487075805664,muon,321.0677185058594,1.0,,particle0_best_lepton,0,1,15,2
20594,C_Tbl_correct,L2_ch0:32,3,6,1.601672887802124,photon,8.84512996673584,0.0,,photon_neighbor,0,1,15,2
20595,C_Tbl_correct,L2_ch0:32,1,0,2.0147674083709717,muon,209.73171997070312,-1.0,,particle0_best_lepton,0,,5,1
20595,C_Tbl_correct,L2_ch0:32,2,1,1.5352367162704468,charged_hadron,115.17058563232422,1.0,,hardest_hadron,0,,5,1
20595,C_Tbl_correct,L2_ch0:32,3,7,0.8190701603889465,photon,22.57752227783203,0.0,,photon_neighbor,0,,5,1
20596,C_Tbl_correct,L2_ch0:32,1,0,1.8198827505111694,electron,222.81263732910156,1.0,,particle0_best_lepton,0,,2,1
20596,C_Tbl_correct,L2_ch0:32,2,2,1.0825563669204712,charged_hadron,51.17913055419922,1.0,,nearest_hadron_to_best_lepton,0,,2,1
20596,C_Tbl_correct,L2_ch0:32,3,1,1.036320447921753,neutral_hadron,190.43019104003906,0.0,,hardest_hadron,0,,2,1
20597,C_Tbl_correct,L2_ch0:32,1,1,3.090409755706787,charged_hadron,126.97633361816406,1.0,,hardest_hadron,0,,12,1
20597,C_Tbl_correct,L2_ch0:32,2,0,2.1336560249328613,muon,274.876953125,1.0,,particle0_best_lepton,0,,12,1
20597,C_Tbl_correct,L2_ch0:32,3,2,1.001702070236206,charged_hadron,33.827392578125,1.0,,hard_hadron,0,,12,1
20598,C_Tbl_correct,L2_ch0:32,1,0,2.044525146484375,neutral_hadron,260.6128234863281,0.0,,particle0,15,,20,0
20598,C_Tbl_correct,L2_ch0:32,2,2,0.9557396769523621,photon,57.46634292602539,0.0,,photon_neighbor,15,,20,0
20598,C_Tbl_correct,L2_ch0:32,3,1,0.743650496006012,charged_hadron,71.34386444091797,1.0,,hard_hadron,15,,20,0
20599,C_Tbl_correct,L2_ch0:32,1,3,3.728792905807495,electron,62.5894660949707,1.0,,best_lepton,3,,12,0
20599,C_Tbl_correct,L2_ch0:32,2,21,1.3285291194915771,charged_hadron,2.3598949909210205,-1.0,,hadron_neighbor,3,,12,0
20599,C_Tbl_correct,L2_ch0:32,3,11,1.0901739597320557,charged_hadron,8.550572395324707,1.0,,hadron_neighbor,3,,12,0
20600,C_Tbl_correct,L2_ch0:32,1,0,1.975023865699768,electron,270.7068786621094,1.0,,particle0_best_lepton,0,,19,2
20600,C_Tbl_correct,L2_ch0:32,2,14,1.1592037677764893,charged_hadron,8.008679389953613,1.0,,hadron_neighbor,0,,19,2
20600,C_Tbl_correct,L2_ch0:32,3,21,1.0600783824920654,charged_hadron,4.4666008949279785,-1.0,,hadron_neighbor,0,,19,2
20601,C_Tbl_correct,L2_ch0:32,1,1,2.8182213306427,electron,175.6551513671875,1.0,,second_lepton,0,1,6,3
20601,C_Tbl_correct,L2_ch0:32,2,0,2.4978764057159424,muon,177.98426818847656,-1.0,,particle0_best_lepton,0,1,6,3
20601,C_Tbl_correct,L2_ch0:32,3,6,0.524216890335083,charged_hadron,14.150772094726562,-1.0,,nearest_hadron_to_best_lepton,0,1,6,3
20602,C_Tbl_correct,L2_ch0:32,1,0,1.8354039192199707,electron,166.64041137695312,1.0,,particle0_best_lepton,0,,1,1
20602,C_Tbl_correct,L2_ch0:32,2,10,0.6989136338233948,photon,10.6670503616333,0.0,,photon_neighbor,0,,1,1
20602,C_Tbl_correct,L2_ch0:32,3,3,0.645748496055603,charged_hadron,55.599937438964844,-1.0,,hard_hadron,0,,1,1
20603,C_Tbl_correct,L2_ch0:32,1,1,1.9658268690109253,muon,128.0775909423828,1.0,,best_lepton,1,,14,0
20603,C_Tbl_correct,L2_ch0:32,2,2,1.0641757249832153,charged_hadron,56.29575729370117,1.0,,hard_hadron,1,,14,0
20603,C_Tbl_correct,L2_ch0:32,3,0,0.8829149007797241,neutral_hadron,151.77871704101562,0.0,,particle0,1,,14,0
20604,C_Tbl_correct,L2_ch0:32,1,0,4.734910488128662,muon,253.394775390625,-1.0,,particle0_best_lepton,0,10,21,1
20604,C_Tbl_correct,L2_ch0:32,2,10,1.0476034879684448,muon,5.126900672912598,-1.0,,second_lepton,0,10,21,1
20604,C_Tbl_correct,L2_ch0:32,3,2,0.626956045627594,charged_hadron,51.525489807128906,-1.0,,hard_hadron,0,10,21,1
20605,C_Tbl_correct,L2_ch0:32,1,0,3.352015972137451,electron,284.4485778808594,1.0,,particle0_best_lepton,0,1,25,2
20605,C_Tbl_correct,L2_ch0:32,2,1,3.218492269515991,electron,116.99774932861328,-1.0,,second_lepton,0,1,25,2
20605,C_Tbl_correct,L2_ch0:32,3,25,0.6164542436599731,neutral_hadron,2.211772918701172,0.0,,nearest_hadron_to_best_lepton,0,1,25,2
20606,C_Tbl_correct,L2_ch0:32,1,5,2.450868844985962,photon,22.06195068359375,0.0,,photon_neighbor,0,,11,2
20606,C_Tbl_correct,L2_ch0:32,2,0,1.8395795822143555,muon,313.43994140625,1.0,,particle0_best_lepton,0,,11,2
20606,C_Tbl_correct,L2_ch0:32,3,15,0.31262826919555664,charged_hadron,3.5784919261932373,-1.0,,hadron_neighbor,0,,11,2
20607,C_Tbl_correct,L2_ch0:32,1,0,2.1545896530151367,muon,162.9166717529297,-1.0,,particle0_best_lepton,0,,15,3
20607,C_Tbl_correct,L2_ch0:32,2,5,0.6151654720306396,photon,37.16464614868164,0.0,,photon_neighbor,0,,15,3
20607,C_Tbl_correct,L2_ch0:32,3,4,0.556413471698761,charged_hadron,39.97215270996094,1.0,,hard_hadron,0,,15,3
20608,C_Tbl_correct,L2_ch0:32,1,0,2.8914871215820312,muon,212.31520080566406,1.0,,particle0_best_lepton,0,,29,2
20608,C_Tbl_correct,L2_ch0:32,2,2,1.5440576076507568,charged_hadron,67.4761962890625,1.0,,hardest_hadron,0,,29,2
20608,C_Tbl_correct,L2_ch0:32,3,29,1.4656193256378174,charged_hadron,5.75941801071167,-1.0,,nearest_hadron_to_best_lepton,0,,29,2
20609,C_Tbl_correct,L2_ch0:32,1,0,2.239999771118164,electron,185.50094604492188,1.0,,particle0_best_lepton,0,,11,1
20609,C_Tbl_correct,L2_ch0:32,2,3,0.667720377445221,charged_hadron,53.326236724853516,-1.0,,hard_hadron,0,,11,1
20609,C_Tbl_correct,L2_ch0:32,3,2,0.411885142326355,charged_hadron,57.88652038574219,1.0,,hard_hadron,0,,11,1
20610,C_Tbl_correct,L2_ch0:32,1,0,4.038039207458496,electron,416.38470458984375,-1.0,,particle0_best_lepton,0,1,4,2
20610,C_Tbl_correct,L2_ch0:32,2,1,1.4760308265686035,electron,27.251541137695312,-1.0,,second_lepton,0,1,4,2
20610,C_Tbl_correct,L2_ch0:32,3,2,0.9635663628578186,charged_hadron,23.027128219604492,1.0,,hardest_hadron,0,1,4,2
12308,A_protected_highiso,L2_ch32:64,1,0,4.957876682281494,electron,210.91549682617188,-1.0,,particle0_best_lepton,0,,27,3
12308,A_protected_highiso,L2_ch32:64,2,12,1.388697624206543,charged_hadron,8.510248184204102,-1.0,,hard_hadron,0,,27,3
12308,A_protected_highiso,L2_ch32:64,3,16,1.1569935083389282,photon,6.311211585998535,0.0,,photon_neighbor,0,,27,3
12358,A_protected_highiso,L2_ch32:64,1,0,4.278705596923828,electron,229.01434326171875,-1.0,,particle0_best_lepton,0,,35,2
12358,A_protected_highiso,L2_ch32:64,2,4,1.8456724882125854,charged_hadron,32.47212219238281,1.0,,hard_hadron,0,,35,2
12358,A_protected_highiso,L2_ch32:64,3,14,1.1675727367401123,charged_hadron,7.968670845031738,-1.0,,hadron_neighbor,0,,35,2
12438,A_protected_highiso,L2_ch32:64,1,0,4.799337387084961,muon,169.7151641845703,1.0,,particle0_best_lepton,0,,31,1
12438,A_protected_highiso,L2_ch32:64,2,1,2.8874032497406006,neutral_hadron,96.88123321533203,0.0,,hardest_hadron,0,,31,1
12438,A_protected_highiso,L2_ch32:64,3,6,1.8950749635696411,charged_hadron,11.78877067565918,1.0,,hard_hadron,0,,31,1
12442,A_protected_highiso,L2_ch32:64,1,0,3.6230545043945312,muon,116.57672119140625,-1.0,,particle0_best_lepton,0,49,44,1
12442,A_protected_highiso,L2_ch32:64,2,1,2.605593204498291,charged_hadron,115.92982482910156,-1.0,,hardest_hadron,0,49,44,1
12442,A_protected_highiso,L2_ch32:64,3,3,1.463170051574707,charged_hadron,81.51412963867188,1.0,,hard_hadron,0,49,44,1
12509,A_protected_highiso,L2_ch32:64,1,0,4.401987075805664,electron,191.98472595214844,-1.0,,particle0_best_lepton,0,25,11,2
12509,A_protected_highiso,L2_ch32:64,2,2,2.8538715839385986,charged_hadron,57.196895599365234,1.0,,hardest_hadron,0,25,11,2
12509,A_protected_highiso,L2_ch32:64,3,8,1.2040399312973022,charged_hadron,12.678621292114258,-1.0,,hard_hadron,0,25,11,2
12592,A_protected_highiso,L2_ch32:64,1,0,3.90590500831604,electron,318.6606750488281,-1.0,,particle0_best_lepton,0,,25,2
12592,A_protected_highiso,L2_ch32:64,2,2,2.3441576957702637,charged_hadron,40.69743728637695,-1.0,,hardest_hadron,0,,25,2
12592,A_protected_highiso,L2_ch32:64,3,3,1.610378384590149,charged_hadron,33.87440872192383,1.0,,hard_hadron,0,,25,2
12784,A_protected_highiso,L2_ch32:64,1,0,4.930023670196533,muon,490.37921142578125,1.0,,particle0_best_lepton,0,,13,1
12784,A_protected_highiso,L2_ch32:64,2,2,0.9732515215873718,charged_hadron,31.80470085144043,-1.0,,hard_hadron,0,,13,1
12784,A_protected_highiso,L2_ch32:64,3,1,0.9564686417579651,charged_hadron,37.4669075012207,1.0,,hardest_hadron,0,,13,1
13089,A_protected_highiso,L2_ch32:64,1,1,2.9229190349578857,muon,130.16632080078125,-1.0,,best_lepton,1,,45,0
13089,A_protected_highiso,L2_ch32:64,2,2,1.5785670280456543,charged_hadron,61.01390838623047,-1.0,,hard_hadron,1,,45,0
13089,A_protected_highiso,L2_ch32:64,3,5,1.3691812753677368,charged_hadron,27.55554962158203,1.0,,hard_hadron,1,,45,0
13279,A_protected_highiso,L2_ch32:64,1,0,5.382826328277588,muon,236.35154724121094,1.0,,particle0_best_lepton,0,,15,1
13279,A_protected_highiso,L2_ch32:64,2,2,0.9700326919555664,charged_hadron,21.999059677124023,1.0,,hard_hadron,0,,15,1
13279,A_protected_highiso,L2_ch32:64,3,5,0.43878474831581116,charged_hadron,15.60527229309082,1.0,,hard_hadron,0,,15,1
13374,A_protected_highiso,L2_ch32:64,1,0,2.965562582015991,electron,354.0111389160156,-1.0,,particle0_best_lepton,0,,20,2
13374,A_protected_highiso,L2_ch32:64,2,14,1.2712042331695557,charged_hadron,3.790553331375122,1.0,,hard_hadron,0,,20,2
13374,A_protected_highiso,L2_ch32:64,3,22,0.9443227648735046,photon,2.612541437149048,0.0,,photon_neighbor,0,,20,2
13400,A_protected_highiso,L2_ch32:64,1,0,3.221362590789795,electron,336.1107177734375,1.0,,particle0_best_lepton,0,,36,1
13400,A_protected_highiso,L2_ch32:64,2,1,2.7722654342651367,charged_hadron,81.31978607177734,-1.0,,hardest_hadron,0,,36,1
13400,A_protected_highiso,L2_ch32:64,3,2,1.4240931272506714,charged_hadron,36.28432846069336,1.0,,hard_hadron,0,,36,1
13529,A_protected_highiso,L2_ch32:64,1,0,3.009895086288452,muon,326.5039978027344,1.0,,particle0_best_lepton,0,,9,2
13529,A_protected_highiso,L2_ch32:64,2,1,1.5395046472549438,photon,49.04374313354492,0.0,,photon_neighbor,0,,9,2
13529,A_protected_highiso,L2_ch32:64,3,10,1.303642988204956,photon,8.01158332824707,0.0,,photon_neighbor,0,,9,2
13897,A_protected_highiso,L2_ch32:64,1,0,3.7205305099487305,muon,457.5880126953125,1.0,,particle0_best_lepton,0,,14,2
13897,A_protected_highiso,L2_ch32:64,2,1,1.7239325046539307,photon,108.99365234375,0.0,,photon_neighbor,0,,14,2
13897,A_protected_highiso,L2_ch32:64,3,2,1.5777673721313477,charged_hadron,60.254791259765625,-1.0,,hardest_hadron,0,,14,2
14139,A_protected_highiso,L2_ch32:64,1,0,4.774468898773193,muon,359.5831604003906,1.0,,particle0_best_lepton,0,,14,1
14139,A_protected_highiso,L2_ch32:64,2,10,1.067206621170044,charged_hadron,12.881010055541992,1.0,,hard_hadron,0,,14,1
14139,A_protected_highiso,L2_ch32:64,3,3,0.8395249843597412,charged_hadron,29.934375762939453,1.0,,hard_hadron,0,,14,1
14355,A_protected_highiso,L2_ch32:64,1,0,4.885107040405273,electron,355.94677734375,1.0,,particle0_best_lepton,0,,25,1
14355,A_protected_highiso,L2_ch32:64,2,7,0.47420191764831543,charged_hadron,13.976323127746582,-1.0,,hard_hadron,0,,25,1
14355,A_protected_highiso,L2_ch32:64,3,24,0.4532140791416168,charged_hadron,3.7914435863494873,-1.0,,hadron_neighbor,0,,25,1
14381,A_protected_highiso,L2_ch32:64,1,0,4.994419574737549,muon,300.2547912597656,1.0,,particle0_best_lepton,0,,26,1
14381,A_protected_highiso,L2_ch32:64,2,1,2.561051368713379,charged_hadron,48.02571105957031,1.0,,hardest_hadron,0,,26,1
14381,A_protected_highiso,L2_ch32:64,3,16,0.6893966794013977,charged_hadron,5.641652584075928,1.0,,hadron_neighbor,0,,26,1
14596,A_protected_highiso,L2_ch32:64,1,0,4.188195705413818,electron,113.05442810058594,-1.0,,particle0_best_lepton,0,37,20,1
14596,A_protected_highiso,L2_ch32:64,2,2,0.7619428634643555,charged_hadron,58.74953079223633,1.0,,hard_hadron,0,37,20,1
14596,A_protected_highiso,L2_ch32:64,3,37,0.44757911562919617,electron,2.5160787105560303,1.0,,second_lepton,0,37,20,1
14600,A_protected_highiso,L2_ch32:64,1,0,3.723750591278076,muon,258.7874755859375,-1.0,,particle0_best_lepton,0,,12,2
14600,A_protected_highiso,L2_ch32:64,2,4,2.4312150478363037,charged_hadron,40.34858322143555,1.0,,hard_hadron,0,,12,2
14600,A_protected_highiso,L2_ch32:64,3,1,2.2375733852386475,photon,106.86139678955078,0.0,,photon_neighbor,0,,12,2
14625,A_protected_highiso,L2_ch32:64,1,0,5.539858818054199,electron,105.97429656982422,1.0,,particle0_best_lepton,0,10,44,1
14625,A_protected_highiso,L2_ch32:64,2,1,2.964940071105957,charged_hadron,57.44641876220703,1.0,,hardest_hadron,0,10,44,1
14625,A_protected_highiso,L2_ch32:64,3,2,2.64163875579834,charged_hadron,49.45977783203125,-1.0,,hard_hadron,0,10,44,1
14742,A_protected_highiso,L2_ch32:64,1,0,5.50020694732666,electron,315.2446594238281,1.0,,particle0_best_lepton,0,,16,1
14742,A_protected_highiso,L2_ch32:64,2,1,1.2218036651611328,charged_hadron,73.39140319824219,-1.0,,hardest_hadron,0,,16,1
14742,A_protected_highiso,L2_ch32:64,3,2,0.6587061285972595,photon,36.38946533203125,0.0,,photon_neighbor,0,,16,1
14991,A_protected_highiso,L2_ch32:64,1,0,3.0551671981811523,muon,142.14076232910156,-1.0,,particle0_best_lepton,0,,42,1
14991,A_protected_highiso,L2_ch32:64,2,1,1.7650816440582275,charged_hadron,57.69734573364258,1.0,,hardest_hadron,0,,42,1
14991,A_protected_highiso,L2_ch32:64,3,5,1.163486361503601,charged_hadron,23.168031692504883,1.0,,hard_hadron,0,,42,1
14999,A_protected_highiso,L2_ch32:64,1,0,3.653834581375122,muon,185.35040283203125,1.0,,particle0_best_lepton,0,,21,1
14999,A_protected_highiso,L2_ch32:64,2,31,0.8418689966201782,photon,2.464204788208008,0.0,,photon_neighbor,0,,21,1
14999,A_protected_highiso,L2_ch32:64,3,2,0.8115299940109253,charged_hadron,53.281959533691406,1.0,,hard_hadron,0,,21,1
15006,A_protected_highiso,L2_ch32:64,1,0,5.497602939605713,electron,254.96595764160156,-1.0,,particle0_best_lepton,0,,12,1
15006,A_protected_highiso,L2_ch32:64,2,1,2.0420658588409424,charged_hadron,129.26129150390625,-1.0,,hardest_hadron,0,,12,1
15006,A_protected_highiso,L2_ch32:64,3,4,1.6129080057144165,charged_hadron,30.37660789489746,1.0,,hard_hadron,0,,12,1
15112,A_protected_highiso,L2_ch32:64,1,0,4.2491865158081055,electron,273.059814453125,-1.0,,particle0_best_lepton,0,,17,1
15112,A_protected_highiso,L2_ch32:64,2,2,0.8246897459030151,neutral_hadron,35.64738845825195,0.0,,hard_hadron,0,,17,1
15112,A_protected_highiso,L2_ch32:64,3,34,0.6669999361038208,charged_hadron,2.633082389831543,-1.0,,hadron_neighbor,0,,17,1
15233,A_protected_highiso,L2_ch32:64,1,0,5.2437825202941895,electron,246.3203582763672,1.0,,particle0_best_lepton,0,,9,1
15233,A_protected_highiso,L2_ch32:64,2,18,1.9259358644485474,charged_hadron,5.896407604217529,1.0,,hadron_neighbor,0,,9,1
15233,A_protected_highiso,L2_ch32:64,3,15,1.6222776174545288,photon,6.222963333129883,0.0,,photon_neighbor,0,,9,1
15292,A_protected_highiso,L2_ch32:64,1,0,2.810166358947754,muon,192.9404296875,-1.0,,particle0_best_lepton,0,,26,1
15292,A_protected_highiso,L2_ch32:64,2,8,1.4393377304077148,charged_hadron,29.39792823791504,-1.0,,hard_hadron,0,,26,1
15292,A_protected_highiso,L2_ch32:64,3,24,1.302530288696289,charged_hadron,8.635303497314453,1.0,,hadron_neighbor,0,,26,1
15512,A_protected_highiso,L2_ch32:64,1,0,3.636611223220825,muon,232.9764404296875,-1.0,,particle0_best_lepton,0,,16,3
15512,A_protected_highiso,L2_ch32:64,2,1,0.7709513306617737,photon,77.5498275756836,0.0,,photon_neighbor,0,,16,3
15512,A_protected_highiso,L2_ch32:64,3,2,0.4549161493778229,photon,49.91353225708008,0.0,,photon_neighbor,0,,16,3
15540,A_protected_highiso,L2_ch32:64,1,0,3.43765926361084,muon,272.0929260253906,1.0,,particle0_best_lepton,0,,3,2
15540,A_protected_highiso,L2_ch32:64,2,21,0.6970366835594177,photon,4.318659782409668,0.0,,photon_neighbor,0,,3,2
15540,A_protected_highiso,L2_ch32:64,3,25,0.6272315979003906,neutral_hadron,3.1866631507873535,0.0,,hadron_neighbor,0,,3,2
15590,A_protected_highiso,L2_ch32:64,1,0,5.5138115882873535,muon,301.4415283203125,1.0,,particle0_best_lepton,0,2,19,1
15590,A_protected_highiso,L2_ch32:64,2,2,2.352165937423706,muon,19.118396759033203,-1.0,,second_lepton,0,2,19,1
15590,A_protected_highiso,L2_ch32:64,3,1,2.349776029586792,charged_hadron,49.62342071533203,-1.0,,hardest_hadron,0,2,19,1
15684,A_protected_highiso,L2_ch32:64,1,0,4.3387370109558105,electron,300.70977783203125,1.0,,particle0_best_lepton,0,,11,1
15684,A_protected_highiso,L2_ch32:64,2,2,1.1101806163787842,charged_hadron,14.967216491699219,-1.0,,hard_hadron,0,,11,1
15684,A_protected_highiso,L2_ch32:64,3,12,1.0984272956848145,photon,6.8626909255981445,0.0,,photon_neighbor,0,,11,1
15800,A_protected_highiso,L2_ch32:64,1,0,4.201469898223877,electron,346.1005859375,1.0,,particle0_best_lepton,0,,8,1
15800,A_protected_highiso,L2_ch32:64,2,32,1.0454304218292236,charged_hadron,3.712804079055786,1.0,,hadron_neighbor,0,,8,1
15800,A_protected_highiso,L2_ch32:64,3,1,0.7100306749343872,charged_hadron,19.186485290527344,-1.0,,hardest_hadron,0,,8,1
16360,A_protected_highiso,L2_ch32:64,1,0,3.2951323986053467,muon,376.0852355957031,-1.0,,particle0_best_lepton,0,,12,4
16360,A_protected_highiso,L2_ch32:64,2,1,1.0165272951126099,photon,62.73597717285156,0.0,,photon_neighbor,0,,12,4
16360,A_protected_highiso,L2_ch32:64,3,2,0.38680577278137207,photon,32.37598419189453,0.0,,photon_neighbor,0,,12,4
12649,B_confused_highiso,L2_ch32:64,1,0,8.786200523376465,muon,316.7471008300781,-1.0,,particle0_best_lepton,0,47,22,1
12649,B_confused_highiso,L2_ch32:64,2,47,1.7548041343688965,muon,3.025986909866333,1.0,,second_lepton,0,47,22,1
12649,B_confused_highiso,L2_ch32:64,3,29,0.6159165501594543,charged_hadron,5.888757705688477,-1.0,,hadron_neighbor,0,47,22,1
12982,B_confused_highiso,L2_ch32:64,1,0,5.4128098487854,electron,225.74807739257812,-1.0,,particle0_best_lepton,0,,15,1
12982,B_confused_highiso,L2_ch32:64,2,2,1.1027294397354126,charged_hadron,29.458635330200195,-1.0,,hard_hadron,0,,15,1
12982,B_confused_highiso,L2_ch32:64,3,1,0.8503185510635376,charged_hadron,33.98439025878906,1.0,,hardest_hadron,0,,15,1
13045,B_confused_highiso,L2_ch32:64,1,0,5.156823635101318,electron,331.1594543457031,-1.0,,particle0_best_lepton,0,2,15,1
13045,B_confused_highiso,L2_ch32:64,2,17,2.477583885192871,charged_hadron,5.2952189445495605,1.0,,hard_hadron,0,2,15,1
13045,B_confused_highiso,L2_ch32:64,3,2,1.5194587707519531,muon,20.822223663330078,-1.0,,second_lepton,0,2,15,1
13583,B_confused_highiso,L2_ch32:64,1,0,6.5909423828125,electron,444.0295715332031,1.0,,particle0_best_lepton,0,14,4,2
13583,B_confused_highiso,L2_ch32:64,2,14,2.420595169067383,electron,7.943925380706787,1.0,,second_lepton,0,14,4,2
13583,B_confused_highiso,L2_ch32:64,3,30,1.6667667627334595,electron,2.350341796875,-1.0,,other_lepton,0,14,4,2
13787,B_confused_highiso,L2_ch32:64,1,0,3.3472650051116943,electron,226.40545654296875,-1.0,,particle0_best_lepton,0,,19,1
13787,B_confused_highiso,L2_ch32:64,2,34,0.2912416458129883,photon,1.7734482288360596,0.0,,photon_neighbor,0,,19,1
13787,B_confused_highiso,L2_ch32:64,3,26,0.2131374180316925,charged_hadron,2.834019899368286,-1.0,,hadron_neighbor,0,,19,1
13997,B_confused_highiso,L2_ch32:64,1,0,5.392215251922607,muon,247.4871368408203,-1.0,,particle0_best_lepton,0,,18,1
13997,B_confused_highiso,L2_ch32:64,2,1,1.4811375141143799,charged_hadron,42.893123626708984,-1.0,,hardest_hadron,0,,18,1
13997,B_confused_highiso,L2_ch32:64,3,2,0.9517635703086853,charged_hadron,34.337074279785156,1.0,,hard_hadron,0,,18,1
14711,B_confused_highiso,L2_ch32:64,1,0,8.440872192382812,muon,132.4909210205078,1.0,,particle0_best_lepton,0,66,45,1
14711,B_confused_highiso,L2_ch32:64,2,1,2.7907938957214355,charged_hadron,40.551177978515625,-1.0,,hardest_hadron,0,66,45,1
14711,B_confused_highiso,L2_ch32:64,3,3,2.2820868492126465,charged_hadron,21.010746002197266,1.0,,hard_hadron,0,66,45,1
15288,B_confused_highiso,L2_ch32:64,1,0,5.180202007293701,electron,429.5041198730469,-1.0,,particle0_best_lepton,0,,31,1
15288,B_confused_highiso,L2_ch32:64,2,14,0.8592268228530884,charged_hadron,3.993011951446533,1.0,,hadron_neighbor,0,,31,1
15288,B_confused_highiso,L2_ch32:64,3,25,0.5804575681686401,charged_hadron,2.6007494926452637,-1.0,,hadron_neighbor,0,,31,1
15528,B_confused_highiso,L2_ch32:64,1,0,7.297883033752441,photon,468.97296142578125,0.0,,particle0,3,15,33,1
15528,B_confused_highiso,L2_ch32:64,2,3,5.102782249450684,electron,23.16946792602539,-1.0,,best_lepton,3,15,33,1
15528,B_confused_highiso,L2_ch32:64,3,15,1.6041053533554077,electron,7.784639358520508,1.0,,second_lepton,3,15,33,1
15658,B_confused_highiso,L2_ch32:64,1,0,6.669466018676758,electron,94.5487289428711,1.0,,particle0_best_lepton,0,5,43,1
15658,B_confused_highiso,L2_ch32:64,2,5,1.8462512493133545,muon,16.095420837402344,-1.0,,second_lepton,0,5,43,1
15658,B_confused_highiso,L2_ch32:64,3,53,0.9697195887565613,charged_hadron,2.7092301845550537,1.0,,hadron_neighbor,0,5,43,1
15893,B_confused_highiso,L2_ch32:64,1,0,5.1763505935668945,electron,297.3345947265625,-1.0,,particle0_best_lepton,0,,24,1
15893,B_confused_highiso,L2_ch32:64,2,23,1.1085584163665771,charged_hadron,5.147664546966553,1.0,,hadron_neighbor,0,,24,1
15893,B_confused_highiso,L2_ch32:64,3,3,0.39466458559036255,charged_hadron,38.2039680480957,-1.0,,hard_hadron,0,,24,1
20480,C_Tbl_correct,L2_ch32:64,1,0,5.411960601806641,muon,186.00991821289062,-1.0,,particle0_best_lepton,0,,11,1
20480,C_Tbl_correct,L2_ch32:64,2,1,1.0915428400039673,charged_hadron,92.15662384033203,1.0,,hardest_hadron,0,,11,1
20480,C_Tbl_correct,L2_ch32:64,3,2,0.7822946310043335,photon,78.699462890625,0.0,,photon_neighbor,0,,11,1
20481,C_Tbl_correct,L2_ch32:64,1,0,6.3292436599731445,muon,498.7115783691406,1.0,,particle0_best_lepton,0,1,19,2
20481,C_Tbl_correct,L2_ch32:64,2,1,2.6701793670654297,muon,81.7923355102539,-1.0,,second_lepton,0,1,19,2
20481,C_Tbl_correct,L2_ch32:64,3,6,0.7309993505477905,charged_hadron,13.286733627319336,-1.0,,hard_hadron,0,1,19,2
20482,C_Tbl_correct,L2_ch32:64,1,2,3.2638039588928223,muon,85.50410461425781,-1.0,,second_lepton,0,2,5,1
20482,C_Tbl_correct,L2_ch32:64,2,0,2.247396230697632,muon,123.67266082763672,-1.0,,particle0_best_lepton,0,2,5,1
20482,C_Tbl_correct,L2_ch32:64,3,3,0.5785984396934509,charged_hadron,57.629642486572266,1.0,,hard_hadron,0,2,5,1
20483,C_Tbl_correct,L2_ch32:64,1,0,7.3195013999938965,muon,391.753173828125,1.0,,particle0_best_lepton,0,,16,1
20483,C_Tbl_correct,L2_ch32:64,2,18,0.37263402342796326,photon,2.7418203353881836,0.0,,photon_neighbor,0,,16,1
20483,C_Tbl_correct,L2_ch32:64,3,23,0.36720389127731323,photon,1.656783938407898,0.0,,photon_neighbor,0,,16,1
20484,C_Tbl_correct,L2_ch32:64,1,0,4.437355041503906,electron,107.00715637207031,1.0,,particle0_best_lepton,0,3,11,4
20484,C_Tbl_correct,L2_ch32:64,2,3,1.5480321645736694,muon,37.70759582519531,1.0,,second_lepton,0,3,11,4
20484,C_Tbl_correct,L2_ch32:64,3,1,0.924519956111908,photon,70.35770416259766,0.0,,photon_neighbor,0,3,11,4
20485,C_Tbl_correct,L2_ch32:64,1,0,3.658184766769409,electron,118.92376708984375,1.0,,particle0_best_lepton,0,6,15,1
20485,C_Tbl_correct,L2_ch32:64,2,6,2.309835195541382,muon,27.837268829345703,1.0,,second_lepton,0,6,15,1
20485,C_Tbl_correct,L2_ch32:64,3,2,1.3613747358322144,charged_hadron,79.1214370727539,-1.0,,hard_hadron,0,6,15,1
20486,C_Tbl_correct,L2_ch32:64,1,1,3.1325693130493164,muon,79.0703353881836,1.0,,best_lepton,1,,15,0
20486,C_Tbl_correct,L2_ch32:64,2,3,0.1986282914876938,charged_hadron,29.53087615966797,-1.0,,hard_hadron,1,,15,0
20486,C_Tbl_correct,L2_ch32:64,3,5,0.1500835120677948,charged_hadron,20.976503372192383,-1.0,,hard_hadron,1,,15,0
20487,C_Tbl_correct,L2_ch32:64,1,0,8.219547271728516,muon,330.2943420410156,-1.0,,particle0_best_lepton,0,4,19,1
20487,C_Tbl_correct,L2_ch32:64,2,4,2.6466317176818848,muon,14.948827743530273,-1.0,,second_lepton,0,4,19,1
20487,C_Tbl_correct,L2_ch32:64,3,24,0.44021037220954895,photon,3.1221847534179688,0.0,,photon_neighbor,0,4,19,1
20488,C_Tbl_correct,L2_ch32:64,1,0,3.6542301177978516,muon,114.84968566894531,1.0,,particle0_best_lepton,0,,19,1
20488,C_Tbl_correct,L2_ch32:64,2,12,1.6786024570465088,charged_hadron,6.959555149078369,1.0,,hadron_neighbor,0,,19,1
20488,C_Tbl_correct,L2_ch32:64,3,18,0.7496596574783325,neutral_hadron,5.634016036987305,0.0,,hadron_neighbor,0,,19,1
20489,C_Tbl_correct,L2_ch32:64,1,0,5.506959438323975,electron,267.3357238769531,1.0,,particle0_best_lepton,0,2,14,1
20489,C_Tbl_correct,L2_ch32:64,2,2,3.4016451835632324,muon,39.83409881591797,1.0,,second_lepton,0,2,14,1
20489,C_Tbl_correct,L2_ch32:64,3,14,1.038686990737915,charged_hadron,5.120092868804932,-1.0,,nearest_hadron_to_best_lepton,0,2,14,1
20490,C_Tbl_correct,L2_ch32:64,1,0,4.878833293914795,muon,222.58627319335938,1.0,,particle0_best_lepton,0,,19,1
20490,C_Tbl_correct,L2_ch32:64,2,28,0.38045206665992737,charged_hadron,2.4149184226989746,1.0,,hadron_neighbor,0,,19,1
20490,C_Tbl_correct,L2_ch32:64,3,1,0.3270672857761383,charged_hadron,52.71913528442383,1.0,,hardest_hadron,0,,19,1
20491,C_Tbl_correct,L2_ch32:64,1,0,6.323270797729492,muon,564.8671875,-1.0,,particle0_best_lepton,0,,15,1
20491,C_Tbl_correct,L2_ch32:64,2,10,0.6392114758491516,charged_hadron,11.025934219360352,-1.0,,hadron_neighbor,0,,15,1
20491,C_Tbl_correct,L2_ch32:64,3,20,0.5439504384994507,charged_hadron,4.483021259307861,-1.0,,hadron_neighbor,0,,15,1
20492,C_Tbl_correct,L2_ch32:64,1,0,10.775517463684082,muon,252.05963134765625,-1.0,,particle0_best_lepton,0,,74,1
20492,C_Tbl_correct,L2_ch32:64,2,17,1.0985350608825684,charged_hadron,10.14931583404541,1.0,,hard_hadron,0,,74,1
20492,C_Tbl_correct,L2_ch32:64,3,1,0.9075616598129272,charged_hadron,34.672706604003906,1.0,,hardest_hadron,0,,74,1
20493,C_Tbl_correct,L2_ch32:64,1,0,3.9701576232910156,electron,186.51634216308594,1.0,,particle0_best_lepton,0,1,14,2
20493,C_Tbl_correct,L2_ch32:64,2,1,2.4528465270996094,muon,169.77301025390625,-1.0,,second_lepton,0,1,14,2
20493,C_Tbl_correct,L2_ch32:64,3,2,1.345820665359497,charged_hadron,71.3250503540039,1.0,,hardest_hadron,0,1,14,2
20494,C_Tbl_correct,L2_ch32:64,1,0,7.190323352813721,muon,482.8270568847656,1.0,,particle0_best_lepton,0,,8,3
20494,C_Tbl_correct,L2_ch32:64,2,1,1.4926416873931885,photon,80.11673736572266,0.0,,photon_neighbor,0,,8,3
20494,C_Tbl_correct,L2_ch32:64,3,2,0.496091365814209,photon,15.058201789855957,0.0,,photon_neighbor,0,,8,3
20495,C_Tbl_correct,L2_ch32:64,1,2,3.6596477031707764,electron,87.17536926269531,1.0,,best_lepton,2,4,5,0
20495,C_Tbl_correct,L2_ch32:64,2,4,1.1076785326004028,muon,20.08660888671875,-1.0,,second_lepton,2,4,5,0
20495,C_Tbl_correct,L2_ch32:64,3,16,0.3945554494857788,charged_hadron,2.2032928466796875,-1.0,,hadron_neighbor,2,4,5,0
20496,C_Tbl_correct,L2_ch32:64,1,0,6.566903114318848,electron,238.28724670410156,1.0,,particle0_best_lepton,0,,24,1
20496,C_Tbl_correct,L2_ch32:64,2,17,0.857096254825592,charged_hadron,6.36753511428833,-1.0,,hadron_neighbor,0,,24,1
20496,C_Tbl_correct,L2_ch32:64,3,15,0.8042317628860474,charged_hadron,6.8834028244018555,1.0,,hadron_neighbor,0,,24,1
20497,C_Tbl_correct,L2_ch32:64,1,0,7.234902858734131,muon,332.51971435546875,1.0,,particle0_best_lepton,0,,11,1
20497,C_Tbl_correct,L2_ch32:64,2,10,0.41364192962646484,photon,4.5389227867126465,0.0,,photon_neighbor,0,,11,1
20497,C_Tbl_correct,L2_ch32:64,3,12,0.3088630735874176,charged_hadron,3.159674644470215,-1.0,,hadron_neighbor,0,,11,1
20498,C_Tbl_correct,L2_ch32:64,1,1,3.0784709453582764,muon,126.635009765625,-1.0,,best_lepton,1,,5,0
20498,C_Tbl_correct,L2_ch32:64,2,2,1.5680392980575562,charged_hadron,109.99597930908203,-1.0,,hard_hadron,1,,5,0
20498,C_Tbl_correct,L2_ch32:64,3,0,0.8532492518424988,charged_hadron,133.3770751953125,-1.0,,particle0,1,,5,0
20499,C_Tbl_correct,L2_ch32:64,1,1,4.759714126586914,electron,89.83689880371094,1.0,,best_lepton,1,,11,0
20499,C_Tbl_correct,L2_ch32:64,2,2,0.5243958830833435,charged_hadron,80.7316665649414,1.0,,hard_hadron,1,,11,0
20499,C_Tbl_correct,L2_ch32:64,3,9,0.45645442605018616,charged_hadron,10.468526840209961,-1.0,,hadron_neighbor,1,,11,0
20500,C_Tbl_correct,L2_ch32:64,1,0,10.414623260498047,electron,329.0126953125,1.0,,particle0_best_lepton,0,12,11,1
20500,C_Tbl_correct,L2_ch32:64,2,12,1.1776307821273804,electron,5.570647716522217,-1.0,,second_lepton,0,12,11,1
20500,C_Tbl_correct,L2_ch32:64,3,1,0.49905702471733093,charged_hadron,59.953914642333984,-1.0,,hardest_hadron,0,12,11,1
20501,C_Tbl_correct,L2_ch32:64,1,0,8.701903343200684,electron,133.78932189941406,-1.0,,particle0_best_lepton,0,,19,1
20501,C_Tbl_correct,L2_ch32:64,2,15,1.3118983507156372,charged_hadron,7.8665618896484375,-1.0,,hadron_neighbor,0,,19,1
20501,C_Tbl_correct,L2_ch32:64,3,2,0.8193877935409546,charged_hadron,39.48318862915039,-1.0,,hard_hadron,0,,19,1
20502,C_Tbl_correct,L2_ch32:64,1,0,8.355422973632812,muon,278.8143310546875,-1.0,,particle0_best_lepton,0,4,15,1
20502,C_Tbl_correct,L2_ch32:64,2,4,2.6300160884857178,muon,15.490090370178223,1.0,,second_lepton,0,4,15,1
20502,C_Tbl_correct,L2_ch32:64,3,8,0.41600263118743896,charged_hadron,8.116941452026367,1.0,,hard_hadron,0,4,15,1
20503,C_Tbl_correct,L2_ch32:64,1,4,3.974565267562866,electron,45.02203369140625,1.0,,best_lepton,4,6,15,0
20503,C_Tbl_correct,L2_ch32:64,2,6,2.0192840099334717,electron,25.880510330200195,1.0,,second_lepton,4,6,15,0
20503,C_Tbl_correct,L2_ch32:64,3,5,0.8309526443481445,charged_hadron,29.928255081176758,-1.0,,hard_hadron,4,6,15,0
20504,C_Tbl_correct,L2_ch32:64,1,1,4.632688522338867,electron,97.75440216064453,1.0,,best_lepton,1,,20,0
20504,C_Tbl_correct,L2_ch32:64,2,2,0.5140761733055115,charged_hadron,52.97243881225586,1.0,,hard_hadron,1,,20,0
20504,C_Tbl_correct,L2_ch32:64,3,9,0.4866015911102295,neutral_hadron,10.460328102111816,0.0,,hadron_neighbor,1,,20,0
20505,C_Tbl_correct,L2_ch32:64,1,0,3.7436482906341553,muon,205.1035614013672,1.0,,particle0_best_lepton,0,,9,1
20505,C_Tbl_correct,L2_ch32:64,2,1,2.597170352935791,charged_hadron,154.8529815673828,1.0,,hardest_hadron,0,,9,1
20505,C_Tbl_correct,L2_ch32:64,3,3,0.5792639255523682,charged_hadron,61.59202194213867,1.0,,hard_hadron,0,,9,1
20506,C_Tbl_correct,L2_ch32:64,1,0,3.103536605834961,muon,160.51051330566406,1.0,,particle0_best_lepton,0,12,13,1
20506,C_Tbl_correct,L2_ch32:64,2,8,1.0890426635742188,charged_hadron,10.526518821716309,1.0,,hard_hadron,0,12,13,1
20506,C_Tbl_correct,L2_ch32:64,3,13,0.6466875076293945,charged_hadron,6.050452709197998,-1.0,,nearest_hadron_to_best_lepton,0,12,13,1
20507,C_Tbl_correct,L2_ch32:64,1,0,6.324061870574951,muon,138.9788360595703,1.0,,particle0_best_lepton,0,1,34,2
20507,C_Tbl_correct,L2_ch32:64,2,1,2.7536232471466064,electron,100.99051666259766,1.0,,second_lepton,0,1,34,2
20507,C_Tbl_correct,L2_ch32:64,3,2,0.992664098739624,charged_hadron,68.03162384033203,-1.0,,hardest_hadron,0,1,34,2
20508,C_Tbl_correct,L2_ch32:64,1,0,6.485177516937256,muon,124.95929718017578,-1.0,,particle0_best_lepton,0,19,15,2
20508,C_Tbl_correct,L2_ch32:64,2,19,1.702420949935913,muon,2.4558587074279785,1.0,,second_lepton,0,19,15,2
20508,C_Tbl_correct,L2_ch32:64,3,12,0.8851610422134399,charged_hadron,9.737678527832031,-1.0,,hadron_neighbor,0,19,15,2
20509,C_Tbl_correct,L2_ch32:64,1,1,5.408085346221924,muon,162.5621337890625,1.0,,best_lepton,1,4,8,0
20509,C_Tbl_correct,L2_ch32:64,2,4,4.12319803237915,electron,30.075931549072266,-1.0,,second_lepton,1,4,8,0
20509,C_Tbl_correct,L2_ch32:64,3,0,0.5183422565460205,charged_hadron,186.97219848632812,-1.0,,particle0,1,4,8,0
20510,C_Tbl_correct,L2_ch32:64,1,0,5.26772403717041,muon,254.29237365722656,1.0,,particle0_best_lepton,0,,4,1
20510,C_Tbl_correct,L2_ch32:64,2,25,0.8327224254608154,charged_hadron,2.3164608478546143,-1.0,,hadron_neighbor,0,,4,1
20510,C_Tbl_correct,L2_ch32:64,3,6,0.8014666438102722,charged_hadron,22.597061157226562,-1.0,,hard_hadron,0,,4,1
20511,C_Tbl_correct,L2_ch32:64,1,0,11.382253646850586,muon,148.91407775878906,-1.0,,particle0_best_lepton,0,46,34,1
20511,C_Tbl_correct,L2_ch32:64,2,2,1.1572935581207275,charged_hadron,33.23933029174805,-1.0,,hard_hadron,0,46,34,1
20511,C_Tbl_correct,L2_ch32:64,3,31,1.0844944715499878,photon,3.665829658508301,0.0,,photon_neighbor,0,46,34,1
20512,C_Tbl_correct,L2_ch32:64,1,1,4.0667195320129395,muon,246.33908081054688,1.0,,best_lepton,1,,5,2
20512,C_Tbl_correct,L2_ch32:64,2,7,0.8496572375297546,charged_hadron,20.23193359375,-1.0,,hadron_neighbor,1,,5,2
20512,C_Tbl_correct,L2_ch32:64,3,0,0.6676721572875977,photon,287.2595520019531,0.0,,particle0,1,,5,2
20513,C_Tbl_correct,L2_ch32:64,1,0,7.760247707366943,electron,344.981689453125,1.0,,particle0_best_lepton,0,,17,1
20513,C_Tbl_correct,L2_ch32:64,2,18,1.9063435792922974,photon,1.4932204484939575,0.0,,photon_neighbor,0,,17,1
20513,C_Tbl_correct,L2_ch32:64,3,2,0.8460692167282104,charged_hadron,46.588958740234375,1.0,,hard_hadron,0,,17,1
20514,C_Tbl_correct,L2_ch32:64,1,0,3.49094557762146,muon,107.3781509399414,1.0,,particle0_best_lepton,0,,11,1
20514,C_Tbl_correct,L2_ch32:64,2,1,1.2190135717391968,charged_hadron,102.47187042236328,-1.0,,hardest_hadron,0,,11,1
20514,C_Tbl_correct,L2_ch32:64,3,9,0.9626896977424622,charged_hadron,14.191100120544434,-1.0,,hadron_neighbor,0,,11,1
20515,C_Tbl_correct,L2_ch32:64,1,0,6.592373371124268,muon,519.654052734375,1.0,,particle0_best_lepton,0,,15,1
20515,C_Tbl_correct,L2_ch32:64,2,1,0.856274425983429,charged_hadron,19.062910079956055,1.0,,hardest_hadron,0,,15,1
20515,C_Tbl_correct,L2_ch32:64,3,8,0.5467097163200378,charged_hadron,1.7650282382965088,-1.0,,hadron_neighbor,0,,15,1
20516,C_Tbl_correct,L2_ch32:64,1,0,6.791902542114258,electron,424.41094970703125,-1.0,,particle0_best_lepton,0,11,20,1
20516,C_Tbl_correct,L2_ch32:64,2,11,2.0220184326171875,electron,12.019204139709473,-1.0,,second_lepton,0,11,20,1
20516,C_Tbl_correct,L2_ch32:64,3,2,0.5485174059867859,charged_hadron,86.16313171386719,1.0,,hard_hadron,0,11,20,1
20517,C_Tbl_correct,L2_ch32:64,1,2,4.415600299835205,muon,121.41401672363281,1.0,,best_lepton,2,6,18,0
20517,C_Tbl_correct,L2_ch32:64,2,6,1.3760827779769897,electron,26.68927001953125,-1.0,,second_lepton,2,6,18,0
20517,C_Tbl_correct,L2_ch32:64,3,9,0.7128627300262451,charged_hadron,21.1513671875,-1.0,,hard_hadron,2,6,18,0
20518,C_Tbl_correct,L2_ch32:64,1,1,2.497504949569702,muon,105.87470245361328,-1.0,,best_lepton,1,2,4,4
20518,C_Tbl_correct,L2_ch32:64,2,2,1.9932419061660767,electron,94.17501068115234,-1.0,,second_lepton,1,2,4,4
20518,C_Tbl_correct,L2_ch32:64,3,4,1.1975573301315308,charged_hadron,29.467832565307617,1.0,,nearest_hadron_to_best_lepton,1,2,4,4
20519,C_Tbl_correct,L2_ch32:64,1,0,5.487176418304443,muon,282.969482421875,-1.0,,particle0_best_lepton,0,,18,2
20519,C_Tbl_correct,L2_ch32:64,2,4,0.484954833984375,charged_hadron,19.556140899658203,1.0,,hard_hadron,0,,18,2
20519,C_Tbl_correct,L2_ch32:64,3,3,0.4545632600784302,charged_hadron,34.590518951416016,1.0,,hard_hadron,0,,18,2
20520,C_Tbl_correct,L2_ch32:64,1,0,3.5625693798065186,muon,114.50515747070312,-1.0,,particle0_best_lepton,0,6,19,1
20520,C_Tbl_correct,L2_ch32:64,2,6,1.260523796081543,muon,22.388072967529297,1.0,,second_lepton,0,6,19,1
20520,C_Tbl_correct,L2_ch32:64,3,8,0.9098020792007446,charged_hadron,17.855173110961914,1.0,,hard_hadron,0,6,19,1
20521,C_Tbl_correct,L2_ch32:64,1,1,5.534136772155762,muon,96.19719696044922,-1.0,,best_lepton,1,15,20,2
20521,C_Tbl_correct,L2_ch32:64,2,2,2.3861258029937744,charged_hadron,55.15263366699219,1.0,,hardest_hadron,1,15,20,2
20521,C_Tbl_correct,L2_ch32:64,3,0,1.7679375410079956,photon,154.40756225585938,0.0,,particle0,1,15,20,2
20522,C_Tbl_correct,L2_ch32:64,1,0,6.828979015350342,muon,181.8948211669922,-1.0,,particle0_best_lepton,0,,11,1
20522,C_Tbl_correct,L2_ch32:64,2,1,0.9143377542495728,charged_hadron,66.70306396484375,1.0,,hardest_hadron,0,,11,1
20522,C_Tbl_correct,L2_ch32:64,3,11,0.8411940336227417,charged_hadron,9.817909240722656,-1.0,,nearest_hadron_to_best_lepton,0,,11,1
20523,C_Tbl_correct,L2_ch32:64,1,1,4.9009857177734375,electron,98.05267333984375,1.0,,best_lepton,1,3,13,2
20523,C_Tbl_correct,L2_ch32:64,2,3,2.16874098777771,electron,84.39728546142578,-1.0,,second_lepton,1,3,13,2
20523,C_Tbl_correct,L2_ch32:64,3,4,0.7305121421813965,charged_hadron,66.11878967285156,1.0,,hard_hadron,1,3,13,2
20524,C_Tbl_correct,L2_ch32:64,1,0,5.814289093017578,electron,422.00567626953125,-1.0,,particle0_best_lepton,0,3,5,2
20524,C_Tbl_correct,L2_ch32:64,2,3,2.246368646621704,muon,36.748870849609375,-1.0,,second_lepton,0,3,5,2
20524,C_Tbl_correct,L2_ch32:64,3,2,1.0637458562850952,charged_hadron,53.85086441040039,1.0,,hardest_hadron,0,3,5,2
20525,C_Tbl_correct,L2_ch32:64,1,0,9.258401870727539,muon,147.4969940185547,1.0,,particle0_best_lepton,0,,16,2
20525,C_Tbl_correct,L2_ch32:64,2,19,0.7324469685554504,charged_hadron,3.641324758529663,1.0,,hadron_neighbor,0,,16,2
20525,C_Tbl_correct,L2_ch32:64,3,8,0.6175445318222046,charged_hadron,9.503379821777344,-1.0,,hadron_neighbor,0,,16,2
20526,C_Tbl_correct,L2_ch32:64,1,0,5.894356727600098,electron,264.64630126953125,1.0,,particle0_best_lepton,0,,19,1
20526,C_Tbl_correct,L2_ch32:64,2,18,0.4656023383140564,charged_hadron,3.553601026535034,1.0,,hadron_neighbor,0,,19,1
20526,C_Tbl_correct,L2_ch32:64,3,20,0.4586295783519745,photon,3.0999555587768555,0.0,,photon_neighbor,0,,19,1
20527,C_Tbl_correct,L2_ch32:64,1,0,9.26823616027832,electron,336.3766174316406,1.0,,particle0_best_lepton,0,,12,1
20527,C_Tbl_correct,L2_ch32:64,2,17,0.8130070567131042,photon,4.045459270477295,0.0,,photon_neighbor,0,,12,1
20527,C_Tbl_correct,L2_ch32:64,3,33,0.6874489784240723,photon,2.2223777770996094,0.0,,photon_neighbor,0,,12,1
20528,C_Tbl_correct,L2_ch32:64,1,0,4.7907233238220215,muon,406.7447814941406,1.0,,particle0_best_lepton,0,,15,2
20528,C_Tbl_correct,L2_ch32:64,2,1,3.278827428817749,photon,59.200347900390625,0.0,,photon_neighbor,0,,15,2
20528,C_Tbl_correct,L2_ch32:64,3,31,0.3715079724788666,photon,1.8223663568496704,0.0,,photon_neighbor,0,,15,2
20529,C_Tbl_correct,L2_ch32:64,1,0,10.868303298950195,electron,487.25653076171875,1.0,,particle0_best_lepton,0,,8,2
20529,C_Tbl_correct,L2_ch32:64,2,1,2.07580828666687,photon,73.56980895996094,0.0,,photon_neighbor,0,,8,2
20529,C_Tbl_correct,L2_ch32:64,3,2,1.5350784063339233,charged_hadron,70.18577575683594,1.0,,hardest_hadron,0,,8,2
20530,C_Tbl_correct,L2_ch32:64,1,0,7.636098861694336,electron,302.8354187011719,-1.0,,particle0_best_lepton,0,,30,1
20530,C_Tbl_correct,L2_ch32:64,2,4,0.7883023023605347,charged_hadron,25.90937614440918,-1.0,,hard_hadron,0,,30,1
20530,C_Tbl_correct,L2_ch32:64,3,3,0.5683228969573975,photon,26.49580955505371,0.0,,photon_neighbor,0,,30,1
20531,C_Tbl_correct,L2_ch32:64,1,0,4.5098114013671875,electron,200.07044982910156,1.0,,particle0_best_lepton,0,,13,1
20531,C_Tbl_correct,L2_ch32:64,2,14,1.0330803394317627,charged_hadron,2.266413927078247,-1.0,,hadron_neighbor,0,,13,1
20531,C_Tbl_correct,L2_ch32:64,3,1,0.5186483860015869,charged_hadron,79.5701904296875,-1.0,,hardest_hadron,0,,13,1
20532,C_Tbl_correct,L2_ch32:64,1,0,3.0729622840881348,electron,302.8004150390625,-1.0,,particle0_best_lepton,0,,14,1
20532,C_Tbl_correct,L2_ch32:64,2,2,1.1755366325378418,charged_hadron,25.769031524658203,-1.0,,hard_hadron,0,,14,1
20532,C_Tbl_correct,L2_ch32:64,3,18,0.9472538232803345,charged_hadron,5.061915874481201,-1.0,,hadron_neighbor,0,,14,1
20533,C_Tbl_correct,L2_ch32:64,1,0,6.005559921264648,electron,167.03543090820312,-1.0,,particle0_best_lepton,0,2,15,1
20533,C_Tbl_correct,L2_ch32:64,2,2,2.9183948040008545,electron,38.99090576171875,1.0,,second_lepton,0,2,15,1
20533,C_Tbl_correct,L2_ch32:64,3,14,0.47199633717536926,photon,10.964546203613281,0.0,,photon_neighbor,0,2,15,1
20534,C_Tbl_correct,L2_ch32:64,1,0,4.733634948730469,muon,215.9326629638672,1.0,,particle0_best_lepton,0,,12,1
20534,C_Tbl_correct,L2_ch32:64,2,1,1.638379693031311,charged_hadron,64.45411682128906,-1.0,,hardest_hadron,0,,12,1
20534,C_Tbl_correct,L2_ch32:64,3,4,0.990702211856842,charged_hadron,41.022003173828125,-1.0,,hard_hadron,0,,12,1
20535,C_Tbl_correct,L2_ch32:64,1,0,5.692517280578613,muon,303.3940124511719,-1.0,,particle0_best_lepton,0,1,7,2
20535,C_Tbl_correct,L2_ch32:64,2,1,2.32177472114563,electron,173.26866149902344,1.0,,second_lepton,0,1,7,2
20535,C_Tbl_correct,L2_ch32:64,3,14,0.6890109181404114,charged_hadron,2.148700714111328,-1.0,,hadron_neighbor,0,1,7,2
20536,C_Tbl_correct,L2_ch32:64,1,0,6.915187835693359,electron,216.5425567626953,-1.0,,particle0_best_lepton,0,,24,1
20536,C_Tbl_correct,L2_ch32:64,2,2,0.5736162662506104,neutral_hadron,45.00316619873047,0.0,,hard_hadron,0,,24,1
20536,C_Tbl_correct,L2_ch32:64,3,21,0.4888615608215332,photon,3.097186326980591,0.0,,photon_neighbor,0,,24,1
20537,C_Tbl_correct,L2_ch32:64,1,0,5.487194061279297,muon,195.53131103515625,1.0,,particle0_best_lepton,0,1,4,3
20537,C_Tbl_correct,L2_ch32:64,2,1,2.9721667766571045,muon,128.3671417236328,-1.0,,second_lepton,0,1,4,3
20537,C_Tbl_correct,L2_ch32:64,3,12,0.7328577637672424,neutral_hadron,7.9698805809021,0.0,,hadron_neighbor,0,1,4,3
20538,C_Tbl_correct,L2_ch32:64,1,0,6.427829742431641,electron,317.7366943359375,1.0,,particle0_best_lepton,0,1,12,2
20538,C_Tbl_correct,L2_ch32:64,2,1,2.9552602767944336,electron,82.45780181884766,-1.0,,second_lepton,0,1,12,2
20538,C_Tbl_correct,L2_ch32:64,3,3,0.8701087832450867,charged_hadron,28.276453018188477,1.0,,hard_hadron,0,1,12,2
20539,C_Tbl_correct,L2_ch32:64,1,0,8.325858116149902,electron,62.23419952392578,1.0,,particle0_best_lepton,0,35,46,1
20539,C_Tbl_correct,L2_ch32:64,2,1,1.4633830785751343,charged_hadron,50.605690002441406,1.0,,hardest_hadron,0,35,46,1
20539,C_Tbl_correct,L2_ch32:64,3,35,0.9102542996406555,electron,3.1417386531829834,-1.0,,second_lepton,0,35,46,1
20540,C_Tbl_correct,L2_ch32:64,1,0,3.654667854309082,muon,121.60375213623047,1.0,,particle0_best_lepton,0,3,11,1
20540,C_Tbl_correct,L2_ch32:64,2,3,2.43751859664917,electron,59.0196533203125,-1.0,,second_lepton,0,3,11,1
20540,C_Tbl_correct,L2_ch32:64,3,1,0.7292863130569458,charged_hadron,115.84513854980469,1.0,,hardest_hadron,0,3,11,1
20541,C_Tbl_correct,L2_ch32:64,1,0,3.2299134731292725,muon,175.0579071044922,-1.0,,particle0_best_lepton,0,,11,3
20541,C_Tbl_correct,L2_ch32:64,2,3,0.9209166765213013,charged_hadron,79.82263946533203,1.0,,hardest_hadron,0,,11,3
20541,C_Tbl_correct,L2_ch32:64,3,1,0.6080171465873718,photon,106.98389434814453,0.0,,photon_neighbor,0,,11,3
20542,C_Tbl_correct,L2_ch32:64,1,0,5.377256870269775,electron,312.7117614746094,-1.0,,particle0_best_lepton,0,,9,1
20542,C_Tbl_correct,L2_ch32:64,2,2,0.7720126509666443,charged_hadron,35.574378967285156,1.0,,hard_hadron,0,,9,1
20542,C_Tbl_correct,L2_ch32:64,3,4,0.5775989890098572,charged_hadron,16.450632095336914,-1.0,,hard_hadron,0,,9,1
20543,C_Tbl_correct,L2_ch32:64,1,0,9.374735832214355,muon,115.3818359375,1.0,,particle0_best_lepton,0,10,46,1
20543,C_Tbl_correct,L2_ch32:64,2,2,1.9272558689117432,charged_hadron,44.241065979003906,1.0,,hard_hadron,0,10,46,1
20543,C_Tbl_correct,L2_ch32:64,3,5,1.249597430229187,charged_hadron,21.223609924316406,-1.0,,hard_hadron,0,10,46,1
20544,C_Tbl_correct,L2_ch32:64,1,0,4.554545879364014,muon,508.11871337890625,1.0,,particle0_best_lepton,0,,9,2
20544,C_Tbl_correct,L2_ch32:64,2,6,1.066185712814331,charged_hadron,5.560701847076416,-1.0,,hard_hadron,0,,9,2
20544,C_Tbl_correct,L2_ch32:64,3,1,0.8154575824737549,photon,12.586894035339355,0.0,,photon_neighbor,0,,9,2
20545,C_Tbl_correct,L2_ch32:64,1,0,5.708796501159668,electron,451.4137268066406,1.0,,particle0_best_lepton,0,,9,1
20545,C_Tbl_correct,L2_ch32:64,2,7,0.44186538457870483,charged_hadron,4.256054401397705,1.0,,hadron_neighbor,0,,9,1
20545,C_Tbl_correct,L2_ch32:64,3,8,0.39255475997924805,charged_hadron,3.724135637283325,-1.0,,hadron_neighbor,0,,9,1
20546,C_Tbl_correct,L2_ch32:64,1,0,7.097238063812256,electron,434.52008056640625,1.0,,particle0_best_lepton,0,6,2,1
20546,C_Tbl_correct,L2_ch32:64,2,6,2.3055198192596436,muon,23.342519760131836,1.0,,second_lepton,0,6,2,1
20546,C_Tbl_correct,L2_ch32:64,3,1,0.3497222661972046,charged_hadron,95.59041595458984,-1.0,,hardest_hadron,0,6,2,1
20547,C_Tbl_correct,L2_ch32:64,1,0,12.77707290649414,electron,357.27874755859375,-1.0,,particle0_best_lepton,0,,31,1
20547,C_Tbl_correct,L2_ch32:64,2,1,1.7404279708862305,charged_hadron,46.21989059448242,-1.0,,hardest_hadron,0,,31,1
20547,C_Tbl_correct,L2_ch32:64,3,2,1.3922364711761475,charged_hadron,29.58527374267578,1.0,,hard_hadron,0,,31,1
20548,C_Tbl_correct,L2_ch32:64,1,0,6.322348117828369,electron,381.555419921875,1.0,,particle0_best_lepton,0,4,8,2
20548,C_Tbl_correct,L2_ch32:64,2,4,2.4321584701538086,electron,12.177839279174805,-1.0,,second_lepton,0,4,8,2
20548,C_Tbl_correct,L2_ch32:64,3,11,0.5627731680870056,electron,3.754805088043213,1.0,,other_lepton,0,4,8,2
20549,C_Tbl_correct,L2_ch32:64,1,3,3.412875175476074,electron,60.81768035888672,-1.0,,best_lepton,3,,13,1
20549,C_Tbl_correct,L2_ch32:64,2,1,1.5532076358795166,charged_hadron,106.92799377441406,1.0,,hardest_hadron,3,,13,1
20549,C_Tbl_correct,L2_ch32:64,3,6,0.7627776265144348,charged_hadron,36.03879928588867,1.0,,hard_hadron,3,,13,1
20551,C_Tbl_correct,L2_ch32:64,1,0,3.837625503540039,photon,170.75933837890625,0.0,,particle0,1,2,8,3
20551,C_Tbl_correct,L2_ch32:64,2,1,3.3476316928863525,electron,120.67500305175781,1.0,,best_lepton,1,2,8,3
20551,C_Tbl_correct,L2_ch32:64,3,2,2.9872870445251465,electron,95.83783721923828,-1.0,,second_lepton,1,2,8,3
20552,C_Tbl_correct,L2_ch32:64,1,0,5.543700695037842,muon,341.0342102050781,-1.0,,particle0_best_lepton,0,,7,1
20552,C_Tbl_correct,L2_ch32:64,2,10,1.928658366203308,photon,3.8146307468414307,0.0,,photon_neighbor,0,,7,1
20552,C_Tbl_correct,L2_ch32:64,3,1,0.5160136818885803,charged_hadron,94.22015380859375,-1.0,,hardest_hadron,0,,7,1
20553,C_Tbl_correct,L2_ch32:64,1,2,6.499538898468018,electron,87.58741760253906,1.0,,best_lepton,2,,20,1
20553,C_Tbl_correct,L2_ch32:64,2,13,0.7307833433151245,photon,9.725095748901367,0.0,,photon_neighbor,2,,20,1
20553,C_Tbl_correct,L2_ch32:64,3,1,0.40362197160720825,charged_hadron,90.39823913574219,1.0,,hardest_hadron,2,,20,1
20554,C_Tbl_correct,L2_ch32:64,1,3,1.7666064500808716,muon,54.177024841308594,-1.0,,best_lepton,3,,4,0
20554,C_Tbl_correct,L2_ch32:64,2,6,0.8398439288139343,charged_hadron,45.38300323486328,1.0,,hard_hadron,3,,4,0
20554,C_Tbl_correct,L2_ch32:64,3,0,0.8308439254760742,charged_hadron,110.81134033203125,1.0,,particle0,3,,4,0
20555,C_Tbl_correct,L2_ch32:64,1,0,5.450002670288086,electron,135.34539794921875,1.0,,particle0_best_lepton,0,,14,1
20555,C_Tbl_correct,L2_ch32:64,2,1,2.4295644760131836,charged_hadron,127.91874694824219,1.0,,hardest_hadron,0,,14,1
20555,C_Tbl_correct,L2_ch32:64,3,3,0.9873116612434387,charged_hadron,43.056190490722656,-1.0,,hard_hadron,0,,14,1
20556,C_Tbl_correct,L2_ch32:64,1,0,5.787871837615967,muon,415.4775390625,-1.0,,particle0_best_lepton,0,,10,1
20556,C_Tbl_correct,L2_ch32:64,2,1,2.093536853790283,charged_hadron,28.608369827270508,1.0,,hardest_hadron,0,,10,1
20556,C_Tbl_correct,L2_ch32:64,3,3,1.2333989143371582,charged_hadron,13.62285327911377,1.0,,hard_hadron,0,,10,1
20557,C_Tbl_correct,L2_ch32:64,1,0,5.480523109436035,electron,302.8977966308594,-1.0,,particle0_best_lepton,0,,33,2
20557,C_Tbl_correct,L2_ch32:64,2,1,1.1336826086044312,photon,67.19149780273438,0.0,,photon_neighbor,0,,33,2
20557,C_Tbl_correct,L2_ch32:64,3,23,0.7329002618789673,charged_hadron,3.8818390369415283,-1.0,,hadron_neighbor,0,,33,2
20558,C_Tbl_correct,L2_ch32:64,1,0,4.551842212677002,electron,154.4781494140625,1.0,,particle0_best_lepton,0,,10,1
20558,C_Tbl_correct,L2_ch32:64,2,1,1.1551522016525269,charged_hadron,73.62512969970703,-1.0,,hardest_hadron,0,,10,1
20558,C_Tbl_correct,L2_ch32:64,3,3,0.8765557408332825,charged_hadron,55.93328857421875,1.0,,hard_hadron,0,,10,1
20559,C_Tbl_correct,L2_ch32:64,1,0,4.858363151550293,electron,448.1669616699219,1.0,,particle0_best_lepton,0,,16,1
20559,C_Tbl_correct,L2_ch32:64,2,1,1.304306983947754,charged_hadron,22.442537307739258,-1.0,,hardest_hadron,0,,16,1
20559,C_Tbl_correct,L2_ch32:64,3,2,1.0876047611236572,charged_hadron,21.682592391967773,1.0,,hard_hadron,0,,16,1
20560,C_Tbl_correct,L2_ch32:64,1,0,4.318376541137695,muon,292.010498046875,-1.0,,particle0_best_lepton,0,,16,1
20560,C_Tbl_correct,L2_ch32:64,2,15,1.0911672115325928,charged_hadron,9.327141761779785,1.0,,hadron_neighbor,0,,16,1
20560,C_Tbl_correct,L2_ch32:64,3,2,0.9458721280097961,charged_hadron,42.097450256347656,-1.0,,hard_hadron,0,,16,1
20561,C_Tbl_correct,L2_ch32:64,1,0,5.315968036651611,electron,151.60948181152344,1.0,,particle0_best_lepton,0,,16,1
20561,C_Tbl_correct,L2_ch32:64,2,11,0.16458380222320557,charged_hadron,8.34697151184082,-1.0,,hard_hadron,0,,16,1
20561,C_Tbl_correct,L2_ch32:64,3,17,0.15078003704547882,charged_hadron,5.729511260986328,-1.0,,hadron_neighbor,0,,16,1
20562,C_Tbl_correct,L2_ch32:64,1,0,7.269613742828369,electron,427.4591064453125,-1.0,,particle0_best_lepton,0,,19,1
20562,C_Tbl_correct,L2_ch32:64,2,9,0.4579799175262451,charged_hadron,13.176015853881836,-1.0,,hadron_neighbor,0,,19,1
20562,C_Tbl_correct,L2_ch32:64,3,20,0.3317895829677582,photon,3.5020487308502197,0.0,,photon_neighbor,0,,19,1
20564,C_Tbl_correct,L2_ch32:64,1,0,5.596225261688232,electron,248.95120239257812,1.0,,particle0_best_lepton,0,,8,1
20564,C_Tbl_correct,L2_ch32:64,2,8,0.583493709564209,charged_hadron,25.476943969726562,-1.0,,nearest_hadron_to_best_lepton,0,,8,1
20564,C_Tbl_correct,L2_ch32:64,3,2,0.2121763676404953,charged_hadron,40.40739059448242,1.0,,hard_hadron,0,,8,1
20565,C_Tbl_correct,L2_ch32:64,1,1,3.2145159244537354,muon,80.61254119873047,-1.0,,second_lepton,0,1,6,3
20565,C_Tbl_correct,L2_ch32:64,2,0,2.40047287940979,muon,109.03646087646484,1.0,,particle0_best_lepton,0,1,6,3
20565,C_Tbl_correct,L2_ch32:64,3,10,0.21314112842082977,charged_hadron,11.40108585357666,-1.0,,hard_hadron,0,1,6,3
20566,C_Tbl_correct,L2_ch32:64,1,0,6.003325939178467,electron,470.35064697265625,1.0,,particle0_best_lepton,0,,10,1
20566,C_Tbl_correct,L2_ch32:64,2,8,1.3520512580871582,charged_hadron,8.769403457641602,-1.0,,hadron_neighbor,0,,10,1
20566,C_Tbl_correct,L2_ch32:64,3,11,0.3476383686065674,charged_hadron,4.651210784912109,1.0,,hadron_neighbor,0,,10,1
20567,C_Tbl_correct,L2_ch32:64,1,1,4.935989856719971,muon,58.38005447387695,1.0,,best_lepton,1,2,16,0
20567,C_Tbl_correct,L2_ch32:64,2,2,2.1644959449768066,electron,54.48052978515625,-1.0,,second_lepton,1,2,16,0
20567,C_Tbl_correct,L2_ch32:64,3,0,1.0659160614013672,charged_hadron,235.00762939453125,-1.0,,particle0,1,2,16,0
20568,C_Tbl_correct,L2_ch32:64,1,0,5.4619598388671875,muon,426.10992431640625,-1.0,,particle0_best_lepton,0,,22,1
20568,C_Tbl_correct,L2_ch32:64,2,26,0.6013376712799072,charged_hadron,1.7999640703201294,1.0,,hadron_neighbor,0,,22,1
20568,C_Tbl_correct,L2_ch32:64,3,32,0.4195461869239807,photon,0.9089817404747009,0.0,,photon_neighbor,0,,22,1
20569,C_Tbl_correct,L2_ch32:64,1,0,5.861084938049316,electron,207.61492919921875,-1.0,,particle0_best_lepton,0,,18,1
20569,C_Tbl_correct,L2_ch32:64,2,10,1.0791014432907104,charged_hadron,12.66428279876709,1.0,,hadron_neighbor,0,,18,1
20569,C_Tbl_correct,L2_ch32:64,3,1,0.9542056918144226,charged_hadron,87.36697387695312,1.0,,hardest_hadron,0,,18,1
20570,C_Tbl_correct,L2_ch32:64,1,0,6.217957019805908,muon,246.7196044921875,1.0,,particle0_best_lepton,0,29,19,1
20570,C_Tbl_correct,L2_ch32:64,2,29,1.2554574012756348,muon,1.283835530281067,1.0,,second_lepton,0,29,19,1
20570,C_Tbl_correct,L2_ch32:64,3,1,1.0113815069198608,charged_hadron,116.91678619384766,-1.0,,hardest_hadron,0,29,19,1
20572,C_Tbl_correct,L2_ch32:64,1,0,6.258923530578613,electron,432.13275146484375,-1.0,,particle0_best_lepton,0,,15,1
20572,C_Tbl_correct,L2_ch32:64,2,2,0.6047003269195557,charged_hadron,40.95424270629883,-1.0,,hard_hadron,0,,15,1
20572,C_Tbl_correct,L2_ch32:64,3,22,0.3123970925807953,photon,3.7149837017059326,0.0,,photon_neighbor,0,,15,1
20573,C_Tbl_correct,L2_ch32:64,1,0,6.926469326019287,muon,214.76095581054688,1.0,,particle0_best_lepton,0,17,19,3
20573,C_Tbl_correct,L2_ch32:64,2,7,2.2367711067199707,photon,19.42319107055664,0.0,,photon_neighbor,0,17,19,3
20573,C_Tbl_correct,L2_ch32:64,3,21,1.1653797626495361,charged_hadron,4.560214042663574,1.0,,hadron_neighbor,0,17,19,3
20574,C_Tbl_correct,L2_ch32:64,1,0,4.12547492980957,electron,253.7365264892578,1.0,,particle0_best_lepton,0,,7,1
20574,C_Tbl_correct,L2_ch32:64,2,1,0.7784711122512817,charged_hadron,83.7529067993164,-1.0,,hardest_hadron,0,,7,1
20574,C_Tbl_correct,L2_ch32:64,3,10,0.48309826850891113,charged_hadron,6.987217426300049,-1.0,,hadron_neighbor,0,,7,1
20575,C_Tbl_correct,L2_ch32:64,1,0,8.154353141784668,muon,171.30946350097656,-1.0,,particle0_best_lepton,0,,13,3
20575,C_Tbl_correct,L2_ch32:64,2,9,0.80719393491745,charged_hadron,15.7050142288208,-1.0,,hard_hadron,0,,13,3
20575,C_Tbl_correct,L2_ch32:64,3,13,0.7221243977546692,charged_hadron,9.492731094360352,-1.0,,nearest_hadron_to_best_lepton,0,,13,3
20576,C_Tbl_correct,L2_ch32:64,1,0,4.2455339431762695,electron,182.34840393066406,-1.0,,particle0_best_lepton,0,16,12,1
20576,C_Tbl_correct,L2_ch32:64,2,1,1.992419958114624,charged_hadron,115.03890991210938,-1.0,,hardest_hadron,0,16,12,1
20576,C_Tbl_correct,L2_ch32:64,3,2,0.7784726023674011,charged_hadron,102.4299087524414,1.0,,hard_hadron,0,16,12,1
20577,C_Tbl_correct,L2_ch32:64,1,0,6.273987293243408,electron,100.61677551269531,1.0,,particle0_best_lepton,0,,28,1
20577,C_Tbl_correct,L2_ch32:64,2,9,2.283365488052368,charged_hadron,16.10653305053711,-1.0,,hard_hadron,0,,28,1
20577,C_Tbl_correct,L2_ch32:64,3,5,1.858521580696106,charged_hadron,21.646957397460938,1.0,,hard_hadron,0,,28,1
20578,C_Tbl_correct,L2_ch32:64,1,0,6.854589462280273,muon,316.3433532714844,1.0,,particle0_best_lepton,0,,31,1
20578,C_Tbl_correct,L2_ch32:64,2,1,0.9495022892951965,charged_hadron,51.469058990478516,1.0,,hardest_hadron,0,,31,1
20578,C_Tbl_correct,L2_ch32:64,3,2,0.9322070479393005,charged_hadron,37.675357818603516,1.0,,hard_hadron,0,,31,1
20579,C_Tbl_correct,L2_ch32:64,1,1,3.5533034801483154,electron,163.02003479003906,-1.0,,second_lepton,0,1,6,4
20579,C_Tbl_correct,L2_ch32:64,2,0,1.5513389110565186,muon,219.7357635498047,1.0,,particle0_best_lepton,0,1,6,4
20579,C_Tbl_correct,L2_ch32:64,3,8,0.2986949682235718,electron,5.506099700927734,1.0,,other_lepton,0,1,6,4
20580,C_Tbl_correct,L2_ch32:64,1,0,6.798299789428711,muon,306.8921813964844,1.0,,particle0_best_lepton,0,,16,1
20580,C_Tbl_correct,L2_ch32:64,2,1,1.3888530731201172,charged_hadron,37.541751861572266,-1.0,,hardest_hadron,0,,16,1
20580,C_Tbl_correct,L2_ch32:64,3,24,0.4143189787864685,photon,2.2722201347351074,0.0,,photon_neighbor,0,,16,1
20581,C_Tbl_correct,L2_ch32:64,1,0,4.306522369384766,muon,527.3506469726562,1.0,,particle0_best_lepton,0,,6,1
20581,C_Tbl_correct,L2_ch32:64,2,1,1.2856498956680298,charged_hadron,19.879396438598633,1.0,,hardest_hadron,0,,6,1
20581,C_Tbl_correct,L2_ch32:64,3,2,1.2394124269485474,charged_hadron,18.04859733581543,-1.0,,hard_hadron,0,,6,1
20582,C_Tbl_correct,L2_ch32:64,1,0,6.064039707183838,muon,115.60763549804688,1.0,,particle0_best_lepton,0,,13,1
20582,C_Tbl_correct,L2_ch32:64,2,1,0.9909266233444214,charged_hadron,75.74484252929688,-1.0,,hardest_hadron,0,,13,1
20582,C_Tbl_correct,L2_ch32:64,3,10,0.6863104104995728,charged_hadron,11.964613914489746,1.0,,hadron_neighbor,0,,13,1
20583,C_Tbl_correct,L2_ch32:64,1,5,5.361993312835693,electron,29.56871795654297,-1.0,,best_lepton,5,12,8,0
20583,C_Tbl_correct,L2_ch32:64,2,0,2.583172082901001,charged_hadron,104.37066650390625,1.0,,particle0,5,12,8,0
20583,C_Tbl_correct,L2_ch32:64,3,12,2.212244987487793,muon,10.157781600952148,-1.0,,second_lepton,5,12,8,0
20584,C_Tbl_correct,L2_ch32:64,1,0,4.429711818695068,muon,263.82421875,-1.0,,particle0_best_lepton,0,,24,1
20584,C_Tbl_correct,L2_ch32:64,2,6,0.6231583952903748,charged_hadron,47.180904388427734,1.0,,hard_hadron,0,,24,1
20584,C_Tbl_correct,L2_ch32:64,3,8,0.38971951603889465,charged_hadron,36.465145111083984,1.0,,hard_hadron,0,,24,1
20585,C_Tbl_correct,L2_ch32:64,1,0,5.242984771728516,electron,146.78408813476562,1.0,,particle0_best_lepton,0,37,18,1
20585,C_Tbl_correct,L2_ch32:64,2,30,0.9938376545906067,photon,3.480074405670166,0.0,,photon_neighbor,0,37,18,1
20585,C_Tbl_correct,L2_ch32:64,3,43,0.7765817642211914,photon,2.260775089263916,0.0,,photon_neighbor,0,37,18,1
20586,C_Tbl_correct,L2_ch32:64,1,0,5.155248641967773,muon,338.5196533203125,-1.0,,particle0_best_lepton,0,,8,1
20586,C_Tbl_correct,L2_ch32:64,2,9,1.8016879558563232,charged_hadron,3.79604172706604,1.0,,hadron_neighbor,0,,8,1
20586,C_Tbl_correct,L2_ch32:64,3,2,1.735920786857605,photon,86.22042846679688,0.0,,photon_neighbor,0,,8,1
20587,C_Tbl_correct,L2_ch32:64,1,0,5.085404396057129,muon,297.96087646484375,-1.0,,particle0_best_lepton,0,,21,1
20587,C_Tbl_correct,L2_ch32:64,2,4,0.8409759402275085,charged_hadron,12.644250869750977,1.0,,hard_hadron,0,,21,1
20587,C_Tbl_correct,L2_ch32:64,3,3,0.576936662197113,photon,14.49633502960205,0.0,,photon_neighbor,0,,21,1
20588,C_Tbl_correct,L2_ch32:64,1,0,7.805562973022461,muon,285.677490234375,1.0,,particle0_best_lepton,0,1,8,2
20588,C_Tbl_correct,L2_ch32:64,2,1,2.9726827144622803,electron,62.57266616821289,-1.0,,second_lepton,0,1,8,2
20588,C_Tbl_correct,L2_ch32:64,3,8,0.5044035911560059,charged_hadron,10.105086326599121,1.0,,nearest_hadron_to_best_lepton,0,1,8,2
20589,C_Tbl_correct,L2_ch32:64,1,0,3.883545160293579,electron,465.556396484375,-1.0,,particle0_best_lepton,0,,8,2
20589,C_Tbl_correct,L2_ch32:64,2,1,2.63997220993042,photon,40.872249603271484,0.0,,photon_neighbor,0,,8,2
20589,C_Tbl_correct,L2_ch32:64,3,2,0.6647486686706543,charged_hadron,15.691710472106934,1.0,,hardest_hadron,0,,8,2
20590,C_Tbl_correct,L2_ch32:64,1,0,3.4364492893218994,electron,184.82643127441406,1.0,,particle0_best_lepton,0,5,10,1
20590,C_Tbl_correct,L2_ch32:64,2,5,1.8681854009628296,muon,40.047698974609375,-1.0,,second_lepton,0,5,10,1
20590,C_Tbl_correct,L2_ch32:64,3,1,0.9144996404647827,charged_hadron,175.21389770507812,-1.0,,hardest_hadron,0,5,10,1
20591,C_Tbl_correct,L2_ch32:64,1,0,3.7523908615112305,muon,117.23506164550781,1.0,,particle0_best_lepton,0,,2,1
20591,C_Tbl_correct,L2_ch32:64,2,11,0.7170518636703491,charged_hadron,10.517376899719238,1.0,,hadron_neighbor,0,,2,1
20591,C_Tbl_correct,L2_ch32:64,3,17,0.6909295916557312,charged_hadron,6.506533622741699,-1.0,,hadron_neighbor,0,,2,1
20592,C_Tbl_correct,L2_ch32:64,1,0,4.744454383850098,muon,404.8398132324219,-1.0,,particle0_best_lepton,0,,9,2
20592,C_Tbl_correct,L2_ch32:64,2,2,2.0916037559509277,charged_hadron,93.95397186279297,1.0,,hardest_hadron,0,,9,2
20592,C_Tbl_correct,L2_ch32:64,3,3,1.9643418788909912,charged_hadron,74.64936065673828,1.0,,hard_hadron,0,,9,2
20593,C_Tbl_correct,L2_ch32:64,1,0,6.3150105476379395,electron,136.8867950439453,1.0,,particle0_best_lepton,0,1,6,2
20593,C_Tbl_correct,L2_ch32:64,2,1,2.3435111045837402,electron,136.59011840820312,-1.0,,second_lepton,0,1,6,2
20593,C_Tbl_correct,L2_ch32:64,3,2,1.366792917251587,charged_hadron,101.70832824707031,-1.0,,hardest_hadron,0,1,6,2
20594,C_Tbl_correct,L2_ch32:64,1,0,5.591906547546387,muon,321.0677185058594,1.0,,particle0_best_lepton,0,1,15,2
20594,C_Tbl_correct,L2_ch32:64,2,1,3.053255796432495,electron,90.09862518310547,-1.0,,second_lepton,0,1,15,2
20594,C_Tbl_correct,L2_ch32:64,3,6,0.8503791093826294,photon,8.84512996673584,0.0,,photon_neighbor,0,1,15,2
20595,C_Tbl_correct,L2_ch32:64,1,0,3.4997541904449463,muon,209.73171997070312,-1.0,,particle0_best_lepton,0,,5,1
20595,C_Tbl_correct,L2_ch32:64,2,1,1.159244418144226,charged_hadron,115.17058563232422,1.0,,hardest_hadron,0,,5,1
20595,C_Tbl_correct,L2_ch32:64,3,2,0.5488885045051575,photon,101.22224426269531,0.0,,photon_neighbor,0,,5,1
20596,C_Tbl_correct,L2_ch32:64,1,0,1.5465065240859985,electron,222.81263732910156,1.0,,particle0_best_lepton,0,,2,1
20596,C_Tbl_correct,L2_ch32:64,2,11,0.6128902435302734,photon,1.3378207683563232,0.0,,photon_neighbor,0,,2,1
20596,C_Tbl_correct,L2_ch32:64,3,2,0.4187551438808441,charged_hadron,51.17913055419922,1.0,,nearest_hadron_to_best_lepton,0,,2,1
20597,C_Tbl_correct,L2_ch32:64,1,0,5.701876163482666,muon,274.876953125,1.0,,particle0_best_lepton,0,,12,1
20597,C_Tbl_correct,L2_ch32:64,2,10,0.28740888833999634,photon,2.2913835048675537,0.0,,photon_neighbor,0,,12,1
20597,C_Tbl_correct,L2_ch32:64,3,1,0.27734437584877014,charged_hadron,126.97633361816406,1.0,,hardest_hadron,0,,12,1
20598,C_Tbl_correct,L2_ch32:64,1,15,3.5938642024993896,muon,7.408359527587891,-1.0,,best_lepton,15,,20,0
20598,C_Tbl_correct,L2_ch32:64,2,2,3.50388503074646,photon,57.46634292602539,0.0,,photon_neighbor,15,,20,0
20598,C_Tbl_correct,L2_ch32:64,3,1,0.8187026381492615,charged_hadron,71.34386444091797,1.0,,hard_hadron,15,,20,0
20599,C_Tbl_correct,L2_ch32:64,1,3,6.1436543464660645,electron,62.5894660949707,1.0,,best_lepton,3,,12,0
20599,C_Tbl_correct,L2_ch32:64,2,2,2.2884063720703125,charged_hadron,65.392333984375,1.0,,hard_hadron,3,,12,0
20599,C_Tbl_correct,L2_ch32:64,3,4,1.1087846755981445,charged_hadron,48.20503234863281,-1.0,,hard_hadron,3,,12,0
20600,C_Tbl_correct,L2_ch32:64,1,0,4.712377071380615,electron,270.7068786621094,1.0,,particle0_best_lepton,0,,19,2
20600,C_Tbl_correct,L2_ch32:64,2,21,1.756453275680542,charged_hadron,4.4666008949279785,-1.0,,hadron_neighbor,0,,19,2
20600,C_Tbl_correct,L2_ch32:64,3,23,0.9513281583786011,charged_hadron,3.7168195247650146,-1.0,,hadron_neighbor,0,,19,2
20601,C_Tbl_correct,L2_ch32:64,1,0,3.0967183113098145,muon,177.98426818847656,-1.0,,particle0_best_lepton,0,1,6,3
20601,C_Tbl_correct,L2_ch32:64,2,1,1.7891360521316528,electron,175.6551513671875,1.0,,second_lepton,0,1,6,3
20601,C_Tbl_correct,L2_ch32:64,3,14,0.09070700407028198,charged_hadron,2.132441759109497,-1.0,,hadron_neighbor,0,1,6,3
20602,C_Tbl_correct,L2_ch32:64,1,0,3.202375888824463,electron,166.64041137695312,1.0,,particle0_best_lepton,0,,1,1
20602,C_Tbl_correct,L2_ch32:64,2,16,0.882145345211029,photon,3.518768310546875,0.0,,photon_neighbor,0,,1,1
20602,C_Tbl_correct,L2_ch32:64,3,3,0.70234215259552,charged_hadron,55.599937438964844,-1.0,,hard_hadron,0,,1,1
20603,C_Tbl_correct,L2_ch32:64,1,1,2.755242347717285,muon,128.0775909423828,1.0,,best_lepton,1,,14,0
20603,C_Tbl_correct,L2_ch32:64,2,4,0.6273136138916016,charged_hadron,38.454551696777344,-1.0,,hard_hadron,1,,14,0
20603,C_Tbl_correct,L2_ch32:64,3,2,0.4930693507194519,charged_hadron,56.29575729370117,1.0,,hard_hadron,1,,14,0
20604,C_Tbl_correct,L2_ch32:64,1,0,8.549408912658691,muon,253.394775390625,-1.0,,particle0_best_lepton,0,10,21,1
20604,C_Tbl_correct,L2_ch32:64,2,10,2.0135538578033447,muon,5.126900672912598,-1.0,,second_lepton,0,10,21,1
20604,C_Tbl_correct,L2_ch32:64,3,11,1.973746418952942,charged_hadron,5.042704105377197,-1.0,,hadron_neighbor,0,10,21,1
20605,C_Tbl_correct,L2_ch32:64,1,0,7.782627105712891,electron,284.4485778808594,1.0,,particle0_best_lepton,0,1,25,2
20605,C_Tbl_correct,L2_ch32:64,2,1,3.6594700813293457,electron,116.99774932861328,-1.0,,second_lepton,0,1,25,2
20605,C_Tbl_correct,L2_ch32:64,3,4,1.0653940439224243,charged_hadron,19.78461265563965,1.0,,hard_hadron,0,1,25,2
20606,C_Tbl_correct,L2_ch32:64,1,0,4.586353778839111,muon,313.43994140625,1.0,,particle0_best_lepton,0,,11,2
20606,C_Tbl_correct,L2_ch32:64,2,5,2.325835704803467,photon,22.06195068359375,0.0,,photon_neighbor,0,,11,2
20606,C_Tbl_correct,L2_ch32:64,3,2,0.4426576495170593,charged_hadron,31.77396583557129,-1.0,,hardest_hadron,0,,11,2
20607,C_Tbl_correct,L2_ch32:64,1,0,3.525073528289795,muon,162.9166717529297,-1.0,,particle0_best_lepton,0,,15,3
20607,C_Tbl_correct,L2_ch32:64,2,4,0.7248022556304932,charged_hadron,39.97215270996094,1.0,,hard_hadron,0,,15,3
20607,C_Tbl_correct,L2_ch32:64,3,6,0.5412991046905518,charged_hadron,27.24561882019043,-1.0,,hard_hadron,0,,15,3
20608,C_Tbl_correct,L2_ch32:64,1,0,4.219207763671875,muon,212.31520080566406,1.0,,particle0_best_lepton,0,,29,2
20608,C_Tbl_correct,L2_ch32:64,2,8,0.8114267587661743,charged_hadron,25.52908706665039,1.0,,hard_hadron,0,,29,2
20608,C_Tbl_correct,L2_ch32:64,3,2,0.7213071584701538,charged_hadron,67.4761962890625,1.0,,hardest_hadron,0,,29,2
20609,C_Tbl_correct,L2_ch32:64,1,0,3.976269483566284,electron,185.50094604492188,1.0,,particle0_best_lepton,0,,11,1
20609,C_Tbl_correct,L2_ch32:64,2,3,0.6760613322257996,charged_hadron,53.326236724853516,-1.0,,hard_hadron,0,,11,1
20609,C_Tbl_correct,L2_ch32:64,3,1,0.39258891344070435,charged_hadron,66.21255493164062,-1.0,,hardest_hadron,0,,11,1
20610,C_Tbl_correct,L2_ch32:64,1,0,9.474637985229492,electron,416.38470458984375,-1.0,,particle0_best_lepton,0,1,4,2
20610,C_Tbl_correct,L2_ch32:64,2,1,2.556177854537964,electron,27.251541137695312,-1.0,,second_lepton,0,1,4,2
20610,C_Tbl_correct,L2_ch32:64,3,10,0.7066519856452942,charged_hadron,5.69820499420166,1.0,,hadron_neighbor,0,1,4,2
