event_idx,group,particle_role,pid,particle_idx,head_id,layer,class_label,particle_to_head_weight,head_to_class_weight,flow_weight
12308,A_protected_highiso,particle0_best_lepton,electron,0,L2_ch128:160,L2,label_Hqql,6.165214538574219,0.9433895349502563,5.8161988764140915
12308,A_protected_highiso,particle0_best_lepton,electron,0,L2_ch128:160,L2,label_Tbl,6.165214538574219,1.4139752388000488,8.717460699434014
12308,A_protected_highiso,hard_hadron,charged_hadron,12,L2_ch128:160,L2,label_Hqql,1.3231433629989624,0.9433895349502563,1.2482396018921094
12308,A_protected_highiso,hard_hadron,charged_hadron,12,L2_ch128:160,L2,label_Tbl,1.3231433629989624,1.4139752388000488,1.8708919526631576
12308,A_protected_highiso,photon_neighbor,photon,16,L2_ch128:160,L2,label_Hqql,1.005852460861206,0.9433895349502563,0.9489106852804241
12308,A_protected_highiso,photon_neighbor,photon,16,L2_ch128:160,L2,label_Tbl,1.005852460861206,1.4139752388000488,1.4222504735438406
12358,A_protected_highiso,particle0_best_lepton,electron,0,L2_ch128:160,L2,label_Hqql,5.902093410491943,1.7847970724105835,10.534039040139817
12358,A_protected_highiso,particle0_best_lepton,electron,0,L2_ch128:160,L2,label_Tbl,5.902093410491943,1.390334129333496,8.20588190312128
12358,A_protected_highiso,hard_hadron,charged_hadron,4,L2_ch128:160,L2,label_Hqql,1.5181145668029785,1.7847970724105835,2.7095264344138172
12358,A_protected_highiso,hard_hadron,charged_hadron,4,L2_ch128:160,L2,label_Tbl,1.5181145668029785,1.390334129333496,2.1106864944645167
12358,A_protected_highiso,photon_neighbor,photon,1,L2_ch128:160,L2,label_Hqql,1.0337620973587036,1.7847970724105835,1.8450555649348388
12358,A_protected_highiso,photon_neighbor,photon,1,L2_ch128:160,L2,label_Tbl,1.0337620973587036,1.390334129333496,1.437274725569182
12438,A_protected_highiso,particle0_best_lepton,muon,0,L2_ch128:160,L2,label_Hqql,6.163497447967529,1.9136123657226562,11.794544932530698
12438,A_protected_highiso,particle0_best_lepton,muon,0,L2_ch128:160,L2,label_Tbl,6.163497447967529,1.9107961654663086,11.777187289437734
12438,A_protected_highiso,hardest_hadron,neutral_hadron,1,L2_ch128:160,L2,label_Hqql,3.607360363006592,1.9136123657226562,6.903089398267184
12438,A_protected_highiso,hardest_hadron,neutral_hadron,1,L2_ch128:160,L2,label_Tbl,3.607360363006592,1.9107961654663086,6.892930349088147
12438,A_protected_highiso,hard_hadron,charged_hadron,6,L2_ch128:160,L2,label_Hqql,1.440585732460022,1.9136123657226562,2.756722671519128
12438,A_protected_highiso,hard_hadron,charged_hadron,6,L2_ch128:160,L2,label_Tbl,1.440585732460022,1.9107961654663086,2.7526656936100835
12442,A_protected_highiso,particle0_best_lepton,muon,0,L2_ch128:160,L2,label_Hqql,5.3995795249938965,0.2637462019920349,1.4241185920710961
12442,A_protected_highiso,particle0_best_lepton,muon,0,L2_ch128:160,L2,label_Tbl,5.3995795249938965,0.5652749538421631,3.0522470667580137
12442,A_protected_highiso,hardest_hadron,charged_hadron,1,L2_ch128:160,L2,label_Hqql,1.1232554912567139,0.2637462019920349,0.29625436968565566
12442,A_protected_highiso,hardest_hadron,charged_hadron,1,L2_ch128:160,L2,label_Tbl,1.1232554912567139,0.5652749538421631,0.6349481959730952
12442,A_protected_highiso,hadron_neighbor,charged_hadron,15,L2_ch128:160,L2,label_Hqql,1.0685657262802124,0.2637462019920349,0.2818301518852664
12442,A_protected_highiso,hadron_neighbor,charged_hadron,15,L2_ch128:160,L2,label_Tbl,1.0685657262802124,0.5652749538421631,0.6040334416003645
12509,A_protected_highiso,particle0_best_lepton,electron,0,L2_ch128:160,L2,label_Hqql,5.242000102996826,2.861419677734375,14.999562245400739
12509,A_protected_highiso,particle0_best_lepton,electron,0,L2_ch128:160,L2,label_Tbl,5.242000102996826,2.249859571456909,11.793764105305513
12509,A_protected_highiso,hardest_hadron,charged_hadron,2,L2_ch128:160,L2,label_Hqql,1.28311288356781,2.861419677734375,3.6715244537954277
12509,A_protected_highiso,hardest_hadron,charged_hadron,2,L2_ch128:160,L2,label_Tbl,1.28311288356781,2.249859571456909,2.886823802354712
12509,A_protected_highiso,hadron_neighbor,charged_hadron,14,L2_ch128:160,L2,label_Hqql,0.6667892336845398,2.861419677734375,1.9079638341663667
12509,A_protected_highiso,hadron_neighbor,charged_hadron,14,L2_ch128:160,L2,label_Tbl,0.6667892336845398,2.249859571456909,1.5001821395495796
12592,A_protected_highiso,particle0_best_lepton,electron,0,L2_ch128:160,L2,label_Hqql,6.431893348693848,2.3916869163513184,15.383075169438143
12592,A_protected_highiso,particle0_best_lepton,electron,0,L2_ch128:160,L2,label_Tbl,6.431893348693848,2.1900293827056885,14.08603542006881
12592,A_protected_highiso,hardest_hadron,charged_hadron,2,L2_ch128:160,L2,label_Hqql,0.9370681643486023,2.3916869163513184,2.241173668401899
12592,A_protected_highiso,hardest_hadron,charged_hadron,2,L2_ch128:160,L2,label_Tbl,0.9370681643486023,2.1900293827056885,2.052206813521522
12592,A_protected_highiso,hard_hadron,charged_hadron,3,L2_ch128:160,L2,label_Hqql,0.8361434936523438,2.3916869163513184,1.9997934539605922
12592,A_protected_highiso,hard_hadron,charged_hadron,3,L2_ch128:160,L2,label_Tbl,0.8361434936523438,2.1900293827056885,1.8311788192568201
12784,A_protected_highiso,particle0_best_lepton,muon,0,L2_ch128:160,L2,label_Hqql,5.990438461303711,1.4001909494400024,8.38775771669475
12784,A_protected_highiso,particle0_best_lepton,muon,0,L2_ch128:160,L2,label_Tbl,5.990438461303711,1.4609394073486328,8.7516676154155
12784,A_protected_highiso,hard_hadron,charged_hadron,2,L2_ch128:160,L2,label_Hqql,1.6654984951019287,1.4001909494400024,2.332015919147665
12784,A_protected_highiso,hard_hadron,charged_hadron,2,L2_ch128:160,L2,label_Tbl,1.6654984951019287,1.4609394073486328,2.4331923843742516
12784,A_protected_highiso,hadron_neighbor,charged_hadron,14,L2_ch128:160,L2,label_Hqql,1.0970453023910522,1.4001909494400024,1.536072903533622
12784,A_protected_highiso,hadron_neighbor,charged_hadron,14,L2_ch128:160,L2,label_Tbl,1.0970453023910522,1.4609394073486328,1.6027167139097855
13089,A_protected_highiso,best_lepton,muon,1,L2_ch128:160,L2,label_Hqql,6.060782432556152,1.932742953300476,11.713934538010221
13089,A_protected_highiso,best_lepton,muon,1,L2_ch128:160,L2,label_Tbl,6.060782432556152,1.440887451171875,8.73290535135311
13089,A_protected_highiso,particle0,charged_hadron,0,L2_ch128:160,L2,label_Hqql,3.382632255554199,1.932742953300476,6.537758655529274
13089,A_protected_highiso,particle0,charged_hadron,0,L2_ch128:160,L2,label_Tbl,3.382632255554199,1.440887451171875,4.873992368957261
13089,A_protected_highiso,hard_hadron,charged_hadron,5,L2_ch128:160,L2,label_Hqql,1.359729528427124,1.932742953300476,2.6280076644621033
13089,A_protected_highiso,hard_hadron,charged_hadron,5,L2_ch128:160,L2,label_Tbl,1.359729528427124,1.440887451171875,1.9592172144984943
13279,A_protected_highiso,particle0_best_lepton,muon,0,L2_ch128:160,L2,label_Hqql,7.19550895690918,1.3934950828552246,10.026906350093668
13279,A_protected_highiso,particle0_best_lepton,muon,0,L2_ch128:160,L2,label_Tbl,7.19550895690918,2.093468189239502,15.063569106677278
13279,A_protected_highiso,hard_hadron,charged_hadron,2,L2_ch128:160,L2,label_Hqql,0.5781092643737793,1.3934950828552246,0.8055924172579125
13279,A_protected_highiso,hard_hadron,charged_hadron,2,L2_ch128:160,L2,label_Tbl,0.5781092643737793,2.093468189239502,1.2102533548711563
13279,A_protected_highiso,hard_hadron,charged_hadron,4,L2_ch128:160,L2,label_Hqql,0.3247716426849365,1.3934950828552246,0.452567687132273
13279,A_protected_highiso,hard_hadron,charged_hadron,4,L2_ch128:160,L2,label_Tbl,0.3247716426849365,2.093468189239502,0.6798991027279726
13374,A_protected_highiso,particle0_best_lepton,electron,0,L2_ch128:160,L2,label_Hqql,6.308888912200928,1.5373499393463135,9.698969986514726
13374,A_protected_highiso,particle0_best_lepton,electron,0,L2_ch128:160,L2,label_Tbl,6.308888912200928,2.3474302291870117,14.80967654508322
13374,A_protected_highiso,photon_neighbor,photon,22,L2_ch128:160,L2,label_Hqql,0.9157067537307739,1.5373499393463135,1.407761722307015
13374,A_protected_highiso,photon_neighbor,photon,22,L2_ch128:160,L2,label_Tbl,0.9157067537307739,2.3474302291870117,2.149557714778325
13374,A_protected_highiso,hard_hadron,charged_hadron,14,L2_ch128:160,L2,label_Hqql,0.676179826259613,1.5373499393463135,1.0395250148874169
13374,A_protected_highiso,hard_hadron,charged_hadron,14,L2_ch128:160,L2,label_Tbl,0.676179826259613,2.3474302291870117,1.5872849645282372
13400,A_protected_highiso,particle0_best_lepton,electron,0,L2_ch128:160,L2,label_Hqql,4.443805694580078,1.8662214279174805,8.293125408727064
13400,A_protected_highiso,particle0_best_lepton,electron,0,L2_ch128:160,L2,label_Tbl,4.443805694580078,1.605107307434082,7.13278499318767
13400,A_protected_highiso,hardest_hadron,charged_hadron,1,L2_ch128:160,L2,label_Hqql,1.7756516933441162,1.8662214279174805,3.3137592386367487
13400,A_protected_highiso,hardest_hadron,charged_hadron,1,L2_ch128:160,L2,label_Tbl,1.7756516933441162,1.605107307434082,2.8501115084443427
13400,A_protected_highiso,hard_hadron,charged_hadron,4,L2_ch128:160,L2,label_Hqql,0.8855971097946167,1.8662214279174805,1.6527203028005033
13400,A_protected_highiso,hard_hadron,charged_hadron,4,L2_ch128:160,L2,label_Tbl,0.8855971097946167,1.605107307434082,1.4214783923738423
13529,A_protected_highiso,particle0_best_lepton,muon,0,L2_ch128:160,L2,label_Hqql,5.505063056945801,1.724019169807434,9.490834241173275
13529,A_protected_highiso,particle0_best_lepton,muon,0,L2_ch128:160,L2,label_Tbl,5.505063056945801,1.8023542165756226,9.92207361320095
13529,A_protected_highiso,photon_neighbor,photon,1,L2_ch128:160,L2,label_Hqql,1.9892113208770752,1.724019169807434,3.4294384499900445
13529,A_protected_highiso,photon_neighbor,photon,1,L2_ch128:160,L2,label_Tbl,1.9892113208770752,1.8023542165756226,3.58526341184276
13529,A_protected_highiso,hard_hadron,charged_hadron,5,L2_ch128:160,L2,label_Hqql,0.7234997153282166,1.724019169807434,1.2473273785760668
13529,A_protected_highiso,hard_hadron,charged_hadron,5,L2_ch128:160,L2,label_Tbl,0.7234997153282166,1.8023542165756226,1.3040027626130737
13897,A_protected_highiso,particle0_best_lepton,muon,0,L2_ch128:160,L2,label_Hqql,6.191395282745361,1.9203373193740845,11.889567420452579
13897,A_protected_highiso,particle0_best_lepton,muon,0,L2_ch128:160,L2,label_Tbl,6.191395282745361,3.19071626663208,19.75498564180475
13897,A_protected_highiso,hadron_neighbor,charged_hadron,32,L2_ch128:160,L2,label_Hqql,1.5359081029891968,1.9203373193740845,2.9494616492992094
13897,A_protected_highiso,hadron_neighbor,charged_hadron,32,L2_ch128:160,L2,label_Tbl,1.5359081029891968,3.19071626663208,4.90064696825965
13897,A_protected_highiso,hardest_hadron,charged_hadron,2,L2_ch128:160,L2,label_Hqql,1.3395763635635376,1.9203373193740845,2.572438483102488
13897,A_protected_highiso,hardest_hadron,charged_hadron,2,L2_ch128:160,L2,label_Tbl,1.3395763635635376,3.19071626663208,4.274208093618029
14139,A_protected_highiso,particle0_best_lepton,muon,0,L2_ch128:160,L2,label_Hqql,6.424062252044678,2.340695858001709,15.036775904906108
14139,A_protected_highiso,particle0_best_lepton,muon,0,L2_ch128:160,L2,label_Tbl,6.424062252044678,2.5384035110473633,16.30686217577704
14139,A_protected_highiso,hadron_neighbor,charged_hadron,31,L2_ch128:160,L2,label_Hqql,1.501526951789856,2.340695858001709,3.5146179167324476
14139,A_protected_highiso,hadron_neighbor,charged_hadron,31,L2_ch128:160,L2,label_Tbl,1.501526951789856,2.5384035110473633,3.8114812863556153
14139,A_protected_highiso,hadron_neighbor,charged_hadron,28,L2_ch128:160,L2,label_Hqql,0.8127826452255249,2.340695858001709,1.9024769711350586
14139,A_protected_highiso,hadron_neighbor,charged_hadron,28,L2_ch128:160,L2,label_Tbl,0.8127826452255249,2.5384035110473633,2.063170320358836
14355,A_protected_highiso,particle0_best_lepton,electron,0,L2_ch128:160,L2,label_Hqql,5.169510364532471,2.093003273010254,10.819802112826892
14355,A_protected_highiso,particle0_best_lepton,electron,0,L2_ch128:160,L2,label_Tbl,5.169510364532471,2.2492380142211914,11.627459226816882
14355,A_protected_highiso,hardest_hadron,charged_hadron,1,L2_ch128:160,L2,label_Hqql,1.3719033002853394,2.093003273010254,2.8713980977507845
14355,A_protected_highiso,hardest_hadron,charged_hadron,1,L2_ch128:160,L2,label_Tbl,1.3719033002853394,2.2492380142211914,3.0857370548372955
14355,A_protected_highiso,hard_hadron,charged_hadron,7,L2_ch128:160,L2,label_Hqql,1.2635184526443481,2.093003273010254,2.644548256893472
14355,A_protected_highiso,hard_hadron,charged_hadron,7,L2_ch128:160,L2,label_Tbl,1.2635184526443481,2.2492380142211914,2.841953735357606
14381,A_protected_highiso,particle0_best_lepton,muon,0,L2_ch128:160,L2,label_Hqql,5.435881614685059,1.735836148262024,9.435799804443263
14381,A_protected_highiso,particle0_best_lepton,muon,0,L2_ch128:160,L2,label_Tbl,5.435881614685059,1.838810920715332,9.995558476798578
14381,A_protected_highiso,hardest_hadron,charged_hadron,1,L2_ch128:160,L2,label_Hqql,1.2317172288894653,1.735836148262024,2.138059290343463
14381,A_protected_highiso,hardest_hadron,charged_hadron,1,L2_ch128:160,L2,label_Tbl,1.2317172288894653,1.838810920715332,2.264895091715175
14381,A_protected_highiso,hard_hadron,charged_hadron,3,L2_ch128:160,L2,label_Hqql,0.7911215424537659,1.735836148262024,1.3732573710600562
14381,A_protected_highiso,hard_hadron,charged_hadron,3,L2_ch128:160,L2,label_Tbl,0.7911215424537659,1.838810920715332,1.4547229318771429
14596,A_protected_highiso,particle0_best_lepton,electron,0,L2_ch128:160,L2,label_Hqql,6.556382179260254,2.1263322830200195,13.941047087578227
14596,A_protected_highiso,particle0_best_lepton,electron,0,L2_ch128:160,L2,label_Tbl,6.556382179260254,1.6691508293151855,10.943590751819556
14596,A_protected_highiso,hard_hadron,charged_hadron,2,L2_ch128:160,L2,label_Hqql,1.334873080253601,2.1263322830200195,2.8383837242776053
14596,A_protected_highiso,hard_hadron,charged_hadron,2,L2_ch128:160,L2,label_Tbl,1.334873080253601,1.6691508293151855,2.2281045089358145
14596,A_protected_highiso,hadron_neighbor,neutral_hadron,18,L2_ch128:160,L2,label_Hqql,0.9073106646537781,2.1263322830200195,1.9292439569816793
14596,A_protected_highiso,hadron_neighbor,neutral_hadron,18,L2_ch128:160,L2,label_Tbl,0.9073106646537781,1.6691508293151855,1.5144383483533659
14600,A_protected_highiso,particle0_best_lepton,muon,0,L2_ch128:160,L2,label_Hqql,7.02056360244751,2.293606758117676,16.102412124368584
14600,A_protected_highiso,particle0_best_lepton,muon,0,L2_ch128:160,L2,label_Tbl,7.02056360244751,2.0303244590759277,14.254021998547387
14600,A_protected_highiso,hard_hadron,charged_hadron,4,L2_ch128:160,L2,label_Hqql,1.7374300956726074,2.293606758117676,3.9849814091917324
14600,A_protected_highiso,hard_hadron,charged_hadron,4,L2_ch128:160,L2,label_Tbl,1.7374300956726074,2.0303244590759277,3.527546819178724
14600,A_protected_highiso,photon_neighbor,photon,1,L2_ch128:160,L2,label_Hqql,1.6623685359954834,2.293606758117676,3.8128197086414275
14600,A_protected_highiso,photon_neighbor,photon,1,L2_ch128:160,L2,label_Tbl,1.6623685359954834,2.0303244590759277,3.3751474986298717
14625,A_protected_highiso,particle0_best_lepton,electron,0,L2_ch128:160,L2,label_Hqql,5.67154598236084,1.2305220365524292,6.978962312615408
14625,A_protected_highiso,particle0_best_lepton,electron,0,L2_ch128:160,L2,label_Tbl,5.67154598236084,0.592431366443634,3.360001736177935
14625,A_protected_highiso,second_lepton,electron,10,L2_ch128:160,L2,label_Hqql,2.3976097106933594,1.2305220365524292,2.950311584060273
14625,A_protected_highiso,second_lepton,electron,10,L2_ch128:160,L2,label_Tbl,2.3976097106933594,0.592431366443634,1.420419197104593
14625,A_protected_highiso,hardest_hadron,charged_hadron,1,L2_ch128:160,L2,label_Hqql,1.5967862606048584,1.2305220365524292,1.9648806813384283
14625,A_protected_highiso,hardest_hadron,charged_hadron,1,L2_ch128:160,L2,label_Tbl,1.5967862606048584,0.592431366443634,0.945986266288557
14742,A_protected_highiso,particle0_best_lepton,electron,0,L2_ch128:160,L2,label_Hqql,6.579472064971924,2.0184473991394043,13.280318277252945
14742,A_protected_highiso,particle0_best_lepton,electron,0,L2_ch128:160,L2,label_Tbl,6.579472064971924,1.9418760538101196,12.776519249681598
14742,A_protected_highiso,hard_hadron,charged_hadron,3,L2_ch128:160,L2,label_Hqql,1.618729591369629,2.0184473991394043,3.267320533610018
14742,A_protected_highiso,hard_hadron,charged_hadron,3,L2_ch128:160,L2,label_Tbl,1.618729591369629,1.9418760538101196,3.1433722310745225
14742,A_protected_highiso,hardest_hadron,charged_hadron,1,L2_ch128:160,L2,label_Hqql,1.1531075239181519,2.0184473991394043,2.327486882580672
14742,A_protected_highiso,hardest_hadron,charged_hadron,1,L2_ch128:160,L2,label_Tbl,1.1531075239181519,1.9418760538101196,2.239191888164939
14991,A_protected_highiso,particle0_best_lepton,muon,0,L2_ch128:160,L2,label_Hqql,5.859454154968262,2.2832703590393066,13.37871799218874
14991,A_protected_highiso,particle0_best_lepton,muon,0,L2_ch128:160,L2,label_Tbl,5.859454154968262,1.6893680095672607,9.898774402929348
14991,A_protected_highiso,hard_hadron,charged_hadron,5,L2_ch128:160,L2,label_Hqql,1.241220235824585,2.2832703590393066,2.834041373498053
14991,A_protected_highiso,hard_hadron,charged_hadron,5,L2_ch128:160,L2,label_Tbl,1.241220235824585,1.6893680095672607,2.096877759229585
14991,A_protected_highiso,hard_hadron,charged_hadron,6,L2_ch128:160,L2,label_Hqql,1.0538077354431152,2.2832703590393066,2.4061279664636004
14991,A_protected_highiso,hard_hadron,charged_hadron,6,L2_ch128:160,L2,label_Tbl,1.0538077354431152,1.6893680095672607,1.780269076492118
14999,A_protected_highiso,particle0_best_lepton,muon,0,L2_ch128:160,L2,label_Hqql,5.48592472076416,2.550658941268921,13.992722940145313
14999,A_protected_highiso,particle0_best_lepton,muon,0,L2_ch128:160,L2,label_Tbl,5.48592472076416,2.2843923568725586,12.532004502491873
14999,A_protected_highiso,hard_hadron,charged_hadron,8,L2_ch128:160,L2,label_Hqql,1.0245271921157837,2.550658941268921,2.613219443143265
14999,A_protected_highiso,hard_hadron,charged_hadron,8,L2_ch128:160,L2,label_Tbl,1.0245271921157837,2.2843923568725586,2.3404220870773997
14999,A_protected_highiso,hadron_neighbor,charged_hadron,32,L2_ch128:160,L2,label_Hqql,0.8620051145553589,2.550658941268921,2.1986810528601666
14999,A_protected_highiso,hadron_neighbor,charged_hadron,32,L2_ch128:160,L2,label_Tbl,0.8620051145553589,2.2843923568725586,1.9691578952753162
15006,A_protected_highiso,particle0_best_lepton,electron,0,L2_ch128:160,L2,label_Hqql,7.227902889251709,1.3554545640945435,9.797093960068366
15006,A_protected_highiso,particle0_best_lepton,electron,0,L2_ch128:160,L2,label_Tbl,7.227902889251709,1.7765833139419556,12.840971667837437
15006,A_protected_highiso,hard_hadron,charged_hadron,4,L2_ch128:160,L2,label_Hqql,2.162783622741699,1.3554545640945435,2.9315549325941674
15006,A_protected_highiso,hard_hadron,charged_hadron,4,L2_ch128:160,L2,label_Tbl,2.162783622741699,1.7765833139419556,3.842365295829836
15006,A_protected_highiso,hardest_hadron,charged_hadron,1,L2_ch128:160,L2,label_Hqql,1.6770578622817993,1.3554545640945435,2.273175733680503
15006,A_protected_highiso,hardest_hadron,charged_hadron,1,L2_ch128:160,L2,label_Tbl,1.6770578622817993,1.7765833139419556,2.9794330146450108
15112,A_protected_highiso,particle0_best_lepton,electron,0,L2_ch128:160,L2,label_Hqql,6.6415886878967285,2.2114272117614746,14.687389953742013
15112,A_protected_highiso,particle0_best_lepton,electron,0,L2_ch128:160,L2,label_Tbl,6.6415886878967285,1.742824673652649,11.57512463751874
15112,A_protected_highiso,hard_hadron,neutral_hadron,2,L2_ch128:160,L2,label_Hqql,1.4669688940048218,2.2114272117614746,3.244094931009897
15112,A_protected_highiso,hard_hadron,neutral_hadron,2,L2_ch128:160,L2,label_Tbl,1.4669688940048218,1.742824673652649,2.556669583952541
15112,A_protected_highiso,hardest_hadron,charged_hadron,1,L2_ch128:160,L2,label_Hqql,0.8501327633857727,2.2114272117614746,1.8800067265612768
15112,A_protected_highiso,hardest_hadron,charged_hadron,1,L2_ch128:160,L2,label_Tbl,0.8501327633857727,1.742824673652649,1.481632355909234
15233,A_protected_highiso,particle0_best_lepton,electron,0,L2_ch128:160,L2,label_Hqql,5.428107738494873,1.4544486999511719,7.894904243448764
15233,A_protected_highiso,particle0_best_lepton,electron,0,L2_ch128:160,L2,label_Tbl,5.428107738494873,1.2867474555969238,6.98460382121425
15233,A_protected_highiso,hadron_neighbor,charged_hadron,18,L2_ch128:160,L2,label_Hqql,1.3911948204040527,1.4544486999511719,2.0234214979154785
15233,A_protected_highiso,hadron_neighbor,charged_hadron,18,L2_ch128:160,L2,label_Tbl,1.3911948204040527,1.2867474555969238,1.7901163953945343
15233,A_protected_highiso,photon_neighbor,photon,15,L2_ch128:160,L2,label_Hqql,1.1428712606430054,1.4544486999511719,1.662247619253776
15233,A_protected_highiso,photon_neighbor,photon,15,L2_ch128:160,L2,label_Tbl,1.1428712606430054,1.2867474555969238,1.470586686707236
15292,A_protected_highiso,particle0_best_lepton,muon,0,L2_ch128:160,L2,label_Hqql,5.3570942878723145,0.6102122068405151,3.268964327655283
15292,A_protected_highiso,particle0_best_lepton,muon,0,L2_ch128:160,L2,label_Tbl,5.3570942878723145,0.48154258728027344,2.5796690436864083
15292,A_protected_highiso,hard_hadron,charged_hadron,8,L2_ch128:160,L2,label_Hqql,1.497413992881775,0.6102122068405151,0.9137402971502553
15292,A_protected_highiso,hard_hadron,charged_hadron,8,L2_ch128:160,L2,label_Tbl,1.497413992881775,0.48154258728027344,0.7210686083619748
15292,A_protected_highiso,hard_hadron,charged_hadron,6,L2_ch128:160,L2,label_Hqql,1.2789782285690308,0.6102122068405151,0.780448127356081
15292,A_protected_highiso,hard_hadron,charged_hadron,6,L2_ch128:160,L2,label_Tbl,1.2789782285690308,0.48154258728027344,0.615882485260272
15512,A_protected_highiso,particle0_best_lepton,muon,0,L2_ch128:160,L2,label_Hqql,5.350985527038574,0.27504962682724,1.471786572369922
15512,A_protected_highiso,particle0_best_lepton,muon,0,L2_ch128:160,L2,label_Tbl,5.350985527038574,0.739429235458374,3.9566751372069575
15512,A_protected_highiso,photon_neighbor,photon,1,L2_ch128:160,L2,label_Hqql,2.5568089485168457,0.27504962682724,0.7032493471581063
15512,A_protected_highiso,photon_neighbor,photon,1,L2_ch128:160,L2,label_Tbl,2.5568089485168457,0.739429235458374,1.8905792860149404
15512,A_protected_highiso,photon_neighbor,photon,42,L2_ch128:160,L2,label_Hqql,1.2304654121398926,0.27504962682724,0.3384390524329035
15512,A_protected_highiso,photon_neighbor,photon,42,L2_ch128:160,L2,label_Tbl,1.2304654121398926,0.739429235458374,0.9098420989565739
15540,A_protected_highiso,particle0_best_lepton,muon,0,L2_ch128:160,L2,label_Hqql,5.608467102050781,1.6929689645767212,9.494960742621515
15540,A_protected_highiso,particle0_best_lepton,muon,0,L2_ch128:160,L2,label_Tbl,5.608467102050781,2.484003782272339,13.931453494244124
15540,A_protected_highiso,photon_neighbor,photon,1,L2_ch128:160,L2,label_Hqql,0.8225392699241638,1.6929689645767212,1.3925334561272038
15540,A_protected_highiso,photon_neighbor,photon,1,L2_ch128:160,L2,label_Tbl,0.8225392699241638,2.484003782272339,2.043190657559151
15540,A_protected_highiso,hadron_neighbor,neutral_hadron,25,L2_ch128:160,L2,label_Hqql,0.7937158346176147,1.6929689645767212,1.3437362747007313
15540,A_protected_highiso,hadron_neighbor,neutral_hadron,25,L2_ch128:160,L2,label_Tbl,0.7937158346176147,2.484003782272339,1.9715931352396012
15590,A_protected_highiso,particle0_best_lepton,muon,0,L2_ch128:160,L2,label_Hqql,6.546489715576172,2.370844602584839,15.520709808050924
15590,A_protected_highiso,particle0_best_lepton,muon,0,L2_ch128:160,L2,label_Tbl,6.546489715576172,1.8036413192749023,11.807519347221387
15590,A_protected_highiso,second_lepton,muon,2,L2_ch128:160,L2,label_Hqql,2.5485856533050537,2.370844602584839,6.042300540363442
15590,A_protected_highiso,second_lepton,muon,2,L2_ch128:160,L2,label_Tbl,2.5485856533050537,1.8036413192749023,4.596734390012216
15590,A_protected_highiso,hardest_hadron,charged_hadron,1,L2_ch128:160,L2,label_Hqql,1.862544059753418,2.370844602584839,4.415802531142845
15590,A_protected_highiso,hardest_hadron,charged_hadron,1,L2_ch128:160,L2,label_Tbl,1.862544059753418,1.8036413192749023,3.3593614251412873
15684,A_protected_highiso,particle0_best_lepton,electron,0,L2_ch128:160,L2,label_Hqql,6.563263416290283,1.232129454612732,8.086790173593442
15684,A_protected_highiso,particle0_best_lepton,electron,0,L2_ch128:160,L2,label_Tbl,6.563263416290283,2.186858654022217,14.352929400541825
15684,A_protected_highiso,hard_hadron,charged_hadron,2,L2_ch128:160,L2,label_Hqql,1.0217729806900024,1.232129454612732,1.2589565854355982
15684,A_protected_highiso,hard_hadron,charged_hadron,2,L2_ch128:160,L2,label_Tbl,1.0217729806900024,2.186858654022217,2.2344730852680073
15684,A_protected_highiso,hard_hadron,charged_hadron,6,L2_ch128:160,L2,label_Hqql,0.6489921808242798,1.232129454612732,0.7996423818069474
15684,A_protected_highiso,hard_hadron,charged_hadron,6,L2_ch128:160,L2,label_Tbl,0.6489921808242798,2.186858654022217,1.4192541670283276
15800,A_protected_highiso,particle0_best_lepton,electron,0,L2_ch128:160,L2,label_Hqql,5.298868179321289,1.259818434715271,6.675611815435104
15800,A_protected_highiso,particle0_best_lepton,electron,0,L2_ch128:160,L2,label_Tbl,5.298868179321289,1.6542446613311768,8.765624396739895
15800,A_protected_highiso,hardest_hadron,charged_hadron,1,L2_ch128:160,L2,label_Hqql,0.9139288663864136,1.259818434715271,1.1513844338920336
15800,A_protected_highiso,hardest_hadron,charged_hadron,1,L2_ch128:160,L2,label_Tbl,0.9139288663864136,1.6542446613311768,1.511861948056179
15800,A_protected_highiso,hadron_neighbor,charged_hadron,47,L2_ch128:160,L2,label_Hqql,0.8843855261802673,1.259818434715271,1.1141651892772657
15800,A_protected_highiso,hadron_neighbor,charged_hadron,47,L2_ch128:160,L2,label_Tbl,0.8843855261802673,1.6542446613311768,1.462990035242271
16360,A_protected_highiso,particle0_best_lepton,muon,0,L2_ch128:160,L2,label_Hqql,6.380829334259033,1.6179455518722534,10.323834438620395
16360,A_protected_highiso,particle0_best_lepton,muon,0,L2_ch128:160,L2,label_Tbl,6.380829334259033,2.0806798934936523,13.276463299607258
16360,A_protected_highiso,photon_neighbor,photon,1,L2_ch128:160,L2,label_Hqql,1.0743416547775269,1.6179455518722534,1.7382263015383757
16360,A_protected_highiso,photon_neighbor,photon,1,L2_ch128:160,L2,label_Tbl,1.0743416547775269,2.0806798934936523,2.235361079838299
16360,A_protected_highiso,hardest_hadron,charged_hadron,4,L2_ch128:160,L2,label_Hqql,0.872967541217804,1.6179455518722534,1.412413950242204
16360,A_protected_highiso,hardest_hadron,charged_hadron,4,L2_ch128:160,L2,label_Tbl,0.872967541217804,2.0806798934936523,1.816366010684476
12649,B_confused_highiso,particle0_best_lepton,muon,0,L2_ch128:160,L2,label_Hqql,9.012598991394043,1.711392879486084,15.424097739535227
12649,B_confused_highiso,particle0_best_lepton,muon,0,L2_ch128:160,L2,label_Tbl,9.012598991394043,1.7309445142745972,15.600308783510286
12649,B_confused_highiso,second_lepton,muon,47,L2_ch128:160,L2,label_Hqql,1.404707908630371,1.711392879486084,2.4040071125878058
12649,B_confused_highiso,second_lepton,muon,47,L2_ch128:160,L2,label_Tbl,1.404707908630371,1.7309445142745972,2.431471448601883
12649,B_confused_highiso,hardest_hadron,charged_hadron,1,L2_ch128:160,L2,label_Hqql,0.9154289364814758,1.711392879486084,1.5666585635699164
12649,B_confused_highiso,hardest_hadron,charged_hadron,1,L2_ch128:160,L2,label_Tbl,0.9154289364814758,1.7309445142745972,1.5845566958108392
12982,B_confused_highiso,particle0_best_lepton,electron,0,L2_ch128:160,L2,label_Hqql,6.0844268798828125,1.4390090703964233,8.755545468315177
12982,B_confused_highiso,particle0_best_lepton,electron,0,L2_ch128:160,L2,label_Tbl,6.0844268798828125,1.6384201049804688,9.968847327283584
12982,B_confused_highiso,nearest_hadron_to_best_lepton,neutral_hadron,15,L2_ch128:160,L2,label_Hqql,0.8020182847976685,1.4390090703964233,1.1541115864476268
12982,B_confused_highiso,nearest_hadron_to_best_lepton,neutral_hadron,15,L2_ch128:160,L2,label_Tbl,0.8020182847976685,1.6384201049804688,1.3140428823744514
12982,B_confused_highiso,hadron_neighbor,charged_hadron,14,L2_ch128:160,L2,label_Hqql,0.6748086214065552,1.4390090703964233,0.9710557269857389
12982,B_confused_highiso,hadron_neighbor,charged_hadron,14,L2_ch128:160,L2,label_Tbl,0.6748086214065552,1.6384201049804688,1.1056200123266535
13045,B_confused_highiso,particle0_best_lepton,electron,0,L2_ch128:160,L2,label_Hqql,6.564153671264648,3.0113086700439453,19.76669286178003
13045,B_confused_highiso,particle0_best_lepton,electron,0,L2_ch128:160,L2,label_Tbl,6.564153671264648,2.107372522354126,13.833117079333078
13045,B_confused_highiso,second_lepton,muon,2,L2_ch128:160,L2,label_Hqql,1.4655804634094238,3.0113086700439453,4.413315156111821
13045,B_confused_highiso,second_lepton,muon,2,L2_ch128:160,L2,label_Tbl,1.4655804634094238,2.107372522354126,3.0885239978880463
13045,B_confused_highiso,hardest_hadron,charged_hadron,1,L2_ch128:160,L2,label_Hqql,1.2876967191696167,3.0113086700439453,3.87765229482261
13045,B_confused_highiso,hardest_hadron,charged_hadron,1,L2_ch128:160,L2,label_Tbl,1.2876967191696167,2.107372522354126,2.7136566831036077
13583,B_confused_highiso,particle0_best_lepton,electron,0,L2_ch128:160,L2,label_Hqql,7.546173095703125,1.7322275638580322,13.07168903802085
13583,B_confused_highiso,particle0_best_lepton,electron,0,L2_ch128:160,L2,label_Tbl,7.546173095703125,0.9504857063293457,7.17252966495289
13583,B_confused_highiso,other_lepton,electron,30,L2_ch128:160,L2,label_Hqql,2.113520860671997,1.7322275638580322,3.661099091644985
13583,B_confused_highiso,other_lepton,electron,30,L2_ch128:160,L2,label_Tbl,2.113520860671997,0.9504857063293457,2.00887136809763
13583,B_confused_highiso,hard_hadron,charged_hadron,3,L2_ch128:160,L2,label_Hqql,1.8039093017578125,1.7322275638580322,3.1247814152047795
13583,B_confused_highiso,hard_hadron,charged_hadron,3,L2_ch128:160,L2,label_Tbl,1.8039093017578125,0.9504857063293457,1.7145900068353512
13787,B_confused_highiso,particle0_best_lepton,electron,0,L2_ch128:160,L2,label_Hqql,6.344688415527344,1.4831719398498535,9.410263825000584
13787,B_confused_highiso,particle0_best_lepton,electron,0,L2_ch128:160,L2,label_Tbl,6.344688415527344,1.6644718647003174,10.5605553579353
13787,B_confused_highiso,photon_neighbor,photon,35,L2_ch128:160,L2,label_Hqql,1.8076846599578857,1.4831719398498535,2.68110716374656
13787,B_confused_highiso,photon_neighbor,photon,35,L2_ch128:160,L2,label_Tbl,1.8076846599578857,1.6644718647003174,3.0088402567502612
13787,B_confused_highiso,hadron_neighbor,charged_hadron,24,L2_ch128:160,L2,label_Hqql,1.438409447669983,1.4831719398498535,2.133408530799045
13787,B_confused_highiso,hadron_neighbor,charged_hadron,24,L2_ch128:160,L2,label_Tbl,1.438409447669983,1.6644718647003174,2.39419205556581
13997,B_confused_highiso,particle0_best_lepton,muon,0,L2_ch128:160,L2,label_Hqql,8.289461135864258,1.0080649852752686,8.356315517864914
13997,B_confused_highiso,particle0_best_lepton,muon,0,L2_ch128:160,L2,label_Tbl,8.289461135864258,2.409071683883667,19.969906097064722
13997,B_confused_highiso,hadron_neighbor,charged_hadron,36,L2_ch128:160,L2,label_Hqql,0.9570569396018982,1.0080649852752686,0.9647755897273811
13997,B_confused_highiso,hadron_neighbor,charged_hadron,36,L2_ch128:160,L2,label_Tbl,0.9570569396018982,2.409071683883667,2.305618773059294
13997,B_confused_highiso,nearest_hadron_to_best_lepton,charged_hadron,18,L2_ch128:160,L2,label_Hqql,0.9555192589759827,1.0080649852752686,0.9632255077298595
13997,B_confused_highiso,nearest_hadron_to_best_lepton,charged_hadron,18,L2_ch128:160,L2,label_Tbl,0.9555192589759827,2.409071683883667,2.3019143902045442
14711,B_confused_highiso,particle0_best_lepton,muon,0,L2_ch128:160,L2,label_Hqql,8.227168083190918,1.2251251935958862,10.07931089066517
14711,B_confused_highiso,particle0_best_lepton,muon,0,L2_ch128:160,L2,label_Tbl,8.227168083190918,1.6085610389709473,13.2339020396862
14711,B_confused_highiso,hardest_hadron,charged_hadron,1,L2_ch128:160,L2,label_Hqql,2.015805244445801,1.2251251935958862,2.4696137903532644
14711,B_confused_highiso,hardest_hadron,charged_hadron,1,L2_ch128:160,L2,label_Tbl,2.015805244445801,1.6085610389709473,3.2425457783688216
14711,B_confused_highiso,hard_hadron,charged_hadron,3,L2_ch128:160,L2,label_Hqql,1.2658461332321167,1.2251251935958862,1.550819989038601
14711,B_confused_highiso,hard_hadron,charged_hadron,3,L2_ch128:160,L2,label_Tbl,1.2658461332321167,1.6085610389709473,2.0361907712492098
15288,B_confused_highiso,particle0_best_lepton,electron,0,L2_ch128:160,L2,label_Hqql,6.091553688049316,1.526933193206787,9.301395524483723
15288,B_confused_highiso,particle0_best_lepton,electron,0,L2_ch128:160,L2,label_Tbl,6.091553688049316,2.242587089538574,13.660839656050484
15288,B_confused_highiso,hard_hadron,charged_hadron,3,L2_ch128:160,L2,label_Hqql,0.5317695140838623,1.526933193206787,0.8119765221900934
15288,B_confused_highiso,hard_hadron,charged_hadron,3,L2_ch128:160,L2,label_Tbl,0.5317695140838623,2.242587089538574,1.1925394468946706
15288,B_confused_highiso,hard_hadron,neutral_hadron,6,L2_ch128:160,L2,label_Hqql,0.4607488811016083,1.526933193206787,0.703532760286933
15288,B_confused_highiso,hard_hadron,neutral_hadron,6,L2_ch128:160,L2,label_Tbl,0.4607488811016083,2.242587089538574,1.0332694922778103
15528,B_confused_highiso,best_lepton,electron,3,L2_ch128:160,L2,label_Hqql,5.9287309646606445,1.6155481338500977,9.578150246056794
15528,B_confused_highiso,best_lepton,electron,3,L2_ch128:160,L2,label_Tbl,5.9287309646606445,1.7101175785064697,10.138827040901788
15528,B_confused_highiso,particle0,photon,0,L2_ch128:160,L2,label_Hqql,1.6803498268127441,1.6155481338500977,2.7146860269226636
15528,B_confused_highiso,particle0,photon,0,L2_ch128:160,L2,label_Tbl,1.6803498268127441,1.7101175785064697,2.873595776872776
15528,B_confused_highiso,second_lepton,electron,15,L2_ch128:160,L2,label_Hqql,1.2881066799163818,1.6155481338500977,2.0809983429387557
15528,B_confused_highiso,second_lepton,electron,15,L2_ch128:160,L2,label_Tbl,1.2881066799163818,1.7101175785064697,2.202813876316611
15658,B_confused_highiso,particle0_best_lepton,electron,0,L2_ch128:160,L2,label_Hqql,7.631208896636963,0.4904736280441284,3.7429067138961614
15658,B_confused_highiso,particle0_best_lepton,electron,0,L2_ch128:160,L2,label_Tbl,7.631208896636963,0.658433198928833,5.024641285506846
15658,B_confused_highiso,second_lepton,muon,5,L2_ch128:160,L2,label_Hqql,1.4201377630233765,0.4904736280441284,0.6965401209525481
15658,B_confused_highiso,second_lepton,muon,5,L2_ch128:160,L2,label_Tbl,1.4201377630233765,0.658433198928833,0.9350658502271187
15658,B_confused_highiso,hard_hadron,charged_hadron,2,L2_ch128:160,L2,label_Hqql,1.107131838798523,0.4904736280441284,0.5430189696986787
15658,B_confused_highiso,hard_hadron,charged_hadron,2,L2_ch128:160,L2,label_Tbl,1.107131838798523,0.658433198928833,0.7289723582560725
15893,B_confused_highiso,particle0_best_lepton,electron,0,L2_ch128:160,L2,label_Hqql,7.816365718841553,1.0732676982879639,8.38905284403802
15893,B_confused_highiso,particle0_best_lepton,electron,0,L2_ch128:160,L2,label_Tbl,7.816365718841553,2.147325038909912,16.78427782134554
15893,B_confused_highiso,hadron_neighbor,charged_hadron,23,L2_ch128:160,L2,label_Hqql,1.4015874862670898,1.0732676982879639,1.5042785753350927
15893,B_confused_highiso,hadron_neighbor,charged_hadron,23,L2_ch128:160,L2,label_Tbl,1.4015874862670898,2.147325038909912,3.0096639034841246
15893,B_confused_highiso,hard_hadron,charged_hadron,3,L2_ch128:160,L2,label_Hqql,0.9018133878707886,1.0732676982879639,0.967887179085352
15893,B_confused_highiso,hard_hadron,charged_hadron,3,L2_ch128:160,L2,label_Tbl,0.9018133878707886,2.147325038909912,1.9364864681991207
20480,C_Tbl_correct,particle0_best_lepton,muon,0,L2_ch128:160,L2,label_Hqql,6.701056957244873,-0.45269179344177246,-3.0335134919306483
20480,C_Tbl_correct,particle0_best_lepton,muon,0,L2_ch128:160,L2,label_Tbl,6.701056957244873,2.7614383697509766,18.50455579962272
20480,C_Tbl_correct,nearest_hadron_to_best_lepton,charged_hadron,11,L2_ch128:160,L2,label_Hqql,1.8772614002227783,-0.45269179344177246,-0.8498208300258625
20480,C_Tbl_correct,nearest_hadron_to_best_lepton,charged_hadron,11,L2_ch128:160,L2,label_Tbl,1.8772614002227783,2.7614383697509766,5.1839416606276245
20480,C_Tbl_correct,hardest_hadron,charged_hadron,1,L2_ch128:160,L2,label_Hqql,1.5411064624786377,-0.45269179344177246,-0.6976462483841601
20480,C_Tbl_correct,hardest_hadron,charged_hadron,1,L2_ch128:160,L2,label_Tbl,1.5411064624786377,2.7614383697509766,4.255670517359704
20481,C_Tbl_correct,particle0_best_lepton,muon,0,L2_ch128:160,L2,label_Hqql,7.2111592292785645,1.0216913223266602,7.367578808469716
20481,C_Tbl_correct,particle0_best_lepton,muon,0,L2_ch128:160,L2,label_Tbl,7.2111592292785645,2.4432919025421143,17.61896695283815
20481,C_Tbl_correct,second_lepton,muon,1,L2_ch128:160,L2,label_Hqql,2.4267139434814453,1.0216913223266602,2.479352577824102
20481,C_Tbl_correct,second_lepton,muon,1,L2_ch128:160,L2,label_Tbl,2.4267139434814453,2.4432919025421143,5.929170527894257
20481,C_Tbl_correct,nearest_hadron_to_best_lepton,charged_hadron,19,L2_ch128:160,L2,label_Hqql,1.1566437482833862,1.0216913223266602,1.1817328806445175
20481,C_Tbl_correct,nearest_hadron_to_best_lepton,charged_hadron,19,L2_ch128:160,L2,label_Tbl,1.1566437482833862,2.4432919025421143,2.826018304306757
20482,C_Tbl_correct,second_lepton,muon,2,L2_ch128:160,L2,label_Hqql,4.702112674713135,-1.9845340251922607,-9.331502593256005
20482,C_Tbl_correct,second_lepton,muon,2,L2_ch128:160,L2,label_Tbl,4.702112674713135,-0.28680574893951416,-1.3485929472690827
20482,C_Tbl_correct,particle0_best_lepton,muon,0,L2_ch128:160,L2,label_Hqql,1.6053028106689453,-1.9845340251922607,-3.1857780485092917
20482,C_Tbl_correct,particle0_best_lepton,muon,0,L2_ch128:160,L2,label_Tbl,1.6053028106689453,-0.28680574893951416,-0.46041007488861396
20482,C_Tbl_correct,hard_hadron,neutral_hadron,4,L2_ch128:160,L2,label_Hqql,1.5015203952789307,-1.9845340251922607,-2.9798183139511707
20482,C_Tbl_correct,hard_hadron,neutral_hadron,4,L2_ch128:160,L2,label_Tbl,1.5015203952789307,-0.28680574893951416,-0.43064468151592905
20483,C_Tbl_correct,particle0_best_lepton,muon,0,L2_ch128:160,L2,label_Hqql,7.308244228363037,2.192627429962158,16.024256759971422
20483,C_Tbl_correct,particle0_best_lepton,muon,0,L2_ch128:160,L2,label_Tbl,7.308244228363037,3.787543773651123,27.680294923458177
20483,C_Tbl_correct,hadron_neighbor,charged_hadron,7,L2_ch128:160,L2,label_Hqql,0.6680480241775513,2.192627429962158,1.464780422343722
20483,C_Tbl_correct,hadron_neighbor,charged_hadron,7,L2_ch128:160,L2,label_Tbl,0.6680480241775513,3.787543773651123,2.5302611344736192
20483,C_Tbl_correct,hadron_neighbor,charged_hadron,15,L2_ch128:160,L2,label_Hqql,0.5230698585510254,2.192627429962158,1.1468973196454044
20483,C_Tbl_correct,hadron_neighbor,charged_hadron,15,L2_ch128:160,L2,label_Tbl,0.5230698585510254,3.787543773651123,1.9811499859395099
20484,C_Tbl_correct,particle0_best_lepton,electron,0,L2_ch128:160,L2,label_Hqql,4.706246852874756,4.707183837890625,22.15316912297567
20484,C_Tbl_correct,particle0_best_lepton,electron,0,L2_ch128:160,L2,label_Tbl,4.706246852874756,3.907280921936035,18.38862854215904
20484,C_Tbl_correct,photon_neighbor,photon,24,L2_ch128:160,L2,label_Hqql,1.3227413892745972,4.707183837890625,6.2263868893023755
20484,C_Tbl_correct,photon_neighbor,photon,24,L2_ch128:160,L2,label_Tbl,1.3227413892745972,3.907280921936035,5.1683221949678
20484,C_Tbl_correct,second_lepton,muon,3,L2_ch128:160,L2,label_Hqql,1.305303692817688,4.707183837890625,6.14430444637037
20484,C_Tbl_correct,second_lepton,muon,3,L2_ch128:160,L2,label_Tbl,1.305303692817688,3.907280921936035,5.100188216279207
20485,C_Tbl_correct,particle0_best_lepton,electron,0,L2_ch128:160,L2,label_Hqql,4.354439735412598,-0.9294376373291016,-4.047180179573843
20485,C_Tbl_correct,particle0_best_lepton,electron,0,L2_ch128:160,L2,label_Tbl,4.354439735412598,0.7279184460639954,3.169677005680853
20485,C_Tbl_correct,hard_hadron,charged_hadron,2,L2_ch128:160,L2,label_Hqql,0.7730140686035156,-0.9294376373291016,-0.7184683695450076
20485,C_Tbl_correct,hard_hadron,charged_hadron,2,L2_ch128:160,L2,label_Tbl,0.7730140686035156,0.7279184460639954,0.5626911996034778
20485,C_Tbl_correct,hardest_hadron,charged_hadron,1,L2_ch128:160,L2,label_Hqql,0.7674258351325989,-0.9294376373291016,-0.7132744550309553
20485,C_Tbl_correct,hardest_hadron,charged_hadron,1,L2_ch128:160,L2,label_Tbl,0.7674258351325989,0.7279184460639954,0.5586234213790853
20486,C_Tbl_correct,best_lepton,muon,1,L2_ch128:160,L2,label_Hqql,4.744015216827393,1.2478108406066895,5.919633615560315
20486,C_Tbl_correct,best_lepton,muon,1,L2_ch128:160,L2,label_Tbl,4.744015216827393,2.1092519760131836,10.00632347032979
20486,C_Tbl_correct,hard_hadron,charged_hadron,3,L2_ch128:160,L2,label_Hqql,0.49690482020378113,1.2478108406066895,0.620043221399996
20486,C_Tbl_correct,hard_hadron,charged_hadron,3,L2_ch128:160,L2,label_Tbl,0.49690482020378113,2.1092519760131836,1.048097473905301
20486,C_Tbl_correct,particle0,neutral_hadron,0,L2_ch128:160,L2,label_Hqql,0.4465005099773407,1.2478108406066895,0.557148176686141
20486,C_Tbl_correct,particle0,neutral_hadron,0,L2_ch128:160,L2,label_Tbl,0.4465005099773407,2.1092519760131836,0.9417820829606001
20487,C_Tbl_correct,particle0_best_lepton,muon,0,L2_ch128:160,L2,label_Hqql,10.293864250183105,-2.1767663955688477,-22.407337780346097
20487,C_Tbl_correct,particle0_best_lepton,muon,0,L2_ch128:160,L2,label_Tbl,10.293864250183105,2.4406609535217285,25.12383253627513
20487,C_Tbl_correct,second_lepton,muon,4,L2_ch128:160,L2,label_Hqql,2.3889219760894775,-2.1767663955688477,-5.200125079187501
20487,C_Tbl_correct,second_lepton,muon,4,L2_ch128:160,L2,label_Tbl,2.3889219760894775,2.4406609535217285,5.830548588051556
20487,C_Tbl_correct,hadron_neighbor,charged_hadron,23,L2_ch128:160,L2,label_Hqql,1.2553479671478271,-2.1767663955688477,-2.732599269633056
20487,C_Tbl_correct,hadron_neighbor,charged_hadron,23,L2_ch128:160,L2,label_Tbl,1.2553479671478271,2.4406609535217285,3.0638787665005793
20488,C_Tbl_correct,particle0_best_lepton,muon,0,L2_ch128:160,L2,label_Hqql,4.97292423248291,1.7589361667633057,8.747056287087844
20488,C_Tbl_correct,particle0_best_lepton,muon,0,L2_ch128:160,L2,label_Tbl,4.97292423248291,1.671450138092041,8.311994895104817
20488,C_Tbl_correct,hardest_hadron,charged_hadron,1,L2_ch128:160,L2,label_Hqql,1.2100980281829834,1.7589361667633057,2.1284851871000114
20488,C_Tbl_correct,hardest_hadron,charged_hadron,1,L2_ch128:160,L2,label_Tbl,1.2100980281829834,1.671450138092041,2.022618516311354
20488,C_Tbl_correct,hadron_neighbor,charged_hadron,12,L2_ch128:160,L2,label_Hqql,1.1081886291503906,1.7589361667633057,1.9492330594084706
20488,C_Tbl_correct,hadron_neighbor,charged_hadron,12,L2_ch128:160,L2,label_Tbl,1.1081886291503906,1.671450138092041,1.85228203722545
20489,C_Tbl_correct,particle0_best_lepton,electron,0,L2_ch128:160,L2,label_Hqql,4.946350574493408,-0.7378139495849609,-3.649486453398822
20489,C_Tbl_correct,particle0_best_lepton,electron,0,L2_ch128:160,L2,label_Tbl,4.946350574493408,1.2178949117660522,6.024135196486611
20489,C_Tbl_correct,photon_neighbor,photon,3,L2_ch128:160,L2,label_Hqql,0.6742792129516602,-0.7378139495849609,-0.4974926092309033
20489,C_Tbl_correct,photon_neighbor,photon,3,L2_ch128:160,L2,label_Tbl,0.6742792129516602,1.2178949117660522,0.8212012225634453
20489,C_Tbl_correct,hardest_hadron,charged_hadron,1,L2_ch128:160,L2,label_Hqql,0.6556775569915771,-0.7378139495849609,-0.48376804797817385
20489,C_Tbl_correct,hardest_hadron,charged_hadron,1,L2_ch128:160,L2,label_Tbl,0.6556775569915771,1.2178949117660522,0.7985463604192375
20490,C_Tbl_correct,particle0_best_lepton,muon,0,L2_ch128:160,L2,label_Hqql,5.75769567489624,1.6080306768417358,9.258551273152136
20490,C_Tbl_correct,particle0_best_lepton,muon,0,L2_ch128:160,L2,label_Tbl,5.75769567489624,2.6160762310028076,15.062570800443723
20490,C_Tbl_correct,photon_neighbor,photon,34,L2_ch128:160,L2,label_Hqql,1.3222557306289673,1.6080306768417358,2.126227777481162
20490,C_Tbl_correct,photon_neighbor,photon,34,L2_ch128:160,L2,label_Tbl,1.3222557306289673,2.6160762310028076,3.4591217882056924
20490,C_Tbl_correct,hardest_hadron,charged_hadron,1,L2_ch128:160,L2,label_Hqql,0.8393088579177856,1.6080306768417358,1.3496343908768011
20490,C_Tbl_correct,hardest_hadron,charged_hadron,1,L2_ch128:160,L2,label_Tbl,0.8393088579177856,2.6160762310028076,2.1956959536688316
20491,C_Tbl_correct,particle0_best_lepton,muon,0,L2_ch128:160,L2,label_Hqql,7.670339584350586,1.7239751815795898,13.223475077707917
20491,C_Tbl_correct,particle0_best_lepton,muon,0,L2_ch128:160,L2,label_Tbl,7.670339584350586,3.533721446990967,27.104843494923443
20491,C_Tbl_correct,hadron_neighbor,charged_hadron,20,L2_ch128:160,L2,label_Hqql,0.9184606075286865,1.7239751815795898,1.5834032926379678
20491,C_Tbl_correct,hadron_neighbor,charged_hadron,20,L2_ch128:160,L2,label_Tbl,0.9184606075286865,3.533721446990967,3.2455839470404726
20491,C_Tbl_correct,photon_neighbor,photon,29,L2_ch128:160,L2,label_Hqql,0.8970693349838257,1.7239751815795898,1.5465252696682228
20491,C_Tbl_correct,photon_neighbor,photon,29,L2_ch128:160,L2,label_Tbl,0.8970693349838257,3.533721446990967,3.169993148470269
20492,C_Tbl_correct,particle0_best_lepton,muon,0,L2_ch128:160,L2,label_Hqql,9.639129638671875,1.9368265867233276,18.66932255705251
20492,C_Tbl_correct,particle0_best_lepton,muon,0,L2_ch128:160,L2,label_Tbl,9.639129638671875,2.5992372035980225,25.0543843671403
20492,C_Tbl_correct,hardest_hadron,charged_hadron,1,L2_ch128:160,L2,label_Hqql,1.3374650478363037,1.9368265867233276,2.5904378634625402
20492,C_Tbl_correct,hardest_hadron,charged_hadron,1,L2_ch128:160,L2,label_Tbl,1.3374650478363037,2.5992372035980225,3.4763889108481294
20492,C_Tbl_correct,hadron_neighbor,charged_hadron,52,L2_ch128:160,L2,label_Hqql,1.2971699237823486,1.9368265867233276,2.5123931958795254
20492,C_Tbl_correct,hadron_neighbor,charged_hadron,52,L2_ch128:160,L2,label_Tbl,1.2971699237823486,2.5992372035980225,3.371652325283492
20493,C_Tbl_correct,particle0_best_lepton,electron,0,L2_ch128:160,L2,label_Hqql,4.648444652557373,1.695070505142212,7.87944142533604
20493,C_Tbl_correct,particle0_best_lepton,electron,0,L2_ch128:160,L2,label_Tbl,4.648444652557373,1.6148602962493896,7.506588708727691
20493,C_Tbl_correct,second_lepton,muon,1,L2_ch128:160,L2,label_Hqql,2.212339401245117,1.695070505142212,3.7500712664145794
20493,C_Tbl_correct,second_lepton,muon,1,L2_ch128:160,L2,label_Tbl,2.212339401245117,1.6148602962493896,3.5726190608988873
20493,C_Tbl_correct,photon_neighbor,photon,8,L2_ch128:160,L2,label_Hqql,1.450581669807434,1.695070505142212,2.4588382037905205
20493,C_Tbl_correct,photon_neighbor,photon,8,L2_ch128:160,L2,label_Tbl,1.450581669807434,1.6148602962493896,2.3424867450391673
20494,C_Tbl_correct,particle0_best_lepton,muon,0,L2_ch128:160,L2,label_Hqql,7.565767765045166,1.2811827659606934,9.693131271836819
20494,C_Tbl_correct,particle0_best_lepton,muon,0,L2_ch128:160,L2,label_Tbl,7.565767765045166,3.309070587158203,25.035659580580614
20494,C_Tbl_correct,photon_neighbor,photon,1,L2_ch128:160,L2,label_Hqql,0.9746954441070557,1.2811827659606934,1.248763005050364
20494,C_Tbl_correct,photon_neighbor,photon,1,L2_ch128:160,L2,label_Tbl,0.9746954441070557,3.309070587158203,3.2253360255317602
20494,C_Tbl_correct,photon_neighbor,photon,2,L2_ch128:160,L2,label_Hqql,0.9419717788696289,1.2811827659606934,1.2068380091091058
20494,C_Tbl_correct,photon_neighbor,photon,2,L2_ch128:160,L2,label_Tbl,0.9419717788696289,3.309070587158203,3.11705110739058
20495,C_Tbl_correct,best_lepton,electron,2,L2_ch128:160,L2,label_Hqql,4.627599716186523,2.3580849170684814,10.912273092969826
20495,C_Tbl_correct,best_lepton,electron,2,L2_ch128:160,L2,label_Tbl,4.627599716186523,2.4619364738464355,11.392856527641015
20495,C_Tbl_correct,nearest_hadron_to_best_lepton,charged_hadron,5,L2_ch128:160,L2,label_Hqql,2.2948193550109863,2.3580849170684814,5.411378908448228
20495,C_Tbl_correct,nearest_hadron_to_best_lepton,charged_hadron,5,L2_ch128:160,L2,label_Tbl,2.2948193550109863,2.4619364738464355,5.649699470990299
20495,C_Tbl_correct,second_lepton,muon,4,L2_ch128:160,L2,label_Hqql,1.4126759767532349,2.3580849170684814,3.331209913486788
20495,C_Tbl_correct,second_lepton,muon,4,L2_ch128:160,L2,label_Tbl,1.4126759767532349,2.4619364738464355,3.477918512895428
20496,C_Tbl_correct,particle0_best_lepton,electron,0,L2_ch128:160,L2,label_Hqql,6.087006568908691,4.349898815155029,26.477862661936797
20496,C_Tbl_correct,particle0_best_lepton,electron,0,L2_ch128:160,L2,label_Tbl,6.087006568908691,4.689292907714844,28.543756732797192
20496,C_Tbl_correct,hadron_neighbor,charged_hadron,27,L2_ch128:160,L2,label_Hqql,1.3961790800094604,4.349898815155029,6.073237725877391
20496,C_Tbl_correct,hadron_neighbor,charged_hadron,27,L2_ch128:160,L2,label_Tbl,1.3961790800094604,4.689292907714844,6.547092657788198
20496,C_Tbl_correct,photon_neighbor,photon,32,L2_ch128:160,L2,label_Hqql,1.2383233308792114,4.349898815155029,5.386581189770311
20496,C_Tbl_correct,photon_neighbor,photon,32,L2_ch128:160,L2,label_Tbl,1.2383233308792114,4.689292907714844,5.806860812949708
20497,C_Tbl_correct,particle0_best_lepton,muon,0,L2_ch128:160,L2,label_Hqql,7.98997688293457,-1.4981985092163086,-11.970571454685341
20497,C_Tbl_correct,particle0_best_lepton,muon,0,L2_ch128:160,L2,label_Tbl,7.98997688293457,2.5759506225585938,20.58178592582408
20497,C_Tbl_correct,photon_neighbor,photon,10,L2_ch128:160,L2,label_Hqql,3.013852596282959,-1.4981985092163086,-4.51534946674883
20497,C_Tbl_correct,photon_neighbor,photon,10,L2_ch128:160,L2,label_Tbl,3.013852596282959,2.5759506225585938,7.763535471694922
20497,C_Tbl_correct,hadron_neighbor,charged_hadron,12,L2_ch128:160,L2,label_Hqql,1.5170674324035645,-1.4981985092163086,-2.2728681656076333
20497,C_Tbl_correct,hadron_neighbor,charged_hadron,12,L2_ch128:160,L2,label_Tbl,1.5170674324035645,2.5759506225585938,3.907890796963329
20498,C_Tbl_correct,best_lepton,muon,1,L2_ch128:160,L2,label_Hqql,3.5935065746307373,3.0000476837158203,10.780691075638515
20498,C_Tbl_correct,best_lepton,muon,1,L2_ch128:160,L2,label_Tbl,3.5935065746307373,2.918663740158081,10.488237339394402
20498,C_Tbl_correct,nearest_hadron_to_best_lepton,neutral_hadron,5,L2_ch128:160,L2,label_Hqql,0.8858283758163452,3.0000476837158203,2.6575273670375736
20498,C_Tbl_correct,nearest_hadron_to_best_lepton,neutral_hadron,5,L2_ch128:160,L2,label_Tbl,0.8858283758163452,2.918663740158081,2.5854351604982924
20498,C_Tbl_correct,hard_hadron,charged_hadron,2,L2_ch128:160,L2,label_Hqql,0.7085744738578796,3.0000476837158203,2.125757209037488
20498,C_Tbl_correct,hard_hadron,charged_hadron,2,L2_ch128:160,L2,label_Tbl,0.7085744738578796,2.918663740158081,2.0680906240505834
20499,C_Tbl_correct,best_lepton,electron,1,L2_ch128:160,L2,label_Hqql,4.309217929840088,1.1594994068145752,4.996535633484314
20499,C_Tbl_correct,best_lepton,electron,1,L2_ch128:160,L2,label_Tbl,4.309217929840088,2.0729432106018066,8.932764050665583
20499,C_Tbl_correct,hard_hadron,charged_hadron,2,L2_ch128:160,L2,label_Hqql,0.722347617149353,1.1594994068145752,0.8375616335985967
20499,C_Tbl_correct,hard_hadron,charged_hadron,2,L2_ch128:160,L2,label_Tbl,0.722347617149353,2.0729432106018066,1.4973855886641445
20499,C_Tbl_correct,hadron_neighbor,charged_hadron,9,L2_ch128:160,L2,label_Hqql,0.5177441835403442,1.1594994068145752,0.6003240736967257
20499,C_Tbl_correct,hadron_neighbor,charged_hadron,9,L2_ch128:160,L2,label_Tbl,0.5177441835403442,2.0729432106018066,1.0732542900985322
20500,C_Tbl_correct,particle0_best_lepton,electron,0,L2_ch128:160,L2,label_Hqql,9.528607368469238,0.23546504974365234,2.2436540080043414
20500,C_Tbl_correct,particle0_best_lepton,electron,0,L2_ch128:160,L2,label_Tbl,9.528607368469238,2.2245237827301025,21.196613707457118
20500,C_Tbl_correct,second_lepton,electron,12,L2_ch128:160,L2,label_Hqql,1.8238632678985596,0.23546504974365234,0.42945605510135465
20500,C_Tbl_correct,second_lepton,electron,12,L2_ch128:160,L2,label_Tbl,1.8238632678985596,2.2245237827301025,4.05722721588819
20500,C_Tbl_correct,other_lepton,electron,14,L2_ch128:160,L2,label_Hqql,1.2396444082260132,0.23546504974365234,0.29189293224737867
20500,C_Tbl_correct,other_lepton,electron,14,L2_ch128:160,L2,label_Tbl,1.2396444082260132,2.2245237827301025,2.7576184682271503
20501,C_Tbl_correct,particle0_best_lepton,electron,0,L2_ch128:160,L2,label_Hqql,8.017021179199219,-0.5188965797424316,-4.160004869609111
20501,C_Tbl_correct,particle0_best_lepton,electron,0,L2_ch128:160,L2,label_Tbl,8.017021179199219,2.1925220489501953,17.577495702294982
20501,C_Tbl_correct,hadron_neighbor,charged_hadron,15,L2_ch128:160,L2,label_Hqql,0.9908710718154907,-0.5188965797424316,-0.5141596101307755
20501,C_Tbl_correct,hadron_neighbor,charged_hadron,15,L2_ch128:160,L2,label_Tbl,0.9908710718154907,2.1925220489501953,2.172506672622376
20501,C_Tbl_correct,hadron_neighbor,charged_hadron,20,L2_ch128:160,L2,label_Hqql,0.90904301404953,-0.5188965797424316,-0.47169931082905237
20501,C_Tbl_correct,hadron_neighbor,charged_hadron,20,L2_ch128:160,L2,label_Tbl,0.90904301404953,2.1925220489501953,1.9930968517477368
20502,C_Tbl_correct,particle0_best_lepton,muon,0,L2_ch128:160,L2,label_Hqql,9.232831001281738,0.5513706207275391,5.090711760249178
20502,C_Tbl_correct,particle0_best_lepton,muon,0,L2_ch128:160,L2,label_Tbl,9.232831001281738,2.8040459156036377,25.889282058602703
20502,C_Tbl_correct,second_lepton,muon,4,L2_ch128:160,L2,label_Hqql,1.6596145629882812,0.5513706207275391,0.9150627117633121
20502,C_Tbl_correct,second_lepton,muon,4,L2_ch128:160,L2,label_Tbl,1.6596145629882812,2.8040459156036377,4.653635436823606
20502,C_Tbl_correct,photon_neighbor,photon,2,L2_ch128:160,L2,label_Hqql,0.7851399183273315,0.5513706207275391,0.4329030841261101
20502,C_Tbl_correct,photon_neighbor,photon,2,L2_ch128:160,L2,label_Tbl,0.7851399183273315,2.8040459156036377,2.2015683811631277
20503,C_Tbl_correct,best_lepton,electron,4,L2_ch128:160,L2,label_Hqql,3.9892842769622803,-1.3015122413635254,-5.192102320745448
20503,C_Tbl_correct,best_lepton,electron,4,L2_ch128:160,L2,label_Tbl,3.9892842769622803,1.052675485610962,4.1994217634914435
20503,C_Tbl_correct,hard_hadron,charged_hadron,3,L2_ch128:160,L2,label_Hqql,0.8448026776313782,-1.3015122413635254,-1.0995210264739228
20503,C_Tbl_correct,hard_hadron,charged_hadron,3,L2_ch128:160,L2,label_Tbl,0.8448026776313782,1.052675485610962,0.8893030689210519
20503,C_Tbl_correct,photon_neighbor,photon,7,L2_ch128:160,L2,label_Hqql,0.7926543951034546,-1.3015122413635254,-1.0316493983977466
20503,C_Tbl_correct,photon_neighbor,photon,7,L2_ch128:160,L2,label_Tbl,0.7926543951034546,1.052675485610962,0.8344078502871923
20504,C_Tbl_correct,best_lepton,electron,1,L2_ch128:160,L2,label_Hqql,5.517060279846191,1.043906569480896,5.75929547035355
20504,C_Tbl_correct,best_lepton,electron,1,L2_ch128:160,L2,label_Tbl,5.517060279846191,2.6175074577331543,14.44094642726077
20504,C_Tbl_correct,particle0,neutral_hadron,0,L2_ch128:160,L2,label_Hqql,0.892486572265625,1.043906569480896,0.9316725959615724
20504,C_Tbl_correct,particle0,neutral_hadron,0,L2_ch128:160,L2,label_Tbl,0.892486572265625,2.6175074577331543,2.336090258831973
20504,C_Tbl_correct,hadron_neighbor,neutral_hadron,9,L2_ch128:160,L2,label_Hqql,0.5643107295036316,1.043906569480896,0.5890876777573979
20504,C_Tbl_correct,hadron_neighbor,neutral_hadron,9,L2_ch128:160,L2,label_Tbl,0.5643107295036316,2.6175074577331543,1.4770875429545924
20505,C_Tbl_correct,particle0_best_lepton,muon,0,L2_ch128:160,L2,label_Hqql,4.029680252075195,2.9262611865997314,11.791896916055066
20505,C_Tbl_correct,particle0_best_lepton,muon,0,L2_ch128:160,L2,label_Tbl,4.029680252075195,2.9939966201782227,12.064849055112063
20505,C_Tbl_correct,hardest_hadron,charged_hadron,1,L2_ch128:160,L2,label_Hqql,1.4988477230072021,2.9262611865997314,4.386019916459361
20505,C_Tbl_correct,hardest_hadron,charged_hadron,1,L2_ch128:160,L2,label_Tbl,1.4988477230072021,2.9939966201782227,4.487545016845388
20505,C_Tbl_correct,photon_neighbor,photon,7,L2_ch128:160,L2,label_Hqql,1.1362223625183105,2.9262611865997314,3.3248833987839816
20505,C_Tbl_correct,photon_neighbor,photon,7,L2_ch128:160,L2,label_Tbl,1.1362223625183105,2.9939966201782227,3.401845913150737
20506,C_Tbl_correct,particle0_best_lepton,muon,0,L2_ch128:160,L2,label_Hqql,4.343033790588379,1.0950946807861328,4.756033202547769
20506,C_Tbl_correct,particle0_best_lepton,muon,0,L2_ch128:160,L2,label_Tbl,4.343033790588379,1.6344575881958008,7.098504534817948
20506,C_Tbl_correct,hard_hadron,charged_hadron,8,L2_ch128:160,L2,label_Hqql,0.9411668181419373,1.0950946807861328,1.030666776279645
20506,C_Tbl_correct,hard_hadron,charged_hadron,8,L2_ch128:160,L2,label_Tbl,0.9411668181419373,1.6344575881958008,1.5382972476701866
20506,C_Tbl_correct,photon_neighbor,photon,33,L2_ch128:160,L2,label_Hqql,0.3885299265384674,1.0950946807861328,0.4254770558785026
20506,C_Tbl_correct,photon_neighbor,photon,33,L2_ch128:160,L2,label_Tbl,0.3885299265384674,1.6344575881958008,0.6350356866719551
20507,C_Tbl_correct,particle0_best_lepton,muon,0,L2_ch128:160,L2,label_Hqql,7.158010959625244,-1.2521591186523438,-8.962968694508163
20507,C_Tbl_correct,particle0_best_lepton,muon,0,L2_ch128:160,L2,label_Tbl,7.158010959625244,1.3858392238616943,9.91985235268055
20507,C_Tbl_correct,photon_neighbor,photon,31,L2_ch128:160,L2,label_Hqql,0.8775562047958374,-1.2521591186523438,-1.0988400039650514
20507,C_Tbl_correct,photon_neighbor,photon,31,L2_ch128:160,L2,label_Tbl,0.8775562047958374,1.3858392238616943,1.2161518097492774
20507,C_Tbl_correct,nearest_hadron_to_best_lepton,charged_hadron,34,L2_ch128:160,L2,label_Hqql,0.8081763386726379,-1.2521591186523438,-1.0119653719480084
20507,C_Tbl_correct,nearest_hadron_to_best_lepton,charged_hadron,34,L2_ch128:160,L2,label_Tbl,0.8081763386726379,1.3858392238616943,1.1200024699294744
20508,C_Tbl_correct,particle0_best_lepton,muon,0,L2_ch128:160,L2,label_Hqql,8.060059547424316,-1.0107026100158691,-8.146323221465082
20508,C_Tbl_correct,particle0_best_lepton,muon,0,L2_ch128:160,L2,label_Tbl,8.060059547424316,2.333345651626587,18.806904896833885
20508,C_Tbl_correct,hadron_neighbor,charged_hadron,14,L2_ch128:160,L2,label_Hqql,1.2394094467163086,-1.0107026100158691,-1.2526743626744974
20508,C_Tbl_correct,hadron_neighbor,charged_hadron,14,L2_ch128:160,L2,label_Tbl,1.2394094467163086,2.333345651626587,2.8919706430804126
20508,C_Tbl_correct,photon_neighbor,photon,1,L2_ch128:160,L2,label_Hqql,0.8650577068328857,-1.0107026100158691,-0.8743160821103402
20508,C_Tbl_correct,photon_neighbor,photon,1,L2_ch128:160,L2,label_Tbl,0.8650577068328857,2.333345651626587,2.0184786386445808
20509,C_Tbl_correct,best_lepton,muon,1,L2_ch128:160,L2,label_Hqql,5.344131946563721,-3.3821964263916016,-18.07490397183301
20509,C_Tbl_correct,best_lepton,muon,1,L2_ch128:160,L2,label_Tbl,5.344131946563721,1.1173346042633057,5.971183553644664
20509,C_Tbl_correct,hard_hadron,charged_hadron,5,L2_ch128:160,L2,label_Hqql,1.159067988395691,-3.3821964263916016,-3.920195608296808
20509,C_Tbl_correct,hard_hadron,charged_hadron,5,L2_ch128:160,L2,label_Tbl,1.159067988395691,1.1173346042633057,1.295066772128365
20509,C_Tbl_correct,particle0,charged_hadron,0,L2_ch128:160,L2,label_Hqql,1.0401711463928223,-3.3821964263916016,-3.518063134165459
20509,C_Tbl_correct,particle0,charged_hadron,0,L2_ch128:160,L2,label_Tbl,1.0401711463928223,1.1173346042633057,1.162219216220933
20510,C_Tbl_correct,particle0_best_lepton,muon,0,L2_ch128:160,L2,label_Hqql,5.355104923248291,1.2335586547851562,6.605836025355529
20510,C_Tbl_correct,particle0_best_lepton,muon,0,L2_ch128:160,L2,label_Tbl,5.355104923248291,1.7698016166687012,9.477473350595346
20510,C_Tbl_correct,hadron_neighbor,charged_hadron,11,L2_ch128:160,L2,label_Hqql,0.8965527415275574,1.2335586547851562,1.1059503937826776
20510,C_Tbl_correct,hadron_neighbor,charged_hadron,11,L2_ch128:160,L2,label_Tbl,0.8965527415275574,1.7698016166687012,1.5867204913842272
20510,C_Tbl_correct,hard_hadron,charged_hadron,5,L2_ch128:160,L2,label_Hqql,0.7675317525863647,1.2335586547851562,0.9467954362253295
20510,C_Tbl_correct,hard_hadron,charged_hadron,5,L2_ch128:160,L2,label_Tbl,0.7675317525863647,1.7698016166687012,1.35837893657191
20511,C_Tbl_correct,particle0_best_lepton,muon,0,L2_ch128:160,L2,label_Hqql,7.450149059295654,1.5269775390625,11.376210276212078
20511,C_Tbl_correct,particle0_best_lepton,muon,0,L2_ch128:160,L2,label_Tbl,7.450149059295654,2.160823106765747,16.098454236175144
20511,C_Tbl_correct,hard_hadron,charged_hadron,2,L2_ch128:160,L2,label_Hqql,1.0542796850204468,1.5269775390625,1.6098613989161095
20511,C_Tbl_correct,hard_hadron,charged_hadron,2,L2_ch128:160,L2,label_Tbl,1.0542796850204468,2.160823106765747,2.278111904385895
20511,C_Tbl_correct,hard_hadron,charged_hadron,3,L2_ch128:160,L2,label_Hqql,0.8805456757545471,1.5269775390625,1.3445734689958044
20511,C_Tbl_correct,hard_hadron,charged_hadron,3,L2_ch128:160,L2,label_Tbl,0.8805456757545471,2.160823106765747,1.9027034427330847
20512,C_Tbl_correct,best_lepton,muon,1,L2_ch128:160,L2,label_Hqql,4.233466625213623,2.932894229888916,12.416309837516337
20512,C_Tbl_correct,best_lepton,muon,1,L2_ch128:160,L2,label_Tbl,4.233466625213623,3.0707955360412598,13.00011041468565
20512,C_Tbl_correct,hadron_neighbor,charged_hadron,9,L2_ch128:160,L2,label_Hqql,0.7329015731811523,2.932894229888916,2.149522795059511
20512,C_Tbl_correct,hadron_neighbor,charged_hadron,9,L2_ch128:160,L2,label_Tbl,0.7329015731811523,3.0707955360412598,2.2505908792822993
20512,C_Tbl_correct,hadron_neighbor,charged_hadron,13,L2_ch128:160,L2,label_Hqql,0.5509294271469116,2.932894229888916,1.615817737955183
20512,C_Tbl_correct,hadron_neighbor,charged_hadron,13,L2_ch128:160,L2,label_Tbl,0.5509294271469116,3.0707955360412598,1.6917916255565046
20513,C_Tbl_correct,particle0_best_lepton,electron,0,L2_ch128:160,L2,label_Hqql,8.613736152648926,-2.1698665618896484,-18.690658050572893
20513,C_Tbl_correct,particle0_best_lepton,electron,0,L2_ch128:160,L2,label_Tbl,8.613736152648926,2.6957876682281494,23.22080369768196
20513,C_Tbl_correct,photon_neighbor,photon,18,L2_ch128:160,L2,label_Hqql,1.096471905708313,-2.1698665618896484,-2.379197724247888
20513,C_Tbl_correct,photon_neighbor,photon,18,L2_ch128:160,L2,label_Tbl,1.096471905708313,2.6957876682281494,2.9558554419670884
20513,C_Tbl_correct,hardest_hadron,charged_hadron,1,L2_ch128:160,L2,label_Hqql,0.847934901714325,-2.1698665618896484,-1.8399055898890992
20513,C_Tbl_correct,hardest_hadron,charged_hadron,1,L2_ch128:160,L2,label_Tbl,0.847934901714325,2.6957876682281494,2.285852451501725
20514,C_Tbl_correct,particle0_best_lepton,muon,0,L2_ch128:160,L2,label_Hqql,4.045278549194336,0.8470015525817871,3.426357211793402
20514,C_Tbl_correct,particle0_best_lepton,muon,0,L2_ch128:160,L2,label_Tbl,4.045278549194336,2.2557358741760254,9.125079944452409
20514,C_Tbl_correct,hardest_hadron,charged_hadron,1,L2_ch128:160,L2,label_Hqql,1.1433507204055786,0.8470015525817871,0.9684198353290299
20514,C_Tbl_correct,hardest_hadron,charged_hadron,1,L2_ch128:160,L2,label_Tbl,1.1433507204055786,2.2557358741760254,2.5790972367838663
20514,C_Tbl_correct,hadron_neighbor,charged_hadron,9,L2_ch128:160,L2,label_Hqql,0.9033782482147217,0.8470015525817871,0.7651627788064843
20514,C_Tbl_correct,hadron_neighbor,charged_hadron,9,L2_ch128:160,L2,label_Tbl,0.9033782482147217,2.2557358741760254,2.0377827224482417
20515,C_Tbl_correct,particle0_best_lepton,muon,0,L2_ch128:160,L2,label_Hqql,4.74188232421875,1.886303424835205,8.94462886833935
20515,C_Tbl_correct,particle0_best_lepton,muon,0,L2_ch128:160,L2,label_Tbl,4.74188232421875,3.6106724739074707,17.12138398256502
20515,C_Tbl_correct,hardest_hadron,charged_hadron,1,L2_ch128:160,L2,label_Hqql,0.6789584755897522,1.886303424835205,1.2807216978258396
20515,C_Tbl_correct,hardest_hadron,charged_hadron,1,L2_ch128:160,L2,label_Tbl,0.6789584755897522,3.6106724739074707,2.4514966787380956
20515,C_Tbl_correct,hard_hadron,charged_hadron,2,L2_ch128:160,L2,label_Hqql,0.554700493812561,1.886303424835205,1.0463334412364134
20515,C_Tbl_correct,hard_hadron,charged_hadron,2,L2_ch128:160,L2,label_Tbl,0.554700493812561,3.6106724739074707,2.0028418042718954
20516,C_Tbl_correct,particle0_best_lepton,electron,0,L2_ch128:160,L2,label_Hqql,9.802641868591309,-5.972949028015137,-58.55068022098294
20516,C_Tbl_correct,particle0_best_lepton,electron,0,L2_ch128:160,L2,label_Tbl,9.802641868591309,0.44709181785583496,4.382680972818207
20516,C_Tbl_correct,second_lepton,electron,11,L2_ch128:160,L2,label_Hqql,1.4840024709701538,-5.972949028015137,-8.863871116553241
20516,C_Tbl_correct,second_lepton,electron,11,L2_ch128:160,L2,label_Tbl,1.4840024709701538,0.44709181785583496,0.663485362448597
20516,C_Tbl_correct,photon_neighbor,photon,8,L2_ch128:160,L2,label_Hqql,1.2029731273651123,-5.972949028015137,-7.185297171823777
20516,C_Tbl_correct,photon_neighbor,photon,8,L2_ch128:160,L2,label_Tbl,1.2029731273651123,0.44709181785583496,0.5378394423453869
20517,C_Tbl_correct,best_lepton,muon,2,L2_ch128:160,L2,label_Hqql,4.614950656890869,-0.012804508209228516,-0.059092173571343665
20517,C_Tbl_correct,best_lepton,muon,2,L2_ch128:160,L2,label_Tbl,4.614950656890869,1.5170371532440186,7.0010516068913375
20517,C_Tbl_correct,second_lepton,electron,6,L2_ch128:160,L2,label_Hqql,0.8962755799293518,-0.012804508209228516,-0.011476368020936434
20517,C_Tbl_correct,second_lepton,electron,6,L2_ch128:160,L2,label_Tbl,0.8962755799293518,1.5170371532440186,1.3596833542981557
20517,C_Tbl_correct,hard_hadron,charged_hadron,4,L2_ch128:160,L2,label_Hqql,0.807538628578186,-0.012804508209228516,-0.01034013499889852
20517,C_Tbl_correct,hard_hadron,charged_hadron,4,L2_ch128:160,L2,label_Tbl,0.807538628578186,1.5170371532440186,1.2250661022328302
20518,C_Tbl_correct,best_lepton,muon,1,L2_ch128:160,L2,label_Hqql,4.833751201629639,-0.17920303344726562,-0.8662228782613965
20518,C_Tbl_correct,best_lepton,muon,1,L2_ch128:160,L2,label_Tbl,4.833751201629639,0.6232444047927856,3.0126083905760765
20518,C_Tbl_correct,second_lepton,electron,2,L2_ch128:160,L2,label_Hqql,1.1679420471191406,-0.17920303344726562,-0.20929875773435924
20518,C_Tbl_correct,second_lepton,electron,2,L2_ch128:160,L2,label_Tbl,1.1679420471191406,0.6232444047927856,0.7279133459892364
20518,C_Tbl_correct,photon_neighbor,photon,3,L2_ch128:160,L2,label_Hqql,0.2949025630950928,-0.17920303344726562,-0.05284743387801427
20518,C_Tbl_correct,photon_neighbor,photon,3,L2_ch128:160,L2,label_Tbl,0.2949025630950928,0.6232444047927856,0.183796372408068
20519,C_Tbl_correct,particle0_best_lepton,muon,0,L2_ch128:160,L2,label_Hqql,6.825295448303223,0.8174947500228882,5.5796431963429995
20519,C_Tbl_correct,particle0_best_lepton,muon,0,L2_ch128:160,L2,label_Tbl,6.825295448303223,2.598036766052246,17.73236851386082
20519,C_Tbl_correct,hadron_neighbor,charged_hadron,12,L2_ch128:160,L2,label_Hqql,1.120169997215271,0.8174947500228882,0.9157330918566373
20519,C_Tbl_correct,hadron_neighbor,charged_hadron,12,L2_ch128:160,L2,label_Tbl,1.120169997215271,2.598036766052246,2.910242836993916
20519,C_Tbl_correct,photon_neighbor,photon,24,L2_ch128:160,L2,label_Hqql,1.0284335613250732,0.8174947500228882,0.8407390371305894
20519,C_Tbl_correct,photon_neighbor,photon,24,L2_ch128:160,L2,label_Tbl,1.0284335613250732,2.598036766052246,2.6719082037645876
20520,C_Tbl_correct,particle0_best_lepton,muon,0,L2_ch128:160,L2,label_Hqql,5.2233967781066895,2.8147377967834473,14.70249233893378
20520,C_Tbl_correct,particle0_best_lepton,muon,0,L2_ch128:160,L2,label_Tbl,5.2233967781066895,3.6463778018951416,19.046478062178835
20520,C_Tbl_correct,hadron_neighbor,charged_hadron,23,L2_ch128:160,L2,label_Hqql,0.5035597085952759,2.8147377967834473,1.4173885447203816
20520,C_Tbl_correct,hadron_neighbor,charged_hadron,23,L2_ch128:160,L2,label_Tbl,0.5035597085952759,3.6463778018951416,1.8361689433506
20520,C_Tbl_correct,photon_neighbor,photon,2,L2_ch128:160,L2,label_Hqql,0.45850545167922974,2.8147377967834473,1.2905726248727944
20520,C_Tbl_correct,photon_neighbor,photon,2,L2_ch128:160,L2,label_Tbl,0.45850545167922974,3.6463778018951416,1.6718841010510488
20521,C_Tbl_correct,best_lepton,muon,1,L2_ch128:160,L2,label_Hqql,7.706120491027832,0.6584148406982422,5.07382409550155
20521,C_Tbl_correct,best_lepton,muon,1,L2_ch128:160,L2,label_Tbl,7.706120491027832,2.7354471683502197,21.079685476147688
20521,C_Tbl_correct,hardest_hadron,charged_hadron,2,L2_ch128:160,L2,label_Hqql,1.15782630443573,0.6584148406982422,0.7623300217912856
20521,C_Tbl_correct,hardest_hadron,charged_hadron,2,L2_ch128:160,L2,label_Tbl,1.15782630443573,2.7354471683502197,3.167172685910117
20521,C_Tbl_correct,particle0,photon,0,L2_ch128:160,L2,label_Hqql,0.6835055351257324,0.6584148406982422,0.4500301880261759
20521,C_Tbl_correct,particle0,photon,0,L2_ch128:160,L2,label_Tbl,0.6835055351257324,2.7354471683502197,1.8696932806113864
20522,C_Tbl_correct,particle0_best_lepton,muon,0,L2_ch128:160,L2,label_Hqql,9.473882675170898,-4.198084354400635,-39.77215863406218
20522,C_Tbl_correct,particle0_best_lepton,muon,0,L2_ch128:160,L2,label_Tbl,9.473882675170898,1.5683293342590332,14.858168108798964
20522,C_Tbl_correct,hadron_neighbor,charged_hadron,18,L2_ch128:160,L2,label_Hqql,1.1570900678634644,-4.198084354400635,-4.857561710529978
20522,C_Tbl_correct,hadron_neighbor,charged_hadron,18,L2_ch128:160,L2,label_Tbl,1.1570900678634644,1.5683293342590332,1.8146982958100466
20522,C_Tbl_correct,photon_neighbor,photon,2,L2_ch128:160,L2,label_Hqql,1.1214711666107178,-4.198084354400635,-4.708030558459882
20522,C_Tbl_correct,photon_neighbor,photon,2,L2_ch128:160,L2,label_Tbl,1.1214711666107178,1.5683293342590332,1.7588361281212883
20523,C_Tbl_correct,best_lepton,electron,1,L2_ch128:160,L2,label_Hqql,5.101914405822754,-2.9770917892456055,-15.188867487008793
20523,C_Tbl_correct,best_lepton,electron,1,L2_ch128:160,L2,label_Tbl,5.101914405822754,1.3331918716430664,6.80183081566156
20523,C_Tbl_correct,second_lepton,electron,3,L2_ch128:160,L2,label_Hqql,1.3200558423995972,-2.9770917892456055,-3.9299274097535317
20523,C_Tbl_correct,second_lepton,electron,3,L2_ch128:160,L2,label_Tbl,1.3200558423995972,1.3331918716430664,1.7598877192020836
20523,C_Tbl_correct,hard_hadron,charged_hadron,4,L2_ch128:160,L2,label_Hqql,0.8753617405891418,-2.9770917892456055,-2.606032250527676
20523,C_Tbl_correct,hard_hadron,charged_hadron,4,L2_ch128:160,L2,label_Tbl,0.8753617405891418,1.3331918716430664,1.1670251573007704
20524,C_Tbl_correct,particle0_best_lepton,electron,0,L2_ch128:160,L2,label_Hqql,5.592959403991699,-2.434051036834717,-13.613548636260475
20524,C_Tbl_correct,particle0_best_lepton,electron,0,L2_ch128:160,L2,label_Tbl,5.592959403991699,1.1929993629455566,6.672397005942457
20524,C_Tbl_correct,second_lepton,muon,3,L2_ch128:160,L2,label_Hqql,2.4415946006774902,-2.434051036834717,-5.942965869309091
20524,C_Tbl_correct,second_lepton,muon,3,L2_ch128:160,L2,label_Tbl,2.4415946006774902,1.1929993629455566,2.9128208031795566
20524,C_Tbl_correct,hadron_neighbor,neutral_hadron,8,L2_ch128:160,L2,label_Hqql,1.2868579626083374,-2.434051036834717,-3.132277958145835
20524,C_Tbl_correct,hadron_neighbor,neutral_hadron,8,L2_ch128:160,L2,label_Tbl,1.2868579626083374,1.1929993629455566,1.5352207295931635
20525,C_Tbl_correct,particle0_best_lepton,muon,0,L2_ch128:160,L2,label_Hqql,9.57606029510498,0.1775517463684082,1.7002462287250637
20525,C_Tbl_correct,particle0_best_lepton,muon,0,L2_ch128:160,L2,label_Tbl,9.57606029510498,2.2871806621551514,21.902179926595863
20525,C_Tbl_correct,photon_neighbor,photon,20,L2_ch128:160,L2,label_Hqql,0.9064081907272339,0.1775517463684082,0.1609343571862496
20525,C_Tbl_correct,photon_neighbor,photon,20,L2_ch128:160,L2,label_Tbl,0.9064081907272339,2.2871806621551514,2.0731192858503675
20525,C_Tbl_correct,hard_hadron,charged_hadron,3,L2_ch128:160,L2,label_Hqql,0.8898431658744812,0.1775517463684082,0.15799320809500728
20525,C_Tbl_correct,hard_hadron,charged_hadron,3,L2_ch128:160,L2,label_Tbl,0.8898431658744812,2.2871806621551514,2.035232081339032
20526,C_Tbl_correct,particle0_best_lepton,electron,0,L2_ch128:160,L2,label_Hqql,6.3818039894104,0.9896183013916016,6.315550023814467
20526,C_Tbl_correct,particle0_best_lepton,electron,0,L2_ch128:160,L2,label_Tbl,6.3818039894104,2.3624866008758545,15.076926414398145
20526,C_Tbl_correct,hadron_neighbor,charged_hadron,22,L2_ch128:160,L2,label_Hqql,1.010758876800537,0.9896183013916016,1.0002654827758306
20526,C_Tbl_correct,hadron_neighbor,charged_hadron,22,L2_ch128:160,L2,label_Tbl,1.010758876800537,2.3624866008758545,2.3879043031575975
20526,C_Tbl_correct,hard_hadron,charged_hadron,6,L2_ch128:160,L2,label_Hqql,0.9224741458892822,0.9896183013916016,0.9128972973326199
20526,C_Tbl_correct,hard_hadron,charged_hadron,6,L2_ch128:160,L2,label_Tbl,0.9224741458892822,2.3624866008758545,2.1793328093178275
20527,C_Tbl_correct,particle0_best_lepton,electron,0,L2_ch128:160,L2,label_Hqql,8.177845001220703,1.8370261192321777,15.022914866274732
20527,C_Tbl_correct,particle0_best_lepton,electron,0,L2_ch128:160,L2,label_Tbl,8.177845001220703,2.485643148422241,20.327204396143316
20527,C_Tbl_correct,hardest_hadron,charged_hadron,1,L2_ch128:160,L2,label_Hqql,1.4224857091903687,1.8370261192321777,2.613143402017215
20527,C_Tbl_correct,hardest_hadron,charged_hadron,1,L2_ch128:160,L2,label_Tbl,1.4224857091903687,2.485643148422241,3.5357918567775926
20527,C_Tbl_correct,hard_hadron,charged_hadron,2,L2_ch128:160,L2,label_Hqql,1.215578556060791,1.8370261192321777,2.233049557462209
20527,C_Tbl_correct,hard_hadron,charged_hadron,2,L2_ch128:160,L2,label_Tbl,1.215578556060791,2.485643148422241,3.0214945092415064
20528,C_Tbl_correct,particle0_best_lepton,muon,0,L2_ch128:160,L2,label_Hqql,5.023123264312744,0.5891692638397217,2.959469835811319
20528,C_Tbl_correct,particle0_best_lepton,muon,0,L2_ch128:160,L2,label_Tbl,5.023123264312744,2.004765510559082,10.070184275581141
20528,C_Tbl_correct,photon_neighbor,photon,1,L2_ch128:160,L2,label_Hqql,1.600263237953186,0.5891692638397217,0.942825913854648
20528,C_Tbl_correct,photon_neighbor,photon,1,L2_ch128:160,L2,label_Tbl,1.600263237953186,2.004765510559082,3.208152547264149
20528,C_Tbl_correct,hardest_hadron,charged_hadron,2,L2_ch128:160,L2,label_Hqql,0.8643767833709717,0.5891692638397217,0.509264233138822
20528,C_Tbl_correct,hardest_hadron,charged_hadron,2,L2_ch128:160,L2,label_Tbl,0.8643767833709717,2.004765510559082,1.732872763430123
20529,C_Tbl_correct,particle0_best_lepton,electron,0,L2_ch128:160,L2,label_Hqql,9.337041854858398,-0.09300613403320312,-0.8684021662265877
20529,C_Tbl_correct,particle0_best_lepton,electron,0,L2_ch128:160,L2,label_Tbl,9.337041854858398,1.750523567199707,16.344711814859693
20529,C_Tbl_correct,photon_neighbor,photon,1,L2_ch128:160,L2,label_Hqql,0.7983013391494751,-0.09300613403320312,-0.07424692134782163
20529,C_Tbl_correct,photon_neighbor,photon,1,L2_ch128:160,L2,label_Tbl,0.7983013391494751,1.750523567199707,1.3974453079082423
20529,C_Tbl_correct,photon_neighbor,photon,5,L2_ch128:160,L2,label_Hqql,0.7249446511268616,-0.09300613403320312,-0.06742429938935857
20529,C_Tbl_correct,photon_neighbor,photon,5,L2_ch128:160,L2,label_Tbl,0.7249446511268616,1.750523567199707,1.2690326967129408
20530,C_Tbl_correct,particle0_best_lepton,electron,0,L2_ch128:160,L2,label_Hqql,9.077168464660645,0.3178896903991699,2.885538272932081
20530,C_Tbl_correct,particle0_best_lepton,electron,0,L2_ch128:160,L2,label_Tbl,9.077168464660645,0.8747563362121582,7.940310629327087
20530,C_Tbl_correct,hard_hadron,charged_hadron,4,L2_ch128:160,L2,label_Hqql,1.2001813650131226,0.3178896903991699,0.3815252825468747
20530,C_Tbl_correct,hard_hadron,charged_hadron,4,L2_ch128:160,L2,label_Tbl,1.2001813650131226,0.8747563362121582,1.049866253648986
20530,C_Tbl_correct,hadron_neighbor,charged_hadron,41,L2_ch128:160,L2,label_Hqql,0.8387821912765503,0.3178896903991699,0.2666402110972399
20530,C_Tbl_correct,hadron_neighbor,charged_hadron,41,L2_ch128:160,L2,label_Tbl,0.8387821912765503,0.8747563362121582,0.7337300365210808
20531,C_Tbl_correct,particle0_best_lepton,electron,0,L2_ch128:160,L2,label_Hqql,4.066128253936768,1.207561731338501,4.910100874168279
20531,C_Tbl_correct,particle0_best_lepton,electron,0,L2_ch128:160,L2,label_Tbl,4.066128253936768,2.9136240482330322,11.847169063869956
20531,C_Tbl_correct,hard_hadron,charged_hadron,2,L2_ch128:160,L2,label_Hqql,0.810721218585968,1.207561731338501,0.9789959183485308
20531,C_Tbl_correct,hard_hadron,charged_hadron,2,L2_ch128:160,L2,label_Tbl,0.810721218585968,2.9136240482330322,2.362136838884865
20531,C_Tbl_correct,hardest_hadron,charged_hadron,1,L2_ch128:160,L2,label_Hqql,0.5384802222251892,1.207561731338501,0.6502481094417902
20531,C_Tbl_correct,hardest_hadron,charged_hadron,1,L2_ch128:160,L2,label_Tbl,0.5384802222251892,2.9136240482330322,1.5689289249731786
20532,C_Tbl_correct,particle0_best_lepton,electron,0,L2_ch128:160,L2,label_Hqql,5.444277286529541,0.5832351446151733,3.1752938505341604
20532,C_Tbl_correct,particle0_best_lepton,electron,0,L2_ch128:160,L2,label_Tbl,5.444277286529541,2.2314398288726807,12.148577176588901
20532,C_Tbl_correct,hardest_hadron,charged_hadron,1,L2_ch128:160,L2,label_Hqql,1.5575075149536133,0.5832351446151733,0.9083931207231899
20532,C_Tbl_correct,hardest_hadron,charged_hadron,1,L2_ch128:160,L2,label_Tbl,1.5575075149536133,2.2314398288726807,3.475484302636005
20532,C_Tbl_correct,hard_hadron,charged_hadron,2,L2_ch128:160,L2,label_Hqql,1.4327788352966309,0.5832351446151733,0.8356469712057901
20532,C_Tbl_correct,hard_hadron,charged_hadron,2,L2_ch128:160,L2,label_Tbl,1.4327788352966309,2.2314398288726807,3.1971597590467127
20533,C_Tbl_correct,particle0_best_lepton,electron,0,L2_ch128:160,L2,label_Hqql,9.11009407043457,0.09405136108398438,0.8568167469275068
20533,C_Tbl_correct,particle0_best_lepton,electron,0,L2_ch128:160,L2,label_Tbl,9.11009407043457,1.712211012840271,15.598403395408923
20533,C_Tbl_correct,hadron_neighbor,charged_hadron,40,L2_ch128:160,L2,label_Hqql,0.7285282015800476,0.09405136108398438,0.06851906894667081
20533,C_Tbl_correct,hadron_neighbor,charged_hadron,40,L2_ch128:160,L2,label_Tbl,0.7285282015800476,1.712211012840271,1.2473940099100744
20533,C_Tbl_correct,hard_hadron,charged_hadron,4,L2_ch128:160,L2,label_Hqql,0.718867838382721,0.09405136108398438,0.06761049863939661
20533,C_Tbl_correct,hard_hadron,charged_hadron,4,L2_ch128:160,L2,label_Tbl,0.718867838382721,1.712211012840271,1.2308534296555749
20534,C_Tbl_correct,particle0_best_lepton,muon,0,L2_ch128:160,L2,label_Hqql,4.220259189605713,1.588704228401184,6.7047436194755505
20534,C_Tbl_correct,particle0_best_lepton,muon,0,L2_ch128:160,L2,label_Tbl,4.220259189605713,2.6009483337402344,10.97667610715689
20534,C_Tbl_correct,hard_hadron,charged_hadron,2,L2_ch128:160,L2,label_Hqql,0.593297004699707,1.588704228401184,0.9425734600641817
20534,C_Tbl_correct,hard_hadron,charged_hadron,2,L2_ch128:160,L2,label_Tbl,0.593297004699707,2.6009483337402344,1.543134855786775
20534,C_Tbl_correct,hard_hadron,charged_hadron,5,L2_ch128:160,L2,label_Hqql,0.526098906993866,1.588704228401184,0.8358155580983961
20534,C_Tbl_correct,hard_hadron,charged_hadron,5,L2_ch128:160,L2,label_Tbl,0.526098906993866,2.6009483337402344,1.3683560755282542
20535,C_Tbl_correct,particle0_best_lepton,muon,0,L2_ch128:160,L2,label_Hqql,6.05224609375,0.09142827987670898,0.5533464497420937
20535,C_Tbl_correct,particle0_best_lepton,muon,0,L2_ch128:160,L2,label_Tbl,6.05224609375,1.5535531044006348,9.402485707541928
20535,C_Tbl_correct,nearest_hadron_to_best_lepton,neutral_hadron,7,L2_ch128:160,L2,label_Hqql,1.0330555438995361,0.09142827987670898,0.09445049139583261
20535,C_Tbl_correct,nearest_hadron_to_best_lepton,neutral_hadron,7,L2_ch128:160,L2,label_Tbl,1.0330555438995361,1.5535531044006348,1.6049066472434106
20535,C_Tbl_correct,second_lepton,electron,1,L2_ch128:160,L2,label_Hqql,0.8991172909736633,0.09142827987670898,0.08220474732112848
20535,C_Tbl_correct,second_lepton,electron,1,L2_ch128:160,L2,label_Tbl,0.8991172909736633,1.5535531044006348,1.3968264586124235
20536,C_Tbl_correct,particle0_best_lepton,electron,0,L2_ch128:160,L2,label_Hqql,9.847282409667969,-2.0458569526672363,-20.14613118269699
20536,C_Tbl_correct,particle0_best_lepton,electron,0,L2_ch128:160,L2,label_Tbl,9.847282409667969,1.8420671224594116,18.139355172422256
20536,C_Tbl_correct,hard_hadron,neutral_hadron,2,L2_ch128:160,L2,label_Hqql,2.632652759552002,-2.0458569526672363,-5.386030952088049
20536,C_Tbl_correct,hard_hadron,neutral_hadron,2,L2_ch128:160,L2,label_Tbl,2.632652759552002,1.8420671224594116,4.8495230932227855
20536,C_Tbl_correct,nearest_hadron_to_best_lepton,charged_hadron,24,L2_ch128:160,L2,label_Hqql,0.9148005843162537,-2.0458569526672363,-1.871551135727458
20536,C_Tbl_correct,nearest_hadron_to_best_lepton,charged_hadron,24,L2_ch128:160,L2,label_Tbl,0.9148005843162537,1.8420671224594116,1.6851240799756297
20537,C_Tbl_correct,particle0_best_lepton,muon,0,L2_ch128:160,L2,label_Hqql,5.175195693969727,0.14391803741455078,0.7448040075123572
20537,C_Tbl_correct,particle0_best_lepton,muon,0,L2_ch128:160,L2,label_Tbl,5.175195693969727,1.6501107215881348,8.539645900936193
20537,C_Tbl_correct,second_lepton,muon,1,L2_ch128:160,L2,label_Hqql,2.187211275100708,0.14391803741455078,0.314779154123471
20537,C_Tbl_correct,second_lepton,muon,1,L2_ch128:160,L2,label_Tbl,2.187211275100708,1.6501107215881348,3.6091407754221336
20537,C_Tbl_correct,hadron_neighbor,charged_hadron,14,L2_ch128:160,L2,label_Hqql,1.2556899785995483,0.14391803741455078,0.18071643732116627
20537,C_Tbl_correct,hadron_neighbor,charged_hadron,14,L2_ch128:160,L2,label_Tbl,1.2556899785995483,1.6501107215881348,2.07202749667789
20538,C_Tbl_correct,particle0_best_lepton,electron,0,L2_ch128:160,L2,label_Hqql,6.729748249053955,-0.9697380065917969,-6.526092651902218
20538,C_Tbl_correct,particle0_best_lepton,electron,0,L2_ch128:160,L2,label_Tbl,6.729748249053955,1.664060115814209,11.198705650721195
20538,C_Tbl_correct,second_lepton,electron,1,L2_ch128:160,L2,label_Hqql,1.8546828031539917,-0.9697380065917969,-1.798556404390638
20538,C_Tbl_correct,second_lepton,electron,1,L2_ch128:160,L2,label_Tbl,1.8546828031539917,1.664060115814209,3.086303680215053
20538,C_Tbl_correct,hard_hadron,charged_hadron,8,L2_ch128:160,L2,label_Hqql,1.3321856260299683,-0.9697380065917969,-1.2918710333965464
20538,C_Tbl_correct,hard_hadron,charged_hadron,8,L2_ch128:160,L2,label_Tbl,1.3321856260299683,1.664060115814209,2.2168369671374535
20539,C_Tbl_correct,particle0_best_lepton,electron,0,L2_ch128:160,L2,label_Hqql,9.056134223937988,-1.2011209726333618,-10.877512747354672
20539,C_Tbl_correct,particle0_best_lepton,electron,0,L2_ch128:160,L2,label_Tbl,9.056134223937988,1.2315607070922852,11.153179068355712
20539,C_Tbl_correct,second_lepton,electron,35,L2_ch128:160,L2,label_Hqql,1.2665812969207764,-1.2011209726333618,-1.5213173592767077
20539,C_Tbl_correct,second_lepton,electron,35,L2_ch128:160,L2,label_Tbl,1.2665812969207764,1.2315607070922852,1.559871757625615
20539,C_Tbl_correct,hadron_neighbor,charged_hadron,19,L2_ch128:160,L2,label_Hqql,0.8780158758163452,-1.2011209726333618,-1.0546032827480616
20539,C_Tbl_correct,hadron_neighbor,charged_hadron,19,L2_ch128:160,L2,label_Tbl,0.8780158758163452,1.2315607070922852,1.0813298528586301
20540,C_Tbl_correct,particle0_best_lepton,muon,0,L2_ch128:160,L2,label_Hqql,3.78596830368042,1.2878327369689941,4.875693922606615
20540,C_Tbl_correct,particle0_best_lepton,muon,0,L2_ch128:160,L2,label_Tbl,3.78596830368042,1.6168363094329834,6.121291019752903
20540,C_Tbl_correct,hadron_neighbor,charged_hadron,10,L2_ch128:160,L2,label_Hqql,1.232398509979248,1.2878327369689941,1.5871231461430853
20540,C_Tbl_correct,hadron_neighbor,charged_hadron,10,L2_ch128:160,L2,label_Tbl,1.232398509979248,1.6168363094329834,1.9925866586255552
20540,C_Tbl_correct,second_lepton,electron,3,L2_ch128:160,L2,label_Hqql,1.0763975381851196,1.2878327369689941,1.38621998766763
20540,C_Tbl_correct,second_lepton,electron,3,L2_ch128:160,L2,label_Tbl,1.0763975381851196,1.6168363094329834,1.7403586231219776
20541,C_Tbl_correct,particle0_best_lepton,muon,0,L2_ch128:160,L2,label_Hqql,4.438949108123779,2.3989334106445312,10.648743323628878
20541,C_Tbl_correct,particle0_best_lepton,muon,0,L2_ch128:160,L2,label_Tbl,4.438949108123779,3.02828311920166,13.442394651126506
20541,C_Tbl_correct,photon_neighbor,photon,1,L2_ch128:160,L2,label_Hqql,0.7688809633255005,2.3989334106445312,1.8444942317300956
20541,C_Tbl_correct,photon_neighbor,photon,1,L2_ch128:160,L2,label_Tbl,0.7688809633255005,3.02828311920166,2.328389241914124
20541,C_Tbl_correct,hardest_hadron,charged_hadron,3,L2_ch128:160,L2,label_Hqql,0.6566834449768066,2.3989334106445312,1.5753398563720111
20541,C_Tbl_correct,hardest_hadron,charged_hadron,3,L2_ch128:160,L2,label_Tbl,0.6566834449768066,3.02828311920166,1.9886233910824558
20542,C_Tbl_correct,particle0_best_lepton,electron,0,L2_ch128:160,L2,label_Hqql,5.509976387023926,0.9462350606918335,5.213732840986154
20542,C_Tbl_correct,particle0_best_lepton,electron,0,L2_ch128:160,L2,label_Tbl,5.509976387023926,2.537820816040039,13.983332770878405
20542,C_Tbl_correct,hard_hadron,charged_hadron,2,L2_ch128:160,L2,label_Hqql,1.0543750524520874,0.9462350606918335,0.997686641748956
20542,C_Tbl_correct,hard_hadron,charged_hadron,2,L2_ch128:160,L2,label_Tbl,1.0543750524520874,2.537820816040039,2.6758149560262154
20542,C_Tbl_correct,photon_neighbor,photon,6,L2_ch128:160,L2,label_Hqql,0.933549165725708,0.9462350606918335,0.8833569514892758
20542,C_Tbl_correct,photon_neighbor,photon,6,L2_ch128:160,L2,label_Tbl,0.933549165725708,2.537820816040039,2.369180505575514
20543,C_Tbl_correct,particle0_best_lepton,muon,0,L2_ch128:160,L2,label_Hqql,8.104283332824707,0.1432819366455078,1.1611974110510346
20543,C_Tbl_correct,particle0_best_lepton,muon,0,L2_ch128:160,L2,label_Tbl,8.104283332824707,1.9187474250793457,15.550072776970865
20543,C_Tbl_correct,photon_neighbor,photon,49,L2_ch128:160,L2,label_Hqql,1.5642001628875732,0.1432819366455078,0.22412162863975027
20543,C_Tbl_correct,photon_neighbor,photon,49,L2_ch128:160,L2,label_Tbl,1.5642001628875732,1.9187474250793457,3.0013050348492243
20543,C_Tbl_correct,hard_hadron,charged_hadron,2,L2_ch128:160,L2,label_Hqql,1.3116939067840576,0.1432819366455078,0.18794204325013197
20543,C_Tbl_correct,hard_hadron,charged_hadron,2,L2_ch128:160,L2,label_Tbl,1.3116939067840576,1.9187474250793457,2.516809306134178
20544,C_Tbl_correct,particle0_best_lepton,muon,0,L2_ch128:160,L2,label_Hqql,3.3943727016448975,2.175652265548706,7.384974658450403
20544,C_Tbl_correct,particle0_best_lepton,muon,0,L2_ch128:160,L2,label_Tbl,3.3943727016448975,3.1552367210388184,10.710049393121722
20544,C_Tbl_correct,photon_neighbor,photon,1,L2_ch128:160,L2,label_Hqql,0.748447835445404,2.175652265548706,1.6283622288318185
20544,C_Tbl_correct,photon_neighbor,photon,1,L2_ch128:160,L2,label_Tbl,0.748447835445404,3.1552367210388184,2.3615300941793578
20544,C_Tbl_correct,hardest_hadron,charged_hadron,2,L2_ch128:160,L2,label_Hqql,0.5548604726791382,2.175652265548706,1.207183444447793
20544,C_Tbl_correct,hardest_hadron,charged_hadron,2,L2_ch128:160,L2,label_Tbl,0.5548604726791382,3.1552367210388184,1.7507161384501728
20545,C_Tbl_correct,particle0_best_lepton,electron,0,L2_ch128:160,L2,label_Hqql,4.090089797973633,1.7000839710235596,6.953496105581962
20545,C_Tbl_correct,particle0_best_lepton,electron,0,L2_ch128:160,L2,label_Tbl,4.090089797973633,2.538328170776367,10.381990155201493
20545,C_Tbl_correct,hardest_hadron,charged_hadron,1,L2_ch128:160,L2,label_Hqql,0.7762317657470703,1.7000839710235596,1.3196591827459088
20545,C_Tbl_correct,hardest_hadron,charged_hadron,1,L2_ch128:160,L2,label_Tbl,0.7762317657470703,2.538328170776367,1.9703309580472705
20545,C_Tbl_correct,hard_hadron,charged_hadron,3,L2_ch128:160,L2,label_Hqql,0.34230542182922363,1.7000839710235596,0.5819479608463212
20545,C_Tbl_correct,hard_hadron,charged_hadron,3,L2_ch128:160,L2,label_Tbl,0.34230542182922363,2.538328170776367,0.868883495238606
20546,C_Tbl_correct,particle0_best_lepton,electron,0,L2_ch128:160,L2,label_Hqql,8.988235473632812,-0.8086862564086914,-7.2686624968919205
20546,C_Tbl_correct,particle0_best_lepton,electron,0,L2_ch128:160,L2,label_Tbl,8.988235473632812,3.2691922187805176,29.38426947096741
20546,C_Tbl_correct,second_lepton,muon,6,L2_ch128:160,L2,label_Hqql,1.2342281341552734,-0.8086862564086914,-0.9981033293643122
20546,C_Tbl_correct,second_lepton,muon,6,L2_ch128:160,L2,label_Tbl,1.2342281341552734,3.2691922187805176,4.034929012380417
20546,C_Tbl_correct,hardest_hadron,charged_hadron,1,L2_ch128:160,L2,label_Hqql,1.0517704486846924,-0.8086862564086914,-0.8505523067481136
20546,C_Tbl_correct,hardest_hadron,charged_hadron,1,L2_ch128:160,L2,label_Tbl,1.0517704486846924,3.2691922187805176,3.43843976678329
20547,C_Tbl_correct,particle0_best_lepton,electron,0,L2_ch128:160,L2,label_Hqql,11.252869606018066,-2.144944190979004,-24.136777293272644
20547,C_Tbl_correct,particle0_best_lepton,electron,0,L2_ch128:160,L2,label_Tbl,11.252869606018066,1.6849842071533203,18.960907571296048
20547,C_Tbl_correct,hardest_hadron,charged_hadron,1,L2_ch128:160,L2,label_Hqql,1.0743739604949951,-2.144944190979004,-2.3044721855028456
20547,C_Tbl_correct,hardest_hadron,charged_hadron,1,L2_ch128:160,L2,label_Tbl,1.0743739604949951,1.6849842071533203,1.810303156010832
20547,C_Tbl_correct,hard_hadron,charged_hadron,4,L2_ch128:160,L2,label_Hqql,0.6696042418479919,-2.144944190979004,-1.4362637288067504
20547,C_Tbl_correct,hard_hadron,charged_hadron,4,L2_ch128:160,L2,label_Tbl,0.6696042418479919,1.6849842071533203,1.1282725725567389
20548,C_Tbl_correct,particle0_best_lepton,electron,0,L2_ch128:160,L2,label_Hqql,5.300073146820068,1.1182527542114258,5.92682139395356
20548,C_Tbl_correct,particle0_best_lepton,electron,0,L2_ch128:160,L2,label_Tbl,5.300073146820068,2.6558265686035156,14.07607507886678
20548,C_Tbl_correct,second_lepton,electron,4,L2_ch128:160,L2,label_Hqql,1.7865952253341675,1.1182527542114258,1.9978650313909156
20548,C_Tbl_correct,second_lepton,electron,4,L2_ch128:160,L2,label_Tbl,1.7865952253341675,2.6558265686035156,4.744887066782667
20548,C_Tbl_correct,hard_hadron,charged_hadron,3,L2_ch128:160,L2,label_Hqql,1.2993385791778564,1.1182527542114258,1.4529889448187987
20548,C_Tbl_correct,hard_hadron,charged_hadron,3,L2_ch128:160,L2,label_Tbl,1.2993385791778564,2.6558265686035156,3.450817920192094
20549,C_Tbl_correct,best_lepton,electron,3,L2_ch128:160,L2,label_Hqql,4.14939022064209,2.4523396492004395,10.175714158085157
20549,C_Tbl_correct,best_lepton,electron,3,L2_ch128:160,L2,label_Tbl,4.14939022064209,2.8595101833343506,11.865223590554024
20549,C_Tbl_correct,hardest_hadron,charged_hadron,1,L2_ch128:160,L2,label_Hqql,1.3655424118041992,2.4523396492004395,3.348773799132232
20549,C_Tbl_correct,hardest_hadron,charged_hadron,1,L2_ch128:160,L2,label_Tbl,1.3655424118041992,2.8595101833343506,3.904782432329057
20549,C_Tbl_correct,particle0,photon,0,L2_ch128:160,L2,label_Hqql,0.9451075196266174,2.4523396492004395,2.3177246431378364
20549,C_Tbl_correct,particle0,photon,0,L2_ch128:160,L2,label_Tbl,0.9451075196266174,2.8595101833343506,2.702544576718182
20551,C_Tbl_correct,best_lepton,electron,1,L2_ch128:160,L2,label_Hqql,4.056509494781494,0.0532989501953125,0.21620769752917113
20551,C_Tbl_correct,best_lepton,electron,1,L2_ch128:160,L2,label_Tbl,4.056509494781494,1.5071585178375244,6.113802837748722
20551,C_Tbl_correct,particle0,photon,0,L2_ch128:160,L2,label_Hqql,2.541262149810791,0.0532989501953125,0.13544660475599812
20551,C_Tbl_correct,particle0,photon,0,L2_ch128:160,L2,label_Tbl,2.541262149810791,1.5071585178375244,3.8300848951454327
20551,C_Tbl_correct,second_lepton,electron,2,L2_ch128:160,L2,label_Hqql,1.6796371936798096,0.0532989501953125,0.08952289913213463
20551,C_Tbl_correct,second_lepton,electron,2,L2_ch128:160,L2,label_Tbl,1.6796371936798096,1.5071585178375244,2.5314795033312407
20552,C_Tbl_correct,particle0_best_lepton,muon,0,L2_ch128:160,L2,label_Hqql,5.74684476852417,0.35103845596313477,2.0173635142025432
20552,C_Tbl_correct,particle0_best_lepton,muon,0,L2_ch128:160,L2,label_Tbl,5.74684476852417,3.0049400329589844,17.268923908139186
20552,C_Tbl_correct,photon_neighbor,photon,2,L2_ch128:160,L2,label_Hqql,0.8904656767845154,0.35103845596313477,0.3125876962666041
20552,C_Tbl_correct,photon_neighbor,photon,2,L2_ch128:160,L2,label_Tbl,0.8904656767845154,3.0049400329589844,2.675795960145706
20552,C_Tbl_correct,photon_neighbor,photon,10,L2_ch128:160,L2,label_Hqql,0.8770845532417297,0.35103845596313477,0.3078904073190927
20552,C_Tbl_correct,photon_neighbor,photon,10,L2_ch128:160,L2,label_Tbl,0.8770845532417297,3.0049400329589844,2.6355864863260194
20553,C_Tbl_correct,best_lepton,electron,2,L2_ch128:160,L2,label_Hqql,9.32048225402832,-3.7637405395507812,-35.07987690765003
20553,C_Tbl_correct,best_lepton,electron,2,L2_ch128:160,L2,label_Tbl,9.32048225402832,1.3928027153015137,12.981592991330217
20553,C_Tbl_correct,hadron_neighbor,neutral_hadron,12,L2_ch128:160,L2,label_Hqql,1.0967471599578857,-3.7637405395507812,-4.12787174757068
20553,C_Tbl_correct,hadron_neighbor,neutral_hadron,12,L2_ch128:160,L2,label_Tbl,1.0967471599578857,1.3928027153015137,1.5275524223885668
20553,C_Tbl_correct,nearest_hadron_to_best_lepton,neutral_hadron,20,L2_ch128:160,L2,label_Hqql,1.0220625400543213,-3.7637405395507812,-3.846778215958693
20553,C_Tbl_correct,nearest_hadron_to_best_lepton,neutral_hadron,20,L2_ch128:160,L2,label_Tbl,1.0220625400543213,1.3928027153015137,1.4235314809956208
20554,C_Tbl_correct,best_lepton,muon,3,L2_ch128:160,L2,label_Hqql,4.124564170837402,1.170027732849121,4.825854465795601
20554,C_Tbl_correct,best_lepton,muon,3,L2_ch128:160,L2,label_Tbl,4.124564170837402,2.4250972270965576,10.002469133679597
20554,C_Tbl_correct,particle0,charged_hadron,0,L2_ch128:160,L2,label_Hqql,0.8340927958488464,1.170027732849121,0.9759117029128106
20554,C_Tbl_correct,particle0,charged_hadron,0,L2_ch128:160,L2,label_Tbl,0.8340927958488464,2.4250972270965576,2.0227561263542526
20554,C_Tbl_correct,photon_neighbor,photon,1,L2_ch128:160,L2,label_Hqql,0.6160988211631775,1.170027732849121,0.7208527069365687
20554,C_Tbl_correct,photon_neighbor,photon,1,L2_ch128:160,L2,label_Tbl,0.6160988211631775,2.4250972270965576,1.4940995428202797
20555,C_Tbl_correct,particle0_best_lepton,electron,0,L2_ch128:160,L2,label_Hqql,6.140638828277588,1.2364122867584229,7.592361295828255
20555,C_Tbl_correct,particle0_best_lepton,electron,0,L2_ch128:160,L2,label_Tbl,6.140638828277588,3.6220662593841553,22.241800710968505
20555,C_Tbl_correct,hardest_hadron,charged_hadron,1,L2_ch128:160,L2,label_Hqql,1.0075173377990723,1.2364122867584229,1.2457068155769093
20555,C_Tbl_correct,hardest_hadron,charged_hadron,1,L2_ch128:160,L2,label_Tbl,1.0075173377990723,3.6220662593841553,3.649294554986568
20555,C_Tbl_correct,photon_neighbor,photon,2,L2_ch128:160,L2,label_Hqql,0.7456040382385254,1.2364122867584229,0.9218739939348097
20555,C_Tbl_correct,photon_neighbor,photon,2,L2_ch128:160,L2,label_Tbl,0.7456040382385254,3.6220662593841553,2.7006272297643363
20556,C_Tbl_correct,particle0_best_lepton,muon,0,L2_ch128:160,L2,label_Hqql,5.84690523147583,1.0460789203643799,6.116324312015081
20556,C_Tbl_correct,particle0_best_lepton,muon,0,L2_ch128:160,L2,label_Tbl,5.84690523147583,3.17067813873291,18.5386545966835
20556,C_Tbl_correct,nearest_hadron_to_best_lepton,charged_hadron,10,L2_ch128:160,L2,label_Hqql,0.8852455019950867,1.0460789203643799,0.9260366589844438
20556,C_Tbl_correct,nearest_hadron_to_best_lepton,charged_hadron,10,L2_ch128:160,L2,label_Tbl,0.8852455019950867,3.17067813873291,2.806828560587462
20556,C_Tbl_correct,hard_hadron,charged_hadron,2,L2_ch128:160,L2,label_Hqql,0.8158420920372009,1.0460789203643799,0.8534352148260922
20556,C_Tbl_correct,hard_hadron,charged_hadron,2,L2_ch128:160,L2,label_Tbl,0.8158420920372009,3.17067813873291,2.586772685880476
20557,C_Tbl_correct,particle0_best_lepton,electron,0,L2_ch128:160,L2,label_Hqql,7.594872951507568,-0.8310346603393555,-6.31160266357665
20557,C_Tbl_correct,particle0_best_lepton,electron,0,L2_ch128:160,L2,label_Tbl,7.594872951507568,1.3877537250518799,10.539813229750393
20557,C_Tbl_correct,hardest_hadron,charged_hadron,2,L2_ch128:160,L2,label_Hqql,1.3700381517410278,-0.8310346603393555,-1.1385491900840634
20557,C_Tbl_correct,hardest_hadron,charged_hadron,2,L2_ch128:160,L2,label_Tbl,1.3700381517410278,1.3877537250518799,1.901275548541804
20557,C_Tbl_correct,hadron_neighbor,charged_hadron,23,L2_ch128:160,L2,label_Hqql,0.8918781280517578,-0.8310346603393555,-0.7411816372095927
20557,C_Tbl_correct,hadron_neighbor,charged_hadron,23,L2_ch128:160,L2,label_Tbl,0.8918781280517578,1.3877537250518799,1.2377071944961244
20558,C_Tbl_correct,particle0_best_lepton,electron,0,L2_ch128:160,L2,label_Hqql,5.035350799560547,1.6002830266952515,8.057986417993106
20558,C_Tbl_correct,particle0_best_lepton,electron,0,L2_ch128:160,L2,label_Tbl,5.035350799560547,2.697275400161743,13.581727842839427
20558,C_Tbl_correct,nearest_hadron_to_best_lepton,charged_hadron,10,L2_ch128:160,L2,label_Hqql,1.0591559410095215,1.6002830266952515,1.6949492750209743
20558,C_Tbl_correct,nearest_hadron_to_best_lepton,charged_hadron,10,L2_ch128:160,L2,label_Tbl,1.0591559410095215,2.697275400161743,2.8568352646201447
20558,C_Tbl_correct,hardest_hadron,charged_hadron,1,L2_ch128:160,L2,label_Hqql,0.866958737373352,1.6002830266952515,1.3873793522637214
20558,C_Tbl_correct,hardest_hadron,charged_hadron,1,L2_ch128:160,L2,label_Tbl,0.866958737373352,2.697275400161743,2.3384264752724278
20559,C_Tbl_correct,particle0_best_lepton,electron,0,L2_ch128:160,L2,label_Hqql,5.5464677810668945,2.26082706451416,12.539604471891835
20559,C_Tbl_correct,particle0_best_lepton,electron,0,L2_ch128:160,L2,label_Tbl,5.5464677810668945,3.300842761993408,18.3080180297643
20559,C_Tbl_correct,hardest_hadron,charged_hadron,1,L2_ch128:160,L2,label_Hqql,1.0221014022827148,2.26082706451416,2.310794512958637
20559,C_Tbl_correct,hardest_hadron,charged_hadron,1,L2_ch128:160,L2,label_Tbl,1.0221014022827148,3.300842761993408,3.373796015748212
20559,C_Tbl_correct,hadron_neighbor,charged_hadron,7,L2_ch128:160,L2,label_Hqql,0.6363415718078613,2.26082706451416,1.4386582478186938
20559,C_Tbl_correct,hadron_neighbor,charged_hadron,7,L2_ch128:160,L2,label_Tbl,0.6363415718078613,3.300842761993408,2.1004634714574877
20560,C_Tbl_correct,particle0_best_lepton,muon,0,L2_ch128:160,L2,label_Hqql,5.725698947906494,1.4589225053787231,8.353351054124062
20560,C_Tbl_correct,particle0_best_lepton,muon,0,L2_ch128:160,L2,label_Tbl,5.725698947906494,1.0098432302474976,5.782058320978592
20560,C_Tbl_correct,hadron_neighbor,charged_hadron,8,L2_ch128:160,L2,label_Hqql,1.747179388999939,1.4589225053787231,2.5489993315458577
20560,C_Tbl_correct,hadron_neighbor,charged_hadron,8,L2_ch128:160,L2,label_Tbl,1.747179388999939,1.0098432302474976,1.7643772780095475
20560,C_Tbl_correct,hard_hadron,charged_hadron,3,L2_ch128:160,L2,label_Hqql,1.6942119598388672,1.4589225053787231,2.471723957090717
20560,C_Tbl_correct,hard_hadron,charged_hadron,3,L2_ch128:160,L2,label_Tbl,1.6942119598388672,1.0098432302474976,1.7108884782476252
20561,C_Tbl_correct,particle0_best_lepton,electron,0,L2_ch128:160,L2,label_Hqql,6.899570941925049,1.888200044631958,13.027770160484238
20561,C_Tbl_correct,particle0_best_lepton,electron,0,L2_ch128:160,L2,label_Tbl,6.899570941925049,2.1617281436920166,14.914996684559014
20561,C_Tbl_correct,hardest_hadron,charged_hadron,1,L2_ch128:160,L2,label_Hqql,0.8333398699760437,1.888200044631958,1.5735123796823558
20561,C_Tbl_correct,hardest_hadron,charged_hadron,1,L2_ch128:160,L2,label_Tbl,0.8333398699760437,2.1617281436920166,1.8014542501878594
20561,C_Tbl_correct,hadron_neighbor,charged_hadron,17,L2_ch128:160,L2,label_Hqql,0.6427720189094543,1.888200044631958,1.2136821547930055
20561,C_Tbl_correct,hadron_neighbor,charged_hadron,17,L2_ch128:160,L2,label_Tbl,0.6427720189094543,2.1617281436920166,1.3894983632543045
20562,C_Tbl_correct,particle0_best_lepton,electron,0,L2_ch128:160,L2,label_Hqql,8.73635482788086,0.35685253143310547,3.117590335827117
20562,C_Tbl_correct,particle0_best_lepton,electron,0,L2_ch128:160,L2,label_Tbl,8.73635482788086,3.4556057453155518,30.189397936340356
20562,C_Tbl_correct,photon_neighbor,photon,29,L2_ch128:160,L2,label_Hqql,0.9847350120544434,0.35685253143310547,0.35140518184243774
20562,C_Tbl_correct,photon_neighbor,photon,29,L2_ch128:160,L2,label_Tbl,0.9847350120544434,3.4556057453155518,3.4028559652687136
20562,C_Tbl_correct,photon_neighbor,photon,27,L2_ch128:160,L2,label_Hqql,0.8778200745582581,0.35685253143310547,0.31325231574891177
20562,C_Tbl_correct,photon_neighbor,photon,27,L2_ch128:160,L2,label_Tbl,0.8778200745582581,3.4556057453155518,3.0334000929968425
20564,C_Tbl_correct,particle0_best_lepton,electron,0,L2_ch128:160,L2,label_Hqql,6.456436634063721,0.6048891544342041,3.905428496236823
20564,C_Tbl_correct,particle0_best_lepton,electron,0,L2_ch128:160,L2,label_Tbl,6.456436634063721,2.7867026329040527,17.99216896732355
20564,C_Tbl_correct,hadron_neighbor,charged_hadron,19,L2_ch128:160,L2,label_Hqql,1.533111333847046,0.6048891544342041,0.9273624183842344
20564,C_Tbl_correct,hadron_neighbor,charged_hadron,19,L2_ch128:160,L2,label_Tbl,1.533111333847046,2.7867026329040527,4.272325390566607
20564,C_Tbl_correct,hadron_neighbor,neutral_hadron,18,L2_ch128:160,L2,label_Hqql,1.3303815126419067,0.6048891544342041,0.8047333482568604
20564,C_Tbl_correct,hadron_neighbor,neutral_hadron,18,L2_ch128:160,L2,label_Tbl,1.3303815126419067,2.7867026329040527,3.707377664046078
20565,C_Tbl_correct,second_lepton,muon,1,L2_ch128:160,L2,label_Hqql,5.7000508308410645,1.289121150970459,7.348056087643954
20565,C_Tbl_correct,second_lepton,muon,1,L2_ch128:160,L2,label_Tbl,5.7000508308410645,1.4771894216537476,8.420054790207075
20565,C_Tbl_correct,photon_neighbor,photon,32,L2_ch128:160,L2,label_Hqql,0.8104650378227234,1.289121150970459,1.0447876223793457
20565,C_Tbl_correct,photon_neighbor,photon,32,L2_ch128:160,L2,label_Tbl,0.8104650378227234,1.4771894216537476,1.1972103804919314
20565,C_Tbl_correct,hard_hadron,charged_hadron,14,L2_ch128:160,L2,label_Hqql,0.3763517141342163,1.289121150970459,0.4851629548944061
20565,C_Tbl_correct,hard_hadron,charged_hadron,14,L2_ch128:160,L2,label_Tbl,0.3763517141342163,1.4771894216537476,0.5559427709403195
20566,C_Tbl_correct,particle0_best_lepton,electron,0,L2_ch128:160,L2,label_Hqql,6.67190408706665,-1.7096996307373047,-11.406951953972566
20566,C_Tbl_correct,particle0_best_lepton,electron,0,L2_ch128:160,L2,label_Tbl,6.67190408706665,1.9024543762207031,12.692993128164744
20566,C_Tbl_correct,hadron_neighbor,charged_hadron,8,L2_ch128:160,L2,label_Hqql,1.4704675674438477,-1.7096996307373047,-2.514057857069929
20566,C_Tbl_correct,hadron_neighbor,charged_hadron,8,L2_ch128:160,L2,label_Tbl,1.4704675674438477,1.9024543762207031,2.79749745877416
20566,C_Tbl_correct,photon_neighbor,photon,13,L2_ch128:160,L2,label_Hqql,1.234568476676941,-1.7096996307373047,-2.1107412686944826
20566,C_Tbl_correct,photon_neighbor,photon,13,L2_ch128:160,L2,label_Tbl,1.234568476676941,1.9024543762207031,2.3487102011981733
20567,C_Tbl_correct,best_lepton,muon,1,L2_ch128:160,L2,label_Hqql,6.832897663116455,-0.894873857498169,-6.114581489683246
20567,C_Tbl_correct,best_lepton,muon,1,L2_ch128:160,L2,label_Tbl,6.832897663116455,1.2839856147766113,8.773342306682252
20567,C_Tbl_correct,second_lepton,electron,2,L2_ch128:160,L2,label_Hqql,2.5955867767333984,-0.894873857498169,-2.322722751366655
20567,C_Tbl_correct,second_lepton,electron,2,L2_ch128:160,L2,label_Tbl,2.5955867767333984,1.2839856147766113,3.3326960832300756
20567,C_Tbl_correct,photon_neighbor,photon,12,L2_ch128:160,L2,label_Hqql,1.4342994689941406,-0.894873857498169,-1.283517098626362
20567,C_Tbl_correct,photon_neighbor,photon,12,L2_ch128:160,L2,label_Tbl,1.4342994689941406,1.2839856147766113,1.8416198854702088
20568,C_Tbl_correct,particle0_best_lepton,muon,0,L2_ch128:160,L2,label_Hqql,5.980074882507324,0.9781743288040161,5.849555734394357
20568,C_Tbl_correct,particle0_best_lepton,muon,0,L2_ch128:160,L2,label_Tbl,5.980074882507324,1.856710433959961,11.103267430213236
20568,C_Tbl_correct,hadron_neighbor,charged_hadron,26,L2_ch128:160,L2,label_Hqql,0.4263952970504761,0.9781743288040161,0.4170889334975385
20568,C_Tbl_correct,hadron_neighbor,charged_hadron,26,L2_ch128:160,L2,label_Tbl,0.4263952970504761,1.856710433959961,0.7916925970250759
20568,C_Tbl_correct,hadron_neighbor,charged_hadron,24,L2_ch128:160,L2,label_Hqql,0.38086068630218506,0.9781743288040161,0.3725481461914768
20568,C_Tbl_correct,hadron_neighbor,charged_hadron,24,L2_ch128:160,L2,label_Tbl,0.38086068630218506,1.856710433959961,0.7071480101424186
20569,C_Tbl_correct,particle0_best_lepton,electron,0,L2_ch128:160,L2,label_Hqql,6.204279899597168,0.8084506988525391,5.015854420706091
20569,C_Tbl_correct,particle0_best_lepton,electron,0,L2_ch128:160,L2,label_Tbl,6.204279899597168,3.3363020420074463,20.699351698211785
20569,C_Tbl_correct,hardest_hadron,charged_hadron,1,L2_ch128:160,L2,label_Hqql,1.2203478813171387,0.8084506988525391,0.9865910974940562
20569,C_Tbl_correct,hardest_hadron,charged_hadron,1,L2_ch128:160,L2,label_Tbl,1.2203478813171387,3.3363020420074463,4.0714491283978305
20569,C_Tbl_correct,photon_neighbor,photon,5,L2_ch128:160,L2,label_Hqql,0.9826555252075195,0.8084506988525391,0.794428546085328
20569,C_Tbl_correct,photon_neighbor,photon,5,L2_ch128:160,L2,label_Tbl,0.9826555252075195,3.3363020420074463,3.278435635339747
20570,C_Tbl_correct,particle0_best_lepton,muon,0,L2_ch128:160,L2,label_Hqql,7.216172695159912,2.856006383895874,20.609435284671804
20570,C_Tbl_correct,particle0_best_lepton,muon,0,L2_ch128:160,L2,label_Tbl,7.216172695159912,3.2668161392211914,23.573909423955683
20570,C_Tbl_correct,hardest_hadron,charged_hadron,1,L2_ch128:160,L2,label_Hqql,1.4994088411331177,2.856006383895874,4.2823212223460985
20570,C_Tbl_correct,hardest_hadron,charged_hadron,1,L2_ch128:160,L2,label_Tbl,1.4994088411331177,3.2668161392211914,4.898293001504612
20570,C_Tbl_correct,hadron_neighbor,charged_hadron,23,L2_ch128:160,L2,label_Hqql,0.9884530305862427,2.856006383895874,2.8230281655355327
20570,C_Tbl_correct,hadron_neighbor,charged_hadron,23,L2_ch128:160,L2,label_Tbl,0.9884530305862427,3.2668161392211914,3.2290943131812355
20572,C_Tbl_correct,particle0_best_lepton,electron,0,L2_ch128:160,L2,label_Hqql,7.545816421508789,1.0614802837371826,8.009735356131841
20572,C_Tbl_correct,particle0_best_lepton,electron,0,L2_ch128:160,L2,label_Tbl,7.545816421508789,3.2467236518859863,24.49918064850226
20572,C_Tbl_correct,photon_neighbor,photon,22,L2_ch128:160,L2,label_Hqql,2.1524369716644287,1.0614802837371826,2.28476940740876
20572,C_Tbl_correct,photon_neighbor,photon,22,L2_ch128:160,L2,label_Tbl,2.1524369716644287,3.2467236518859863,6.988368025096747
20572,C_Tbl_correct,photon_neighbor,photon,21,L2_ch128:160,L2,label_Hqql,1.3331507444381714,1.0614802837371826,1.4151132304706664
20572,C_Tbl_correct,photon_neighbor,photon,21,L2_ch128:160,L2,label_Tbl,1.3331507444381714,3.2467236518859863,4.328372053496821
20573,C_Tbl_correct,particle0_best_lepton,muon,0,L2_ch128:160,L2,label_Hqql,8.323567390441895,-1.5630559921264648,-13.010201885498645
20573,C_Tbl_correct,particle0_best_lepton,muon,0,L2_ch128:160,L2,label_Tbl,8.323567390441895,1.6644080877304077,13.853812883420574
20573,C_Tbl_correct,hadron_neighbor,charged_hadron,13,L2_ch128:160,L2,label_Hqql,1.0982775688171387,-1.5630559921264648,-1.7166693349577145
20573,C_Tbl_correct,hadron_neighbor,charged_hadron,13,L2_ch128:160,L2,label_Tbl,1.0982775688171387,1.6644080877304077,1.827982068112135
20573,C_Tbl_correct,second_lepton,electron,17,L2_ch128:160,L2,label_Hqql,1.0957348346710205,-1.5630559921264648,-1.7126948991142399
20573,C_Tbl_correct,second_lepton,electron,17,L2_ch128:160,L2,label_Tbl,1.0957348346710205,1.6644080877304077,1.8237499208343877
20574,C_Tbl_correct,particle0_best_lepton,electron,0,L2_ch128:160,L2,label_Hqql,3.791414260864258,1.3719244003295898,5.201533736237252
20574,C_Tbl_correct,particle0_best_lepton,electron,0,L2_ch128:160,L2,label_Tbl,3.791414260864258,2.6606435775756836,10.087602003097345
20574,C_Tbl_correct,hardest_hadron,charged_hadron,1,L2_ch128:160,L2,label_Hqql,0.6681454181671143,1.3719244003295898,0.9166450021518813
20574,C_Tbl_correct,hardest_hadron,charged_hadron,1,L2_ch128:160,L2,label_Tbl,0.6681454181671143,2.6606435775756836,1.777696815732952
20574,C_Tbl_correct,photon_neighbor,photon,2,L2_ch128:160,L2,label_Hqql,0.6041104197502136,1.3719244003295898,0.8287938253486686
20574,C_Tbl_correct,photon_neighbor,photon,2,L2_ch128:160,L2,label_Tbl,0.6041104197502136,2.6606435775756836,1.6073225084549563
20575,C_Tbl_correct,particle0_best_lepton,muon,0,L2_ch128:160,L2,label_Hqql,8.317605018615723,0.7176889181137085,5.96945294710747
20575,C_Tbl_correct,particle0_best_lepton,muon,0,L2_ch128:160,L2,label_Tbl,8.317605018615723,1.589827060699463,13.223553538804936
20575,C_Tbl_correct,hardest_hadron,charged_hadron,3,L2_ch128:160,L2,label_Hqql,0.9296517372131348,0.7176889181137085,0.6672007495030243
20575,C_Tbl_correct,hardest_hadron,charged_hadron,3,L2_ch128:160,L2,label_Tbl,0.9296517372131348,1.589827060699463,1.4779854888477075
20575,C_Tbl_correct,hadron_neighbor,charged_hadron,41,L2_ch128:160,L2,label_Hqql,0.9079422950744629,0.7176889181137085,0.6516201234616688
20575,C_Tbl_correct,hadron_neighbor,charged_hadron,41,L2_ch128:160,L2,label_Tbl,0.9079422950744629,1.589827060699463,1.4434712302629578
20576,C_Tbl_correct,particle0_best_lepton,electron,0,L2_ch128:160,L2,label_Hqql,5.156103610992432,2.61039400100708,13.459461934705587
20576,C_Tbl_correct,particle0_best_lepton,electron,0,L2_ch128:160,L2,label_Tbl,5.156103610992432,3.494663715362549,18.018848201985065
20576,C_Tbl_correct,photon_neighbor,photon,13,L2_ch128:160,L2,label_Hqql,1.2476695775985718,2.61039400100708,3.2569091806023494
20576,C_Tbl_correct,photon_neighbor,photon,13,L2_ch128:160,L2,label_Tbl,1.2476695775985718,3.494663715362549,4.360185601595447
20576,C_Tbl_correct,hard_hadron,charged_hadron,2,L2_ch128:160,L2,label_Hqql,0.2924550175666809,2.61039400100708,0.7634228234204841
20576,C_Tbl_correct,hard_hadron,charged_hadron,2,L2_ch128:160,L2,label_Tbl,0.2924550175666809,3.494663715362549,1.0220319382659966
20577,C_Tbl_correct,particle0_best_lepton,electron,0,L2_ch128:160,L2,label_Hqql,7.061610221862793,0.7781035900115967,5.494664264894027
20577,C_Tbl_correct,particle0_best_lepton,electron,0,L2_ch128:160,L2,label_Tbl,7.061610221862793,0.9918406009674072,7.0039917262499785
20577,C_Tbl_correct,hadron_neighbor,charged_hadron,36,L2_ch128:160,L2,label_Hqql,1.5105994939804077,0.7781035900115967,1.1754028893358566
20577,C_Tbl_correct,hadron_neighbor,charged_hadron,36,L2_ch128:160,L2,label_Tbl,1.5105994939804077,0.9918406009674072,1.4982739099305888
20577,C_Tbl_correct,photon_neighbor,photon,51,L2_ch128:160,L2,label_Hqql,1.45844304561615,0.7781035900115967,1.134819769621373
20577,C_Tbl_correct,photon_neighbor,photon,51,L2_ch128:160,L2,label_Tbl,1.45844304561615,0.9918406009674072,1.4465430268406578
20578,C_Tbl_correct,particle0_best_lepton,muon,0,L2_ch128:160,L2,label_Hqql,6.895432949066162,0.3040804862976074,2.096766604384584
20578,C_Tbl_correct,particle0_best_lepton,muon,0,L2_ch128:160,L2,label_Tbl,6.895432949066162,2.1073920726776123,14.53138073454204
20578,C_Tbl_correct,photon_neighbor,photon,22,L2_ch128:160,L2,label_Hqql,0.8491120934486389,0.3040804862976074,0.2581984182970416
20578,C_Tbl_correct,photon_neighbor,photon,22,L2_ch128:160,L2,label_Tbl,0.8491120934486389,2.1073920726776123,1.7894120945483536
20578,C_Tbl_correct,hardest_hadron,charged_hadron,1,L2_ch128:160,L2,label_Hqql,0.7701066136360168,0.3040804862976074,0.23417439357544367
20578,C_Tbl_correct,hardest_hadron,charged_hadron,1,L2_ch128:160,L2,label_Tbl,0.7701066136360168,2.1073920726776123,1.6229165726931427
20579,C_Tbl_correct,second_lepton,electron,1,L2_ch128:160,L2,label_Hqql,3.677022933959961,2.049485445022583,7.536004984165174
20579,C_Tbl_correct,second_lepton,electron,1,L2_ch128:160,L2,label_Tbl,3.677022933959961,2.109912872314453,7.758198020157579
20579,C_Tbl_correct,photon_neighbor,photon,3,L2_ch128:160,L2,label_Hqql,1.2369464635849,2.049485445022583,2.535103773389409
20579,C_Tbl_correct,photon_neighbor,photon,3,L2_ch128:160,L2,label_Tbl,1.2369464635849,2.109912872314453,2.6098492658816212
20579,C_Tbl_correct,nearest_hadron_to_best_lepton,charged_hadron,6,L2_ch128:160,L2,label_Hqql,1.1050270795822144,2.049485445022583,2.26473691595956
20579,C_Tbl_correct,nearest_hadron_to_best_lepton,charged_hadron,6,L2_ch128:160,L2,label_Tbl,1.1050270795822144,2.109912872314453,2.3315108594665617
20580,C_Tbl_correct,particle0_best_lepton,muon,0,L2_ch128:160,L2,label_Hqql,6.10277795791626,2.6958274841308594,16.452036548498654
20580,C_Tbl_correct,particle0_best_lepton,muon,0,L2_ch128:160,L2,label_Tbl,6.10277795791626,3.401230812072754,20.756956429703223
20580,C_Tbl_correct,hard_hadron,charged_hadron,3,L2_ch128:160,L2,label_Hqql,1.392372965812683,2.6958274841308594,3.7535973093986286
20580,C_Tbl_correct,hard_hadron,charged_hadron,3,L2_ch128:160,L2,label_Tbl,1.392372965812683,3.401230812072754,4.735781833219221
20580,C_Tbl_correct,hard_hadron,charged_hadron,5,L2_ch128:160,L2,label_Hqql,1.0133674144744873,2.6958274841308594,2.731863727462951
20580,C_Tbl_correct,hard_hadron,charged_hadron,5,L2_ch128:160,L2,label_Tbl,1.0133674144744873,3.401230812072754,3.4466964740611274
20581,C_Tbl_correct,particle0_best_lepton,muon,0,L2_ch128:160,L2,label_Hqql,3.7101104259490967,2.6644859313964844,9.885537033868786
20581,C_Tbl_correct,particle0_best_lepton,muon,0,L2_ch128:160,L2,label_Tbl,3.7101104259490967,2.7962474822998047,10.374386937614418
20581,C_Tbl_correct,hard_hadron,charged_hadron,2,L2_ch128:160,L2,label_Hqql,1.1040161848068237,2.6644859313964844,2.941635592451803
20581,C_Tbl_correct,hard_hadron,charged_hadron,2,L2_ch128:160,L2,label_Tbl,1.1040161848068237,2.7962474822998047,3.0871024771843167
20581,C_Tbl_correct,hardest_hadron,charged_hadron,1,L2_ch128:160,L2,label_Hqql,0.9527352452278137,2.6644859313964844,2.538549657255089
20581,C_Tbl_correct,hardest_hadron,charged_hadron,1,L2_ch128:160,L2,label_Tbl,0.9527352452278137,2.7962474822998047,2.664083530766561
20582,C_Tbl_correct,particle0_best_lepton,muon,0,L2_ch128:160,L2,label_Hqql,6.969219207763672,-0.19894587993621826,-1.3864974477569376
20582,C_Tbl_correct,particle0_best_lepton,muon,0,L2_ch128:160,L2,label_Tbl,6.969219207763672,2.008749008178711,13.999412171375297
20582,C_Tbl_correct,hadron_neighbor,charged_hadron,10,L2_ch128:160,L2,label_Hqql,0.9573071002960205,-0.19894587993621826,-0.19045230343758135
20582,C_Tbl_correct,hadron_neighbor,charged_hadron,10,L2_ch128:160,L2,label_Tbl,0.9573071002960205,2.008749008178711,1.922989688242069
20582,C_Tbl_correct,photon_neighbor,photon,17,L2_ch128:160,L2,label_Hqql,0.6889944672584534,-0.19894587993621826,-0.13707261055991893
20582,C_Tbl_correct,photon_neighbor,photon,17,L2_ch128:160,L2,label_Tbl,0.6889944672584534,2.008749008178711,1.3840169527460375
20583,C_Tbl_correct,best_lepton,electron,5,L2_ch128:160,L2,label_Hqql,5.395770072937012,-1.8018112182617188,-9.72215904857876
20583,C_Tbl_correct,best_lepton,electron,5,L2_ch128:160,L2,label_Tbl,5.395770072937012,0.15032076835632324,0.8110963032379459
20583,C_Tbl_correct,second_lepton,muon,12,L2_ch128:160,L2,label_Hqql,2.201159954071045,-1.8018112182617188,-3.9660746984336583
20583,C_Tbl_correct,second_lepton,muon,12,L2_ch128:160,L2,label_Tbl,2.201159954071045,0.15032076835632324,0.33088005557112865
20583,C_Tbl_correct,nearest_hadron_to_best_lepton,charged_hadron,8,L2_ch128:160,L2,label_Hqql,1.0305790901184082,-1.8018112182617188,-1.8569089658813027
20583,C_Tbl_correct,nearest_hadron_to_best_lepton,charged_hadron,8,L2_ch128:160,L2,label_Tbl,1.0305790901184082,0.15032076835632324,0.15491744067855961
20584,C_Tbl_correct,particle0_best_lepton,muon,0,L2_ch128:160,L2,label_Hqql,6.866944789886475,1.2415639162063599,8.52575086570431
20584,C_Tbl_correct,particle0_best_lepton,muon,0,L2_ch128:160,L2,label_Tbl,6.866944789886475,2.2298994064331055,15.312596110976756
20584,C_Tbl_correct,hadron_neighbor,charged_hadron,29,L2_ch128:160,L2,label_Hqql,1.359082818031311,1.2415639162063599,1.68738818600373
20584,C_Tbl_correct,hadron_neighbor,charged_hadron,29,L2_ch128:160,L2,label_Tbl,1.359082818031311,2.2298994064331055,3.0306179692214528
20584,C_Tbl_correct,hadron_neighbor,neutral_hadron,31,L2_ch128:160,L2,label_Hqql,0.8865863084793091,1.2415639162063599,1.1007535692105108
20584,C_Tbl_correct,hadron_neighbor,neutral_hadron,31,L2_ch128:160,L2,label_Tbl,0.8865863084793091,2.2298994064331055,1.9769982830297295
20585,C_Tbl_correct,particle0_best_lepton,electron,0,L2_ch128:160,L2,label_Hqql,6.629531383514404,0.6670619249343872,4.42230796610005
20585,C_Tbl_correct,particle0_best_lepton,electron,0,L2_ch128:160,L2,label_Tbl,6.629531383514404,1.3729174137115479,9.101799081174136
20585,C_Tbl_correct,hard_hadron,charged_hadron,11,L2_ch128:160,L2,label_Hqql,0.7984092235565186,0.6670619249343872,0.5325883935509808
20585,C_Tbl_correct,hard_hadron,charged_hadron,11,L2_ch128:160,L2,label_Tbl,0.7984092235565186,1.3729174137115479,1.0961499262886605
20585,C_Tbl_correct,second_lepton,electron,37,L2_ch128:160,L2,label_Hqql,0.5870838165283203,0.6670619249343872,0.39162126075120796
20585,C_Tbl_correct,second_lepton,electron,37,L2_ch128:160,L2,label_Tbl,0.5870838165283203,1.3729174137115479,0.8060175950199664
20586,C_Tbl_correct,particle0_best_lepton,muon,0,L2_ch128:160,L2,label_Hqql,5.250113010406494,1.2298524379730225,6.456864285482311
20586,C_Tbl_correct,particle0_best_lepton,muon,0,L2_ch128:160,L2,label_Tbl,5.250113010406494,3.2044572830200195,16.82376287287525
20586,C_Tbl_correct,photon_neighbor,photon,2,L2_ch128:160,L2,label_Hqql,1.0612744092941284,1.2298524379730225,1.3052109196287631
20586,C_Tbl_correct,photon_neighbor,photon,2,L2_ch128:160,L2,label_Tbl,1.0612744092941284,3.2044572830200195,3.400808510145339
20586,C_Tbl_correct,photon_neighbor,photon,4,L2_ch128:160,L2,label_Hqql,0.9962382316589355,1.2298524379730225,1.2252260180076746
20586,C_Tbl_correct,photon_neighbor,photon,4,L2_ch128:160,L2,label_Tbl,0.9962382316589355,3.2044572830200195,3.1924028570624614
20587,C_Tbl_correct,particle0_best_lepton,muon,0,L2_ch128:160,L2,label_Hqql,6.3145880699157715,1.9250167608261108,12.155687872300462
20587,C_Tbl_correct,particle0_best_lepton,muon,0,L2_ch128:160,L2,label_Tbl,6.3145880699157715,2.4951510429382324,15.755851008375657
20587,C_Tbl_correct,hardest_hadron,charged_hadron,1,L2_ch128:160,L2,label_Hqql,0.9564462304115295,1.9250167608261108,1.8411750243711467
20587,C_Tbl_correct,hardest_hadron,charged_hadron,1,L2_ch128:160,L2,label_Tbl,0.9564462304115295,2.4951510429382324,2.386477809325669
20587,C_Tbl_correct,hard_hadron,charged_hadron,2,L2_ch128:160,L2,label_Hqql,0.4966023862361908,1.9250167608261108,0.9559679169709092
20587,C_Tbl_correct,hard_hadron,charged_hadron,2,L2_ch128:160,L2,label_Tbl,0.4966023862361908,2.4951510429382324,1.2390979619428464
20588,C_Tbl_correct,particle0_best_lepton,muon,0,L2_ch128:160,L2,label_Hqql,7.003165245056152,-2.077883720397949,-14.551763053958894
20588,C_Tbl_correct,particle0_best_lepton,muon,0,L2_ch128:160,L2,label_Tbl,7.003165245056152,1.4705688953399658,10.298636978305467
20588,C_Tbl_correct,second_lepton,electron,1,L2_ch128:160,L2,label_Hqql,1.513293743133545,-2.077883720397949,-3.144448433037269
20588,C_Tbl_correct,second_lepton,electron,1,L2_ch128:160,L2,label_Tbl,1.513293743133545,1.4705688953399658,2.225402708164779
20588,C_Tbl_correct,hardest_hadron,charged_hadron,2,L2_ch128:160,L2,label_Hqql,1.0644041299819946,-2.077883720397949,-2.2117080136139293
20588,C_Tbl_correct,hardest_hadron,charged_hadron,2,L2_ch128:160,L2,label_Tbl,1.0644041299819946,1.4705688953399658,1.5652796056229192
20589,C_Tbl_correct,particle0_best_lepton,electron,0,L2_ch128:160,L2,label_Hqql,3.8516929149627686,2.4155685901641846,9.304028424341993
20589,C_Tbl_correct,particle0_best_lepton,electron,0,L2_ch128:160,L2,label_Tbl,3.8516929149627686,2.757504463195801,10.621060403869478
20589,C_Tbl_correct,hardest_hadron,charged_hadron,2,L2_ch128:160,L2,label_Hqql,1.038743257522583,2.4155685901641846,2.5091555861163783
20589,C_Tbl_correct,hardest_hadron,charged_hadron,2,L2_ch128:160,L2,label_Tbl,1.038743257522583,2.757504463195801,2.8643391687330677
20589,C_Tbl_correct,hard_hadron,charged_hadron,3,L2_ch128:160,L2,label_Hqql,0.5390971899032593,2.4155685901641846,1.3022262389760897
20589,C_Tbl_correct,hard_hadron,charged_hadron,3,L2_ch128:160,L2,label_Tbl,0.5390971899032593,2.757504463195801,1.4865629072545516
20590,C_Tbl_correct,particle0_best_lepton,electron,0,L2_ch128:160,L2,label_Hqql,2.948077917098999,2.3675642013549805,6.979763739328746
20590,C_Tbl_correct,particle0_best_lepton,electron,0,L2_ch128:160,L2,label_Tbl,2.948077917098999,2.619325876235962,7.721976773417225
20590,C_Tbl_correct,second_lepton,muon,5,L2_ch128:160,L2,label_Hqql,1.3641020059585571,2.3675642013549805,3.229599076303998
20590,C_Tbl_correct,second_lepton,muon,5,L2_ch128:160,L2,label_Tbl,1.3641020059585571,2.619325876235962,3.573027682032631
20590,C_Tbl_correct,hardest_hadron,charged_hadron,1,L2_ch128:160,L2,label_Hqql,0.7517561912536621,2.3675642013549805,1.7798310465591385
20590,C_Tbl_correct,hardest_hadron,charged_hadron,1,L2_ch128:160,L2,label_Tbl,0.7517561912536621,2.619325876235962,1.9690944443713079
20591,C_Tbl_correct,particle0_best_lepton,muon,0,L2_ch128:160,L2,label_Hqql,5.670607089996338,0.06543445587158203,0.37105308939544557
20591,C_Tbl_correct,particle0_best_lepton,muon,0,L2_ch128:160,L2,label_Tbl,5.670607089996338,2.4869203567504883,14.10234820724554
20591,C_Tbl_correct,hardest_hadron,charged_hadron,1,L2_ch128:160,L2,label_Hqql,1.7381552457809448,0.06543445587158203,0.11373524272801205
20591,C_Tbl_correct,hardest_hadron,charged_hadron,1,L2_ch128:160,L2,label_Tbl,1.7381552457809448,2.4869203567504883,4.32265366392528
20591,C_Tbl_correct,nearest_hadron_to_best_lepton,neutral_hadron,2,L2_ch128:160,L2,label_Hqql,0.7732099294662476,0.06543445587158203,0.05059457100912823
20591,C_Tbl_correct,nearest_hadron_to_best_lepton,neutral_hadron,2,L2_ch128:160,L2,label_Tbl,0.7732099294662476,2.4869203567504883,1.9229115136312203
20592,C_Tbl_correct,particle0_best_lepton,muon,0,L2_ch128:160,L2,label_Hqql,5.191062927246094,0.4990966320037842,2.5908420235082303
20592,C_Tbl_correct,particle0_best_lepton,muon,0,L2_ch128:160,L2,label_Tbl,5.191062927246094,2.548680305480957,13.230359847184445
20592,C_Tbl_correct,photon_neighbor,photon,1,L2_ch128:160,L2,label_Hqql,0.6234979629516602,0.4990966320037842,0.3111857333703938
20592,C_Tbl_correct,photon_neighbor,photon,1,L2_ch128:160,L2,label_Tbl,0.6234979629516602,2.548680305480957,1.5890969786823916
20592,C_Tbl_correct,hadron_neighbor,charged_hadron,7,L2_ch128:160,L2,label_Hqql,0.5895230174064636,0.4990966320037842,0.29422895247627423
20592,C_Tbl_correct,hadron_neighbor,charged_hadron,7,L2_ch128:160,L2,label_Tbl,0.5895230174064636,2.548680305480957,1.5025057040915613
20593,C_Tbl_correct,particle0_best_lepton,electron,0,L2_ch128:160,L2,label_Hqql,7.643554210662842,-4.429027557373047,-33.853512235300514
20593,C_Tbl_correct,particle0_best_lepton,electron,0,L2_ch128:160,L2,label_Tbl,7.643554210662842,1.4442758560180664,11.039400800625572
20593,C_Tbl_correct,second_lepton,electron,1,L2_ch128:160,L2,label_Hqql,2.1481077671051025,-4.429027557373047,-9.514028496715582
20593,C_Tbl_correct,second_lepton,electron,1,L2_ch128:160,L2,label_Tbl,2.1481077671051025,1.4442758560180664,3.102460184154779
20593,C_Tbl_correct,hardest_hadron,charged_hadron,2,L2_ch128:160,L2,label_Hqql,0.7194413542747498,-4.429027557373047,-3.1864255839966518
20593,C_Tbl_correct,hardest_hadron,charged_hadron,2,L2_ch128:160,L2,label_Tbl,0.7194413542747498,1.4442758560180664,1.0390717777999612
20594,C_Tbl_correct,particle0_best_lepton,muon,0,L2_ch128:160,L2,label_Hqql,6.4371466636657715,0.9507350921630859,6.120021226547578
20594,C_Tbl_correct,particle0_best_lepton,muon,0,L2_ch128:160,L2,label_Tbl,6.4371466636657715,2.4277734756469727,15.627933928897164
20594,C_Tbl_correct,second_lepton,electron,1,L2_ch128:160,L2,label_Hqql,2.3649725914001465,0.9507350921630859,2.2484624346479904
20594,C_Tbl_correct,second_lepton,electron,1,L2_ch128:160,L2,label_Tbl,2.3649725914001465,2.4277734756469727,5.741617728033361
20594,C_Tbl_correct,nearest_hadron_to_best_lepton,charged_hadron,15,L2_ch128:160,L2,label_Hqql,1.3152029514312744,0.9507350921630859,1.2504095992421753
20594,C_Tbl_correct,nearest_hadron_to_best_lepton,charged_hadron,15,L2_ch128:160,L2,label_Tbl,1.3152029514312744,2.4277734756469727,3.1930148405774617
20595,C_Tbl_correct,particle0_best_lepton,muon,0,L2_ch128:160,L2,label_Hqql,4.879297733306885,2.7067854404449463,13.207212064111104
20595,C_Tbl_correct,particle0_best_lepton,muon,0,L2_ch128:160,L2,label_Tbl,4.879297733306885,2.7261879444122314,13.301882657739156
20595,C_Tbl_correct,hard_hadron,charged_hadron,9,L2_ch128:160,L2,label_Hqql,0.9555507898330688,2.7067854404449463,2.5864709655258196
20595,C_Tbl_correct,hard_hadron,charged_hadron,9,L2_ch128:160,L2,label_Tbl,0.9555507898330688,2.7261879444122314,2.605011043516498
20595,C_Tbl_correct,hadron_neighbor,charged_hadron,20,L2_ch128:160,L2,label_Hqql,0.7948439121246338,2.7067854404449463,2.151471928765261
20595,C_Tbl_correct,hadron_neighbor,charged_hadron,20,L2_ch128:160,L2,label_Tbl,0.7948439121246338,2.7261879444122314,2.1668938909236317
20596,C_Tbl_correct,particle0_best_lepton,electron,0,L2_ch128:160,L2,label_Hqql,3.1530356407165527,2.719000816345215,8.573106481073864
20596,C_Tbl_correct,particle0_best_lepton,electron,0,L2_ch128:160,L2,label_Tbl,3.1530356407165527,3.0569019317626953,9.638520741023058
20596,C_Tbl_correct,photon_neighbor,photon,7,L2_ch128:160,L2,label_Hqql,0.3483250141143799,2.719000816345215,0.9470959977304574
20596,C_Tbl_correct,photon_neighbor,photon,7,L2_ch128:160,L2,label_Tbl,0.3483250141143799,3.0569019317626953,1.064795408527516
20596,C_Tbl_correct,nearest_hadron_to_best_lepton,charged_hadron,2,L2_ch128:160,L2,label_Hqql,0.31845447421073914,2.719000816345215,0.8658779753477859
20596,C_Tbl_correct,nearest_hadron_to_best_lepton,charged_hadron,2,L2_ch128:160,L2,label_Tbl,0.31845447421073914,3.0569019317626953,0.9734840973932819
20597,C_Tbl_correct,particle0_best_lepton,muon,0,L2_ch128:160,L2,label_Hqql,5.817518711090088,-0.7229557037353516,-4.20580833376971
20597,C_Tbl_correct,particle0_best_lepton,muon,0,L2_ch128:160,L2,label_Tbl,5.817518711090088,2.585911750793457,15.043589995468665
20597,C_Tbl_correct,hardest_hadron,charged_hadron,1,L2_ch128:160,L2,label_Hqql,1.553487777709961,-0.7229557037353516,-1.1231028495785722
20597,C_Tbl_correct,hardest_hadron,charged_hadron,1,L2_ch128:160,L2,label_Tbl,1.553487777709961,2.585911750793457,4.017182299094202
20597,C_Tbl_correct,hard_hadron,charged_hadron,2,L2_ch128:160,L2,label_Hqql,0.5237306356430054,-0.7229557037353516,-0.37863405025905195
20597,C_Tbl_correct,hard_hadron,charged_hadron,2,L2_ch128:160,L2,label_Tbl,0.5237306356430054,2.585911750793457,1.3543212049597741
20598,C_Tbl_correct,best_lepton,muon,15,L2_ch128:160,L2,label_Hqql,2.54327392578125,1.3321352005004883,3.3879847210482694
20598,C_Tbl_correct,best_lepton,muon,15,L2_ch128:160,L2,label_Tbl,2.54327392578125,1.8513298034667969,4.7084388171788305
20598,C_Tbl_correct,photon_neighbor,photon,2,L2_ch128:160,L2,label_Hqql,2.136173963546753,1.3321352005004883,2.8456725312332765
20598,C_Tbl_correct,photon_neighbor,photon,2,L2_ch128:160,L2,label_Tbl,2.136173963546753,1.8513298034667969,3.9547625241038986
20598,C_Tbl_correct,hard_hadron,charged_hadron,1,L2_ch128:160,L2,label_Hqql,1.7291955947875977,1.3321352005004883,2.3035223203669375
20598,C_Tbl_correct,hard_hadron,charged_hadron,1,L2_ch128:160,L2,label_Tbl,1.7291955947875977,1.8513298034667969,3.201311340653774
20599,C_Tbl_correct,best_lepton,electron,3,L2_ch128:160,L2,label_Hqql,8.3449125289917,-1.8341522216796875,-15.305839854772785
20599,C_Tbl_correct,best_lepton,electron,3,L2_ch128:160,L2,label_Tbl,8.3449125289917,1.4009943008422852,11.691174894144751
20599,C_Tbl_correct,hard_hadron,charged_hadron,4,L2_ch128:160,L2,label_Hqql,1.1733235120773315,-1.8341522216796875,-2.1520539264256513
20599,C_Tbl_correct,hard_hadron,charged_hadron,4,L2_ch128:160,L2,label_Tbl,1.1733235120773315,1.4009943008422852,1.6438195534645956
20599,C_Tbl_correct,hard_hadron,charged_hadron,2,L2_ch128:160,L2,label_Hqql,0.8712509274482727,-1.8341522216796875,-1.5980068242197376
20599,C_Tbl_correct,hard_hadron,charged_hadron,2,L2_ch128:160,L2,label_Tbl,0.8712509274482727,1.4009943008422852,1.2206175839585853
20600,C_Tbl_correct,particle0_best_lepton,electron,0,L2_ch128:160,L2,label_Hqql,6.053811550140381,1.8212697505950928,11.025623852073863
20600,C_Tbl_correct,particle0_best_lepton,electron,0,L2_ch128:160,L2,label_Tbl,6.053811550140381,2.3869152069091797,14.449934848792509
20600,C_Tbl_correct,hadron_neighbor,charged_hadron,21,L2_ch128:160,L2,label_Hqql,1.899693489074707,1.8212697505950928,3.4598542870542133
20600,C_Tbl_correct,hadron_neighbor,charged_hadron,21,L2_ch128:160,L2,label_Tbl,1.899693489074707,2.3869152069091797,4.534407277538776
20600,C_Tbl_correct,hadron_neighbor,charged_hadron,14,L2_ch128:160,L2,label_Hqql,1.0781850814819336,1.8212697505950928,1.963665874445951
20600,C_Tbl_correct,hadron_neighbor,charged_hadron,14,L2_ch128:160,L2,label_Tbl,1.0781850814819336,2.3869152069091797,2.5735363668518403
20601,C_Tbl_correct,particle0_best_lepton,muon,0,L2_ch128:160,L2,label_Hqql,4.687588691711426,1.6684508323669434,7.821011254479799
20601,C_Tbl_correct,particle0_best_lepton,muon,0,L2_ch128:160,L2,label_Tbl,4.687588691711426,2.061094045639038,9.661561140891308
20601,C_Tbl_correct,second_lepton,electron,1,L2_ch128:160,L2,label_Hqql,0.3035616874694824,1.6684508323669434,0.5064777501331719
20601,C_Tbl_correct,second_lepton,electron,1,L2_ch128:160,L2,label_Tbl,0.3035616874694824,2.061094045639038,0.6256691865274888
20601,C_Tbl_correct,hard_hadron,charged_hadron,4,L2_ch128:160,L2,label_Hqql,0.09196078777313232,1.6684508323669434,0.15343205290520245
20601,C_Tbl_correct,hard_hadron,charged_hadron,4,L2_ch128:160,L2,label_Tbl,0.09196078777313232,2.061094045639038,0.1895398321114783
20602,C_Tbl_correct,particle0_best_lepton,electron,0,L2_ch128:160,L2,label_Hqql,4.263345241546631,1.9193427562713623,8.182820806846507
20602,C_Tbl_correct,particle0_best_lepton,electron,0,L2_ch128:160,L2,label_Tbl,4.263345241546631,1.9538935422897339,8.330122736009628
20602,C_Tbl_correct,hadron_neighbor,charged_hadron,9,L2_ch128:160,L2,label_Hqql,0.9529724717140198,1.9193427562713623,1.8290808105103196
20602,C_Tbl_correct,hadron_neighbor,charged_hadron,9,L2_ch128:160,L2,label_Tbl,0.9529724717140198,1.9538935422897339,1.8620067584619093
20602,C_Tbl_correct,hadron_neighbor,charged_hadron,15,L2_ch128:160,L2,label_Hqql,0.8111406564712524,1.9193427562713623,1.556856943315296
20602,C_Tbl_correct,hadron_neighbor,charged_hadron,15,L2_ch128:160,L2,label_Tbl,0.8111406564712524,1.9538935422897339,1.5848824905678356
20603,C_Tbl_correct,best_lepton,muon,1,L2_ch128:160,L2,label_Hqql,4.620710372924805,1.9961249828338623,9.223515413834775
20603,C_Tbl_correct,best_lepton,muon,1,L2_ch128:160,L2,label_Tbl,4.620710372924805,2.191640853881836,10.126937627257576
20603,C_Tbl_correct,hadron_neighbor,charged_hadron,15,L2_ch128:160,L2,label_Hqql,0.8270829319953918,1.9961249828338623,1.650960903431482
20603,C_Tbl_correct,hadron_neighbor,charged_hadron,15,L2_ch128:160,L2,label_Tbl,0.8270829319953918,2.191640853881836,1.812668743309473
20603,C_Tbl_correct,hard_hadron,charged_hadron,4,L2_ch128:160,L2,label_Hqql,0.7373433709144592,1.9961249828338623,1.471829523609287
20603,C_Tbl_correct,hard_hadron,charged_hadron,4,L2_ch128:160,L2,label_Tbl,0.7373433709144592,2.191640853881836,1.6159918550350767
20604,C_Tbl_correct,particle0_best_lepton,muon,0,L2_ch128:160,L2,label_Hqql,10.140915870666504,-6.052700042724609,-61.37992192364982
20604,C_Tbl_correct,particle0_best_lepton,muon,0,L2_ch128:160,L2,label_Tbl,10.140915870666504,-0.8794296979904175,-8.918222581486475
20604,C_Tbl_correct,second_lepton,muon,10,L2_ch128:160,L2,label_Hqql,2.0585036277770996,-6.052700042724609,-12.459504995795214
20604,C_Tbl_correct,second_lepton,muon,10,L2_ch128:160,L2,label_Tbl,2.0585036277770996,-0.8794296979904175,-1.8103092236881935
20604,C_Tbl_correct,hard_hadron,charged_hadron,2,L2_ch128:160,L2,label_Hqql,1.7136015892028809,-6.052700042724609,-10.371916412181236
20604,C_Tbl_correct,hard_hadron,charged_hadron,2,L2_ch128:160,L2,label_Tbl,1.7136015892028809,-0.8794296979904175,-1.506992128068589
20605,C_Tbl_correct,particle0_best_lepton,electron,0,L2_ch128:160,L2,label_Hqql,8.155373573303223,1.1677970886230469,9.523821515536838
20605,C_Tbl_correct,particle0_best_lepton,electron,0,L2_ch128:160,L2,label_Tbl,8.155373573303223,2.0536513328552246,16.74829380874644
20605,C_Tbl_correct,second_lepton,electron,1,L2_ch128:160,L2,label_Hqql,2.220247507095337,1.1677970886230469,2.592798574808512
20605,C_Tbl_correct,second_lepton,electron,1,L2_ch128:160,L2,label_Tbl,2.220247507095337,2.0536513328552246,4.559614252214828
20605,C_Tbl_correct,hard_hadron,charged_hadron,3,L2_ch128:160,L2,label_Hqql,1.082336187362671,1.1677970886230469,1.2639490485134957
20605,C_Tbl_correct,hard_hadron,charged_hadron,3,L2_ch128:160,L2,label_Tbl,1.082336187362671,2.0536513328552246,2.222741153774791
20606,C_Tbl_correct,particle0_best_lepton,muon,0,L2_ch128:160,L2,label_Hqql,4.374503135681152,0.5418410301208496,2.3702852853043623
20606,C_Tbl_correct,particle0_best_lepton,muon,0,L2_ch128:160,L2,label_Tbl,4.374503135681152,2.3604135513305664,10.325636481799847
20606,C_Tbl_correct,photon_neighbor,photon,5,L2_ch128:160,L2,label_Hqql,0.6807003617286682,0.5418410301208496,0.36883138520269654
20606,C_Tbl_correct,photon_neighbor,photon,5,L2_ch128:160,L2,label_Tbl,0.6807003617286682,2.3604135513305664,1.606734358219967
20606,C_Tbl_correct,hardest_hadron,charged_hadron,2,L2_ch128:160,L2,label_Hqql,0.5834710597991943,0.5418410301208496,0.3161485600872993
20606,C_Tbl_correct,hardest_hadron,charged_hadron,2,L2_ch128:160,L2,label_Tbl,0.5834710597991943,2.3604135513305664,1.3772329963592256
20607,C_Tbl_correct,particle0_best_lepton,muon,0,L2_ch128:160,L2,label_Hqql,5.2747697830200195,2.404305934906006,12.682160294577898
20607,C_Tbl_correct,particle0_best_lepton,muon,0,L2_ch128:160,L2,label_Tbl,5.2747697830200195,3.5619869232177734,18.78866099010156
20607,C_Tbl_correct,photon_neighbor,photon,7,L2_ch128:160,L2,label_Hqql,0.645997941493988,2.404305934906006,1.5531766846710582
20607,C_Tbl_correct,photon_neighbor,photon,7,L2_ch128:160,L2,label_Tbl,0.645997941493988,3.5619869232177734,2.3010362200271857
20607,C_Tbl_correct,photon_neighbor,photon,2,L2_ch128:160,L2,label_Hqql,0.5401631593704224,2.404305934906006,1.2987174898918852
20607,C_Tbl_correct,photon_neighbor,photon,2,L2_ch128:160,L2,label_Tbl,0.5401631593704224,3.5619869232177734,1.9240541100814426
20608,C_Tbl_correct,particle0_best_lepton,muon,0,L2_ch128:160,L2,label_Hqql,5.7863874435424805,1.834863305091858,10.617229989200382
20608,C_Tbl_correct,particle0_best_lepton,muon,0,L2_ch128:160,L2,label_Tbl,5.7863874435424805,1.4739036560058594,8.52857760810366
20608,C_Tbl_correct,photon_neighbor,photon,24,L2_ch128:160,L2,label_Hqql,1.1804906129837036,1.834863305091858,2.1660389077691917
20608,C_Tbl_correct,photon_neighbor,photon,24,L2_ch128:160,L2,label_Tbl,1.1804906129837036,1.4739036560058594,1.7399294303572788
20608,C_Tbl_correct,hardest_hadron,charged_hadron,2,L2_ch128:160,L2,label_Hqql,0.8896865844726562,1.834863305091858,1.6324532668813845
20608,C_Tbl_correct,hardest_hadron,charged_hadron,2,L2_ch128:160,L2,label_Tbl,0.8896865844726562,1.4739036560058594,1.3113123095536139
20609,C_Tbl_correct,particle0_best_lepton,electron,0,L2_ch128:160,L2,label_Hqql,3.6914031505584717,1.4864532947540283,5.487098375413041
20609,C_Tbl_correct,particle0_best_lepton,electron,0,L2_ch128:160,L2,label_Tbl,3.6914031505584717,2.5883231163024902,9.554544106182334
20609,C_Tbl_correct,hard_hadron,charged_hadron,2,L2_ch128:160,L2,label_Hqql,0.7406759262084961,1.4864532947540283,1.1009801708576106
20609,C_Tbl_correct,hard_hadron,charged_hadron,2,L2_ch128:160,L2,label_Tbl,0.7406759262084961,2.5883231163024902,1.917108621494208
20609,C_Tbl_correct,hadron_neighbor,charged_hadron,13,L2_ch128:160,L2,label_Hqql,0.6152716875076294,1.4864532947540283,0.9145726270645866
20609,C_Tbl_correct,hadron_neighbor,charged_hadron,13,L2_ch128:160,L2,label_Tbl,0.6152716875076294,2.5883231163024902,1.5925219315824393
20610,C_Tbl_correct,particle0_best_lepton,electron,0,L2_ch128:160,L2,label_Hqql,10.211870193481445,-6.698612213134766,-68.40535839700169
20610,C_Tbl_correct,particle0_best_lepton,electron,0,L2_ch128:160,L2,label_Tbl,10.211870193481445,2.1470532417297363,21.925429003037607
20610,C_Tbl_correct,second_lepton,electron,1,L2_ch128:160,L2,label_Hqql,1.3557623624801636,-6.698612213134766,-9.081726319418067
20610,C_Tbl_correct,second_lepton,electron,1,L2_ch128:160,L2,label_Tbl,1.3557623624801636,2.1470532417297363,2.910893975378201
20610,C_Tbl_correct,hard_hadron,charged_hadron,5,L2_ch128:160,L2,label_Hqql,1.0279213190078735,-6.698612213134766,-6.885646301647739
20610,C_Tbl_correct,hard_hadron,charged_hadron,5,L2_ch128:160,L2,label_Tbl,1.0279213190078735,2.1470532417297363,2.2070018002189613
12308,A_protected_highiso,particle0_best_lepton,electron,0,L2_ch160:192,L2,label_Hqql,4.06516170501709,0.46137380599975586,1.8755591278481916
12308,A_protected_highiso,particle0_best_lepton,electron,0,L2_ch160:192,L2,label_Tbl,4.06516170501709,0.5945138931274414,2.4167951114422976
12308,A_protected_highiso,hard_hadron,charged_hadron,12,L2_ch160:192,L2,label_Hqql,2.007366180419922,0.46137380599975586,0.926146174695532
12308,A_protected_highiso,hard_hadron,charged_hadron,12,L2_ch160:192,L2,label_Tbl,2.007366180419922,0.5945138931274414,1.1934070828538097
12308,A_protected_highiso,photon_neighbor,photon,16,L2_ch160:192,L2,label_Hqql,1.8683652877807617,0.46137380599975586,0.8620148038212392
12308,A_protected_highiso,photon_neighbor,photon,16,L2_ch160:192,L2,label_Tbl,1.8683652877807617,0.5945138931274414,1.110769121022713
12358,A_protected_highiso,particle0_best_lepton,electron,0,L2_ch160:192,L2,label_Hqql,4.564920902252197,1.0292863845825195,4.698610931384337
12358,A_protected_highiso,particle0_best_lepton,electron,0,L2_ch160:192,L2,label_Tbl,4.564920902252197,0.2848001718521118,1.300090257452723
12358,A_protected_highiso,hadron_neighbor,charged_hadron,14,L2_ch160:192,L2,label_Hqql,0.7177937626838684,1.0292863845825195,0.7388153468687619
12358,A_protected_highiso,hadron_neighbor,charged_hadron,14,L2_ch160:192,L2,label_Tbl,0.7177937626838684,0.2848001718521118,0.2044277869667397
12358,A_protected_highiso,photon_neighbor,photon,1,L2_ch160:192,L2,label_Hqql,0.5345202088356018,1.0292863845825195,0.5501743732386899
12358,A_protected_highiso,photon_neighbor,photon,1,L2_ch160:192,L2,label_Tbl,0.5345202088356018,0.2848001718521118,0.1522314473348061
12438,A_protected_highiso,particle0_best_lepton,muon,0,L2_ch160:192,L2,label_Hqql,5.220058441162109,1.4484374523162842,7.5609281494589595
12438,A_protected_highiso,particle0_best_lepton,muon,0,L2_ch160:192,L2,label_Tbl,5.220058441162109,0.09330707788467407,0.48706839953206327
12438,A_protected_highiso,hardest_hadron,neutral_hadron,1,L2_ch160:192,L2,label_Hqql,0.7803425192832947,1.4484374523162842,1.1302773305647662
12438,A_protected_highiso,hardest_hadron,neutral_hadron,1,L2_ch160:192,L2,label_Tbl,0.7803425192832947,0.09330707788467407,0.07281148022348916
12438,A_protected_highiso,hard_hadron,charged_hadron,6,L2_ch160:192,L2,label_Hqql,0.514843225479126,1.4484374523162842,0.7457182098552835
12438,A_protected_highiso,hard_hadron,charged_hadron,6,L2_ch160:192,L2,label_Tbl,0.514843225479126,0.09330707788467407,0.04803851693817762
12442,A_protected_highiso,particle0_best_lepton,muon,0,L2_ch160:192,L2,label_Hqql,6.774500370025635,0.3757031559944153,2.545201169303965
12442,A_protected_highiso,particle0_best_lepton,muon,0,L2_ch160:192,L2,label_Tbl,6.774500370025635,1.1045145988464355,7.482534558583893
12442,A_protected_highiso,hard_hadron,neutral_hadron,2,L2_ch160:192,L2,label_Hqql,1.3986682891845703,0.3757031559944153,0.5254840904359526
12442,A_protected_highiso,hard_hadron,neutral_hadron,2,L2_ch160:192,L2,label_Tbl,1.3986682891845703,1.1045145988464355,1.544849544347926
12442,A_protected_highiso,second_lepton,electron,49,L2_ch160:192,L2,label_Hqql,0.7590632438659668,0.3757031559944153,0.2851824563198022
12442,A_protected_highiso,second_lepton,electron,49,L2_ch160:192,L2,label_Tbl,0.7590632438659668,1.1045145988464355,0.8383964342976924
12509,A_protected_highiso,particle0_best_lepton,electron,0,L2_ch160:192,L2,label_Hqql,6.898565292358398,0.5428203344345093,3.744681519116284
12509,A_protected_highiso,particle0_best_lepton,electron,0,L2_ch160:192,L2,label_Tbl,6.898565292358398,-0.34129977226257324,-2.3544787632204134
12509,A_protected_highiso,hardest_hadron,charged_hadron,2,L2_ch160:192,L2,label_Hqql,1.3148388862609863,0.5428203344345093,0.7137212839676863
12509,A_protected_highiso,hardest_hadron,charged_hadron,2,L2_ch160:192,L2,label_Tbl,1.3148388862609863,-0.34129977226257324,-0.4487542124428501
12509,A_protected_highiso,photon_neighbor,photon,1,L2_ch160:192,L2,label_Hqql,1.155481219291687,0.5428203344345093,0.6272187018887081
12509,A_protected_highiso,photon_neighbor,photon,1,L2_ch160:192,L2,label_Tbl,1.155481219291687,-0.34129977226257324,-0.39436547699793323
12592,A_protected_highiso,particle0_best_lepton,electron,0,L2_ch160:192,L2,label_Hqql,3.82220458984375,0.7946152687072754,3.0371821272128727
12592,A_protected_highiso,particle0_best_lepton,electron,0,L2_ch160:192,L2,label_Tbl,3.82220458984375,0.4391217827796936,1.678413293640915
12592,A_protected_highiso,hadron_neighbor,charged_hadron,19,L2_ch160:192,L2,label_Hqql,0.6888212561607361,0.7946152687072754,0.5473478875554463
12592,A_protected_highiso,hadron_neighbor,charged_hadron,19,L2_ch160:192,L2,label_Tbl,0.6888212561607361,0.4391217827796936,0.30247641802185044
12592,A_protected_highiso,hadron_neighbor,charged_hadron,28,L2_ch160:192,L2,label_Hqql,0.4670482277870178,0.7946152687072754,0.37112365302223793
12592,A_protected_highiso,hadron_neighbor,charged_hadron,28,L2_ch160:192,L2,label_Tbl,0.4670482277870178,0.4391217827796936,0.2050910504299317
12784,A_protected_highiso,particle0_best_lepton,muon,0,L2_ch160:192,L2,label_Hqql,3.4032280445098877,-0.11344540119171143,-0.38608057085630776
12784,A_protected_highiso,particle0_best_lepton,muon,0,L2_ch160:192,L2,label_Tbl,3.4032280445098877,0.1924142837524414,0.6548296866305918
12784,A_protected_highiso,hadron_neighbor,charged_hadron,14,L2_ch160:192,L2,label_Hqql,1.9207475185394287,-0.11344540119171143,-0.21789997282868967
12784,A_protected_highiso,hadron_neighbor,charged_hadron,14,L2_ch160:192,L2,label_Tbl,1.9207475185394287,0.1924142837524414,0.36957925804904335
12784,A_protected_highiso,hadron_neighbor,charged_hadron,9,L2_ch160:192,L2,label_Hqql,1.0800645351409912,-0.11344540119171143,-0.12252835450200905
12784,A_protected_highiso,hadron_neighbor,charged_hadron,9,L2_ch160:192,L2,label_Tbl,1.0800645351409912,0.1924142837524414,0.2078198439355674
13089,A_protected_highiso,best_lepton,muon,1,L2_ch160:192,L2,label_Hqql,6.423102378845215,0.38135913014411926,2.4495087360230343
13089,A_protected_highiso,best_lepton,muon,1,L2_ch160:192,L2,label_Tbl,6.423102378845215,-0.08338642120361328,-0.5355995203963175
13089,A_protected_highiso,hadron_neighbor,charged_hadron,43,L2_ch160:192,L2,label_Hqql,1.1118234395980835,0.38135913014411926,0.42400401979896785
13089,A_protected_highiso,hadron_neighbor,charged_hadron,43,L2_ch160:192,L2,label_Tbl,1.1118234395980835,-0.08338642120361328,-0.09271097763837588
13089,A_protected_highiso,hadron_neighbor,charged_hadron,28,L2_ch160:192,L2,label_Hqql,0.6859602928161621,0.38135913014411926,0.2615972205817769
13089,A_protected_highiso,hadron_neighbor,charged_hadron,28,L2_ch160:192,L2,label_Tbl,0.6859602928161621,-0.08338642120361328,-0.057199773905722395
13279,A_protected_highiso,particle0_best_lepton,muon,0,L2_ch160:192,L2,label_Hqql,4.492894172668457,0.18942129611968994,0.8510498375154611
13279,A_protected_highiso,particle0_best_lepton,muon,0,L2_ch160:192,L2,label_Tbl,4.492894172668457,-0.06746387481689453,-0.3031080500304597
13279,A_protected_highiso,hard_hadron,charged_hadron,2,L2_ch160:192,L2,label_Hqql,0.4261714220046997,0.18942129611968994,0.08072594312530157
13279,A_protected_highiso,hard_hadron,charged_hadron,2,L2_ch160:192,L2,label_Tbl,0.4261714220046997,-0.06746387481689453,-0.028751175464662992
13279,A_protected_highiso,hard_hadron,charged_hadron,6,L2_ch160:192,L2,label_Hqql,0.17539142072200775,0.18942129611968994,0.03322287024143655
13279,A_protected_highiso,hard_hadron,charged_hadron,6,L2_ch160:192,L2,label_Tbl,0.17539142072200775,-0.06746387481689453,-0.011832584851546812
13374,A_protected_highiso,particle0_best_lepton,electron,0,L2_ch160:192,L2,label_Hqql,5.023637294769287,0.19260668754577637,0.9675861387769373
13374,A_protected_highiso,particle0_best_lepton,electron,0,L2_ch160:192,L2,label_Tbl,5.023637294769287,0.6717034578323364,3.3743945417920145
13374,A_protected_highiso,hard_hadron,charged_hadron,14,L2_ch160:192,L2,label_Hqql,0.9674040079116821,0.19260668754577637,0.18632848148237713
13374,A_protected_highiso,hard_hadron,charged_hadron,14,L2_ch160:192,L2,label_Tbl,0.9674040079116821,0.6717034578323364,0.6498086172351378
13374,A_protected_highiso,photon_neighbor,photon,22,L2_ch160:192,L2,label_Hqql,0.7764571309089661,0.19260668754577637,0.1495508360056732
13374,A_protected_highiso,photon_neighbor,photon,22,L2_ch160:192,L2,label_Tbl,0.7764571309089661,0.6717034578323364,0.5215489396901276
13400,A_protected_highiso,particle0_best_lepton,electron,0,L2_ch160:192,L2,label_Hqql,3.6690800189971924,0.21943485736846924,0.8051240506421493
13400,A_protected_highiso,particle0_best_lepton,electron,0,L2_ch160:192,L2,label_Tbl,3.6690800189971924,0.7016525268554688,2.5744192665642913
13400,A_protected_highiso,hard_hadron,charged_hadron,10,L2_ch160:192,L2,label_Hqql,1.7921959161758423,0.21943485736846924,0.393270255242399
13400,A_protected_highiso,hard_hadron,charged_hadron,10,L2_ch160:192,L2,label_Tbl,1.7921959161758423,0.7016525268554688,1.2574987932048316
13400,A_protected_highiso,hard_hadron,charged_hadron,6,L2_ch160:192,L2,label_Hqql,0.9761188626289368,0.21943485736846924,0.21419450339565316
13400,A_protected_highiso,hard_hadron,charged_hadron,6,L2_ch160:192,L2,label_Tbl,0.9761188626289368,0.7016525268554688,0.6848962664748797
13529,A_protected_highiso,particle0_best_lepton,muon,0,L2_ch160:192,L2,label_Hqql,3.9443750381469727,0.10357308387756348,0.40853108667056404
13529,A_protected_highiso,particle0_best_lepton,muon,0,L2_ch160:192,L2,label_Tbl,3.9443750381469727,-0.07553362846374512,-0.2979329586530639
13529,A_protected_highiso,photon_neighbor,photon,10,L2_ch160:192,L2,label_Hqql,0.93122398853302,0.10357308387756348,0.09644974027312969
13529,A_protected_highiso,photon_neighbor,photon,10,L2_ch160:192,L2,label_Tbl,0.93122398853302,-0.07553362846374512,-0.07033872676637998
13529,A_protected_highiso,photon_neighbor,photon,1,L2_ch160:192,L2,label_Hqql,0.7607182264328003,0.10357308387756348,0.07878993267351575
13529,A_protected_highiso,photon_neighbor,photon,1,L2_ch160:192,L2,label_Tbl,0.7607182264328003,-0.07553362846374512,-0.05745980788097427
13897,A_protected_highiso,particle0_best_lepton,muon,0,L2_ch160:192,L2,label_Hqql,3.999838352203369,0.5682470798492432,2.272896463508573
13897,A_protected_highiso,particle0_best_lepton,muon,0,L2_ch160:192,L2,label_Tbl,3.999838352203369,-0.5133910179138184,-2.0534810831284176
13897,A_protected_highiso,hard_hadron,charged_hadron,10,L2_ch160:192,L2,label_Hqql,1.9766830205917358,0.5682470798492432,1.1232443542388353
13897,A_protected_highiso,hard_hadron,charged_hadron,10,L2_ch160:192,L2,label_Tbl,1.9766830205917358,-0.5133910179138184,-1.0148113080345524
13897,A_protected_highiso,hadron_neighbor,charged_hadron,16,L2_ch160:192,L2,label_Hqql,1.3947187662124634,0.5682470798492432,0.7925448661111716
13897,A_protected_highiso,hadron_neighbor,charged_hadron,16,L2_ch160:192,L2,label_Tbl,1.3947187662124634,-0.5133910179138184,-0.7160360870893214
14139,A_protected_highiso,particle0_best_lepton,muon,0,L2_ch160:192,L2,label_Hqql,6.012789249420166,1.3779208660125732,8.285147769712125
14139,A_protected_highiso,particle0_best_lepton,muon,0,L2_ch160:192,L2,label_Tbl,6.012789249420166,0.6504602432250977,3.9110803576390936
14139,A_protected_highiso,hard_hadron,charged_hadron,10,L2_ch160:192,L2,label_Hqql,1.0925532579421997,1.3779208660125732,1.5054519313485741
14139,A_protected_highiso,hard_hadron,charged_hadron,10,L2_ch160:192,L2,label_Tbl,1.0925532579421997,0.6504602432250977,0.7106624578974561
14139,A_protected_highiso,hardest_hadron,neutral_hadron,1,L2_ch160:192,L2,label_Hqql,1.0700645446777344,1.3779208660125732,1.4744642640916936
14139,A_protected_highiso,hardest_hadron,neutral_hadron,1,L2_ch160:192,L2,label_Tbl,1.0700645446777344,0.6504602432250977,0.6960344439976325
14355,A_protected_highiso,particle0_best_lepton,electron,0,L2_ch160:192,L2,label_Hqql,5.299798965454102,0.9002268314361572,4.77102122991937
14355,A_protected_highiso,particle0_best_lepton,electron,0,L2_ch160:192,L2,label_Tbl,5.299798965454102,0.6092370748519897,3.2288340190168583
14355,A_protected_highiso,hard_hadron,charged_hadron,7,L2_ch160:192,L2,label_Hqql,1.4442678689956665,0.9002268314361572,1.3001686874510199
14355,A_protected_highiso,hard_hadron,charged_hadron,7,L2_ch160:192,L2,label_Tbl,1.4442678689956665,0.6092370748519897,0.8799015318096366
14355,A_protected_highiso,hard_hadron,neutral_hadron,3,L2_ch160:192,L2,label_Hqql,1.2081727981567383,0.9002268314361572,1.0876295699119964
14355,A_protected_highiso,hard_hadron,neutral_hadron,3,L2_ch160:192,L2,label_Tbl,1.2081727981567383,0.6092370748519897,0.7360636614647547
14381,A_protected_highiso,particle0_best_lepton,muon,0,L2_ch160:192,L2,label_Hqql,5.44814395904541,1.1541709899902344,6.288089706820756
14381,A_protected_highiso,particle0_best_lepton,muon,0,L2_ch160:192,L2,label_Tbl,5.44814395904541,1.375823974609375,7.495687075977912
14381,A_protected_highiso,hardest_hadron,charged_hadron,1,L2_ch160:192,L2,label_Hqql,2.0905630588531494,1.1541709899902344,2.412867235273552
14381,A_protected_highiso,hardest_hadron,charged_hadron,1,L2_ch160:192,L2,label_Tbl,2.0905630588531494,1.375823974609375,2.8762467768028728
14381,A_protected_highiso,hard_hadron,charged_hadron,3,L2_ch160:192,L2,label_Hqql,0.6174415946006775,1.1541709899902344,0.7126331765014129
14381,A_protected_highiso,hard_hadron,charged_hadron,3,L2_ch160:192,L2,label_Tbl,0.6174415946006775,1.375823974609375,0.8494909487726545
14596,A_protected_highiso,particle0_best_lepton,electron,0,L2_ch160:192,L2,label_Hqql,6.535338878631592,1.0658053159713745,6.965398918519952
14596,A_protected_highiso,particle0_best_lepton,electron,0,L2_ch160:192,L2,label_Tbl,6.535338878631592,0.37404727935791016,2.4445257272341223
14596,A_protected_highiso,hadron_neighbor,charged_hadron,30,L2_ch160:192,L2,label_Hqql,0.703044056892395,1.0658053159713745,0.7493080931979961
14596,A_protected_highiso,hadron_neighbor,charged_hadron,30,L2_ch160:192,L2,label_Tbl,0.703044056892395,0.37404727935791016,0.26297171674934816
14596,A_protected_highiso,hadron_neighbor,neutral_hadron,18,L2_ch160:192,L2,label_Hqql,0.5575487613677979,1.0658053159713745,0.5942384337790543
14596,A_protected_highiso,hadron_neighbor,neutral_hadron,18,L2_ch160:192,L2,label_Tbl,0.5575487613677979,0.37404727935791016,0.20854959729899747
14600,A_protected_highiso,particle0_best_lepton,muon,0,L2_ch160:192,L2,label_Hqql,7.2572102546691895,1.0982866287231445,7.970496984535657
14600,A_protected_highiso,particle0_best_lepton,muon,0,L2_ch160:192,L2,label_Tbl,7.2572102546691895,0.6603959798812866,4.792632477336781
14600,A_protected_highiso,photon_neighbor,photon,3,L2_ch160:192,L2,label_Hqql,2.065812587738037,1.0982866287231445,2.268854342560644
14600,A_protected_highiso,photon_neighbor,photon,3,L2_ch160:192,L2,label_Tbl,2.065812587738037,0.6603959798812866,1.3642543281303574
14600,A_protected_highiso,photon_neighbor,photon,1,L2_ch160:192,L2,label_Hqql,0.8397193551063538,1.0982866287231445,0.9222525395933303
14600,A_protected_highiso,photon_neighbor,photon,1,L2_ch160:192,L2,label_Tbl,0.8397193551063538,0.6603959798812866,0.5545472863407426
14625,A_protected_highiso,particle0_best_lepton,electron,0,L2_ch160:192,L2,label_Hqql,6.111354351043701,0.26081204414367676,1.5939148207820608
14625,A_protected_highiso,particle0_best_lepton,electron,0,L2_ch160:192,L2,label_Tbl,6.111354351043701,0.6772143840789795,4.1386970727304515
14625,A_protected_highiso,photon_neighbor,photon,3,L2_ch160:192,L2,label_Hqql,2.6595375537872314,0.26081204414367676,0.6936394258801215
14625,A_protected_highiso,photon_neighbor,photon,3,L2_ch160:192,L2,label_Tbl,2.6595375537872314,0.6772143840789795,1.8010770864229357
14625,A_protected_highiso,second_lepton,electron,10,L2_ch160:192,L2,label_Hqql,2.037990093231201,0.26081204414367676,0.531532362160192
14625,A_protected_highiso,second_lepton,electron,10,L2_ch160:192,L2,label_Tbl,2.037990093231201,0.6772143840789795,1.38015620574663
14742,A_protected_highiso,particle0_best_lepton,electron,0,L2_ch160:192,L2,label_Hqql,5.873622417449951,0.8641362190246582,5.075609867793673
14742,A_protected_highiso,particle0_best_lepton,electron,0,L2_ch160:192,L2,label_Tbl,5.873622417449951,0.7767447829246521,4.562305569623533
14742,A_protected_highiso,hardest_hadron,charged_hadron,1,L2_ch160:192,L2,label_Hqql,1.475604772567749,0.8641362190246582,1.2751235289414353
14742,A_protected_highiso,hardest_hadron,charged_hadron,1,L2_ch160:192,L2,label_Tbl,1.475604772567749,0.7767447829246521,1.1461683087507168
14742,A_protected_highiso,hard_hadron,charged_hadron,3,L2_ch160:192,L2,label_Hqql,1.11640202999115,0.8641362190246582,0.9647234291080053
14742,A_protected_highiso,hard_hadron,charged_hadron,3,L2_ch160:192,L2,label_Tbl,1.11640202999115,0.7767447829246521,0.8671594524421167
14991,A_protected_highiso,particle0_best_lepton,muon,0,L2_ch160:192,L2,label_Hqql,5.818291187286377,1.192298173904419,6.937137957845721
14991,A_protected_highiso,particle0_best_lepton,muon,0,L2_ch160:192,L2,label_Tbl,5.818291187286377,0.45966100692749023,2.6744415857453987
14991,A_protected_highiso,hard_hadron,charged_hadron,5,L2_ch160:192,L2,label_Hqql,0.8384628295898438,1.192298173904419,0.9996977006067027
14991,A_protected_highiso,hard_hadron,charged_hadron,5,L2_ch160:192,L2,label_Tbl,0.8384628295898438,0.45966100692749023,0.38540866852054023
14991,A_protected_highiso,hard_hadron,charged_hadron,6,L2_ch160:192,L2,label_Hqql,0.6994913220405579,1.192298173904419,0.834002225930945
14991,A_protected_highiso,hard_hadron,charged_hadron,6,L2_ch160:192,L2,label_Tbl,0.6994913220405579,0.45966100692749023,0.32152888542620417
14999,A_protected_highiso,particle0_best_lepton,muon,0,L2_ch160:192,L2,label_Hqql,5.335149765014648,0.7323999404907227,3.9074633704058215
14999,A_protected_highiso,particle0_best_lepton,muon,0,L2_ch160:192,L2,label_Tbl,5.335149765014648,0.6547482013702393,3.4931797126841957
14999,A_protected_highiso,photon_neighbor,photon,31,L2_ch160:192,L2,label_Hqql,1.074479103088379,0.7323999404907227,0.7869484311604538
14999,A_protected_highiso,photon_neighbor,photon,31,L2_ch160:192,L2,label_Tbl,1.074479103088379,0.6547482013702393,0.703513260157024
14999,A_protected_highiso,hadron_neighbor,charged_hadron,32,L2_ch160:192,L2,label_Hqql,0.801490843296051,0.7323999404907227,0.5870118459338869
14999,A_protected_highiso,hadron_neighbor,charged_hadron,32,L2_ch160:192,L2,label_Tbl,0.801490843296051,0.6547482013702393,0.5247746880628057
15006,A_protected_highiso,particle0_best_lepton,electron,0,L2_ch160:192,L2,label_Hqql,6.702905178070068,0.9575327634811401,6.418251318509476
15006,A_protected_highiso,particle0_best_lepton,electron,0,L2_ch160:192,L2,label_Tbl,6.702905178070068,1.1527520418167114,7.726787630124079
15006,A_protected_highiso,hard_hadron,charged_hadron,4,L2_ch160:192,L2,label_Hqql,2.571162700653076,0.9575327634811401,2.4619725261159715
15006,A_protected_highiso,hard_hadron,charged_hadron,4,L2_ch160:192,L2,label_Tbl,2.571162700653076,1.1527520418167114,2.9639130530208035
15006,A_protected_highiso,hardest_hadron,charged_hadron,1,L2_ch160:192,L2,label_Hqql,1.9021562337875366,0.9575327634811401,1.8213769151114576
15006,A_protected_highiso,hardest_hadron,charged_hadron,1,L2_ch160:192,L2,label_Tbl,1.9021562337875366,1.1527520418167114,2.1927144823529687
15112,A_protected_highiso,particle0_best_lepton,electron,0,L2_ch160:192,L2,label_Hqql,4.175268173217773,0.9529492855072021,3.9788188224688383
15112,A_protected_highiso,particle0_best_lepton,electron,0,L2_ch160:192,L2,label_Tbl,4.175268173217773,0.4132511615753174,1.7254344224706983
15112,A_protected_highiso,hadron_neighbor,charged_hadron,34,L2_ch160:192,L2,label_Hqql,0.5713484287261963,0.9529492855072021,0.5444660769302914
15112,A_protected_highiso,hadron_neighbor,charged_hadron,34,L2_ch160:192,L2,label_Tbl,0.5713484287261963,0.4132511615753174,0.23611040183533305
15112,A_protected_highiso,hard_hadron,neutral_hadron,2,L2_ch160:192,L2,label_Hqql,0.5597432255744934,0.9529492855072021,0.5334069068787102
15112,A_protected_highiso,hard_hadron,neutral_hadron,2,L2_ch160:192,L2,label_Tbl,0.5597432255744934,0.4132511615753174,0.2313145381525743
15233,A_protected_highiso,particle0_best_lepton,electron,0,L2_ch160:192,L2,label_Hqql,4.810711860656738,0.639336109161377,3.0756618032887673
15233,A_protected_highiso,particle0_best_lepton,electron,0,L2_ch160:192,L2,label_Tbl,4.810711860656738,0.30361318588256836,1.4605955543770506
15233,A_protected_highiso,hadron_neighbor,charged_hadron,18,L2_ch160:192,L2,label_Hqql,1.7245662212371826,0.639336109161377,1.1025774578769187
15233,A_protected_highiso,hadron_neighbor,charged_hadron,18,L2_ch160:192,L2,label_Tbl,1.7245662212371826,0.30361318588256836,0.5236010446952832
15233,A_protected_highiso,photon_neighbor,photon,15,L2_ch160:192,L2,label_Hqql,1.4137564897537231,0.639336109161377,0.9038655734607914
15233,A_protected_highiso,photon_neighbor,photon,15,L2_ch160:192,L2,label_Tbl,1.4137564897537231,0.30361318588256836,0.4292351119162845
15292,A_protected_highiso,particle0_best_lepton,muon,0,L2_ch160:192,L2,label_Hqql,5.602161884307861,-0.07671535015106201,-0.42977181055761093
15292,A_protected_highiso,particle0_best_lepton,muon,0,L2_ch160:192,L2,label_Tbl,5.602161884307861,0.3765972852706909,2.109758957277279
15292,A_protected_highiso,hard_hadron,charged_hadron,8,L2_ch160:192,L2,label_Hqql,4.049145698547363,-0.07671535015106201,-0.31063163007672756
15292,A_protected_highiso,hard_hadron,charged_hadron,8,L2_ch160:192,L2,label_Tbl,4.049145698547363,0.3765972852706909,1.5248972777384324
15292,A_protected_highiso,hadron_neighbor,charged_hadron,19,L2_ch160:192,L2,label_Hqql,1.730133056640625,-0.07671535015106201,-0.13272776324811275
15292,A_protected_highiso,hadron_neighbor,charged_hadron,19,L2_ch160:192,L2,label_Tbl,1.730133056640625,0.3765972852706909,0.6515634122879419
15512,A_protected_highiso,particle0_best_lepton,muon,0,L2_ch160:192,L2,label_Hqql,3.911825656890869,0.8018780946731567,3.13680730444122
15512,A_protected_highiso,particle0_best_lepton,muon,0,L2_ch160:192,L2,label_Tbl,3.911825656890869,0.9167897701263428,3.5863217447553097
15512,A_protected_highiso,photon_neighbor,photon,1,L2_ch160:192,L2,label_Hqql,1.9683836698532104,0.8018780946731567,1.5784037467676484
15512,A_protected_highiso,photon_neighbor,photon,1,L2_ch160:192,L2,label_Tbl,1.9683836698532104,0.9167897701263428,1.8045940122051718
15512,A_protected_highiso,hadron_neighbor,charged_hadron,24,L2_ch160:192,L2,label_Hqql,0.8614808320999146,0.8018780946731567,0.6908026082417251
15512,A_protected_highiso,hadron_neighbor,charged_hadron,24,L2_ch160:192,L2,label_Tbl,0.8614808320999146,0.9167897701263428,0.7897968140291312
15540,A_protected_highiso,particle0_best_lepton,muon,0,L2_ch160:192,L2,label_Hqql,3.761709690093994,0.9759135246276855,3.6711033622857485
15540,A_protected_highiso,particle0_best_lepton,muon,0,L2_ch160:192,L2,label_Tbl,3.761709690093994,0.9587619304656982,3.6065840443260413
15540,A_protected_highiso,photon_neighbor,photon,1,L2_ch160:192,L2,label_Hqql,0.398082971572876,0.9759135246276855,0.38849455588194814
15540,A_protected_highiso,photon_neighbor,photon,1,L2_ch160:192,L2,label_Tbl,0.398082971572876,0.9587619304656982,0.38166679831073225
15540,A_protected_highiso,photon_neighbor,photon,29,L2_ch160:192,L2,label_Hqql,0.1549384593963623,0.9759135246276855,0.15120653800988748
15540,A_protected_highiso,photon_neighbor,photon,29,L2_ch160:192,L2,label_Tbl,0.1549384593963623,0.9587619304656982,0.14854909643423753
15590,A_protected_highiso,particle0_best_lepton,muon,0,L2_ch160:192,L2,label_Hqql,6.314760684967041,-0.6834678649902344,-4.3159360032786935
15590,A_protected_highiso,particle0_best_lepton,muon,0,L2_ch160:192,L2,label_Tbl,6.314760684967041,0.1987595558166504,1.255119028832496
15590,A_protected_highiso,hardest_hadron,charged_hadron,1,L2_ch160:192,L2,label_Hqql,2.382432460784912,-0.6834678649902344,-1.6283160274560942
15590,A_protected_highiso,hardest_hadron,charged_hadron,1,L2_ch160:192,L2,label_Tbl,2.382432460784912,0.1987595558166504,0.4735312176687785
15590,A_protected_highiso,second_lepton,muon,2,L2_ch160:192,L2,label_Hqql,1.419432282447815,-0.6834678649902344,-0.9701363515828234
15590,A_protected_highiso,second_lepton,muon,2,L2_ch160:192,L2,label_Tbl,1.419432282447815,0.1987595558166504,0.28212572997114194
15684,A_protected_highiso,particle0_best_lepton,electron,0,L2_ch160:192,L2,label_Hqql,4.994085788726807,0.6534615755081177,3.2634431677241196
15684,A_protected_highiso,particle0_best_lepton,electron,0,L2_ch160:192,L2,label_Tbl,4.994085788726807,1.3414459228515625,6.6992960196585045
15684,A_protected_highiso,hadron_neighbor,charged_hadron,17,L2_ch160:192,L2,label_Hqql,1.3491895198822021,0.6534615755081177,0.8816435093212647
15684,A_protected_highiso,hadron_neighbor,charged_hadron,17,L2_ch160:192,L2,label_Tbl,1.3491895198822021,1.3414459228515625,1.8098647806000372
15684,A_protected_highiso,hard_hadron,charged_hadron,2,L2_ch160:192,L2,label_Hqql,1.2181084156036377,0.6534615755081177,0.7959870444000501
15684,A_protected_highiso,hard_hadron,charged_hadron,2,L2_ch160:192,L2,label_Tbl,1.2181084156036377,1.3414459228515625,1.6340265677026764
15800,A_protected_highiso,particle0_best_lepton,electron,0,L2_ch160:192,L2,label_Hqql,5.178793430328369,0.5127624273300171,2.6554906899759203
15800,A_protected_highiso,particle0_best_lepton,electron,0,L2_ch160:192,L2,label_Tbl,5.178793430328369,0.8100190162658691,4.1949211598787315
15800,A_protected_highiso,hadron_neighbor,charged_hadron,32,L2_ch160:192,L2,label_Hqql,0.7932507395744324,0.5127624273300171,0.4067491747055172
15800,A_protected_highiso,hadron_neighbor,charged_hadron,32,L2_ch160:192,L2,label_Tbl,0.7932507395744324,0.8100190162658691,0.6425481837222549
15800,A_protected_highiso,hardest_hadron,charged_hadron,1,L2_ch160:192,L2,label_Hqql,0.782086968421936,0.5127624273300171,0.40102481231120635
15800,A_protected_highiso,hardest_hadron,charged_hadron,1,L2_ch160:192,L2,label_Tbl,0.782086968421936,0.8100190162658691,0.6335053167954925
16360,A_protected_highiso,particle0_best_lepton,muon,0,L2_ch160:192,L2,label_Hqql,4.308497905731201,0.325380802154541,1.4019025046479783
16360,A_protected_highiso,particle0_best_lepton,muon,0,L2_ch160:192,L2,label_Tbl,4.308497905731201,0.24919676780700684,1.0736637522114734
16360,A_protected_highiso,photon_neighbor,photon,1,L2_ch160:192,L2,label_Hqql,0.799014687538147,0.325380802154541,0.2599840399644222
16360,A_protected_highiso,photon_neighbor,photon,1,L2_ch160:192,L2,label_Tbl,0.799014687538147,0.24919676780700684,0.19911187756483173
16360,A_protected_highiso,photon_neighbor,photon,2,L2_ch160:192,L2,label_Hqql,0.30253589153289795,0.325380802154541,0.09843937106751355
16360,A_protected_highiso,photon_neighbor,photon,2,L2_ch160:192,L2,label_Tbl,0.30253589153289795,0.24919676780700684,0.07539096631560938
12649,B_confused_highiso,particle0_best_lepton,muon,0,L2_ch160:192,L2,label_Hqql,8.290899276733398,-1.2128971815109253,-10.056008364940908
12649,B_confused_highiso,particle0_best_lepton,muon,0,L2_ch160:192,L2,label_Tbl,8.290899276733398,-0.26735711097717285,-2.2166308780301733
12649,B_confused_highiso,hadron_neighbor,charged_hadron,29,L2_ch160:192,L2,label_Hqql,1.7367509603500366,-1.2128971815109253,-2.106500344794952
12649,B_confused_highiso,hadron_neighbor,charged_hadron,29,L2_ch160:192,L2,label_Tbl,1.7367509603500366,-0.26735711097717285,-0.46433271924601627
12649,B_confused_highiso,second_lepton,muon,47,L2_ch160:192,L2,label_Hqql,1.554253339767456,-1.2128971815109253,-1.88514949515789
12649,B_confused_highiso,second_lepton,muon,47,L2_ch160:192,L2,label_Tbl,1.554253339767456,-0.26735711097717285,-0.4155406826468493
12982,B_confused_highiso,particle0_best_lepton,electron,0,L2_ch160:192,L2,label_Hqql,5.072094440460205,-0.11440455913543701,-0.5802707283541508
12982,B_confused_highiso,particle0_best_lepton,electron,0,L2_ch160:192,L2,label_Tbl,5.072094440460205,0.9054477214813232,4.59251635425278
12982,B_confused_highiso,hard_hadron,charged_hadron,10,L2_ch160:192,L2,label_Hqql,1.7718372344970703,-0.11440455913543701,-0.20270625767238926
12982,B_confused_highiso,hard_hadron,charged_hadron,10,L2_ch160:192,L2,label_Tbl,1.7718372344970703,0.9054477214813232,1.6043059868111413
12982,B_confused_highiso,hadron_neighbor,charged_hadron,12,L2_ch160:192,L2,label_Hqql,0.9130071997642517,-0.11440455913543701,-0.10445218617650909
12982,B_confused_highiso,hadron_neighbor,charged_hadron,12,L2_ch160:192,L2,label_Tbl,0.9130071997642517,0.9054477214813232,0.826680288722585
13045,B_confused_highiso,particle0_best_lepton,electron,0,L2_ch160:192,L2,label_Hqql,5.294691562652588,0.09604024887084961,0.5085034953715422
13045,B_confused_highiso,particle0_best_lepton,electron,0,L2_ch160:192,L2,label_Tbl,5.294691562652588,0.7674179077148438,4.0632411210062855
13045,B_confused_highiso,second_lepton,muon,2,L2_ch160:192,L2,label_Hqql,2.16129732131958,0.09604024887084961,0.20757153262343309
13045,B_confused_highiso,second_lepton,muon,2,L2_ch160:192,L2,label_Tbl,2.16129732131958,0.7674179077148438,1.6586182682767685
13045,B_confused_highiso,photon_neighbor,photon,4,L2_ch160:192,L2,label_Hqql,1.155866026878357,0.09604024887084961,0.11100966088275754
13045,B_confused_highiso,photon_neighbor,photon,4,L2_ch160:192,L2,label_Tbl,1.155866026878357,0.7674179077148438,0.887032287945658
13583,B_confused_highiso,particle0_best_lepton,electron,0,L2_ch160:192,L2,label_Hqql,5.435051918029785,-2.407762050628662,-13.086311751428639
13583,B_confused_highiso,particle0_best_lepton,electron,0,L2_ch160:192,L2,label_Tbl,5.435051918029785,-1.423572301864624,-7.737189369703401
13583,B_confused_highiso,photon_neighbor,photon,1,L2_ch160:192,L2,label_Hqql,2.5218615531921387,-2.407762050628662,-6.072042544715487
13583,B_confused_highiso,photon_neighbor,photon,1,L2_ch160:192,L2,label_Tbl,2.5218615531921387,-1.423572301864624,-3.590052256261629
13583,B_confused_highiso,hard_hadron,charged_hadron,6,L2_ch160:192,L2,label_Hqql,1.2166601419448853,-2.407762050628662,-2.929428118287376
13583,B_confused_highiso,hard_hadron,charged_hadron,6,L2_ch160:192,L2,label_Tbl,1.2166601419448853,-1.423572301864624,-1.7320036788554205
13787,B_confused_highiso,particle0_best_lepton,electron,0,L2_ch160:192,L2,label_Hqql,3.693413496017456,-0.10819190740585327,-0.3995974509726494
13787,B_confused_highiso,particle0_best_lepton,electron,0,L2_ch160:192,L2,label_Tbl,3.693413496017456,0.6464669704437256,2.387669833366374
13787,B_confused_highiso,photon_neighbor,photon,38,L2_ch160:192,L2,label_Hqql,0.3942544460296631,-0.10819190740585327,-0.042655140519187285
13787,B_confused_highiso,photon_neighbor,photon,38,L2_ch160:192,L2,label_Tbl,0.3942544460296631,0.6464669704437256,0.2548724773087656
13787,B_confused_highiso,hard_hadron,charged_hadron,4,L2_ch160:192,L2,label_Hqql,0.2334645539522171,-0.10819190740585327,-0.025258975403747108
13787,B_confused_highiso,hard_hadron,charged_hadron,4,L2_ch160:192,L2,label_Tbl,0.2334645539522171,0.6464669704437256,0.1509271228994855
13997,B_confused_highiso,particle0_best_lepton,muon,0,L2_ch160:192,L2,label_Hqql,6.004545211791992,0.274125337600708,1.6459979833211946
13997,B_confused_highiso,particle0_best_lepton,muon,0,L2_ch160:192,L2,label_Tbl,6.004545211791992,1.1201181411743164,6.725800021229588
13997,B_confused_highiso,photon_neighbor,photon,40,L2_ch160:192,L2,label_Hqql,0.40495753288269043,0.274125337600708,0.11100912041541733
13997,B_confused_highiso,photon_neighbor,photon,40,L2_ch160:192,L2,label_Tbl,0.40495753288269043,1.1201181411743164,0.4536002789870963
13997,B_confused_highiso,hardest_hadron,charged_hadron,1,L2_ch160:192,L2,label_Hqql,0.3927113711833954,0.274125337600708,0.10765213720528521
13997,B_confused_highiso,hardest_hadron,charged_hadron,1,L2_ch160:192,L2,label_Tbl,0.3927113711833954,1.1201181411743164,0.43988313110796184
14711,B_confused_highiso,particle0_best_lepton,muon,0,L2_ch160:192,L2,label_Hqql,7.300062656402588,1.0260050296783447,7.489901002436113
14711,B_confused_highiso,particle0_best_lepton,muon,0,L2_ch160:192,L2,label_Tbl,7.300062656402588,1.5976511240005493,11.66295330827603
14711,B_confused_highiso,hardest_hadron,charged_hadron,1,L2_ch160:192,L2,label_Hqql,3.047081708908081,1.0260050296783447,3.126321159180577
14711,B_confused_highiso,hardest_hadron,charged_hadron,1,L2_ch160:192,L2,label_Tbl,3.047081708908081,1.5976511240005493,4.86817351715851
14711,B_confused_highiso,hard_hadron,charged_hadron,3,L2_ch160:192,L2,label_Hqql,1.85063636302948,1.0260050296783447,1.8987622165738856
14711,B_confused_highiso,hard_hadron,charged_hadron,3,L2_ch160:192,L2,label_Tbl,1.85063636302948,1.5976511240005493,2.9566712655103373
15288,B_confused_highiso,particle0_best_lepton,electron,0,L2_ch160:192,L2,label_Hqql,5.498163223266602,-0.43215513229370117,-2.3760594551231407
15288,B_confused_highiso,particle0_best_lepton,electron,0,L2_ch160:192,L2,label_Tbl,5.498163223266602,0.9416158199310303,5.177157471590817
15288,B_confused_highiso,hadron_neighbor,charged_hadron,14,L2_ch160:192,L2,label_Hqql,0.8358721733093262,-0.43215513229370117,-0.36122644963711537
15288,B_confused_highiso,hadron_neighbor,charged_hadron,14,L2_ch160:192,L2,label_Tbl,0.8358721733093262,0.9416158199310303,0.7870704618281934
15288,B_confused_highiso,photon_neighbor,photon,12,L2_ch160:192,L2,label_Hqql,0.7370710968971252,-0.43215513229370117,-0.3185290573894406
15288,B_confused_highiso,photon_neighbor,photon,12,L2_ch160:192,L2,label_Tbl,0.7370710968971252,0.9416158199310303,0.6940378052522505
15528,B_confused_highiso,best_lepton,electron,3,L2_ch160:192,L2,label_Hqql,5.99428653717041,-0.8610039949417114,-5.161104655329041
15528,B_confused_highiso,best_lepton,electron,3,L2_ch160:192,L2,label_Tbl,5.99428653717041,-0.327852725982666,-1.9652431815325144
15528,B_confused_highiso,particle0,photon,0,L2_ch160:192,L2,label_Hqql,1.8003088235855103,-0.8610039949417114,-1.5500730892359371
15528,B_confused_highiso,particle0,photon,0,L2_ch160:192,L2,label_Tbl,1.8003088235855103,-0.327852725982666,-0.5902361554231561
15528,B_confused_highiso,hadron_neighbor,charged_hadron,32,L2_ch160:192,L2,label_Hqql,1.3461692333221436,-0.8610039949417114,-1.1590570877579864
15528,B_confused_highiso,hadron_neighbor,charged_hadron,32,L2_ch160:192,L2,label_Tbl,1.3461692333221436,-0.327852725982666,-0.4413452527786603
15658,B_confused_highiso,particle0_best_lepton,electron,0,L2_ch160:192,L2,label_Hqql,7.076489448547363,-0.8023196458816528,-5.677606508443773
15658,B_confused_highiso,particle0_best_lepton,electron,0,L2_ch160:192,L2,label_Tbl,7.076489448547363,0.3290036916732788,2.3281911526590875
15658,B_confused_highiso,second_lepton,muon,5,L2_ch160:192,L2,label_Hqql,2.860550880432129,-0.8023196458816528,-2.295076169414756
15658,B_confused_highiso,second_lepton,muon,5,L2_ch160:192,L2,label_Tbl,2.860550880432129,0.3290036916732788,0.9411317998814184
15658,B_confused_highiso,hadron_neighbor,charged_hadron,20,L2_ch160:192,L2,label_Hqql,2.102321147918701,-0.8023196458816528,-1.6867335589276422
15658,B_confused_highiso,hadron_neighbor,charged_hadron,20,L2_ch160:192,L2,label_Tbl,2.102321147918701,0.3290036916732788,0.6916714187480579
15893,B_confused_highiso,particle0_best_lepton,electron,0,L2_ch160:192,L2,label_Hqql,4.5157084465026855,0.16094350814819336,0.7267739591545705
15893,B_confused_highiso,particle0_best_lepton,electron,0,L2_ch160:192,L2,label_Tbl,4.5157084465026855,0.9393680095672607,4.241912055177295
15893,B_confused_highiso,hadron_neighbor,charged_hadron,23,L2_ch160:192,L2,label_Hqql,0.9506129622459412,0.16094350814819336,0.15299498503500786
15893,B_confused_highiso,hadron_neighbor,charged_hadron,23,L2_ch160:192,L2,label_Tbl,0.9506129622459412,0.9393680095672607,0.8929754062138073
15893,B_confused_highiso,photon_neighbor,photon,43,L2_ch160:192,L2,label_Hqql,0.7847332954406738,0.16094350814819336,0.12629772952891472
15893,B_confused_highiso,photon_neighbor,photon,43,L2_ch160:192,L2,label_Tbl,0.7847332954406738,0.9393680095672607,0.7371533537792629
20480,C_Tbl_correct,particle0_best_lepton,muon,0,L2_ch160:192,L2,label_Hqql,4.485352516174316,-0.7598099708557129,-3.408015564592006
20480,C_Tbl_correct,particle0_best_lepton,muon,0,L2_ch160:192,L2,label_Tbl,4.485352516174316,2.2361931800842285,10.03011470694264
20480,C_Tbl_correct,nearest_hadron_to_best_lepton,charged_hadron,11,L2_ch160:192,L2,label_Hqql,2.579918146133423,-0.7598099708557129,-1.9602475314237608
20480,C_Tbl_correct,nearest_hadron_to_best_lepton,charged_hadron,11,L2_ch160:192,L2,label_Tbl,2.579918146133423,2.2361931800842285,5.769195363559106
20480,C_Tbl_correct,photon_neighbor,photon,12,L2_ch160:192,L2,label_Hqql,0.64080411195755,-0.7598099708557129,-0.4868893536306871
20480,C_Tbl_correct,photon_neighbor,photon,12,L2_ch160:192,L2,label_Tbl,0.64080411195755,2.2361931800842285,1.4329617849294038
20481,C_Tbl_correct,particle0_best_lepton,muon,0,L2_ch160:192,L2,label_Hqql,5.414942264556885,-4.502056121826172,-24.378373971483597
20481,C_Tbl_correct,particle0_best_lepton,muon,0,L2_ch160:192,L2,label_Tbl,5.414942264556885,-0.526710033416748,-2.852104421114518
20481,C_Tbl_correct,second_lepton,muon,1,L2_ch160:192,L2,label_Hqql,1.7899327278137207,-4.502056121826172,-8.05837759491078
20481,C_Tbl_correct,second_lepton,muon,1,L2_ch160:192,L2,label_Tbl,1.7899327278137207,-0.526710033416748,-0.9427755268804958
20481,C_Tbl_correct,nearest_hadron_to_best_lepton,charged_hadron,19,L2_ch160:192,L2,label_Hqql,1.6743557453155518,-4.502056121826172,-7.5380435333127025
20481,C_Tbl_correct,nearest_hadron_to_best_lepton,charged_hadron,19,L2_ch160:192,L2,label_Tbl,1.6743557453155518,-0.526710033416748,-0.8818999705666783
20482,C_Tbl_correct,second_lepton,muon,2,L2_ch160:192,L2,label_Hqql,2.224086046218872,-1.0563042163848877,-2.349311468223789
20482,C_Tbl_correct,second_lepton,muon,2,L2_ch160:192,L2,label_Tbl,2.224086046218872,-0.17098450660705566,-0.38028425526437104
20482,C_Tbl_correct,particle0_best_lepton,muon,0,L2_ch160:192,L2,label_Hqql,1.6712253093719482,-1.0563042163848877,-1.7653223408187273
20482,C_Tbl_correct,particle0_best_lepton,muon,0,L2_ch160:192,L2,label_Tbl,1.6712253093719482,-0.17098450660705566,-0.28575363495218653
20482,C_Tbl_correct,hard_hadron,neutral_hadron,4,L2_ch160:192,L2,label_Hqql,0.38081204891204834,-1.0563042163848877,-0.40225337291596475
20482,C_Tbl_correct,hard_hadron,neutral_hadron,4,L2_ch160:192,L2,label_Tbl,0.38081204891204834,-0.17098450660705566,-0.06511296029324853
20483,C_Tbl_correct,particle0_best_lepton,muon,0,L2_ch160:192,L2,label_Hqql,5.6502838134765625,-4.578793048858643,-25.871480249224987
20483,C_Tbl_correct,particle0_best_lepton,muon,0,L2_ch160:192,L2,label_Tbl,5.6502838134765625,-0.6789283752441406,-3.8361380091519095
20483,C_Tbl_correct,hard_hadron,charged_hadron,2,L2_ch160:192,L2,label_Hqql,1.3866338729858398,-4.578793048858643,-6.349109538939501
20483,C_Tbl_correct,hard_hadron,charged_hadron,2,L2_ch160:192,L2,label_Tbl,1.3866338729858398,-0.6789283752441406,-0.9414250824447663
20483,C_Tbl_correct,hadron_neighbor,charged_hadron,15,L2_ch160:192,L2,label_Hqql,0.9517190456390381,-4.578793048858643,-4.357724550638409
20483,C_Tbl_correct,hadron_neighbor,charged_hadron,15,L2_ch160:192,L2,label_Tbl,0.9517190456390381,-0.6789283752441406,-0.6461490653446162
20484,C_Tbl_correct,second_lepton,muon,3,L2_ch160:192,L2,label_Hqql,4.661345958709717,-2.2997212409973145,-10.719796312881726
20484,C_Tbl_correct,second_lepton,muon,3,L2_ch160:192,L2,label_Tbl,4.661345958709717,-0.9469128847122192,-4.413888548403463
20484,C_Tbl_correct,particle0_best_lepton,electron,0,L2_ch160:192,L2,label_Hqql,3.429710626602173,-2.2997212409973145,-7.887378378471226
20484,C_Tbl_correct,particle0_best_lepton,electron,0,L2_ch160:192,L2,label_Tbl,3.429710626602173,-0.9469128847122192,-3.2476371831640165
20484,C_Tbl_correct,photon_neighbor,photon,9,L2_ch160:192,L2,label_Hqql,2.7849488258361816,-2.2997212409973145,-6.404605969865997
20484,C_Tbl_correct,photon_neighbor,photon,9,L2_ch160:192,L2,label_Tbl,2.7849488258361816,-0.9469128847122192,-2.6371039264484466
20485,C_Tbl_correct,particle0_best_lepton,electron,0,L2_ch160:192,L2,label_Hqql,2.3144686222076416,-0.7175521850585938,-1.6607520171146462
20485,C_Tbl_correct,particle0_best_lepton,electron,0,L2_ch160:192,L2,label_Tbl,2.3144686222076416,0.47567546367645264,1.1009359350332204
20485,C_Tbl_correct,nearest_hadron_to_best_lepton,charged_hadron,15,L2_ch160:192,L2,label_Hqql,1.3351690769195557,-0.7175521850585938,-0.9580534885662928
20485,C_Tbl_correct,nearest_hadron_to_best_lepton,charged_hadron,15,L2_ch160:192,L2,label_Tbl,1.3351690769195557,0.47567546367645264,0.6351071697501709
20485,C_Tbl_correct,photon_neighbor,photon,18,L2_ch160:192,L2,label_Hqql,1.0619897842407227,-0.7175521850585938,-0.7620330901918351
20485,C_Tbl_correct,photon_neighbor,photon,18,L2_ch160:192,L2,label_Tbl,1.0619897842407227,0.47567546367645264,0.5051624830383616
20486,C_Tbl_correct,best_lepton,muon,1,L2_ch160:192,L2,label_Hqql,2.764289617538452,0.3231072425842285,0.8931619960270609
20486,C_Tbl_correct,best_lepton,muon,1,L2_ch160:192,L2,label_Tbl,2.764289617538452,0.8565255999565125,2.367684823115681
20486,C_Tbl_correct,hadron_neighbor,charged_hadron,25,L2_ch160:192,L2,label_Hqql,1.0096237659454346,0.3231072425842285,0.3262167510621339
20486,C_Tbl_correct,hadron_neighbor,charged_hadron,25,L2_ch160:192,L2,label_Tbl,1.0096237659454346,0.8565255999565125,0.8647686018567668
20486,C_Tbl_correct,hadron_neighbor,charged_hadron,20,L2_ch160:192,L2,label_Hqql,0.5918301939964294,0.3231072425842285,0.19122462206027535
20486,C_Tbl_correct,hadron_neighbor,charged_hadron,20,L2_ch160:192,L2,label_Tbl,0.5918301939964294,0.8565255999565125,0.5069177119851709
20487,C_Tbl_correct,particle0_best_lepton,muon,0,L2_ch160:192,L2,label_Hqql,6.331090927124023,-4.074472427368164,-25.79585541772758
20487,C_Tbl_correct,particle0_best_lepton,muon,0,L2_ch160:192,L2,label_Tbl,6.331090927124023,-0.1558518409729004,-0.9867121763591058
20487,C_Tbl_correct,hadron_neighbor,charged_hadron,23,L2_ch160:192,L2,label_Hqql,1.5625145435333252,-4.074472427368164,-6.366422424988286
20487,C_Tbl_correct,hadron_neighbor,charged_hadron,23,L2_ch160:192,L2,label_Tbl,1.5625145435333252,-0.1558518409729004,-0.24352076815659984
20487,C_Tbl_correct,nearest_hadron_to_best_lepton,charged_hadron,19,L2_ch160:192,L2,label_Hqql,1.0347075462341309,-4.074472427368164,-4.215887367520736
20487,C_Tbl_correct,nearest_hadron_to_best_lepton,charged_hadron,19,L2_ch160:192,L2,label_Tbl,1.0347075462341309,-0.1558518409729004,-0.16126107594914174
20488,C_Tbl_correct,particle0_best_lepton,muon,0,L2_ch160:192,L2,label_Hqql,4.111567974090576,1.3477449417114258,5.541344939583269
20488,C_Tbl_correct,particle0_best_lepton,muon,0,L2_ch160:192,L2,label_Tbl,4.111567974090576,0.6811809539794922,2.8007217949425467
20488,C_Tbl_correct,hadron_neighbor,charged_hadron,12,L2_ch160:192,L2,label_Hqql,0.6703943014144897,1.3477449417114258,0.9035205286835435
20488,C_Tbl_correct,hadron_neighbor,charged_hadron,12,L2_ch160:192,L2,label_Tbl,0.6703943014144897,0.6811809539794922,0.45665982977993735
20488,C_Tbl_correct,nearest_hadron_to_best_lepton,charged_hadron,19,L2_ch160:192,L2,label_Hqql,0.35502755641937256,1.3477449417114258,0.4784865933323772
20488,C_Tbl_correct,nearest_hadron_to_best_lepton,charged_hadron,19,L2_ch160:192,L2,label_Tbl,0.35502755641937256,0.6811809539794922,0.24183800957075618
20489,C_Tbl_correct,particle0_best_lepton,electron,0,L2_ch160:192,L2,label_Hqql,1.763596773147583,-0.4520902633666992,-0.7973049296449517
20489,C_Tbl_correct,particle0_best_lepton,electron,0,L2_ch160:192,L2,label_Tbl,1.763596773147583,0.3432588577270508,0.605370213841752
20489,C_Tbl_correct,photon_neighbor,photon,13,L2_ch160:192,L2,label_Hqql,0.6187931299209595,-0.4520902633666992,-0.2797503490754707
20489,C_Tbl_correct,photon_neighbor,photon,13,L2_ch160:192,L2,label_Tbl,0.6187931299209595,0.3432588577270508,0.21240622294601508
20489,C_Tbl_correct,nearest_hadron_to_best_lepton,charged_hadron,14,L2_ch160:192,L2,label_Hqql,0.46534085273742676,-0.4520902633666992,-0.21037606866934766
20489,C_Tbl_correct,nearest_hadron_to_best_lepton,charged_hadron,14,L2_ch160:192,L2,label_Tbl,0.46534085273742676,0.3432588577270508,0.15973236956438086
20490,C_Tbl_correct,particle0_best_lepton,muon,0,L2_ch160:192,L2,label_Hqql,2.820131540298462,0.07235467433929443,0.204049699192268
20490,C_Tbl_correct,particle0_best_lepton,muon,0,L2_ch160:192,L2,label_Tbl,2.820131540298462,0.8413436412811279,2.372699739006464
20490,C_Tbl_correct,nearest_hadron_to_best_lepton,neutral_hadron,19,L2_ch160:192,L2,label_Hqql,0.942450761795044,0.07235467433929443,0.06819071795050036
20490,C_Tbl_correct,nearest_hadron_to_best_lepton,neutral_hadron,19,L2_ch160:192,L2,label_Tbl,0.942450761795044,0.8413436412811279,0.7929249556568152
20490,C_Tbl_correct,photon_neighbor,photon,34,L2_ch160:192,L2,label_Hqql,0.46934008598327637,0.07235467433929443,0.03395894907569641
20490,C_Tbl_correct,photon_neighbor,photon,34,L2_ch160:192,L2,label_Tbl,0.46934008598327637,0.8413436412811279,0.3948762969403674
20491,C_Tbl_correct,particle0_best_lepton,muon,0,L2_ch160:192,L2,label_Hqql,5.871293544769287,-2.389230251312256,-14.02787215149715
20491,C_Tbl_correct,particle0_best_lepton,muon,0,L2_ch160:192,L2,label_Tbl,5.871293544769287,0.6972208023071289,4.093587995864709
20491,C_Tbl_correct,photon_neighbor,photon,28,L2_ch160:192,L2,label_Hqql,1.5436415672302246,-2.389230251312256,-3.688115129609514
20491,C_Tbl_correct,photon_neighbor,photon,28,L2_ch160:192,L2,label_Tbl,1.5436415672302246,0.6972208023071289,1.076259011978891
20491,C_Tbl_correct,photon_neighbor,photon,29,L2_ch160:192,L2,label_Hqql,1.378618597984314,-2.389230251312256,-3.2938372593258123
20491,C_Tbl_correct,photon_neighbor,photon,29,L2_ch160:192,L2,label_Tbl,1.378618597984314,0.6972208023071289,0.9612015649621526
20492,C_Tbl_correct,particle0_best_lepton,muon,0,L2_ch160:192,L2,label_Hqql,8.632637977600098,-0.45006251335144043,-3.8852267450517957
20492,C_Tbl_correct,particle0_best_lepton,muon,0,L2_ch160:192,L2,label_Tbl,8.632637977600098,0.9200072288513184,7.942089343448515
20492,C_Tbl_correct,nearest_hadron_to_best_lepton,charged_hadron,74,L2_ch160:192,L2,label_Hqql,1.5155894756317139,-0.45006251335144043,-0.6821100086118008
20492,C_Tbl_correct,nearest_hadron_to_best_lepton,charged_hadron,74,L2_ch160:192,L2,label_Tbl,1.5155894756317139,0.9200072288513184,1.3943532735521558
20492,C_Tbl_correct,hard_hadron,charged_hadron,17,L2_ch160:192,L2,label_Hqql,1.2686551809310913,-0.45006251335144043,-0.5709741393061734
20492,C_Tbl_correct,hard_hadron,charged_hadron,17,L2_ch160:192,L2,label_Tbl,1.2686551809310913,0.9200072288513184,1.1671719373762812
20493,C_Tbl_correct,particle0_best_lepton,electron,0,L2_ch160:192,L2,label_Hqql,3.0766866207122803,-0.5716441869735718,-1.7587700218695375
20493,C_Tbl_correct,particle0_best_lepton,electron,0,L2_ch160:192,L2,label_Tbl,3.0766866207122803,0.23148632049560547,0.7122108651467443
20493,C_Tbl_correct,second_lepton,muon,1,L2_ch160:192,L2,label_Hqql,1.0771541595458984,-0.5716441869735718,-0.6157489137788161
20493,C_Tbl_correct,second_lepton,muon,1,L2_ch160:192,L2,label_Tbl,1.0771541595458984,0.23148632049560547,0.2493464529998164
20493,C_Tbl_correct,photon_neighbor,photon,7,L2_ch160:192,L2,label_Hqql,0.17175112664699554,-0.5716441869735718,-0.09818053315391673
20493,C_Tbl_correct,photon_neighbor,photon,7,L2_ch160:192,L2,label_Tbl,0.17175112664699554,0.23148632049560547,0.039758036348487735
20494,C_Tbl_correct,particle0_best_lepton,muon,0,L2_ch160:192,L2,label_Hqql,5.749063968658447,-3.160670757293701,-18.170898367549626
20494,C_Tbl_correct,particle0_best_lepton,muon,0,L2_ch160:192,L2,label_Tbl,5.749063968658447,0.939481258392334,5.401137851853264
20494,C_Tbl_correct,photon_neighbor,photon,1,L2_ch160:192,L2,label_Hqql,1.6724847555160522,-3.160670757293701,-5.2861736587790915
20494,C_Tbl_correct,photon_neighbor,photon,1,L2_ch160:192,L2,label_Tbl,1.6724847555160522,0.939481258392334,1.5712680827542158
20494,C_Tbl_correct,nearest_hadron_to_best_lepton,charged_hadron,8,L2_ch160:192,L2,label_Hqql,1.3462591171264648,-3.160670757293701,-4.255081823241653
20494,C_Tbl_correct,nearest_hadron_to_best_lepton,charged_hadron,8,L2_ch160:192,L2,label_Tbl,1.3462591171264648,0.939481258392334,1.2647852094801237
20495,C_Tbl_correct,best_lepton,electron,2,L2_ch160:192,L2,label_Hqql,3.314565896987915,0.12635326385498047,0.41880621934683404
20495,C_Tbl_correct,best_lepton,electron,2,L2_ch160:192,L2,label_Tbl,3.314565896987915,0.9565432071685791,3.1705254934764184
20495,C_Tbl_correct,nearest_hadron_to_best_lepton,charged_hadron,5,L2_ch160:192,L2,label_Hqql,0.6035552024841309,0.12635326385498047,0.07626116975052355
20495,C_Tbl_correct,nearest_hadron_to_best_lepton,charged_hadron,5,L2_ch160:192,L2,label_Tbl,0.6035552024841309,0.9565432071685791,0.5773266290874517
20495,C_Tbl_correct,hadron_neighbor,charged_hadron,15,L2_ch160:192,L2,label_Hqql,0.34194207191467285,0.12635326385498047,0.043205496835753365
20495,C_Tbl_correct,hadron_neighbor,charged_hadron,15,L2_ch160:192,L2,label_Tbl,0.34194207191467285,0.9565432071685791,0.3270823661351301
20496,C_Tbl_correct,particle0_best_lepton,electron,0,L2_ch160:192,L2,label_Hqql,5.236267566680908,-4.411808013916016,-23.101407213691346
20496,C_Tbl_correct,particle0_best_lepton,electron,0,L2_ch160:192,L2,label_Tbl,5.236267566680908,-2.7001476287841797,-14.13869545385296
20496,C_Tbl_correct,hardest_hadron,charged_hadron,1,L2_ch160:192,L2,label_Hqql,2.754163980484009,-4.411808013916016,-12.150842720738183
20496,C_Tbl_correct,hardest_hadron,charged_hadron,1,L2_ch160:192,L2,label_Tbl,2.754163980484009,-2.7001476287841797,-7.436649341186694
20496,C_Tbl_correct,hard_hadron,charged_hadron,2,L2_ch160:192,L2,label_Hqql,1.7489372491836548,-4.411808013916016,-7.71597537178468
20496,C_Tbl_correct,hard_hadron,charged_hadron,2,L2_ch160:192,L2,label_Tbl,1.7489372491836548,-2.7001476287841797,-4.7223887662755715
20497,C_Tbl_correct,particle0_best_lepton,muon,0,L2_ch160:192,L2,label_Hqql,4.976354122161865,-3.0524215698242188,-15.189930661570543
20497,C_Tbl_correct,particle0_best_lepton,muon,0,L2_ch160:192,L2,label_Tbl,4.976354122161865,-0.5528826713562012,-2.7513399606752955
20497,C_Tbl_correct,hadron_neighbor,charged_hadron,17,L2_ch160:192,L2,label_Hqql,1.5272572040557861,-3.0524215698242188,-4.66183283232931
20497,C_Tbl_correct,hadron_neighbor,charged_hadron,17,L2_ch160:192,L2,label_Tbl,1.5272572040557861,-0.5528826713562012,-0.8443940428263659
20497,C_Tbl_correct,hardest_hadron,charged_hadron,1,L2_ch160:192,L2,label_Hqql,1.0427539348602295,-3.0524215698242188,-3.182924602786443
20497,C_Tbl_correct,hardest_hadron,charged_hadron,1,L2_ch160:192,L2,label_Tbl,1.0427539348602295,-0.5528826713562012,-0.5765205810727139
20498,C_Tbl_correct,best_lepton,muon,1,L2_ch160:192,L2,label_Hqql,1.8323426246643066,0.10140180587768555,0.18580285112761885
20498,C_Tbl_correct,best_lepton,muon,1,L2_ch160:192,L2,label_Tbl,1.8323426246643066,1.19081449508667,2.18198015741541
20498,C_Tbl_correct,nearest_hadron_to_best_lepton,neutral_hadron,5,L2_ch160:192,L2,label_Hqql,0.9232547283172607,0.10140180587768555,0.09361969673648218
20498,C_Tbl_correct,nearest_hadron_to_best_lepton,neutral_hadron,5,L2_ch160:192,L2,label_Tbl,0.9232547283172607,1.19081449508667,1.0994251131374995
20498,C_Tbl_correct,hadron_neighbor,charged_hadron,6,L2_ch160:192,L2,label_Hqql,0.06538057327270508,0.10140180587768555,0.006629708199170636
20498,C_Tbl_correct,hadron_neighbor,charged_hadron,6,L2_ch160:192,L2,label_Tbl,0.06538057327270508,1.19081449508667,0.07785613435021332
20499,C_Tbl_correct,best_lepton,electron,1,L2_ch160:192,L2,label_Hqql,3.229229688644409,-0.6082625389099121,-1.9642194491381133
20499,C_Tbl_correct,best_lepton,electron,1,L2_ch160:192,L2,label_Tbl,3.229229688644409,1.3600187301635742,4.3918128605566835
20499,C_Tbl_correct,nearest_hadron_to_best_lepton,charged_hadron,11,L2_ch160:192,L2,label_Hqql,1.596970558166504,-0.6082625389099121,-0.9713773662747371
20499,C_Tbl_correct,nearest_hadron_to_best_lepton,charged_hadron,11,L2_ch160:192,L2,label_Tbl,1.596970558166504,1.3600187301635742,2.171909870626223
20499,C_Tbl_correct,hadron_neighbor,charged_hadron,13,L2_ch160:192,L2,label_Hqql,0.5832232236862183,-0.6082625389099121,-0.3547528387906027
20499,C_Tbl_correct,hadron_neighbor,charged_hadron,13,L2_ch160:192,L2,label_Tbl,0.5832232236862183,1.3600187301635742,0.7931945080796368
20500,C_Tbl_correct,particle0_best_lepton,electron,0,L2_ch160:192,L2,label_Hqql,6.889411926269531,-2.1337976455688477,-14.700610947627865
20500,C_Tbl_correct,particle0_best_lepton,electron,0,L2_ch160:192,L2,label_Tbl,6.889411926269531,-0.5332250595092773,-3.673607084368996
20500,C_Tbl_correct,hardest_hadron,charged_hadron,1,L2_ch160:192,L2,label_Hqql,1.8692879676818848,-2.1337976455688477,-3.988682264329782
20500,C_Tbl_correct,hardest_hadron,charged_hadron,1,L2_ch160:192,L2,label_Tbl,1.8692879676818848,-0.5332250595092773,-0.9967511878071491
20500,C_Tbl_correct,photon_neighbor,photon,38,L2_ch160:192,L2,label_Hqql,1.089989185333252,-2.1337976455688477,-2.3258163573595994
20500,C_Tbl_correct,photon_neighbor,photon,38,L2_ch160:192,L2,label_Tbl,1.089989185333252,-0.5332250595092773,-0.581209548213792
20501,C_Tbl_correct,particle0_best_lepton,electron,0,L2_ch160:192,L2,label_Hqql,6.042135238647461,-1.5657014846801758,-9.460180113788738
20501,C_Tbl_correct,particle0_best_lepton,electron,0,L2_ch160:192,L2,label_Tbl,6.042135238647461,0.2590041160583496,1.5649378965908909
20501,C_Tbl_correct,hadron_neighbor,charged_hadron,20,L2_ch160:192,L2,label_Hqql,1.6965633630752563,-1.5657014846801758,-2.656311776420921
20501,C_Tbl_correct,hadron_neighbor,charged_hadron,20,L2_ch160:192,L2,label_Tbl,1.6965633630752563,0.2590041160583496,0.4394168941902876
20501,C_Tbl_correct,hadron_neighbor,charged_hadron,21,L2_ch160:192,L2,label_Hqql,1.4591243267059326,-1.5657014846801758,-2.2845531246564406
20501,C_Tbl_correct,hadron_neighbor,charged_hadron,21,L2_ch160:192,L2,label_Tbl,1.4591243267059326,0.2590041160583496,0.3779192064577046
20502,C_Tbl_correct,particle0_best_lepton,muon,0,L2_ch160:192,L2,label_Hqql,6.4822587966918945,-0.6287446022033691,-4.0756852285053355
20502,C_Tbl_correct,particle0_best_lepton,muon,0,L2_ch160:192,L2,label_Tbl,6.4822587966918945,0.5975589752197266,3.8735319236602663
20502,C_Tbl_correct,hard_hadron,charged_hadron,8,L2_ch160:192,L2,label_Hqql,0.8430569767951965,-0.6287446022033691,-0.5300675235098709
20502,C_Tbl_correct,hard_hadron,charged_hadron,8,L2_ch160:192,L2,label_Tbl,0.8430569767951965,0.5975589752197266,0.5037762631055784
20502,C_Tbl_correct,hadron_neighbor,neutral_hadron,16,L2_ch160:192,L2,label_Hqql,0.7458152770996094,-0.6287446022033691,-0.4689273297171894
20502,C_Tbl_correct,hadron_neighbor,neutral_hadron,16,L2_ch160:192,L2,label_Tbl,0.7458152770996094,0.5975589752197266,0.445668612686859
20503,C_Tbl_correct,best_lepton,electron,4,L2_ch160:192,L2,label_Hqql,2.5109806060791016,-1.0976314544677734,-2.7561312947909755
20503,C_Tbl_correct,best_lepton,electron,4,L2_ch160:192,L2,label_Tbl,2.5109806060791016,0.6566288471221924,1.6487823005159044
20503,C_Tbl_correct,nearest_hadron_to_best_lepton,charged_hadron,15,L2_ch160:192,L2,label_Hqql,1.0463511943817139,-1.0976314544677734,-1.1485079833732925
20503,C_Tbl_correct,nearest_hadron_to_best_lepton,charged_hadron,15,L2_ch160:192,L2,label_Tbl,1.0463511943817139,0.6566288471221924,0.6870643784517938
20503,C_Tbl_correct,hadron_neighbor,charged_hadron,14,L2_ch160:192,L2,label_Hqql,1.0204336643218994,-1.0976314544677734,-1.1200600871575261
20503,C_Tbl_correct,hadron_neighbor,charged_hadron,14,L2_ch160:192,L2,label_Tbl,1.0204336643218994,0.6566288471221924,0.6700461805683631
20504,C_Tbl_correct,best_lepton,electron,1,L2_ch160:192,L2,label_Hqql,3.112224578857422,0.2196892499923706,0.6837222835370085
20504,C_Tbl_correct,best_lepton,electron,1,L2_ch160:192,L2,label_Tbl,3.112224578857422,0.9485628604888916,2.952140649004832
20504,C_Tbl_correct,nearest_hadron_to_best_lepton,charged_hadron,20,L2_ch160:192,L2,label_Hqql,0.8032798767089844,0.2196892499923706,0.1764719536481607
20504,C_Tbl_correct,nearest_hadron_to_best_lepton,charged_hadron,20,L2_ch160:192,L2,label_Tbl,0.8032798767089844,0.9485628604888916,0.7619614576242384
20504,C_Tbl_correct,photon_neighbor,photon,24,L2_ch160:192,L2,label_Hqql,0.737295389175415,0.2196892499923706,0.16197587107077993
20504,C_Tbl_correct,photon_neighbor,photon,24,L2_ch160:192,L2,label_Tbl,0.737295389175415,0.9485628604888916,0.6993710233815023
20505,C_Tbl_correct,particle0_best_lepton,muon,0,L2_ch160:192,L2,label_Hqql,3.1329030990600586,-0.12476566433906555,-0.3908787364641455
20505,C_Tbl_correct,particle0_best_lepton,muon,0,L2_ch160:192,L2,label_Tbl,3.1329030990600586,1.8062107563018799,5.658683275973772
20505,C_Tbl_correct,photon_neighbor,photon,7,L2_ch160:192,L2,label_Hqql,0.9353482723236084,-0.12476566433906555,-0.1166993485848522
20505,C_Tbl_correct,photon_neighbor,photon,7,L2_ch160:192,L2,label_Tbl,0.9353482723236084,1.8062107563018799,1.6894361103592814
20505,C_Tbl_correct,nearest_hadron_to_best_lepton,charged_hadron,9,L2_ch160:192,L2,label_Hqql,0.9105575084686279,-0.12476566433906555,-0.11360631246301267
20505,C_Tbl_correct,nearest_hadron_to_best_lepton,charged_hadron,9,L2_ch160:192,L2,label_Tbl,0.9105575084686279,1.8062107563018799,1.6446587660274758
20506,C_Tbl_correct,particle0_best_lepton,muon,0,L2_ch160:192,L2,label_Hqql,2.9514100551605225,0.41710877418518066,1.231059030225822
20506,C_Tbl_correct,particle0_best_lepton,muon,0,L2_ch160:192,L2,label_Tbl,2.9514100551605225,0.6062551736831665,1.7893076156015866
20506,C_Tbl_correct,photon_neighbor,photon,33,L2_ch160:192,L2,label_Hqql,0.1421191692352295,0.41710877418518066,0.05927915246792281
20506,C_Tbl_correct,photon_neighbor,photon,33,L2_ch160:192,L2,label_Tbl,0.1421191692352295,0.6062551736831665,0.08616048162841139
20506,C_Tbl_correct,photon_neighbor,photon,4,L2_ch160:192,L2,label_Hqql,0.06844402104616165,0.41710877418518066,0.028548601718869193
20506,C_Tbl_correct,photon_neighbor,photon,4,L2_ch160:192,L2,label_Tbl,0.06844402104616165,0.6062551736831665,0.041494541866915036
20507,C_Tbl_correct,particle0_best_lepton,muon,0,L2_ch160:192,L2,label_Hqql,4.291408538818359,-2.13651180267334,-9.168644993278576
20507,C_Tbl_correct,particle0_best_lepton,muon,0,L2_ch160:192,L2,label_Tbl,4.291408538818359,-0.441426157951355,-1.8943399834902266
20507,C_Tbl_correct,nearest_hadron_to_best_lepton,charged_hadron,34,L2_ch160:192,L2,label_Hqql,1.5613008737564087,-2.13651180267334,-3.3357377443047653
20507,C_Tbl_correct,nearest_hadron_to_best_lepton,charged_hadron,34,L2_ch160:192,L2,label_Tbl,1.5613008737564087,-0.441426157951355,-0.689199046108385
20507,C_Tbl_correct,hadron_neighbor,charged_hadron,30,L2_ch160:192,L2,label_Hqql,0.5798184871673584,-2.13651180267334,-1.2387890412412617
20507,C_Tbl_correct,hadron_neighbor,charged_hadron,30,L2_ch160:192,L2,label_Tbl,0.5798184871673584,-0.441426157951355,-0.25594704709945404
20508,C_Tbl_correct,particle0_best_lepton,muon,0,L2_ch160:192,L2,label_Hqql,5.394386291503906,0.7583932876586914,4.0910663545146235
20508,C_Tbl_correct,particle0_best_lepton,muon,0,L2_ch160:192,L2,label_Tbl,5.394386291503906,2.0882139205932617,11.264632546975918
20508,C_Tbl_correct,hadron_neighbor,charged_hadron,14,L2_ch160:192,L2,label_Hqql,1.239729881286621,0.7583932876586914,0.9402028204776798
20508,C_Tbl_correct,hadron_neighbor,charged_hadron,14,L2_ch160:192,L2,label_Tbl,1.239729881286621,2.0882139205932617,2.588821195878154
20508,C_Tbl_correct,hadron_neighbor,charged_hadron,17,L2_ch160:192,L2,label_Hqql,1.107743263244629,0.7583932876586914,0.8401050552938614
20508,C_Tbl_correct,hadron_neighbor,charged_hadron,17,L2_ch160:192,L2,label_Tbl,1.107743263244629,2.0882139205932617,2.31320490275084
20509,C_Tbl_correct,best_lepton,muon,1,L2_ch160:192,L2,label_Hqql,4.319751262664795,-10.6243314743042,-45.89446930109489
20509,C_Tbl_correct,best_lepton,muon,1,L2_ch160:192,L2,label_Tbl,4.319751262664795,-3.308845043182373,-14.293387553249204
20509,C_Tbl_correct,second_lepton,electron,4,L2_ch160:192,L2,label_Hqql,3.140707492828369,-10.6243314743042,-33.36791746763947
20509,C_Tbl_correct,second_lepton,electron,4,L2_ch160:192,L2,label_Tbl,3.140707492828369,-3.308845043182373,-10.392114419730888
20509,C_Tbl_correct,photon_neighbor,photon,12,L2_ch160:192,L2,label_Hqql,2.2144064903259277,-10.6243314743042,-23.52658857207325
20509,C_Tbl_correct,photon_neighbor,photon,12,L2_ch160:192,L2,label_Tbl,2.2144064903259277,-3.308845043182373,-7.3271279391058215
20510,C_Tbl_correct,particle0_best_lepton,muon,0,L2_ch160:192,L2,label_Hqql,2.8881568908691406,-0.7895852327346802,-2.2804460308511807
20510,C_Tbl_correct,particle0_best_lepton,muon,0,L2_ch160:192,L2,label_Tbl,2.8881568908691406,0.5710020065307617,1.6491433798619255
20510,C_Tbl_correct,photon_neighbor,photon,23,L2_ch160:192,L2,label_Hqql,1.651740312576294,-0.7895852327346802,-1.3041897591228064
20510,C_Tbl_correct,photon_neighbor,photon,23,L2_ch160:192,L2,label_Tbl,1.651740312576294,0.5710020065307617,0.9431470327488114
20510,C_Tbl_correct,hadron_neighbor,charged_hadron,25,L2_ch160:192,L2,label_Hqql,0.9504818916320801,-0.7895852327346802,-0.750486465614415
20510,C_Tbl_correct,hadron_neighbor,charged_hadron,25,L2_ch160:192,L2,label_Tbl,0.9504818916320801,0.5710020065307617,0.5427270672930717
20511,C_Tbl_correct,particle0_best_lepton,muon,0,L2_ch160:192,L2,label_Hqql,10.162240982055664,0.8597626686096191,8.737115425786214
20511,C_Tbl_correct,particle0_best_lepton,muon,0,L2_ch160:192,L2,label_Tbl,10.162240982055664,1.002556324005127,10.188218962623978
20511,C_Tbl_correct,hard_hadron,charged_hadron,3,L2_ch160:192,L2,label_Hqql,0.8949114680290222,0.8597626686096191,0.769411471921984
20511,C_Tbl_correct,hard_hadron,charged_hadron,3,L2_ch160:192,L2,label_Tbl,0.8949114680290222,1.002556324005127,0.8971991516972082
20511,C_Tbl_correct,photon_neighbor,photon,20,L2_ch160:192,L2,label_Hqql,0.6590000987052917,0.8597626686096191,0.566583683476864
20511,C_Tbl_correct,photon_neighbor,photon,20,L2_ch160:192,L2,label_Tbl,0.6590000987052917,1.002556324005127,0.6606847164769931
20512,C_Tbl_correct,best_lepton,muon,1,L2_ch160:192,L2,label_Hqql,2.5692238807678223,-0.7392128109931946,-1.899203206973226
20512,C_Tbl_correct,best_lepton,muon,1,L2_ch160:192,L2,label_Tbl,2.5692238807678223,1.3023529052734375,3.346036185415869
20512,C_Tbl_correct,hadron_neighbor,neutral_hadron,10,L2_ch160:192,L2,label_Hqql,1.2128541469573975,-0.7392128109931946,-0.8965573232971309
20512,C_Tbl_correct,hadron_neighbor,neutral_hadron,10,L2_ch160:192,L2,label_Tbl,1.2128541469573975,1.3023529052734375,1.5795641219629033
20512,C_Tbl_correct,photon_neighbor,photon,11,L2_ch160:192,L2,label_Hqql,0.8235632181167603,-0.7392128109931946,-0.6087884814946918
20512,C_Tbl_correct,photon_neighbor,photon,11,L2_ch160:192,L2,label_Tbl,0.8235632181167603,1.3023529052734375,1.0725699497907044
20513,C_Tbl_correct,particle0_best_lepton,electron,0,L2_ch160:192,L2,label_Hqql,5.725526332855225,-4.335634231567383,-24.823787962467577
20513,C_Tbl_correct,particle0_best_lepton,electron,0,L2_ch160:192,L2,label_Tbl,5.725526332855225,0.806182861328125,4.615821201630752
20513,C_Tbl_correct,hadron_neighbor,charged_hadron,16,L2_ch160:192,L2,label_Hqql,1.366999864578247,-4.335634231567383,-5.926811407413425
20513,C_Tbl_correct,hadron_neighbor,charged_hadron,16,L2_ch160:192,L2,label_Tbl,1.366999864578247,0.806182861328125,1.1020518622608506
20513,C_Tbl_correct,hadron_neighbor,charged_hadron,21,L2_ch160:192,L2,label_Hqql,1.3162760734558105,-4.335634231567383,-5.706891602268115
20513,C_Tbl_correct,hadron_neighbor,charged_hadron,21,L2_ch160:192,L2,label_Tbl,1.3162760734558105,0.806182861328125,1.0611592111963546
20514,C_Tbl_correct,hadron_neighbor,charged_hadron,19,L2_ch160:192,L2,label_Hqql,2.226872205734253,-0.15051817893981934,-0.33518474913881846
20514,C_Tbl_correct,hadron_neighbor,charged_hadron,19,L2_ch160:192,L2,label_Tbl,2.226872205734253,1.1382031440734863,2.534632946016586
20514,C_Tbl_correct,particle0_best_lepton,muon,0,L2_ch160:192,L2,label_Hqql,2.1285324096679688,-0.15051817893981934,-0.32038282211760816
20514,C_Tbl_correct,particle0_best_lepton,muon,0,L2_ch160:192,L2,label_Tbl,2.1285324096679688,1.1382031440734863,2.422702280946396
20514,C_Tbl_correct,photon_neighbor,photon,16,L2_ch160:192,L2,label_Hqql,1.1904240846633911,-0.15051817893981934,-0.17918046538963495
20514,C_Tbl_correct,photon_neighbor,photon,16,L2_ch160:192,L2,label_Tbl,1.1904240846633911,1.1382031440734863,1.3549444359446738
20515,C_Tbl_correct,particle0_best_lepton,muon,0,L2_ch160:192,L2,label_Hqql,4.153831958770752,-3.2434351444244385,-13.472684559110462
20515,C_Tbl_correct,particle0_best_lepton,muon,0,L2_ch160:192,L2,label_Tbl,4.153831958770752,1.1331777572631836,4.707029983087978
20515,C_Tbl_correct,hardest_hadron,charged_hadron,1,L2_ch160:192,L2,label_Hqql,1.6992422342300415,-3.2434351444244385,-5.51138198139202
20515,C_Tbl_correct,hardest_hadron,charged_hadron,1,L2_ch160:192,L2,label_Tbl,1.6992422342300415,1.1331777572631836,1.9255435040316797
20515,C_Tbl_correct,hard_hadron,charged_hadron,2,L2_ch160:192,L2,label_Hqql,1.2092421054840088,-3.2434351444244385,-3.922098343044638
20515,C_Tbl_correct,hard_hadron,charged_hadron,2,L2_ch160:192,L2,label_Tbl,1.2092421054840088,1.1331777572631836,1.3702862570805792
20516,C_Tbl_correct,particle0_best_lepton,electron,0,L2_ch160:192,L2,label_Hqql,6.38491153717041,-4.783839225769043,-30.544390264581125
20516,C_Tbl_correct,particle0_best_lepton,electron,0,L2_ch160:192,L2,label_Tbl,6.38491153717041,-0.7398436069488525,-4.723835981709499
20516,C_Tbl_correct,nearest_hadron_to_best_lepton,charged_hadron,20,L2_ch160:192,L2,label_Hqql,1.974332571029663,-4.783839225769043,-9.444889598005147
20516,C_Tbl_correct,nearest_hadron_to_best_lepton,charged_hadron,20,L2_ch160:192,L2,label_Tbl,1.974332571029663,-0.7398436069488525,-1.4606973306671875
20516,C_Tbl_correct,hadron_neighbor,charged_hadron,18,L2_ch160:192,L2,label_Hqql,1.5551042556762695,-4.783839225769043,-7.439368738464509
20516,C_Tbl_correct,hadron_neighbor,charged_hadron,18,L2_ch160:192,L2,label_Tbl,1.5551042556762695,-0.7398436069488525,-1.1505339417010418
20517,C_Tbl_correct,best_lepton,muon,2,L2_ch160:192,L2,label_Hqql,3.055176258087158,-0.9739882946014404,-2.9757059133211214
20517,C_Tbl_correct,best_lepton,muon,2,L2_ch160:192,L2,label_Tbl,3.055176258087158,1.2951502799987793,3.9569123861072057
20517,C_Tbl_correct,nearest_hadron_to_best_lepton,charged_hadron,18,L2_ch160:192,L2,label_Hqql,1.3281457424163818,-0.9739882946014404,-1.2935984066382957
20517,C_Tbl_correct,nearest_hadron_to_best_lepton,charged_hadron,18,L2_ch160:192,L2,label_Tbl,1.3281457424163818,1.2951502799987793,1.7201483301697635
20517,C_Tbl_correct,photon_neighbor,photon,22,L2_ch160:192,L2,label_Hqql,1.0146186351776123,-0.9739882946014404,-0.9882266741474837
20517,C_Tbl_correct,photon_neighbor,photon,22,L2_ch160:192,L2,label_Tbl,1.0146186351776123,1.2951502799987793,1.3140836094422639
20518,C_Tbl_correct,best_lepton,muon,1,L2_ch160:192,L2,label_Hqql,3.9254281520843506,-1.1102540493011475,-4.358222501092371
20518,C_Tbl_correct,best_lepton,muon,1,L2_ch160:192,L2,label_Tbl,3.9254281520843506,0.03823232650756836,0.1500782507924896
20518,C_Tbl_correct,hard_hadron,neutral_hadron,11,L2_ch160:192,L2,label_Hqql,0.6186394691467285,-1.1102540493011475,-0.6868469756776676
20518,C_Tbl_correct,hard_hadron,neutral_hadron,11,L2_ch160:192,L2,label_Tbl,0.6186394691467285,0.03823232650756836,0.023652026174886487
20518,C_Tbl_correct,hard_hadron,charged_hadron,7,L2_ch160:192,L2,label_Hqql,0.5770601034164429,-1.1102540493011475,-0.6406833165082446
20518,C_Tbl_correct,hard_hadron,charged_hadron,7,L2_ch160:192,L2,label_Tbl,0.5770601034164429,0.03823232650756836,0.022062350288308608
20519,C_Tbl_correct,particle0_best_lepton,muon,0,L2_ch160:192,L2,label_Hqql,4.4078898429870605,-0.8967006206512451,-3.9525575579688166
20519,C_Tbl_correct,particle0_best_lepton,muon,0,L2_ch160:192,L2,label_Tbl,4.4078898429870605,1.43394136428833,6.320655575085539
20519,C_Tbl_correct,photon_neighbor,photon,23,L2_ch160:192,L2,label_Hqql,1.1128199100494385,-0.8967006206512451,-0.9978663040143942
20519,C_Tbl_correct,photon_neighbor,photon,23,L2_ch160:192,L2,label_Tbl,1.1128199100494385,1.43394136428833,1.5957185000235086
20519,C_Tbl_correct,hadron_neighbor,neutral_hadron,21,L2_ch160:192,L2,label_Hqql,0.7664902210235596,-0.8967006206512451,-0.6873122569149359
20519,C_Tbl_correct,hadron_neighbor,neutral_hadron,21,L2_ch160:192,L2,label_Tbl,0.7664902210235596,1.43394136428833,1.0991020332481867
20520,C_Tbl_correct,particle0_best_lepton,muon,0,L2_ch160:192,L2,label_Hqql,3.101666212081909,1.7191219329833984,5.332142413983547
20520,C_Tbl_correct,particle0_best_lepton,muon,0,L2_ch160:192,L2,label_Tbl,3.101666212081909,2.261915683746338,7.0157074508541655
20520,C_Tbl_correct,second_lepton,muon,6,L2_ch160:192,L2,label_Hqql,1.2549916505813599,1.7191219329833984,2.157483672225453
20520,C_Tbl_correct,second_lepton,muon,6,L2_ch160:192,L2,label_Tbl,1.2549916505813599,2.261915683746338,2.8386852974206818
20520,C_Tbl_correct,nearest_hadron_to_best_lepton,charged_hadron,19,L2_ch160:192,L2,label_Hqql,0.6644065380096436,1.7191219329833984,1.1421958519099462
20520,C_Tbl_correct,nearest_hadron_to_best_lepton,charged_hadron,19,L2_ch160:192,L2,label_Tbl,0.6644065380096436,2.261915683746338,1.5028315687076201
20521,C_Tbl_correct,best_lepton,muon,1,L2_ch160:192,L2,label_Hqql,5.742560863494873,0.8655786514282227,4.970638087968382
20521,C_Tbl_correct,best_lepton,muon,1,L2_ch160:192,L2,label_Tbl,5.742560863494873,2.1816678047180176,12.528360152520463
20521,C_Tbl_correct,nearest_hadron_to_best_lepton,charged_hadron,20,L2_ch160:192,L2,label_Hqql,0.8134005069732666,0.8655786514282227,0.7040621138969527
20521,C_Tbl_correct,nearest_hadron_to_best_lepton,charged_hadron,20,L2_ch160:192,L2,label_Tbl,0.8134005069732666,2.1816678047180176,1.774569698404889
20521,C_Tbl_correct,second_lepton,electron,15,L2_ch160:192,L2,label_Hqql,0.6848618984222412,0.8655786514282227,0.592801838450896
20521,C_Tbl_correct,second_lepton,electron,15,L2_ch160:192,L2,label_Tbl,0.6848618984222412,2.1816678047180176,1.494141154465865
20522,C_Tbl_correct,particle0_best_lepton,muon,0,L2_ch160:192,L2,label_Hqql,6.16512393951416,0.2544403076171875,1.5686560316680698
20522,C_Tbl_correct,particle0_best_lepton,muon,0,L2_ch160:192,L2,label_Tbl,6.16512393951416,2.657907724380493,16.386330540597783
20522,C_Tbl_correct,hadron_neighbor,neutral_hadron,19,L2_ch160:192,L2,label_Hqql,1.6979687213897705,0.2544403076171875,0.43203168379477574
20522,C_Tbl_correct,hadron_neighbor,neutral_hadron,19,L2_ch160:192,L2,label_Tbl,1.6979687213897705,2.657907724380493,4.5130441803383405
20522,C_Tbl_correct,hadron_neighbor,charged_hadron,18,L2_ch160:192,L2,label_Hqql,1.2703657150268555,0.2544403076171875,0.32323224331776146
20522,C_Tbl_correct,hadron_neighbor,charged_hadron,18,L2_ch160:192,L2,label_Tbl,1.2703657150268555,2.657907724380493,3.3765148467580275
20523,C_Tbl_correct,best_lepton,electron,1,L2_ch160:192,L2,label_Hqql,4.317989349365234,-4.194379806518555,-18.11128733173973
20523,C_Tbl_correct,best_lepton,electron,1,L2_ch160:192,L2,label_Tbl,4.317989349365234,1.0185794830322266,4.398215359215101
20523,C_Tbl_correct,photon_neighbor,photon,12,L2_ch160:192,L2,label_Hqql,1.5233814716339111,-4.194379806518555,-6.389640482245795
20523,C_Tbl_correct,photon_neighbor,photon,12,L2_ch160:192,L2,label_Tbl,1.5233814716339111,1.0185794830322266,1.5516851118377417
20523,C_Tbl_correct,second_lepton,electron,3,L2_ch160:192,L2,label_Hqql,1.4599478244781494,-4.194379806518555,-6.123575673561845
20523,C_Tbl_correct,second_lepton,electron,3,L2_ch160:192,L2,label_Tbl,1.4599478244781494,1.0185794830322266,1.4870729003109773
20524,C_Tbl_correct,particle0_best_lepton,electron,0,L2_ch160:192,L2,label_Hqql,3.5504844188690186,-3.5023040771484375,-12.434876056056964
20524,C_Tbl_correct,particle0_best_lepton,electron,0,L2_ch160:192,L2,label_Tbl,3.5504844188690186,1.9906349182128906,7.067718260771471
20524,C_Tbl_correct,hadron_neighbor,neutral_hadron,8,L2_ch160:192,L2,label_Hqql,1.9840667247772217,-3.5023040771484375,-6.94880497952181
20524,C_Tbl_correct,hadron_neighbor,neutral_hadron,8,L2_ch160:192,L2,label_Tbl,1.9840667247772217,1.9906349182128906,3.9495525024058225
20524,C_Tbl_correct,photon_neighbor,photon,14,L2_ch160:192,L2,label_Hqql,1.3797807693481445,-3.5023040771484375,-4.832411814059014
20524,C_Tbl_correct,photon_neighbor,photon,14,L2_ch160:192,L2,label_Tbl,1.3797807693481445,1.9906349182128906,2.746639778943063
20525,C_Tbl_correct,particle0_best_lepton,muon,0,L2_ch160:192,L2,label_Hqql,8.402496337890625,0.4452495574951172,3.7412077763001435
20525,C_Tbl_correct,particle0_best_lepton,muon,0,L2_ch160:192,L2,label_Tbl,8.402496337890625,0.7252893447875977,6.09424106348888
20525,C_Tbl_correct,photon_neighbor,photon,39,L2_ch160:192,L2,label_Hqql,0.9003527164459229,0.4452495574951172,0.40088164858707387
20525,C_Tbl_correct,photon_neighbor,photon,39,L2_ch160:192,L2,label_Tbl,0.9003527164459229,0.7252893447875977,0.6530162317887971
20525,C_Tbl_correct,photon_neighbor,photon,11,L2_ch160:192,L2,label_Hqql,0.8667277693748474,0.4452495574951172,0.3859101557828808
20525,C_Tbl_correct,photon_neighbor,photon,11,L2_ch160:192,L2,label_Tbl,0.8667277693748474,0.7252893447875977,0.6286284159590991
20526,C_Tbl_correct,particle0_best_lepton,electron,0,L2_ch160:192,L2,label_Hqql,4.983280658721924,-2.100363254547119,-10.466699582674892
20526,C_Tbl_correct,particle0_best_lepton,electron,0,L2_ch160:192,L2,label_Tbl,4.983280658721924,0.8200020790100098,4.0863005004423485
20526,C_Tbl_correct,hadron_neighbor,charged_hadron,25,L2_ch160:192,L2,label_Hqql,1.0521199703216553,-2.100363254547119,-2.2098341250388103
20526,C_Tbl_correct,hadron_neighbor,charged_hadron,25,L2_ch160:192,L2,label_Tbl,1.0521199703216553,0.8200020790100098,0.8627405630317071
20526,C_Tbl_correct,nearest_hadron_to_best_lepton,neutral_hadron,19,L2_ch160:192,L2,label_Hqql,0.8843080997467041,-2.100363254547119,-1.857368238406366
20526,C_Tbl_correct,nearest_hadron_to_best_lepton,neutral_hadron,19,L2_ch160:192,L2,label_Tbl,0.8843080997467041,0.8200020790100098,0.7251344802776885
20527,C_Tbl_correct,particle0_best_lepton,electron,0,L2_ch160:192,L2,label_Hqql,6.408651351928711,-2.386796474456787,-15.29614645280617
20527,C_Tbl_correct,particle0_best_lepton,electron,0,L2_ch160:192,L2,label_Tbl,6.408651351928711,-0.8191828727722168,-5.249857425068512
20527,C_Tbl_correct,hardest_hadron,charged_hadron,1,L2_ch160:192,L2,label_Hqql,2.854710578918457,-2.386796474456787,-6.813613145357067
20527,C_Tbl_correct,hardest_hadron,charged_hadron,1,L2_ch160:192,L2,label_Tbl,2.854710578918457,-0.8191828727722168,-2.3385300129716597
20527,C_Tbl_correct,hard_hadron,charged_hadron,2,L2_ch160:192,L2,label_Hqql,2.201188564300537,-2.386796474456787,-5.253789104887119
20527,C_Tbl_correct,hard_hadron,charged_hadron,2,L2_ch160:192,L2,label_Tbl,2.201188564300537,-0.8191828727722168,-1.8031759716170654
20528,C_Tbl_correct,particle0_best_lepton,muon,0,L2_ch160:192,L2,label_Hqql,5.223477363586426,-3.5110833644866943,-18.340064476061116
20528,C_Tbl_correct,particle0_best_lepton,muon,0,L2_ch160:192,L2,label_Tbl,5.223477363586426,-0.15964341163635254,-0.8338937469281973
20528,C_Tbl_correct,photon_neighbor,photon,1,L2_ch160:192,L2,label_Hqql,2.4217278957366943,-3.5110833644866943,-8.502888528034475
20528,C_Tbl_correct,photon_neighbor,photon,1,L2_ch160:192,L2,label_Tbl,2.4217278957366943,-0.15964341163635254,-0.38661290333033094
20528,C_Tbl_correct,photon_neighbor,photon,23,L2_ch160:192,L2,label_Hqql,1.2917203903198242,-3.5110833644866943,-4.5353379740201945
20528,C_Tbl_correct,photon_neighbor,photon,23,L2_ch160:192,L2,label_Tbl,1.2917203903198242,-0.15964341163635254,-0.20621464999089767
20529,C_Tbl_correct,particle0_best_lepton,electron,0,L2_ch160:192,L2,label_Hqql,6.861736297607422,-2.3468387126922607,-16.10338837951076
20529,C_Tbl_correct,particle0_best_lepton,electron,0,L2_ch160:192,L2,label_Tbl,6.861736297607422,0.6511125564575195,4.4677626624725235
20529,C_Tbl_correct,hardest_hadron,charged_hadron,2,L2_ch160:192,L2,label_Hqql,1.9379092454910278,-2.3468387126922607,-4.547960439002594
20529,C_Tbl_correct,hardest_hadron,charged_hadron,2,L2_ch160:192,L2,label_Tbl,1.9379092454910278,0.6511125564575195,1.261797043014326
20529,C_Tbl_correct,photon_neighbor,photon,1,L2_ch160:192,L2,label_Hqql,1.4780808687210083,-2.3468387126922607,-3.4688174032042696
20529,C_Tbl_correct,photon_neighbor,photon,1,L2_ch160:192,L2,label_Tbl,1.4780808687210083,0.6511125564575195,0.962397013083887
20530,C_Tbl_correct,particle0_best_lepton,electron,0,L2_ch160:192,L2,label_Hqql,7.6055755615234375,-1.3423036336898804,-10.208991712535862
20530,C_Tbl_correct,particle0_best_lepton,electron,0,L2_ch160:192,L2,label_Tbl,7.6055755615234375,0.0005865097045898438,0.004460743875824846
20530,C_Tbl_correct,photon_neighbor,photon,3,L2_ch160:192,L2,label_Hqql,1.689796805381775,-1.3423036336898804,-2.268220392061508
20530,C_Tbl_correct,photon_neighbor,photon,3,L2_ch160:192,L2,label_Tbl,1.689796805381775,0.0005865097045898438,0.0009910822251413265
20530,C_Tbl_correct,photon_neighbor,photon,58,L2_ch160:192,L2,label_Hqql,0.9018433094024658,-1.3423036336898804,-1.210547551229837
20530,C_Tbl_correct,photon_neighbor,photon,58,L2_ch160:192,L2,label_Tbl,0.9018433094024658,0.0005865097045898438,0.0005289398529839673
20531,C_Tbl_correct,particle0_best_lepton,electron,0,L2_ch160:192,L2,label_Hqql,2.385582685470581,-0.9654359817504883,-2.3031273619942567
20531,C_Tbl_correct,particle0_best_lepton,electron,0,L2_ch160:192,L2,label_Tbl,2.385582685470581,1.627218246459961,3.8818636742366834
20531,C_Tbl_correct,nearest_hadron_to_best_lepton,charged_hadron,13,L2_ch160:192,L2,label_Hqql,1.4457132816314697,-0.9654359817504883,-1.3957436213815981
20531,C_Tbl_correct,nearest_hadron_to_best_lepton,charged_hadron,13,L2_ch160:192,L2,label_Tbl,1.4457132816314697,1.627218246459961,2.352491031020236
20531,C_Tbl_correct,photon_neighbor,photon,11,L2_ch160:192,L2,label_Hqql,1.2364479303359985,-0.9654359817504883,-1.193711321507294
20531,C_Tbl_correct,photon_neighbor,photon,11,L2_ch160:192,L2,label_Tbl,1.2364479303359985,1.627218246459961,2.0119706330403915
20532,C_Tbl_correct,particle0_best_lepton,electron,0,L2_ch160:192,L2,label_Hqql,3.9680440425872803,-0.6669245958328247,-2.6463861693493698
20532,C_Tbl_correct,particle0_best_lepton,electron,0,L2_ch160:192,L2,label_Tbl,3.9680440425872803,0.3414027690887451,1.354701224005396
20532,C_Tbl_correct,hardest_hadron,charged_hadron,1,L2_ch160:192,L2,label_Hqql,0.8855082392692566,-0.6669245958328247,-0.5905672245812852
20532,C_Tbl_correct,hardest_hadron,charged_hadron,1,L2_ch160:192,L2,label_Tbl,0.8855082392692566,0.3414027690887451,0.30231496493742327
20532,C_Tbl_correct,hadron_neighbor,charged_hadron,18,L2_ch160:192,L2,label_Hqql,0.8674764633178711,-0.6669245958328247,-0.5785413896927594
20532,C_Tbl_correct,hadron_neighbor,charged_hadron,18,L2_ch160:192,L2,label_Tbl,0.8674764633178711,0.3414027690887451,0.2961588666960324
20533,C_Tbl_correct,particle0_best_lepton,electron,0,L2_ch160:192,L2,label_Hqql,6.052194595336914,-2.655395984649658,-16.070973226776005
20533,C_Tbl_correct,particle0_best_lepton,electron,0,L2_ch160:192,L2,label_Tbl,6.052194595336914,-0.4656282663345337,-2.818072876945962
20533,C_Tbl_correct,photon_neighbor,photon,14,L2_ch160:192,L2,label_Hqql,2.156043767929077,-2.655395984649658,-5.725149964087791
20533,C_Tbl_correct,photon_neighbor,photon,14,L2_ch160:192,L2,label_Tbl,2.156043767929077,-0.4656282663345337,-1.0039149218021919
20533,C_Tbl_correct,second_lepton,electron,2,L2_ch160:192,L2,label_Hqql,1.6025770902633667,-2.655395984649658,-4.255476770576877
20533,C_Tbl_correct,second_lepton,electron,2,L2_ch160:192,L2,label_Tbl,1.6025770902633667,-0.4656282663345337,-0.746205192206773
20534,C_Tbl_correct,particle0_best_lepton,muon,0,L2_ch160:192,L2,label_Hqql,2.7850828170776367,-0.2658102512359619,-0.7403035633203672
20534,C_Tbl_correct,particle0_best_lepton,muon,0,L2_ch160:192,L2,label_Tbl,2.7850828170776367,1.203216552734375,3.351057746243896
20534,C_Tbl_correct,nearest_hadron_to_best_lepton,charged_hadron,12,L2_ch160:192,L2,label_Hqql,0.9665822982788086,-0.2658102512359619,-0.2569274835457236
20534,C_Tbl_correct,nearest_hadron_to_best_lepton,charged_hadron,12,L2_ch160:192,L2,label_Tbl,0.9665822982788086,1.203216552734375,1.1630078208690975
20534,C_Tbl_correct,hadron_neighbor,charged_hadron,13,L2_ch160:192,L2,label_Hqql,0.15663480758666992,-0.2658102512359619,-0.041635137556909285
20534,C_Tbl_correct,hadron_neighbor,charged_hadron,13,L2_ch160:192,L2,label_Tbl,0.15663480758666992,1.203216552734375,0.1884655932226451
20535,C_Tbl_correct,particle0_best_lepton,muon,0,L2_ch160:192,L2,label_Hqql,4.235328674316406,-4.353768825531006,-18.439641948116332
20535,C_Tbl_correct,particle0_best_lepton,muon,0,L2_ch160:192,L2,label_Tbl,4.235328674316406,-0.34467315673828125,-1.4598041040007956
20535,C_Tbl_correct,second_lepton,electron,1,L2_ch160:192,L2,label_Hqql,2.4315645694732666,-4.353768825531006,-10.58647001983843
20535,C_Tbl_correct,second_lepton,electron,1,L2_ch160:192,L2,label_Tbl,2.4315645694732666,-0.34467315673828125,-0.8380950359733106
20535,C_Tbl_correct,photon_neighbor,photon,20,L2_ch160:192,L2,label_Hqql,0.802149772644043,-4.353768825531006,-3.4923746735444183
20535,C_Tbl_correct,photon_neighbor,photon,20,L2_ch160:192,L2,label_Tbl,0.802149772644043,-0.34467315673828125,-0.2764794943141169
20536,C_Tbl_correct,particle0_best_lepton,electron,0,L2_ch160:192,L2,label_Hqql,6.922165870666504,-0.25921010971069336,-1.7942953747710817
20536,C_Tbl_correct,particle0_best_lepton,electron,0,L2_ch160:192,L2,label_Tbl,6.922165870666504,0.6479451656341553,4.4851839116161045
20536,C_Tbl_correct,hard_hadron,neutral_hadron,2,L2_ch160:192,L2,label_Hqql,1.8784675598144531,-0.25921010971069336,-0.48691778226748283
20536,C_Tbl_correct,hard_hadron,neutral_hadron,2,L2_ch160:192,L2,label_Tbl,1.8784675598144531,0.6479451656341553,1.2171439741823633
20536,C_Tbl_correct,photon_neighbor,photon,10,L2_ch160:192,L2,label_Hqql,0.91341233253479,-0.25921010971069336,-0.23676571092744325
20536,C_Tbl_correct,photon_neighbor,photon,10,L2_ch160:192,L2,label_Tbl,0.91341233253479,0.6479451656341553,0.5918411050965346
20537,C_Tbl_correct,particle0_best_lepton,muon,0,L2_ch160:192,L2,label_Hqql,3.1602303981781006,-2.9397034645080566,-9.290140250167838
20537,C_Tbl_correct,particle0_best_lepton,muon,0,L2_ch160:192,L2,label_Tbl,3.1602303981781006,0.4022350311279297,1.271155372582598
20537,C_Tbl_correct,hadron_neighbor,charged_hadron,14,L2_ch160:192,L2,label_Hqql,2.6860849857330322,-2.9397034645080566,-7.896293338522469
20537,C_Tbl_correct,hadron_neighbor,charged_hadron,14,L2_ch160:192,L2,label_Tbl,2.6860849857330322,0.4022350311279297,1.0804374778485908
20537,C_Tbl_correct,second_lepton,muon,1,L2_ch160:192,L2,label_Hqql,1.3663309812545776,-2.9397034645080566,-4.0166079192587745
20537,C_Tbl_correct,second_lepton,muon,1,L2_ch160:192,L2,label_Tbl,1.3663309812545776,0.4022350311279297,0.5495861847759898
20538,C_Tbl_correct,particle0_best_lepton,electron,0,L2_ch160:192,L2,label_Hqql,5.373254776000977,-7.43527364730835,-39.95161963627379
20538,C_Tbl_correct,particle0_best_lepton,electron,0,L2_ch160:192,L2,label_Tbl,5.373254776000977,-2.611060619354248,-14.029893943373281
20538,C_Tbl_correct,second_lepton,electron,1,L2_ch160:192,L2,label_Hqql,2.5439891815185547,-7.43527364730835,-18.915255720382447
20538,C_Tbl_correct,second_lepton,electron,1,L2_ch160:192,L2,label_Tbl,2.5439891815185547,-2.611060619354248,-6.642509967926344
20538,C_Tbl_correct,photon_neighbor,photon,14,L2_ch160:192,L2,label_Hqql,0.8288689851760864,-7.43527364730835,-6.1628677225509705
20538,C_Tbl_correct,photon_neighbor,photon,14,L2_ch160:192,L2,label_Tbl,0.8288689851760864,-2.611060619354248,-2.1642271657973993
20539,C_Tbl_correct,particle0_best_lepton,electron,0,L2_ch160:192,L2,label_Hqql,8.626797676086426,-0.3022499084472656,-2.607448807790206
20539,C_Tbl_correct,particle0_best_lepton,electron,0,L2_ch160:192,L2,label_Tbl,8.626797676086426,0.6190894842147827,5.3407597237136315
20539,C_Tbl_correct,photon_neighbor,photon,36,L2_ch160:192,L2,label_Hqql,0.7858993411064148,-0.3022499084472656,-0.23753800389818025
20539,C_Tbl_correct,photon_neighbor,photon,36,L2_ch160:192,L2,label_Tbl,0.7858993411064148,0.6190894842147827,0.4865420177303079
20539,C_Tbl_correct,hard_hadron,charged_hadron,2,L2_ch160:192,L2,label_Hqql,0.7687485218048096,-0.3022499084472656,-0.23235417033447447
20539,C_Tbl_correct,hard_hadron,charged_hadron,2,L2_ch160:192,L2,label_Tbl,0.7687485218048096,0.6190894842147827,0.4759241258550162
20540,C_Tbl_correct,second_lepton,electron,3,L2_ch160:192,L2,label_Hqql,2.2183189392089844,-1.0881742238998413,-2.413917490036056
20540,C_Tbl_correct,second_lepton,electron,3,L2_ch160:192,L2,label_Tbl,2.2183189392089844,0.8804020881652832,1.9530126262961858
20540,C_Tbl_correct,particle0_best_lepton,muon,0,L2_ch160:192,L2,label_Hqql,2.20121431350708,-1.0881742238998413,-2.395304677237789
20540,C_Tbl_correct,particle0_best_lepton,muon,0,L2_ch160:192,L2,label_Tbl,2.20121431350708,0.8804020881652832,1.9379536781109437
20540,C_Tbl_correct,photon_neighbor,photon,13,L2_ch160:192,L2,label_Hqql,1.0176680088043213,-1.0881742238998413,-1.1074000956683392
20540,C_Tbl_correct,photon_neighbor,photon,13,L2_ch160:192,L2,label_Tbl,1.0176680088043213,0.8804020881652832,0.8959570400103303
20541,C_Tbl_correct,particle0_best_lepton,muon,0,L2_ch160:192,L2,label_Hqql,2.120359182357788,-0.600787878036499,-1.2738860938439416
20541,C_Tbl_correct,particle0_best_lepton,muon,0,L2_ch160:192,L2,label_Tbl,2.120359182357788,1.191002368927002,2.5253528091642465
20541,C_Tbl_correct,photon_neighbor,photon,13,L2_ch160:192,L2,label_Hqql,1.2934253215789795,-0.600787878036499,-0.7770742543501115
20541,C_Tbl_correct,photon_neighbor,photon,13,L2_ch160:192,L2,label_Tbl,1.2934253215789795,1.191002368927002,1.5404726220307339
20541,C_Tbl_correct,photon_neighbor,photon,14,L2_ch160:192,L2,label_Hqql,1.2200143337249756,-0.600787878036499,-0.7329698227327412
20541,C_Tbl_correct,photon_neighbor,photon,14,L2_ch160:192,L2,label_Tbl,1.2200143337249756,1.191002368927002,1.4530399615913439
20542,C_Tbl_correct,particle0_best_lepton,electron,0,L2_ch160:192,L2,label_Hqql,3.92577862739563,-0.7110608816146851,-2.791467611820025
20542,C_Tbl_correct,particle0_best_lepton,electron,0,L2_ch160:192,L2,label_Tbl,3.92577862739563,2.1352109909057617,8.382365673078084
20542,C_Tbl_correct,photon_neighbor,photon,14,L2_ch160:192,L2,label_Hqql,1.2308577299118042,-0.7110608816146851,-0.8752147825733374
20542,C_Tbl_correct,photon_neighbor,photon,14,L2_ch160:192,L2,label_Tbl,1.2308577299118042,2.1352109909057617,2.628140953149
20542,C_Tbl_correct,photon_neighbor,photon,17,L2_ch160:192,L2,label_Hqql,1.119947910308838,-0.7110608816146851,-0.7963511484667265
20542,C_Tbl_correct,photon_neighbor,photon,17,L2_ch160:192,L2,label_Tbl,1.119947910308838,2.1352109909057617,2.391325087333371
20543,C_Tbl_correct,particle0_best_lepton,muon,0,L2_ch160:192,L2,label_Hqql,5.578432559967041,-2.8014988899230957,-15.627972624258518
20543,C_Tbl_correct,particle0_best_lepton,muon,0,L2_ch160:192,L2,label_Tbl,5.578432559967041,-1.4637013673782349,-8.165159365851025
20543,C_Tbl_correct,hard_hadron,charged_hadron,2,L2_ch160:192,L2,label_Hqql,1.9599658250808716,-2.8014988899230957,-5.490842083251266
20543,C_Tbl_correct,hard_hadron,charged_hadron,2,L2_ch160:192,L2,label_Tbl,1.9599658250808716,-1.4637013673782349,-2.868804658185482
20543,C_Tbl_correct,hadron_neighbor,charged_hadron,24,L2_ch160:192,L2,label_Hqql,1.6726500988006592,-2.8014988899230957,-4.685927395019803
20543,C_Tbl_correct,hadron_neighbor,charged_hadron,24,L2_ch160:192,L2,label_Tbl,1.6726500988006592,-1.4637013673782349,-2.4482602367598645
20544,C_Tbl_correct,particle0_best_lepton,muon,0,L2_ch160:192,L2,label_Hqql,3.0236756801605225,-1.3873600959777832,-4.194926981833191
20544,C_Tbl_correct,particle0_best_lepton,muon,0,L2_ch160:192,L2,label_Tbl,3.0236756801605225,1.744494915008545,5.274786848675035
20544,C_Tbl_correct,photon_neighbor,photon,10,L2_ch160:192,L2,label_Hqql,1.6197330951690674,-1.3873600959777832,-2.247153062372149
20544,C_Tbl_correct,photon_neighbor,photon,10,L2_ch160:192,L2,label_Tbl,1.6197330951690674,1.744494915008545,2.8256161481934896
20544,C_Tbl_correct,photon_neighbor,photon,1,L2_ch160:192,L2,label_Hqql,0.7804991602897644,-1.3873600959777832,-1.0828333899301867
20544,C_Tbl_correct,photon_neighbor,photon,1,L2_ch160:192,L2,label_Tbl,0.7804991602897644,1.744494915008545,1.3615768162939332
20545,C_Tbl_correct,particle0_best_lepton,electron,0,L2_ch160:192,L2,label_Hqql,3.9190471172332764,-2.893947124481201,-11.341515135623581
20545,C_Tbl_correct,particle0_best_lepton,electron,0,L2_ch160:192,L2,label_Tbl,3.9190471172332764,0.8572778701782227,3.3597123657898464
20545,C_Tbl_correct,nearest_hadron_to_best_lepton,charged_hadron,9,L2_ch160:192,L2,label_Hqql,1.4733898639678955,-2.893947124481201,-4.263912360069639
20545,C_Tbl_correct,nearest_hadron_to_best_lepton,charged_hadron,9,L2_ch160:192,L2,label_Tbl,1.4733898639678955,0.8572778701782227,1.2631045245245787
20545,C_Tbl_correct,hardest_hadron,charged_hadron,1,L2_ch160:192,L2,label_Hqql,1.1751291751861572,-2.893947124481201,-3.4007616974239454
20545,C_Tbl_correct,hardest_hadron,charged_hadron,1,L2_ch160:192,L2,label_Tbl,1.1751291751861572,0.8572778701782227,1.0074122364878804
20546,C_Tbl_correct,particle0_best_lepton,electron,0,L2_ch160:192,L2,label_Hqql,6.1034979820251465,-2.1477489471435547,-13.108781364787319
20546,C_Tbl_correct,particle0_best_lepton,electron,0,L2_ch160:192,L2,label_Tbl,6.1034979820251465,0.48114824295043945,2.936687329902952
20546,C_Tbl_correct,photon_neighbor,photon,20,L2_ch160:192,L2,label_Hqql,1.8049228191375732,-2.1477489471435547,-3.8765210844780995
20546,C_Tbl_correct,photon_neighbor,photon,20,L2_ch160:192,L2,label_Tbl,1.8049228191375732,0.48114824295043945,0.8684354430891972
20546,C_Tbl_correct,hadron_neighbor,neutral_hadron,11,L2_ch160:192,L2,label_Hqql,1.169236660003662,-2.1477489471435547,-2.5112268054845117
20546,C_Tbl_correct,hadron_neighbor,neutral_hadron,11,L2_ch160:192,L2,label_Tbl,1.169236660003662,0.48114824295043945,0.5625761645540024
20547,C_Tbl_correct,particle0_best_lepton,electron,0,L2_ch160:192,L2,label_Hqql,8.33427906036377,-0.9521656036376953,-7.935613852396273
20547,C_Tbl_correct,particle0_best_lepton,electron,0,L2_ch160:192,L2,label_Tbl,8.33427906036377,0.3888568878173828,3.240841817614637
20547,C_Tbl_correct,hardest_hadron,charged_hadron,1,L2_ch160:192,L2,label_Hqql,1.0837477445602417,-0.9521656036376953,-1.0319073253901934
20547,C_Tbl_correct,hardest_hadron,charged_hadron,1,L2_ch160:192,L2,label_Tbl,1.0837477445602417,0.3888568878173828,0.42142277512880355
20547,C_Tbl_correct,nearest_hadron_to_best_lepton,charged_hadron,31,L2_ch160:192,L2,label_Hqql,1.0246131420135498,-0.9521656036376953,-0.9756013908604473
20547,C_Tbl_correct,nearest_hadron_to_best_lepton,charged_hadron,31,L2_ch160:192,L2,label_Tbl,1.0246131420135498,0.3888568878173828,0.39842787762017906
20548,C_Tbl_correct,particle0_best_lepton,electron,0,L2_ch160:192,L2,label_Hqql,3.6465444564819336,-6.549774646759033,-23.884044429345067
20548,C_Tbl_correct,particle0_best_lepton,electron,0,L2_ch160:192,L2,label_Tbl,3.6465444564819336,-1.5600788593292236,-5.688896916161639
20548,C_Tbl_correct,second_lepton,electron,4,L2_ch160:192,L2,label_Hqql,2.696779251098633,-6.549774646759033,-17.663296366751638
20548,C_Tbl_correct,second_lepton,electron,4,L2_ch160:192,L2,label_Tbl,2.696779251098633,-1.5600788593292236,-4.207188297916673
20548,C_Tbl_correct,photon_neighbor,photon,1,L2_ch160:192,L2,label_Hqql,0.8828509449958801,-6.549774646759033,-5.782474736401269
20548,C_Tbl_correct,photon_neighbor,photon,1,L2_ch160:192,L2,label_Tbl,0.8828509449958801,-1.5600788593292236,-1.3773170952268998
20549,C_Tbl_correct,best_lepton,electron,3,L2_ch160:192,L2,label_Hqql,2.4458470344543457,-0.9575173854827881,-2.341941057721556
20549,C_Tbl_correct,best_lepton,electron,3,L2_ch160:192,L2,label_Tbl,2.4458470344543457,1.7796545028686523,4.352762688194616
20549,C_Tbl_correct,nearest_hadron_to_best_lepton,charged_hadron,13,L2_ch160:192,L2,label_Hqql,1.7284667491912842,-0.9575173854827881,-1.6550369625795724
20549,C_Tbl_correct,nearest_hadron_to_best_lepton,charged_hadron,13,L2_ch160:192,L2,label_Tbl,1.7284667491912842,1.7796545028686523,3.0760736332570104
20549,C_Tbl_correct,hadron_neighbor,charged_hadron,11,L2_ch160:192,L2,label_Hqql,1.4931364059448242,-0.9575173854827881,-1.429704067589455
20549,C_Tbl_correct,hadron_neighbor,charged_hadron,11,L2_ch160:192,L2,label_Tbl,1.4931364059448242,1.7796545028686523,2.6572669282368224
20551,C_Tbl_correct,best_lepton,electron,1,L2_ch160:192,L2,label_Hqql,3.720994234085083,-5.920557022094727,-22.030358541786427
20551,C_Tbl_correct,best_lepton,electron,1,L2_ch160:192,L2,label_Tbl,3.720994234085083,-1.081075668334961,-4.022676328484067
20551,C_Tbl_correct,particle0,photon,0,L2_ch160:192,L2,label_Hqql,3.285447597503662,-5.920557022094727,-19.451679844124556
20551,C_Tbl_correct,particle0,photon,0,L2_ch160:192,L2,label_Tbl,3.285447597503662,-1.081075668334961,-3.5518174572507633
20551,C_Tbl_correct,second_lepton,electron,2,L2_ch160:192,L2,label_Hqql,2.3463611602783203,-5.920557022094727,-13.89176504385614
20551,C_Tbl_correct,second_lepton,electron,2,L2_ch160:192,L2,label_Tbl,2.3463611602783203,-1.081075668334961,-2.5365939595030795
20552,C_Tbl_correct,particle0_best_lepton,muon,0,L2_ch160:192,L2,label_Hqql,4.413989543914795,-0.4316897392272949,-1.9054739951645843
20552,C_Tbl_correct,particle0_best_lepton,muon,0,L2_ch160:192,L2,label_Tbl,4.413989543914795,2.833247184753418,12.505923448827616
20552,C_Tbl_correct,photon_neighbor,photon,10,L2_ch160:192,L2,label_Hqql,2.6978654861450195,-0.4316897392272949,-1.1646408481842627
20552,C_Tbl_correct,photon_neighbor,photon,10,L2_ch160:192,L2,label_Tbl,2.6978654861450195,2.833247184753418,7.643719793463788
20552,C_Tbl_correct,photon_neighbor,photon,15,L2_ch160:192,L2,label_Hqql,1.0989081859588623,-0.4316897392272949,-0.474387388231321
20552,C_Tbl_correct,photon_neighbor,photon,15,L2_ch160:192,L2,label_Tbl,1.0989081859588623,2.833247184753418,3.113478524170432
20553,C_Tbl_correct,best_lepton,electron,2,L2_ch160:192,L2,label_Hqql,6.244107723236084,1.5051937103271484,9.398591671620125
20553,C_Tbl_correct,best_lepton,electron,2,L2_ch160:192,L2,label_Tbl,6.244107723236084,1.1351211071014404,7.087818471660398
20553,C_Tbl_correct,photon_neighbor,photon,13,L2_ch160:192,L2,label_Hqql,2.3246753215789795,1.5051937103271484,3.499086672593421
20553,C_Tbl_correct,photon_neighbor,photon,13,L2_ch160:192,L2,label_Tbl,2.3246753215789795,1.1351211071014404,2.6387880246821283
20553,C_Tbl_correct,hard_hadron,charged_hadron,5,L2_ch160:192,L2,label_Hqql,0.38093358278274536,1.5051937103271484,0.5733788328569744
20553,C_Tbl_correct,hard_hadron,charged_hadron,5,L2_ch160:192,L2,label_Tbl,0.38093358278274536,1.1351211071014404,0.4324057502204681
20554,C_Tbl_correct,best_lepton,muon,3,L2_ch160:192,L2,label_Hqql,2.365579128265381,-0.36003541946411133,-0.8516922737205732
20554,C_Tbl_correct,best_lepton,muon,3,L2_ch160:192,L2,label_Tbl,2.365579128265381,0.8233422040939331,1.9476811334246236
20554,C_Tbl_correct,photon_neighbor,photon,20,L2_ch160:192,L2,label_Hqql,0.9335060119628906,-0.36003541946411133,-0.33609522858932905
20554,C_Tbl_correct,photon_neighbor,photon,20,L2_ch160:192,L2,label_Tbl,0.9335060119628906,0.8233422040939331,0.7685948974244639
20554,C_Tbl_correct,hadron_neighbor,charged_hadron,14,L2_ch160:192,L2,label_Hqql,0.8564374446868896,-0.36003541946411133,-0.30834781464261596
20554,C_Tbl_correct,hadron_neighbor,charged_hadron,14,L2_ch160:192,L2,label_Tbl,0.8564374446868896,0.8233422040939331,0.7051410933770796
20555,C_Tbl_correct,particle0_best_lepton,electron,0,L2_ch160:192,L2,label_Hqql,5.02540922164917,-0.1504833698272705,-0.7562405144348077
20555,C_Tbl_correct,particle0_best_lepton,electron,0,L2_ch160:192,L2,label_Tbl,5.02540922164917,2.9265122413635254,14.706921605017442
20555,C_Tbl_correct,photon_neighbor,photon,16,L2_ch160:192,L2,label_Hqql,1.4264589548110962,-0.1504833698272705,-0.21465835044025994
20555,C_Tbl_correct,photon_neighbor,photon,16,L2_ch160:192,L2,label_Tbl,1.4264589548110962,2.9265122413635254,4.174549593057293
20555,C_Tbl_correct,photon_neighbor,photon,9,L2_ch160:192,L2,label_Hqql,1.128773808479309,-0.1504833698272705,-0.16986168647272848
20555,C_Tbl_correct,photon_neighbor,photon,9,L2_ch160:192,L2,label_Tbl,1.128773808479309,2.9265122413635254,3.3033703682452256
20556,C_Tbl_correct,particle0_best_lepton,muon,0,L2_ch160:192,L2,label_Hqql,4.670356750488281,-0.405259370803833,-1.892705838132315
20556,C_Tbl_correct,particle0_best_lepton,muon,0,L2_ch160:192,L2,label_Tbl,4.670356750488281,2.6914796829223633,12.570170305938518
20556,C_Tbl_correct,nearest_hadron_to_best_lepton,charged_hadron,10,L2_ch160:192,L2,label_Hqql,2.385730743408203,-0.405259370803833,-0.9668397399809692
20556,C_Tbl_correct,nearest_hadron_to_best_lepton,charged_hadron,10,L2_ch160:192,L2,label_Tbl,2.385730743408203,2.6914796829223633,6.421145824806445
20556,C_Tbl_correct,photon_neighbor,photon,15,L2_ch160:192,L2,label_Hqql,1.0983545780181885,-0.405259370803833,-0.4451184852071606
20556,C_Tbl_correct,photon_neighbor,photon,15,L2_ch160:192,L2,label_Tbl,1.0983545780181885,2.6914796829223633,2.95619903138072
20557,C_Tbl_correct,particle0_best_lepton,electron,0,L2_ch160:192,L2,label_Hqql,5.266118049621582,-0.6892247200012207,-3.6295387382438093
20557,C_Tbl_correct,particle0_best_lepton,electron,0,L2_ch160:192,L2,label_Tbl,5.266118049621582,1.0056171417236328,5.295698581039687
20557,C_Tbl_correct,nearest_hadron_to_best_lepton,charged_hadron,33,L2_ch160:192,L2,label_Hqql,0.9629948139190674,-0.6892247200012207,-0.6637198309859969
20557,C_Tbl_correct,nearest_hadron_to_best_lepton,charged_hadron,33,L2_ch160:192,L2,label_Tbl,0.9629948139190674,1.0056171417236328,0.9684040922679742
20557,C_Tbl_correct,photon_neighbor,photon,21,L2_ch160:192,L2,label_Hqql,0.8139703273773193,-0.6892247200012207,-0.5610084709759349
20557,C_Tbl_correct,photon_neighbor,photon,21,L2_ch160:192,L2,label_Tbl,0.8139703273773193,1.0056171417236328,0.8185425140650295
20558,C_Tbl_correct,particle0_best_lepton,electron,0,L2_ch160:192,L2,label_Hqql,2.409891128540039,-0.3520050048828125,-0.848293738468783
20558,C_Tbl_correct,particle0_best_lepton,electron,0,L2_ch160:192,L2,label_Tbl,2.409891128540039,1.0349047183990479,2.4940076997540928
20558,C_Tbl_correct,nearest_hadron_to_best_lepton,charged_hadron,10,L2_ch160:192,L2,label_Hqql,1.156622290611267,-0.3520050048828125,-0.40713683505418885
20558,C_Tbl_correct,nearest_hadron_to_best_lepton,charged_hadron,10,L2_ch160:192,L2,label_Tbl,1.156622290611267,1.0349047183990479,1.196993865959115
20558,C_Tbl_correct,photon_neighbor,photon,19,L2_ch160:192,L2,label_Hqql,1.0210325717926025,-0.3520050048828125,-0.35940857541936566
20558,C_Tbl_correct,photon_neighbor,photon,19,L2_ch160:192,L2,label_Tbl,1.0210325717926025,1.0349047183990479,1.056671426187279
20559,C_Tbl_correct,particle0_best_lepton,electron,0,L2_ch160:192,L2,label_Hqql,4.512598514556885,-1.3301758766174316,-6.002549684923224
20559,C_Tbl_correct,particle0_best_lepton,electron,0,L2_ch160:192,L2,label_Tbl,4.512598514556885,1.1613960266113281,5.2409139844985475
20559,C_Tbl_correct,hadron_neighbor,charged_hadron,7,L2_ch160:192,L2,label_Hqql,1.498042345046997,-1.3301758766174316,-1.9926597895329223
20559,C_Tbl_correct,hadron_neighbor,charged_hadron,7,L2_ch160:192,L2,label_Tbl,1.498042345046997,1.1613960266113281,1.7398204272330986
20559,C_Tbl_correct,hardest_hadron,charged_hadron,1,L2_ch160:192,L2,label_Hqql,0.957984983921051,-1.3301758766174316,-1.2742885157735202
20559,C_Tbl_correct,hardest_hadron,charged_hadron,1,L2_ch160:192,L2,label_Tbl,0.957984983921051,1.1613960266113281,1.1125999538792257
20560,C_Tbl_correct,particle0_best_lepton,muon,0,L2_ch160:192,L2,label_Hqql,3.3535025119781494,0.20141887664794922,0.6754587087987147
20560,C_Tbl_correct,particle0_best_lepton,muon,0,L2_ch160:192,L2,label_Tbl,3.3535025119781494,0.8708492517471313,2.920395153288297
20560,C_Tbl_correct,photon_neighbor,photon,26,L2_ch160:192,L2,label_Hqql,0.5856900215148926,0.20141887664794922,0.11796902619744287
20560,C_Tbl_correct,photon_neighbor,photon,26,L2_ch160:192,L2,label_Tbl,0.5856900215148926,0.8708492517471313,0.5100477169920055
20560,C_Tbl_correct,hard_hadron,charged_hadron,3,L2_ch160:192,L2,label_Hqql,0.42841172218322754,0.20141887664794922,0.086290207824959
20560,C_Tbl_correct,hard_hadron,charged_hadron,3,L2_ch160:192,L2,label_Tbl,0.42841172218322754,0.8708492517471313,0.3730820277029636
20561,C_Tbl_correct,particle0_best_lepton,electron,0,L2_ch160:192,L2,label_Hqql,4.155981540679932,0.5541284084320068,2.30294743660977
20561,C_Tbl_correct,particle0_best_lepton,electron,0,L2_ch160:192,L2,label_Tbl,4.155981540679932,0.6051445007324219,2.5149693744879187
20561,C_Tbl_correct,hard_hadron,charged_hadron,3,L2_ch160:192,L2,label_Hqql,0.3162858188152313,0.5541284084320068,0.17526295738969822
20561,C_Tbl_correct,hard_hadron,charged_hadron,3,L2_ch160:192,L2,label_Tbl,0.3162858188152313,0.6051445007324219,0.1913986239156884
20561,C_Tbl_correct,nearest_hadron_to_best_lepton,charged_hadron,16,L2_ch160:192,L2,label_Hqql,0.22161567211151123,0.5541284084320068,0.1228035396707412
20561,C_Tbl_correct,nearest_hadron_to_best_lepton,charged_hadron,16,L2_ch160:192,L2,label_Tbl,0.22161567211151123,0.6051445007324219,0.13410950525440057
20562,C_Tbl_correct,particle0_best_lepton,electron,0,L2_ch160:192,L2,label_Hqql,6.407304286956787,-2.1043148040771484,-13.482985265270145
20562,C_Tbl_correct,particle0_best_lepton,electron,0,L2_ch160:192,L2,label_Tbl,6.407304286956787,0.551877498626709,3.536047062825901
20562,C_Tbl_correct,photon_neighbor,photon,29,L2_ch160:192,L2,label_Hqql,1.054396152496338,-2.1043148040771484,-2.2187814330600304
20562,C_Tbl_correct,photon_neighbor,photon,29,L2_ch160:192,L2,label_Tbl,1.054396152496338,0.551877498626709,0.581897511201305
20562,C_Tbl_correct,nearest_hadron_to_best_lepton,neutral_hadron,19,L2_ch160:192,L2,label_Hqql,0.9999454021453857,-2.1043148040771484,-2.104199913003413
20562,C_Tbl_correct,nearest_hadron_to_best_lepton,neutral_hadron,19,L2_ch160:192,L2,label_Tbl,0.9999454021453857,0.551877498626709,0.5518473672992741
20564,C_Tbl_correct,particle0_best_lepton,electron,0,L2_ch160:192,L2,label_Hqql,4.627824306488037,-0.874059796333313,-4.044995170795289
20564,C_Tbl_correct,particle0_best_lepton,electron,0,L2_ch160:192,L2,label_Tbl,4.627824306488037,2.108471393585205,9.757635164768317
20564,C_Tbl_correct,photon_neighbor,photon,20,L2_ch160:192,L2,label_Hqql,1.5943007469177246,-0.874059796333313,-1.3935141861449551
20564,C_Tbl_correct,photon_neighbor,photon,20,L2_ch160:192,L2,label_Tbl,1.5943007469177246,2.108471393585205,3.361537517647548
20564,C_Tbl_correct,hadron_neighbor,charged_hadron,19,L2_ch160:192,L2,label_Hqql,1.5303230285644531,-0.874059796333313,-1.3375938346712246
20564,C_Tbl_correct,hadron_neighbor,charged_hadron,19,L2_ch160:192,L2,label_Tbl,1.5303230285644531,2.108471393585205,3.226642328672824
20565,C_Tbl_correct,second_lepton,muon,1,L2_ch160:192,L2,label_Hqql,4.20304536819458,-1.7880847454071045,-7.5154013071227155
20565,C_Tbl_correct,second_lepton,muon,1,L2_ch160:192,L2,label_Tbl,4.20304536819458,-0.41024017333984375,-1.724258060403372
20565,C_Tbl_correct,particle0_best_lepton,muon,0,L2_ch160:192,L2,label_Hqql,2.249634265899658,-1.7880847454071045,-4.022536713600289
20565,C_Tbl_correct,particle0_best_lepton,muon,0,L2_ch160:192,L2,label_Tbl,2.249634265899658,-0.41024017333984375,-0.9228903511939279
20565,C_Tbl_correct,photon_neighbor,photon,32,L2_ch160:192,L2,label_Hqql,1.0504860877990723,-1.7880847454071045,-1.8783581488559093
20565,C_Tbl_correct,photon_neighbor,photon,32,L2_ch160:192,L2,label_Tbl,1.0504860877990723,-0.41024017333984375,-0.4309515947497857
20566,C_Tbl_correct,particle0_best_lepton,electron,0,L2_ch160:192,L2,label_Hqql,4.479930400848389,-3.9309701919555664,-17.610472867770568
20566,C_Tbl_correct,particle0_best_lepton,electron,0,L2_ch160:192,L2,label_Tbl,4.479930400848389,1.3635406494140625,6.108567208102613
20566,C_Tbl_correct,hadron_neighbor,charged_hadron,8,L2_ch160:192,L2,label_Hqql,1.8159537315368652,-3.9309701919555664,-7.138459988641898
20566,C_Tbl_correct,hadron_neighbor,charged_hadron,8,L2_ch160:192,L2,label_Tbl,1.8159537315368652,1.3635406494140625,2.4761267304056673
20566,C_Tbl_correct,hadron_neighbor,charged_hadron,14,L2_ch160:192,L2,label_Hqql,1.5922505855560303,-3.9309701919555664,-6.259089589944551
20566,C_Tbl_correct,hadron_neighbor,charged_hadron,14,L2_ch160:192,L2,label_Tbl,1.5922505855560303,1.3635406494140625,2.171098397458991
20567,C_Tbl_correct,best_lepton,muon,1,L2_ch160:192,L2,label_Hqql,5.681662559509277,-0.8173213005065918,-4.643743832177734
20567,C_Tbl_correct,best_lepton,muon,1,L2_ch160:192,L2,label_Tbl,5.681662559509277,1.414758324623108,8.038179403765184
20567,C_Tbl_correct,photon_neighbor,photon,21,L2_ch160:192,L2,label_Hqql,0.9347178936004639,-0.8173213005065918,-0.7639648444043132
20567,C_Tbl_correct,photon_neighbor,photon,21,L2_ch160:192,L2,label_Tbl,0.9347178936004639,1.414758324623108,1.3223999211454327
20567,C_Tbl_correct,photon_neighbor,photon,22,L2_ch160:192,L2,label_Hqql,0.8251059055328369,-0.8173213005065918,-0.6743766317657673
20567,C_Tbl_correct,photon_neighbor,photon,22,L2_ch160:192,L2,label_Tbl,0.8251059055328369,1.414758324623108,1.1673254485482687
20568,C_Tbl_correct,particle0_best_lepton,muon,0,L2_ch160:192,L2,label_Hqql,4.0428147315979,-2.3286197185516357,-9.41417810244991
20568,C_Tbl_correct,particle0_best_lepton,muon,0,L2_ch160:192,L2,label_Tbl,4.0428147315979,0.21729326248168945,0.8784764026379435
20568,C_Tbl_correct,hadron_neighbor,charged_hadron,25,L2_ch160:192,L2,label_Hqql,1.0283278226852417,-2.3286197185516357,-2.394584445040124
20568,C_Tbl_correct,hadron_neighbor,charged_hadron,25,L2_ch160:192,L2,label_Tbl,1.0283278226852417,0.21729326248168945,0.22344870749196843
20568,C_Tbl_correct,nearest_hadron_to_best_lepton,neutral_hadron,22,L2_ch160:192,L2,label_Hqql,0.749744176864624,-2.3286197185516357,-1.7458690741162286
20568,C_Tbl_correct,nearest_hadron_to_best_lepton,neutral_hadron,22,L2_ch160:192,L2,label_Tbl,0.749744176864624,0.21729326248168945,0.16291435821756295
20569,C_Tbl_correct,particle0_best_lepton,electron,0,L2_ch160:192,L2,label_Hqql,3.958265542984009,-0.8484363555908203,-3.358336391750072
20569,C_Tbl_correct,particle0_best_lepton,electron,0,L2_ch160:192,L2,label_Tbl,3.958265542984009,1.7606806755065918,6.969241650055551
20569,C_Tbl_correct,photon_neighbor,photon,15,L2_ch160:192,L2,label_Hqql,2.073251962661743,-0.8484363555908203,-1.7590223394222448
20569,C_Tbl_correct,photon_neighbor,photon,15,L2_ch160:192,L2,label_Tbl,2.073251962661743,1.7606806755065918,3.650334666114645
20569,C_Tbl_correct,hadron_neighbor,neutral_hadron,14,L2_ch160:192,L2,label_Hqql,0.9110164642333984,-0.8484363555908203,-0.7729394887974195
20569,C_Tbl_correct,hadron_neighbor,neutral_hadron,14,L2_ch160:192,L2,label_Tbl,0.9110164642333984,1.7606806755065918,1.6040090836440868
20570,C_Tbl_correct,particle0_best_lepton,muon,0,L2_ch160:192,L2,label_Hqql,4.5294880867004395,-0.8506454229354858,-3.85298830919254
20570,C_Tbl_correct,particle0_best_lepton,muon,0,L2_ch160:192,L2,label_Tbl,4.5294880867004395,1.1202681064605713,5.074241042123617
20570,C_Tbl_correct,second_lepton,muon,29,L2_ch160:192,L2,label_Hqql,1.7126553058624268,-0.8506454229354858,-1.4568623969980479
20570,C_Tbl_correct,second_lepton,muon,29,L2_ch160:192,L2,label_Tbl,1.7126553058624268,1.1202681064605713,1.9186331165181514
20570,C_Tbl_correct,hadron_neighbor,charged_hadron,23,L2_ch160:192,L2,label_Hqql,0.7615323066711426,-0.8506454229354858,-0.6477939710873102
20570,C_Tbl_correct,hadron_neighbor,charged_hadron,23,L2_ch160:192,L2,label_Tbl,0.7615323066711426,1.1202681064605713,0.853120355203032
20572,C_Tbl_correct,particle0_best_lepton,electron,0,L2_ch160:192,L2,label_Hqql,6.014451026916504,-2.121691942214966,-12.760812280655273
20572,C_Tbl_correct,particle0_best_lepton,electron,0,L2_ch160:192,L2,label_Tbl,6.014451026916504,1.5538902282714844,9.34579667914295
20572,C_Tbl_correct,photon_neighbor,photon,22,L2_ch160:192,L2,label_Hqql,1.529874324798584,-2.121691942214966,-3.245922027526717
20572,C_Tbl_correct,photon_neighbor,photon,22,L2_ch160:192,L2,label_Tbl,1.529874324798584,1.5538902282714844,2.3772567637879547
20572,C_Tbl_correct,photon_neighbor,photon,25,L2_ch160:192,L2,label_Hqql,1.4163165092468262,-2.121691942214966,-3.004987325295019
20572,C_Tbl_correct,photon_neighbor,photon,25,L2_ch160:192,L2,label_Tbl,1.4163165092468262,1.5538902282714844,2.2008003838582226
20573,C_Tbl_correct,particle0_best_lepton,muon,0,L2_ch160:192,L2,label_Hqql,6.936107635498047,-3.307961940765381,-22.944380075279696
20573,C_Tbl_correct,particle0_best_lepton,muon,0,L2_ch160:192,L2,label_Tbl,6.936107635498047,-1.3899962902069092,-9.641163881818102
20573,C_Tbl_correct,photon_neighbor,photon,7,L2_ch160:192,L2,label_Hqql,2.27498722076416,-3.307961940765381,-7.525571142015451
20573,C_Tbl_correct,photon_neighbor,photon,7,L2_ch160:192,L2,label_Tbl,2.27498722076416,-1.3899962902069092,-3.1622237971303093
20573,C_Tbl_correct,second_lepton,electron,17,L2_ch160:192,L2,label_Hqql,1.2585505247116089,-3.307961940765381,-4.163237236276302
20573,C_Tbl_correct,second_lepton,electron,17,L2_ch160:192,L2,label_Tbl,1.2585505247116089,-1.3899962902069092,-1.7493805603870953
20574,C_Tbl_correct,particle0_best_lepton,electron,0,L2_ch160:192,L2,label_Hqql,2.9498634338378906,-1.4706841707229614,-4.338317457939866
20574,C_Tbl_correct,particle0_best_lepton,electron,0,L2_ch160:192,L2,label_Tbl,2.9498634338378906,1.806992530822754,5.330381191892229
20574,C_Tbl_correct,nearest_hadron_to_best_lepton,charged_hadron,7,L2_ch160:192,L2,label_Hqql,1.2292490005493164,-1.4706841707229614,-1.8078370469849006
20574,C_Tbl_correct,nearest_hadron_to_best_lepton,charged_hadron,7,L2_ch160:192,L2,label_Tbl,1.2292490005493164,1.806992530822754,2.22124376251395
20574,C_Tbl_correct,photon_neighbor,photon,9,L2_ch160:192,L2,label_Hqql,0.7968428134918213,-1.4706841707229614,-1.1719041123567706
20574,C_Tbl_correct,photon_neighbor,photon,9,L2_ch160:192,L2,label_Tbl,0.7968428134918213,1.806992530822754,1.4398890122195098
20575,C_Tbl_correct,particle0_best_lepton,muon,0,L2_ch160:192,L2,label_Hqql,6.928797721862793,0.4295135736465454,2.976012670591331
20575,C_Tbl_correct,particle0_best_lepton,muon,0,L2_ch160:192,L2,label_Tbl,6.928797721862793,0.9084172248840332,6.29423919827741
20575,C_Tbl_correct,hard_hadron,charged_hadron,10,L2_ch160:192,L2,label_Hqql,0.9884938597679138,0.4295135736465454,0.4245715302365838
20575,C_Tbl_correct,hard_hadron,charged_hadron,10,L2_ch160:192,L2,label_Tbl,0.9884938597679138,0.9084172248840332,0.897964848905275
20575,C_Tbl_correct,hadron_neighbor,charged_hadron,34,L2_ch160:192,L2,label_Hqql,0.9652888774871826,0.4295135736465454,0.41460467537078216
20575,C_Tbl_correct,hadron_neighbor,charged_hadron,34,L2_ch160:192,L2,label_Tbl,0.9652888774871826,0.9084172248840332,0.87688504329833
20576,C_Tbl_correct,particle0_best_lepton,electron,0,L2_ch160:192,L2,label_Hqql,3.0336592197418213,-0.021289825439453125,-0.06458607523109094
20576,C_Tbl_correct,particle0_best_lepton,electron,0,L2_ch160:192,L2,label_Tbl,3.0336592197418213,1.5867528915405273,4.813667538873915
20576,C_Tbl_correct,hadron_neighbor,charged_hadron,10,L2_ch160:192,L2,label_Hqql,1.2371985912322998,-0.021289825439453125,-0.026339742041272984
20576,C_Tbl_correct,hadron_neighbor,charged_hadron,10,L2_ch160:192,L2,label_Tbl,1.2371985912322998,1.5867528915405273,1.9631284420477186
20576,C_Tbl_correct,photon_neighbor,photon,13,L2_ch160:192,L2,label_Hqql,0.8717612028121948,-0.021289825439453125,-0.01855964383275932
20576,C_Tbl_correct,photon_neighbor,photon,13,L2_ch160:192,L2,label_Tbl,0.8717612028121948,1.5867528915405273,1.3832696092950982
20577,C_Tbl_correct,particle0_best_lepton,electron,0,L2_ch160:192,L2,label_Hqql,7.397589683532715,-1.9535677433013916,-14.451692583928661
20577,C_Tbl_correct,particle0_best_lepton,electron,0,L2_ch160:192,L2,label_Tbl,7.397589683532715,-0.9601696133613586,-7.102940826243582
20577,C_Tbl_correct,hard_hadron,charged_hadron,5,L2_ch160:192,L2,label_Hqql,2.7042176723480225,-1.9535677433013916,-5.282872415564668
20577,C_Tbl_correct,hard_hadron,charged_hadron,5,L2_ch160:192,L2,label_Tbl,2.7042176723480225,-0.9601696133613586,-2.596507636903354
20577,C_Tbl_correct,hard_hadron,charged_hadron,9,L2_ch160:192,L2,label_Hqql,2.25569748878479,-1.9535677433013916,-4.406657852735918
20577,C_Tbl_correct,hard_hadron,charged_hadron,9,L2_ch160:192,L2,label_Tbl,2.25569748878479,-0.9601696133613586,-2.1658521856666795
20578,C_Tbl_correct,particle0_best_lepton,muon,0,L2_ch160:192,L2,label_Hqql,5.745609760284424,-1.022038221359253,-5.872232780025456
20578,C_Tbl_correct,particle0_best_lepton,muon,0,L2_ch160:192,L2,label_Tbl,5.745609760284424,1.2028536796569824,6.911127842031192
20578,C_Tbl_correct,photon_neighbor,photon,22,L2_ch160:192,L2,label_Hqql,1.1397207975387573,-1.022038221359253,-1.1648382167626607
20578,C_Tbl_correct,photon_neighbor,photon,22,L2_ch160:192,L2,label_Tbl,1.1397207975387573,1.2028536796569824,1.370917355101085
20578,C_Tbl_correct,photon_neighbor,photon,26,L2_ch160:192,L2,label_Hqql,1.089646816253662,-1.022038221359253,-1.1136606939936655
20578,C_Tbl_correct,photon_neighbor,photon,26,L2_ch160:192,L2,label_Tbl,1.089646816253662,1.2028536796569824,1.3106856824572333
20579,C_Tbl_correct,second_lepton,electron,1,L2_ch160:192,L2,label_Hqql,2.2902631759643555,-2.013467788696289,-4.611371132441491
20579,C_Tbl_correct,second_lepton,electron,1,L2_ch160:192,L2,label_Tbl,2.2902631759643555,2.303565263748169,5.27577069699305
20579,C_Tbl_correct,hadron_neighbor,charged_hadron,7,L2_ch160:192,L2,label_Hqql,1.8349642753601074,-2.013467788696289,-3.694641461846004
20579,C_Tbl_correct,hadron_neighbor,charged_hadron,7,L2_ch160:192,L2,label_Tbl,1.8349642753601074,2.303565263748169,4.226959964938374
20579,C_Tbl_correct,particle0_best_lepton,muon,0,L2_ch160:192,L2,label_Hqql,1.6210918426513672,-2.013467788696289,-3.264016207696841
20579,C_Tbl_correct,particle0_best_lepton,muon,0,L2_ch160:192,L2,label_Tbl,1.6210918426513672,2.303565263748169,3.734290858077202
20580,C_Tbl_correct,particle0_best_lepton,muon,0,L2_ch160:192,L2,label_Hqql,4.47305154800415,-0.9439104795455933,-4.222160231708756
20580,C_Tbl_correct,particle0_best_lepton,muon,0,L2_ch160:192,L2,label_Tbl,4.47305154800415,-0.019199848175048828,-0.08588191060084682
20580,C_Tbl_correct,hardest_hadron,charged_hadron,1,L2_ch160:192,L2,label_Hqql,2.124084711074829,-0.9439104795455933,-2.004945818226105
20580,C_Tbl_correct,hardest_hadron,charged_hadron,1,L2_ch160:192,L2,label_Tbl,2.124084711074829,-0.019199848175048828,-0.040782103963579175
20580,C_Tbl_correct,hadron_neighbor,charged_hadron,11,L2_ch160:192,L2,label_Hqql,1.0563231706619263,-0.9439104795455933,-0.9970745105746204
20580,C_Tbl_correct,hadron_neighbor,charged_hadron,11,L2_ch160:192,L2,label_Tbl,1.0563231706619263,-0.019199848175048828,-0.020281244500495177
20581,C_Tbl_correct,particle0_best_lepton,muon,0,L2_ch160:192,L2,label_Hqql,2.8234407901763916,-1.5947415828704834,-4.502658434866987
20581,C_Tbl_correct,particle0_best_lepton,muon,0,L2_ch160:192,L2,label_Tbl,2.8234407901763916,1.7049307823181152,4.813771115224313
20581,C_Tbl_correct,hardest_hadron,charged_hadron,1,L2_ch160:192,L2,label_Hqql,1.2045167684555054,-1.5947415828704834,-1.9208929779207722
20581,C_Tbl_correct,hardest_hadron,charged_hadron,1,L2_ch160:192,L2,label_Tbl,1.2045167684555054,1.7049307823181152,2.053617716358133
20581,C_Tbl_correct,hard_hadron,charged_hadron,2,L2_ch160:192,L2,label_Hqql,1.001198172569275,-1.5947415828704834,-1.5966523584901609
20581,C_Tbl_correct,hard_hadron,charged_hadron,2,L2_ch160:192,L2,label_Tbl,1.001198172569275,1.7049307823181152,1.7069735836140012
20582,C_Tbl_correct,particle0_best_lepton,muon,0,L2_ch160:192,L2,label_Hqql,5.889969825744629,0.7909713983535767,4.658797669329601
20582,C_Tbl_correct,particle0_best_lepton,muon,0,L2_ch160:192,L2,label_Tbl,5.889969825744629,1.2223169803619385,7.199410131827108
20582,C_Tbl_correct,hadron_neighbor,charged_hadron,10,L2_ch160:192,L2,label_Hqql,1.401560664176941,0.7909713983535767,1.1085943984214026
20582,C_Tbl_correct,hadron_neighbor,charged_hadron,10,L2_ch160:192,L2,label_Tbl,1.401560664176941,1.2223169803619385,1.7131513988308313
20582,C_Tbl_correct,hard_hadron,charged_hadron,6,L2_ch160:192,L2,label_Hqql,0.7970606088638306,0.7909713983535767,0.6304521443655773
20582,C_Tbl_correct,hard_hadron,charged_hadron,6,L2_ch160:192,L2,label_Tbl,0.7970606088638306,1.2223169803619385,0.9742607165918855
20583,C_Tbl_correct,best_lepton,electron,5,L2_ch160:192,L2,label_Hqql,6.749895095825195,-1.1592309474945068,-7.824687287421966
20583,C_Tbl_correct,best_lepton,electron,5,L2_ch160:192,L2,label_Tbl,6.749895095825195,0.14625990390777588,0.9872390081029607
20583,C_Tbl_correct,photon_neighbor,photon,1,L2_ch160:192,L2,label_Hqql,0.9530010223388672,-1.1592309474945068,-1.1047482780891187
20583,C_Tbl_correct,photon_neighbor,photon,1,L2_ch160:192,L2,label_Tbl,0.9530010223388672,0.14625990390777588,0.1393858379512949
20583,C_Tbl_correct,hadron_neighbor,charged_hadron,29,L2_ch160:192,L2,label_Hqql,0.7847243547439575,-1.1592309474945068,-0.9096767572718534
20583,C_Tbl_correct,hadron_neighbor,charged_hadron,29,L2_ch160:192,L2,label_Tbl,0.7847243547439575,0.14625990390777588,0.11477370871894266
20584,C_Tbl_correct,particle0_best_lepton,muon,0,L2_ch160:192,L2,label_Hqql,4.540444850921631,-0.4407622814178467,-2.0012568311441328
20584,C_Tbl_correct,particle0_best_lepton,muon,0,L2_ch160:192,L2,label_Tbl,4.540444850921631,1.386899471282959,6.297140563132643
20584,C_Tbl_correct,nearest_hadron_to_best_lepton,neutral_hadron,24,L2_ch160:192,L2,label_Hqql,1.5447709560394287,-0.4407622814178467,-0.6808767708519667
20584,C_Tbl_correct,nearest_hadron_to_best_lepton,neutral_hadron,24,L2_ch160:192,L2,label_Tbl,1.5447709560394287,1.386899471282959,2.1424420221843548
20584,C_Tbl_correct,hadron_neighbor,neutral_hadron,16,L2_ch160:192,L2,label_Hqql,0.7726077437400818,-0.4407622814178467,-0.3405363517719735
20584,C_Tbl_correct,hadron_neighbor,neutral_hadron,16,L2_ch160:192,L2,label_Tbl,0.7726077437400818,1.386899471282959,1.0715292713022393
20585,C_Tbl_correct,particle0_best_lepton,electron,0,L2_ch160:192,L2,label_Hqql,6.004216194152832,-0.3631376028060913,-2.1803566754741723
20585,C_Tbl_correct,particle0_best_lepton,electron,0,L2_ch160:192,L2,label_Tbl,6.004216194152832,0.29151248931884766,1.7503040091660296
20585,C_Tbl_correct,photon_neighbor,photon,33,L2_ch160:192,L2,label_Hqql,1.0364105701446533,-0.3631376028060913,-0.37635964996522375
20585,C_Tbl_correct,photon_neighbor,photon,33,L2_ch160:192,L2,label_Tbl,1.0364105701446533,0.29151248931884766,0.30212662525923406
20585,C_Tbl_correct,photon_neighbor,photon,30,L2_ch160:192,L2,label_Hqql,0.6487947106361389,-0.3631376028060913,-0.23560175593367916
20585,C_Tbl_correct,photon_neighbor,photon,30,L2_ch160:192,L2,label_Tbl,0.6487947106361389,0.29151248931884766,0.1891317611544423
20586,C_Tbl_correct,particle0_best_lepton,muon,0,L2_ch160:192,L2,label_Hqql,3.7137115001678467,-1.5540050268173218,-5.771126339410131
20586,C_Tbl_correct,particle0_best_lepton,muon,0,L2_ch160:192,L2,label_Tbl,3.7137115001678467,2.7025465965270996,10.036478375262163
20586,C_Tbl_correct,hadron_neighbor,charged_hadron,9,L2_ch160:192,L2,label_Hqql,2.2341718673706055,-1.5540050268173218,-3.4719143126677636
20586,C_Tbl_correct,hadron_neighbor,charged_hadron,9,L2_ch160:192,L2,label_Tbl,2.2341718673706055,2.7025465965270996,6.037953576219024
20586,C_Tbl_correct,hadron_neighbor,charged_hadron,12,L2_ch160:192,L2,label_Hqql,1.5149714946746826,-1.5540050268173218,-2.354273318209408
20586,C_Tbl_correct,hadron_neighbor,charged_hadron,12,L2_ch160:192,L2,label_Tbl,1.5149714946746826,2.7025465965270996,4.0942810567686365
20587,C_Tbl_correct,particle0_best_lepton,muon,0,L2_ch160:192,L2,label_Hqql,5.194849967956543,-0.8710715770721436,-4.52508615424108
20587,C_Tbl_correct,particle0_best_lepton,muon,0,L2_ch160:192,L2,label_Tbl,5.194849967956543,0.17983198165893555,0.934200164158483
20587,C_Tbl_correct,hard_hadron,charged_hadron,2,L2_ch160:192,L2,label_Hqql,1.3443721532821655,-0.8710715770721436,-1.1710443717313694
20587,C_Tbl_correct,hard_hadron,charged_hadron,2,L2_ch160:192,L2,label_Tbl,1.3443721532821655,0.17983198165893555,0.24176110841182208
20587,C_Tbl_correct,photon_neighbor,photon,3,L2_ch160:192,L2,label_Hqql,1.264845848083496,-0.8710715770721436,-1.1017712676432438
20587,C_Tbl_correct,photon_neighbor,photon,3,L2_ch160:192,L2,label_Tbl,1.264845848083496,0.17983198165893555,0.22745973535393205
20588,C_Tbl_correct,particle0_best_lepton,muon,0,L2_ch160:192,L2,label_Hqql,4.825525283813477,-4.554981231689453,-21.980177100813307
20588,C_Tbl_correct,particle0_best_lepton,muon,0,L2_ch160:192,L2,label_Tbl,4.825525283813477,-0.8125429153442383,-3.920946382177135
20588,C_Tbl_correct,second_lepton,electron,1,L2_ch160:192,L2,label_Hqql,1.2282216548919678,-4.554981231689453,-5.594526586387474
20588,C_Tbl_correct,second_lepton,electron,1,L2_ch160:192,L2,label_Tbl,1.2282216548919678,-0.8125429153442383,-0.9979828041548444
20588,C_Tbl_correct,hadron_neighbor,charged_hadron,12,L2_ch160:192,L2,label_Hqql,0.9863334894180298,-4.554981231689453,-4.4927305324858935
20588,C_Tbl_correct,hadron_neighbor,charged_hadron,12,L2_ch160:192,L2,label_Tbl,0.9863334894180298,-0.8125429153442383,-0.8014382889933813
20589,C_Tbl_correct,particle0_best_lepton,electron,0,L2_ch160:192,L2,label_Hqql,2.348201036453247,-1.823945164680481,-4.282989926136594
20589,C_Tbl_correct,particle0_best_lepton,electron,0,L2_ch160:192,L2,label_Tbl,2.348201036453247,1.673349380493164,3.9293607496224467
20589,C_Tbl_correct,photon_neighbor,photon,1,L2_ch160:192,L2,label_Hqql,2.308030843734741,-1.823945164680481,-4.209721697363392
20589,C_Tbl_correct,photon_neighbor,photon,1,L2_ch160:192,L2,label_Tbl,2.308030843734741,1.673349380493164,3.862141982522644
20589,C_Tbl_correct,hardest_hadron,charged_hadron,2,L2_ch160:192,L2,label_Hqql,0.8620986938476562,-1.823945164680481,-1.572420744120791
20589,C_Tbl_correct,hardest_hadron,charged_hadron,2,L2_ch160:192,L2,label_Tbl,0.8620986938476562,1.673349380493164,1.4425923152739415
20590,C_Tbl_correct,hadron_neighbor,charged_hadron,11,L2_ch160:192,L2,label_Hqql,2.697422981262207,-1.8734440803527832,-5.053471116453238
20590,C_Tbl_correct,hadron_neighbor,charged_hadron,11,L2_ch160:192,L2,label_Tbl,2.697422981262207,1.3578996658325195,3.6628297648649095
20590,C_Tbl_correct,nearest_hadron_to_best_lepton,charged_hadron,10,L2_ch160:192,L2,label_Hqql,1.9689338207244873,-1.8734440803527832,-3.688687411042679
20590,C_Tbl_correct,nearest_hadron_to_best_lepton,charged_hadron,10,L2_ch160:192,L2,label_Tbl,1.9689338207244873,1.3578996658325195,2.6736145772081272
20590,C_Tbl_correct,particle0_best_lepton,electron,0,L2_ch160:192,L2,label_Hqql,1.735110878944397,-1.8734440803527832,-3.250633204914095
20590,C_Tbl_correct,particle0_best_lepton,electron,0,L2_ch160:192,L2,label_Tbl,1.735110878944397,1.3578996658325195,2.356106482700966
20591,C_Tbl_correct,particle0_best_lepton,muon,0,L2_ch160:192,L2,label_Hqql,2.597477436065674,1.2781944274902344,3.320081184310766
20591,C_Tbl_correct,particle0_best_lepton,muon,0,L2_ch160:192,L2,label_Tbl,2.597477436065674,1.2095746994018555,3.1418429889322397
20591,C_Tbl_correct,hadron_neighbor,charged_hadron,16,L2_ch160:192,L2,label_Hqql,0.6466655731201172,1.2781944274902344,0.8265643320119125
20591,C_Tbl_correct,hadron_neighbor,charged_hadron,16,L2_ch160:192,L2,label_Tbl,0.6466655731201172,1.2095746994018555,0.7821903162202943
20591,C_Tbl_correct,nearest_hadron_to_best_lepton,neutral_hadron,2,L2_ch160:192,L2,label_Hqql,0.17952758073806763,1.2781944274902344,0.22947115328020118
20591,C_Tbl_correct,nearest_hadron_to_best_lepton,neutral_hadron,2,L2_ch160:192,L2,label_Tbl,0.17952758073806763,1.2095746994018555,0.2171520195055905
20592,C_Tbl_correct,particle0_best_lepton,muon,0,L2_ch160:192,L2,label_Hqql,4.055000305175781,-0.7447162866592407,-3.0198247696725957
20592,C_Tbl_correct,particle0_best_lepton,muon,0,L2_ch160:192,L2,label_Tbl,4.055000305175781,2.4242842197418213,9.830473250885916
20592,C_Tbl_correct,hadron_neighbor,charged_hadron,13,L2_ch160:192,L2,label_Hqql,1.6238436698913574,-0.7447162866592407,-1.2093028279566056
20592,C_Tbl_correct,hadron_neighbor,charged_hadron,13,L2_ch160:192,L2,label_Tbl,1.6238436698913574,2.4242842197418213,3.936658584245265
20592,C_Tbl_correct,nearest_hadron_to_best_lepton,charged_hadron,9,L2_ch160:192,L2,label_Hqql,0.9565613269805908,-0.7447162866592407,-0.7123667993908214
20592,C_Tbl_correct,nearest_hadron_to_best_lepton,charged_hadron,9,L2_ch160:192,L2,label_Tbl,0.9565613269805908,2.4242842197418213,2.318976530214343
20593,C_Tbl_correct,particle0_best_lepton,electron,0,L2_ch160:192,L2,label_Hqql,5.161266326904297,-2.324411392211914,-11.996906248496089
20593,C_Tbl_correct,particle0_best_lepton,electron,0,L2_ch160:192,L2,label_Tbl,5.161266326904297,2.2587361335754395,11.657938747584922
20593,C_Tbl_correct,hadron_neighbor,charged_hadron,16,L2_ch160:192,L2,label_Hqql,1.7846591472625732,-2.324411392211914,-4.148282053112325
20593,C_Tbl_correct,hadron_neighbor,charged_hadron,16,L2_ch160:192,L2,label_Tbl,1.7846591472625732,2.2587361335754395,4.0310741020379055
20593,C_Tbl_correct,hadron_neighbor,charged_hadron,15,L2_ch160:192,L2,label_Hqql,1.279172658920288,-2.324411392211914,-2.9733235010003227
20593,C_Tbl_correct,hadron_neighbor,charged_hadron,15,L2_ch160:192,L2,label_Tbl,1.279172658920288,2.2587361335754395,2.889313505785026
20594,C_Tbl_correct,particle0_best_lepton,muon,0,L2_ch160:192,L2,label_Hqql,4.76397180557251,-5.964180946350098,-28.413189871744635
20594,C_Tbl_correct,particle0_best_lepton,muon,0,L2_ch160:192,L2,label_Tbl,4.76397180557251,-1.926471471786499,-9.177655775830658
20594,C_Tbl_correct,second_lepton,electron,1,L2_ch160:192,L2,label_Hqql,3.145651340484619,-5.964180946350098,-18.76123378877901
20594,C_Tbl_correct,second_lepton,electron,1,L2_ch160:192,L2,label_Tbl,3.145651340484619,-1.926471471786499,-6.060007567630578
20594,C_Tbl_correct,photon_neighbor,photon,6,L2_ch160:192,L2,label_Hqql,0.9852705001831055,-5.964180946350098,-5.876331544192908
20594,C_Tbl_correct,photon_neighbor,photon,6,L2_ch160:192,L2,label_Tbl,0.9852705001831055,-1.926471471786499,-1.8980955105955672
20595,C_Tbl_correct,particle0_best_lepton,muon,0,L2_ch160:192,L2,label_Hqql,2.588958978652954,0.3360403776168823,0.8699947528211567
20595,C_Tbl_correct,particle0_best_lepton,muon,0,L2_ch160:192,L2,label_Tbl,2.588958978652954,0.8509635925292969,2.203109833385497
20595,C_Tbl_correct,hard_hadron,neutral_hadron,10,L2_ch160:192,L2,label_Hqql,0.3591180443763733,0.3360403776168823,0.12067816324127278
20595,C_Tbl_correct,hard_hadron,neutral_hadron,10,L2_ch160:192,L2,label_Tbl,0.3591180443763733,0.8509635925292969,0.3055963811846141
20595,C_Tbl_correct,hadron_neighbor,charged_hadron,12,L2_ch160:192,L2,label_Hqql,0.31444117426872253,0.3360403776168823,0.10566493093955742
20595,C_Tbl_correct,hadron_neighbor,charged_hadron,12,L2_ch160:192,L2,label_Tbl,0.31444117426872253,0.8509635925292969,0.26757799129484283
20596,C_Tbl_correct,particle0_best_lepton,electron,0,L2_ch160:192,L2,label_Hqql,1.186822533607483,0.36245810985565186,0.4301734522654641
20596,C_Tbl_correct,particle0_best_lepton,electron,0,L2_ch160:192,L2,label_Tbl,1.186822533607483,1.497308373451233,1.7770393173710914
20596,C_Tbl_correct,photon_neighbor,photon,7,L2_ch160:192,L2,label_Hqql,0.8769865036010742,0.36245810985565186,0.3178708704641622
20596,C_Tbl_correct,photon_neighbor,photon,7,L2_ch160:192,L2,label_Tbl,0.8769865036010742,1.497308373451233,1.3131192352456083
20596,C_Tbl_correct,hadron_neighbor,charged_hadron,9,L2_ch160:192,L2,label_Hqql,0.5421953201293945,0.36245810985565186,0.1965230909066804
20596,C_Tbl_correct,hadron_neighbor,charged_hadron,9,L2_ch160:192,L2,label_Tbl,0.5421953201293945,1.497308373451233,0.8118335928758142
20597,C_Tbl_correct,particle0_best_lepton,muon,0,L2_ch160:192,L2,label_Hqql,4.228963375091553,-1.955273151397705,-8.268778545560735
20597,C_Tbl_correct,particle0_best_lepton,muon,0,L2_ch160:192,L2,label_Tbl,4.228963375091553,2.570882797241211,10.872169191186003
20597,C_Tbl_correct,nearest_hadron_to_best_lepton,neutral_hadron,12,L2_ch160:192,L2,label_Hqql,1.6098759174346924,-1.955273151397705,-3.1477471584418026
20597,C_Tbl_correct,nearest_hadron_to_best_lepton,neutral_hadron,12,L2_ch160:192,L2,label_Tbl,1.6098759174346924,2.570882797241211,4.138802301825763
20597,C_Tbl_correct,hadron_neighbor,charged_hadron,6,L2_ch160:192,L2,label_Hqql,1.4791204929351807,-1.955273151397705,-2.8920845875182977
20597,C_Tbl_correct,hadron_neighbor,charged_hadron,6,L2_ch160:192,L2,label_Tbl,1.4791204929351807,2.570882797241211,3.802645430333996
20598,C_Tbl_correct,best_lepton,muon,15,L2_ch160:192,L2,label_Hqql,3.494969367980957,-1.029219388961792,-3.597090237353541
20598,C_Tbl_correct,best_lepton,muon,15,L2_ch160:192,L2,label_Tbl,3.494969367980957,0.7765790224075317,2.7141198951309207
20598,C_Tbl_correct,photon_neighbor,photon,2,L2_ch160:192,L2,label_Hqql,3.13927960395813,-1.029219388961792,-3.231007435766003
20598,C_Tbl_correct,photon_neighbor,photon,2,L2_ch160:192,L2,label_Tbl,3.13927960395813,0.7765790224075317,2.437898685905708
20598,C_Tbl_correct,photon_neighbor,photon,26,L2_ch160:192,L2,label_Hqql,0.8327610492706299,-1.029219388961792,-0.8570938182814984
20598,C_Tbl_correct,photon_neighbor,photon,26,L2_ch160:192,L2,label_Tbl,0.8327610492706299,0.7765790224075317,0.6467047615416561
20599,C_Tbl_correct,best_lepton,electron,3,L2_ch160:192,L2,label_Hqql,6.837741851806641,2.225029468536377,15.214177118514272
20599,C_Tbl_correct,best_lepton,electron,3,L2_ch160:192,L2,label_Tbl,6.837741851806641,1.8224363327026367,12.46134918437383
20599,C_Tbl_correct,photon_neighbor,photon,25,L2_ch160:192,L2,label_Hqql,0.3769059181213379,2.225029468536377,0.8386267746857357
20599,C_Tbl_correct,photon_neighbor,photon,25,L2_ch160:192,L2,label_Tbl,0.3769059181213379,1.8224363327026367,0.6868870391949713
20599,C_Tbl_correct,hadron_neighbor,charged_hadron,13,L2_ch160:192,L2,label_Hqql,0.29674962162971497,2.225029468536377,0.6602766529031356
20599,C_Tbl_correct,hadron_neighbor,charged_hadron,13,L2_ch160:192,L2,label_Tbl,0.29674962162971497,1.8224363327026367,0.5408072921737528
20600,C_Tbl_correct,particle0_best_lepton,electron,0,L2_ch160:192,L2,label_Hqql,3.5909252166748047,-0.2200988531112671,-0.7903585217984528
20600,C_Tbl_correct,particle0_best_lepton,electron,0,L2_ch160:192,L2,label_Tbl,3.5909252166748047,1.0075640678405762,3.6180872186241686
20600,C_Tbl_correct,hadron_neighbor,charged_hadron,21,L2_ch160:192,L2,label_Hqql,1.258898138999939,-0.2200988531112671,-0.27708203657779507
20600,C_Tbl_correct,hadron_neighbor,charged_hadron,21,L2_ch160:192,L2,label_Tbl,1.258898138999939,1.0075640678405762,1.2684205299277096
20600,C_Tbl_correct,hadron_neighbor,charged_hadron,23,L2_ch160:192,L2,label_Hqql,0.8017920851707458,-0.2200988531112671,-0.17647351837977254
20600,C_Tbl_correct,hadron_neighbor,charged_hadron,23,L2_ch160:192,L2,label_Tbl,0.8017920851707458,1.0075640678405762,0.8078568948970144
20601,C_Tbl_correct,particle0_best_lepton,muon,0,L2_ch160:192,L2,label_Hqql,2.6761603355407715,-1.4410101175308228,-3.856374119648933
20601,C_Tbl_correct,particle0_best_lepton,muon,0,L2_ch160:192,L2,label_Tbl,2.6761603355407715,0.7562453746795654,2.0238338756536223
20601,C_Tbl_correct,second_lepton,electron,1,L2_ch160:192,L2,label_Hqql,1.9891357421875,-1.4410101175308228,-2.8663647296343697
20601,C_Tbl_correct,second_lepton,electron,1,L2_ch160:192,L2,label_Tbl,1.9891357421875,0.7562453746795654,1.5042747046391014
20601,C_Tbl_correct,hadron_neighbor,charged_hadron,12,L2_ch160:192,L2,label_Hqql,1.1650617122650146,-1.4410101175308228,-1.6788657149216704
20601,C_Tbl_correct,hadron_neighbor,charged_hadron,12,L2_ch160:192,L2,label_Tbl,1.1650617122650146,0.7562453746795654,0.881072531116672
20602,C_Tbl_correct,particle0_best_lepton,electron,0,L2_ch160:192,L2,label_Hqql,2.7185282707214355,0.2530224323272705,0.6878486354083861
20602,C_Tbl_correct,particle0_best_lepton,electron,0,L2_ch160:192,L2,label_Tbl,2.7185282707214355,0.6278419494628906,1.706806089159727
20602,C_Tbl_correct,photon_neighbor,photon,16,L2_ch160:192,L2,label_Hqql,0.7228685021400452,0.2530224323272705,0.18290194666424497
20602,C_Tbl_correct,photon_neighbor,photon,16,L2_ch160:192,L2,label_Tbl,0.7228685021400452,0.6278419494628906,0.4538471695889257
20602,C_Tbl_correct,hadron_neighbor,charged_hadron,20,L2_ch160:192,L2,label_Hqql,0.545808732509613,0.2530224323272705,0.13810185308504686
20602,C_Tbl_correct,hadron_neighbor,charged_hadron,20,L2_ch160:192,L2,label_Tbl,0.545808732509613,0.6278419494628906,0.34268161865270486
20603,C_Tbl_correct,best_lepton,muon,1,L2_ch160:192,L2,label_Hqql,2.41365909576416,0.21716761589050293,0.5241685913995298
20603,C_Tbl_correct,best_lepton,muon,1,L2_ch160:192,L2,label_Tbl,2.41365909576416,0.689629316329956,1.6645300720654177
20603,C_Tbl_correct,hadron_neighbor,charged_hadron,15,L2_ch160:192,L2,label_Hqql,0.5839028358459473,0.21716761589050293,0.12680478677236806
20603,C_Tbl_correct,hadron_neighbor,charged_hadron,15,L2_ch160:192,L2,label_Tbl,0.5839028358459473,0.689629316329956,0.40267651348756317
20603,C_Tbl_correct,hadron_neighbor,charged_hadron,12,L2_ch160:192,L2,label_Hqql,0.23412847518920898,0.21716761589050293,0.05084512276891928
20603,C_Tbl_correct,hadron_neighbor,charged_hadron,12,L2_ch160:192,L2,label_Tbl,0.23412847518920898,0.689629316329956,0.16146186027810927
20604,C_Tbl_correct,particle0_best_lepton,muon,0,L2_ch160:192,L2,label_Hqql,7.066666126251221,-5.56125545501709,-39.29953554339909
20604,C_Tbl_correct,particle0_best_lepton,muon,0,L2_ch160:192,L2,label_Tbl,7.066666126251221,-2.4935121536254883,-17.620817871420968
20604,C_Tbl_correct,nearest_hadron_to_best_lepton,charged_hadron,21,L2_ch160:192,L2,label_Hqql,1.5990641117095947,-5.56125545501709,-8.89280401416704
20604,C_Tbl_correct,nearest_hadron_to_best_lepton,charged_hadron,21,L2_ch160:192,L2,label_Tbl,1.5990641117095947,-2.4935121536254883,-3.98728579697422
20604,C_Tbl_correct,hadron_neighbor,neutral_hadron,18,L2_ch160:192,L2,label_Hqql,1.1388599872589111,-5.56125545501709,-6.333491316644313
20604,C_Tbl_correct,hadron_neighbor,neutral_hadron,18,L2_ch160:192,L2,label_Tbl,1.1388599872589111,-2.4935121536254883,-2.8397612195078636
20605,C_Tbl_correct,particle0_best_lepton,electron,0,L2_ch160:192,L2,label_Hqql,6.530640125274658,-3.7484312057495117,-24.47965523909943
20605,C_Tbl_correct,particle0_best_lepton,electron,0,L2_ch160:192,L2,label_Tbl,6.530640125274658,-1.04715895652771,-6.838618299040604
20605,C_Tbl_correct,second_lepton,electron,1,L2_ch160:192,L2,label_Hqql,3.271972894668579,-3.7484312057495117,-12.264765302742262
20605,C_Tbl_correct,second_lepton,electron,1,L2_ch160:192,L2,label_Tbl,3.271972894668579,-1.04715895652771,-3.4262757221681
20605,C_Tbl_correct,nearest_hadron_to_best_lepton,neutral_hadron,25,L2_ch160:192,L2,label_Hqql,1.4233765602111816,-3.7484312057495117,-5.335429115827992
20605,C_Tbl_correct,nearest_hadron_to_best_lepton,neutral_hadron,25,L2_ch160:192,L2,label_Tbl,1.4233765602111816,-1.04715895652771,-1.490501513536742
20606,C_Tbl_correct,particle0_best_lepton,muon,0,L2_ch160:192,L2,label_Hqql,3.8438823223114014,-0.6401335000991821,-2.46059784495057
20606,C_Tbl_correct,particle0_best_lepton,muon,0,L2_ch160:192,L2,label_Tbl,3.8438823223114014,2.181821823120117,8.386666336324652
20606,C_Tbl_correct,hadron_neighbor,charged_hadron,15,L2_ch160:192,L2,label_Hqql,1.6942241191864014,-0.6401335000991821,-1.084529615367245
20606,C_Tbl_correct,hadron_neighbor,charged_hadron,15,L2_ch160:192,L2,label_Tbl,1.6942241191864014,2.181821823120117,3.696495156497349
20606,C_Tbl_correct,photon_neighbor,photon,5,L2_ch160:192,L2,label_Hqql,1.3782670497894287,-0.6401335000991821,-0.8822749106530807
20606,C_Tbl_correct,photon_neighbor,photon,5,L2_ch160:192,L2,label_Tbl,1.3782670497894287,2.181821823120117,3.0071331273179567
20607,C_Tbl_correct,particle0_best_lepton,muon,0,L2_ch160:192,L2,label_Hqql,2.1292483806610107,-0.17374873161315918,-0.36995420542922375
20607,C_Tbl_correct,particle0_best_lepton,muon,0,L2_ch160:192,L2,label_Tbl,2.1292483806610107,0.9421873092651367,2.0061508025321473
20607,C_Tbl_correct,hadron_neighbor,charged_hadron,11,L2_ch160:192,L2,label_Hqql,0.9407391548156738,-0.17374873161315918,-0.16345223492805872
20607,C_Tbl_correct,hadron_neighbor,charged_hadron,11,L2_ch160:192,L2,label_Tbl,0.9407391548156738,0.9421873092651367,0.8863524929961386
20607,C_Tbl_correct,nearest_hadron_to_best_lepton,neutral_hadron,15,L2_ch160:192,L2,label_Hqql,0.8784258365631104,-0.17374873161315918,-0.1526253749190687
20607,C_Tbl_correct,nearest_hadron_to_best_lepton,neutral_hadron,15,L2_ch160:192,L2,label_Tbl,0.8784258365631104,0.9421873092651367,0.8276416753403737
20608,C_Tbl_correct,particle0_best_lepton,muon,0,L2_ch160:192,L2,label_Hqql,4.8940324783325195,-0.3713572919368744,-1.8174346478046743
20608,C_Tbl_correct,particle0_best_lepton,muon,0,L2_ch160:192,L2,label_Tbl,4.8940324783325195,0.8177371025085449,4.002031938414348
20608,C_Tbl_correct,hard_hadron,charged_hadron,8,L2_ch160:192,L2,label_Hqql,2.6011180877685547,-0.3713572919368744,-0.9659441690817516
20608,C_Tbl_correct,hard_hadron,charged_hadron,8,L2_ch160:192,L2,label_Tbl,2.6011180877685547,0.8177371025085449,2.127030768374425
20608,C_Tbl_correct,hard_hadron,charged_hadron,10,L2_ch160:192,L2,label_Hqql,1.6665488481521606,-0.3713572919368744,-0.6188850671303037
20608,C_Tbl_correct,hard_hadron,charged_hadron,10,L2_ch160:192,L2,label_Tbl,1.6665488481521606,0.8177371025085449,1.3627988262769009
20609,C_Tbl_correct,particle0_best_lepton,electron,0,L2_ch160:192,L2,label_Hqql,1.7315080165863037,-1.1926186084747314,-2.0650286813039997
20609,C_Tbl_correct,particle0_best_lepton,electron,0,L2_ch160:192,L2,label_Tbl,1.7315080165863037,1.1413192749023438,1.9762034739778755
20609,C_Tbl_correct,hadron_neighbor,charged_hadron,13,L2_ch160:192,L2,label_Hqql,1.701891303062439,-1.1926186084747314,-2.0297072376335734
20609,C_Tbl_correct,hadron_neighbor,charged_hadron,13,L2_ch160:192,L2,label_Tbl,1.701891303062439,1.1413192749023438,1.9424013479738278
20609,C_Tbl_correct,hadron_neighbor,charged_hadron,8,L2_ch160:192,L2,label_Hqql,0.9822157621383667,-1.1926186084747314,-1.1714087954634067
20609,C_Tbl_correct,hadron_neighbor,charged_hadron,8,L2_ch160:192,L2,label_Tbl,0.9822157621383667,1.1413192749023438,1.1210217814414136
20610,C_Tbl_correct,particle0_best_lepton,electron,0,L2_ch160:192,L2,label_Hqql,5.672064304351807,-9.288400650024414,-52.6844057715216
20610,C_Tbl_correct,particle0_best_lepton,electron,0,L2_ch160:192,L2,label_Tbl,5.672064304351807,-4.235134601593018,-24.021955797820965
20610,C_Tbl_correct,hardest_hadron,charged_hadron,2,L2_ch160:192,L2,label_Hqql,1.0806680917739868,-9.288400650024414,-10.037678206094142
20610,C_Tbl_correct,hardest_hadron,charged_hadron,2,L2_ch160:192,L2,label_Tbl,1.0806680917739868,-4.235134601593018,-4.57677482830951
20610,C_Tbl_correct,hard_hadron,charged_hadron,3,L2_ch160:192,L2,label_Hqql,0.8042275905609131,-9.288400650024414,-7.469988074933553
20610,C_Tbl_correct,hard_hadron,charged_hadron,3,L2_ch160:192,L2,label_Tbl,0.8042275905609131,-4.235134601593018,-3.406012096340305
12308,A_protected_highiso,particle0_best_lepton,electron,0,L2_ch224:256,L2,label_Hqql,4.28593111038208,5.26894474029541,22.582334181316128
12308,A_protected_highiso,particle0_best_lepton,electron,0,L2_ch224:256,L2,label_Tbl,4.28593111038208,4.890766143798828,20.961486769310795
12308,A_protected_highiso,photon_neighbor,photon,1,L2_ch224:256,L2,label_Hqql,1.5595711469650269,5.26894474029541,8.217294191917858
12308,A_protected_highiso,photon_neighbor,photon,1,L2_ch224:256,L2,label_Tbl,1.5595711469650269,4.890766143798828,7.62749776442206
12308,A_protected_highiso,hard_hadron,charged_hadron,12,L2_ch224:256,L2,label_Hqql,1.0396629571914673,5.26894474029541,5.477926669973954
12308,A_protected_highiso,hard_hadron,charged_hadron,12,L2_ch224:256,L2,label_Tbl,1.0396629571914673,4.890766143798828,5.084748391993799
12358,A_protected_highiso,particle0_best_lepton,electron,0,L2_ch224:256,L2,label_Hqql,4.3886871337890625,2.065426826477051,9.064512139142607
12358,A_protected_highiso,particle0_best_lepton,electron,0,L2_ch224:256,L2,label_Tbl,4.3886871337890625,2.8954567909240723,12.707253964770644
12358,A_protected_highiso,photon_neighbor,photon,1,L2_ch224:256,L2,label_Hqql,1.6957794427871704,2.065426826477051,3.502508352920927
12358,A_protected_highiso,photon_neighbor,photon,1,L2_ch224:256,L2,label_Tbl,1.6957794427871704,2.8954567909240723,4.910056103527552
12358,A_protected_highiso,hadron_neighbor,charged_hadron,14,L2_ch224:256,L2,label_Hqql,1.1802632808685303,2.065426826477051,2.4377474426116805
12358,A_protected_highiso,hadron_neighbor,charged_hadron,14,L2_ch224:256,L2,label_Tbl,1.1802632808685303,2.8954567909240723,3.4174013316691116
12438,A_protected_highiso,particle0_best_lepton,muon,0,L2_ch224:256,L2,label_Hqql,3.939526319503784,2.1613402366638184,8.51465674773965
12438,A_protected_highiso,particle0_best_lepton,muon,0,L2_ch224:256,L2,label_Tbl,3.939526319503784,2.9189484119415283,11.499274094117425
12438,A_protected_highiso,hardest_hadron,neutral_hadron,1,L2_ch224:256,L2,label_Hqql,2.584104537963867,2.1613402366638184,5.585129113646872
12438,A_protected_highiso,hardest_hadron,neutral_hadron,1,L2_ch224:256,L2,label_Tbl,2.584104537963867,2.9189484119415283,7.542867837380527
12438,A_protected_highiso,hard_hadron,charged_hadron,6,L2_ch224:256,L2,label_Hqql,0.9692947268486023,2.1613402366638184,2.0949756943239493
12438,A_protected_highiso,hard_hadron,charged_hadron,6,L2_ch224:256,L2,label_Tbl,0.9692947268486023,2.9189484119415283,2.829321303638025
12442,A_protected_highiso,particle0_best_lepton,muon,0,L2_ch224:256,L2,label_Hqql,1.8846849203109741,4.361164569854736,8.219421099799717
12442,A_protected_highiso,particle0_best_lepton,muon,0,L2_ch224:256,L2,label_Tbl,1.8846849203109741,3.463792324066162,6.528157160256399
12442,A_protected_highiso,hardest_hadron,charged_hadron,1,L2_ch224:256,L2,label_Hqql,1.447605848312378,4.361164569854736,6.313247336774452
12442,A_protected_highiso,hardest_hadron,charged_hadron,1,L2_ch224:256,L2,label_Tbl,1.447605848312378,3.463792324066162,5.0142060256577
12442,A_protected_highiso,hard_hadron,charged_hadron,3,L2_ch224:256,L2,label_Hqql,1.2835843563079834,4.361164569854736,5.597922617150175
12442,A_protected_highiso,hard_hadron,charged_hadron,3,L2_ch224:256,L2,label_Tbl,1.2835843563079834,3.463792324066162,4.4460696406709985
12509,A_protected_highiso,particle0_best_lepton,electron,0,L2_ch224:256,L2,label_Hqql,3.9319026470184326,2.667121410369873,10.486861733352839
12509,A_protected_highiso,particle0_best_lepton,electron,0,L2_ch224:256,L2,label_Tbl,3.9319026470184326,2.663691759109497,10.473376678483817
12509,A_protected_highiso,hardest_hadron,charged_hadron,2,L2_ch224:256,L2,label_Hqql,0.8393097519874573,2.667121410369873,2.2385410094579754
12509,A_protected_highiso,hardest_hadron,charged_hadron,2,L2_ch224:256,L2,label_Tbl,0.8393097519874573,2.663691759109497,2.2356624697092258
12509,A_protected_highiso,photon_neighbor,photon,1,L2_ch224:256,L2,label_Hqql,0.8333301544189453,2.667121410369873,2.2225926967576015
12509,A_protected_highiso,photon_neighbor,photon,1,L2_ch224:256,L2,label_Tbl,0.8333301544189453,2.663691759109497,2.2197346649431893
12592,A_protected_highiso,particle0_best_lepton,electron,0,L2_ch224:256,L2,label_Hqql,4.9243316650390625,1.471134901046753,7.244356176768633
12592,A_protected_highiso,particle0_best_lepton,electron,0,L2_ch224:256,L2,label_Tbl,4.9243316650390625,2.237175941467285,11.016596328830929
12592,A_protected_highiso,hard_hadron,charged_hadron,3,L2_ch224:256,L2,label_Hqql,1.0634515285491943,1.471134901046753,1.5644806592202372
12592,A_protected_highiso,hard_hadron,charged_hadron,3,L2_ch224:256,L2,label_Tbl,1.0634515285491943,2.237175941467285,2.3791281745868673
12592,A_protected_highiso,hardest_hadron,charged_hadron,2,L2_ch224:256,L2,label_Hqql,1.0349377393722534,1.471134901046753,1.5225330288009502
12592,A_protected_highiso,hardest_hadron,charged_hadron,2,L2_ch224:256,L2,label_Tbl,1.0349377393722534,2.237175941467285,2.315337811440145
12784,A_protected_highiso,particle0_best_lepton,muon,0,L2_ch224:256,L2,label_Hqql,7.017734527587891,3.0396628379821777,21.331546850333325
12784,A_protected_highiso,particle0_best_lepton,muon,0,L2_ch224:256,L2,label_Tbl,7.017734527587891,4.197956085205078,29.46014136444137
12784,A_protected_highiso,hard_hadron,charged_hadron,2,L2_ch224:256,L2,label_Hqql,0.892048180103302,3.0396628379821777,2.7115257027496398
12784,A_protected_highiso,hard_hadron,charged_hadron,2,L2_ch224:256,L2,label_Tbl,0.892048180103302,4.197956085205078,3.744779085960772
12784,A_protected_highiso,hadron_neighbor,charged_hadron,9,L2_ch224:256,L2,label_Hqql,0.6161354780197144,3.0396628379821777,1.8728441156989106
12784,A_protected_highiso,hadron_neighbor,charged_hadron,9,L2_ch224:256,L2,label_Tbl,0.6161354780197144,4.197956085205078,2.5865096792635995
13089,A_protected_highiso,particle0,charged_hadron,0,L2_ch224:256,L2,label_Hqql,2.8867340087890625,4.099973678588867,11.83553345312248
13089,A_protected_highiso,particle0,charged_hadron,0,L2_ch224:256,L2,label_Tbl,2.8867340087890625,4.3277587890625,12.49308847822249
13089,A_protected_highiso,best_lepton,muon,1,L2_ch224:256,L2,label_Hqql,2.375732898712158,4.099973678588867,9.74044235207748
13089,A_protected_highiso,best_lepton,muon,1,L2_ch224:256,L2,label_Tbl,2.375732898712158,4.3277587890625,10.281598932866473
13089,A_protected_highiso,hard_hadron,charged_hadron,2,L2_ch224:256,L2,label_Hqql,1.251235842704773,4.099973678588867,5.130034020796529
13089,A_protected_highiso,hard_hadron,charged_hadron,2,L2_ch224:256,L2,label_Tbl,1.251235842704773,4.3277587890625,5.415046915455605
13279,A_protected_highiso,particle0_best_lepton,muon,0,L2_ch224:256,L2,label_Hqql,5.072177410125732,3.390796661376953,17.198722228165934
13279,A_protected_highiso,particle0_best_lepton,muon,0,L2_ch224:256,L2,label_Tbl,5.072177410125732,2.3233914375305176,11.784653564321843
13279,A_protected_highiso,hard_hadron,charged_hadron,2,L2_ch224:256,L2,label_Hqql,0.7391542196273804,3.390796661376953,2.5063216601552085
13279,A_protected_highiso,hard_hadron,charged_hadron,2,L2_ch224:256,L2,label_Tbl,0.7391542196273804,2.3233914375305176,1.7173445848968072
13279,A_protected_highiso,hard_hadron,charged_hadron,3,L2_ch224:256,L2,label_Hqql,0.6654196381568909,3.390796661376953,2.2563026874770458
13279,A_protected_highiso,hard_hadron,charged_hadron,3,L2_ch224:256,L2,label_Tbl,0.6654196381568909,2.3233914375305176,1.5460302896583755
13374,A_protected_highiso,particle0_best_lepton,electron,0,L2_ch224:256,L2,label_Hqql,7.262666702270508,4.9788713455200195,36.159883135997006
13374,A_protected_highiso,particle0_best_lepton,electron,0,L2_ch224:256,L2,label_Tbl,7.262666702270508,4.76009464263916,34.57098086075166
13374,A_protected_highiso,hardest_hadron,charged_hadron,2,L2_ch224:256,L2,label_Hqql,1.5729435682296753,4.9788713455200195,7.831483659978744
13374,A_protected_highiso,hardest_hadron,charged_hadron,2,L2_ch224:256,L2,label_Tbl,1.5729435682296753,4.76009464263916,7.487360252303802
13374,A_protected_highiso,hard_hadron,charged_hadron,5,L2_ch224:256,L2,label_Hqql,0.6755056977272034,4.9788713455200195,3.3632559621494806
13374,A_protected_highiso,hard_hadron,charged_hadron,5,L2_ch224:256,L2,label_Tbl,0.6755056977272034,4.76009464263916,3.2154710528234887
13400,A_protected_highiso,particle0_best_lepton,electron,0,L2_ch224:256,L2,label_Hqql,4.920829772949219,1.8402801752090454,9.055705476736875
13400,A_protected_highiso,particle0_best_lepton,electron,0,L2_ch224:256,L2,label_Tbl,4.920829772949219,2.2629072666168213,11.13538145099119
13400,A_protected_highiso,hardest_hadron,charged_hadron,1,L2_ch224:256,L2,label_Hqql,1.3395495414733887,1.8402801752090454,2.465146464883844
13400,A_protected_highiso,hardest_hadron,charged_hadron,1,L2_ch224:256,L2,label_Tbl,1.3395495414733887,2.2629072666168213,3.0312763913933622
13400,A_protected_highiso,hard_hadron,charged_hadron,10,L2_ch224:256,L2,label_Hqql,0.7976473569869995,1.8402801752090454,1.4678946178710675
13400,A_protected_highiso,hard_hadron,charged_hadron,10,L2_ch224:256,L2,label_Tbl,0.7976473569869995,2.2629072666168213,1.805002000323583
13529,A_protected_highiso,particle0_best_lepton,muon,0,L2_ch224:256,L2,label_Hqql,5.633079528808594,3.469195604324341,19.542254740152202
13529,A_protected_highiso,particle0_best_lepton,muon,0,L2_ch224:256,L2,label_Tbl,5.633079528808594,2.5632009506225586,14.438714803174662
13529,A_protected_highiso,photon_neighbor,photon,1,L2_ch224:256,L2,label_Hqql,2.5503921508789062,3.469195604324341,8.847809239132403
13529,A_protected_highiso,photon_neighbor,photon,1,L2_ch224:256,L2,label_Tbl,2.5503921508789062,2.5632009506225586,6.537167585593124
13529,A_protected_highiso,photon_neighbor,photon,10,L2_ch224:256,L2,label_Hqql,1.1673953533172607,3.469195604324341,4.049922828236902
13529,A_protected_highiso,photon_neighbor,photon,10,L2_ch224:256,L2,label_Tbl,1.1673953533172607,2.5632009506225586,2.9922688793751604
13897,A_protected_highiso,particle0_best_lepton,muon,0,L2_ch224:256,L2,label_Hqql,4.867142200469971,1.3921653032302856,6.7758664973821965
13897,A_protected_highiso,particle0_best_lepton,muon,0,L2_ch224:256,L2,label_Tbl,4.867142200469971,2.3422799110412598,11.400209400341964
13897,A_protected_highiso,photon_neighbor,photon,1,L2_ch224:256,L2,label_Hqql,0.9168912172317505,1.3921653032302856,1.2764641394666256
13897,A_protected_highiso,photon_neighbor,photon,1,L2_ch224:256,L2,label_Tbl,0.9168912172317505,2.3422799110412598,2.147615878732097
13897,A_protected_highiso,hardest_hadron,charged_hadron,2,L2_ch224:256,L2,label_Hqql,0.7415929436683655,1.3921653032302856,1.0324199652955102
13897,A_protected_highiso,hardest_hadron,charged_hadron,2,L2_ch224:256,L2,label_Tbl,0.7415929436683655,2.3422799110412598,1.737018254124365
14139,A_protected_highiso,particle0_best_lepton,muon,0,L2_ch224:256,L2,label_Hqql,5.550528526306152,2.8431553840637207,15.781015063966606
14139,A_protected_highiso,particle0_best_lepton,muon,0,L2_ch224:256,L2,label_Tbl,5.550528526306152,3.7413034439086914,20.76621149098264
14139,A_protected_highiso,hard_hadron,charged_hadron,2,L2_ch224:256,L2,label_Hqql,1.3468133211135864,2.8431553840637207,3.829199545252834
14139,A_protected_highiso,hard_hadron,charged_hadron,2,L2_ch224:256,L2,label_Tbl,1.3468133211135864,3.7413034439086914,5.038837316584363
14139,A_protected_highiso,hard_hadron,charged_hadron,10,L2_ch224:256,L2,label_Hqql,0.6025373339653015,2.8431553840637207,1.7131072651628472
14139,A_protected_highiso,hard_hadron,charged_hadron,10,L2_ch224:256,L2,label_Tbl,0.6025373339653015,3.7413034439086914,2.254275002647944
14355,A_protected_highiso,particle0_best_lepton,electron,0,L2_ch224:256,L2,label_Hqql,5.1790056228637695,3.663464069366455,18.973101014408257
14355,A_protected_highiso,particle0_best_lepton,electron,0,L2_ch224:256,L2,label_Tbl,5.1790056228637695,3.7662105560302734,19.50522564656967
14355,A_protected_highiso,hard_hadron,charged_hadron,7,L2_ch224:256,L2,label_Hqql,1.525734543800354,3.663464069366455,5.589473680603817
14355,A_protected_highiso,hard_hadron,charged_hadron,7,L2_ch224:256,L2,label_Tbl,1.525734543800354,3.7662105560302734,5.746237544560927
14355,A_protected_highiso,photon_neighbor,photon,32,L2_ch224:256,L2,label_Hqql,0.8253647089004517,3.663464069366455,3.0236939551799082
14355,A_protected_highiso,photon_neighbor,photon,32,L2_ch224:256,L2,label_Tbl,0.8253647089004517,3.7662105560302734,3.108497279235735
14381,A_protected_highiso,particle0_best_lepton,muon,0,L2_ch224:256,L2,label_Hqql,5.861489772796631,2.096134662628174,12.286471887399557
14381,A_protected_highiso,particle0_best_lepton,muon,0,L2_ch224:256,L2,label_Tbl,5.861489772796631,2.4730277061462402,14.495626607418899
14381,A_protected_highiso,hardest_hadron,charged_hadron,1,L2_ch224:256,L2,label_Hqql,0.8906933069229126,2.096134662628174,1.8670131144120319
14381,A_protected_highiso,hardest_hadron,charged_hadron,1,L2_ch224:256,L2,label_Tbl,0.8906933069229126,2.4730277061462402,2.2027092256993797
14381,A_protected_highiso,hard_hadron,charged_hadron,3,L2_ch224:256,L2,label_Hqql,0.5935221314430237,2.096134662628174,1.244102312754677
14381,A_protected_highiso,hard_hadron,charged_hadron,3,L2_ch224:256,L2,label_Tbl,0.5935221314430237,2.4730277061462402,1.4677966752695681
14596,A_protected_highiso,particle0_best_lepton,electron,0,L2_ch224:256,L2,label_Hqql,2.5719995498657227,4.2680511474609375,10.977425630073412
14596,A_protected_highiso,particle0_best_lepton,electron,0,L2_ch224:256,L2,label_Tbl,2.5719995498657227,3.540247917175293,9.105516049387916
14596,A_protected_highiso,hardest_hadron,neutral_hadron,1,L2_ch224:256,L2,label_Hqql,2.4987478256225586,4.2680511474609375,10.664783524363884
14596,A_protected_highiso,hardest_hadron,neutral_hadron,1,L2_ch224:256,L2,label_Tbl,2.4987478256225586,3.540247917175293,8.846186785206555
14596,A_protected_highiso,hard_hadron,charged_hadron,2,L2_ch224:256,L2,label_Hqql,2.2481606006622314,4.2680511474609375,9.595264431332907
14596,A_protected_highiso,hard_hadron,charged_hadron,2,L2_ch224:256,L2,label_Tbl,2.2481606006622314,3.540247917175293,7.95904588397002
14600,A_protected_highiso,particle0_best_lepton,muon,0,L2_ch224:256,L2,label_Hqql,4.661874771118164,5.453183174133301,25.422057061778105
14600,A_protected_highiso,particle0_best_lepton,muon,0,L2_ch224:256,L2,label_Tbl,4.661874771118164,6.423578262329102,29.945917441455094
14600,A_protected_highiso,photon_neighbor,photon,3,L2_ch224:256,L2,label_Hqql,1.3463042974472046,5.453183174133301,7.341643942102451
14600,A_protected_highiso,photon_neighbor,photon,3,L2_ch224:256,L2,label_Tbl,1.3463042974472046,6.423578262329102,8.648091019562116
14600,A_protected_highiso,photon_neighbor,photon,1,L2_ch224:256,L2,label_Hqql,1.0807397365570068,5.453183174133301,5.893471747009926
14600,A_protected_highiso,photon_neighbor,photon,1,L2_ch224:256,L2,label_Tbl,1.0807397365570068,6.423578262329102,6.942216278982869
14625,A_protected_highiso,particle0_best_lepton,electron,0,L2_ch224:256,L2,label_Hqql,2.8874120712280273,1.6714885234832764,4.826276139624724
14625,A_protected_highiso,particle0_best_lepton,electron,0,L2_ch224:256,L2,label_Tbl,2.8874120712280273,2.0762550830841064,5.9950039898456
14625,A_protected_highiso,hardest_hadron,charged_hadron,1,L2_ch224:256,L2,label_Hqql,1.2392014265060425,1.6714885234832764,2.0713109626889548
14625,A_protected_highiso,hardest_hadron,charged_hadron,1,L2_ch224:256,L2,label_Tbl,1.2392014265060425,2.0762550830841064,2.5728982607482465
14625,A_protected_highiso,hard_hadron,charged_hadron,2,L2_ch224:256,L2,label_Hqql,1.1157857179641724,1.6714885234832764,1.865023022243662
14625,A_protected_highiso,hard_hadron,charged_hadron,2,L2_ch224:256,L2,label_Tbl,1.1157857179641724,2.0762550830841064,2.316655768555762
14742,A_protected_highiso,particle0_best_lepton,electron,0,L2_ch224:256,L2,label_Hqql,5.015860080718994,3.530057430267334,17.706274147123395
14742,A_protected_highiso,particle0_best_lepton,electron,0,L2_ch224:256,L2,label_Tbl,5.015860080718994,3.5510449409484863,17.81154456414265
14742,A_protected_highiso,hardest_hadron,charged_hadron,1,L2_ch224:256,L2,label_Hqql,1.4845781326293945,3.530057430267334,5.240646067900798
14742,A_protected_highiso,hardest_hadron,charged_hadron,1,L2_ch224:256,L2,label_Tbl,1.4845781326293945,3.5510449409484863,5.271803667316362
14742,A_protected_highiso,hard_hadron,charged_hadron,3,L2_ch224:256,L2,label_Hqql,0.9862132668495178,3.530057430267334,3.4813894704703614
14742,A_protected_highiso,hard_hadron,charged_hadron,3,L2_ch224:256,L2,label_Tbl,0.9862132668495178,3.5510449409484863,3.50208763194226
14991,A_protected_highiso,particle0_best_lepton,muon,0,L2_ch224:256,L2,label_Hqql,2.642922878265381,4.313084602355957,11.399149971460702
14991,A_protected_highiso,particle0_best_lepton,muon,0,L2_ch224:256,L2,label_Tbl,2.642922878265381,3.7263102531433105,9.848350619547318
14991,A_protected_highiso,photon_neighbor,photon,2,L2_ch224:256,L2,label_Hqql,1.0764321088790894,4.313084602355957,4.642742754287951
14991,A_protected_highiso,photon_neighbor,photon,2,L2_ch224:256,L2,label_Tbl,1.0764321088790894,3.7263102531433105,4.011120004128827
14991,A_protected_highiso,hard_hadron,charged_hadron,5,L2_ch224:256,L2,label_Hqql,0.9844628572463989,4.313084602355957,4.246071591180794
14991,A_protected_highiso,hard_hadron,charged_hadron,5,L2_ch224:256,L2,label_Tbl,0.9844628572463989,3.7263102531433105,3.6684140387960156
14999,A_protected_highiso,hardest_hadron,neutral_hadron,1,L2_ch224:256,L2,label_Hqql,2.600344657897949,5.5812249183654785,14.51310840099859
14999,A_protected_highiso,hardest_hadron,neutral_hadron,1,L2_ch224:256,L2,label_Tbl,2.600344657897949,5.14622688293457,13.381963583369725
14999,A_protected_highiso,particle0_best_lepton,muon,0,L2_ch224:256,L2,label_Hqql,2.559216022491455,5.5812249183654785,14.283560236209496
14999,A_protected_highiso,particle0_best_lepton,muon,0,L2_ch224:256,L2,label_Tbl,2.559216022491455,5.14622688293457,13.17030629418241
14999,A_protected_highiso,hard_hadron,charged_hadron,2,L2_ch224:256,L2,label_Hqql,1.1272865533828735,5.5812249183654785,6.29163980187883
14999,A_protected_highiso,hard_hadron,charged_hadron,2,L2_ch224:256,L2,label_Tbl,1.1272865533828735,5.14622688293457,5.8012723657896
15006,A_protected_highiso,particle0_best_lepton,electron,0,L2_ch224:256,L2,label_Hqql,4.231729507446289,1.9907323122024536,8.424240666973901
15006,A_protected_highiso,particle0_best_lepton,electron,0,L2_ch224:256,L2,label_Tbl,4.231729507446289,1.7637903690338135,7.463883749589968
15006,A_protected_highiso,hardest_hadron,charged_hadron,1,L2_ch224:256,L2,label_Hqql,2.4553322792053223,1.9907323122024536,4.887909305407732
15006,A_protected_highiso,hardest_hadron,charged_hadron,1,L2_ch224:256,L2,label_Tbl,2.4553322792053223,1.7637903690338135,4.33069142684019
15006,A_protected_highiso,hard_hadron,charged_hadron,4,L2_ch224:256,L2,label_Hqql,2.189847946166992,1.9907323122024536,4.3594010652448105
15006,A_protected_highiso,hard_hadron,charged_hadron,4,L2_ch224:256,L2,label_Tbl,2.189847946166992,1.7637903690338135,3.8624327170978177
15112,A_protected_highiso,particle0_best_lepton,electron,0,L2_ch224:256,L2,label_Hqql,5.002196788787842,3.5524370670318604,17.76998928907767
15112,A_protected_highiso,particle0_best_lepton,electron,0,L2_ch224:256,L2,label_Tbl,5.002196788787842,3.104919672012329,15.531419212784272
15112,A_protected_highiso,hardest_hadron,charged_hadron,1,L2_ch224:256,L2,label_Hqql,1.1354680061340332,3.5524370670318604,4.033678633419299
15112,A_protected_highiso,hardest_hadron,charged_hadron,1,L2_ch224:256,L2,label_Tbl,1.1354680061340332,3.104919672012329,3.5255369491861757
15112,A_protected_highiso,hard_hadron,neutral_hadron,2,L2_ch224:256,L2,label_Hqql,0.7562094330787659,3.5524370670318604,2.686386420508157
15112,A_protected_highiso,hard_hadron,neutral_hadron,2,L2_ch224:256,L2,label_Tbl,0.7562094330787659,3.104919672012329,2.347969544927551
15233,A_protected_highiso,particle0_best_lepton,electron,0,L2_ch224:256,L2,label_Hqql,5.444396495819092,4.022609233856201,21.900679616856223
15233,A_protected_highiso,particle0_best_lepton,electron,0,L2_ch224:256,L2,label_Tbl,5.444396495819092,3.705609083175659,20.174805107316956
15233,A_protected_highiso,hadron_neighbor,charged_hadron,18,L2_ch224:256,L2,label_Hqql,1.6566803455352783,4.022609233856201,6.6641776554982926
15233,A_protected_highiso,hadron_neighbor,charged_hadron,18,L2_ch224:256,L2,label_Tbl,1.6566803455352783,3.705609083175659,6.139009736334117
15233,A_protected_highiso,photon_neighbor,photon,15,L2_ch224:256,L2,label_Hqql,1.3930011987686157,4.022609233856201,5.603499484939391
15233,A_protected_highiso,photon_neighbor,photon,15,L2_ch224:256,L2,label_Tbl,1.3930011987686157,3.705609083175659,5.161917895031564
15292,A_protected_highiso,particle0_best_lepton,muon,0,L2_ch224:256,L2,label_Hqql,2.3517158031463623,1.7612559795379639,4.141973520465456
15292,A_protected_highiso,particle0_best_lepton,muon,0,L2_ch224:256,L2,label_Tbl,2.3517158031463623,1.8585059642791748,4.370677846437104
15292,A_protected_highiso,hard_hadron,charged_hadron,6,L2_ch224:256,L2,label_Hqql,1.7906718254089355,1.7612559795379639,3.1538314598916486
15292,A_protected_highiso,hard_hadron,charged_hadron,6,L2_ch224:256,L2,label_Tbl,1.7906718254089355,1.8585059642791748,3.327974267589184
15292,A_protected_highiso,hard_hadron,charged_hadron,8,L2_ch224:256,L2,label_Hqql,1.5655710697174072,1.7612559795379639,2.75737140793143
15292,A_protected_highiso,hard_hadron,charged_hadron,8,L2_ch224:256,L2,label_Tbl,1.5655710697174072,1.8585059642791748,2.909623170572729
15512,A_protected_highiso,particle0_best_lepton,muon,0,L2_ch224:256,L2,label_Hqql,3.852722406387329,4.705724239349365,18.12984921522127
15512,A_protected_highiso,particle0_best_lepton,muon,0,L2_ch224:256,L2,label_Tbl,3.852722406387329,4.148268699645996,15.982127766841359
15512,A_protected_highiso,photon_neighbor,photon,1,L2_ch224:256,L2,label_Hqql,1.4511847496032715,4.705724239349365,6.828875251982254
15512,A_protected_highiso,photon_neighbor,photon,1,L2_ch224:256,L2,label_Tbl,1.4511847496032715,4.148268699645996,6.0199042741828634
15512,A_protected_highiso,photon_neighbor,photon,2,L2_ch224:256,L2,label_Hqql,1.4462624788284302,4.705724239349365,6.805712403084442
15512,A_protected_highiso,photon_neighbor,photon,2,L2_ch224:256,L2,label_Tbl,1.4462624788284302,4.148268699645996,5.999485372396407
15540,A_protected_highiso,particle0_best_lepton,muon,0,L2_ch224:256,L2,label_Hqql,5.649014949798584,3.806887626647949,21.505165115137515
15540,A_protected_highiso,particle0_best_lepton,muon,0,L2_ch224:256,L2,label_Tbl,5.649014949798584,3.0417659282684326,17.182981202576343
15540,A_protected_highiso,photon_neighbor,photon,1,L2_ch224:256,L2,label_Hqql,1.142017126083374,3.806887626647949,4.3475308667068475
15540,A_protected_highiso,photon_neighbor,photon,1,L2_ch224:256,L2,label_Tbl,1.142017126083374,3.0417659282684326,3.473748783619442
15540,A_protected_highiso,hadron_neighbor,neutral_hadron,25,L2_ch224:256,L2,label_Hqql,0.9516086578369141,3.806887626647949,3.62266722493041
15540,A_protected_highiso,hadron_neighbor,neutral_hadron,25,L2_ch224:256,L2,label_Tbl,0.9516086578369141,3.0417659282684326,2.894570792453578
15590,A_protected_highiso,particle0_best_lepton,muon,0,L2_ch224:256,L2,label_Hqql,6.2265400886535645,4.229430198669434,26.334716684177238
15590,A_protected_highiso,particle0_best_lepton,muon,0,L2_ch224:256,L2,label_Tbl,6.2265400886535645,4.1154375076293945,25.624936623602935
15590,A_protected_highiso,hardest_hadron,charged_hadron,1,L2_ch224:256,L2,label_Hqql,1.3013741970062256,4.229430198669434,5.504071328587315
15590,A_protected_highiso,hardest_hadron,charged_hadron,1,L2_ch224:256,L2,label_Tbl,1.3013741970062256,4.1154375076293945,5.355724181820506
15590,A_protected_highiso,second_lepton,muon,2,L2_ch224:256,L2,label_Hqql,0.7426697611808777,4.229430198669434,3.1410699155770203
15590,A_protected_highiso,second_lepton,muon,2,L2_ch224:256,L2,label_Tbl,0.7426697611808777,4.1154375076293945,3.056410990945949
15684,A_protected_highiso,particle0_best_lepton,electron,0,L2_ch224:256,L2,label_Hqql,6.027958393096924,4.0045599937438965,24.139321024948686
15684,A_protected_highiso,particle0_best_lepton,electron,0,L2_ch224:256,L2,label_Tbl,6.027958393096924,3.4823074340820312,20.991204324618593
15684,A_protected_highiso,hard_hadron,neutral_hadron,4,L2_ch224:256,L2,label_Hqql,1.593109130859375,4.0045599937438965,6.379701091107563
15684,A_protected_highiso,hard_hadron,neutral_hadron,4,L2_ch224:256,L2,label_Tbl,1.593109130859375,3.4823074340820312,5.547695769695565
15684,A_protected_highiso,hard_hadron,charged_hadron,10,L2_ch224:256,L2,label_Hqql,0.8769112825393677,4.0045599937438965,3.5116438401198025
15684,A_protected_highiso,hard_hadron,charged_hadron,10,L2_ch224:256,L2,label_Tbl,0.8769112825393677,3.4823074340820312,3.0536746782172486
15800,A_protected_highiso,particle0_best_lepton,electron,0,L2_ch224:256,L2,label_Hqql,5.591935634613037,3.115286350250244,17.42048075398793
15800,A_protected_highiso,particle0_best_lepton,electron,0,L2_ch224:256,L2,label_Tbl,5.591935634613037,3.0668351650238037,17.149544844780962
15800,A_protected_highiso,hard_hadron,neutral_hadron,3,L2_ch224:256,L2,label_Hqql,0.6647109985351562,3.115286350250244,2.0707651005977823
15800,A_protected_highiso,hard_hadron,neutral_hadron,3,L2_ch224:256,L2,label_Tbl,0.6647109985351562,3.0668351650238037,2.0385590648857033
15800,A_protected_highiso,photon_neighbor,photon,5,L2_ch224:256,L2,label_Hqql,0.6261000633239746,3.115286350250244,1.9504809811639916
15800,A_protected_highiso,photon_neighbor,photon,5,L2_ch224:256,L2,label_Tbl,0.6261000633239746,3.0668351650238037,1.9201456910255956
16360,A_protected_highiso,particle0_best_lepton,muon,0,L2_ch224:256,L2,label_Hqql,5.817235946655273,4.062019348144531,23.62972496803559
16360,A_protected_highiso,particle0_best_lepton,muon,0,L2_ch224:256,L2,label_Tbl,5.817235946655273,2.9790539741516113,17.329859865461003
16360,A_protected_highiso,photon_neighbor,photon,1,L2_ch224:256,L2,label_Hqql,1.7192258834838867,4.062019348144531,6.983528802542423
16360,A_protected_highiso,photon_neighbor,photon,1,L2_ch224:256,L2,label_Tbl,1.7192258834838867,2.9790539741516113,5.121666700656988
16360,A_protected_highiso,hardest_hadron,charged_hadron,4,L2_ch224:256,L2,label_Hqql,0.828652024269104,4.062019348144531,3.366000555460232
16360,A_protected_highiso,hardest_hadron,charged_hadron,4,L2_ch224:256,L2,label_Tbl,0.828652024269104,2.9790539741516113,2.4685991060876518
12649,B_confused_highiso,particle0_best_lepton,muon,0,L2_ch224:256,L2,label_Hqql,4.599323749542236,2.605356454849243,11.98287781881129
12649,B_confused_highiso,particle0_best_lepton,muon,0,L2_ch224:256,L2,label_Tbl,4.599323749542236,2.114809989929199,9.726695812450544
12649,B_confused_highiso,hadron_neighbor,charged_hadron,29,L2_ch224:256,L2,label_Hqql,0.9282262325286865,2.605356454849243,2.418360206479008
12649,B_confused_highiso,hadron_neighbor,charged_hadron,29,L2_ch224:256,L2,label_Tbl,0.9282262325286865,2.114809989929199,1.96302210946601
12649,B_confused_highiso,second_lepton,muon,47,L2_ch224:256,L2,label_Hqql,0.8038334250450134,2.605356454849243,2.094272602564601
12649,B_confused_highiso,second_lepton,muon,47,L2_ch224:256,L2,label_Tbl,0.8038334250450134,2.114809989929199,1.6999549575241986
12982,B_confused_highiso,particle0_best_lepton,electron,0,L2_ch224:256,L2,label_Hqql,4.600391387939453,2.8613948822021484,13.16353637357679
12982,B_confused_highiso,particle0_best_lepton,electron,0,L2_ch224:256,L2,label_Tbl,4.600391387939453,2.202207088470459,10.131014524258717
12982,B_confused_highiso,hardest_hadron,charged_hadron,1,L2_ch224:256,L2,label_Hqql,0.7805570363998413,2.8613948822021484,2.233481909221382
12982,B_confused_highiso,hardest_hadron,charged_hadron,1,L2_ch224:256,L2,label_Tbl,0.7805570363998413,2.202207088470459,1.7189482385152246
12982,B_confused_highiso,hard_hadron,charged_hadron,2,L2_ch224:256,L2,label_Hqql,0.7291831374168396,2.8613948822021484,2.0864808975926508
12982,B_confused_highiso,hard_hadron,charged_hadron,2,L2_ch224:256,L2,label_Tbl,0.7291831374168396,2.202207088470459,1.605812274012493
13045,B_confused_highiso,particle0_best_lepton,electron,0,L2_ch224:256,L2,label_Hqql,6.430154323577881,2.609391212463379,16.778788186727525
13045,B_confused_highiso,particle0_best_lepton,electron,0,L2_ch224:256,L2,label_Tbl,6.430154323577881,2.5111727714538574,16.14722845361507
13045,B_confused_highiso,second_lepton,muon,2,L2_ch224:256,L2,label_Hqql,1.1585153341293335,2.609391212463379,3.023019732381158
13045,B_confused_highiso,second_lepton,muon,2,L2_ch224:256,L2,label_Tbl,1.1585153341293335,2.5111727714538574,2.90923216237735
13045,B_confused_highiso,hardest_hadron,charged_hadron,1,L2_ch224:256,L2,label_Hqql,1.0261623859405518,2.609391212463379,2.67765911243373
13045,B_confused_highiso,hardest_hadron,charged_hadron,1,L2_ch224:256,L2,label_Tbl,1.0261623859405518,2.5111727714538574,2.576871042664038
13583,B_confused_highiso,particle0_best_lepton,electron,0,L2_ch224:256,L2,label_Hqql,7.562329292297363,5.492026329040527,41.53251158217154
13583,B_confused_highiso,particle0_best_lepton,electron,0,L2_ch224:256,L2,label_Tbl,7.562329292297363,5.426267623901367,41.03522260007412
13583,B_confused_highiso,hadron_neighbor,charged_hadron,19,L2_ch224:256,L2,label_Hqql,1.5178691148757935,5.492026329040527,8.336177142935298
13583,B_confused_highiso,hadron_neighbor,charged_hadron,19,L2_ch224:256,L2,label_Tbl,1.5178691148757935,5.426267623901367,8.236364035370343
13583,B_confused_highiso,other_lepton,electron,30,L2_ch224:256,L2,label_Hqql,1.4316262006759644,5.492026329040527,7.862528787456654
13583,B_confused_highiso,other_lepton,electron,30,L2_ch224:256,L2,label_Tbl,1.4316262006759644,5.426267623901367,7.768386902256907
13787,B_confused_highiso,particle0_best_lepton,electron,0,L2_ch224:256,L2,label_Hqql,4.2221198081970215,4.769210338592529,20.13617744002954
13787,B_confused_highiso,particle0_best_lepton,electron,0,L2_ch224:256,L2,label_Tbl,4.2221198081970215,3.6342530250549316,15.344251685084373
13787,B_confused_highiso,hardest_hadron,neutral_hadron,1,L2_ch224:256,L2,label_Hqql,1.1078321933746338,4.769210338592529,5.283484750067942
13787,B_confused_highiso,hardest_hadron,neutral_hadron,1,L2_ch224:256,L2,label_Tbl,1.1078321933746338,3.6342530250549316,4.026142500025003
13787,B_confused_highiso,photon_neighbor,photon,3,L2_ch224:256,L2,label_Hqql,0.6192052960395813,4.769210338592529,2.953120299583219
13787,B_confused_highiso,photon_neighbor,photon,3,L2_ch224:256,L2,label_Tbl,0.6192052960395813,3.6342530250549316,2.250348720261883
13997,B_confused_highiso,particle0_best_lepton,muon,0,L2_ch224:256,L2,label_Hqql,4.53106164932251,4.724074840545654,21.405074338525765
13997,B_confused_highiso,particle0_best_lepton,muon,0,L2_ch224:256,L2,label_Tbl,4.53106164932251,2.897266149520874,13.127691537974329
13997,B_confused_highiso,hard_hadron,charged_hadron,7,L2_ch224:256,L2,label_Hqql,0.689441978931427,4.724074840545654,3.2569755066859614
13997,B_confused_highiso,hard_hadron,charged_hadron,7,L2_ch224:256,L2,label_Tbl,0.689441978931427,2.897266149520874,1.997496907616707
13997,B_confused_highiso,hard_hadron,charged_hadron,2,L2_ch224:256,L2,label_Hqql,0.5711949467658997,4.724074840545654,2.698367677063601
13997,B_confused_highiso,hard_hadron,charged_hadron,2,L2_ch224:256,L2,label_Tbl,0.5711949467658997,2.897266149520874,1.6549037840422187
14711,B_confused_highiso,particle0_best_lepton,muon,0,L2_ch224:256,L2,label_Hqql,3.2414369583129883,0.7258645296096802,2.3528441130052897
14711,B_confused_highiso,particle0_best_lepton,muon,0,L2_ch224:256,L2,label_Tbl,3.2414369583129883,0.4640369415283203,1.5041464922924206
14711,B_confused_highiso,hardest_hadron,charged_hadron,1,L2_ch224:256,L2,label_Hqql,1.0581512451171875,0.7258645296096802,0.7680744557928847
14711,B_confused_highiso,hardest_hadron,charged_hadron,1,L2_ch224:256,L2,label_Tbl,1.0581512451171875,0.4640369415283203,0.49102126745856367
14711,B_confused_highiso,hard_hadron,charged_hadron,2,L2_ch224:256,L2,label_Hqql,0.8695757985115051,0.7258645296096802,0.6311942279465157
14711,B_confused_highiso,hard_hadron,charged_hadron,2,L2_ch224:256,L2,label_Tbl,0.8695757985115051,0.4640369415283203,0.40351529396832575
15288,B_confused_highiso,particle0_best_lepton,electron,0,L2_ch224:256,L2,label_Hqql,7.649717330932617,4.440826416015625,33.97106679825811
15288,B_confused_highiso,particle0_best_lepton,electron,0,L2_ch224:256,L2,label_Tbl,7.649717330932617,3.296552896499634,25.217697824689367
15288,B_confused_highiso,hadron_neighbor,charged_hadron,14,L2_ch224:256,L2,label_Hqql,0.8428762555122375,4.440826416015625,3.74306714091108
15288,B_confused_highiso,hadron_neighbor,charged_hadron,14,L2_ch224:256,L2,label_Tbl,0.8428762555122375,3.296552896499634,2.778586161499632
15288,B_confused_highiso,photon_neighbor,photon,12,L2_ch224:256,L2,label_Hqql,0.790036678314209,4.440826416015625,3.508415750678978
15288,B_confused_highiso,photon_neighbor,photon,12,L2_ch224:256,L2,label_Tbl,0.790036678314209,3.296552896499634,2.604397700237655
15528,B_confused_highiso,particle0,photon,0,L2_ch224:256,L2,label_Hqql,8.482603073120117,4.003700256347656,33.96180009834643
15528,B_confused_highiso,particle0,photon,0,L2_ch224:256,L2,label_Tbl,8.482603073120117,3.757205009460449,31.870878759591506
15528,B_confused_highiso,best_lepton,electron,3,L2_ch224:256,L2,label_Hqql,2.496507406234741,4.003700256347656,9.995267342315856
15528,B_confused_highiso,best_lepton,electron,3,L2_ch224:256,L2,label_Tbl,2.496507406234741,3.757205009460449,9.379890132860282
15528,B_confused_highiso,photon_neighbor,photon,31,L2_ch224:256,L2,label_Hqql,0.988813042640686,4.003700256347656,3.9589110323004206
15528,B_confused_highiso,photon_neighbor,photon,31,L2_ch224:256,L2,label_Tbl,0.988813042640686,3.757205009460449,3.7151733172294144
15658,B_confused_highiso,particle0_best_lepton,electron,0,L2_ch224:256,L2,label_Hqql,2.1201303005218506,2.8173751831054688,5.973202493640201
15658,B_confused_highiso,particle0_best_lepton,electron,0,L2_ch224:256,L2,label_Tbl,2.1201303005218506,2.455613613128662,5.206220827568018
15658,B_confused_highiso,second_lepton,muon,5,L2_ch224:256,L2,label_Hqql,1.3520116806030273,2.8173751831054688,3.8091241561996867
15658,B_confused_highiso,second_lepton,muon,5,L2_ch224:256,L2,label_Tbl,1.3520116806030273,2.455613613128662,3.3200182879977547
15658,B_confused_highiso,hard_hadron,charged_hadron,2,L2_ch224:256,L2,label_Hqql,1.1253291368484497,2.8173751831054688,3.17047438298232
15658,B_confused_highiso,hard_hadron,charged_hadron,2,L2_ch224:256,L2,label_Tbl,1.1253291368484497,2.455613613128662,2.7633735476953802
15893,B_confused_highiso,particle0_best_lepton,electron,0,L2_ch224:256,L2,label_Hqql,4.326593399047852,4.992617607116699,21.60102638292119
15893,B_confused_highiso,particle0_best_lepton,electron,0,L2_ch224:256,L2,label_Tbl,4.326593399047852,3.0762040615081787,13.309484186645477
15893,B_confused_highiso,hardest_hadron,neutral_hadron,1,L2_ch224:256,L2,label_Hqql,0.9972221255302429,4.992617607116699,4.97874874212863
15893,B_confused_highiso,hardest_hadron,neutral_hadron,1,L2_ch224:256,L2,label_Tbl,0.9972221255302429,3.0762040615081787,3.067658752781952
15893,B_confused_highiso,hadron_neighbor,charged_hadron,23,L2_ch224:256,L2,label_Hqql,0.9759804606437683,4.992617607116699,4.872697232011944
15893,B_confused_highiso,hadron_neighbor,charged_hadron,23,L2_ch224:256,L2,label_Tbl,0.9759804606437683,3.0762040615081787,3.0023150569849832
20480,C_Tbl_correct,particle0_best_lepton,muon,0,L2_ch224:256,L2,label_Hqql,4.028390884399414,6.979243278503418,28.11512000312905
20480,C_Tbl_correct,particle0_best_lepton,muon,0,L2_ch224:256,L2,label_Tbl,4.028390884399414,3.0710835456848145,12.371524960665738
20480,C_Tbl_correct,hardest_hadron,charged_hadron,1,L2_ch224:256,L2,label_Hqql,1.4626201391220093,6.979243278503418,10.207981774971017
20480,C_Tbl_correct,hardest_hadron,charged_hadron,1,L2_ch224:256,L2,label_Tbl,1.4626201391220093,3.0710835456848145,4.491828642844837
20480,C_Tbl_correct,photon_neighbor,photon,2,L2_ch224:256,L2,label_Hqql,1.1009291410446167,6.979243278503418,7.6836523077441825
20480,C_Tbl_correct,photon_neighbor,photon,2,L2_ch224:256,L2,label_Tbl,1.1009291410446167,3.0710835456848145,3.3810453700270386
20481,C_Tbl_correct,particle0_best_lepton,muon,0,L2_ch224:256,L2,label_Hqql,6.532708644866943,8.06119441986084,52.66143447457807
20481,C_Tbl_correct,particle0_best_lepton,muon,0,L2_ch224:256,L2,label_Tbl,6.532708644866943,4.645812034606934,30.349736440903598
20481,C_Tbl_correct,second_lepton,muon,1,L2_ch224:256,L2,label_Hqql,1.3058558702468872,8.06119441986084,10.526758054376728
20481,C_Tbl_correct,second_lepton,muon,1,L2_ch224:256,L2,label_Tbl,1.3058558702468872,4.645812034606934,6.066760917455099
20481,C_Tbl_correct,hard_hadron,neutral_hadron,8,L2_ch224:256,L2,label_Hqql,0.5010806918144226,8.06119441986084,4.039308876754433
20481,C_Tbl_correct,hard_hadron,neutral_hadron,8,L2_ch224:256,L2,label_Tbl,0.5010806918144226,4.645812034606934,2.3279267083406125
20482,C_Tbl_correct,particle0_best_lepton,muon,0,L2_ch224:256,L2,label_Hqql,3.1267991065979004,12.692684173583984,39.68747353429171
20482,C_Tbl_correct,particle0_best_lepton,muon,0,L2_ch224:256,L2,label_Tbl,3.1267991065979004,8.373395919799805,26.181926881220534
20482,C_Tbl_correct,hardest_hadron,neutral_hadron,1,L2_ch224:256,L2,label_Hqql,2.202354669570923,12.692684173583984,27.953792259081638
20482,C_Tbl_correct,hardest_hadron,neutral_hadron,1,L2_ch224:256,L2,label_Tbl,2.202354669570923,8.373395919799805,18.441187604137212
20482,C_Tbl_correct,second_lepton,muon,2,L2_ch224:256,L2,label_Hqql,1.9757649898529053,12.692684173583984,25.077761017427292
20482,C_Tbl_correct,second_lepton,muon,2,L2_ch224:256,L2,label_Tbl,1.9757649898529053,8.373395919799805,16.54386250451762
20483,C_Tbl_correct,particle0_best_lepton,muon,0,L2_ch224:256,L2,label_Hqql,8.63597297668457,6.652441024780273,57.45030091899025
20483,C_Tbl_correct,particle0_best_lepton,muon,0,L2_ch224:256,L2,label_Tbl,8.63597297668457,6.1200785636901855,52.85283309121496
20483,C_Tbl_correct,hard_hadron,charged_hadron,2,L2_ch224:256,L2,label_Hqql,0.7583584785461426,6.652441024780273,5.04493505417031
20483,C_Tbl_correct,hard_hadron,charged_hadron,2,L2_ch224:256,L2,label_Tbl,0.7583584785461426,6.1200785636901855,4.641213468142951
20483,C_Tbl_correct,hadron_neighbor,charged_hadron,15,L2_ch224:256,L2,label_Hqql,0.39090681076049805,6.652441024780273,2.600484504769156
20483,C_Tbl_correct,hadron_neighbor,charged_hadron,15,L2_ch224:256,L2,label_Tbl,0.39090681076049805,6.1200785636901855,2.39238039293582
20484,C_Tbl_correct,particle0_best_lepton,electron,0,L2_ch224:256,L2,label_Hqql,2.2034709453582764,6.3638916015625,14.022650243452517
20484,C_Tbl_correct,particle0_best_lepton,electron,0,L2_ch224:256,L2,label_Tbl,2.2034709453582764,4.615444183349609,10.169997157933722
20484,C_Tbl_correct,photon_neighbor,photon,1,L2_ch224:256,L2,label_Hqql,1.4526687860488892,6.3638916015625,9.244626687388518
20484,C_Tbl_correct,photon_neighbor,photon,1,L2_ch224:256,L2,label_Tbl,1.4526687860488892,4.615444183349609,6.704711698902884
20484,C_Tbl_correct,photon_neighbor,photon,39,L2_ch224:256,L2,label_Hqql,1.3518599271774292,6.3638916015625,8.603090037053335
20484,C_Tbl_correct,photon_neighbor,photon,39,L2_ch224:256,L2,label_Tbl,1.3518599271774292,4.615444183349609,6.239434037594492
20485,C_Tbl_correct,particle0_best_lepton,electron,0,L2_ch224:256,L2,label_Hqql,2.3356480598449707,9.67387866973877,22.594775946151003
20485,C_Tbl_correct,particle0_best_lepton,electron,0,L2_ch224:256,L2,label_Tbl,2.3356480598449707,5.341711044311523,12.476357036898662
20485,C_Tbl_correct,hard_hadron,neutral_hadron,3,L2_ch224:256,L2,label_Hqql,2.0566484928131104,9.67387866973877,19.895767985775137
20485,C_Tbl_correct,hard_hadron,neutral_hadron,3,L2_ch224:256,L2,label_Tbl,2.0566484928131104,5.341711044311523,10.98602196832644
20485,C_Tbl_correct,hardest_hadron,charged_hadron,1,L2_ch224:256,L2,label_Hqql,1.7719471454620361,9.67387866973877,17.141601694389692
20485,C_Tbl_correct,hardest_hadron,charged_hadron,1,L2_ch224:256,L2,label_Tbl,1.7719471454620361,5.341711044311523,9.465229636850836
20486,C_Tbl_correct,particle0,neutral_hadron,0,L2_ch224:256,L2,label_Hqql,3.1598494052886963,4.645716667175293,14.679765047913634
20486,C_Tbl_correct,particle0,neutral_hadron,0,L2_ch224:256,L2,label_Tbl,3.1598494052886963,2.94795298576355,9.31508748888399
20486,C_Tbl_correct,best_lepton,muon,1,L2_ch224:256,L2,label_Hqql,1.799436092376709,4.645716667175293,8.359670245871257
20486,C_Tbl_correct,best_lepton,muon,1,L2_ch224:256,L2,label_Tbl,1.799436092376709,2.94795298576355,5.304653001212614
20486,C_Tbl_correct,hard_hadron,neutral_hadron,2,L2_ch224:256,L2,label_Hqql,1.28298819065094,4.645716667175293,5.960399621096144
20486,C_Tbl_correct,hard_hadron,neutral_hadron,2,L2_ch224:256,L2,label_Tbl,1.28298819065094,2.94795298576355,3.782188867328813
20487,C_Tbl_correct,particle0_best_lepton,muon,0,L2_ch224:256,L2,label_Hqql,7.426281929016113,9.710003852844238,72.109226143054
20487,C_Tbl_correct,particle0_best_lepton,muon,0,L2_ch224:256,L2,label_Tbl,7.426281929016113,6.571982383728027,48.80539401409169
20487,C_Tbl_correct,hadron_neighbor,charged_hadron,26,L2_ch224:256,L2,label_Hqql,1.3762309551239014,9.710003852844238,13.363207876656588
20487,C_Tbl_correct,hadron_neighbor,charged_hadron,26,L2_ch224:256,L2,label_Tbl,1.3762309551239014,6.571982383728027,9.044565593015477
20487,C_Tbl_correct,hardest_hadron,charged_hadron,1,L2_ch224:256,L2,label_Hqql,0.4785022437572479,9.710003852844238,4.64625863047749
20487,C_Tbl_correct,hardest_hadron,charged_hadron,1,L2_ch224:256,L2,label_Tbl,0.4785022437572479,6.571982383728027,3.144708316546968
20488,C_Tbl_correct,particle0_best_lepton,muon,0,L2_ch224:256,L2,label_Hqql,2.3888344764709473,5.396665573120117,12.89174077905318
20488,C_Tbl_correct,particle0_best_lepton,muon,0,L2_ch224:256,L2,label_Tbl,2.3888344764709473,5.164082050323486,12.336137241137521
20488,C_Tbl_correct,hardest_hadron,charged_hadron,1,L2_ch224:256,L2,label_Hqql,1.780956745147705,5.396665573120117,9.611227953754678
20488,C_Tbl_correct,hardest_hadron,charged_hadron,1,L2_ch224:256,L2,label_Tbl,1.780956745147705,5.164082050323486,9.197006760019804
20488,C_Tbl_correct,hard_hadron,charged_hadron,2,L2_ch224:256,L2,label_Hqql,1.6220132112503052,5.396665573120117,8.75346285630053
20488,C_Tbl_correct,hard_hadron,charged_hadron,2,L2_ch224:256,L2,label_Tbl,1.6220132112503052,5.164082050323486,8.376209309605258
20489,C_Tbl_correct,particle0_best_lepton,electron,0,L2_ch224:256,L2,label_Hqql,5.191534996032715,10.75414752960205,55.83053325242781
20489,C_Tbl_correct,particle0_best_lepton,electron,0,L2_ch224:256,L2,label_Tbl,5.191534996032715,5.34288215637207,27.73775969448434
20489,C_Tbl_correct,second_lepton,muon,2,L2_ch224:256,L2,label_Hqql,1.1030946969985962,10.75414752960205,11.862843110644576
20489,C_Tbl_correct,second_lepton,muon,2,L2_ch224:256,L2,label_Tbl,1.1030946969985962,5.34288215637207,5.893704973382455
20489,C_Tbl_correct,hardest_hadron,charged_hadron,1,L2_ch224:256,L2,label_Hqql,1.079719066619873,10.75414752960205,11.61145813295434
20489,C_Tbl_correct,hardest_hadron,charged_hadron,1,L2_ch224:256,L2,label_Tbl,1.079719066619873,5.34288215637207,5.768811734938026
20490,C_Tbl_correct,particle0_best_lepton,muon,0,L2_ch224:256,L2,label_Hqql,4.29107666015625,3.9856224060058594,17.10261128260754
20490,C_Tbl_correct,particle0_best_lepton,muon,0,L2_ch224:256,L2,label_Tbl,4.29107666015625,2.134963035583496,9.161290052288678
20490,C_Tbl_correct,hardest_hadron,charged_hadron,1,L2_ch224:256,L2,label_Hqql,1.4208847284317017,3.9856224060058594,5.663110009988941
20490,C_Tbl_correct,hardest_hadron,charged_hadron,1,L2_ch224:256,L2,label_Tbl,1.4208847284317017,2.134963035583496,3.0335363730267773
20490,C_Tbl_correct,hard_hadron,charged_hadron,2,L2_ch224:256,L2,label_Hqql,1.0212901830673218,3.9856224060058594,4.070477036666944
20490,C_Tbl_correct,hard_hadron,charged_hadron,2,L2_ch224:256,L2,label_Tbl,1.0212901830673218,2.134963035583496,2.1804167894530337
20491,C_Tbl_correct,particle0_best_lepton,muon,0,L2_ch224:256,L2,label_Hqql,7.0213799476623535,6.657918930053711,46.74777846864072
20491,C_Tbl_correct,particle0_best_lepton,muon,0,L2_ch224:256,L2,label_Tbl,7.0213799476623535,4.117763519287109,28.912382203538073
20491,C_Tbl_correct,hadron_neighbor,charged_hadron,10,L2_ch224:256,L2,label_Hqql,0.5798859596252441,6.657918930053711,3.860833707861275
20491,C_Tbl_correct,hadron_neighbor,charged_hadron,10,L2_ch224:256,L2,label_Tbl,0.5798859596252441,4.117763519287109,2.387833249891628
20491,C_Tbl_correct,hadron_neighbor,neutral_hadron,24,L2_ch224:256,L2,label_Hqql,0.48742619156837463,6.657918930053711,3.245244067847068
20491,C_Tbl_correct,hadron_neighbor,neutral_hadron,24,L2_ch224:256,L2,label_Tbl,0.48742619156837463,4.117763519287109,2.007105789985303
20492,C_Tbl_correct,particle0_best_lepton,muon,0,L2_ch224:256,L2,label_Hqql,8.354415893554688,0.5803192853927612,4.848228661221583
20492,C_Tbl_correct,particle0_best_lepton,muon,0,L2_ch224:256,L2,label_Tbl,8.354415893554688,0.41311097145080566,3.4513008656904276
20492,C_Tbl_correct,hardest_hadron,charged_hadron,1,L2_ch224:256,L2,label_Hqql,2.6153104305267334,0.5803192853927612,1.5177150801235086
20492,C_Tbl_correct,hardest_hadron,charged_hadron,1,L2_ch224:256,L2,label_Tbl,2.6153104305267334,0.41311097145080566,1.0804134326003236
20492,C_Tbl_correct,photon_neighbor,photon,3,L2_ch224:256,L2,label_Hqql,2.023005485534668,0.5803192853927612,1.1739890977111145
20492,C_Tbl_correct,photon_neighbor,photon,3,L2_ch224:256,L2,label_Tbl,2.023005485534668,0.41311097145080566,0.8357257613795355
20493,C_Tbl_correct,particle0_best_lepton,electron,0,L2_ch224:256,L2,label_Hqql,3.9918107986450195,7.7295074462890625,30.854731292303768
20493,C_Tbl_correct,particle0_best_lepton,electron,0,L2_ch224:256,L2,label_Tbl,3.9918107986450195,6.253128528594971,24.961305985760646
20493,C_Tbl_correct,second_lepton,muon,1,L2_ch224:256,L2,label_Hqql,3.285346031188965,7.7295074462890625,25.394106611711322
20493,C_Tbl_correct,second_lepton,muon,1,L2_ch224:256,L2,label_Tbl,3.285346031188965,6.253128528594971,20.54369099393398
20493,C_Tbl_correct,hardest_hadron,charged_hadron,2,L2_ch224:256,L2,label_Hqql,1.789678692817688,7.7295074462890625,13.833334782599195
20493,C_Tbl_correct,hardest_hadron,charged_hadron,2,L2_ch224:256,L2,label_Tbl,1.789678692817688,6.253128528594971,11.19109089107684
20494,C_Tbl_correct,particle0_best_lepton,muon,0,L2_ch224:256,L2,label_Hqql,8.515539169311523,7.180629253387451,61.146929667525
20494,C_Tbl_correct,particle0_best_lepton,muon,0,L2_ch224:256,L2,label_Tbl,8.515539169311523,4.896418571472168,41.69564413471562
20494,C_Tbl_correct,photon_neighbor,photon,1,L2_ch224:256,L2,label_Hqql,1.288756251335144,7.180629253387451,9.254080838823086
20494,C_Tbl_correct,photon_neighbor,photon,1,L2_ch224:256,L2,label_Tbl,1.288756251335144,4.896418571472168,6.310290043138252
20494,C_Tbl_correct,photon_neighbor,photon,19,L2_ch224:256,L2,label_Hqql,0.666568398475647,7.180629253387451,4.786380541477854
20494,C_Tbl_correct,photon_neighbor,photon,19,L2_ch224:256,L2,label_Tbl,0.666568398475647,4.896418571472168,3.263797885452618
20495,C_Tbl_correct,particle0,neutral_hadron,0,L2_ch224:256,L2,label_Hqql,4.058119297027588,4.735363960266113,19.216671865604894
20495,C_Tbl_correct,particle0,neutral_hadron,0,L2_ch224:256,L2,label_Tbl,4.058119297027588,3.268880844116211,13.265508433191826
20495,C_Tbl_correct,hard_hadron,charged_hadron,1,L2_ch224:256,L2,label_Hqql,2.6389739513397217,4.735363960266113,12.496502141255178
20495,C_Tbl_correct,hard_hadron,charged_hadron,1,L2_ch224:256,L2,label_Tbl,2.6389739513397217,3.268880844116211,8.626491397656082
20495,C_Tbl_correct,nearest_hadron_to_best_lepton,charged_hadron,5,L2_ch224:256,L2,label_Hqql,1.9826570749282837,4.735363960266113,9.388602858182026
20495,C_Tbl_correct,nearest_hadron_to_best_lepton,charged_hadron,5,L2_ch224:256,L2,label_Tbl,1.9826570749282837,3.268880844116211,6.481069732684546
20496,C_Tbl_correct,particle0_best_lepton,electron,0,L2_ch224:256,L2,label_Hqql,7.115523338317871,4.591344356536865,32.66981792319211
20496,C_Tbl_correct,particle0_best_lepton,electron,0,L2_ch224:256,L2,label_Tbl,7.115523338317871,4.076633930206299,29.007383872161427
20496,C_Tbl_correct,hardest_hadron,charged_hadron,1,L2_ch224:256,L2,label_Hqql,1.553145170211792,4.591344356536865,7.1310243121344
20496,C_Tbl_correct,hardest_hadron,charged_hadron,1,L2_ch224:256,L2,label_Tbl,1.553145170211792,4.076633930206299,6.3316042994214285
20496,C_Tbl_correct,hard_hadron,charged_hadron,2,L2_ch224:256,L2,label_Hqql,0.8869572877883911,4.591344356536865,4.072326337776474
20496,C_Tbl_correct,hard_hadron,charged_hadron,2,L2_ch224:256,L2,label_Tbl,0.8869572877883911,4.076633930206299,3.615800174041908
20497,C_Tbl_correct,particle0_best_lepton,muon,0,L2_ch224:256,L2,label_Hqql,8.535673141479492,14.054577827453613,119.965282476629
20497,C_Tbl_correct,particle0_best_lepton,muon,0,L2_ch224:256,L2,label_Tbl,8.535673141479492,10.175161361694336,86.85185154523424
20497,C_Tbl_correct,photon_neighbor,photon,10,L2_ch224:256,L2,label_Hqql,1.9553072452545166,14.054577827453613,27.481017855013533
20497,C_Tbl_correct,photon_neighbor,photon,10,L2_ch224:256,L2,label_Tbl,1.9553072452545166,10.175161361694336,19.895566732154748
20497,C_Tbl_correct,hardest_hadron,charged_hadron,1,L2_ch224:256,L2,label_Hqql,1.1722819805145264,14.054577827453613,16.47592833086287
20497,C_Tbl_correct,hardest_hadron,charged_hadron,1,L2_ch224:256,L2,label_Tbl,1.1722819805145264,10.175161361694336,11.928158313141921
20498,C_Tbl_correct,best_lepton,muon,1,L2_ch224:256,L2,label_Hqql,2.116553783416748,2.494328498840332,5.279380421304722
20498,C_Tbl_correct,best_lepton,muon,1,L2_ch224:256,L2,label_Tbl,2.116553783416748,1.505553960800171,3.186585931869672
20498,C_Tbl_correct,particle0,charged_hadron,0,L2_ch224:256,L2,label_Hqql,1.748640537261963,2.494328498840332,4.361683926319984
20498,C_Tbl_correct,particle0,charged_hadron,0,L2_ch224:256,L2,label_Tbl,1.748640537261963,1.505553960800171,2.632672686890487
20498,C_Tbl_correct,hard_hadron,charged_hadron,2,L2_ch224:256,L2,label_Hqql,1.4828224182128906,2.494328498840332,3.6986462164677505
20498,C_Tbl_correct,hard_hadron,charged_hadron,2,L2_ch224:256,L2,label_Tbl,1.4828224182128906,1.505553960800171,2.232469164903705
20499,C_Tbl_correct,particle0,neutral_hadron,0,L2_ch224:256,L2,label_Hqql,3.819505214691162,5.624998092651367,21.484709547509738
20499,C_Tbl_correct,particle0,neutral_hadron,0,L2_ch224:256,L2,label_Tbl,3.819505214691162,2.4789066314697266,9.468196805631123
20499,C_Tbl_correct,best_lepton,electron,1,L2_ch224:256,L2,label_Hqql,2.1690540313720703,5.624998092651367,12.200924789325654
20499,C_Tbl_correct,best_lepton,electron,1,L2_ch224:256,L2,label_Tbl,2.1690540313720703,2.4789066314697266,5.376882422384369
20499,C_Tbl_correct,hard_hadron,charged_hadron,2,L2_ch224:256,L2,label_Hqql,1.5794765949249268,5.624998092651367,8.88455283384019
20499,C_Tbl_correct,hard_hadron,charged_hadron,2,L2_ch224:256,L2,label_Tbl,1.5794765949249268,2.4789066314697266,3.915375005410624
20500,C_Tbl_correct,particle0_best_lepton,electron,0,L2_ch224:256,L2,label_Hqql,8.477249145507812,5.22871732711792,44.32513949341228
20500,C_Tbl_correct,particle0_best_lepton,electron,0,L2_ch224:256,L2,label_Tbl,8.477249145507812,3.5888893604278564,30.423909264009126
20500,C_Tbl_correct,hardest_hadron,charged_hadron,1,L2_ch224:256,L2,label_Hqql,1.5626980066299438,5.22871732711792,8.170906144318622
20500,C_Tbl_correct,hardest_hadron,charged_hadron,1,L2_ch224:256,L2,label_Tbl,1.5626980066299438,3.5888893604278564,5.608350249556025
20500,C_Tbl_correct,hard_hadron,charged_hadron,6,L2_ch224:256,L2,label_Hqql,0.8527185320854187,5.22871732711792,4.458624163869587
20500,C_Tbl_correct,hard_hadron,charged_hadron,6,L2_ch224:256,L2,label_Tbl,0.8527185320854187,3.5888893604278564,3.060312467241019
20501,C_Tbl_correct,particle0_best_lepton,electron,0,L2_ch224:256,L2,label_Hqql,3.585249900817871,6.77873420715332,24.30345614386715
20501,C_Tbl_correct,particle0_best_lepton,electron,0,L2_ch224:256,L2,label_Tbl,3.585249900817871,4.669318675994873,16.74067431999765
20501,C_Tbl_correct,hardest_hadron,charged_hadron,1,L2_ch224:256,L2,label_Hqql,1.5446237325668335,6.77873420715332,10.470593733131636
20501,C_Tbl_correct,hardest_hadron,charged_hadron,1,L2_ch224:256,L2,label_Tbl,1.5446237325668335,4.669318675994873,7.212340441859226
20501,C_Tbl_correct,hadron_neighbor,charged_hadron,15,L2_ch224:256,L2,label_Hqql,1.491758942604065,6.77873420715332,10.112237373057042
20501,C_Tbl_correct,hadron_neighbor,charged_hadron,15,L2_ch224:256,L2,label_Tbl,1.491758942604065,4.669318675994873,6.965497890783524
20502,C_Tbl_correct,particle0_best_lepton,muon,0,L2_ch224:256,L2,label_Hqql,6.501108646392822,7.7871479988098145,50.62509518580305
20502,C_Tbl_correct,particle0_best_lepton,muon,0,L2_ch224:256,L2,label_Tbl,6.501108646392822,6.072242736816406,39.47630975931315
20502,C_Tbl_correct,hardest_hadron,neutral_hadron,1,L2_ch224:256,L2,label_Hqql,1.5016613006591797,7.7871479988098145,11.693658792318274
20502,C_Tbl_correct,hardest_hadron,neutral_hadron,1,L2_ch224:256,L2,label_Tbl,1.5016613006591797,6.072242736816406,9.118451926085982
20502,C_Tbl_correct,hard_hadron,charged_hadron,8,L2_ch224:256,L2,label_Hqql,1.2386068105697632,7.7871479988098145,9.645214546240538
20502,C_Tbl_correct,hard_hadron,charged_hadron,8,L2_ch224:256,L2,label_Tbl,1.2386068105697632,6.072242736816406,7.521121209253579
20503,C_Tbl_correct,particle0,neutral_hadron,0,L2_ch224:256,L2,label_Hqql,3.350980758666992,11.23316764831543,37.64212864838555
20503,C_Tbl_correct,particle0,neutral_hadron,0,L2_ch224:256,L2,label_Tbl,3.350980758666992,5.752259254455566,19.27571008054474
20503,C_Tbl_correct,hard_hadron,charged_hadron,1,L2_ch224:256,L2,label_Hqql,1.7025701999664307,11.23316764831543,19.12525648924884
20503,C_Tbl_correct,hard_hadron,charged_hadron,1,L2_ch224:256,L2,label_Tbl,1.7025701999664307,5.752259254455566,9.793625189117165
20503,C_Tbl_correct,best_lepton,electron,4,L2_ch224:256,L2,label_Hqql,1.654802680015564,11.23316764831543,18.588675929496503
20503,C_Tbl_correct,best_lepton,electron,4,L2_ch224:256,L2,label_Tbl,1.654802680015564,5.752259254455566,9.518854030417401
20504,C_Tbl_correct,particle0,neutral_hadron,0,L2_ch224:256,L2,label_Hqql,3.461620330810547,2.313373565673828,8.008020967696211
20504,C_Tbl_correct,particle0,neutral_hadron,0,L2_ch224:256,L2,label_Tbl,3.461620330810547,0.6329236030578613,2.190941212194957
20504,C_Tbl_correct,best_lepton,electron,1,L2_ch224:256,L2,label_Hqql,2.1774702072143555,2.313373565673828,5.037302017412003
20504,C_Tbl_correct,best_lepton,electron,1,L2_ch224:256,L2,label_Tbl,2.1774702072143555,0.6329236030578613,1.3781722891012578
20504,C_Tbl_correct,hard_hadron,charged_hadron,2,L2_ch224:256,L2,label_Hqql,1.6388013362884521,2.313373565673828,3.791159690760651
20504,C_Tbl_correct,hard_hadron,charged_hadron,2,L2_ch224:256,L2,label_Tbl,1.6388013362884521,0.6329236030578613,1.037236046459725
20505,C_Tbl_correct,particle0_best_lepton,muon,0,L2_ch224:256,L2,label_Hqql,3.657212734222412,5.527389049530029,20.214837618942738
20505,C_Tbl_correct,particle0_best_lepton,muon,0,L2_ch224:256,L2,label_Tbl,3.657212734222412,1.7809081077575684,6.513159810170919
20505,C_Tbl_correct,hardest_hadron,charged_hadron,1,L2_ch224:256,L2,label_Hqql,2.210510015487671,5.527389049530029,12.218348853483008
20505,C_Tbl_correct,hardest_hadron,charged_hadron,1,L2_ch224:256,L2,label_Tbl,2.210510015487671,1.7809081077575684,3.936715208861301
20505,C_Tbl_correct,hard_hadron,charged_hadron,3,L2_ch224:256,L2,label_Hqql,1.067293405532837,5.527389049530029,5.8993458823778155
20505,C_Tbl_correct,hard_hadron,charged_hadron,3,L2_ch224:256,L2,label_Tbl,1.067293405532837,1.7809081077575684,1.9007514792696156
20506,C_Tbl_correct,particle0_best_lepton,muon,0,L2_ch224:256,L2,label_Hqql,3.100982427597046,3.616163730621338,11.213660183970546
20506,C_Tbl_correct,particle0_best_lepton,muon,0,L2_ch224:256,L2,label_Tbl,3.100982427597046,3.2694506645202637,10.138509058572822
20506,C_Tbl_correct,hardest_hadron,charged_hadron,1,L2_ch224:256,L2,label_Hqql,2.1067142486572266,3.616163730621338,7.618223656777445
20506,C_Tbl_correct,hardest_hadron,charged_hadron,1,L2_ch224:256,L2,label_Tbl,2.1067142486572266,3.2694506645202637,6.887798300226677
20506,C_Tbl_correct,hard_hadron,charged_hadron,2,L2_ch224:256,L2,label_Hqql,1.5722675323486328,3.616163730621338,5.685576825312637
20506,C_Tbl_correct,hard_hadron,charged_hadron,2,L2_ch224:256,L2,label_Tbl,1.5722675323486328,3.2694506645202637,5.140451128440873
20507,C_Tbl_correct,particle0_best_lepton,muon,0,L2_ch224:256,L2,label_Hqql,2.876816987991333,6.732322692871094,19.36766029149112
20507,C_Tbl_correct,particle0_best_lepton,muon,0,L2_ch224:256,L2,label_Tbl,2.876816987991333,4.034097194671631,11.605359340839527
20507,C_Tbl_correct,second_lepton,electron,1,L2_ch224:256,L2,label_Hqql,2.1108295917510986,6.732322692871094,14.210785961329748
20507,C_Tbl_correct,second_lepton,electron,1,L2_ch224:256,L2,label_Tbl,2.1108295917510986,4.034097194671631,8.51529173451297
20507,C_Tbl_correct,hardest_hadron,charged_hadron,2,L2_ch224:256,L2,label_Hqql,1.8277158737182617,6.732322692871094,12.304773052754172
20507,C_Tbl_correct,hardest_hadron,charged_hadron,2,L2_ch224:256,L2,label_Tbl,1.8277158737182617,4.034097194671631,7.373183478823648
20508,C_Tbl_correct,particle0_best_lepton,muon,0,L2_ch224:256,L2,label_Hqql,2.6336300373077393,8.35981559753418,22.016661464019762
20508,C_Tbl_correct,particle0_best_lepton,muon,0,L2_ch224:256,L2,label_Tbl,2.6336300373077393,4.327401161193848,11.396773681600507
20508,C_Tbl_correct,hardest_hadron,charged_hadron,2,L2_ch224:256,L2,label_Hqql,2.000199556350708,8.35981559753418,16.721299449361595
20508,C_Tbl_correct,hardest_hadron,charged_hadron,2,L2_ch224:256,L2,label_Tbl,2.000199556350708,4.327401161193848,8.655665882771473
20508,C_Tbl_correct,photon_neighbor,photon,1,L2_ch224:256,L2,label_Hqql,1.6122443675994873,8.35981559753418,13.478065611294824
20508,C_Tbl_correct,photon_neighbor,photon,1,L2_ch224:256,L2,label_Tbl,1.6122443675994873,4.327401161193848,6.976828148478262
20509,C_Tbl_correct,best_lepton,muon,1,L2_ch224:256,L2,label_Hqql,3.6856327056884766,15.279809951782227,56.31576729499284
20509,C_Tbl_correct,best_lepton,muon,1,L2_ch224:256,L2,label_Tbl,3.6856327056884766,8.169891357421875,30.111218788835686
20509,C_Tbl_correct,particle0,charged_hadron,0,L2_ch224:256,L2,label_Hqql,2.5157833099365234,15.279809951782227,38.44069085569572
20509,C_Tbl_correct,particle0,charged_hadron,0,L2_ch224:256,L2,label_Tbl,2.5157833099365234,8.169891357421875,20.5536763209966
20509,C_Tbl_correct,second_lepton,electron,4,L2_ch224:256,L2,label_Hqql,0.9525730013847351,15.279809951782227,14.55513442635754
20509,C_Tbl_correct,second_lepton,electron,4,L2_ch224:256,L2,label_Tbl,0.9525730013847351,8.169891357421875,7.782417931326563
20510,C_Tbl_correct,particle0_best_lepton,muon,0,L2_ch224:256,L2,label_Hqql,3.832871675491333,3.650568962097168,13.992162374250029
20510,C_Tbl_correct,particle0_best_lepton,muon,0,L2_ch224:256,L2,label_Tbl,3.832871675491333,1.8727705478668213,7.178089187613125
20510,C_Tbl_correct,hardest_hadron,charged_hadron,1,L2_ch224:256,L2,label_Hqql,1.4163188934326172,3.650568962097168,5.170369792796919
20510,C_Tbl_correct,hardest_hadron,charged_hadron,1,L2_ch224:256,L2,label_Tbl,1.4163188934326172,1.8727705478668213,2.6524403100079326
20510,C_Tbl_correct,photon_neighbor,photon,2,L2_ch224:256,L2,label_Hqql,1.330270767211914,3.650568962097168,4.8562451739690005
20510,C_Tbl_correct,photon_neighbor,photon,2,L2_ch224:256,L2,label_Tbl,1.330270767211914,1.8727705478668213,2.491291913522673
20511,C_Tbl_correct,particle0_best_lepton,muon,0,L2_ch224:256,L2,label_Hqql,3.4807088375091553,1.045124888420105,3.6377754354246292
20511,C_Tbl_correct,particle0_best_lepton,muon,0,L2_ch224:256,L2,label_Tbl,3.4807088375091553,0.3984682559967041,1.3869519801145884
20511,C_Tbl_correct,hard_hadron,charged_hadron,2,L2_ch224:256,L2,label_Hqql,1.8725610971450806,1.045124888420105,1.9570602077135817
20511,C_Tbl_correct,hard_hadron,charged_hadron,2,L2_ch224:256,L2,label_Tbl,1.8725610971450806,0.3984682559967041,0.7461561546266751
20511,C_Tbl_correct,hard_hadron,charged_hadron,10,L2_ch224:256,L2,label_Hqql,1.006941556930542,1.045124888420105,1.0523796823325995
20511,C_Tbl_correct,hard_hadron,charged_hadron,10,L2_ch224:256,L2,label_Tbl,1.006941556930542,0.3984682559967041,0.401234246080719
20512,C_Tbl_correct,best_lepton,muon,1,L2_ch224:256,L2,label_Hqql,3.1889593601226807,4.549533367156982,14.508277015385715
20512,C_Tbl_correct,best_lepton,muon,1,L2_ch224:256,L2,label_Tbl,3.1889593601226807,1.712573766708374,5.461328143245225
20512,C_Tbl_correct,particle0,photon,0,L2_ch224:256,L2,label_Hqql,2.5676279067993164,4.549533367156982,11.681508836426929
20512,C_Tbl_correct,particle0,photon,0,L2_ch224:256,L2,label_Tbl,2.5676279067993164,1.712573766708374,4.397252195852843
20512,C_Tbl_correct,hardest_hadron,charged_hadron,2,L2_ch224:256,L2,label_Hqql,1.0396844148635864,4.549533367156982,4.730078936734969
20512,C_Tbl_correct,hardest_hadron,charged_hadron,2,L2_ch224:256,L2,label_Tbl,1.0396844148635864,1.712573766708374,1.780536254550924
20513,C_Tbl_correct,particle0_best_lepton,electron,0,L2_ch224:256,L2,label_Hqql,8.000772476196289,11.381815910339355,91.06331946457613
20513,C_Tbl_correct,particle0_best_lepton,electron,0,L2_ch224:256,L2,label_Tbl,8.000772476196289,7.158985137939453,57.27741124912427
20513,C_Tbl_correct,hard_hadron,charged_hadron,3,L2_ch224:256,L2,label_Hqql,0.7084267735481262,11.381815910339355,8.063183122480439
20513,C_Tbl_correct,hard_hadron,charged_hadron,3,L2_ch224:256,L2,label_Tbl,0.7084267735481262,7.158985137939453,5.071616743149434
20513,C_Tbl_correct,hardest_hadron,charged_hadron,1,L2_ch224:256,L2,label_Hqql,0.6053425073623657,11.381815910339355,6.889896981501693
20513,C_Tbl_correct,hardest_hadron,charged_hadron,1,L2_ch224:256,L2,label_Tbl,0.6053425073623657,7.158985137939453,4.33363801357018
20514,C_Tbl_correct,hardest_hadron,charged_hadron,1,L2_ch224:256,L2,label_Hqql,1.9922564029693604,5.414770603179932,10.787611404795484
20514,C_Tbl_correct,hardest_hadron,charged_hadron,1,L2_ch224:256,L2,label_Tbl,1.9922564029693604,3.3246984481811523,6.623651771331197
20514,C_Tbl_correct,particle0_best_lepton,muon,0,L2_ch224:256,L2,label_Hqql,1.8929826021194458,5.414770603179932,10.250066546287428
20514,C_Tbl_correct,particle0_best_lepton,muon,0,L2_ch224:256,L2,label_Tbl,1.8929826021194458,3.3246984481811523,6.293596319700441
20514,C_Tbl_correct,hard_hadron,charged_hadron,2,L2_ch224:256,L2,label_Hqql,1.8113144636154175,5.414770603179932,9.807852310699388
20514,C_Tbl_correct,hard_hadron,charged_hadron,2,L2_ch224:256,L2,label_Tbl,1.8113144636154175,3.3246984481811523,6.022074386350255
20515,C_Tbl_correct,particle0_best_lepton,muon,0,L2_ch224:256,L2,label_Hqql,9.424720764160156,10.616934776306152,100.06164563798666
20515,C_Tbl_correct,particle0_best_lepton,muon,0,L2_ch224:256,L2,label_Tbl,9.424720764160156,8.016853332519531,75.55660406622337
20515,C_Tbl_correct,hadron_neighbor,charged_hadron,7,L2_ch224:256,L2,label_Hqql,0.526342511177063,10.616934776306152,5.58814411116407
20515,C_Tbl_correct,hadron_neighbor,charged_hadron,7,L2_ch224:256,L2,label_Tbl,0.526342511177063,8.016853332519531,4.219610714776536
20515,C_Tbl_correct,hard_hadron,charged_hadron,4,L2_ch224:256,L2,label_Hqql,0.32063567638397217,10.616934776306152,3.4041680631254394
20515,C_Tbl_correct,hard_hadron,charged_hadron,4,L2_ch224:256,L2,label_Tbl,0.32063567638397217,8.016853332519531,2.5704891907435012
20516,C_Tbl_correct,particle0_best_lepton,electron,0,L2_ch224:256,L2,label_Hqql,5.9774675369262695,13.854049682617188,82.81213223280793
20516,C_Tbl_correct,particle0_best_lepton,electron,0,L2_ch224:256,L2,label_Tbl,5.9774675369262695,7.994015693664551,47.783969298558986
20516,C_Tbl_correct,hardest_hadron,charged_hadron,1,L2_ch224:256,L2,label_Hqql,1.2940213680267334,13.854049682617188,17.927436323010625
20516,C_Tbl_correct,hardest_hadron,charged_hadron,1,L2_ch224:256,L2,label_Tbl,1.2940213680267334,7.994015693664551,10.344427123942978
20516,C_Tbl_correct,hard_hadron,charged_hadron,2,L2_ch224:256,L2,label_Hqql,0.9073920249938965,13.854049682617188,12.571054195876059
20516,C_Tbl_correct,hard_hadron,charged_hadron,2,L2_ch224:256,L2,label_Tbl,0.9073920249938965,7.994015693664551,7.253706088107265
20517,C_Tbl_correct,particle0,neutral_hadron,0,L2_ch224:256,L2,label_Hqql,3.560209274291992,8.512826919555664,30.307445349444606
20517,C_Tbl_correct,particle0,neutral_hadron,0,L2_ch224:256,L2,label_Tbl,3.560209274291992,4.604567527770996,16.39322401647405
20517,C_Tbl_correct,best_lepton,muon,2,L2_ch224:256,L2,label_Hqql,1.8807284832000732,8.512826919555664,16.010316060160676
20517,C_Tbl_correct,best_lepton,muon,2,L2_ch224:256,L2,label_Tbl,1.8807284832000732,4.604567527770996,8.659941302297057
20517,C_Tbl_correct,photon_neighbor,photon,1,L2_ch224:256,L2,label_Hqql,1.806764841079712,8.512826919555664,15.380676376450083
20517,C_Tbl_correct,photon_neighbor,photon,1,L2_ch224:256,L2,label_Tbl,1.806764841079712,4.604567527770996,8.319370717553966
20518,C_Tbl_correct,best_lepton,muon,1,L2_ch224:256,L2,label_Hqql,2.780038833618164,7.73362922668457,21.499789574987517
20518,C_Tbl_correct,best_lepton,muon,1,L2_ch224:256,L2,label_Tbl,2.780038833618164,5.911642074584961,16.43459453779724
20518,C_Tbl_correct,particle0,photon,0,L2_ch224:256,L2,label_Hqql,2.585977077484131,7.73362922668457,19.998987905967624
20518,C_Tbl_correct,particle0,photon,0,L2_ch224:256,L2,label_Tbl,2.585977077484131,5.911642074584961,15.287370895167442
20518,C_Tbl_correct,second_lepton,electron,2,L2_ch224:256,L2,label_Hqql,2.350550889968872,7.73362922668457,18.178289061472697
20518,C_Tbl_correct,second_lepton,electron,2,L2_ch224:256,L2,label_Tbl,2.350550889968872,5.911642074584961,13.89561553959311
20519,C_Tbl_correct,particle0_best_lepton,muon,0,L2_ch224:256,L2,label_Hqql,4.899231910705566,7.131767749786377,34.94018413949425
20519,C_Tbl_correct,particle0_best_lepton,muon,0,L2_ch224:256,L2,label_Tbl,4.899231910705566,3.456747055053711,16.935405479356632
20519,C_Tbl_correct,photon_neighbor,photon,1,L2_ch224:256,L2,label_Hqql,1.2499690055847168,7.131767749786377,8.914488642261631
20519,C_Tbl_correct,photon_neighbor,photon,1,L2_ch224:256,L2,label_Tbl,1.2499690055847168,3.456747055053711,4.320826678963385
20519,C_Tbl_correct,hardest_hadron,charged_hadron,2,L2_ch224:256,L2,label_Hqql,0.9124277830123901,7.131767749786377,6.507223036896846
20519,C_Tbl_correct,hardest_hadron,charged_hadron,2,L2_ch224:256,L2,label_Tbl,0.9124277830123901,3.456747055053711,3.154032051877266
20520,C_Tbl_correct,particle0_best_lepton,muon,0,L2_ch224:256,L2,label_Hqql,2.668255567550659,5.732043743133545,15.294557631060002
20520,C_Tbl_correct,particle0_best_lepton,muon,0,L2_ch224:256,L2,label_Tbl,2.668255567550659,3.9330296516418457,10.494328265335184
20520,C_Tbl_correct,hardest_hadron,charged_hadron,1,L2_ch224:256,L2,label_Hqql,2.156283140182495,5.732043743133545,12.359909282107424
20520,C_Tbl_correct,hardest_hadron,charged_hadron,1,L2_ch224:256,L2,label_Tbl,2.156283140182495,3.9330296516418457,8.480725527673144
20520,C_Tbl_correct,photon_neighbor,photon,2,L2_ch224:256,L2,label_Hqql,1.6683597564697266,5.732043743133545,9.5631111033681
20520,C_Tbl_correct,photon_neighbor,photon,2,L2_ch224:256,L2,label_Tbl,1.6683597564697266,3.9330296516418457,6.561708391801403
20521,C_Tbl_correct,best_lepton,muon,1,L2_ch224:256,L2,label_Hqql,2.8089759349823,6.516113758087158,18.303606736073903
20521,C_Tbl_correct,best_lepton,muon,1,L2_ch224:256,L2,label_Tbl,2.8089759349823,3.2509841918945312,9.131936360039617
20521,C_Tbl_correct,particle0,photon,0,L2_ch224:256,L2,label_Hqql,2.201791524887085,6.516113758087158,14.347124047756438
20521,C_Tbl_correct,particle0,photon,0,L2_ch224:256,L2,label_Tbl,2.201791524887085,3.2509841918945312,7.157989441255268
20521,C_Tbl_correct,hard_hadron,neutral_hadron,3,L2_ch224:256,L2,label_Hqql,1.3434523344039917,6.516113758087158,8.75408823954416
20521,C_Tbl_correct,hard_hadron,neutral_hadron,3,L2_ch224:256,L2,label_Tbl,1.3434523344039917,3.2509841918945312,4.3675423017111825
20522,C_Tbl_correct,particle0_best_lepton,muon,0,L2_ch224:256,L2,label_Hqql,4.531216621398926,13.263151168823242,60.098211028298465
20522,C_Tbl_correct,particle0_best_lepton,muon,0,L2_ch224:256,L2,label_Tbl,4.531216621398926,7.8043365478515625,35.36313948461611
20522,C_Tbl_correct,hardest_hadron,charged_hadron,1,L2_ch224:256,L2,label_Hqql,2.166996717453003,13.263151168823242,28.741205045922925
20522,C_Tbl_correct,hardest_hadron,charged_hadron,1,L2_ch224:256,L2,label_Tbl,2.166996717453003,7.8043365478515625,16.911971681092837
20522,C_Tbl_correct,photon_neighbor,photon,2,L2_ch224:256,L2,label_Hqql,0.9744088053703308,13.263151168823242,12.923731285859162
20522,C_Tbl_correct,photon_neighbor,photon,2,L2_ch224:256,L2,label_Tbl,0.9744088053703308,7.8043365478515625,7.604614252300053
20523,C_Tbl_correct,best_lepton,electron,1,L2_ch224:256,L2,label_Hqql,2.4792745113372803,16.29486083984375,40.3994331460126
20523,C_Tbl_correct,best_lepton,electron,1,L2_ch224:256,L2,label_Tbl,2.4792745113372803,9.422001838684082,23.359729004422434
20523,C_Tbl_correct,particle0,photon,0,L2_ch224:256,L2,label_Hqql,1.8768126964569092,16.29486083984375,30.582401711217244
20523,C_Tbl_correct,particle0,photon,0,L2_ch224:256,L2,label_Tbl,1.8768126964569092,9.422001838684082,17.683332676882628
20523,C_Tbl_correct,second_lepton,electron,3,L2_ch224:256,L2,label_Hqql,1.7153935432434082,16.29486083984375,27.95209907271783
20523,C_Tbl_correct,second_lepton,electron,3,L2_ch224:256,L2,label_Tbl,1.7153935432434082,9.422001838684082,16.162441118506194
20524,C_Tbl_correct,particle0_best_lepton,electron,0,L2_ch224:256,L2,label_Hqql,6.94290018081665,13.836623191833496,96.06629366047264
20524,C_Tbl_correct,particle0_best_lepton,electron,0,L2_ch224:256,L2,label_Tbl,6.94290018081665,7.549102306365967,52.41266376787166
20524,C_Tbl_correct,photon_neighbor,photon,1,L2_ch224:256,L2,label_Hqql,0.7207871675491333,13.836623191833496,9.973260438886314
20524,C_Tbl_correct,photon_neighbor,photon,1,L2_ch224:256,L2,label_Tbl,0.7207871675491333,7.549102306365967,5.441296068944155
20524,C_Tbl_correct,hadron_neighbor,neutral_hadron,10,L2_ch224:256,L2,label_Hqql,0.6287086009979248,13.836623191833496,8.699204009473078
20524,C_Tbl_correct,hadron_neighbor,neutral_hadron,10,L2_ch224:256,L2,label_Tbl,0.6287086009979248,7.549102306365967,4.7461855498255545
20525,C_Tbl_correct,particle0_best_lepton,muon,0,L2_ch224:256,L2,label_Hqql,4.245756149291992,4.352783203125,18.480856051202863
20525,C_Tbl_correct,particle0_best_lepton,muon,0,L2_ch224:256,L2,label_Tbl,4.245756149291992,2.9366703033447266,12.468385998869053
20525,C_Tbl_correct,photon_neighbor,photon,1,L2_ch224:256,L2,label_Hqql,2.1091504096984863,4.352783203125,9.180674476199783
20525,C_Tbl_correct,photon_neighbor,photon,1,L2_ch224:256,L2,label_Tbl,2.1091504096984863,2.9366703033447266,6.193879373448908
20525,C_Tbl_correct,hard_hadron,charged_hadron,3,L2_ch224:256,L2,label_Hqql,0.9342867732048035,4.352783203125,4.066747773307725
20525,C_Tbl_correct,hard_hadron,charged_hadron,3,L2_ch224:256,L2,label_Tbl,0.9342867732048035,2.9366703033447266,2.743692221678316
20526,C_Tbl_correct,particle0_best_lepton,electron,0,L2_ch224:256,L2,label_Hqql,5.281524181365967,6.659145355224609,35.170437220849635
20526,C_Tbl_correct,particle0_best_lepton,electron,0,L2_ch224:256,L2,label_Tbl,5.281524181365967,5.368800163269043,28.355447887227
20526,C_Tbl_correct,photon_neighbor,photon,20,L2_ch224:256,L2,label_Hqql,1.0851774215698242,6.659145355224609,7.226354186441313
20526,C_Tbl_correct,photon_neighbor,photon,20,L2_ch224:256,L2,label_Tbl,1.0851774215698242,5.368800163269043,5.826100718099951
20526,C_Tbl_correct,hardest_hadron,neutral_hadron,1,L2_ch224:256,L2,label_Hqql,0.5792795419692993,6.659145355224609,3.8575066712814987
20526,C_Tbl_correct,hardest_hadron,neutral_hadron,1,L2_ch224:256,L2,label_Tbl,0.5792795419692993,5.368800163269043,3.1100360995031906
20527,C_Tbl_correct,particle0_best_lepton,electron,0,L2_ch224:256,L2,label_Hqql,6.497291088104248,3.954587459564209,25.694105858155353
20527,C_Tbl_correct,particle0_best_lepton,electron,0,L2_ch224:256,L2,label_Tbl,6.497291088104248,2.4564781188964844,15.960453390029215
20527,C_Tbl_correct,hard_hadron,charged_hadron,3,L2_ch224:256,L2,label_Hqql,1.9822667837142944,3.954587459564209,7.839047364387227
20527,C_Tbl_correct,hard_hadron,charged_hadron,3,L2_ch224:256,L2,label_Tbl,1.9822667837142944,2.4564781188964844,4.869394980009474
20527,C_Tbl_correct,hardest_hadron,charged_hadron,1,L2_ch224:256,L2,label_Hqql,1.5828278064727783,3.954587459564209,6.259430994126774
20527,C_Tbl_correct,hardest_hadron,charged_hadron,1,L2_ch224:256,L2,label_Tbl,1.5828278064727783,2.4564781188964844,3.888181872581299
20528,C_Tbl_correct,particle0_best_lepton,muon,0,L2_ch224:256,L2,label_Hqql,6.112943649291992,6.212333679199219,37.97564571154362
20528,C_Tbl_correct,particle0_best_lepton,muon,0,L2_ch224:256,L2,label_Tbl,6.112943649291992,4.459403038024902,27.260079480927743
20528,C_Tbl_correct,photon_neighbor,photon,1,L2_ch224:256,L2,label_Hqql,2.3844313621520996,6.212333679199219,14.812883256836358
20528,C_Tbl_correct,photon_neighbor,photon,1,L2_ch224:256,L2,label_Tbl,2.3844313621520996,4.459403038024902,10.63314046034293
20528,C_Tbl_correct,hard_hadron,charged_hadron,4,L2_ch224:256,L2,label_Hqql,0.6732351779937744,6.212333679199219,4.1823615702724055
20528,C_Tbl_correct,hard_hadron,charged_hadron,4,L2_ch224:256,L2,label_Tbl,0.6732351779937744,4.459403038024902,3.0022269980506735
20529,C_Tbl_correct,particle0_best_lepton,electron,0,L2_ch224:256,L2,label_Hqql,9.050577163696289,3.392472267150879,30.70383202954872
20529,C_Tbl_correct,particle0_best_lepton,electron,0,L2_ch224:256,L2,label_Tbl,9.050577163696289,1.2764277458190918,11.552407807418604
20529,C_Tbl_correct,hardest_hadron,charged_hadron,2,L2_ch224:256,L2,label_Hqql,2.182908296585083,3.392472267150879,7.40545585789846
20529,C_Tbl_correct,hardest_hadron,charged_hadron,2,L2_ch224:256,L2,label_Tbl,2.182908296585083,1.2764277458190918,2.786324716339891
20529,C_Tbl_correct,photon_neighbor,photon,1,L2_ch224:256,L2,label_Hqql,1.441740870475769,3.392472267150879,4.891065919507014
20529,C_Tbl_correct,photon_neighbor,photon,1,L2_ch224:256,L2,label_Tbl,1.441740870475769,1.2764277458190918,1.840278049356641
20530,C_Tbl_correct,particle0_best_lepton,electron,0,L2_ch224:256,L2,label_Hqql,4.4366278648376465,2.648176431655884,11.748973347690821
20530,C_Tbl_correct,particle0_best_lepton,electron,0,L2_ch224:256,L2,label_Tbl,4.4366278648376465,1.825688362121582,8.099899859898414
20530,C_Tbl_correct,photon_neighbor,photon,3,L2_ch224:256,L2,label_Hqql,1.2043774127960205,2.648176431655884,3.189403879385111
20530,C_Tbl_correct,photon_neighbor,photon,3,L2_ch224:256,L2,label_Tbl,1.2043774127960205,1.825688362121582,2.198817826143795
20530,C_Tbl_correct,hard_hadron,charged_hadron,4,L2_ch224:256,L2,label_Hqql,0.5752355456352234,2.648176431655884,1.5233252146019112
20530,C_Tbl_correct,hard_hadron,charged_hadron,4,L2_ch224:256,L2,label_Tbl,0.5752355456352234,1.825688362121582,1.0502008411448855
20531,C_Tbl_correct,particle0_best_lepton,electron,0,L2_ch224:256,L2,label_Hqql,3.9880003929138184,8.97744369506836,35.8020489832943
20531,C_Tbl_correct,particle0_best_lepton,electron,0,L2_ch224:256,L2,label_Tbl,3.9880003929138184,3.469644546508789,13.836943814748338
20531,C_Tbl_correct,hardest_hadron,charged_hadron,1,L2_ch224:256,L2,label_Hqql,1.4442310333251953,8.97744369506836,12.965502784347336
20531,C_Tbl_correct,hardest_hadron,charged_hadron,1,L2_ch224:256,L2,label_Tbl,1.4442310333251953,3.469644546508789,5.010968328675517
20531,C_Tbl_correct,hard_hadron,charged_hadron,2,L2_ch224:256,L2,label_Hqql,1.2032815217971802,8.97744369506836,10.802392111250356
20531,C_Tbl_correct,hard_hadron,charged_hadron,2,L2_ch224:256,L2,label_Tbl,1.2032815217971802,3.469644546508789,4.174959170018383
20532,C_Tbl_correct,particle0_best_lepton,electron,0,L2_ch224:256,L2,label_Hqql,5.306128025054932,3.979048252105713,21.113339443543964
20532,C_Tbl_correct,particle0_best_lepton,electron,0,L2_ch224:256,L2,label_Tbl,5.306128025054932,3.6581063270568848,19.410380500627298
20532,C_Tbl_correct,hardest_hadron,charged_hadron,1,L2_ch224:256,L2,label_Hqql,0.6528070569038391,3.979048252105713,2.5975507787354957
20532,C_Tbl_correct,hardest_hadron,charged_hadron,1,L2_ch224:256,L2,label_Tbl,0.6528070569038391,3.6581063270568848,2.3880376252073177
20532,C_Tbl_correct,hadron_neighbor,charged_hadron,12,L2_ch224:256,L2,label_Hqql,0.5932798385620117,3.979048252105713,2.3606891046397322
20532,C_Tbl_correct,hadron_neighbor,charged_hadron,12,L2_ch224:256,L2,label_Tbl,0.5932798385620117,3.6581063270568848,2.1702807311589822
20533,C_Tbl_correct,particle0_best_lepton,electron,0,L2_ch224:256,L2,label_Hqql,2.7583999633789062,4.475665092468262,12.345674427160702
20533,C_Tbl_correct,particle0_best_lepton,electron,0,L2_ch224:256,L2,label_Tbl,2.7583999633789062,2.971499443054199,8.196583954901143
20533,C_Tbl_correct,second_lepton,electron,2,L2_ch224:256,L2,label_Hqql,1.2407920360565186,4.475665092468262,5.553369602790781
20533,C_Tbl_correct,second_lepton,electron,2,L2_ch224:256,L2,label_Tbl,1.2407920360565186,2.971499443054199,3.6870128440880308
20533,C_Tbl_correct,hardest_hadron,neutral_hadron,1,L2_ch224:256,L2,label_Hqql,1.1513087749481201,4.475665092468262,5.152872494687699
20533,C_Tbl_correct,hardest_hadron,neutral_hadron,1,L2_ch224:256,L2,label_Tbl,1.1513087749481201,2.971499443054199,3.4211133835417513
20534,C_Tbl_correct,particle0_best_lepton,muon,0,L2_ch224:256,L2,label_Hqql,3.6999521255493164,4.819698333740234,17.83265309442868
20534,C_Tbl_correct,particle0_best_lepton,muon,0,L2_ch224:256,L2,label_Tbl,3.6999521255493164,0.8134362697601318,3.009675255297907
20534,C_Tbl_correct,hardest_hadron,charged_hadron,1,L2_ch224:256,L2,label_Hqql,1.3205814361572266,4.819698333740234,6.364804147415271
20534,C_Tbl_correct,hardest_hadron,charged_hadron,1,L2_ch224:256,L2,label_Tbl,1.3205814361572266,0.8134362697601318,1.074208837342212
20534,C_Tbl_correct,hard_hadron,charged_hadron,4,L2_ch224:256,L2,label_Hqql,0.7419466376304626,4.819698333740234,3.5759589731117103
20534,C_Tbl_correct,hard_hadron,charged_hadron,4,L2_ch224:256,L2,label_Tbl,0.7419466376304626,0.8134362697601318,0.6035263052751958
20535,C_Tbl_correct,particle0_best_lepton,muon,0,L2_ch224:256,L2,label_Hqql,5.1959099769592285,9.534125328063965,49.53845691366723
20535,C_Tbl_correct,particle0_best_lepton,muon,0,L2_ch224:256,L2,label_Tbl,5.1959099769592285,4.463397979736328,23.19141409405165
20535,C_Tbl_correct,second_lepton,electron,1,L2_ch224:256,L2,label_Hqql,3.056903123855591,9.534125328063965,29.144897498589444
20535,C_Tbl_correct,second_lepton,electron,1,L2_ch224:256,L2,label_Tbl,3.056903123855591,4.463397979736328,13.644175227266715
20535,C_Tbl_correct,hadron_neighbor,charged_hadron,14,L2_ch224:256,L2,label_Hqql,0.6271719336509705,9.534125328063965,5.97953581767257
20535,C_Tbl_correct,hadron_neighbor,charged_hadron,14,L2_ch224:256,L2,label_Tbl,0.6271719336509705,4.463397979736328,2.799317941605068
20536,C_Tbl_correct,particle0_best_lepton,electron,0,L2_ch224:256,L2,label_Hqql,3.774106025695801,9.839424133300781,37.13502991086716
20536,C_Tbl_correct,particle0_best_lepton,electron,0,L2_ch224:256,L2,label_Tbl,3.774106025695801,6.868669509887695,25.923086985780174
20536,C_Tbl_correct,hard_hadron,neutral_hadron,2,L2_ch224:256,L2,label_Hqql,1.6840109825134277,9.839424133300781,16.56969830208618
20536,C_Tbl_correct,hard_hadron,neutral_hadron,2,L2_ch224:256,L2,label_Tbl,1.6840109825134277,6.868669509887695,11.566914889906002
20536,C_Tbl_correct,hardest_hadron,charged_hadron,1,L2_ch224:256,L2,label_Hqql,1.0683109760284424,9.839424133300781,10.511564799404368
20536,C_Tbl_correct,hardest_hadron,charged_hadron,1,L2_ch224:256,L2,label_Tbl,1.0683109760284424,6.868669509887695,7.337875028124927
20537,C_Tbl_correct,particle0_best_lepton,muon,0,L2_ch224:256,L2,label_Hqql,3.8499443531036377,9.903091430664062,38.12635093175413
20537,C_Tbl_correct,particle0_best_lepton,muon,0,L2_ch224:256,L2,label_Tbl,3.8499443531036377,4.733321666717529,18.22302502220225
20537,C_Tbl_correct,second_lepton,muon,1,L2_ch224:256,L2,label_Hqql,2.4596798419952393,9.903091430664062,24.35843436544019
20537,C_Tbl_correct,second_lepton,muon,1,L2_ch224:256,L2,label_Tbl,2.4596798419952393,4.733321666717529,11.642455889304415
20537,C_Tbl_correct,photon_neighbor,photon,2,L2_ch224:256,L2,label_Hqql,1.3816484212875366,9.903091430664062,13.682590641043134
20537,C_Tbl_correct,photon_neighbor,photon,2,L2_ch224:256,L2,label_Tbl,1.3816484212875366,4.733321666717529,6.539786408266366
20538,C_Tbl_correct,particle0_best_lepton,electron,0,L2_ch224:256,L2,label_Hqql,5.983933448791504,7.473282814025879,44.71962700312815
20538,C_Tbl_correct,particle0_best_lepton,electron,0,L2_ch224:256,L2,label_Tbl,5.983933448791504,4.338070392608643,25.958724525542948
20538,C_Tbl_correct,second_lepton,electron,1,L2_ch224:256,L2,label_Hqql,2.0541651248931885,7.473282814025879,15.351356925035589
20538,C_Tbl_correct,second_lepton,electron,1,L2_ch224:256,L2,label_Tbl,2.0541651248931885,4.338070392608643,8.911112909828375
20538,C_Tbl_correct,hardest_hadron,charged_hadron,2,L2_ch224:256,L2,label_Hqql,1.001448154449463,7.473282814025879,7.484105281785105
20538,C_Tbl_correct,hardest_hadron,charged_hadron,2,L2_ch224:256,L2,label_Tbl,1.001448154449463,4.338070392608643,4.344352588549782
20539,C_Tbl_correct,particle0_best_lepton,electron,0,L2_ch224:256,L2,label_Hqql,2.9752659797668457,4.1173906326293945,12.250332274672928
20539,C_Tbl_correct,particle0_best_lepton,electron,0,L2_ch224:256,L2,label_Tbl,2.9752659797668457,3.2553932666778564,9.685660837108685
20539,C_Tbl_correct,hardest_hadron,charged_hadron,1,L2_ch224:256,L2,label_Hqql,1.4551376104354858,4.1173906326293945,5.9913699663937905
20539,C_Tbl_correct,hardest_hadron,charged_hadron,1,L2_ch224:256,L2,label_Tbl,1.4551376104354858,3.2553932666778564,4.737045179101386
20539,C_Tbl_correct,hard_hadron,charged_hadron,3,L2_ch224:256,L2,label_Hqql,1.2112196683883667,4.1173906326293945,4.987064516678743
20539,C_Tbl_correct,hard_hadron,charged_hadron,3,L2_ch224:256,L2,label_Tbl,1.2112196683883667,3.2553932666778564,3.942996352939275
20540,C_Tbl_correct,particle0_best_lepton,muon,0,L2_ch224:256,L2,label_Hqql,2.445540189743042,11.644012451171875,28.47590041920921
20540,C_Tbl_correct,particle0_best_lepton,muon,0,L2_ch224:256,L2,label_Tbl,2.445540189743042,6.1350603103637695,15.003536555492019
20540,C_Tbl_correct,hardest_hadron,charged_hadron,1,L2_ch224:256,L2,label_Hqql,2.03706955909729,11.644012451171875,23.719663310032047
20540,C_Tbl_correct,hardest_hadron,charged_hadron,1,L2_ch224:256,L2,label_Tbl,2.03706955909729,6.1350603103637695,12.497544601468007
20540,C_Tbl_correct,hard_hadron,charged_hadron,2,L2_ch224:256,L2,label_Hqql,1.6117085218429565,11.644012451171875,18.766754095999204
20540,C_Tbl_correct,hard_hadron,charged_hadron,2,L2_ch224:256,L2,label_Tbl,1.6117085218429565,6.1350603103637695,9.887928984233781
20541,C_Tbl_correct,particle0_best_lepton,muon,0,L2_ch224:256,L2,label_Hqql,2.651878595352173,4.509238243103027,11.957952378228356
20541,C_Tbl_correct,particle0_best_lepton,muon,0,L2_ch224:256,L2,label_Tbl,2.651878595352173,2.685469627380371,7.1215394233183815
20541,C_Tbl_correct,photon_neighbor,photon,1,L2_ch224:256,L2,label_Hqql,1.660469651222229,4.509238243103027,7.4874532528032205
20541,C_Tbl_correct,photon_neighbor,photon,1,L2_ch224:256,L2,label_Tbl,1.660469651222229,2.685469627380371,4.459140815544174
20541,C_Tbl_correct,photon_neighbor,photon,2,L2_ch224:256,L2,label_Hqql,1.5520188808441162,4.509238243103027,6.998422891520249
20541,C_Tbl_correct,photon_neighbor,photon,2,L2_ch224:256,L2,label_Tbl,1.5520188808441162,2.685469627380371,4.167899565627749
20542,C_Tbl_correct,particle0_best_lepton,electron,0,L2_ch224:256,L2,label_Hqql,5.848507404327393,5.265774250030518,30.796919690820005
20542,C_Tbl_correct,particle0_best_lepton,electron,0,L2_ch224:256,L2,label_Tbl,5.848507404327393,1.8445367813110352,10.787787023051806
20542,C_Tbl_correct,hardest_hadron,neutral_hadron,1,L2_ch224:256,L2,label_Hqql,0.9130136370658875,5.265774250030518,4.807723699988259
20542,C_Tbl_correct,hardest_hadron,neutral_hadron,1,L2_ch224:256,L2,label_Tbl,0.9130136370658875,1.8445367813110352,1.6840872354065937
20542,C_Tbl_correct,hard_hadron,charged_hadron,2,L2_ch224:256,L2,label_Hqql,0.6152155995368958,5.265774250030518,3.2395864622584725
20542,C_Tbl_correct,hard_hadron,charged_hadron,2,L2_ch224:256,L2,label_Tbl,0.6152155995368958,1.8445367813110352,1.1347878017821245
20543,C_Tbl_correct,particle0_best_lepton,muon,0,L2_ch224:256,L2,label_Hqql,4.644703388214111,3.80295991897583,17.6636208209095
20543,C_Tbl_correct,particle0_best_lepton,muon,0,L2_ch224:256,L2,label_Tbl,4.644703388214111,2.898244857788086,13.461487710842448
20543,C_Tbl_correct,photon_neighbor,photon,49,L2_ch224:256,L2,label_Hqql,0.8449575304985046,3.80295991897583,3.2133396217226107
20543,C_Tbl_correct,photon_neighbor,photon,49,L2_ch224:256,L2,label_Tbl,0.8449575304985046,2.898244857788086,2.448893817816611
20543,C_Tbl_correct,hadron_neighbor,charged_hadron,27,L2_ch224:256,L2,label_Hqql,0.8357851505279541,3.80295991897583,3.1784574283329903
20543,C_Tbl_correct,hadron_neighbor,charged_hadron,27,L2_ch224:256,L2,label_Tbl,0.8357851505279541,2.898244857788086,2.4223100147332843
20544,C_Tbl_correct,particle0_best_lepton,muon,0,L2_ch224:256,L2,label_Hqql,7.979365825653076,9.326565742492676,74.42007995635277
20544,C_Tbl_correct,particle0_best_lepton,muon,0,L2_ch224:256,L2,label_Tbl,7.979365825653076,7.26670503616333,57.98369783066278
20544,C_Tbl_correct,photon_neighbor,photon,1,L2_ch224:256,L2,label_Hqql,0.2092060148715973,9.326565742492676,1.9511736514248526
20544,C_Tbl_correct,photon_neighbor,photon,1,L2_ch224:256,L2,label_Tbl,0.2092060148715973,7.26670503616333,1.5202384018630966
20544,C_Tbl_correct,hardest_hadron,charged_hadron,2,L2_ch224:256,L2,label_Hqql,0.06266279518604279,9.326565742492676,0.5844286789109816
20544,C_Tbl_correct,hardest_hadron,charged_hadron,2,L2_ch224:256,L2,label_Tbl,0.06266279518604279,7.26670503616333,0.4553520493584884
20545,C_Tbl_correct,particle0_best_lepton,electron,0,L2_ch224:256,L2,label_Hqql,8.470041275024414,9.886110305786133,83.73576233945278
20545,C_Tbl_correct,particle0_best_lepton,electron,0,L2_ch224:256,L2,label_Tbl,8.470041275024414,8.318817138671875,70.46072452393128
20545,C_Tbl_correct,hardest_hadron,charged_hadron,1,L2_ch224:256,L2,label_Hqql,1.0991747379302979,9.886110305786133,10.86656270451249
20545,C_Tbl_correct,hardest_hadron,charged_hadron,1,L2_ch224:256,L2,label_Tbl,1.0991747379302979,8.318817138671875,9.143833648289728
20545,C_Tbl_correct,nearest_hadron_to_best_lepton,charged_hadron,9,L2_ch224:256,L2,label_Hqql,1.0313676595687866,9.886110305786133,10.196214448317505
20545,C_Tbl_correct,nearest_hadron_to_best_lepton,charged_hadron,9,L2_ch224:256,L2,label_Tbl,1.0313676595687866,8.318817138671875,8.579758962692722
20546,C_Tbl_correct,particle0_best_lepton,electron,0,L2_ch224:256,L2,label_Hqql,8.791489601135254,10.69934368133545,94.06316871343279
20546,C_Tbl_correct,particle0_best_lepton,electron,0,L2_ch224:256,L2,label_Tbl,8.791489601135254,5.904658317565918,51.91074219713755
20546,C_Tbl_correct,hardest_hadron,charged_hadron,1,L2_ch224:256,L2,label_Hqql,0.9997425079345703,10.69934368133545,10.6965886852322
20546,C_Tbl_correct,hardest_hadron,charged_hadron,1,L2_ch224:256,L2,label_Tbl,0.9997425079345703,5.904658317565918,5.903137914900071
20546,C_Tbl_correct,hadron_neighbor,neutral_hadron,11,L2_ch224:256,L2,label_Hqql,0.8445320129394531,10.69934368133545,9.035938256329246
20546,C_Tbl_correct,hadron_neighbor,neutral_hadron,11,L2_ch224:256,L2,label_Tbl,0.8445320129394531,5.904658317565918,4.986672974653629
20547,C_Tbl_correct,particle0_best_lepton,electron,0,L2_ch224:256,L2,label_Hqql,8.40156364440918,3.607996940612793,30.312815925391988
20547,C_Tbl_correct,particle0_best_lepton,electron,0,L2_ch224:256,L2,label_Tbl,8.40156364440918,1.8567173480987549,15.599328969730323
20547,C_Tbl_correct,hardest_hadron,charged_hadron,1,L2_ch224:256,L2,label_Hqql,2.8173768520355225,3.607996940612793,10.165087062697467
20547,C_Tbl_correct,hardest_hadron,charged_hadron,1,L2_ch224:256,L2,label_Tbl,2.8173768520355225,1.8567173480987549,5.231072477306213
20547,C_Tbl_correct,hard_hadron,charged_hadron,10,L2_ch224:256,L2,label_Hqql,1.5772827863693237,3.607996940612793,5.6908314677017415
20547,C_Tbl_correct,hard_hadron,charged_hadron,10,L2_ch224:256,L2,label_Tbl,1.5772827863693237,1.8567173480987549,2.9285683123094657
20548,C_Tbl_correct,particle0_best_lepton,electron,0,L2_ch224:256,L2,label_Hqql,7.236266613006592,12.402486801147461,89.7477011573983
20548,C_Tbl_correct,particle0_best_lepton,electron,0,L2_ch224:256,L2,label_Tbl,7.236266613006592,8.89669132232666,64.37883038197788
20548,C_Tbl_correct,second_lepton,electron,4,L2_ch224:256,L2,label_Hqql,2.9140961170196533,12.402486801147461,36.14203862861132
20548,C_Tbl_correct,second_lepton,electron,4,L2_ch224:256,L2,label_Tbl,2.9140961170196533,8.89669132232666,25.925813636714565
20548,C_Tbl_correct,other_lepton,electron,11,L2_ch224:256,L2,label_Hqql,0.7067278027534485,12.402486801147461,8.765182245653591
20548,C_Tbl_correct,other_lepton,electron,11,L2_ch224:256,L2,label_Tbl,0.7067278027534485,8.89669132232666,6.287539110003593
20549,C_Tbl_correct,particle0,photon,0,L2_ch224:256,L2,label_Hqql,2.209982395172119,2.3569583892822266,5.208836546466955
20549,C_Tbl_correct,particle0,photon,0,L2_ch224:256,L2,label_Tbl,2.209982395172119,0.5251553058624268,1.1605839806871927
20549,C_Tbl_correct,hardest_hadron,charged_hadron,1,L2_ch224:256,L2,label_Hqql,2.1336090564727783,2.3569583892822266,5.028827765102051
20549,C_Tbl_correct,hardest_hadron,charged_hadron,1,L2_ch224:256,L2,label_Tbl,2.1336090564727783,0.5251553058624268,1.1204761166428057
20549,C_Tbl_correct,best_lepton,electron,3,L2_ch224:256,L2,label_Hqql,1.8104747533798218,2.3569583892822266,4.267213658562241
20549,C_Tbl_correct,best_lepton,electron,3,L2_ch224:256,L2,label_Tbl,1.8104747533798218,0.5251553058624268,0.950780422867382
20551,C_Tbl_correct,best_lepton,electron,1,L2_ch224:256,L2,label_Hqql,2.9328126907348633,9.630072593688965,28.243199115468997
20551,C_Tbl_correct,best_lepton,electron,1,L2_ch224:256,L2,label_Tbl,2.9328126907348633,5.482492446899414,16.079123425124635
20551,C_Tbl_correct,particle0,photon,0,L2_ch224:256,L2,label_Hqql,2.7582192420959473,9.630072593688965,26.56185153069373
20551,C_Tbl_correct,particle0,photon,0,L2_ch224:256,L2,label_Tbl,2.7582192420959473,5.482492446899414,15.121916161683657
20551,C_Tbl_correct,second_lepton,electron,2,L2_ch224:256,L2,label_Hqql,2.158200979232788,9.630072593688965,20.78363210178236
20551,C_Tbl_correct,second_lepton,electron,2,L2_ch224:256,L2,label_Tbl,2.158200979232788,5.482492446899414,11.83232056753468
20552,C_Tbl_correct,particle0_best_lepton,muon,0,L2_ch224:256,L2,label_Hqql,5.253982067108154,7.724618434906006,40.58500673224921
20552,C_Tbl_correct,particle0_best_lepton,muon,0,L2_ch224:256,L2,label_Tbl,5.253982067108154,3.199455499649048,16.809881819666657
20552,C_Tbl_correct,hardest_hadron,charged_hadron,1,L2_ch224:256,L2,label_Hqql,1.192915916442871,7.724618434906006,9.214820279447395
20552,C_Tbl_correct,hardest_hadron,charged_hadron,1,L2_ch224:256,L2,label_Tbl,1.192915916442871,3.199455499649048,3.816681389482028
20552,C_Tbl_correct,hard_hadron,charged_hadron,3,L2_ch224:256,L2,label_Hqql,1.0389459133148193,7.724618434906006,8.02546075486191
20552,C_Tbl_correct,hard_hadron,charged_hadron,3,L2_ch224:256,L2,label_Tbl,1.0389459133148193,3.199455499649048,3.3240612161930017
20553,C_Tbl_correct,best_lepton,electron,2,L2_ch224:256,L2,label_Hqql,2.4594459533691406,11.745996475219727,28.888643499267346
20553,C_Tbl_correct,best_lepton,electron,2,L2_ch224:256,L2,label_Tbl,2.4594459533691406,7.915637969970703,19.468083773579565
20553,C_Tbl_correct,hardest_hadron,charged_hadron,1,L2_ch224:256,L2,label_Hqql,2.001192569732666,11.745996475219727,23.506000870315802
20553,C_Tbl_correct,hardest_hadron,charged_hadron,1,L2_ch224:256,L2,label_Tbl,2.001192569732666,7.915637969970703,15.840715890199135
20553,C_Tbl_correct,hard_hadron,charged_hadron,3,L2_ch224:256,L2,label_Hqql,1.834773302078247,11.745996475219727,21.55124073903835
20553,C_Tbl_correct,hard_hadron,charged_hadron,3,L2_ch224:256,L2,label_Tbl,1.834773302078247,7.915637969970703,14.5234012162191
20554,C_Tbl_correct,particle0,charged_hadron,0,L2_ch224:256,L2,label_Hqql,2.1835615634918213,5.998051166534424,13.097113983101849
20554,C_Tbl_correct,particle0,charged_hadron,0,L2_ch224:256,L2,label_Tbl,2.1835615634918213,4.1042609214782715,8.961906394681478
20554,C_Tbl_correct,photon_neighbor,photon,1,L2_ch224:256,L2,label_Hqql,1.9464292526245117,5.998051166534424,11.67478224928118
20554,C_Tbl_correct,photon_neighbor,photon,1,L2_ch224:256,L2,label_Tbl,1.9464292526245117,4.1042609214782715,7.988653517968942
20554,C_Tbl_correct,hard_hadron,neutral_hadron,5,L2_ch224:256,L2,label_Hqql,1.8501179218292236,5.998051166534424,11.097101959254019
20554,C_Tbl_correct,hard_hadron,neutral_hadron,5,L2_ch224:256,L2,label_Tbl,1.8501179218292236,4.1042609214782715,7.593366686690274
20555,C_Tbl_correct,particle0_best_lepton,electron,0,L2_ch224:256,L2,label_Hqql,3.1342363357543945,5.492593765258789,17.21508695661214
20555,C_Tbl_correct,particle0_best_lepton,electron,0,L2_ch224:256,L2,label_Tbl,3.1342363357543945,1.5450267791748047,4.842479071003254
20555,C_Tbl_correct,hardest_hadron,charged_hadron,1,L2_ch224:256,L2,label_Hqql,2.9090347290039062,5.492593765258789,15.978146015448146
20555,C_Tbl_correct,hardest_hadron,charged_hadron,1,L2_ch224:256,L2,label_Tbl,2.9090347290039062,1.5450267791748047,4.494536557860556
20555,C_Tbl_correct,photon_neighbor,photon,2,L2_ch224:256,L2,label_Hqql,1.4048649072647095,5.492593765258789,7.71635223067301
20555,C_Tbl_correct,photon_neighbor,photon,2,L2_ch224:256,L2,label_Tbl,1.4048649072647095,1.5450267791748047,2.1705539028469047
20556,C_Tbl_correct,particle0_best_lepton,muon,0,L2_ch224:256,L2,label_Hqql,7.985777854919434,7.741436958312988,61.82139582695072
20556,C_Tbl_correct,particle0_best_lepton,muon,0,L2_ch224:256,L2,label_Tbl,7.985777854919434,3.964257001876831,31.657675776797305
20556,C_Tbl_correct,photon_neighbor,photon,16,L2_ch224:256,L2,label_Hqql,0.1503477245569229,7.741436958312988,1.1639074314832243
20556,C_Tbl_correct,photon_neighbor,photon,16,L2_ch224:256,L2,label_Tbl,0.1503477245569229,3.964257001876831,0.5960170197910308
20556,C_Tbl_correct,hadron_neighbor,neutral_hadron,7,L2_ch224:256,L2,label_Hqql,0.11574269086122513,7.741436958312988,0.8960147446876832
20556,C_Tbl_correct,hadron_neighbor,neutral_hadron,7,L2_ch224:256,L2,label_Tbl,0.11574269086122513,3.964257001876831,0.4588337726626772
20557,C_Tbl_correct,particle0_best_lepton,electron,0,L2_ch224:256,L2,label_Hqql,4.771310806274414,5.868515968322754,28.000513656452313
20557,C_Tbl_correct,particle0_best_lepton,electron,0,L2_ch224:256,L2,label_Tbl,4.771310806274414,3.244675397872925,15.48135478872382
20557,C_Tbl_correct,photon_neighbor,photon,1,L2_ch224:256,L2,label_Hqql,1.0213992595672607,5.868515968322754,5.994097864803507
20557,C_Tbl_correct,photon_neighbor,photon,1,L2_ch224:256,L2,label_Tbl,1.0213992595672607,3.244675397872925,3.3141090489235125
20557,C_Tbl_correct,hardest_hadron,charged_hadron,2,L2_ch224:256,L2,label_Hqql,0.7096922993659973,5.868515968322754,4.1648405914250475
20557,C_Tbl_correct,hardest_hadron,charged_hadron,2,L2_ch224:256,L2,label_Tbl,0.7096922993659973,3.244675397872925,2.302721143812718
20558,C_Tbl_correct,particle0_best_lepton,electron,0,L2_ch224:256,L2,label_Hqql,3.0142886638641357,2.7565555572509766,8.309054167533304
20558,C_Tbl_correct,particle0_best_lepton,electron,0,L2_ch224:256,L2,label_Tbl,3.0142886638641357,0.5382282733917236,1.6223753830558394
20558,C_Tbl_correct,hardest_hadron,charged_hadron,1,L2_ch224:256,L2,label_Hqql,1.9445805549621582,2.7565555572509766,5.360344335303125
20558,C_Tbl_correct,hardest_hadron,charged_hadron,1,L2_ch224:256,L2,label_Tbl,1.9445805549621582,0.5382282733917236,1.0466282345684021
20558,C_Tbl_correct,hard_hadron,charged_hadron,3,L2_ch224:256,L2,label_Hqql,1.5274157524108887,2.7565555572509766,4.210406380540917
20558,C_Tbl_correct,hard_hadron,charged_hadron,3,L2_ch224:256,L2,label_Tbl,1.5274157524108887,0.5382282733917236,0.822098343171433
20559,C_Tbl_correct,particle0_best_lepton,electron,0,L2_ch224:256,L2,label_Hqql,7.106478691101074,5.228884696960449,37.15895767717393
20559,C_Tbl_correct,particle0_best_lepton,electron,0,L2_ch224:256,L2,label_Tbl,7.106478691101074,4.421781539916992,31.4232962901242
20559,C_Tbl_correct,hadron_neighbor,charged_hadron,7,L2_ch224:256,L2,label_Hqql,1.8950402736663818,5.228884696960449,9.908947087097886
20559,C_Tbl_correct,hadron_neighbor,charged_hadron,7,L2_ch224:256,L2,label_Tbl,1.8950402736663818,4.421781539916992,8.379454099497252
20559,C_Tbl_correct,hardest_hadron,charged_hadron,1,L2_ch224:256,L2,label_Hqql,0.19064123928546906,5.228884696960449,0.9968410587093643
20559,C_Tbl_correct,hardest_hadron,charged_hadron,1,L2_ch224:256,L2,label_Tbl,0.19064123928546906,4.421781539916992,0.8429739126193851
20560,C_Tbl_correct,particle0_best_lepton,muon,0,L2_ch224:256,L2,label_Hqql,4.566471576690674,5.588855743408203,25.521350898497985
20560,C_Tbl_correct,particle0_best_lepton,muon,0,L2_ch224:256,L2,label_Tbl,4.566471576690674,2.9453256130218506,13.449745695963315
20560,C_Tbl_correct,hardest_hadron,charged_hadron,1,L2_ch224:256,L2,label_Hqql,1.142756700515747,5.588855743408203,6.386702348995641
20560,C_Tbl_correct,hardest_hadron,charged_hadron,1,L2_ch224:256,L2,label_Tbl,1.142756700515747,2.9453256130218506,3.36579057948137
20560,C_Tbl_correct,hard_hadron,charged_hadron,2,L2_ch224:256,L2,label_Hqql,0.8765285015106201,5.588855743408203,4.898791349928615
20560,C_Tbl_correct,hard_hadron,charged_hadron,2,L2_ch224:256,L2,label_Tbl,0.8765285015106201,2.9453256130218506,2.5816618460428913
20561,C_Tbl_correct,particle0_best_lepton,electron,0,L2_ch224:256,L2,label_Hqql,3.3286232948303223,3.483126163482666,11.594014886601371
20561,C_Tbl_correct,particle0_best_lepton,electron,0,L2_ch224:256,L2,label_Tbl,3.3286232948303223,2.9970054626464844,9.975902197698815
20561,C_Tbl_correct,hardest_hadron,charged_hadron,1,L2_ch224:256,L2,label_Hqql,1.429797649383545,3.483126163482666,4.980165601053841
20561,C_Tbl_correct,hardest_hadron,charged_hadron,1,L2_ch224:256,L2,label_Tbl,1.429797649383545,2.9970054626464844,4.285111365681587
20561,C_Tbl_correct,hard_hadron,neutral_hadron,2,L2_ch224:256,L2,label_Hqql,1.340133547782898,3.483126163482666,4.667854222843459
20561,C_Tbl_correct,hard_hadron,neutral_hadron,2,L2_ch224:256,L2,label_Tbl,1.340133547782898,2.9970054626464844,4.0163875633811585
20562,C_Tbl_correct,particle0_best_lepton,electron,0,L2_ch224:256,L2,label_Hqql,6.659308910369873,8.371894836425781,55.751033880889736
20562,C_Tbl_correct,particle0_best_lepton,electron,0,L2_ch224:256,L2,label_Tbl,6.659308910369873,5.3927412033081055,35.91192954650842
20562,C_Tbl_correct,hardest_hadron,charged_hadron,1,L2_ch224:256,L2,label_Hqql,0.5881814360618591,8.371894836425781,4.924193127447779
20562,C_Tbl_correct,hardest_hadron,charged_hadron,1,L2_ch224:256,L2,label_Tbl,0.5881814360618591,5.3927412033081055,3.1719102652717197
20562,C_Tbl_correct,photon_neighbor,photon,27,L2_ch224:256,L2,label_Hqql,0.581360936164856,8.371894836425781,4.867092619578216
20562,C_Tbl_correct,photon_neighbor,photon,27,L2_ch224:256,L2,label_Tbl,0.581360936164856,5.3927412033081055,3.135129074449992
20564,C_Tbl_correct,particle0_best_lepton,electron,0,L2_ch224:256,L2,label_Hqql,4.033493518829346,6.360809803009033,25.656285114943103
20564,C_Tbl_correct,particle0_best_lepton,electron,0,L2_ch224:256,L2,label_Tbl,4.033493518829346,2.1829514503479004,8.804920526897376
20564,C_Tbl_correct,hardest_hadron,neutral_hadron,1,L2_ch224:256,L2,label_Hqql,1.4085057973861694,6.360809803009033,8.959237483609002
20564,C_Tbl_correct,hardest_hadron,neutral_hadron,1,L2_ch224:256,L2,label_Tbl,1.4085057973861694,2.1829514503479004,3.0746997732275645
20564,C_Tbl_correct,hadron_neighbor,neutral_hadron,18,L2_ch224:256,L2,label_Hqql,0.9496785998344421,6.360809803009033,6.040724947534812
20564,C_Tbl_correct,hadron_neighbor,neutral_hadron,18,L2_ch224:256,L2,label_Tbl,0.9496785998344421,2.1829514503479004,2.073102276872959
20565,C_Tbl_correct,particle0_best_lepton,muon,0,L2_ch224:256,L2,label_Hqql,2.8732361793518066,4.4506516456604,12.78777333000312
20565,C_Tbl_correct,particle0_best_lepton,muon,0,L2_ch224:256,L2,label_Tbl,2.8732361793518066,4.031242847442627,11.582712797025351
20565,C_Tbl_correct,second_lepton,muon,1,L2_ch224:256,L2,label_Hqql,1.9812240600585938,4.4506516456604,8.81773812332176
20565,C_Tbl_correct,second_lepton,muon,1,L2_ch224:256,L2,label_Tbl,1.9812240600585938,4.031242847442627,7.986795321292448
20565,C_Tbl_correct,photon_neighbor,photon,2,L2_ch224:256,L2,label_Hqql,1.8530247211456299,4.4506516456604,8.247167524616202
20565,C_Tbl_correct,photon_neighbor,photon,2,L2_ch224:256,L2,label_Tbl,1.8530247211456299,4.031242847442627,7.469992653252689
20566,C_Tbl_correct,particle0_best_lepton,electron,0,L2_ch224:256,L2,label_Hqql,7.673097610473633,11.666939735412598,89.52156740533428
20566,C_Tbl_correct,particle0_best_lepton,electron,0,L2_ch224:256,L2,label_Tbl,7.673097610473633,8.200855255126953,62.92596286195476
20566,C_Tbl_correct,hadron_neighbor,charged_hadron,8,L2_ch224:256,L2,label_Hqql,0.6839818954467773,11.666939735412598,7.9799755542908315
20566,C_Tbl_correct,hadron_neighbor,charged_hadron,8,L2_ch224:256,L2,label_Tbl,0.6839818954467773,8.200855255126953,5.609236521686398
20566,C_Tbl_correct,hardest_hadron,neutral_hadron,1,L2_ch224:256,L2,label_Hqql,0.4360264539718628,11.666939735412598,5.087094361535378
20566,C_Tbl_correct,hardest_hadron,neutral_hadron,1,L2_ch224:256,L2,label_Tbl,0.4360264539718628,8.200855255126953,3.5757898364295215
20567,C_Tbl_correct,particle0,charged_hadron,0,L2_ch224:256,L2,label_Hqql,3.225512981414795,9.481498718261719,30.582697199020913
20567,C_Tbl_correct,particle0,charged_hadron,0,L2_ch224:256,L2,label_Tbl,3.225512981414795,6.544438362121582,21.10917089309214
20567,C_Tbl_correct,best_lepton,muon,1,L2_ch224:256,L2,label_Hqql,2.347778558731079,9.481498718261719,22.260459395371072
20567,C_Tbl_correct,best_lepton,muon,1,L2_ch224:256,L2,label_Tbl,2.347778558731079,6.544438362121582,15.364892065526192
20567,C_Tbl_correct,second_lepton,electron,2,L2_ch224:256,L2,label_Hqql,1.2084758281707764,9.481498718261719,11.458162015851485
20567,C_Tbl_correct,second_lepton,electron,2,L2_ch224:256,L2,label_Tbl,1.2084758281707764,6.544438362121582,7.908795569577478
20568,C_Tbl_correct,particle0_best_lepton,muon,0,L2_ch224:256,L2,label_Hqql,6.6617350578308105,5.028769016265869,33.5003268533917
20568,C_Tbl_correct,particle0_best_lepton,muon,0,L2_ch224:256,L2,label_Tbl,6.6617350578308105,3.612945079803467,24.06848290014409
20568,C_Tbl_correct,hardest_hadron,charged_hadron,1,L2_ch224:256,L2,label_Hqql,0.9415533542633057,5.028769016265869,4.734854335080513
20568,C_Tbl_correct,hardest_hadron,charged_hadron,1,L2_ch224:256,L2,label_Tbl,0.9415533542633057,3.612945079803467,3.4017805586580607
20568,C_Tbl_correct,hadron_neighbor,charged_hadron,25,L2_ch224:256,L2,label_Hqql,0.584922194480896,5.028769016265869,2.9414386085317688
20568,C_Tbl_correct,hadron_neighbor,charged_hadron,25,L2_ch224:256,L2,label_Tbl,0.584922194480896,3.612945079803467,2.1132917646175997
20569,C_Tbl_correct,particle0_best_lepton,electron,0,L2_ch224:256,L2,label_Hqql,3.7071287631988525,8.420833587646484,31.217114402875268
20569,C_Tbl_correct,particle0_best_lepton,electron,0,L2_ch224:256,L2,label_Tbl,3.7071287631988525,3.8551201820373535,14.29142691241907
20569,C_Tbl_correct,hardest_hadron,charged_hadron,1,L2_ch224:256,L2,label_Hqql,2.047043800354004,8.420833587646484,17.2378151894045
20569,C_Tbl_correct,hardest_hadron,charged_hadron,1,L2_ch224:256,L2,label_Tbl,2.047043800354004,3.8551201820373535,7.8915998682591635
20569,C_Tbl_correct,hard_hadron,neutral_hadron,2,L2_ch224:256,L2,label_Hqql,1.5150607824325562,8.420833587646484,12.758074724034032
20569,C_Tbl_correct,hard_hadron,neutral_hadron,2,L2_ch224:256,L2,label_Tbl,1.5150607824325562,3.8551201820373535,5.840741399369051
20570,C_Tbl_correct,particle0_best_lepton,muon,0,L2_ch224:256,L2,label_Hqql,4.306893825531006,6.5572357177734375,28.24131802542979
20570,C_Tbl_correct,particle0_best_lepton,muon,0,L2_ch224:256,L2,label_Tbl,4.306893825531006,2.8124160766601562,12.112777435391763
20570,C_Tbl_correct,hardest_hadron,charged_hadron,1,L2_ch224:256,L2,label_Hqql,1.9577375650405884,6.5572357177734375,12.837346687510944
20570,C_Tbl_correct,hardest_hadron,charged_hadron,1,L2_ch224:256,L2,label_Tbl,1.9577375650405884,2.8124160766601562,5.505972601801659
20570,C_Tbl_correct,hard_hadron,neutral_hadron,2,L2_ch224:256,L2,label_Hqql,0.8434432744979858,6.5572357177734375,5.530656365453979
20570,C_Tbl_correct,hard_hadron,neutral_hadron,2,L2_ch224:256,L2,label_Tbl,0.8434432744979858,2.8124160766601562,2.3721134249490206
20572,C_Tbl_correct,particle0_best_lepton,electron,0,L2_ch224:256,L2,label_Hqql,5.607514381408691,6.244071960449219,35.013723316769756
20572,C_Tbl_correct,particle0_best_lepton,electron,0,L2_ch224:256,L2,label_Tbl,5.607514381408691,3.2158055305480957,18.032675760362054
20572,C_Tbl_correct,hard_hadron,neutral_hadron,3,L2_ch224:256,L2,label_Hqql,0.8977819085121155,6.244071960449219,5.605814841539086
20572,C_Tbl_correct,hard_hadron,neutral_hadron,3,L2_ch224:256,L2,label_Tbl,0.8977819085121155,3.2158055305480957,2.8870920266192854
20572,C_Tbl_correct,photon_neighbor,photon,22,L2_ch224:256,L2,label_Hqql,0.723520815372467,6.244071960449219,4.5177160360685775
20572,C_Tbl_correct,photon_neighbor,photon,22,L2_ch224:256,L2,label_Tbl,0.723520815372467,3.2158055305480957,2.326702239541447
20573,C_Tbl_correct,particle0_best_lepton,muon,0,L2_ch224:256,L2,label_Hqql,3.955461025238037,8.464612007141113,33.48144288800859
20573,C_Tbl_correct,particle0_best_lepton,muon,0,L2_ch224:256,L2,label_Tbl,3.955461025238037,5.678630828857422,22.461602920260702
20573,C_Tbl_correct,photon_neighbor,photon,1,L2_ch224:256,L2,label_Hqql,1.1400772333145142,8.464612007141113,9.650311438182257
20573,C_Tbl_correct,photon_neighbor,photon,1,L2_ch224:256,L2,label_Tbl,1.1400772333145142,5.678630828857422,6.474077724378276
20573,C_Tbl_correct,hardest_hadron,charged_hadron,3,L2_ch224:256,L2,label_Hqql,1.0241646766662598,8.464612007141113,8.669156619399018
20573,C_Tbl_correct,hardest_hadron,charged_hadron,3,L2_ch224:256,L2,label_Tbl,1.0241646766662598,5.678630828857422,5.815853106743816
20574,C_Tbl_correct,particle0_best_lepton,electron,0,L2_ch224:256,L2,label_Hqql,4.079516410827637,8.220958709716797,33.53753596902607
20574,C_Tbl_correct,particle0_best_lepton,electron,0,L2_ch224:256,L2,label_Tbl,4.079516410827637,4.11359977722168,16.781497798752753
20574,C_Tbl_correct,hardest_hadron,charged_hadron,1,L2_ch224:256,L2,label_Hqql,1.1583408117294312,8.220958709716797,9.522671985007491
20574,C_Tbl_correct,hardest_hadron,charged_hadron,1,L2_ch224:256,L2,label_Tbl,1.1583408117294312,4.11359977722168,4.764950505076968
20574,C_Tbl_correct,photon_neighbor,photon,2,L2_ch224:256,L2,label_Hqql,0.908187985420227,8.220958709716797,7.466175928800567
20574,C_Tbl_correct,photon_neighbor,photon,2,L2_ch224:256,L2,label_Tbl,0.908187985420227,4.11359977722168,3.735921894500052
20575,C_Tbl_correct,particle0_best_lepton,muon,0,L2_ch224:256,L2,label_Hqql,3.6157748699188232,4.421813488006592,15.988282089402333
20575,C_Tbl_correct,particle0_best_lepton,muon,0,L2_ch224:256,L2,label_Tbl,3.6157748699188232,2.7840559482574463,10.066519534157294
20575,C_Tbl_correct,photon_neighbor,photon,1,L2_ch224:256,L2,label_Hqql,1.8381149768829346,4.421813488006592,8.127801597287885
20575,C_Tbl_correct,photon_neighbor,photon,1,L2_ch224:256,L2,label_Tbl,1.8381149768829346,2.7840559482574463,5.117414934972032
20575,C_Tbl_correct,hardest_hadron,charged_hadron,3,L2_ch224:256,L2,label_Hqql,1.3413070440292358,4.421813488006592,5.9310095788467265
20575,C_Tbl_correct,hardest_hadron,charged_hadron,3,L2_ch224:256,L2,label_Tbl,1.3413070440292358,2.7840559482574463,3.7342738543692064
20576,C_Tbl_correct,particle0_best_lepton,electron,0,L2_ch224:256,L2,label_Hqql,3.743903398513794,7.658631801605225,28.67317762999562
20576,C_Tbl_correct,particle0_best_lepton,electron,0,L2_ch224:256,L2,label_Tbl,3.743903398513794,3.62399959564209,13.567904402337035
20576,C_Tbl_correct,hard_hadron,charged_hadron,2,L2_ch224:256,L2,label_Hqql,1.9309536218643188,7.658631801605225,14.788462815834862
20576,C_Tbl_correct,hard_hadron,charged_hadron,2,L2_ch224:256,L2,label_Tbl,1.9309536218643188,3.62399959564209,6.99777514483992
20576,C_Tbl_correct,hardest_hadron,charged_hadron,1,L2_ch224:256,L2,label_Hqql,1.9298871755599976,7.658631801605225,14.780295296253882
20576,C_Tbl_correct,hardest_hadron,charged_hadron,1,L2_ch224:256,L2,label_Tbl,1.9298871755599976,3.62399959564209,6.993910343864286
20577,C_Tbl_correct,particle0_best_lepton,electron,0,L2_ch224:256,L2,label_Hqql,3.0331239700317383,3.7066352367401123,11.242684184720702
20577,C_Tbl_correct,particle0_best_lepton,electron,0,L2_ch224:256,L2,label_Tbl,3.0331239700317383,2.9477946758270264,8.941026689982891
20577,C_Tbl_correct,hardest_hadron,charged_hadron,1,L2_ch224:256,L2,label_Hqql,1.802865982055664,3.7066352367401123,6.682566576207591
20577,C_Tbl_correct,hardest_hadron,charged_hadron,1,L2_ch224:256,L2,label_Tbl,1.802865982055664,2.9477946758270264,5.31447874313335
20577,C_Tbl_correct,hard_hadron,charged_hadron,2,L2_ch224:256,L2,label_Hqql,1.7856500148773193,3.7066352367401123,6.618753265629778
20577,C_Tbl_correct,hard_hadron,charged_hadron,2,L2_ch224:256,L2,label_Tbl,1.7856500148773193,2.9477946758270264,5.263729606745812
20578,C_Tbl_correct,particle0_best_lepton,muon,0,L2_ch224:256,L2,label_Hqql,5.227718830108643,4.384030818939209,22.918480463945116
20578,C_Tbl_correct,particle0_best_lepton,muon,0,L2_ch224:256,L2,label_Tbl,5.227718830108643,2.2241315841674805,11.627134563191703
20578,C_Tbl_correct,hadron_neighbor,charged_hadron,29,L2_ch224:256,L2,label_Hqql,0.7625872492790222,4.384030818939209,3.3432060029693105
20578,C_Tbl_correct,hadron_neighbor,charged_hadron,29,L2_ch224:256,L2,label_Tbl,0.7625872492790222,2.2241315841674805,1.696094386804873
20578,C_Tbl_correct,hard_hadron,charged_hadron,2,L2_ch224:256,L2,label_Hqql,0.6641345024108887,4.384030818939209,2.9115861264901923
20578,C_Tbl_correct,hard_hadron,charged_hadron,2,L2_ch224:256,L2,label_Tbl,0.6641345024108887,2.2241315841674805,1.4771225229474112
20579,C_Tbl_correct,particle0_best_lepton,muon,0,L2_ch224:256,L2,label_Hqql,3.6336982250213623,12.541634559631348,45.572515238199
20579,C_Tbl_correct,particle0_best_lepton,muon,0,L2_ch224:256,L2,label_Tbl,3.6336982250213623,5.876336097717285,21.352832047904258
20579,C_Tbl_correct,second_lepton,electron,1,L2_ch224:256,L2,label_Hqql,2.658508062362671,12.541634559631348,33.34203659198624
20579,C_Tbl_correct,second_lepton,electron,1,L2_ch224:256,L2,label_Tbl,2.658508062362671,5.876336097717285,15.622286892934198
20579,C_Tbl_correct,photon_neighbor,photon,2,L2_ch224:256,L2,label_Hqql,1.1999304294586182,12.541634559631348,15.04908894325149
20579,C_Tbl_correct,photon_neighbor,photon,2,L2_ch224:256,L2,label_Tbl,1.1999304294586182,5.876336097717285,7.051194497377082
20580,C_Tbl_correct,particle0_best_lepton,muon,0,L2_ch224:256,L2,label_Hqql,7.001714706420898,5.408627986907959,37.869670117493115
20580,C_Tbl_correct,particle0_best_lepton,muon,0,L2_ch224:256,L2,label_Tbl,7.001714706420898,4.628615379333496,32.408244371845285
20580,C_Tbl_correct,hardest_hadron,charged_hadron,1,L2_ch224:256,L2,label_Hqql,1.3865429162979126,5.408627986907959,7.49929482213787
20580,C_Tbl_correct,hardest_hadron,charged_hadron,1,L2_ch224:256,L2,label_Tbl,1.3865429162979126,4.628615379333496,6.417773866482435
20580,C_Tbl_correct,hadron_neighbor,neutral_hadron,21,L2_ch224:256,L2,label_Hqql,0.8109448552131653,5.408627986907959,4.386099039744948
20580,C_Tbl_correct,hadron_neighbor,neutral_hadron,21,L2_ch224:256,L2,label_Tbl,0.8109448552131653,4.628615379333496,3.753551828631032
20581,C_Tbl_correct,particle0_best_lepton,muon,0,L2_ch224:256,L2,label_Hqql,7.67336368560791,11.490328788757324,88.16947166334558
20581,C_Tbl_correct,particle0_best_lepton,muon,0,L2_ch224:256,L2,label_Tbl,7.67336368560791,11.243471145629883,86.27524318905671
20581,C_Tbl_correct,hadron_neighbor,neutral_hadron,14,L2_ch224:256,L2,label_Hqql,1.055836796760559,11.490328788757324,12.131911942047168
20581,C_Tbl_correct,hadron_neighbor,neutral_hadron,14,L2_ch224:256,L2,label_Tbl,1.055836796760559,11.243471145629883,11.871270558871629
20581,C_Tbl_correct,hadron_neighbor,neutral_hadron,11,L2_ch224:256,L2,label_Hqql,0.8150635957717896,11.490328788757324,9.365348699164656
20581,C_Tbl_correct,hadron_neighbor,neutral_hadron,11,L2_ch224:256,L2,label_Tbl,0.8150635957717896,11.243471145629883,9.164144020913454
20582,C_Tbl_correct,particle0_best_lepton,muon,0,L2_ch224:256,L2,label_Hqql,2.5752036571502686,7.166229248046875,18.45449976754753
20582,C_Tbl_correct,particle0_best_lepton,muon,0,L2_ch224:256,L2,label_Tbl,2.5752036571502686,4.927335739135742,12.688893015429585
20582,C_Tbl_correct,hardest_hadron,charged_hadron,1,L2_ch224:256,L2,label_Hqql,1.5266668796539307,7.166229248046875,10.940444845000457
20582,C_Tbl_correct,hardest_hadron,charged_hadron,1,L2_ch224:256,L2,label_Tbl,1.5266668796539307,4.927335739135742,7.522400277873658
20582,C_Tbl_correct,hadron_neighbor,charged_hadron,10,L2_ch224:256,L2,label_Hqql,1.3879096508026123,7.166229248046875,9.946078733228205
20582,C_Tbl_correct,hadron_neighbor,charged_hadron,10,L2_ch224:256,L2,label_Tbl,1.3879096508026123,4.927335739135742,6.8386968250911195
20583,C_Tbl_correct,best_lepton,electron,5,L2_ch224:256,L2,label_Hqql,2.398070812225342,5.697193145751953,13.662272594438036
20583,C_Tbl_correct,best_lepton,electron,5,L2_ch224:256,L2,label_Tbl,2.398070812225342,5.093522071838379,12.214626611901167
20583,C_Tbl_correct,particle0,charged_hadron,0,L2_ch224:256,L2,label_Hqql,2.2463598251342773,5.697193145751953,12.79794579864756
20583,C_Tbl_correct,particle0,charged_hadron,0,L2_ch224:256,L2,label_Tbl,2.2463598251342773,5.093522071838379,11.441883350612443
20583,C_Tbl_correct,hard_hadron,neutral_hadron,2,L2_ch224:256,L2,label_Hqql,1.6047568321228027,5.697193145751953,9.14260962456865
20583,C_Tbl_correct,hard_hadron,neutral_hadron,2,L2_ch224:256,L2,label_Tbl,1.6047568321228027,5.093522071838379,8.173864344350932
20584,C_Tbl_correct,particle0_best_lepton,muon,0,L2_ch224:256,L2,label_Hqql,3.119475841522217,6.557066917419434,20.454611840134476
20584,C_Tbl_correct,particle0_best_lepton,muon,0,L2_ch224:256,L2,label_Tbl,3.119475841522217,3.500058889389038,10.918349149354185
20584,C_Tbl_correct,hardest_hadron,neutral_hadron,1,L2_ch224:256,L2,label_Hqql,1.1216076612472534,6.557066917419434,7.354456489888548
20584,C_Tbl_correct,hardest_hadron,neutral_hadron,1,L2_ch224:256,L2,label_Tbl,1.1216076612472534,3.500058889389038,3.9256928651552983
20584,C_Tbl_correct,hard_hadron,charged_hadron,2,L2_ch224:256,L2,label_Hqql,1.025791049003601,6.557066917419434,6.72618055160649
20584,C_Tbl_correct,hard_hadron,charged_hadron,2,L2_ch224:256,L2,label_Tbl,1.025791049003601,3.500058889389038,3.5903290797207603
20585,C_Tbl_correct,particle0_best_lepton,electron,0,L2_ch224:256,L2,label_Hqql,2.7480437755584717,2.5495975017547607,7.0064055448766
20585,C_Tbl_correct,particle0_best_lepton,electron,0,L2_ch224:256,L2,label_Tbl,2.7480437755584717,1.9731512069702148,5.422305892550185
20585,C_Tbl_correct,hard_hadron,charged_hadron,11,L2_ch224:256,L2,label_Hqql,1.1850297451019287,2.5495975017547607,3.0213488776169584
20585,C_Tbl_correct,hard_hadron,charged_hadron,11,L2_ch224:256,L2,label_Tbl,1.1850297451019287,1.9731512069702148,2.3382428718434767
20585,C_Tbl_correct,hardest_hadron,neutral_hadron,1,L2_ch224:256,L2,label_Hqql,1.059981107711792,2.5495975017547607,2.702525184129229
20585,C_Tbl_correct,hardest_hadron,neutral_hadron,1,L2_ch224:256,L2,label_Tbl,1.059981107711792,1.9731512069702148,2.0915030020471477
20586,C_Tbl_correct,particle0_best_lepton,muon,0,L2_ch224:256,L2,label_Hqql,5.65686559677124,8.379868507385254,47.40378986489441
20586,C_Tbl_correct,particle0_best_lepton,muon,0,L2_ch224:256,L2,label_Tbl,5.65686559677124,4.044671058654785,22.880160561960565
20586,C_Tbl_correct,hardest_hadron,neutral_hadron,1,L2_ch224:256,L2,label_Hqql,1.351974606513977,8.379868507385254,11.329369427911047
20586,C_Tbl_correct,hardest_hadron,neutral_hadron,1,L2_ch224:256,L2,label_Tbl,1.351974606513977,4.044671058654785,5.468292563003274
20586,C_Tbl_correct,photon_neighbor,photon,2,L2_ch224:256,L2,label_Hqql,0.9887272715568542,8.379868507385254,8.28540452531223
20586,C_Tbl_correct,photon_neighbor,photon,2,L2_ch224:256,L2,label_Tbl,0.9887272715568542,4.044671058654785,3.999076580168719
20587,C_Tbl_correct,particle0_best_lepton,muon,0,L2_ch224:256,L2,label_Hqql,6.601156234741211,3.8856379985809326,25.649703500279884
20587,C_Tbl_correct,particle0_best_lepton,muon,0,L2_ch224:256,L2,label_Tbl,6.601156234741211,3.560729742050171,23.50493333696295
20587,C_Tbl_correct,hardest_hadron,charged_hadron,1,L2_ch224:256,L2,label_Hqql,0.8306499123573303,3.8856379985809326,3.227604862973564
20587,C_Tbl_correct,hardest_hadron,charged_hadron,1,L2_ch224:256,L2,label_Tbl,0.8306499123573303,3.560729742050171,2.957719848162114
20587,C_Tbl_correct,hard_hadron,charged_hadron,2,L2_ch224:256,L2,label_Hqql,0.4904496371746063,3.8856379985809326,1.9057097465958819
20587,C_Tbl_correct,hard_hadron,charged_hadron,2,L2_ch224:256,L2,label_Tbl,0.4904496371746063,3.560729742050171,1.7463586100653359
20588,C_Tbl_correct,particle0_best_lepton,muon,0,L2_ch224:256,L2,label_Hqql,6.47608757019043,8.491464614868164,54.99146844505958
20588,C_Tbl_correct,particle0_best_lepton,muon,0,L2_ch224:256,L2,label_Tbl,6.47608757019043,4.48173713684082,29.02412216475568
20588,C_Tbl_correct,second_lepton,electron,1,L2_ch224:256,L2,label_Hqql,2.0814478397369385,8.491464614868164,17.674540678819994
20588,C_Tbl_correct,second_lepton,electron,1,L2_ch224:256,L2,label_Tbl,2.0814478397369385,4.48173713684082,9.328502081746137
20588,C_Tbl_correct,hadron_neighbor,charged_hadron,12,L2_ch224:256,L2,label_Hqql,1.0037494897842407,8.491464614868164,8.523303274694854
20588,C_Tbl_correct,hadron_neighbor,charged_hadron,12,L2_ch224:256,L2,label_Tbl,1.0037494897842407,4.48173713684082,4.498541364451057
20589,C_Tbl_correct,particle0_best_lepton,electron,0,L2_ch224:256,L2,label_Hqql,7.015097141265869,10.519100189208984,73.79250966600921
20589,C_Tbl_correct,particle0_best_lepton,electron,0,L2_ch224:256,L2,label_Tbl,7.015097141265869,8.705648422241211,61.07096935973004
20589,C_Tbl_correct,photon_neighbor,photon,1,L2_ch224:256,L2,label_Hqql,2.054093837738037,10.519100189208984,21.607218877203195
20589,C_Tbl_correct,photon_neighbor,photon,1,L2_ch224:256,L2,label_Tbl,2.054093837738037,8.705648422241211,17.882218777639537
20589,C_Tbl_correct,photon_neighbor,photon,13,L2_ch224:256,L2,label_Hqql,0.3616611659526825,10.519100189208984,3.8043500392024043
20589,C_Tbl_correct,photon_neighbor,photon,13,L2_ch224:256,L2,label_Tbl,0.3616611659526825,8.705648422241211,3.148494958761887
20590,C_Tbl_correct,particle0_best_lepton,electron,0,L2_ch224:256,L2,label_Hqql,2.640143871307373,5.217376708984375,13.77462514252693
20590,C_Tbl_correct,particle0_best_lepton,electron,0,L2_ch224:256,L2,label_Tbl,2.640143871307373,1.820650577545166,4.806779464098099
20590,C_Tbl_correct,hardest_hadron,charged_hadron,1,L2_ch224:256,L2,label_Hqql,2.185209035873413,5.217376708984375,11.401058728028147
20590,C_Tbl_correct,hardest_hadron,charged_hadron,1,L2_ch224:256,L2,label_Tbl,2.185209035873413,1.820650577545166,3.978502093219845
20590,C_Tbl_correct,hard_hadron,neutral_hadron,3,L2_ch224:256,L2,label_Hqql,1.2030354738235474,5.217376708984375,6.276689261208958
20590,C_Tbl_correct,hard_hadron,neutral_hadron,3,L2_ch224:256,L2,label_Tbl,1.2030354738235474,1.820650577545166,2.190307230224164
20591,C_Tbl_correct,particle0_best_lepton,muon,0,L2_ch224:256,L2,label_Hqql,2.6092209815979004,5.858014106750488,15.284853317829857
20591,C_Tbl_correct,particle0_best_lepton,muon,0,L2_ch224:256,L2,label_Tbl,2.6092209815979004,3.9725089073181152,10.365153590558975
20591,C_Tbl_correct,nearest_hadron_to_best_lepton,neutral_hadron,2,L2_ch224:256,L2,label_Hqql,2.4244918823242188,5.858014106750488,14.202707648357318
20591,C_Tbl_correct,nearest_hadron_to_best_lepton,neutral_hadron,2,L2_ch224:256,L2,label_Tbl,2.4244918823242188,3.9725089073181152,9.631315598253423
20591,C_Tbl_correct,hardest_hadron,charged_hadron,1,L2_ch224:256,L2,label_Hqql,2.221482038497925,5.858014106750488,13.013473119413675
20591,C_Tbl_correct,hardest_hadron,charged_hadron,1,L2_ch224:256,L2,label_Tbl,2.221482038497925,3.9725089073181152,8.82485718538021
20592,C_Tbl_correct,particle0_best_lepton,muon,0,L2_ch224:256,L2,label_Hqql,4.666070461273193,6.700779914855957,31.266311228202085
20592,C_Tbl_correct,particle0_best_lepton,muon,0,L2_ch224:256,L2,label_Tbl,4.666070461273193,2.7367613315582275,12.769921208738538
20592,C_Tbl_correct,photon_neighbor,photon,1,L2_ch224:256,L2,label_Hqql,1.7674510478973389,6.700779914855957,11.843300482241602
20592,C_Tbl_correct,photon_neighbor,photon,1,L2_ch224:256,L2,label_Tbl,1.7674510478973389,2.7367613315582275,4.837091683307506
20592,C_Tbl_correct,hardest_hadron,charged_hadron,2,L2_ch224:256,L2,label_Hqql,0.8057852387428284,6.700779914855957,5.3993895434553565
20592,C_Tbl_correct,hardest_hadron,charged_hadron,2,L2_ch224:256,L2,label_Tbl,0.8057852387428284,2.7367613315582275,2.2052418829317872
20593,C_Tbl_correct,particle0_best_lepton,electron,0,L2_ch224:256,L2,label_Hqql,3.003387212753296,16.651859283447266,50.01198124047278
20593,C_Tbl_correct,particle0_best_lepton,electron,0,L2_ch224:256,L2,label_Tbl,3.003387212753296,10.60480785369873,31.850344301504492
20593,C_Tbl_correct,second_lepton,electron,1,L2_ch224:256,L2,label_Hqql,2.595906972885132,16.651859283447266,43.22667762540277
20593,C_Tbl_correct,second_lepton,electron,1,L2_ch224:256,L2,label_Tbl,2.595906972885132,10.60480785369873,27.529094653523543
20593,C_Tbl_correct,hardest_hadron,charged_hadron,2,L2_ch224:256,L2,label_Hqql,1.8367996215820312,16.651859283447266,30.58612883047317
20593,C_Tbl_correct,hardest_hadron,charged_hadron,2,L2_ch224:256,L2,label_Tbl,1.8367996215820312,10.60480785369873,19.47890705262398
20594,C_Tbl_correct,particle0_best_lepton,muon,0,L2_ch224:256,L2,label_Hqql,5.470546245574951,7.232617378234863,39.56636784418288
20594,C_Tbl_correct,particle0_best_lepton,muon,0,L2_ch224:256,L2,label_Tbl,5.470546245574951,4.441581726074219,24.29787823598963
20594,C_Tbl_correct,second_lepton,electron,1,L2_ch224:256,L2,label_Hqql,3.104886531829834,7.232617378234863,22.45645628755983
20594,C_Tbl_correct,second_lepton,electron,1,L2_ch224:256,L2,label_Tbl,3.104886531829834,4.441581726074219,13.790607281309349
20594,C_Tbl_correct,photon_neighbor,photon,6,L2_ch224:256,L2,label_Hqql,0.7337232232093811,7.232617378234863,5.306739334998667
20594,C_Tbl_correct,photon_neighbor,photon,6,L2_ch224:256,L2,label_Tbl,0.7337232232093811,4.441581726074219,3.258891660203062
20595,C_Tbl_correct,particle0_best_lepton,muon,0,L2_ch224:256,L2,label_Hqql,2.9901487827301025,6.557265281677246,19.60719880004558
20595,C_Tbl_correct,particle0_best_lepton,muon,0,L2_ch224:256,L2,label_Tbl,2.9901487827301025,4.135045528411865,12.364401353314292
20595,C_Tbl_correct,hardest_hadron,charged_hadron,1,L2_ch224:256,L2,label_Hqql,1.7240746021270752,6.557265281677246,11.305214531549382
20595,C_Tbl_correct,hardest_hadron,charged_hadron,1,L2_ch224:256,L2,label_Tbl,1.7240746021270752,4.135045528411865,7.129126974174028
20595,C_Tbl_correct,photon_neighbor,photon,2,L2_ch224:256,L2,label_Hqql,1.5539928674697876,6.557265281677246,10.189943477833708
20595,C_Tbl_correct,photon_neighbor,photon,2,L2_ch224:256,L2,label_Tbl,1.5539928674697876,4.135045528411865,6.4258312578148775
20596,C_Tbl_correct,particle0_best_lepton,electron,0,L2_ch224:256,L2,label_Hqql,3.3608250617980957,4.2642292976379395,14.331328692755278
20596,C_Tbl_correct,particle0_best_lepton,electron,0,L2_ch224:256,L2,label_Tbl,3.3608250617980957,2.34480619430542,7.8804834228810705
20596,C_Tbl_correct,hardest_hadron,neutral_hadron,1,L2_ch224:256,L2,label_Hqql,2.9965929985046387,4.2642292976379395,12.778159657320202
20596,C_Tbl_correct,hardest_hadron,neutral_hadron,1,L2_ch224:256,L2,label_Tbl,2.9965929985046387,2.34480619430542,7.026429824705929
20596,C_Tbl_correct,nearest_hadron_to_best_lepton,charged_hadron,2,L2_ch224:256,L2,label_Hqql,1.2960941791534424,4.2642292976379395,5.526842771244105
20596,C_Tbl_correct,nearest_hadron_to_best_lepton,charged_hadron,2,L2_ch224:256,L2,label_Tbl,1.2960941791534424,2.34480619430542,3.0390896596821904
20597,C_Tbl_correct,particle0_best_lepton,muon,0,L2_ch224:256,L2,label_Hqql,5.805851459503174,13.545306205749512,78.6420358040682
20597,C_Tbl_correct,particle0_best_lepton,muon,0,L2_ch224:256,L2,label_Tbl,5.805851459503174,8.760621070861816,50.862864630417334
20597,C_Tbl_correct,hardest_hadron,charged_hadron,1,L2_ch224:256,L2,label_Hqql,1.8444117307662964,13.545306205749512,24.983121662705912
20597,C_Tbl_correct,hardest_hadron,charged_hadron,1,L2_ch224:256,L2,label_Tbl,1.8444117307662964,8.760621070861816,16.158192271895928
20597,C_Tbl_correct,photon_neighbor,photon,10,L2_ch224:256,L2,label_Hqql,0.8423128724098206,13.545306205749512,11.409385777835439
20597,C_Tbl_correct,photon_neighbor,photon,10,L2_ch224:256,L2,label_Tbl,0.8423128724098206,8.760621070861816,7.379183898291615
20598,C_Tbl_correct,particle0,neutral_hadron,0,L2_ch224:256,L2,label_Hqql,4.68343448638916,5.899656295776367,27.630653753481965
20598,C_Tbl_correct,particle0,neutral_hadron,0,L2_ch224:256,L2,label_Tbl,4.68343448638916,3.6543233394622803,17.114783952454445
20598,C_Tbl_correct,hard_hadron,charged_hadron,1,L2_ch224:256,L2,label_Hqql,1.9069807529449463,5.899656295776367,11.25053100503601
20598,C_Tbl_correct,hard_hadron,charged_hadron,1,L2_ch224:256,L2,label_Tbl,1.9069807529449463,3.6543233394622803,6.96872427339207
20598,C_Tbl_correct,photon_neighbor,photon,2,L2_ch224:256,L2,label_Hqql,1.7066718339920044,5.899656295776367,10.068777230235128
20598,C_Tbl_correct,photon_neighbor,photon,2,L2_ch224:256,L2,label_Tbl,1.7066718339920044,3.6543233394622803,6.236730715759876
20599,C_Tbl_correct,best_lepton,electron,3,L2_ch224:256,L2,label_Hqql,3.2308566570281982,6.51465368270874,21.0479122190128
20599,C_Tbl_correct,best_lepton,electron,3,L2_ch224:256,L2,label_Tbl,3.2308566570281982,3.564375877380371,11.515987531585097
20599,C_Tbl_correct,particle0,neutral_hadron,0,L2_ch224:256,L2,label_Hqql,2.6745951175689697,6.51465368270874,17.424060932425505
20599,C_Tbl_correct,particle0,neutral_hadron,0,L2_ch224:256,L2,label_Tbl,2.6745951175689697,3.564375877380371,9.533262318822153
20599,C_Tbl_correct,photon_neighbor,photon,1,L2_ch224:256,L2,label_Hqql,1.6209050416946411,6.51465368270874,10.559634999197158
20599,C_Tbl_correct,photon_neighbor,photon,1,L2_ch224:256,L2,label_Tbl,1.6209050416946411,3.564375877380371,5.777514830140603
20600,C_Tbl_correct,particle0_best_lepton,electron,0,L2_ch224:256,L2,label_Hqql,3.429103136062622,3.5986249446868896,12.340056083338993
20600,C_Tbl_correct,particle0_best_lepton,electron,0,L2_ch224:256,L2,label_Tbl,3.429103136062622,2.188939332962036,7.506098731310942
20600,C_Tbl_correct,photon_neighbor,photon,1,L2_ch224:256,L2,label_Hqql,2.1089751720428467,3.5986249446868896,7.589410661838713
20600,C_Tbl_correct,photon_neighbor,photon,1,L2_ch224:256,L2,label_Tbl,2.1089751720428467,2.188939332962036,4.616418706324964
20600,C_Tbl_correct,hadron_neighbor,charged_hadron,21,L2_ch224:256,L2,label_Hqql,1.5983742475509644,3.5986249446868896,5.751949438182038
20600,C_Tbl_correct,hadron_neighbor,charged_hadron,21,L2_ch224:256,L2,label_Tbl,1.5983742475509644,2.188939332962036,3.4987442592579043
20601,C_Tbl_correct,particle0_best_lepton,muon,0,L2_ch224:256,L2,label_Hqql,3.792685031890869,7.682493209838867,29.13727700455911
20601,C_Tbl_correct,particle0_best_lepton,muon,0,L2_ch224:256,L2,label_Tbl,3.792685031890869,5.047323226928711,19.142907253887643
20601,C_Tbl_correct,second_lepton,electron,1,L2_ch224:256,L2,label_Hqql,3.554849147796631,7.682493209838867,27.3101044399491
20601,C_Tbl_correct,second_lepton,electron,1,L2_ch224:256,L2,label_Tbl,3.554849147796631,5.047323226928711,17.94247267190167
20601,C_Tbl_correct,photon_neighbor,photon,2,L2_ch224:256,L2,label_Hqql,1.099122166633606,7.682493209838867,8.443998581946062
20601,C_Tbl_correct,photon_neighbor,photon,2,L2_ch224:256,L2,label_Tbl,1.099122166633606,5.047323226928711,5.547624840882008
20602,C_Tbl_correct,particle0_best_lepton,electron,0,L2_ch224:256,L2,label_Hqql,3.1845192909240723,4.851688385009766,15.450295255615856
20602,C_Tbl_correct,particle0_best_lepton,electron,0,L2_ch224:256,L2,label_Tbl,3.1845192909240723,4.1113762855529785,13.092757093591217
20602,C_Tbl_correct,nearest_hadron_to_best_lepton,neutral_hadron,1,L2_ch224:256,L2,label_Hqql,2.2830140590667725,4.851688385009766,11.076472793188259
20602,C_Tbl_correct,nearest_hadron_to_best_lepton,neutral_hadron,1,L2_ch224:256,L2,label_Tbl,2.2830140590667725,4.1113762855529785,9.386329862031175
20602,C_Tbl_correct,hard_hadron,charged_hadron,2,L2_ch224:256,L2,label_Hqql,1.4541112184524536,4.851688385009766,7.054894509078167
20602,C_Tbl_correct,hard_hadron,charged_hadron,2,L2_ch224:256,L2,label_Tbl,1.4541112184524536,4.1113762855529785,5.9783983801019644
20603,C_Tbl_correct,particle0,neutral_hadron,0,L2_ch224:256,L2,label_Hqql,3.358095407485962,4.115875244140625,13.821501755133795
20603,C_Tbl_correct,particle0,neutral_hadron,0,L2_ch224:256,L2,label_Tbl,3.358095407485962,3.1550326347351074,10.594900601172299
20603,C_Tbl_correct,best_lepton,muon,1,L2_ch224:256,L2,label_Hqql,2.4922800064086914,4.115875244140625,10.257913579844171
20603,C_Tbl_correct,best_lepton,muon,1,L2_ch224:256,L2,label_Tbl,2.4922800064086914,3.1550326347351074,7.863224755117244
20603,C_Tbl_correct,hard_hadron,charged_hadron,2,L2_ch224:256,L2,label_Hqql,1.6178560256958008,4.115875244140625,6.658893564745085
20603,C_Tbl_correct,hard_hadron,charged_hadron,2,L2_ch224:256,L2,label_Tbl,1.6178560256958008,3.1550326347351074,5.104388559373092
20604,C_Tbl_correct,particle0_best_lepton,muon,0,L2_ch224:256,L2,label_Hqql,8.235366821289062,11.721639633178711,96.53200212618685
20604,C_Tbl_correct,particle0_best_lepton,muon,0,L2_ch224:256,L2,label_Tbl,8.235366821289062,7.974309921264648,65.67136734825908
20604,C_Tbl_correct,hardest_hadron,neutral_hadron,1,L2_ch224:256,L2,label_Hqql,2.2551839351654053,11.721639633178711,26.434453394542743
20604,C_Tbl_correct,hardest_hadron,neutral_hadron,1,L2_ch224:256,L2,label_Tbl,2.2551839351654053,7.974309921264648,17.983535628466143
20604,C_Tbl_correct,photon_neighbor,photon,22,L2_ch224:256,L2,label_Hqql,1.5753066539764404,11.721639633178711,18.465176909660386
20604,C_Tbl_correct,photon_neighbor,photon,22,L2_ch224:256,L2,label_Tbl,1.5753066539764404,7.974309921264648,12.561983479838545
20605,C_Tbl_correct,particle0_best_lepton,electron,0,L2_ch224:256,L2,label_Hqql,6.096815586090088,4.612414360046387,28.12103975983655
20605,C_Tbl_correct,particle0_best_lepton,electron,0,L2_ch224:256,L2,label_Tbl,6.096815586090088,2.273463010787964,13.860884718571356
20605,C_Tbl_correct,second_lepton,electron,1,L2_ch224:256,L2,label_Hqql,3.472477436065674,4.612414360046387,16.016504791046373
20605,C_Tbl_correct,second_lepton,electron,1,L2_ch224:256,L2,label_Tbl,3.472477436065674,2.273463010787964,7.894549006691136
20605,C_Tbl_correct,photon_neighbor,photon,11,L2_ch224:256,L2,label_Hqql,0.6300821900367737,4.612414360046387,2.9062001413350913
20605,C_Tbl_correct,photon_neighbor,photon,11,L2_ch224:256,L2,label_Tbl,0.6300821900367737,2.273463010787964,1.4324685528048775
20606,C_Tbl_correct,particle0_best_lepton,muon,0,L2_ch224:256,L2,label_Hqql,5.718313694000244,6.976129531860352,39.89169703315656
20606,C_Tbl_correct,particle0_best_lepton,muon,0,L2_ch224:256,L2,label_Tbl,5.718313694000244,2.333855628967285,13.34571860294318
20606,C_Tbl_correct,photon_neighbor,photon,5,L2_ch224:256,L2,label_Hqql,1.0471326112747192,6.976129531860352,7.304932733287615
20606,C_Tbl_correct,photon_neighbor,photon,5,L2_ch224:256,L2,label_Tbl,1.0471326112747192,2.333855628967285,2.4438563390987156
20606,C_Tbl_correct,nearest_hadron_to_best_lepton,neutral_hadron,11,L2_ch224:256,L2,label_Hqql,0.6773506999015808,6.976129531860352,4.725286221009696
20606,C_Tbl_correct,nearest_hadron_to_best_lepton,neutral_hadron,11,L2_ch224:256,L2,label_Tbl,0.6773506999015808,2.333855628967285,1.5808387437502347
20607,C_Tbl_correct,particle0_best_lepton,muon,0,L2_ch224:256,L2,label_Hqql,3.0610806941986084,6.735195636749268,20.616977335303886
20607,C_Tbl_correct,particle0_best_lepton,muon,0,L2_ch224:256,L2,label_Tbl,3.0610806941986084,3.262810707092285,9.987726864304705
20607,C_Tbl_correct,photon_neighbor,photon,1,L2_ch224:256,L2,label_Hqql,1.723097801208496,6.735195636749268,11.60540079239172
20607,C_Tbl_correct,photon_neighbor,photon,1,L2_ch224:256,L2,label_Tbl,1.723097801208496,3.262810707092285,5.622141955150255
20607,C_Tbl_correct,hardest_hadron,neutral_hadron,3,L2_ch224:256,L2,label_Hqql,1.5236564874649048,6.735195636749268,10.262124526278342
20607,C_Tbl_correct,hardest_hadron,neutral_hadron,3,L2_ch224:256,L2,label_Tbl,1.5236564874649048,3.262810707092285,4.9714027012311135
20608,C_Tbl_correct,particle0_best_lepton,muon,0,L2_ch224:256,L2,label_Hqql,2.869414806365967,4.999059677124023,14.344375855446742
20608,C_Tbl_correct,particle0_best_lepton,muon,0,L2_ch224:256,L2,label_Tbl,2.869414806365967,4.1717448234558105,11.970466364804679
20608,C_Tbl_correct,photon_neighbor,photon,24,L2_ch224:256,L2,label_Hqql,1.0821642875671387,4.999059677124023,5.409803854000529
20608,C_Tbl_correct,photon_neighbor,photon,24,L2_ch224:256,L2,label_Tbl,1.0821642875671387,4.1717448234558105,4.514513264786956
20608,C_Tbl_correct,hardest_hadron,charged_hadron,2,L2_ch224:256,L2,label_Hqql,0.9721555709838867,4.999059677124023,4.859863714797029
20608,C_Tbl_correct,hardest_hadron,charged_hadron,2,L2_ch224:256,L2,label_Tbl,0.9721555709838867,4.1717448234558105,4.055584970845757
20609,C_Tbl_correct,particle0_best_lepton,electron,0,L2_ch224:256,L2,label_Hqql,2.96453595161438,7.310127258300781,21.671135068108924
20609,C_Tbl_correct,particle0_best_lepton,electron,0,L2_ch224:256,L2,label_Tbl,2.96453595161438,2.835240364074707,8.405171990767712
20609,C_Tbl_correct,hardest_hadron,charged_hadron,1,L2_ch224:256,L2,label_Hqql,1.1946743726730347,7.310127258300781,8.733221696470537
20609,C_Tbl_correct,hardest_hadron,charged_hadron,1,L2_ch224:256,L2,label_Tbl,1.1946743726730347,2.835240364074707,3.387189003328217
20609,C_Tbl_correct,hard_hadron,charged_hadron,2,L2_ch224:256,L2,label_Hqql,1.164656162261963,7.310127258300781,8.513784758299153
20609,C_Tbl_correct,hard_hadron,charged_hadron,2,L2_ch224:256,L2,label_Tbl,1.164656162261963,2.835240364074707,3.3020801615134587
20610,C_Tbl_correct,particle0_best_lepton,electron,0,L2_ch224:256,L2,label_Hqql,10.880300521850586,13.866580963134766,150.8725680894786
20610,C_Tbl_correct,particle0_best_lepton,electron,0,L2_ch224:256,L2,label_Tbl,10.880300521850586,10.049903869628906,109.34597431727161
20610,C_Tbl_correct,second_lepton,electron,1,L2_ch224:256,L2,label_Hqql,1.2417497634887695,13.866580963134766,17.21882363137047
20610,C_Tbl_correct,second_lepton,electron,1,L2_ch224:256,L2,label_Tbl,1.2417497634887695,10.049903869628906,12.479465753196564
20610,C_Tbl_correct,hardest_hadron,charged_hadron,2,L2_ch224:256,L2,label_Hqql,1.1593133211135864,13.866580963134766,16.0757120288622
20610,C_Tbl_correct,hardest_hadron,charged_hadron,2,L2_ch224:256,L2,label_Tbl,1.1593133211135864,10.049903869628906,11.650987431971771
12308,A_protected_highiso,photon_neighbor,photon,39,L1_ch32:48,L1,label_Hqql,17.789369583129883,0.4666256904602051,8.300976864579752
12308,A_protected_highiso,photon_neighbor,photon,39,L1_ch32:48,L1,label_Tbl,17.789369583129883,0.9599058628082275,17.07612015850873
12308,A_protected_highiso,nearest_hadron_to_best_lepton,charged_hadron,27,L1_ch32:48,L1,label_Hqql,17.54275894165039,0.4666256904602051,8.18590200372455
12308,A_protected_highiso,nearest_hadron_to_best_lepton,charged_hadron,27,L1_ch32:48,L1,label_Tbl,17.54275894165039,0.9599058628082275,16.839397157921667
12308,A_protected_highiso,photon_neighbor,photon,33,L1_ch32:48,L1,label_Hqql,15.188114166259766,0.4666256904602051,7.087164259619385
12308,A_protected_highiso,photon_neighbor,photon,33,L1_ch32:48,L1,label_Tbl,15.188114166259766,0.9599058628082275,14.579159833193444
12358,A_protected_highiso,hadron_neighbor,charged_hadron,26,L1_ch32:48,L1,label_Hqql,16.7995548248291,0.665799617767334,11.185137181032587
12358,A_protected_highiso,hadron_neighbor,charged_hadron,26,L1_ch32:48,L1,label_Tbl,16.7995548248291,1.5043247938156128,25.27198684805512
12358,A_protected_highiso,hadron_neighbor,neutral_hadron,24,L1_ch32:48,L1,label_Hqql,16.027679443359375,0.665799617767334,10.671222847086028
12358,A_protected_highiso,hadron_neighbor,neutral_hadron,24,L1_ch32:48,L1,label_Tbl,16.027679443359375,1.5043247938156128,24.110835573974327
12358,A_protected_highiso,photon_neighbor,photon,16,L1_ch32:48,L1,label_Hqql,15.996125221252441,0.665799617767334,10.650214058068286
12358,A_protected_highiso,photon_neighbor,photon,16,L1_ch32:48,L1,label_Tbl,15.996125221252441,1.5043247938156128,24.063367775309302
12438,A_protected_highiso,hadron_neighbor,neutral_hadron,35,L1_ch32:48,L1,label_Hqql,20.658262252807617,0.6856186389923096,14.163689649716162
12438,A_protected_highiso,hadron_neighbor,neutral_hadron,35,L1_ch32:48,L1,label_Tbl,20.658262252807617,1.3567326068878174,28.027738000023874
12438,A_protected_highiso,nearest_hadron_to_best_lepton,charged_hadron,31,L1_ch32:48,L1,label_Hqql,20.542991638183594,0.6856186389923096,14.084657967801832
12438,A_protected_highiso,nearest_hadron_to_best_lepton,charged_hadron,31,L1_ch32:48,L1,label_Tbl,20.542991638183594,1.3567326068878174,27.87134659854746
12438,A_protected_highiso,hadron_neighbor,neutral_hadron,20,L1_ch32:48,L1,label_Hqql,18.118427276611328,0.6856186389923096,12.422331450071397
12438,A_protected_highiso,hadron_neighbor,neutral_hadron,20,L1_ch32:48,L1,label_Tbl,18.118427276611328,1.3567326068878174,24.581861071704225
12442,A_protected_highiso,photon_neighbor,photon,67,L1_ch32:48,L1,label_Hqql,20.06971549987793,0.14509373903274536,2.911990063200733
12442,A_protected_highiso,photon_neighbor,photon,67,L1_ch32:48,L1,label_Tbl,20.06971549987793,1.149280071258545,23.06572405983843
12442,A_protected_highiso,photon_neighbor,photon,55,L1_ch32:48,L1,label_Hqql,16.248685836791992,0.14509373903274536,2.357582582428563
12442,A_protected_highiso,photon_neighbor,photon,55,L1_ch32:48,L1,label_Tbl,16.248685836791992,1.149280071258545,18.67429081636601
12442,A_protected_highiso,nearest_hadron_to_best_lepton,neutral_hadron,44,L1_ch32:48,L1,label_Hqql,16.06991958618164,0.14509373903274536,2.3316447187146423
12442,A_protected_highiso,nearest_hadron_to_best_lepton,neutral_hadron,44,L1_ch32:48,L1,label_Tbl,16.06991958618164,1.149280071258545,18.468838327125923
12509,A_protected_highiso,hadron_neighbor,charged_hadron,31,L1_ch32:48,L1,label_Hqql,18.992168426513672,0.8305908441543579,15.774721205699734
12509,A_protected_highiso,hadron_neighbor,charged_hadron,31,L1_ch32:48,L1,label_Tbl,18.992168426513672,1.2323052883148193,23.40414958855854
12509,A_protected_highiso,hadron_neighbor,charged_hadron,35,L1_ch32:48,L1,label_Hqql,17.716243743896484,0.8305908441543579,14.714949846487343
12509,A_protected_highiso,hadron_neighbor,charged_hadron,35,L1_ch32:48,L1,label_Tbl,17.716243743896484,1.2323052883148193,21.83182085467797
12509,A_protected_highiso,hadron_neighbor,neutral_hadron,16,L1_ch32:48,L1,label_Hqql,17.174257278442383,0.8305908441543579,14.264780850625584
12509,A_protected_highiso,hadron_neighbor,neutral_hadron,16,L1_ch32:48,L1,label_Tbl,17.174257278442383,1.2323052883148193,21.163928067103825
12592,A_protected_highiso,hadron_neighbor,charged_hadron,28,L1_ch32:48,L1,label_Hqql,23.902742385864258,0.033347129821777344,0.7970878534379153
12592,A_protected_highiso,hadron_neighbor,charged_hadron,28,L1_ch32:48,L1,label_Tbl,23.902742385864258,0.7112361788749695,17.000495159154866
12592,A_protected_highiso,hadron_neighbor,neutral_hadron,20,L1_ch32:48,L1,label_Hqql,21.667081832885742,0.033347129821777344,0.7225349907403142
12592,A_protected_highiso,hadron_neighbor,neutral_hadron,20,L1_ch32:48,L1,label_Tbl,21.667081832885742,0.7112361788749695,15.410412490192925
12592,A_protected_highiso,nearest_hadron_to_best_lepton,charged_hadron,25,L1_ch32:48,L1,label_Hqql,18.35982322692871,0.033347129821777344,0.6122474086532748
12592,A_protected_highiso,nearest_hadron_to_best_lepton,charged_hadron,25,L1_ch32:48,L1,label_Tbl,18.35982322692871,0.7112361788749695,13.058170516740688
12784,A_protected_highiso,hadron_neighbor,charged_hadron,47,L1_ch32:48,L1,label_Hqql,37.92581558227539,1.1160199642181396,42.325967349074745
12784,A_protected_highiso,hadron_neighbor,charged_hadron,47,L1_ch32:48,L1,label_Tbl,37.92581558227539,1.5478527545928955,58.70357811920712
12784,A_protected_highiso,photon_neighbor,photon,46,L1_ch32:48,L1,label_Hqql,23.851163864135742,1.1160199642181396,26.618375042213756
12784,A_protected_highiso,photon_neighbor,photon,46,L1_ch32:48,L1,label_Tbl,23.851163864135742,1.5478527545928955,36.91808968734904
12784,A_protected_highiso,nearest_hadron_to_best_lepton,charged_hadron,13,L1_ch32:48,L1,label_Hqql,18.79059410095215,1.1160199642181396,20.970678156182203
12784,A_protected_highiso,nearest_hadron_to_best_lepton,charged_hadron,13,L1_ch32:48,L1,label_Tbl,18.79059410095215,1.5478527545928955,29.085072839595796
13089,A_protected_highiso,hadron_neighbor,charged_hadron,43,L1_ch32:48,L1,label_Hqql,21.43331527709961,-0.2451767921447754,-5.25495148466689
13089,A_protected_highiso,hadron_neighbor,charged_hadron,43,L1_ch32:48,L1,label_Tbl,21.43331527709961,-0.3242452144622803,-6.949649908660831
13089,A_protected_highiso,photon_neighbor,photon,63,L1_ch32:48,L1,label_Hqql,20.26067352294922,-0.2451767921447754,-4.967446941049275
13089,A_protected_highiso,photon_neighbor,photon,63,L1_ch32:48,L1,label_Tbl,20.26067352294922,-0.3242452144622803,-6.569426431598913
13089,A_protected_highiso,nearest_hadron_to_best_lepton,charged_hadron,45,L1_ch32:48,L1,label_Hqql,18.804168701171875,-0.2451767921447754,-4.610345761102508
13089,A_protected_highiso,nearest_hadron_to_best_lepton,charged_hadron,45,L1_ch32:48,L1,label_Tbl,18.804168701171875,-0.3242452144622803,-6.097161713296373
13279,A_protected_highiso,particle0_best_lepton,muon,0,L1_ch32:48,L1,label_Hqql,17.9110107421875,1.4167827367782593,25.376010817781207
13279,A_protected_highiso,particle0_best_lepton,muon,0,L1_ch32:48,L1,label_Tbl,17.9110107421875,0.830193042755127,14.869596506876405
13279,A_protected_highiso,hardest_hadron,neutral_hadron,1,L1_ch32:48,L1,label_Hqql,15.865753173828125,1.4167827367782593,22.478325202664564
13279,A_protected_highiso,hardest_hadron,neutral_hadron,1,L1_ch32:48,L1,label_Tbl,15.865753173828125,0.830193042755127,13.171637902982184
13279,A_protected_highiso,hadron_neighbor,charged_hadron,14,L1_ch32:48,L1,label_Hqql,15.013195037841797,1.4167827367782593,21.270435553499283
13279,A_protected_highiso,hadron_neighbor,charged_hadron,14,L1_ch32:48,L1,label_Tbl,15.013195037841797,0.830193042755127,12.463850069942055
13374,A_protected_highiso,particle0_best_lepton,electron,0,L1_ch32:48,L1,label_Hqql,19.151378631591797,0.6538810729980469,12.52272400901711
13374,A_protected_highiso,particle0_best_lepton,electron,0,L1_ch32:48,L1,label_Tbl,19.151378631591797,1.1965445280075073,22.915477305431068
13374,A_protected_highiso,hadron_neighbor,neutral_hadron,29,L1_ch32:48,L1,label_Hqql,18.501102447509766,0.6538810729980469,12.097520720024477
13374,A_protected_highiso,hadron_neighbor,neutral_hadron,29,L1_ch32:48,L1,label_Tbl,18.501102447509766,1.1965445280075073,22.13739289567411
13374,A_protected_highiso,hadron_neighbor,charged_hadron,23,L1_ch32:48,L1,label_Hqql,16.48792839050293,0.6538810729980469,10.781144307497016
13374,A_protected_highiso,hadron_neighbor,charged_hadron,23,L1_ch32:48,L1,label_Tbl,16.48792839050293,1.1965445280075073,19.728540493835908
13400,A_protected_highiso,nearest_hadron_to_best_lepton,charged_hadron,36,L1_ch32:48,L1,label_Hqql,18.17082977294922,0.5464977025985718,9.930316725226476
13400,A_protected_highiso,nearest_hadron_to_best_lepton,charged_hadron,36,L1_ch32:48,L1,label_Tbl,18.17082977294922,0.8061883449554443,14.649111181121043
13400,A_protected_highiso,photon_neighbor,photon,35,L1_ch32:48,L1,label_Hqql,16.695043563842773,0.5464977025985718,9.123802952423148
13400,A_protected_highiso,photon_neighbor,photon,35,L1_ch32:48,L1,label_Tbl,16.695043563842773,0.8061883449554443,13.459349539693449
13400,A_protected_highiso,hadron_neighbor,neutral_hadron,21,L1_ch32:48,L1,label_Hqql,16.545324325561523,0.5464977025985718,9.041981732667637
13400,A_protected_highiso,hadron_neighbor,neutral_hadron,21,L1_ch32:48,L1,label_Tbl,16.545324325561523,0.8061883449554443,13.338647634775498
13529,A_protected_highiso,hadron_neighbor,charged_hadron,39,L1_ch32:48,L1,label_Hqql,18.767841339111328,1.035768985748291,19.439147988496188
13529,A_protected_highiso,hadron_neighbor,charged_hadron,39,L1_ch32:48,L1,label_Tbl,18.767841339111328,1.4372555017471313,26.974183220555005
13529,A_protected_highiso,particle0_best_lepton,muon,0,L1_ch32:48,L1,label_Hqql,17.215946197509766,1.035768985748291,17.831743131691837
13529,A_protected_highiso,particle0_best_lepton,muon,0,L1_ch32:48,L1,label_Tbl,17.215946197509766,1.4372555017471313,24.743713390153516
13529,A_protected_highiso,hadron_neighbor,neutral_hadron,18,L1_ch32:48,L1,label_Hqql,16.610692977905273,1.035768985748291,17.204840618301205
13529,A_protected_highiso,hadron_neighbor,neutral_hadron,18,L1_ch32:48,L1,label_Tbl,16.610692977905273,1.4372555017471313,23.873809870326795
13897,A_protected_highiso,photon_neighbor,photon,37,L1_ch32:48,L1,label_Hqql,22.589740753173828,-0.20336222648620605,-4.593899975311615
13897,A_protected_highiso,photon_neighbor,photon,37,L1_ch32:48,L1,label_Tbl,22.589740753173828,0.0867924690246582,1.9606193745948985
13897,A_protected_highiso,hadron_neighbor,charged_hadron,36,L1_ch32:48,L1,label_Hqql,22.56302833557129,-0.20336222648620605,-4.588467678593133
13897,A_protected_highiso,hadron_neighbor,charged_hadron,36,L1_ch32:48,L1,label_Tbl,22.56302833557129,0.0867924690246582,1.9583009379175564
13897,A_protected_highiso,hard_hadron,neutral_hadron,13,L1_ch32:48,L1,label_Hqql,22.026241302490234,-0.20336222648620605,-4.479305472396845
13897,A_protected_highiso,hard_hadron,neutral_hadron,13,L1_ch32:48,L1,label_Tbl,22.026241302490234,0.0867924690246582,1.9117118659760308
14139,A_protected_highiso,hard_hadron,neutral_hadron,11,L1_ch32:48,L1,label_Hqql,20.674915313720703,0.5669255256652832,11.721137232316323
14139,A_protected_highiso,hard_hadron,neutral_hadron,11,L1_ch32:48,L1,label_Tbl,20.674915313720703,1.07574462890625,22.240929101826623
14139,A_protected_highiso,nearest_hadron_to_best_lepton,charged_hadron,14,L1_ch32:48,L1,label_Hqql,18.806209564208984,0.5669255256652832,10.661720242960655
14139,A_protected_highiso,nearest_hadron_to_best_lepton,charged_hadron,14,L1_ch32:48,L1,label_Tbl,18.806209564208984,1.07574462890625,20.230678928783163
14139,A_protected_highiso,particle0_best_lepton,muon,0,L1_ch32:48,L1,label_Hqql,18.438827514648438,0.5669255256652832,10.453441981393553
14139,A_protected_highiso,particle0_best_lepton,muon,0,L1_ch32:48,L1,label_Tbl,18.438827514648438,1.07574462890625,19.835469662211835
14355,A_protected_highiso,hadron_neighbor,neutral_hadron,15,L1_ch32:48,L1,label_Hqql,24.90936851501465,0.3674168586730957,9.152121931317197
14355,A_protected_highiso,hadron_neighbor,neutral_hadron,15,L1_ch32:48,L1,label_Tbl,24.90936851501465,1.6885029077529907,42.05954116789303
14355,A_protected_highiso,hard_hadron,neutral_hadron,5,L1_ch32:48,L1,label_Hqql,19.10194969177246,0.3674168586730957,7.018378350282546
14355,A_protected_highiso,hard_hadron,neutral_hadron,5,L1_ch32:48,L1,label_Tbl,19.10194969177246,1.6885029077529907,32.253697598309145
14355,A_protected_highiso,hadron_neighbor,charged_hadron,43,L1_ch32:48,L1,label_Hqql,17.56528663635254,0.3674168586730957,6.453782437621157
14355,A_protected_highiso,hadron_neighbor,charged_hadron,43,L1_ch32:48,L1,label_Tbl,17.56528663635254,1.6885029077529907,29.659037560996012
14381,A_protected_highiso,hadron_neighbor,charged_hadron,42,L1_ch32:48,L1,label_Hqql,22.71792221069336,0.852139949798584,19.358849092148375
14381,A_protected_highiso,hadron_neighbor,charged_hadron,42,L1_ch32:48,L1,label_Tbl,22.71792221069336,2.1745476722717285,49.401204862113445
14381,A_protected_highiso,hadron_neighbor,charged_hadron,46,L1_ch32:48,L1,label_Hqql,21.74689292907715,0.852139949798584,18.531396248858982
14381,A_protected_highiso,hadron_neighbor,charged_hadron,46,L1_ch32:48,L1,label_Tbl,21.74689292907715,2.1745476722717285,47.289655398067225
14381,A_protected_highiso,photon_neighbor,photon,40,L1_ch32:48,L1,label_Hqql,19.80223274230957,0.852139949798584,16.874273614931553
14381,A_protected_highiso,photon_neighbor,photon,40,L1_ch32:48,L1,label_Tbl,19.80223274230957,2.1745476722717285,43.06089911557228
14596,A_protected_highiso,hadron_neighbor,neutral_hadron,31,L1_ch32:48,L1,label_Hqql,18.948497772216797,0.6374399662017822,12.07852977949642
14596,A_protected_highiso,hadron_neighbor,neutral_hadron,31,L1_ch32:48,L1,label_Tbl,18.948497772216797,1.240078330039978,23.49762147413685
14596,A_protected_highiso,hadron_neighbor,charged_hadron,58,L1_ch32:48,L1,label_Hqql,18.847707748413086,0.6374399662017822,12.014282190129506
14596,A_protected_highiso,hadron_neighbor,charged_hadron,58,L1_ch32:48,L1,label_Tbl,18.847707748413086,1.240078330039978,23.372633949733654
14596,A_protected_highiso,hadron_neighbor,charged_hadron,45,L1_ch32:48,L1,label_Hqql,18.19124412536621,0.6374399662017822,11.595826040441807
14596,A_protected_highiso,hadron_neighbor,charged_hadron,45,L1_ch32:48,L1,label_Tbl,18.19124412536621,1.240078330039978,22.55856763633369
14600,A_protected_highiso,hadron_neighbor,neutral_hadron,29,L1_ch32:48,L1,label_Hqql,27.817216873168945,1.71501886844635,47.70705180514892
14600,A_protected_highiso,hadron_neighbor,neutral_hadron,29,L1_ch32:48,L1,label_Tbl,27.817216873168945,2.018423557281494,56.146925834812464
14600,A_protected_highiso,hadron_neighbor,neutral_hadron,21,L1_ch32:48,L1,label_Hqql,23.10711097717285,1.71501886844635,39.62913132113522
14600,A_protected_highiso,hadron_neighbor,neutral_hadron,21,L1_ch32:48,L1,label_Tbl,23.10711097717285,2.018423557281494,46.63993713704349
14600,A_protected_highiso,hadron_neighbor,neutral_hadron,33,L1_ch32:48,L1,label_Hqql,21.66251564025879,1.71501886844635,37.15162306105799
14600,A_protected_highiso,hadron_neighbor,neutral_hadron,33,L1_ch32:48,L1,label_Tbl,21.66251564025879,2.018423557281494,43.72413187827715
14625,A_protected_highiso,hadron_neighbor,charged_hadron,63,L1_ch32:48,L1,label_Hqql,27.680503845214844,0.5233592987060547,14.48684908026189
14625,A_protected_highiso,hadron_neighbor,charged_hadron,63,L1_ch32:48,L1,label_Tbl,27.680503845214844,1.957993507385254,54.19824681008322
14625,A_protected_highiso,hadron_neighbor,neutral_hadron,24,L1_ch32:48,L1,label_Hqql,23.06333351135254,0.5233592987060547,12.070410052325315
14625,A_protected_highiso,hadron_neighbor,neutral_hadron,24,L1_ch32:48,L1,label_Tbl,23.06333351135254,1.957993507385254,45.15785727388902
14625,A_protected_highiso,hadron_neighbor,neutral_hadron,37,L1_ch32:48,L1,label_Hqql,22.569704055786133,0.5233592987060547,11.812064486639429
14625,A_protected_highiso,hadron_neighbor,neutral_hadron,37,L1_ch32:48,L1,label_Tbl,22.569704055786133,1.957993507385254,44.19133400483588
14742,A_protected_highiso,photon_neighbor,photon,46,L1_ch32:48,L1,label_Hqql,21.436237335205078,0.017490386962890625,0.37492808602110017
14742,A_protected_highiso,photon_neighbor,photon,46,L1_ch32:48,L1,label_Tbl,21.436237335205078,0.6316237449645996,13.5396365036122
14742,A_protected_highiso,photon_neighbor,photon,43,L1_ch32:48,L1,label_Hqql,21.12407112121582,0.017490386962890625,0.36946817814168753
14742,A_protected_highiso,photon_neighbor,photon,43,L1_ch32:48,L1,label_Tbl,21.12407112121582,0.6316237449645996,13.342464910480885
14742,A_protected_highiso,hadron_neighbor,charged_hadron,37,L1_ch32:48,L1,label_Hqql,18.62528419494629,0.017490386962890625,0.3257634278634214
14742,A_protected_highiso,hadron_neighbor,charged_hadron,37,L1_ch32:48,L1,label_Tbl,18.62528419494629,0.6316237449645996,11.764171754241943
14991,A_protected_highiso,hadron_neighbor,neutral_hadron,16,L1_ch32:48,L1,label_Hqql,26.26970672607422,1.684912085533142,44.26214634617372
14991,A_protected_highiso,hadron_neighbor,neutral_hadron,16,L1_ch32:48,L1,label_Tbl,26.26970672607422,0.9393925666809082,24.67756722736158
14991,A_protected_highiso,nearest_hadron_to_best_lepton,charged_hadron,42,L1_ch32:48,L1,label_Hqql,20.21760368347168,1.684912085533142,34.0648847868008
14991,A_protected_highiso,nearest_hadron_to_best_lepton,charged_hadron,42,L1_ch32:48,L1,label_Tbl,20.21760368347168,0.9393925666809082,18.992266616353845
14991,A_protected_highiso,hadron_neighbor,charged_hadron,34,L1_ch32:48,L1,label_Hqql,17.713584899902344,1.684912085533142,29.845833275962832
14991,A_protected_highiso,hadron_neighbor,charged_hadron,34,L1_ch32:48,L1,label_Tbl,17.713584899902344,0.9393925666809082,16.64000998423944
14999,A_protected_highiso,hadron_neighbor,charged_hadron,26,L1_ch32:48,L1,label_Hqql,19.02399444580078,0.39718198776245117,7.555987929164985
14999,A_protected_highiso,hadron_neighbor,charged_hadron,26,L1_ch32:48,L1,label_Tbl,19.02399444580078,1.4325882196426392,27.253550333601197
14999,A_protected_highiso,hadron_neighbor,charged_hadron,18,L1_ch32:48,L1,label_Hqql,18.458477020263672,0.39718198776245117,7.331374593975852
14999,A_protected_highiso,hadron_neighbor,charged_hadron,18,L1_ch32:48,L1,label_Tbl,18.458477020263672,1.4325882196426392,26.4433967317741
14999,A_protected_highiso,hardest_hadron,neutral_hadron,1,L1_ch32:48,L1,label_Hqql,16.700952529907227,0.39718198776245117,6.63331752335489
14999,A_protected_highiso,hardest_hadron,neutral_hadron,1,L1_ch32:48,L1,label_Tbl,16.700952529907227,1.4325882196426392,23.925587851156024
15006,A_protected_highiso,photon_neighbor,photon,52,L1_ch32:48,L1,label_Hqql,27.234960556030273,0.6190719604492188,16.860400424178806
15006,A_protected_highiso,photon_neighbor,photon,52,L1_ch32:48,L1,label_Tbl,27.234960556030273,1.8465545177459717,50.29083945537104
15006,A_protected_highiso,hadron_neighbor,charged_hadron,32,L1_ch32:48,L1,label_Hqql,24.55227279663086,0.6190719604492188,15.199623653694289
15006,A_protected_highiso,hadron_neighbor,charged_hadron,32,L1_ch32:48,L1,label_Tbl,24.55227279663086,1.8465545177459717,45.337110253550236
15006,A_protected_highiso,hard_hadron,neutral_hadron,2,L1_ch32:48,L1,label_Hqql,23.710622787475586,0.6190719604492188,14.67858173251443
15006,A_protected_highiso,hard_hadron,neutral_hadron,2,L1_ch32:48,L1,label_Tbl,23.710622787475586,1.8465545177459717,43.78295762678363
15112,A_protected_highiso,nearest_hadron_to_best_lepton,neutral_hadron,17,L1_ch32:48,L1,label_Hqql,23.733930587768555,0.1976451873779297,4.690897158234293
15112,A_protected_highiso,nearest_hadron_to_best_lepton,neutral_hadron,17,L1_ch32:48,L1,label_Tbl,23.733930587768555,0.6152831315994263,14.603087137205648
15112,A_protected_highiso,hadron_neighbor,neutral_hadron,22,L1_ch32:48,L1,label_Hqql,17.38275146484375,0.1976451873779297,3.4356171704130247
15112,A_protected_highiso,hadron_neighbor,neutral_hadron,22,L1_ch32:48,L1,label_Tbl,17.38275146484375,0.6152831315994263,10.695313757103577
15112,A_protected_highiso,particle0_best_lepton,electron,0,L1_ch32:48,L1,label_Hqql,17.31647491455078,0.1976451873779297,3.422517929211608
15112,A_protected_highiso,particle0_best_lepton,electron,0,L1_ch32:48,L1,label_Tbl,17.31647491455078,0.6152831315994263,10.654534913687712
15233,A_protected_highiso,hard_hadron,neutral_hadron,6,L1_ch32:48,L1,label_Hqql,18.195520401000977,0.23247003555297852,4.229913274525643
15233,A_protected_highiso,hard_hadron,neutral_hadron,6,L1_ch32:48,L1,label_Tbl,18.195520401000977,0.8216993808746338,14.95124784819427
15233,A_protected_highiso,hadron_neighbor,charged_hadron,11,L1_ch32:48,L1,label_Hqql,17.914573669433594,0.23247003555297852,4.16460157784968
15233,A_protected_highiso,hadron_neighbor,charged_hadron,11,L1_ch32:48,L1,label_Tbl,17.914573669433594,0.8216993808746338,14.7203940928066
15233,A_protected_highiso,particle0_best_lepton,electron,0,L1_ch32:48,L1,label_Hqql,17.780609130859375,0.23247003555297852,4.133458836804493
15233,A_protected_highiso,particle0_best_lepton,electron,0,L1_ch32:48,L1,label_Tbl,17.780609130859375,0.8216993808746338,14.610315514401009
15292,A_protected_highiso,hadron_neighbor,neutral_hadron,38,L1_ch32:48,L1,label_Hqql,23.972625732421875,0.1178998053073883,2.826367906559426
15292,A_protected_highiso,hadron_neighbor,neutral_hadron,38,L1_ch32:48,L1,label_Tbl,23.972625732421875,1.0941805839538574,26.230381622808636
15292,A_protected_highiso,photon_neighbor,photon,63,L1_ch32:48,L1,label_Hqql,21.00945472717285,0.1178998053073883,2.477010621948068
15292,A_protected_highiso,photon_neighbor,photon,63,L1_ch32:48,L1,label_Tbl,21.00945472717285,1.0941805839538574,22.98813744193012
15292,A_protected_highiso,photon_neighbor,photon,67,L1_ch32:48,L1,label_Hqql,20.504592895507812,0.1178998053073883,2.4174875102876285
15292,A_protected_highiso,photon_neighbor,photon,67,L1_ch32:48,L1,label_Tbl,20.504592895507812,1.0941805839538574,22.435727428142854
15512,A_protected_highiso,hadron_neighbor,charged_hadron,31,L1_ch32:48,L1,label_Hqql,16.654714584350586,-0.14375919103622437,-2.394268295585448
15512,A_protected_highiso,hadron_neighbor,charged_hadron,31,L1_ch32:48,L1,label_Tbl,16.654714584350586,1.6766326427459717,27.9238381277396
15512,A_protected_highiso,hardest_hadron,neutral_hadron,3,L1_ch32:48,L1,label_Hqql,16.030733108520508,-0.14375919103622437,-2.3045652233985265
15512,A_protected_highiso,hardest_hadron,neutral_hadron,3,L1_ch32:48,L1,label_Tbl,16.030733108520508,1.6766326427459717,26.877650416894085
15512,A_protected_highiso,photon_neighbor,photon,34,L1_ch32:48,L1,label_Hqql,14.61422348022461,-0.14375919103622437,-2.1009289451396853
15512,A_protected_highiso,photon_neighbor,photon,34,L1_ch32:48,L1,label_Tbl,14.61422348022461,1.6766326427459717,24.50268413532922
15540,A_protected_highiso,hadron_neighbor,neutral_hadron,23,L1_ch32:48,L1,label_Hqql,20.65377426147461,0.589317798614502,12.171636780853078
15540,A_protected_highiso,hadron_neighbor,neutral_hadron,23,L1_ch32:48,L1,label_Tbl,20.65377426147461,0.8541679382324219,17.64179177764163
15540,A_protected_highiso,hadron_neighbor,neutral_hadron,18,L1_ch32:48,L1,label_Hqql,18.187530517578125,0.589317798614502,10.718235446853214
15540,A_protected_highiso,hadron_neighbor,neutral_hadron,18,L1_ch32:48,L1,label_Tbl,18.187530517578125,0.8541679382324219,15.53520544373896
15540,A_protected_highiso,photon_neighbor,photon,41,L1_ch32:48,L1,label_Hqql,18.018579483032227,0.589317798614502,10.618669595100982
15540,A_protected_highiso,photon_neighbor,photon,41,L1_ch32:48,L1,label_Tbl,18.018579483032227,0.8541679382324219,15.390892886898655
15590,A_protected_highiso,hadron_neighbor,neutral_hadron,31,L1_ch32:48,L1,label_Hqql,19.564199447631836,1.1560273170471191,22.61674899762056
15590,A_protected_highiso,hadron_neighbor,neutral_hadron,31,L1_ch32:48,L1,label_Tbl,19.564199447631836,1.5775036811828613,30.862596648034923
15590,A_protected_highiso,nearest_hadron_to_best_lepton,charged_hadron,19,L1_ch32:48,L1,label_Hqql,19.213241577148438,1.1560273170471191,22.211032112209068
15590,A_protected_highiso,nearest_hadron_to_best_lepton,charged_hadron,19,L1_ch32:48,L1,label_Tbl,19.213241577148438,1.5775036811828613,30.308959315407265
15590,A_protected_highiso,particle0_best_lepton,muon,0,L1_ch32:48,L1,label_Hqql,19.11662483215332,1.1560273170471191,22.099340515710537
15590,A_protected_highiso,particle0_best_lepton,muon,0,L1_ch32:48,L1,label_Tbl,19.11662483215332,1.5775036811828613,30.15654604451356
15684,A_protected_highiso,hadron_neighbor,neutral_hadron,27,L1_ch32:48,L1,label_Hqql,18.766386032104492,0.8356547355651855,15.682219357172471
15684,A_protected_highiso,hadron_neighbor,neutral_hadron,27,L1_ch32:48,L1,label_Tbl,18.766386032104492,1.1873925924301147,22.283067761204848
15684,A_protected_highiso,hadron_neighbor,neutral_hadron,42,L1_ch32:48,L1,label_Hqql,18.047039031982422,0.8356547355651855,15.081093630005853
15684,A_protected_highiso,hadron_neighbor,neutral_hadron,42,L1_ch32:48,L1,label_Tbl,18.047039031982422,1.1873925924301147,21.428920461873076
15684,A_protected_highiso,particle0_best_lepton,electron,0,L1_ch32:48,L1,label_Hqql,17.16645622253418,0.8356547355651855,14.345230435233134
15684,A_protected_highiso,particle0_best_lepton,electron,0,L1_ch32:48,L1,label_Tbl,17.16645622253418,1.1873925924301147,20.383322956912934
15800,A_protected_highiso,hadron_neighbor,charged_hadron,56,L1_ch32:48,L1,label_Hqql,17.03671646118164,-0.1828458309173584,-3.115092577448195
15800,A_protected_highiso,hadron_neighbor,charged_hadron,56,L1_ch32:48,L1,label_Tbl,17.03671646118164,0.9946308135986328,16.945243154834316
15800,A_protected_highiso,hadron_neighbor,neutral_hadron,48,L1_ch32:48,L1,label_Hqql,17.02169418334961,-0.1828458309173584,-3.1123458165757256
15800,A_protected_highiso,hadron_neighbor,neutral_hadron,48,L1_ch32:48,L1,label_Tbl,17.02169418334961,0.9946308135986328,16.930301534412138
15800,A_protected_highiso,particle0_best_lepton,electron,0,L1_ch32:48,L1,label_Hqql,15.588664054870605,-0.1828458309173584,-2.8503222320043733
15800,A_protected_highiso,particle0_best_lepton,electron,0,L1_ch32:48,L1,label_Tbl,15.588664054870605,0.9946308135986328,15.504965611811713
16360,A_protected_highiso,nearest_hadron_to_best_lepton,neutral_hadron,12,L1_ch32:48,L1,label_Hqql,23.453285217285156,1.0957986116409302,25.700077379519826
16360,A_protected_highiso,nearest_hadron_to_best_lepton,neutral_hadron,12,L1_ch32:48,L1,label_Tbl,23.453285217285156,1.585168719291687,37.17741409106657
16360,A_protected_highiso,hadron_neighbor,neutral_hadron,24,L1_ch32:48,L1,label_Hqql,20.148666381835938,1.0957986116409302,22.078880647632104
16360,A_protected_highiso,hadron_neighbor,neutral_hadron,24,L1_ch32:48,L1,label_Tbl,20.148666381835938,1.585168719291687,31.939035683930342
16360,A_protected_highiso,hadron_neighbor,charged_hadron,42,L1_ch32:48,L1,label_Hqql,19.741779327392578,1.0957986116409302,21.633014378278403
16360,A_protected_highiso,hadron_neighbor,charged_hadron,42,L1_ch32:48,L1,label_Tbl,19.741779327392578,1.585168719291687,31.294051052941995
12649,B_confused_highiso,hadron_neighbor,neutral_hadron,60,L1_ch32:48,L1,label_Hqql,26.88532066345215,0.8930039405822754,24.008697296280843
12649,B_confused_highiso,hadron_neighbor,neutral_hadron,60,L1_ch32:48,L1,label_Tbl,26.88532066345215,2.0858891010284424,56.07979734954961
12649,B_confused_highiso,photon_neighbor,photon,64,L1_ch32:48,L1,label_Hqql,22.746997833251953,0.8930039405822754,20.313158701510474
12649,B_confused_highiso,photon_neighbor,photon,64,L1_ch32:48,L1,label_Tbl,22.746997833251953,2.0858891010284424,47.44771486149784
12649,B_confused_highiso,particle0_best_lepton,muon,0,L1_ch32:48,L1,label_Hqql,22.666440963745117,0.8930039405822754,20.241221099599898
12649,B_confused_highiso,particle0_best_lepton,muon,0,L1_ch32:48,L1,label_Tbl,22.666440963745117,2.0858891010284424,47.279682165380564
12982,B_confused_highiso,hadron_neighbor,charged_hadron,34,L1_ch32:48,L1,label_Hqql,34.777061462402344,-0.5949699878692627,-20.691307836414126
12982,B_confused_highiso,hadron_neighbor,charged_hadron,34,L1_ch32:48,L1,label_Tbl,34.777061462402344,0.5735275745391846,19.945603710131763
12982,B_confused_highiso,hard_hadron,neutral_hadron,5,L1_ch32:48,L1,label_Hqql,24.97039222717285,-0.5949699878692627,-14.856633960491763
12982,B_confused_highiso,hard_hadron,neutral_hadron,5,L1_ch32:48,L1,label_Tbl,24.97039222717285,0.5735275745391846,14.321208489342553
12982,B_confused_highiso,hadron_neighbor,neutral_hadron,16,L1_ch32:48,L1,label_Hqql,22.31976890563965,-0.5949699878692627,-13.279592635033168
12982,B_confused_highiso,hadron_neighbor,neutral_hadron,16,L1_ch32:48,L1,label_Tbl,22.31976890563965,0.5735275745391846,12.801002924726617
13045,B_confused_highiso,hadron_neighbor,neutral_hadron,36,L1_ch32:48,L1,label_Hqql,23.792312622070312,0.42233240604400635,10.048264635030137
13045,B_confused_highiso,hadron_neighbor,neutral_hadron,36,L1_ch32:48,L1,label_Tbl,23.792312622070312,1.1195814609527588,26.637432124862244
13045,B_confused_highiso,hadron_neighbor,neutral_hadron,29,L1_ch32:48,L1,label_Hqql,20.683130264282227,0.42233240604400635,8.735156169035918
13045,B_confused_highiso,hadron_neighbor,neutral_hadron,29,L1_ch32:48,L1,label_Tbl,20.683130264282227,1.1195814609527588,23.156449198361315
13045,B_confused_highiso,hadron_neighbor,neutral_hadron,30,L1_ch32:48,L1,label_Hqql,20.068525314331055,0.42233240604400635,8.475588581756483
13045,B_confused_highiso,hadron_neighbor,neutral_hadron,30,L1_ch32:48,L1,label_Tbl,20.068525314331055,1.1195814609527588,22.468348890586185
13583,B_confused_highiso,hadron_neighbor,neutral_hadron,18,L1_ch32:48,L1,label_Hqql,28.39014434814453,0.8748941421508789,24.838370985009533
13583,B_confused_highiso,hadron_neighbor,neutral_hadron,18,L1_ch32:48,L1,label_Tbl,28.39014434814453,1.7674026489257812,50.17681632429594
13583,B_confused_highiso,hard_hadron,neutral_hadron,5,L1_ch32:48,L1,label_Hqql,22.637340545654297,0.8748941421508789,19.805276637267525
13583,B_confused_highiso,hard_hadron,neutral_hadron,5,L1_ch32:48,L1,label_Tbl,22.637340545654297,1.7674026489257812,40.009295645024395
13583,B_confused_highiso,photon_neighbor,photon,42,L1_ch32:48,L1,label_Hqql,21.63454818725586,0.8748941421508789,18.927939477111067
13583,B_confused_highiso,photon_neighbor,photon,42,L1_ch32:48,L1,label_Tbl,21.63454818725586,1.7674026489257812,38.236957774468465
13787,B_confused_highiso,nearest_hadron_to_best_lepton,charged_hadron,19,L1_ch32:48,L1,label_Hqql,19.778156280517578,1.391912579536438,27.529464526890024
13787,B_confused_highiso,nearest_hadron_to_best_lepton,charged_hadron,19,L1_ch32:48,L1,label_Tbl,19.778156280517578,1.4219917058944702,28.12437418878062
13787,B_confused_highiso,hadron_neighbor,neutral_hadron,18,L1_ch32:48,L1,label_Hqql,18.3071346282959,1.391912579536438,25.481930984392193
13787,B_confused_highiso,hadron_neighbor,neutral_hadron,18,L1_ch32:48,L1,label_Tbl,18.3071346282959,1.4219917058944702,26.032593600130213
13787,B_confused_highiso,photon_neighbor,photon,35,L1_ch32:48,L1,label_Hqql,17.873374938964844,1.391912579536438,24.87817541631648
13787,B_confused_highiso,photon_neighbor,photon,35,L1_ch32:48,L1,label_Tbl,17.873374938964844,1.4219917058944702,25.41579091955009
13997,B_confused_highiso,nearest_hadron_to_best_lepton,charged_hadron,18,L1_ch32:48,L1,label_Hqql,21.606096267700195,-0.021157443523406982,-0.4571297615451613
13997,B_confused_highiso,nearest_hadron_to_best_lepton,charged_hadron,18,L1_ch32:48,L1,label_Tbl,21.606096267700195,1.8573429584503174,40.12993076241264
13997,B_confused_highiso,hadron_neighbor,charged_hadron,33,L1_ch32:48,L1,label_Hqql,20.174903869628906,-0.021157443523406982,-0.42684938921183857
13997,B_confused_highiso,hadron_neighbor,charged_hadron,33,L1_ch32:48,L1,label_Tbl,20.174903869628906,1.8573429584503174,37.47171563966731
13997,B_confused_highiso,hadron_neighbor,neutral_hadron,25,L1_ch32:48,L1,label_Hqql,20.174537658691406,-0.021157443523406982,-0.42684164112461076
13997,B_confused_highiso,hadron_neighbor,neutral_hadron,25,L1_ch32:48,L1,label_Tbl,20.174537658691406,1.8573429584503174,37.471035460361236
14711,B_confused_highiso,hadron_neighbor,neutral_hadron,34,L1_ch32:48,L1,label_Hqql,31.204715728759766,0.000171661376953125,0.005356644469429739
14711,B_confused_highiso,hadron_neighbor,neutral_hadron,34,L1_ch32:48,L1,label_Tbl,31.204715728759766,2.570394992828369,80.20844506183676
14711,B_confused_highiso,hadron_neighbor,neutral_hadron,37,L1_ch32:48,L1,label_Hqql,27.469165802001953,0.000171661376953125,0.0047153948253253475
14711,B_confused_highiso,hadron_neighbor,neutral_hadron,37,L1_ch32:48,L1,label_Tbl,27.469165802001953,2.570394992828369,70.6066062346381
14711,B_confused_highiso,photon_neighbor,photon,68,L1_ch32:48,L1,label_Hqql,26.571849822998047,0.000171661376953125,0.0045613603288074955
14711,B_confused_highiso,photon_neighbor,photon,68,L1_ch32:48,L1,label_Tbl,26.571849822998047,2.570394992828369,68.30014973522157
15288,B_confused_highiso,hard_hadron,charged_hadron,13,L1_ch32:48,L1,label_Hqql,21.403484344482422,0.49645087122917175,10.625778450158236
15288,B_confused_highiso,hard_hadron,charged_hadron,13,L1_ch32:48,L1,label_Tbl,21.403484344482422,1.6806952953338623,35.97273544152358
15288,B_confused_highiso,particle0_best_lepton,electron,0,L1_ch32:48,L1,label_Hqql,20.143089294433594,0.49645087122917175,10.00005422946856
15288,B_confused_highiso,particle0_best_lepton,electron,0,L1_ch32:48,L1,label_Tbl,20.143089294433594,1.6806952953338623,33.85439541064443
15288,B_confused_highiso,hard_hadron,neutral_hadron,8,L1_ch32:48,L1,label_Hqql,19.470458984375,0.49645087122917175,9.666126326024823
15288,B_confused_highiso,hard_hadron,neutral_hadron,8,L1_ch32:48,L1,label_Tbl,19.470458984375,1.6806952953338623,32.72390881302999
15528,B_confused_highiso,particle0,photon,0,L1_ch32:48,L1,label_Hqql,50.81154251098633,0.7576651573181152,38.498135350162556
15528,B_confused_highiso,particle0,photon,0,L1_ch32:48,L1,label_Tbl,50.81154251098633,1.1611042022705078,58.997495533352776
15528,B_confused_highiso,photon_neighbor,photon,48,L1_ch32:48,L1,label_Hqql,34.044647216796875,0.7576651573181152,25.79444298935414
15528,B_confused_highiso,photon_neighbor,photon,48,L1_ch32:48,L1,label_Tbl,34.044647216796875,1.1611042022705078,39.5293829482398
15528,B_confused_highiso,hadron_neighbor,charged_hadron,44,L1_ch32:48,L1,label_Hqql,30.099363327026367,0.7576651573181152,22.80523885034654
15528,B_confused_highiso,hadron_neighbor,charged_hadron,44,L1_ch32:48,L1,label_Tbl,30.099363327026367,1.1611042022705078,34.94849724467713
15658,B_confused_highiso,hadron_neighbor,charged_hadron,71,L1_ch32:48,L1,label_Hqql,40.076072692871094,-0.5751419067382812,-23.049428863159847
15658,B_confused_highiso,hadron_neighbor,charged_hadron,71,L1_ch32:48,L1,label_Tbl,40.076072692871094,1.584514856338501,63.50113256555596
15658,B_confused_highiso,nearest_hadron_to_best_lepton,neutral_hadron,43,L1_ch32:48,L1,label_Hqql,24.691993713378906,-0.5751419067382812,-14.201400345482398
15658,B_confused_highiso,nearest_hadron_to_best_lepton,neutral_hadron,43,L1_ch32:48,L1,label_Tbl,24.691993713378906,1.584514856338501,39.12483087146575
15658,B_confused_highiso,hadron_neighbor,neutral_hadron,29,L1_ch32:48,L1,label_Hqql,18.292390823364258,-0.5751419067382812,-10.520720536951558
15658,B_confused_highiso,hadron_neighbor,neutral_hadron,29,L1_ch32:48,L1,label_Tbl,18.292390823364258,1.584514856338501,28.98456501757073
15893,B_confused_highiso,photon_neighbor,photon,43,L1_ch32:48,L1,label_Hqql,20.63235092163086,0.34969258308410645,7.2149800888828395
15893,B_confused_highiso,photon_neighbor,photon,43,L1_ch32:48,L1,label_Tbl,20.63235092163086,1.175661563873291,24.256661950907073
15893,B_confused_highiso,hard_hadron,neutral_hadron,10,L1_ch32:48,L1,label_Hqql,17.620637893676758,0.34969258308410645,6.161806380629514
15893,B_confused_highiso,hard_hadron,neutral_hadron,10,L1_ch32:48,L1,label_Tbl,17.620637893676758,1.175661563873291,20.71590670252499
15893,B_confused_highiso,particle0_best_lepton,electron,0,L1_ch32:48,L1,label_Hqql,16.72195053100586,0.34969258308410645,5.847542075392084
15893,B_confused_highiso,particle0_best_lepton,electron,0,L1_ch32:48,L1,label_Tbl,16.72195053100586,1.175661563873291,19.659354512294158
20480,C_Tbl_correct,nearest_hadron_to_best_lepton,charged_hadron,11,L1_ch32:48,L1,label_Hqql,33.16988754272461,-1.8472071886062622,-61.271654714182205
20480,C_Tbl_correct,nearest_hadron_to_best_lepton,charged_hadron,11,L1_ch32:48,L1,label_Tbl,33.16988754272461,1.1124615669250488,36.90022507050708
20480,C_Tbl_correct,photon_neighbor,photon,4,L1_ch32:48,L1,label_Hqql,32.177242279052734,-1.8472071886062622,-59.43803324739156
20480,C_Tbl_correct,photon_neighbor,photon,4,L1_ch32:48,L1,label_Tbl,32.177242279052734,1.1124615669250488,35.795945365081934
20480,C_Tbl_correct,photon_neighbor,photon,7,L1_ch32:48,L1,label_Hqql,31.126842498779297,-1.8472071886062622,-57.49772722236003
20480,C_Tbl_correct,photon_neighbor,photon,7,L1_ch32:48,L1,label_Tbl,31.126842498779297,1.1124615669250488,34.62741597962122
20481,C_Tbl_correct,particle0_best_lepton,muon,0,L1_ch32:48,L1,label_Hqql,26.578275680541992,-0.09852790832519531,-2.6187019096942095
20481,C_Tbl_correct,particle0_best_lepton,muon,0,L1_ch32:48,L1,label_Tbl,26.578275680541992,2.3455591201782227,62.34091692110633
20481,C_Tbl_correct,nearest_hadron_to_best_lepton,charged_hadron,19,L1_ch32:48,L1,label_Hqql,21.255023956298828,-0.09852790832519531,-2.094213051816041
20481,C_Tbl_correct,nearest_hadron_to_best_lepton,charged_hadron,19,L1_ch32:48,L1,label_Tbl,21.255023956298828,2.3455591201782227,49.854915290303325
20481,C_Tbl_correct,hadron_neighbor,neutral_hadron,18,L1_ch32:48,L1,label_Hqql,20.492963790893555,-0.09852790832519531,-2.019128857700707
20481,C_Tbl_correct,hadron_neighbor,neutral_hadron,18,L1_ch32:48,L1,label_Tbl,20.492963790893555,2.3455591201782227,48.06745811921246
20482,C_Tbl_correct,hardest_hadron,neutral_hadron,1,L1_ch32:48,L1,label_Hqql,20.292572021484375,4.008218288421631,81.33705829562678
20482,C_Tbl_correct,hardest_hadron,neutral_hadron,1,L1_ch32:48,L1,label_Tbl,20.292572021484375,4.148156642913818,84.1767674327275
20482,C_Tbl_correct,hadron_neighbor,charged_hadron,16,L1_ch32:48,L1,label_Hqql,20.258235931396484,4.008218288421631,81.1994317513836
20482,C_Tbl_correct,hadron_neighbor,charged_hadron,16,L1_ch32:48,L1,label_Tbl,20.258235931396484,4.148156642913818,84.03433595253773
20482,C_Tbl_correct,hadron_neighbor,neutral_hadron,11,L1_ch32:48,L1,label_Hqql,19.157564163208008,4.008218288421631,76.78769904058117
20482,C_Tbl_correct,hadron_neighbor,neutral_hadron,11,L1_ch32:48,L1,label_Tbl,19.157564163208008,4.148156642913818,79.468577045659
20483,C_Tbl_correct,particle0_best_lepton,muon,0,L1_ch32:48,L1,label_Hqql,25.949726104736328,1.2916302680969238,33.517451685702326
20483,C_Tbl_correct,particle0_best_lepton,muon,0,L1_ch32:48,L1,label_Tbl,25.949726104736328,2.341130018234253,60.75168274875523
20483,C_Tbl_correct,hadron_neighbor,neutral_hadron,13,L1_ch32:48,L1,label_Hqql,22.76858139038086,1.2916302680969238,29.40858888544426
20483,C_Tbl_correct,hadron_neighbor,neutral_hadron,13,L1_ch32:48,L1,label_Tbl,22.76858139038086,2.341130018234253,53.30420936563041
20483,C_Tbl_correct,hadron_neighbor,charged_hadron,28,L1_ch32:48,L1,label_Hqql,20.119857788085938,1.2916302680969238,25.98741730889742
20483,C_Tbl_correct,hadron_neighbor,charged_hadron,28,L1_ch32:48,L1,label_Tbl,20.119857788085938,2.341130018234253,47.10320303029221
20484,C_Tbl_correct,hadron_neighbor,charged_hadron,32,L1_ch32:48,L1,label_Hqql,35.40647506713867,-1.0817227363586426,-38.2999890944393
20484,C_Tbl_correct,hadron_neighbor,charged_hadron,32,L1_ch32:48,L1,label_Tbl,35.40647506713867,0.41401970386505127,14.658978322202074
20484,C_Tbl_correct,second_lepton,muon,3,L1_ch32:48,L1,label_Hqql,28.891904830932617,-1.0817227363586426,-31.253030352329915
20484,C_Tbl_correct,second_lepton,muon,3,L1_ch32:48,L1,label_Tbl,28.891904830932617,0.41401970386505127,11.961817882199966
20484,C_Tbl_correct,photon_neighbor,photon,27,L1_ch32:48,L1,label_Hqql,25.847620010375977,-1.0817227363586426,-27.959958245982307
20484,C_Tbl_correct,photon_neighbor,photon,27,L1_ch32:48,L1,label_Tbl,25.847620010375977,0.41401970386505127,10.701423982312235
20485,C_Tbl_correct,hadron_neighbor,charged_hadron,8,L1_ch32:48,L1,label_Hqql,24.559253692626953,-0.5610313415527344,-13.778511046708445
20485,C_Tbl_correct,hadron_neighbor,charged_hadron,8,L1_ch32:48,L1,label_Tbl,24.559253692626953,1.8401341438293457,45.192321266769795
20485,C_Tbl_correct,hadron_neighbor,charged_hadron,16,L1_ch32:48,L1,label_Hqql,24.498472213745117,-0.5610313415527344,-13.74441073206981
20485,C_Tbl_correct,hadron_neighbor,charged_hadron,16,L1_ch32:48,L1,label_Tbl,24.498472213745117,1.8401341438293457,45.08047519216689
20485,C_Tbl_correct,hadron_neighbor,charged_hadron,14,L1_ch32:48,L1,label_Hqql,22.064571380615234,-0.5610313415527344,-12.378916082452633
20485,C_Tbl_correct,hadron_neighbor,charged_hadron,14,L1_ch32:48,L1,label_Tbl,22.064571380615234,1.8401341438293457,40.6017711664299
20486,C_Tbl_correct,hard_hadron,neutral_hadron,2,L1_ch32:48,L1,label_Hqql,27.04665756225586,0.4316744804382324,11.675351850777588
20486,C_Tbl_correct,hard_hadron,neutral_hadron,2,L1_ch32:48,L1,label_Tbl,27.04665756225586,1.4356635808944702,38.82990124705475
20486,C_Tbl_correct,hadron_neighbor,charged_hadron,25,L1_ch32:48,L1,label_Hqql,18.845949172973633,0.4316744804382324,8.135315317608729
20486,C_Tbl_correct,hadron_neighbor,charged_hadron,25,L1_ch32:48,L1,label_Tbl,18.845949172973633,1.4356635808944702,27.056442875026505
20486,C_Tbl_correct,hadron_neighbor,charged_hadron,19,L1_ch32:48,L1,label_Hqql,18.662710189819336,0.4316744804382324,8.056215724759568
20486,C_Tbl_correct,hadron_neighbor,charged_hadron,19,L1_ch32:48,L1,label_Tbl,18.662710189819336,1.4356635808944702,26.793373340311746
20487,C_Tbl_correct,hard_hadron,neutral_hadron,7,L1_ch32:48,L1,label_Hqql,26.53119468688965,0.7472982406616211,19.826715112163583
20487,C_Tbl_correct,hard_hadron,neutral_hadron,7,L1_ch32:48,L1,label_Tbl,26.53119468688965,2.2896416187286377,60.74692754969465
20487,C_Tbl_correct,particle0_best_lepton,muon,0,L1_ch32:48,L1,label_Hqql,26.31157112121582,0.7472982406616211,19.6625908079277
20487,C_Tbl_correct,particle0_best_lepton,muon,0,L1_ch32:48,L1,label_Tbl,26.31157112121582,2.2896416187286377,60.24406829327427
20487,C_Tbl_correct,hadron_neighbor,charged_hadron,18,L1_ch32:48,L1,label_Hqql,25.035921096801758,0.7472982406616211,18.709299788983117
20487,C_Tbl_correct,hadron_neighbor,charged_hadron,18,L1_ch32:48,L1,label_Tbl,25.035921096801758,2.2896416187286377,57.32328690644363
20488,C_Tbl_correct,hard_hadron,neutral_hadron,5,L1_ch32:48,L1,label_Hqql,23.543134689331055,1.673138976097107,39.39093626822364
20488,C_Tbl_correct,hard_hadron,neutral_hadron,5,L1_ch32:48,L1,label_Tbl,23.543134689331055,2.3342559337615967,54.9557018479195
20488,C_Tbl_correct,hadron_neighbor,charged_hadron,30,L1_ch32:48,L1,label_Hqql,19.817426681518555,1.673138976097107,33.15730898679544
20488,C_Tbl_correct,hadron_neighbor,charged_hadron,30,L1_ch32:48,L1,label_Tbl,19.817426681518555,2.3342559337615967,46.258945823220074
20488,C_Tbl_correct,nearest_hadron_to_best_lepton,charged_hadron,19,L1_ch32:48,L1,label_Hqql,19.728391647338867,1.673138976097107,33.00834100087127
20488,C_Tbl_correct,nearest_hadron_to_best_lepton,charged_hadron,19,L1_ch32:48,L1,label_Tbl,19.728391647338867,2.3342559337615967,46.05111526637347
20489,C_Tbl_correct,particle0_best_lepton,electron,0,L1_ch32:48,L1,label_Hqql,22.277929306030273,-0.12098217010498047,-2.695232232888884
20489,C_Tbl_correct,particle0_best_lepton,electron,0,L1_ch32:48,L1,label_Tbl,22.277929306030273,1.3339898586273193,29.71853176546074
20489,C_Tbl_correct,hard_hadron,neutral_hadron,7,L1_ch32:48,L1,label_Hqql,21.65502166748047,-0.12098217010498047,-2.61987151500216
20489,C_Tbl_correct,hard_hadron,neutral_hadron,7,L1_ch32:48,L1,label_Tbl,21.65502166748047,1.3339898586273193,28.887579292773808
20489,C_Tbl_correct,second_lepton,muon,2,L1_ch32:48,L1,label_Hqql,17.10850715637207,-0.12098217010498047,-2.0698243230344815
20489,C_Tbl_correct,second_lepton,muon,2,L1_ch32:48,L1,label_Tbl,17.10850715637207,1.3339898586273193,22.82257504285326
20490,C_Tbl_correct,hadron_neighbor,charged_hadron,35,L1_ch32:48,L1,label_Hqql,29.13112449645996,-0.05710381269454956,-1.663498276827454
20490,C_Tbl_correct,hadron_neighbor,charged_hadron,35,L1_ch32:48,L1,label_Tbl,29.13112449645996,0.8038198947906494,23.416177427877756
20490,C_Tbl_correct,hadron_neighbor,neutral_hadron,9,L1_ch32:48,L1,label_Hqql,23.0589542388916,-0.05710381269454956,-1.3167542037898556
20490,C_Tbl_correct,hadron_neighbor,neutral_hadron,9,L1_ch32:48,L1,label_Tbl,23.0589542388916,0.8038198947906494,18.535246170288247
20490,C_Tbl_correct,particle0_best_lepton,muon,0,L1_ch32:48,L1,label_Hqql,18.412763595581055,-0.05710381269454956,-1.0514390035510814
20490,C_Tbl_correct,particle0_best_lepton,muon,0,L1_ch32:48,L1,label_Tbl,18.412763595581055,0.8038198947906494,14.800545696205063
20491,C_Tbl_correct,particle0_best_lepton,muon,0,L1_ch32:48,L1,label_Hqql,24.236387252807617,-0.14059829711914062,-3.4075947760647978
20491,C_Tbl_correct,particle0_best_lepton,muon,0,L1_ch32:48,L1,label_Tbl,24.236387252807617,2.1449742317199707,51.98642612725871
20491,C_Tbl_correct,nearest_hadron_to_best_lepton,neutral_hadron,15,L1_ch32:48,L1,label_Hqql,21.166410446166992,-0.14059829711914062,-2.9759612648558686
20491,C_Tbl_correct,nearest_hadron_to_best_lepton,neutral_hadron,15,L1_ch32:48,L1,label_Tbl,21.166410446166992,2.1449742317199707,45.401404985036606
20491,C_Tbl_correct,hadron_neighbor,neutral_hadron,9,L1_ch32:48,L1,label_Hqql,20.754188537597656,-0.14059829711914062,-2.918003566475818
20491,C_Tbl_correct,hadron_neighbor,neutral_hadron,9,L1_ch32:48,L1,label_Tbl,20.754188537597656,2.1449742317199707,44.517199613404955
20492,C_Tbl_correct,hadron_neighbor,neutral_hadron,48,L1_ch32:48,L1,label_Hqql,39.83811569213867,0.18050774931907654,7.191088600700937
20492,C_Tbl_correct,hadron_neighbor,neutral_hadron,48,L1_ch32:48,L1,label_Tbl,39.83811569213867,1.6761945486068726,66.77643234993275
20492,C_Tbl_correct,particle0_best_lepton,muon,0,L1_ch32:48,L1,label_Hqql,32.703060150146484,0.18050774931907654,5.903155783549323
20492,C_Tbl_correct,particle0_best_lepton,muon,0,L1_ch32:48,L1,label_Tbl,32.703060150146484,1.6761945486068726,54.81669114643819
20492,C_Tbl_correct,hadron_neighbor,neutral_hadron,38,L1_ch32:48,L1,label_Hqql,31.833833694458008,0.18050774931907654,5.746253672384398
20492,C_Tbl_correct,hadron_neighbor,neutral_hadron,38,L1_ch32:48,L1,label_Tbl,31.833833694458008,1.6761945486068726,53.35969849990829
20493,C_Tbl_correct,hard_hadron,neutral_hadron,5,L1_ch32:48,L1,label_Hqql,17.602523803710938,0.3760119676589966,6.6187596111976745
20493,C_Tbl_correct,hard_hadron,neutral_hadron,5,L1_ch32:48,L1,label_Tbl,17.602523803710938,1.1917850971221924,20.978425541001343
20493,C_Tbl_correct,hardest_hadron,charged_hadron,2,L1_ch32:48,L1,label_Hqql,16.922090530395508,0.3760119676589966,6.362908557237688
20493,C_Tbl_correct,hardest_hadron,charged_hadron,2,L1_ch32:48,L1,label_Tbl,16.922090530395508,1.1917850971221924,20.167495306277942
20493,C_Tbl_correct,particle0_best_lepton,electron,0,L1_ch32:48,L1,label_Hqql,16.29062843322754,0.3760119676589966,6.125471251579484
20493,C_Tbl_correct,particle0_best_lepton,electron,0,L1_ch32:48,L1,label_Tbl,16.29062843322754,1.1917850971221924,19.41492818947563
20494,C_Tbl_correct,particle0_best_lepton,muon,0,L1_ch32:48,L1,label_Hqql,28.703092575073242,0.6405997276306152,18.387193285748253
20494,C_Tbl_correct,particle0_best_lepton,muon,0,L1_ch32:48,L1,label_Tbl,28.703092575073242,2.522282123565674,72.39729729315786
20494,C_Tbl_correct,hard_hadron,neutral_hadron,5,L1_ch32:48,L1,label_Hqql,24.306657791137695,0.6405997276306152,15.57083836061338
20494,C_Tbl_correct,hard_hadron,neutral_hadron,5,L1_ch32:48,L1,label_Tbl,24.306657791137695,2.522282123565674,61.30824843021492
20494,C_Tbl_correct,photon_neighbor,photon,23,L1_ch32:48,L1,label_Hqql,22.078813552856445,0.6405997276306152,14.143681948366975
20494,C_Tbl_correct,photon_neighbor,photon,23,L1_ch32:48,L1,label_Tbl,22.078813552856445,2.522282123565674,55.688996733909335
20495,C_Tbl_correct,particle0,neutral_hadron,0,L1_ch32:48,L1,label_Hqql,23.925207138061523,1.8097562789916992,43.298793844283864
20495,C_Tbl_correct,particle0,neutral_hadron,0,L1_ch32:48,L1,label_Tbl,23.925207138061523,2.7667720317840576,66.19559396422892
20495,C_Tbl_correct,hadron_neighbor,charged_hadron,21,L1_ch32:48,L1,label_Hqql,23.345462799072266,1.8097562789916992,42.24959788658816
20495,C_Tbl_correct,hadron_neighbor,charged_hadron,21,L1_ch32:48,L1,label_Tbl,23.345462799072266,2.7667720317840576,64.5915735415283
20495,C_Tbl_correct,hadron_neighbor,charged_hadron,15,L1_ch32:48,L1,label_Hqql,20.9139461517334,1.8097562789916992,37.8491453665938
20495,C_Tbl_correct,hadron_neighbor,charged_hadron,15,L1_ch32:48,L1,label_Tbl,20.9139461517334,2.7667720317840576,57.86412128685379
20496,C_Tbl_correct,hadron_neighbor,charged_hadron,27,L1_ch32:48,L1,label_Hqql,30.10378646850586,-2.5257349014282227,-76.03418414864791
20496,C_Tbl_correct,hadron_neighbor,charged_hadron,27,L1_ch32:48,L1,label_Tbl,30.10378646850586,-0.7690972685813904,-23.152739946885276
20496,C_Tbl_correct,photon_neighbor,photon,28,L1_ch32:48,L1,label_Hqql,29.84662628173828,-2.5257349014282227,-75.38466568967124
20496,C_Tbl_correct,photon_neighbor,photon,28,L1_ch32:48,L1,label_Tbl,29.84662628173828,-0.7690972685813904,-22.954958749654452
20496,C_Tbl_correct,photon_neighbor,photon,32,L1_ch32:48,L1,label_Hqql,28.834121704101562,-2.5257349014282227,-72.82734754007834
20496,C_Tbl_correct,photon_neighbor,photon,32,L1_ch32:48,L1,label_Tbl,28.834121704101562,-0.7690972685813904,-22.176244244567897
20497,C_Tbl_correct,hadron_neighbor,charged_hadron,19,L1_ch32:48,L1,label_Hqql,34.7849235534668,0.12121963500976562,4.216615736993845
20497,C_Tbl_correct,hadron_neighbor,charged_hadron,19,L1_ch32:48,L1,label_Tbl,34.7849235534668,1.7718009948730469,61.63196215861535
20497,C_Tbl_correct,particle0_best_lepton,muon,0,L1_ch32:48,L1,label_Hqql,30.454988479614258,0.12121963500976562,3.6917425877254573
20497,C_Tbl_correct,particle0_best_lepton,muon,0,L1_ch32:48,L1,label_Tbl,30.454988479614258,1.7718009948730469,53.96017888702772
20497,C_Tbl_correct,hadron_neighbor,charged_hadron,13,L1_ch32:48,L1,label_Hqql,29.05992889404297,0.12121963500976562,3.5226339739456307
20497,C_Tbl_correct,hadron_neighbor,charged_hadron,13,L1_ch32:48,L1,label_Tbl,29.05992889404297,1.7718009948730469,51.48841092540533
20498,C_Tbl_correct,hadron_neighbor,charged_hadron,11,L1_ch32:48,L1,label_Hqql,28.883438110351562,1.0846823453903198,31.32935539247228
20498,C_Tbl_correct,hadron_neighbor,charged_hadron,11,L1_ch32:48,L1,label_Tbl,28.883438110351562,1.150813341140747,33.23944591540567
20498,C_Tbl_correct,hadron_neighbor,charged_hadron,8,L1_ch32:48,L1,label_Hqql,27.556941986083984,1.0846823453903198,29.890528465250554
20498,C_Tbl_correct,hadron_neighbor,charged_hadron,8,L1_ch32:48,L1,label_Tbl,27.556941986083984,1.150813341140747,31.712896478627044
20498,C_Tbl_correct,hard_hadron,charged_hadron,2,L1_ch32:48,L1,label_Hqql,27.1134033203125,1.0846823453903198,29.409429904990247
20498,C_Tbl_correct,hard_hadron,charged_hadron,2,L1_ch32:48,L1,label_Tbl,27.1134033203125,1.150813341140747,31.202466264745453
20499,C_Tbl_correct,nearest_hadron_to_best_lepton,charged_hadron,11,L1_ch32:48,L1,label_Hqql,23.33600616455078,-0.7260408401489258,-16.94289352143096
20499,C_Tbl_correct,nearest_hadron_to_best_lepton,charged_hadron,11,L1_ch32:48,L1,label_Tbl,23.33600616455078,1.8220734596252441,42.519917486079066
20499,C_Tbl_correct,particle0,neutral_hadron,0,L1_ch32:48,L1,label_Hqql,23.2877197265625,-0.7260408401489258,-16.90783559542615
20499,C_Tbl_correct,particle0,neutral_hadron,0,L1_ch32:48,L1,label_Tbl,23.2877197265625,1.8220734596252441,42.43193604896078
20499,C_Tbl_correct,hard_hadron,charged_hadron,4,L1_ch32:48,L1,label_Hqql,22.746353149414062,-0.7260408401489258,-16.51478135092475
20499,C_Tbl_correct,hard_hadron,charged_hadron,4,L1_ch32:48,L1,label_Tbl,22.746353149414062,1.8220734596252441,41.44552637681045
20500,C_Tbl_correct,particle0_best_lepton,electron,0,L1_ch32:48,L1,label_Hqql,26.56473159790039,0.8694891929626465,23.097747038327725
20500,C_Tbl_correct,particle0_best_lepton,electron,0,L1_ch32:48,L1,label_Tbl,26.56473159790039,2.385427951812744,63.368253286034815
20500,C_Tbl_correct,nearest_hadron_to_best_lepton,neutral_hadron,11,L1_ch32:48,L1,label_Hqql,26.345611572265625,0.8694891929626465,22.9072245440766
20500,C_Tbl_correct,nearest_hadron_to_best_lepton,neutral_hadron,11,L1_ch32:48,L1,label_Tbl,26.345611572265625,2.385427951812744,62.84555825208372
20500,C_Tbl_correct,hadron_neighbor,neutral_hadron,30,L1_ch32:48,L1,label_Hqql,25.310131072998047,0.8694891929626465,22.006885440439873
20500,C_Tbl_correct,hadron_neighbor,neutral_hadron,30,L1_ch32:48,L1,label_Tbl,25.310131072998047,2.385427951812744,60.37549412557382
20501,C_Tbl_correct,hadron_neighbor,charged_hadron,37,L1_ch32:48,L1,label_Hqql,36.819583892822266,-1.2738080024719238,-46.90108061036335
20501,C_Tbl_correct,hadron_neighbor,charged_hadron,37,L1_ch32:48,L1,label_Tbl,36.819583892822266,1.2463221549987793,45.88906314346059
20501,C_Tbl_correct,particle0_best_lepton,electron,0,L1_ch32:48,L1,label_Hqql,26.6231632232666,-1.2738080024719238,-33.912798364913215
20501,C_Tbl_correct,particle0_best_lepton,electron,0,L1_ch32:48,L1,label_Tbl,26.6231632232666,1.2463221549987793,33.18103816130588
20501,C_Tbl_correct,hadron_neighbor,charged_hadron,35,L1_ch32:48,L1,label_Hqql,26.164432525634766,-1.2738080024719238,-33.328463531290254
20501,C_Tbl_correct,hadron_neighbor,charged_hadron,35,L1_ch32:48,L1,label_Tbl,26.164432525634766,1.2463221549987793,32.609311929669275
20502,C_Tbl_correct,hadron_neighbor,charged_hadron,31,L1_ch32:48,L1,label_Hqql,48.173973083496094,2.1160173416137695,101.93696245911269
20502,C_Tbl_correct,hadron_neighbor,charged_hadron,31,L1_ch32:48,L1,label_Tbl,48.173973083496094,2.1227753162384033,102.26252094677875
20502,C_Tbl_correct,hadron_neighbor,charged_hadron,28,L1_ch32:48,L1,label_Hqql,31.342191696166992,2.1160173416137695,66.32062115327244
20502,C_Tbl_correct,hadron_neighbor,charged_hadron,28,L1_ch32:48,L1,label_Tbl,31.342191696166992,2.1227753162384033,66.53243088943555
20502,C_Tbl_correct,hadron_neighbor,charged_hadron,17,L1_ch32:48,L1,label_Hqql,29.420522689819336,2.1160173416137695,62.2543362109991
20502,C_Tbl_correct,hadron_neighbor,charged_hadron,17,L1_ch32:48,L1,label_Tbl,29.420522689819336,2.1227753162384033,62.45315935678036
20503,C_Tbl_correct,hadron_neighbor,neutral_hadron,9,L1_ch32:48,L1,label_Hqql,24.62030601501465,0.27116823196411133,6.676244852506898
20503,C_Tbl_correct,hadron_neighbor,neutral_hadron,9,L1_ch32:48,L1,label_Tbl,24.62030601501465,2.3684136867523193,58.31106973799115
20503,C_Tbl_correct,particle0,neutral_hadron,0,L1_ch32:48,L1,label_Hqql,23.757892608642578,0.27116823196411133,6.442385733878837
20503,C_Tbl_correct,particle0,neutral_hadron,0,L1_ch32:48,L1,label_Tbl,23.757892608642578,2.3684136867523193,56.268518022700846
20503,C_Tbl_correct,hadron_neighbor,charged_hadron,10,L1_ch32:48,L1,label_Hqql,22.388628005981445,0.27116823196411133,6.071084672484176
20503,C_Tbl_correct,hadron_neighbor,charged_hadron,10,L1_ch32:48,L1,label_Tbl,22.388628005981445,2.3684136867523193,53.02553299697274
20504,C_Tbl_correct,particle0,neutral_hadron,0,L1_ch32:48,L1,label_Hqql,20.908355712890625,-0.40769851207733154,-8.524305514129082
20504,C_Tbl_correct,particle0,neutral_hadron,0,L1_ch32:48,L1,label_Tbl,20.908355712890625,0.9748680591583252,20.382888154017564
20504,C_Tbl_correct,nearest_hadron_to_best_lepton,charged_hadron,20,L1_ch32:48,L1,label_Hqql,18.998266220092773,-0.40769851207733154,-7.7455648699808535
20504,C_Tbl_correct,nearest_hadron_to_best_lepton,charged_hadron,20,L1_ch32:48,L1,label_Tbl,18.998266220092773,0.9748680591583252,18.520802917355013
20504,C_Tbl_correct,hadron_neighbor,neutral_hadron,15,L1_ch32:48,L1,label_Hqql,17.675798416137695,-0.40769851207733154,-7.206396714038192
20504,C_Tbl_correct,hadron_neighbor,neutral_hadron,15,L1_ch32:48,L1,label_Tbl,17.675798416137695,0.9748680591583252,17.231571296013954
20505,C_Tbl_correct,nearest_hadron_to_best_lepton,charged_hadron,9,L1_ch32:48,L1,label_Hqql,29.903491973876953,-2.141706943511963,-64.04451639570652
20505,C_Tbl_correct,nearest_hadron_to_best_lepton,charged_hadron,9,L1_ch32:48,L1,label_Tbl,29.903491973876953,3.0945987701416016,92.53930948529887
20505,C_Tbl_correct,photon_neighbor,photon,13,L1_ch32:48,L1,label_Hqql,26.933509826660156,-2.141706943511963,-57.68368500890574
20505,C_Tbl_correct,photon_neighbor,photon,13,L1_ch32:48,L1,label_Tbl,26.933509826660156,3.0945987701416016,83.34840638517926
20505,C_Tbl_correct,photon_neighbor,photon,8,L1_ch32:48,L1,label_Hqql,25.541831970214844,-2.141706943511963,-54.70311888062497
20505,C_Tbl_correct,photon_neighbor,photon,8,L1_ch32:48,L1,label_Tbl,25.541831970214844,3.0945987701416016,79.0417218021903
20506,C_Tbl_correct,hadron_neighbor,charged_hadron,29,L1_ch32:48,L1,label_Hqql,20.97435760498047,0.9986839294433594,20.946753870492103
20506,C_Tbl_correct,hadron_neighbor,charged_hadron,29,L1_ch32:48,L1,label_Tbl,20.97435760498047,1.6057915687561035,33.6804466021531
20506,C_Tbl_correct,nearest_hadron_to_best_lepton,charged_hadron,13,L1_ch32:48,L1,label_Hqql,17.085031509399414,0.9986839294433594,17.062546402470616
20506,C_Tbl_correct,nearest_hadron_to_best_lepton,charged_hadron,13,L1_ch32:48,L1,label_Tbl,17.085031509399414,1.6057915687561035,27.434999549725944
20506,C_Tbl_correct,hadron_neighbor,neutral_hadron,10,L1_ch32:48,L1,label_Hqql,16.95892333984375,0.9986839294433594,16.936604200163856
20506,C_Tbl_correct,hadron_neighbor,neutral_hadron,10,L1_ch32:48,L1,label_Tbl,16.95892333984375,1.6057915687561035,27.232496114302194
20507,C_Tbl_correct,nearest_hadron_to_best_lepton,charged_hadron,34,L1_ch32:48,L1,label_Hqql,25.601383209228516,0.7098827362060547,18.173979963226884
20507,C_Tbl_correct,nearest_hadron_to_best_lepton,charged_hadron,34,L1_ch32:48,L1,label_Tbl,25.601383209228516,2.4095218181610107,61.687091417737065
20507,C_Tbl_correct,hadron_neighbor,neutral_hadron,15,L1_ch32:48,L1,label_Hqql,23.63703155517578,0.7098827362060547,16.77952063617704
20507,C_Tbl_correct,hadron_neighbor,neutral_hadron,15,L1_ch32:48,L1,label_Tbl,23.63703155517578,2.4095218181610107,56.95394324875633
20507,C_Tbl_correct,hadron_neighbor,charged_hadron,20,L1_ch32:48,L1,label_Hqql,21.925710678100586,0.7098827362060547,15.564683489432355
20507,C_Tbl_correct,hadron_neighbor,charged_hadron,20,L1_ch32:48,L1,label_Tbl,21.925710678100586,2.4095218181610107,52.83047825756921
20508,C_Tbl_correct,hadron_neighbor,charged_hadron,20,L1_ch32:48,L1,label_Hqql,26.642488479614258,-2.017552137374878,-53.75260957703131
20508,C_Tbl_correct,hadron_neighbor,charged_hadron,20,L1_ch32:48,L1,label_Tbl,26.642488479614258,1.7143611907958984,45.674848275677505
20508,C_Tbl_correct,hadron_neighbor,charged_hadron,18,L1_ch32:48,L1,label_Hqql,24.4344482421875,-2.017552137374878,-49.29777327660122
20508,C_Tbl_correct,hadron_neighbor,charged_hadron,18,L1_ch32:48,L1,label_Tbl,24.4344482421875,1.7143611907958984,41.88946978491731
20508,C_Tbl_correct,photon_neighbor,photon,13,L1_ch32:48,L1,label_Hqql,23.001619338989258,-2.017552137374878,-46.406966260461104
20508,C_Tbl_correct,photon_neighbor,photon,13,L1_ch32:48,L1,label_Tbl,23.001619338989258,1.7143611907958984,39.43308352022359
20509,C_Tbl_correct,hadron_neighbor,charged_hadron,7,L1_ch32:48,L1,label_Hqql,33.01346206665039,-0.6369171142578125,-21.026838991150726
20509,C_Tbl_correct,hadron_neighbor,charged_hadron,7,L1_ch32:48,L1,label_Tbl,33.01346206665039,3.9105212688446045,129.0998455698309
20509,C_Tbl_correct,photon_neighbor,photon,14,L1_ch32:48,L1,label_Hqql,31.031253814697266,-0.6369171142578125,-19.76433663145872
20509,C_Tbl_correct,photon_neighbor,photon,14,L1_ch32:48,L1,label_Tbl,31.031253814697266,3.9105212688446045,121.34837804128892
20509,C_Tbl_correct,photon_neighbor,photon,15,L1_ch32:48,L1,label_Hqql,29.951475143432617,-0.6369171142578125,-19.076607116119703
20509,C_Tbl_correct,photon_neighbor,photon,15,L1_ch32:48,L1,label_Tbl,29.951475143432617,3.9105212688446045,117.12588058166375
20510,C_Tbl_correct,photon_neighbor,photon,23,L1_ch32:48,L1,label_Hqql,20.001127243041992,-0.4629479646682739,-9.259481148237455
20510,C_Tbl_correct,photon_neighbor,photon,23,L1_ch32:48,L1,label_Tbl,20.001127243041992,0.959449291229248,19.190067357122643
20510,C_Tbl_correct,hadron_neighbor,charged_hadron,14,L1_ch32:48,L1,label_Hqql,18.33553123474121,-0.4629479646682739,-8.488396866235007
20510,C_Tbl_correct,hadron_neighbor,charged_hadron,14,L1_ch32:48,L1,label_Tbl,18.33553123474121,0.959449291229248,17.592012447484194
20510,C_Tbl_correct,particle0_best_lepton,muon,0,L1_ch32:48,L1,label_Hqql,18.262788772583008,-0.4629479646682739,-8.454720891433908
20510,C_Tbl_correct,particle0_best_lepton,muon,0,L1_ch32:48,L1,label_Tbl,18.262788772583008,0.959449291229248,17.522219743724236
20511,C_Tbl_correct,particle0_best_lepton,muon,0,L1_ch32:48,L1,label_Hqql,30.375152587890625,1.6413960456848145,49.85765534483653
20511,C_Tbl_correct,particle0_best_lepton,muon,0,L1_ch32:48,L1,label_Tbl,30.375152587890625,0.831472635269165,25.256108168956416
20511,C_Tbl_correct,hadron_neighbor,neutral_hadron,17,L1_ch32:48,L1,label_Hqql,24.381698608398438,1.6413960456848145,40.02002368290414
20511,C_Tbl_correct,hadron_neighbor,neutral_hadron,17,L1_ch32:48,L1,label_Tbl,24.381698608398438,0.831472635269165,20.272715194263583
20511,C_Tbl_correct,hadron_neighbor,charged_hadron,32,L1_ch32:48,L1,label_Hqql,24.278932571411133,1.6413960456848145,39.85134391616248
20511,C_Tbl_correct,hadron_neighbor,charged_hadron,32,L1_ch32:48,L1,label_Tbl,24.278932571411133,0.831472635269165,20.18726804667358
20512,C_Tbl_correct,hadron_neighbor,charged_hadron,12,L1_ch32:48,L1,label_Hqql,22.536306381225586,-0.8224155902862549,-18.534209715387533
20512,C_Tbl_correct,hadron_neighbor,charged_hadron,12,L1_ch32:48,L1,label_Tbl,22.536306381225586,1.5716769695281982,35.419793717603625
20512,C_Tbl_correct,hard_hadron,neutral_hadron,3,L1_ch32:48,L1,label_Hqql,21.383880615234375,-0.8224155902862549,-17.58643679878878
20512,C_Tbl_correct,hard_hadron,neutral_hadron,3,L1_ch32:48,L1,label_Tbl,21.383880615234375,1.5716769695281982,33.608552682104346
20512,C_Tbl_correct,hard_hadron,charged_hadron,4,L1_ch32:48,L1,label_Hqql,20.57149314880371,-0.8224155902862549,-16.918316681043052
20512,C_Tbl_correct,hard_hadron,charged_hadron,4,L1_ch32:48,L1,label_Tbl,20.57149314880371,1.5716769695281982,32.33174201078191
20513,C_Tbl_correct,hadron_neighbor,charged_hadron,14,L1_ch32:48,L1,label_Hqql,28.175077438354492,-4.536675453186035,-127.8211822061985
20513,C_Tbl_correct,hadron_neighbor,charged_hadron,14,L1_ch32:48,L1,label_Tbl,28.175077438354492,1.4370508193969727,40.48901811936048
20513,C_Tbl_correct,hard_hadron,neutral_hadron,4,L1_ch32:48,L1,label_Hqql,28.162744522094727,-4.536675453186035,-127.76523176773662
20513,C_Tbl_correct,hard_hadron,neutral_hadron,4,L1_ch32:48,L1,label_Tbl,28.162744522094727,1.4370508193969727,40.47129509194383
20513,C_Tbl_correct,particle0_best_lepton,electron,0,L1_ch32:48,L1,label_Hqql,27.96866798400879,-4.536675453186035,-126.88476950136283
20513,C_Tbl_correct,particle0_best_lepton,electron,0,L1_ch32:48,L1,label_Tbl,27.96866798400879,1.4370508193969727,40.192397243861706
20514,C_Tbl_correct,hadron_neighbor,charged_hadron,12,L1_ch32:48,L1,label_Hqql,23.225860595703125,-2.3260908126831055,-54.0254609483236
20514,C_Tbl_correct,hadron_neighbor,charged_hadron,12,L1_ch32:48,L1,label_Tbl,23.225860595703125,1.1374893188476562,26.419168348656967
20514,C_Tbl_correct,hadron_neighbor,charged_hadron,19,L1_ch32:48,L1,label_Hqql,23.094816207885742,-2.3260908126831055,-53.7206398017679
20514,C_Tbl_correct,hadron_neighbor,charged_hadron,19,L1_ch32:48,L1,label_Tbl,23.094816207885742,1.1374893188476562,26.270106757219764
20514,C_Tbl_correct,photon_neighbor,photon,16,L1_ch32:48,L1,label_Hqql,22.99526023864746,-2.3260908126831055,-53.489063576374974
20514,C_Tbl_correct,photon_neighbor,photon,16,L1_ch32:48,L1,label_Tbl,22.99526023864746,1.1374893188476562,26.156862905583694
20515,C_Tbl_correct,particle0_best_lepton,muon,0,L1_ch32:48,L1,label_Hqql,24.423480987548828,-1.6811676025390625,-41.05996497749584
20515,C_Tbl_correct,particle0_best_lepton,muon,0,L1_ch32:48,L1,label_Tbl,24.423480987548828,1.9667186737060547,48.034116135117074
20515,C_Tbl_correct,nearest_hadron_to_best_lepton,charged_hadron,15,L1_ch32:48,L1,label_Hqql,21.23055076599121,-1.6811676025390625,-35.6921141318453
20515,C_Tbl_correct,nearest_hadron_to_best_lepton,charged_hadron,15,L1_ch32:48,L1,label_Tbl,21.23055076599121,1.9667186737060547,41.7545206445393
20515,C_Tbl_correct,hadron_neighbor,neutral_hadron,5,L1_ch32:48,L1,label_Hqql,17.75753402709961,-1.6811676025390625,-29.853390907344874
20515,C_Tbl_correct,hadron_neighbor,neutral_hadron,5,L1_ch32:48,L1,label_Tbl,17.75753402709961,1.9667186737060547,34.92407377006748
20516,C_Tbl_correct,particle0_best_lepton,electron,0,L1_ch32:48,L1,label_Hqql,28.91775131225586,0.7663192749023438,22.16023021741421
20516,C_Tbl_correct,particle0_best_lepton,electron,0,L1_ch32:48,L1,label_Tbl,28.91775131225586,2.9497628211975098,85.30050769352783
20516,C_Tbl_correct,nearest_hadron_to_best_lepton,charged_hadron,20,L1_ch32:48,L1,label_Hqql,27.877544403076172,0.7663192749023438,21.363099613023223
20516,C_Tbl_correct,nearest_hadron_to_best_lepton,charged_hadron,20,L1_ch32:48,L1,label_Tbl,27.877544403076172,2.9497628211975098,82.23214402647682
20516,C_Tbl_correct,hard_hadron,neutral_hadron,3,L1_ch32:48,L1,label_Hqql,23.305198669433594,0.7663192749023438,17.859222945815418
20516,C_Tbl_correct,hard_hadron,neutral_hadron,3,L1_ch32:48,L1,label_Tbl,23.305198669433594,2.9497628211975098,68.74480857571689
20517,C_Tbl_correct,hadron_neighbor,charged_hadron,14,L1_ch32:48,L1,label_Hqql,28.494338989257812,0.5896964073181152,16.803009330869827
20517,C_Tbl_correct,hadron_neighbor,charged_hadron,14,L1_ch32:48,L1,label_Tbl,28.494338989257812,2.418452501296997,68.9122054013751
20517,C_Tbl_correct,particle0,neutral_hadron,0,L1_ch32:48,L1,label_Hqql,28.118486404418945,0.5896964073181152,16.58137041190912
20517,C_Tbl_correct,particle0,neutral_hadron,0,L1_ch32:48,L1,label_Tbl,28.118486404418945,2.418452501296997,68.0032237774526
20517,C_Tbl_correct,hadron_neighbor,neutral_hadron,12,L1_ch32:48,L1,label_Hqql,24.219087600708008,0.5896964073181152,14.281908946660224
20517,C_Tbl_correct,hadron_neighbor,neutral_hadron,12,L1_ch32:48,L1,label_Tbl,24.219087600708008,2.418452501296997,58.57271298706337
20518,C_Tbl_correct,hadron_neighbor,charged_hadron,23,L1_ch32:48,L1,label_Hqql,21.116849899291992,1.5298666954040527,32.305965372773244
20518,C_Tbl_correct,hadron_neighbor,charged_hadron,23,L1_ch32:48,L1,label_Tbl,21.116849899291992,1.8067266941070557,38.15237640850273
20518,C_Tbl_correct,hard_hadron,charged_hadron,9,L1_ch32:48,L1,label_Hqql,20.84996223449707,1.5298666954040527,31.897662822989332
20518,C_Tbl_correct,hard_hadron,charged_hadron,9,L1_ch32:48,L1,label_Tbl,20.84996223449707,1.8067266941070557,37.67018334018985
20518,C_Tbl_correct,nearest_hadron_to_best_lepton,charged_hadron,4,L1_ch32:48,L1,label_Hqql,20.424150466918945,1.5298666954040527,31.246227581260428
20518,C_Tbl_correct,nearest_hadron_to_best_lepton,charged_hadron,4,L1_ch32:48,L1,label_Tbl,20.424150466918945,1.8067266941070557,36.90085785304154
20519,C_Tbl_correct,particle0_best_lepton,muon,0,L1_ch32:48,L1,label_Hqql,21.75067901611328,-0.14168047904968262,-3.081646622658809
20519,C_Tbl_correct,particle0_best_lepton,muon,0,L1_ch32:48,L1,label_Tbl,21.75067901611328,2.0937438011169434,45.54034936007156
20519,C_Tbl_correct,hadron_neighbor,charged_hadron,11,L1_ch32:48,L1,label_Hqql,17.66309928894043,-0.14168047904968262,-2.5025163687591885
20519,C_Tbl_correct,hadron_neighbor,charged_hadron,11,L1_ch32:48,L1,label_Tbl,17.66309928894043,2.0937438011169434,36.982004644732115
20519,C_Tbl_correct,hard_hadron,charged_hadron,9,L1_ch32:48,L1,label_Hqql,16.802082061767578,-0.14168047904968262,-2.3805270355433095
20519,C_Tbl_correct,hard_hadron,charged_hadron,9,L1_ch32:48,L1,label_Tbl,16.802082061767578,2.0937438011169434,35.17925516268406
20520,C_Tbl_correct,particle0_best_lepton,muon,0,L1_ch32:48,L1,label_Hqql,18.80659294128418,-0.4450562000274658,-8.369990789911299
20520,C_Tbl_correct,particle0_best_lepton,muon,0,L1_ch32:48,L1,label_Tbl,18.80659294128418,1.3138420581817627,24.708892777363417
20520,C_Tbl_correct,hadron_neighbor,charged_hadron,21,L1_ch32:48,L1,label_Hqql,17.661636352539062,-0.4450562000274658,-7.860420761327987
20520,C_Tbl_correct,hadron_neighbor,charged_hadron,21,L1_ch32:48,L1,label_Tbl,17.661636352539062,1.3138420581817627,23.204600656277762
20520,C_Tbl_correct,photon_neighbor,photon,24,L1_ch32:48,L1,label_Hqql,16.791765213012695,-0.4450562000274658,-7.47327921745682
20520,C_Tbl_correct,photon_neighbor,photon,24,L1_ch32:48,L1,label_Tbl,16.791765213012695,1.3138420581817627,22.061727367969524
20521,C_Tbl_correct,hadron_neighbor,charged_hadron,13,L1_ch32:48,L1,label_Hqql,24.322410583496094,1.1209354400634766,27.263852010815754
20521,C_Tbl_correct,hadron_neighbor,charged_hadron,13,L1_ch32:48,L1,label_Tbl,24.322410583496094,3.57499361038208,86.95246242508802
20521,C_Tbl_correct,best_lepton,muon,1,L1_ch32:48,L1,label_Hqql,21.20543670654297,1.1209354400634766,23.769925526386942
20521,C_Tbl_correct,best_lepton,muon,1,L1_ch32:48,L1,label_Tbl,21.20543670654297,3.57499361038208,75.80930073125273
20521,C_Tbl_correct,hard_hadron,charged_hadron,7,L1_ch32:48,L1,label_Hqql,21.04105567932129,1.1209354400634766,23.585665007300122
20521,C_Tbl_correct,hard_hadron,charged_hadron,7,L1_ch32:48,L1,label_Tbl,21.04105567932129,3.57499361038208,75.22163960926719
20522,C_Tbl_correct,hadron_neighbor,neutral_hadron,12,L1_ch32:48,L1,label_Hqql,30.235132217407227,-3.3461523056030273,-101.17135737948956
20522,C_Tbl_correct,hadron_neighbor,neutral_hadron,12,L1_ch32:48,L1,label_Tbl,30.235132217407227,2.5982465744018555,78.5583287104655
20522,C_Tbl_correct,hadron_neighbor,neutral_hadron,19,L1_ch32:48,L1,label_Hqql,29.2813777923584,-3.3461523056030273,-97.97994981113334
20522,C_Tbl_correct,hadron_neighbor,neutral_hadron,19,L1_ch32:48,L1,label_Tbl,29.2813777923584,2.5982465744018555,76.08023954276177
20522,C_Tbl_correct,particle0_best_lepton,muon,0,L1_ch32:48,L1,label_Hqql,25.736225128173828,-3.3461523056030273,-86.11732905015742
20522,C_Tbl_correct,particle0_best_lepton,muon,0,L1_ch32:48,L1,label_Tbl,25.736225128173828,2.5982465744018555,66.8690587773126
20523,C_Tbl_correct,hard_hadron,charged_hadron,6,L1_ch32:48,L1,label_Hqql,36.53047180175781,-2.8443078994750977,-103.90390951729205
20523,C_Tbl_correct,hard_hadron,charged_hadron,6,L1_ch32:48,L1,label_Tbl,36.53047180175781,2.843430519104004,103.8718583983864
20523,C_Tbl_correct,hadron_neighbor,charged_hadron,8,L1_ch32:48,L1,label_Hqql,31.786102294921875,-2.8443078994750977,-90.40946185096982
20523,C_Tbl_correct,hadron_neighbor,charged_hadron,8,L1_ch32:48,L1,label_Tbl,31.786102294921875,2.843430519104004,90.38157334874268
20523,C_Tbl_correct,photon_neighbor,photon,5,L1_ch32:48,L1,label_Hqql,29.354835510253906,-2.8443078994750977,-83.4941905296073
20523,C_Tbl_correct,photon_neighbor,photon,5,L1_ch32:48,L1,label_Tbl,29.354835510253906,2.843430519104004,83.46843517313391
20524,C_Tbl_correct,hadron_neighbor,neutral_hadron,8,L1_ch32:48,L1,label_Hqql,30.992090225219727,-1.8762140274047852,-58.14779441915198
20524,C_Tbl_correct,hadron_neighbor,neutral_hadron,8,L1_ch32:48,L1,label_Tbl,30.992090225219727,3.18207049369812,98.61901584370162
20524,C_Tbl_correct,hard_hadron,charged_hadron,6,L1_ch32:48,L1,label_Hqql,29.62358283996582,-1.8762140274047852,-55.580181666331555
20524,C_Tbl_correct,hard_hadron,charged_hadron,6,L1_ch32:48,L1,label_Tbl,29.62358283996582,3.18207049369812,94.2643288726772
20524,C_Tbl_correct,hard_hadron,charged_hadron,4,L1_ch32:48,L1,label_Hqql,28.690860748291016,-1.8762140274047852,-53.830195394260954
20524,C_Tbl_correct,hard_hadron,charged_hadron,4,L1_ch32:48,L1,label_Tbl,28.690860748291016,3.18207049369812,91.29634142593841
20525,C_Tbl_correct,hadron_neighbor,charged_hadron,25,L1_ch32:48,L1,label_Hqql,37.349952697753906,-0.8310513496398926,-31.03972859845453
20525,C_Tbl_correct,hadron_neighbor,charged_hadron,25,L1_ch32:48,L1,label_Tbl,37.349952697753906,1.5294790267944336,57.125969302978774
20525,C_Tbl_correct,photon_neighbor,photon,39,L1_ch32:48,L1,label_Hqql,26.10943603515625,-0.8310513496398926,-21.698282055353047
20525,C_Tbl_correct,photon_neighbor,photon,39,L1_ch32:48,L1,label_Tbl,26.10943603515625,1.5294790267944336,39.933834817202296
20525,C_Tbl_correct,hard_hadron,neutral_hadron,5,L1_ch32:48,L1,label_Hqql,22.691003799438477,-0.8310513496398926,-18.857389332207276
20525,C_Tbl_correct,hard_hadron,neutral_hadron,5,L1_ch32:48,L1,label_Tbl,22.691003799438477,1.5294790267944336,34.705414408153956
20526,C_Tbl_correct,nearest_hadron_to_best_lepton,neutral_hadron,19,L1_ch32:48,L1,label_Hqql,22.57572364807129,-0.5097990036010742,-11.509081421359951
20526,C_Tbl_correct,nearest_hadron_to_best_lepton,neutral_hadron,19,L1_ch32:48,L1,label_Tbl,22.57572364807129,1.8612642288208008,42.01938686589892
20526,C_Tbl_correct,hadron_neighbor,neutral_hadron,17,L1_ch32:48,L1,label_Hqql,22.119909286499023,-0.5097990036010742,-11.27670771400335
20526,C_Tbl_correct,hadron_neighbor,neutral_hadron,17,L1_ch32:48,L1,label_Tbl,22.119909286499023,1.8612642288208008,41.170995899721675
20526,C_Tbl_correct,hadron_neighbor,neutral_hadron,9,L1_ch32:48,L1,label_Hqql,21.982097625732422,-0.5097990036010742,-11.206451466659928
20526,C_Tbl_correct,hadron_neighbor,neutral_hadron,9,L1_ch32:48,L1,label_Tbl,21.982097625732422,1.8612642288208008,40.91449198522241
20527,C_Tbl_correct,hard_hadron,neutral_hadron,9,L1_ch32:48,L1,label_Hqql,28.10984992980957,1.4128532409667969,39.71509257642174
20527,C_Tbl_correct,hard_hadron,neutral_hadron,9,L1_ch32:48,L1,label_Tbl,28.10984992980957,2.2375829219818115,62.89812014241352
20527,C_Tbl_correct,photon_neighbor,photon,36,L1_ch32:48,L1,label_Hqql,26.53386116027832,1.4128532409667969,37.48845173566224
20527,C_Tbl_correct,photon_neighbor,photon,36,L1_ch32:48,L1,label_Tbl,26.53386116027832,2.2375829219818115,59.371714586475264
20527,C_Tbl_correct,particle0_best_lepton,electron,0,L1_ch32:48,L1,label_Hqql,25.464256286621094,1.4128532409667969,35.977257023361744
20527,C_Tbl_correct,particle0_best_lepton,electron,0,L1_ch32:48,L1,label_Tbl,25.464256286621094,2.2375829219818115,56.97838498791134
20528,C_Tbl_correct,photon_neighbor,photon,1,L1_ch32:48,L1,label_Hqql,29.455577850341797,0.004027128219604492,0.11862138878586848
20528,C_Tbl_correct,photon_neighbor,photon,1,L1_ch32:48,L1,label_Tbl,29.455577850341797,1.6095962524414062,47.41158772140625
20528,C_Tbl_correct,photon_neighbor,photon,23,L1_ch32:48,L1,label_Hqql,22.25658416748047,0.004027128219604492,0.08963011817286315
20528,C_Tbl_correct,photon_neighbor,photon,23,L1_ch32:48,L1,label_Tbl,22.25658416748047,1.6095962524414062,35.8241144681233
20528,C_Tbl_correct,hadron_neighbor,neutral_hadron,27,L1_ch32:48,L1,label_Hqql,20.1607608795166,0.004027128219604492,0.08118996906659959
20528,C_Tbl_correct,hadron_neighbor,neutral_hadron,27,L1_ch32:48,L1,label_Tbl,20.1607608795166,1.6095962524414062,32.45068515803723
20529,C_Tbl_correct,particle0_best_lepton,electron,0,L1_ch32:48,L1,label_Hqql,33.787071228027344,-2.8719940185546875,-97.03626647137571
20529,C_Tbl_correct,particle0_best_lepton,electron,0,L1_ch32:48,L1,label_Tbl,33.787071228027344,0.642542839050293,21.709640670051158
20529,C_Tbl_correct,hadron_neighbor,charged_hadron,21,L1_ch32:48,L1,label_Hqql,32.523109436035156,-2.8719940185546875,-93.40617576509248
20529,C_Tbl_correct,hadron_neighbor,charged_hadron,21,L1_ch32:48,L1,label_Tbl,32.523109436035156,0.642542839050293,20.897491071773402
20529,C_Tbl_correct,hadron_neighbor,neutral_hadron,22,L1_ch32:48,L1,label_Hqql,32.10795593261719,-2.8719940185546875,-92.21385738649406
20529,C_Tbl_correct,hadron_neighbor,neutral_hadron,22,L1_ch32:48,L1,label_Tbl,32.10795593261719,0.642542839050293,20.630737161045545
20530,C_Tbl_correct,photon_neighbor,photon,62,L1_ch32:48,L1,label_Hqql,20.754032135009766,-0.5976053476333618,-12.402720588836473
20530,C_Tbl_correct,photon_neighbor,photon,62,L1_ch32:48,L1,label_Tbl,20.754032135009766,0.7022974491119385,14.575503827204557
20530,C_Tbl_correct,particle0_best_lepton,electron,0,L1_ch32:48,L1,label_Hqql,20.445558547973633,-0.5976053476333618,-12.218375123620035
20530,C_Tbl_correct,particle0_best_lepton,electron,0,L1_ch32:48,L1,label_Tbl,20.445558547973633,0.7022974491119385,14.358863613910671
20530,C_Tbl_correct,hadron_neighbor,neutral_hadron,22,L1_ch32:48,L1,label_Hqql,19.68798065185547,-0.5976053476333618,-11.765642521650989
20530,C_Tbl_correct,hadron_neighbor,neutral_hadron,22,L1_ch32:48,L1,label_Tbl,19.68798065185547,0.7022974491119385,13.826818589963295
20531,C_Tbl_correct,hadron_neighbor,charged_hadron,8,L1_ch32:48,L1,label_Hqql,30.342782974243164,-0.7594107389450073,-23.04263524011799
20531,C_Tbl_correct,hadron_neighbor,charged_hadron,8,L1_ch32:48,L1,label_Tbl,30.342782974243164,2.244295358657837,68.09816699785597
20531,C_Tbl_correct,hard_hadron,charged_hadron,3,L1_ch32:48,L1,label_Hqql,25.9417781829834,-0.7594107389450073,-19.700464939486892
20531,C_Tbl_correct,hard_hadron,charged_hadron,3,L1_ch32:48,L1,label_Tbl,25.9417781829834,2.244295358657837,58.221012371400775
20531,C_Tbl_correct,hard_hadron,charged_hadron,4,L1_ch32:48,L1,label_Hqql,24.86917495727539,-0.7594107389450073,-18.885918531257175
20531,C_Tbl_correct,hard_hadron,charged_hadron,4,L1_ch32:48,L1,label_Tbl,24.86917495727539,2.244295358657837,55.81377393026287
20532,C_Tbl_correct,hard_hadron,neutral_hadron,5,L1_ch32:48,L1,label_Hqql,21.8804931640625,-0.8319894075393677,-18.204338544237544
20532,C_Tbl_correct,hard_hadron,neutral_hadron,5,L1_ch32:48,L1,label_Tbl,21.8804931640625,1.4274356365203857,31.232995687023504
20532,C_Tbl_correct,hadron_neighbor,neutral_hadron,9,L1_ch32:48,L1,label_Hqql,20.778297424316406,-0.8319894075393677,-17.287323363733776
20532,C_Tbl_correct,hadron_neighbor,neutral_hadron,9,L1_ch32:48,L1,label_Tbl,20.778297424316406,1.4274356365203857,29.65968220968898
20532,C_Tbl_correct,hard_hadron,neutral_hadron,7,L1_ch32:48,L1,label_Hqql,20.73293113708496,-0.8319894075393677,-17.249579093297825
20532,C_Tbl_correct,hard_hadron,neutral_hadron,7,L1_ch32:48,L1,label_Tbl,20.73293113708496,1.4274356365203857,29.594924754598196
20533,C_Tbl_correct,hadron_neighbor,charged_hadron,53,L1_ch32:48,L1,label_Hqql,35.93832778930664,-0.13699007034301758,-4.92319405186754
20533,C_Tbl_correct,hadron_neighbor,charged_hadron,53,L1_ch32:48,L1,label_Tbl,35.93832778930664,1.5571153163909912,55.96012064620936
20533,C_Tbl_correct,photon_neighbor,photon,14,L1_ch32:48,L1,label_Hqql,24.208999633789062,-0.13699007034301758,-3.3163925627668505
20533,C_Tbl_correct,photon_neighbor,photon,14,L1_ch32:48,L1,label_Tbl,24.208999633789062,1.5571153163909912,37.696204124276846
20533,C_Tbl_correct,particle0_best_lepton,electron,0,L1_ch32:48,L1,label_Hqql,16.016023635864258,-0.13699007034301758,-2.194036204492477
20533,C_Tbl_correct,particle0_best_lepton,electron,0,L1_ch32:48,L1,label_Tbl,16.016023635864258,1.5571153163909912,24.938795711084367
20534,C_Tbl_correct,hadron_neighbor,neutral_hadron,10,L1_ch32:48,L1,label_Hqql,28.660402297973633,1.0139318704605103,29.059695310135112
20534,C_Tbl_correct,hadron_neighbor,neutral_hadron,10,L1_ch32:48,L1,label_Tbl,28.660402297973633,2.5159597396850586,72.1084183048788
20534,C_Tbl_correct,particle0_best_lepton,muon,0,L1_ch32:48,L1,label_Hqql,21.872148513793945,1.0139318704605103,22.176868453581164
20534,C_Tbl_correct,particle0_best_lepton,muon,0,L1_ch32:48,L1,label_Tbl,21.872148513793945,2.5159597396850586,55.029445081117956
20534,C_Tbl_correct,hadron_neighbor,charged_hadron,13,L1_ch32:48,L1,label_Hqql,21.801509857177734,1.0139318704605103,22.105245668351472
20534,C_Tbl_correct,hadron_neighbor,charged_hadron,13,L1_ch32:48,L1,label_Tbl,21.801509857177734,2.5159597396850586,54.85172106500613
20535,C_Tbl_correct,nearest_hadron_to_best_lepton,neutral_hadron,7,L1_ch32:48,L1,label_Hqql,27.511367797851562,-0.8702883720397949,-23.942823493380274
20535,C_Tbl_correct,nearest_hadron_to_best_lepton,neutral_hadron,7,L1_ch32:48,L1,label_Tbl,27.511367797851562,1.8305883407592773,50.361989129087306
20535,C_Tbl_correct,hardest_hadron,neutral_hadron,2,L1_ch32:48,L1,label_Hqql,24.31142234802246,-0.8702883720397949,-21.157948177232356
20535,C_Tbl_correct,hardest_hadron,neutral_hadron,2,L1_ch32:48,L1,label_Tbl,24.31142234802246,1.8305883407592773,44.50420629756445
20535,C_Tbl_correct,particle0_best_lepton,muon,0,L1_ch32:48,L1,label_Hqql,23.62682342529297,-0.8702883720397949,-20.56214969526991
20535,C_Tbl_correct,particle0_best_lepton,muon,0,L1_ch32:48,L1,label_Tbl,23.62682342529297,1.8305883407592773,43.25098749151948
20536,C_Tbl_correct,particle0_best_lepton,electron,0,L1_ch32:48,L1,label_Hqql,24.93549346923828,-2.3603057861328125,-58.85538951552007
20536,C_Tbl_correct,particle0_best_lepton,electron,0,L1_ch32:48,L1,label_Tbl,24.93549346923828,1.20566725730896,30.063908020702
20536,C_Tbl_correct,hadron_neighbor,neutral_hadron,17,L1_ch32:48,L1,label_Hqql,18.74103546142578,-2.3603057861328125,-44.234574437723495
20536,C_Tbl_correct,hadron_neighbor,neutral_hadron,17,L1_ch32:48,L1,label_Tbl,18.74103546142578,1.20566725730896,22.59545282390718
20536,C_Tbl_correct,photon_neighbor,photon,29,L1_ch32:48,L1,label_Hqql,18.43479347229004,-2.3603057861328125,-43.51174969880958
20536,C_Tbl_correct,photon_neighbor,photon,29,L1_ch32:48,L1,label_Tbl,18.43479347229004,1.20566725730896,22.22622688479305
20537,C_Tbl_correct,hadron_neighbor,charged_hadron,14,L1_ch32:48,L1,label_Hqql,21.310277938842773,0.1475667953491211,3.1446894234341016
20537,C_Tbl_correct,hadron_neighbor,charged_hadron,14,L1_ch32:48,L1,label_Tbl,21.310277938842773,2.93402361869812,62.52485879358619
20537,C_Tbl_correct,particle0_best_lepton,muon,0,L1_ch32:48,L1,label_Hqql,21.28287124633789,0.1475667953491211,3.1406451056500373
20537,C_Tbl_correct,particle0_best_lepton,muon,0,L1_ch32:48,L1,label_Tbl,21.28287124633789,2.93402361869812,62.44444691046647
20537,C_Tbl_correct,hard_hadron,charged_hadron,6,L1_ch32:48,L1,label_Hqql,19.909038543701172,0.1475667953491211,2.9379130163761147
20537,C_Tbl_correct,hard_hadron,charged_hadron,6,L1_ch32:48,L1,label_Tbl,19.909038543701172,2.93402361869812,58.413589312790464
20538,C_Tbl_correct,hadron_neighbor,charged_hadron,25,L1_ch32:48,L1,label_Hqql,35.46162796020508,-3.3242502212524414,-117.8833245926835
20538,C_Tbl_correct,hadron_neighbor,charged_hadron,25,L1_ch32:48,L1,label_Tbl,35.46162796020508,0.5526735186576843,19.59870270209626
20538,C_Tbl_correct,nearest_hadron_to_best_lepton,neutral_hadron,12,L1_ch32:48,L1,label_Hqql,23.832292556762695,-3.3242502212524414,-79.2245038047713
20538,C_Tbl_correct,nearest_hadron_to_best_lepton,neutral_hadron,12,L1_ch32:48,L1,label_Tbl,23.832292556762695,0.5526735186576843,13.171476985025379
20538,C_Tbl_correct,hadron_neighbor,charged_hadron,16,L1_ch32:48,L1,label_Hqql,23.59954833984375,-3.3242502212524414,-78.45080379018327
20538,C_Tbl_correct,hadron_neighbor,charged_hadron,16,L1_ch32:48,L1,label_Tbl,23.59954833984375,0.5526735186576843,13.042845419713558
20539,C_Tbl_correct,hadron_neighbor,neutral_hadron,13,L1_ch32:48,L1,label_Hqql,19.653291702270508,-1.044832706451416,-20.53440195996245
20539,C_Tbl_correct,hadron_neighbor,neutral_hadron,13,L1_ch32:48,L1,label_Tbl,19.653291702270508,1.4731016159057617,28.951295764481983
20539,C_Tbl_correct,hadron_neighbor,neutral_hadron,15,L1_ch32:48,L1,label_Hqql,17.73930549621582,-1.044832706451416,-18.534606572179655
20539,C_Tbl_correct,hadron_neighbor,neutral_hadron,15,L1_ch32:48,L1,label_Tbl,17.73930549621582,1.4731016159057617,26.131799591521485
20539,C_Tbl_correct,photon_neighbor,photon,58,L1_ch32:48,L1,label_Hqql,17.580238342285156,-1.044832706451416,-18.368408007230755
20539,C_Tbl_correct,photon_neighbor,photon,58,L1_ch32:48,L1,label_Tbl,17.580238342285156,1.4731016159057617,25.897477510028693
20540,C_Tbl_correct,nearest_hadron_to_best_lepton,charged_hadron,11,L1_ch32:48,L1,label_Hqql,25.564943313598633,0.33168458938598633,8.47949772564698
20540,C_Tbl_correct,nearest_hadron_to_best_lepton,charged_hadron,11,L1_ch32:48,L1,label_Tbl,25.564943313598633,1.473531723022461,37.670754969858535
20540,C_Tbl_correct,hard_hadron,neutral_hadron,5,L1_ch32:48,L1,label_Hqql,24.632535934448242,0.33168458938598633,8.170232566953018
20540,C_Tbl_correct,hard_hadron,neutral_hadron,5,L1_ch32:48,L1,label_Tbl,24.632535934448242,1.473531723022461,36.2968231179002
20540,C_Tbl_correct,hadron_neighbor,charged_hadron,8,L1_ch32:48,L1,label_Hqql,22.40289878845215,0.33168458938598633,7.430696285703561
20540,C_Tbl_correct,hadron_neighbor,charged_hadron,8,L1_ch32:48,L1,label_Tbl,22.40289878845215,1.473531723022461,33.0113820524457
20541,C_Tbl_correct,nearest_hadron_to_best_lepton,charged_hadron,11,L1_ch32:48,L1,label_Hqql,22.80437660217285,-1.1725562810897827,-26.739415021214654
20541,C_Tbl_correct,nearest_hadron_to_best_lepton,charged_hadron,11,L1_ch32:48,L1,label_Tbl,22.80437660217285,0.823699951171875,18.783963893714827
20541,C_Tbl_correct,hard_hadron,neutral_hadron,5,L1_ch32:48,L1,label_Hqql,21.7408447265625,-1.1725562810897827,-25.49236404032854
20541,C_Tbl_correct,hard_hadron,neutral_hadron,5,L1_ch32:48,L1,label_Tbl,21.7408447265625,0.823699951171875,17.907932739704847
20541,C_Tbl_correct,hadron_neighbor,charged_hadron,7,L1_ch32:48,L1,label_Hqql,21.246509552001953,-1.1725562810897827,-24.912728226433956
20541,C_Tbl_correct,hadron_neighbor,charged_hadron,7,L1_ch32:48,L1,label_Tbl,21.246509552001953,0.823699951171875,17.500748880556785
20542,C_Tbl_correct,photon_neighbor,photon,17,L1_ch32:48,L1,label_Hqql,24.669790267944336,-2.0120558738708496,-49.63699641577932
20542,C_Tbl_correct,photon_neighbor,photon,17,L1_ch32:48,L1,label_Tbl,24.669790267944336,1.3974714279174805,34.475327032168934
20542,C_Tbl_correct,particle0_best_lepton,electron,0,L1_ch32:48,L1,label_Hqql,21.456449508666992,-2.0120558738708496,-43.17157526632673
20542,C_Tbl_correct,particle0_best_lepton,electron,0,L1_ch32:48,L1,label_Tbl,21.456449508666992,1.3974714279174805,29.984775132916184
20542,C_Tbl_correct,hadron_neighbor,charged_hadron,11,L1_ch32:48,L1,label_Hqql,18.815937042236328,-2.0120558738708496,-37.858716648215704
20542,C_Tbl_correct,hadron_neighbor,charged_hadron,11,L1_ch32:48,L1,label_Tbl,18.815937042236328,1.3974714279174805,26.294734406019415
20543,C_Tbl_correct,hadron_neighbor,charged_hadron,42,L1_ch32:48,L1,label_Hqql,52.51792526245117,-1.7803349494934082,-93.4994978196246
20543,C_Tbl_correct,hadron_neighbor,charged_hadron,42,L1_ch32:48,L1,label_Tbl,52.51792526245117,-0.6495753526687622,-34.114349823788416
20543,C_Tbl_correct,hadron_neighbor,neutral_hadron,43,L1_ch32:48,L1,label_Hqql,46.394264221191406,-1.7803349494934082,-82.59733004901864
20543,C_Tbl_correct,hadron_neighbor,neutral_hadron,43,L1_ch32:48,L1,label_Tbl,46.394264221191406,-0.6495753526687622,-30.136570543288144
20543,C_Tbl_correct,photon_neighbor,photon,48,L1_ch32:48,L1,label_Hqql,44.3930549621582,-1.7803349494934082,-79.03450726391202
20543,C_Tbl_correct,photon_neighbor,photon,48,L1_ch32:48,L1,label_Tbl,44.3930549621582,-0.6495753526687622,-28.83663433308766
20544,C_Tbl_correct,particle0_best_lepton,muon,0,L1_ch32:48,L1,label_Hqql,23.52080535888672,-0.7841229438781738,-18.44320314039578
20544,C_Tbl_correct,particle0_best_lepton,muon,0,L1_ch32:48,L1,label_Tbl,23.52080535888672,1.1510348320007324,27.0732662447881
20544,C_Tbl_correct,photon_neighbor,photon,10,L1_ch32:48,L1,label_Hqql,16.625141143798828,-0.7841229438781738,-13.036154616065687
20544,C_Tbl_correct,photon_neighbor,photon,10,L1_ch32:48,L1,label_Tbl,16.625141143798828,1.1510348320007324,19.13611654344095
20544,C_Tbl_correct,nearest_hadron_to_best_lepton,charged_hadron,9,L1_ch32:48,L1,label_Hqql,15.94690990447998,-0.7841229438781738,-12.50433794006085
20544,C_Tbl_correct,nearest_hadron_to_best_lepton,charged_hadron,9,L1_ch32:48,L1,label_Tbl,15.94690990447998,1.1510348320007324,18.35544876283393
20545,C_Tbl_correct,particle0_best_lepton,electron,0,L1_ch32:48,L1,label_Hqql,26.267236709594727,-0.23604297637939453,-6.200196734194833
20545,C_Tbl_correct,particle0_best_lepton,electron,0,L1_ch32:48,L1,label_Tbl,26.267236709594727,1.5120463371276855,39.717279053208586
20545,C_Tbl_correct,hadron_neighbor,neutral_hadron,11,L1_ch32:48,L1,label_Hqql,22.576154708862305,-0.23604297637939453,-5.328942752681542
20545,C_Tbl_correct,hadron_neighbor,neutral_hadron,11,L1_ch32:48,L1,label_Tbl,22.576154708862305,1.5120463371276855,34.1361920339632
20545,C_Tbl_correct,nearest_hadron_to_best_lepton,charged_hadron,9,L1_ch32:48,L1,label_Hqql,22.49448585510254,-0.23604297637939453,-5.309665393362593
20545,C_Tbl_correct,nearest_hadron_to_best_lepton,charged_hadron,9,L1_ch32:48,L1,label_Tbl,22.49448585510254,1.5120463371276855,34.01270494277833
20546,C_Tbl_correct,particle0_best_lepton,electron,0,L1_ch32:48,L1,label_Hqql,30.88840675354004,1.8348636627197266,56.676015151377214
20546,C_Tbl_correct,particle0_best_lepton,electron,0,L1_ch32:48,L1,label_Tbl,30.88840675354004,1.4418120384216309,44.53527670491803
20546,C_Tbl_correct,hadron_neighbor,charged_hadron,15,L1_ch32:48,L1,label_Hqql,30.37595558166504,1.8348636627197266,55.735737117185636
20546,C_Tbl_correct,hadron_neighbor,charged_hadron,15,L1_ch32:48,L1,label_Tbl,30.37595558166504,1.4418120384216309,43.796418436205386
20546,C_Tbl_correct,hadron_neighbor,charged_hadron,17,L1_ch32:48,L1,label_Hqql,24.3499755859375,1.8348636627197266,44.6788853907492
20546,C_Tbl_correct,hadron_neighbor,charged_hadron,17,L1_ch32:48,L1,label_Tbl,24.3499755859375,1.4418120384216309,35.10808793507749
20547,C_Tbl_correct,particle0_best_lepton,electron,0,L1_ch32:48,L1,label_Hqql,38.49790573120117,-1.0024361610412598,-38.591692829313615
20547,C_Tbl_correct,particle0_best_lepton,electron,0,L1_ch32:48,L1,label_Tbl,38.49790573120117,1.6834948062896729,64.8110243515066
20547,C_Tbl_correct,hadron_neighbor,charged_hadron,33,L1_ch32:48,L1,label_Hqql,28.646642684936523,-1.0024361610412598,-28.716430519808455
20547,C_Tbl_correct,hadron_neighbor,charged_hadron,33,L1_ch32:48,L1,label_Tbl,28.646642684936523,1.6834948062896729,48.226474177726686
20547,C_Tbl_correct,hadron_neighbor,charged_hadron,37,L1_ch32:48,L1,label_Hqql,28.618022918701172,-1.0024361610412598,-28.68774103121359
20547,C_Tbl_correct,hadron_neighbor,charged_hadron,37,L1_ch32:48,L1,label_Tbl,28.618022918701172,1.6834948062896729,48.17829294991225
20548,C_Tbl_correct,hadron_neighbor,charged_hadron,10,L1_ch32:48,L1,label_Hqql,25.863679885864258,0.9199342727661133,23.792885546858088
20548,C_Tbl_correct,hadron_neighbor,charged_hadron,10,L1_ch32:48,L1,label_Tbl,25.863679885864258,2.544628143310547,65.8134477271451
20548,C_Tbl_correct,particle0_best_lepton,electron,0,L1_ch32:48,L1,label_Hqql,24.413055419921875,0.9199342727661133,22.45840638372465
20548,C_Tbl_correct,particle0_best_lepton,electron,0,L1_ch32:48,L1,label_Tbl,24.413055419921875,2.544628143310547,62.122147885733284
20548,C_Tbl_correct,photon_neighbor,photon,5,L1_ch32:48,L1,label_Hqql,16.562910079956055,0.9199342727661133,15.2367886392949
20548,C_Tbl_correct,photon_neighbor,photon,5,L1_ch32:48,L1,label_Tbl,16.562910079956055,2.544628143310547,42.14644712457812
20549,C_Tbl_correct,nearest_hadron_to_best_lepton,charged_hadron,13,L1_ch32:48,L1,label_Hqql,25.651596069335938,-1.3209670782089233,-33.884913911106196
20549,C_Tbl_correct,nearest_hadron_to_best_lepton,charged_hadron,13,L1_ch32:48,L1,label_Tbl,25.651596069335938,3.1082944869995117,79.73271464505524
20549,C_Tbl_correct,hadron_neighbor,charged_hadron,11,L1_ch32:48,L1,label_Hqql,24.612913131713867,-1.3209670782089233,-32.51284794581011
20549,C_Tbl_correct,hadron_neighbor,charged_hadron,11,L1_ch32:48,L1,label_Tbl,24.612913131713867,3.1082944869995117,76.5041821963041
20549,C_Tbl_correct,hard_hadron,neutral_hadron,5,L1_ch32:48,L1,label_Hqql,23.13878631591797,-1.3209670782089233,-30.565574953038777
20549,C_Tbl_correct,hard_hadron,neutral_hadron,5,L1_ch32:48,L1,label_Tbl,23.13878631591797,3.1082944869995117,71.92216194162756
20551,C_Tbl_correct,hadron_neighbor,neutral_hadron,15,L1_ch32:48,L1,label_Hqql,30.165498733520508,-0.028192520141601562,-0.8504414306262333
20551,C_Tbl_correct,hadron_neighbor,neutral_hadron,15,L1_ch32:48,L1,label_Tbl,30.165498733520508,3.7039761543273926,111.73228799235312
20551,C_Tbl_correct,particle0,photon,0,L1_ch32:48,L1,label_Hqql,27.300121307373047,-0.028192520141601562,-0.7696592198262806
20551,C_Tbl_correct,particle0,photon,0,L1_ch32:48,L1,label_Tbl,27.300121307373047,3.7039761543273926,101.11899833275493
20551,C_Tbl_correct,hard_hadron,charged_hadron,4,L1_ch32:48,L1,label_Hqql,22.747962951660156,-0.028192520141601562,-0.6413224036950851
20551,C_Tbl_correct,hard_hadron,charged_hadron,4,L1_ch32:48,L1,label_Tbl,22.747962951660156,3.7039761543273926,84.25791233247219
20552,C_Tbl_correct,hadron_neighbor,charged_hadron,9,L1_ch32:48,L1,label_Hqql,32.3392219543457,-4.033073425292969,-130.4264566587226
20552,C_Tbl_correct,hadron_neighbor,charged_hadron,9,L1_ch32:48,L1,label_Tbl,32.3392219543457,1.7167072296142578,55.516976129125396
20552,C_Tbl_correct,photon_neighbor,photon,10,L1_ch32:48,L1,label_Hqql,31.00347900390625,-4.033073425292969,-125.03930726228282
20552,C_Tbl_correct,photon_neighbor,photon,10,L1_ch32:48,L1,label_Tbl,31.00347900390625,1.7167072296142578,53.22389654919971
20552,C_Tbl_correct,photon_neighbor,photon,16,L1_ch32:48,L1,label_Hqql,30.428991317749023,-4.033073425292969,-122.72235624208406
20552,C_Tbl_correct,photon_neighbor,photon,16,L1_ch32:48,L1,label_Tbl,30.428991317749023,1.7167072296142578,52.23766938504923
20553,C_Tbl_correct,nearest_hadron_to_best_lepton,neutral_hadron,20,L1_ch32:48,L1,label_Hqql,36.81098175048828,-6.780925750732422,-249.61253406162723
20553,C_Tbl_correct,nearest_hadron_to_best_lepton,neutral_hadron,20,L1_ch32:48,L1,label_Tbl,36.81098175048828,0.13345378637313843,4.91256489471516
20553,C_Tbl_correct,hadron_neighbor,charged_hadron,27,L1_ch32:48,L1,label_Hqql,30.193782806396484,-6.780925750732422,-204.74179934391577
20553,C_Tbl_correct,hadron_neighbor,charged_hadron,27,L1_ch32:48,L1,label_Tbl,30.193782806396484,0.13345378637313843,4.0294746404417765
20553,C_Tbl_correct,hadron_neighbor,neutral_hadron,9,L1_ch32:48,L1,label_Hqql,29.558645248413086,-6.780925750732422,-200.43497872172884
20553,C_Tbl_correct,hadron_neighbor,neutral_hadron,9,L1_ch32:48,L1,label_Tbl,29.558645248413086,0.13345378637313843,3.9447131284611032
20554,C_Tbl_correct,hadron_neighbor,charged_hadron,16,L1_ch32:48,L1,label_Hqql,24.38496208190918,-0.12940168380737305,-3.155455152977993
20554,C_Tbl_correct,hadron_neighbor,charged_hadron,16,L1_ch32:48,L1,label_Tbl,24.38496208190918,1.2808070182800293,31.232430575001672
20554,C_Tbl_correct,hard_hadron,neutral_hadron,5,L1_ch32:48,L1,label_Hqql,22.62027931213379,-0.12940168380737305,-2.9271022311831985
20554,C_Tbl_correct,hard_hadron,neutral_hadron,5,L1_ch32:48,L1,label_Tbl,22.62027931213379,1.2808070182800293,28.97221249843551
20554,C_Tbl_correct,hadron_neighbor,neutral_hadron,15,L1_ch32:48,L1,label_Hqql,20.953125,-0.12940168380737305,-2.7113696560263634
20554,C_Tbl_correct,hadron_neighbor,neutral_hadron,15,L1_ch32:48,L1,label_Tbl,20.953125,1.2808070182800293,26.83690955489874
20555,C_Tbl_correct,hard_hadron,neutral_hadron,5,L1_ch32:48,L1,label_Hqql,27.25105094909668,-0.8381083011627197,-22.83933201584614
20555,C_Tbl_correct,hard_hadron,neutral_hadron,5,L1_ch32:48,L1,label_Tbl,27.25105094909668,3.3034543991088867,90.02260413813383
20555,C_Tbl_correct,particle0_best_lepton,electron,0,L1_ch32:48,L1,label_Hqql,25.992671966552734,-0.8381083011627197,-21.78467414456736
20555,C_Tbl_correct,particle0_best_lepton,electron,0,L1_ch32:48,L1,label_Tbl,25.992671966552734,3.3034543991088867,85.86560655250287
20555,C_Tbl_correct,hadron_neighbor,charged_hadron,7,L1_ch32:48,L1,label_Hqql,22.125999450683594,-0.8381083011627197,-18.543983811139697
20555,C_Tbl_correct,hadron_neighbor,charged_hadron,7,L1_ch32:48,L1,label_Tbl,22.125999450683594,3.3034543991088867,73.09223022004153
20556,C_Tbl_correct,particle0_best_lepton,muon,0,L1_ch32:48,L1,label_Hqql,24.74960708618164,-2.30826997756958,-57.128774993676416
20556,C_Tbl_correct,particle0_best_lepton,muon,0,L1_ch32:48,L1,label_Tbl,24.74960708618164,1.9708900451660156,48.778754227925674
20556,C_Tbl_correct,nearest_hadron_to_best_lepton,charged_hadron,10,L1_ch32:48,L1,label_Hqql,24.645099639892578,-2.30826997756958,-56.88754359297491
20556,C_Tbl_correct,nearest_hadron_to_best_lepton,charged_hadron,10,L1_ch32:48,L1,label_Tbl,24.645099639892578,1.9708900451660156,48.57278154238884
20556,C_Tbl_correct,photon_neighbor,photon,16,L1_ch32:48,L1,label_Hqql,21.961397171020508,-2.30826997756958,-50.69283375534815
20556,C_Tbl_correct,photon_neighbor,photon,16,L1_ch32:48,L1,label_Tbl,21.961397171020508,1.9708900451660156,43.283499062301416
20557,C_Tbl_correct,nearest_hadron_to_best_lepton,charged_hadron,33,L1_ch32:48,L1,label_Hqql,25.29372215270996,0.8998739719390869,22.761162218682784
20557,C_Tbl_correct,nearest_hadron_to_best_lepton,charged_hadron,33,L1_ch32:48,L1,label_Tbl,25.29372215270996,1.8395798206329346,46.529820860821474
20557,C_Tbl_correct,hadron_neighbor,neutral_hadron,25,L1_ch32:48,L1,label_Hqql,20.92336654663086,0.8998739719390869,18.828392960654128
20557,C_Tbl_correct,hadron_neighbor,neutral_hadron,25,L1_ch32:48,L1,label_Tbl,20.92336654663086,1.8395798206329346,38.49020287888834
20557,C_Tbl_correct,particle0_best_lepton,electron,0,L1_ch32:48,L1,label_Hqql,18.009891510009766,0.8998739719390869,16.206632607304527
20557,C_Tbl_correct,particle0_best_lepton,electron,0,L1_ch32:48,L1,label_Tbl,18.009891510009766,1.8395798206329346,33.130632993602376
20558,C_Tbl_correct,nearest_hadron_to_best_lepton,charged_hadron,10,L1_ch32:48,L1,label_Hqql,25.528532028198242,-1.6869356632232666,-43.064991108105005
20558,C_Tbl_correct,nearest_hadron_to_best_lepton,charged_hadron,10,L1_ch32:48,L1,label_Tbl,25.528532028198242,0.8471584320068359,21.626711164444714
20558,C_Tbl_correct,particle0_best_lepton,electron,0,L1_ch32:48,L1,label_Hqql,19.00017738342285,-1.6869356632232666,-32.05207683566414
20558,C_Tbl_correct,particle0_best_lepton,electron,0,L1_ch32:48,L1,label_Tbl,19.00017738342285,0.8471584320068359,16.09616047999225
20558,C_Tbl_correct,hadron_neighbor,charged_hadron,11,L1_ch32:48,L1,label_Hqql,18.52118492126465,-1.6869356632232666,-31.244047368834345
20558,C_Tbl_correct,hadron_neighbor,charged_hadron,11,L1_ch32:48,L1,label_Tbl,18.52118492126465,0.8471584320068359,15.690377976807213
20559,C_Tbl_correct,particle0_best_lepton,electron,0,L1_ch32:48,L1,label_Hqql,21.2325382232666,-0.5144633054733276,-10.92336179793051
20559,C_Tbl_correct,particle0_best_lepton,electron,0,L1_ch32:48,L1,label_Tbl,21.2325382232666,1.538099765777588,32.65776206807004
20559,C_Tbl_correct,hadron_neighbor,neutral_hadron,12,L1_ch32:48,L1,label_Hqql,19.277151107788086,-0.5144633054733276,-9.917386879021478
20559,C_Tbl_correct,hadron_neighbor,neutral_hadron,12,L1_ch32:48,L1,label_Tbl,19.277151107788086,1.538099765777588,29.650181603748024
20559,C_Tbl_correct,hard_hadron,neutral_hadron,3,L1_ch32:48,L1,label_Hqql,18.73120880126953,-0.5144633054733276,-9.63651959541221
20559,C_Tbl_correct,hard_hadron,neutral_hadron,3,L1_ch32:48,L1,label_Tbl,18.73120880126953,1.538099765777588,28.81046786996376
20560,C_Tbl_correct,nearest_hadron_to_best_lepton,neutral_hadron,16,L1_ch32:48,L1,label_Hqql,25.765518188476562,-0.2155090570449829,-5.55270252907394
20560,C_Tbl_correct,nearest_hadron_to_best_lepton,neutral_hadron,16,L1_ch32:48,L1,label_Tbl,25.765518188476562,2.016477584838867,51.95558988882112
20560,C_Tbl_correct,hadron_neighbor,charged_hadron,15,L1_ch32:48,L1,label_Hqql,20.448429107666016,-0.2155090570449829,-4.406821675044284
20560,C_Tbl_correct,hadron_neighbor,charged_hadron,15,L1_ch32:48,L1,label_Tbl,20.448429107666016,2.016477584838867,41.23379894077516
20560,C_Tbl_correct,hadron_neighbor,neutral_hadron,10,L1_ch32:48,L1,label_Hqql,19.616443634033203,-0.2155090570449829,-4.227521270146553
20560,C_Tbl_correct,hadron_neighbor,neutral_hadron,10,L1_ch32:48,L1,label_Tbl,19.616443634033203,2.016477584838867,39.556118882283045
20561,C_Tbl_correct,hard_hadron,neutral_hadron,5,L1_ch32:48,L1,label_Hqql,18.74724006652832,0.8700607419013977,16.31123760088724
20561,C_Tbl_correct,hard_hadron,neutral_hadron,5,L1_ch32:48,L1,label_Tbl,18.74724006652832,1.5554341077804565,29.160096626226505
20561,C_Tbl_correct,photon_neighbor,photon,50,L1_ch32:48,L1,label_Hqql,18.53226661682129,0.8700607419013977,16.124197641746036
20561,C_Tbl_correct,photon_neighbor,photon,50,L1_ch32:48,L1,label_Tbl,18.53226661682129,1.5554341077804565,28.82571959028496
20561,C_Tbl_correct,hadron_neighbor,neutral_hadron,22,L1_ch32:48,L1,label_Hqql,18.503297805786133,0.8700607419013977,16.098993016524787
20561,C_Tbl_correct,hadron_neighbor,neutral_hadron,22,L1_ch32:48,L1,label_Tbl,18.503297805786133,1.5554341077804565,28.780660513539033
20562,C_Tbl_correct,particle0_best_lepton,electron,0,L1_ch32:48,L1,label_Hqql,27.269088745117188,2.023231029510498,55.17166649559658
20562,C_Tbl_correct,particle0_best_lepton,electron,0,L1_ch32:48,L1,label_Tbl,27.269088745117188,3.4340834617614746,93.6443266769129
20562,C_Tbl_correct,nearest_hadron_to_best_lepton,neutral_hadron,19,L1_ch32:48,L1,label_Hqql,26.386917114257812,2.023231029510498,53.386829478688014
20562,C_Tbl_correct,nearest_hadron_to_best_lepton,neutral_hadron,19,L1_ch32:48,L1,label_Tbl,26.386917114257812,3.4340834617614746,90.61487566894357
20562,C_Tbl_correct,hard_hadron,neutral_hadron,4,L1_ch32:48,L1,label_Hqql,23.494909286499023,2.023231029510498,47.53562950397918
20562,C_Tbl_correct,hard_hadron,neutral_hadron,4,L1_ch32:48,L1,label_Tbl,23.494909286499023,3.4340834617614746,80.68347941635238
20564,C_Tbl_correct,hadron_neighbor,charged_hadron,17,L1_ch32:48,L1,label_Hqql,31.61580467224121,-0.7176388502120972,-22.688729713517432
20564,C_Tbl_correct,hadron_neighbor,charged_hadron,17,L1_ch32:48,L1,label_Tbl,31.61580467224121,1.629105567932129,51.50548342620277
20564,C_Tbl_correct,hardest_hadron,neutral_hadron,1,L1_ch32:48,L1,label_Hqql,22.807231903076172,-0.7176388502120972,-16.367355679444245
20564,C_Tbl_correct,hardest_hadron,neutral_hadron,1,L1_ch32:48,L1,label_Tbl,22.807231903076172,1.629105567932129,37.155388482420676
20564,C_Tbl_correct,particle0_best_lepton,electron,0,L1_ch32:48,L1,label_Hqql,22.739816665649414,-0.7176388502120972,-16.31897588597053
20564,C_Tbl_correct,particle0_best_lepton,electron,0,L1_ch32:48,L1,label_Tbl,22.739816665649414,1.629105567932129,37.04556194376528
20565,C_Tbl_correct,hadron_neighbor,charged_hadron,33,L1_ch32:48,L1,label_Hqql,21.56087303161621,1.153111457824707,24.86208973346038
20565,C_Tbl_correct,hadron_neighbor,charged_hadron,33,L1_ch32:48,L1,label_Tbl,21.56087303161621,2.591042995452881,55.865149044418104
20565,C_Tbl_correct,hadron_neighbor,neutral_hadron,26,L1_ch32:48,L1,label_Hqql,19.39812469482422,1.153111457824707,22.368199845914205
20565,C_Tbl_correct,hadron_neighbor,neutral_hadron,26,L1_ch32:48,L1,label_Tbl,19.39812469482422,2.591042995452881,50.261375115445844
20565,C_Tbl_correct,nearest_hadron_to_best_lepton,neutral_hadron,6,L1_ch32:48,L1,label_Hqql,19.324954986572266,1.153111457824707,22.283827016963187
20565,C_Tbl_correct,nearest_hadron_to_best_lepton,neutral_hadron,6,L1_ch32:48,L1,label_Tbl,19.324954986572266,2.591042995452881,50.07178925540029
20566,C_Tbl_correct,hadron_neighbor,charged_hadron,14,L1_ch32:48,L1,label_Hqql,30.251089096069336,-4.505339622497559,-136.29143032822503
20566,C_Tbl_correct,hadron_neighbor,charged_hadron,14,L1_ch32:48,L1,label_Tbl,30.251089096069336,1.6979055404663086,51.36349178135606
20566,C_Tbl_correct,hadron_neighbor,charged_hadron,7,L1_ch32:48,L1,label_Hqql,26.924524307250977,-4.505339622497559,-121.30412617835646
20566,C_Tbl_correct,hadron_neighbor,charged_hadron,7,L1_ch32:48,L1,label_Tbl,26.924524307250977,1.6979055404663086,45.71529899570123
20566,C_Tbl_correct,nearest_hadron_to_best_lepton,charged_hadron,10,L1_ch32:48,L1,label_Hqql,26.220468521118164,-4.505339622497559,-118.13211574864363
20566,C_Tbl_correct,nearest_hadron_to_best_lepton,charged_hadron,10,L1_ch32:48,L1,label_Tbl,26.220468521118164,1.6979055404663086,44.51987877562897
20567,C_Tbl_correct,photon_neighbor,photon,10,L1_ch32:48,L1,label_Hqql,25.670541763305664,-1.7118608951568604,-43.944396602094
20567,C_Tbl_correct,photon_neighbor,photon,10,L1_ch32:48,L1,label_Tbl,25.670541763305664,1.8515942096710205,47.531426488054876
20567,C_Tbl_correct,photon_neighbor,photon,20,L1_ch32:48,L1,label_Hqql,24.975601196289062,-1.7118608951568604,-42.75475502096015
20567,C_Tbl_correct,photon_neighbor,photon,20,L1_ch32:48,L1,label_Tbl,24.975601196289062,1.8515942096710205,46.24467855810144
20567,C_Tbl_correct,hadron_neighbor,charged_hadron,14,L1_ch32:48,L1,label_Hqql,23.050689697265625,-1.7118608951568604,-39.45957429914415
20567,C_Tbl_correct,hadron_neighbor,charged_hadron,14,L1_ch32:48,L1,label_Tbl,23.050689697265625,1.8515942096710205,42.68052357238048
20568,C_Tbl_correct,hadron_neighbor,neutral_hadron,20,L1_ch32:48,L1,label_Hqql,24.340757369995117,-0.6937710046768188,-16.886911695176195
20568,C_Tbl_correct,hadron_neighbor,neutral_hadron,20,L1_ch32:48,L1,label_Tbl,24.340757369995117,1.0528597831726074,25.627404526830105
20568,C_Tbl_correct,particle0_best_lepton,muon,0,L1_ch32:48,L1,label_Hqql,20.358381271362305,-0.6937710046768188,-14.124054628226759
20568,C_Tbl_correct,particle0_best_lepton,muon,0,L1_ch32:48,L1,label_Tbl,20.358381271362305,1.0528597831726074,21.434520891111788
20568,C_Tbl_correct,nearest_hadron_to_best_lepton,neutral_hadron,22,L1_ch32:48,L1,label_Hqql,19.97225570678711,-0.6937710046768188,-13.856171907360022
20568,C_Tbl_correct,nearest_hadron_to_best_lepton,neutral_hadron,22,L1_ch32:48,L1,label_Tbl,19.97225570678711,1.0528597831726074,21.027984812915747
20569,C_Tbl_correct,hadron_neighbor,neutral_hadron,14,L1_ch32:48,L1,label_Hqql,29.47265625,-1.059000015258789,-31.211543418467045
20569,C_Tbl_correct,hadron_neighbor,neutral_hadron,14,L1_ch32:48,L1,label_Tbl,29.47265625,3.465679168701172,102.1427708119154
20569,C_Tbl_correct,nearest_hadron_to_best_lepton,charged_hadron,18,L1_ch32:48,L1,label_Hqql,28.092451095581055,-1.059000015258789,-29.749906138877122
20569,C_Tbl_correct,nearest_hadron_to_best_lepton,charged_hadron,18,L1_ch32:48,L1,label_Tbl,28.092451095581055,3.465679168701172,97.35942255971167
20569,C_Tbl_correct,photon_neighbor,photon,15,L1_ch32:48,L1,label_Hqql,25.49333953857422,-1.059000015258789,-26.997446960347588
20569,C_Tbl_correct,photon_neighbor,photon,15,L1_ch32:48,L1,label_Tbl,25.49333953857422,3.465679168701172,88.35173577946262
20570,C_Tbl_correct,photon_neighbor,photon,28,L1_ch32:48,L1,label_Hqql,25.69769859313965,0.20906829833984375,5.372574116117903
20570,C_Tbl_correct,photon_neighbor,photon,28,L1_ch32:48,L1,label_Tbl,25.69769859313965,1.1821045875549316,30.37736739655429
20570,C_Tbl_correct,particle0_best_lepton,muon,0,L1_ch32:48,L1,label_Hqql,20.775190353393555,0.20906829833984375,4.343433694870328
20570,C_Tbl_correct,particle0_best_lepton,muon,0,L1_ch32:48,L1,label_Tbl,20.775190353393555,1.1821045875549316,24.558447824073482
20570,C_Tbl_correct,hard_hadron,neutral_hadron,3,L1_ch32:48,L1,label_Hqql,16.52107048034668,0.20906829833984375,3.4540320920787053
20570,C_Tbl_correct,hard_hadron,neutral_hadron,3,L1_ch32:48,L1,label_Tbl,16.52107048034668,1.1821045875549316,19.529633206136168
20572,C_Tbl_correct,particle0_best_lepton,electron,0,L1_ch32:48,L1,label_Hqql,25.722732543945312,-0.2355973720550537,-6.060208189428522
20572,C_Tbl_correct,particle0_best_lepton,electron,0,L1_ch32:48,L1,label_Tbl,25.722732543945312,2.0378408432006836,52.41883497677918
20572,C_Tbl_correct,hard_hadron,neutral_hadron,3,L1_ch32:48,L1,label_Hqql,23.207965850830078,-0.2355973720550537,-5.467735765198995
20572,C_Tbl_correct,hard_hadron,neutral_hadron,3,L1_ch32:48,L1,label_Tbl,23.207965850830078,2.0378408432006836,47.29414069842824
20572,C_Tbl_correct,nearest_hadron_to_best_lepton,charged_hadron,15,L1_ch32:48,L1,label_Hqql,20.966278076171875,-0.2355973720550537,-4.939600016521581
20572,C_Tbl_correct,nearest_hadron_to_best_lepton,charged_hadron,15,L1_ch32:48,L1,label_Tbl,20.966278076171875,2.0378408432006836,42.7259377935261
20573,C_Tbl_correct,photon_neighbor,photon,7,L1_ch32:48,L1,label_Hqql,25.46994400024414,-1.5656633377075195,-39.87735753464585
20573,C_Tbl_correct,photon_neighbor,photon,7,L1_ch32:48,L1,label_Tbl,25.46994400024414,1.182633876800537,30.12161861490131
20573,C_Tbl_correct,nearest_hadron_to_best_lepton,neutral_hadron,19,L1_ch32:48,L1,label_Hqql,24.803016662597656,-1.5656633377075195,-38.83317385317787
20573,C_Tbl_correct,nearest_hadron_to_best_lepton,neutral_hadron,19,L1_ch32:48,L1,label_Tbl,24.803016662597656,1.182633876800537,29.332887752036186
20573,C_Tbl_correct,particle0_best_lepton,muon,0,L1_ch32:48,L1,label_Hqql,22.683149337768555,-1.5656633377075195,-35.51417530188883
20573,C_Tbl_correct,particle0_best_lepton,muon,0,L1_ch32:48,L1,label_Tbl,22.683149337768555,1.182633876800537,26.825860839370762
20574,C_Tbl_correct,hadron_neighbor,neutral_hadron,8,L1_ch32:48,L1,label_Hqql,30.679460525512695,-2.041712999343872,-62.63865336779645
20574,C_Tbl_correct,hadron_neighbor,neutral_hadron,8,L1_ch32:48,L1,label_Tbl,30.679460525512695,2.0640902519226074,63.32517540495519
20574,C_Tbl_correct,photon_neighbor,photon,9,L1_ch32:48,L1,label_Hqql,26.147403717041016,-2.041712999343872,-53.38549406817492
20574,C_Tbl_correct,photon_neighbor,photon,9,L1_ch32:48,L1,label_Tbl,26.147403717041016,2.0640902519226074,53.97060112542931
20574,C_Tbl_correct,hadron_neighbor,charged_hadron,10,L1_ch32:48,L1,label_Hqql,25.970443725585938,-2.041712999343872,-53.02419255325731
20574,C_Tbl_correct,hadron_neighbor,charged_hadron,10,L1_ch32:48,L1,label_Tbl,25.970443725585938,2.0640902519226074,53.60533973208658
20575,C_Tbl_correct,hadron_neighbor,neutral_hadron,27,L1_ch32:48,L1,label_Hqql,25.056385040283203,-0.22095167636871338,-5.536250278390526
20575,C_Tbl_correct,hadron_neighbor,neutral_hadron,27,L1_ch32:48,L1,label_Tbl,25.056385040283203,1.6848273277282715,42.21568224995099
20575,C_Tbl_correct,hadron_neighbor,charged_hadron,52,L1_ch32:48,L1,label_Hqql,24.536834716796875,-0.22095167636871338,-5.421454763458314
20575,C_Tbl_correct,hadron_neighbor,charged_hadron,52,L1_ch32:48,L1,label_Tbl,24.536834716796875,1.6848273277282715,41.34032966681116
20575,C_Tbl_correct,hadron_neighbor,neutral_hadron,32,L1_ch32:48,L1,label_Hqql,21.041168212890625,-0.22095167636871338,-4.649081389394269
20575,C_Tbl_correct,hadron_neighbor,neutral_hadron,32,L1_ch32:48,L1,label_Tbl,21.041168212890625,1.6848273277282715,35.45073521240556
20576,C_Tbl_correct,nearest_hadron_to_best_lepton,neutral_hadron,12,L1_ch32:48,L1,label_Hqql,26.591720581054688,1.0044289827346802,26.709494852393618
20576,C_Tbl_correct,nearest_hadron_to_best_lepton,neutral_hadron,12,L1_ch32:48,L1,label_Tbl,26.591720581054688,2.8398783206939697,75.51725078808886
20576,C_Tbl_correct,particle0_best_lepton,electron,0,L1_ch32:48,L1,label_Hqql,19.796125411987305,1.0044289827346802,19.88380210965056
20576,C_Tbl_correct,particle0_best_lepton,electron,0,L1_ch32:48,L1,label_Tbl,19.796125411987305,2.8398783206939697,56.218587391241726
20576,C_Tbl_correct,hadron_neighbor,charged_hadron,10,L1_ch32:48,L1,label_Hqql,19.788551330566406,1.0044289827346802,19.876194482753817
20576,C_Tbl_correct,hadron_neighbor,charged_hadron,10,L1_ch32:48,L1,label_Tbl,19.788551330566406,2.8398783206939697,56.197077921615346
20577,C_Tbl_correct,hadron_neighbor,charged_hadron,45,L1_ch32:48,L1,label_Hqql,28.187549591064453,-0.5882668495178223,-16.581800993562865
20577,C_Tbl_correct,hadron_neighbor,charged_hadron,45,L1_ch32:48,L1,label_Tbl,28.187549591064453,1.595503330230713,44.973329243586704
20577,C_Tbl_correct,hadron_neighbor,charged_hadron,42,L1_ch32:48,L1,label_Hqql,27.54843521118164,-0.5882668495178223,-16.205831190827666
20577,C_Tbl_correct,hadron_neighbor,charged_hadron,42,L1_ch32:48,L1,label_Tbl,27.54843521118164,1.595503330230713,43.95362012208534
20577,C_Tbl_correct,hadron_neighbor,charged_hadron,48,L1_ch32:48,L1,label_Hqql,27.425735473632812,-0.5882668495178223,-16.133651002783154
20577,C_Tbl_correct,hadron_neighbor,charged_hadron,48,L1_ch32:48,L1,label_Tbl,27.425735473632812,1.595503330230713,43.75785228220775
20578,C_Tbl_correct,hard_hadron,neutral_hadron,7,L1_ch32:48,L1,label_Hqql,25.98606300354004,-0.4218580722808838,-10.962430444842994
20578,C_Tbl_correct,hard_hadron,neutral_hadron,7,L1_ch32:48,L1,label_Tbl,25.98606300354004,1.6300103664398193,42.35755207872853
20578,C_Tbl_correct,hadron_neighbor,neutral_hadron,18,L1_ch32:48,L1,label_Hqql,23.95267105102539,-0.4218580722808838,-10.104627635563702
20578,C_Tbl_correct,hadron_neighbor,neutral_hadron,18,L1_ch32:48,L1,label_Tbl,23.95267105102539,1.6300103664398193,39.04310211709435
20578,C_Tbl_correct,photon_neighbor,photon,30,L1_ch32:48,L1,label_Hqql,21.54642105102539,-0.4218580722808838,-9.089531649137825
20578,C_Tbl_correct,photon_neighbor,photon,30,L1_ch32:48,L1,label_Tbl,21.54642105102539,1.6300103664398193,35.120889672848534
20579,C_Tbl_correct,hadron_neighbor,charged_hadron,10,L1_ch32:48,L1,label_Hqql,27.65907859802246,-0.9957493543624878,-27.54150965624217
20579,C_Tbl_correct,hadron_neighbor,charged_hadron,10,L1_ch32:48,L1,label_Tbl,27.65907859802246,2.05076265335083,56.7222054149197
20579,C_Tbl_correct,nearest_hadron_to_best_lepton,charged_hadron,6,L1_ch32:48,L1,label_Hqql,25.66242218017578,-0.9957493543624878,-25.55334031728762
20579,C_Tbl_correct,nearest_hadron_to_best_lepton,charged_hadron,6,L1_ch32:48,L1,label_Tbl,25.66242218017578,2.05076265335083,52.62753700162648
20579,C_Tbl_correct,hadron_neighbor,charged_hadron,7,L1_ch32:48,L1,label_Hqql,24.132497787475586,-0.9957493543624878,-24.02991909103298
20579,C_Tbl_correct,hadron_neighbor,charged_hadron,7,L1_ch32:48,L1,label_Tbl,24.132497787475586,2.05076265335083,49.49002519462647
20580,C_Tbl_correct,particle0_best_lepton,muon,0,L1_ch32:48,L1,label_Hqql,21.141407012939453,1.1143381595611572,23.558676581332293
20580,C_Tbl_correct,particle0_best_lepton,muon,0,L1_ch32:48,L1,label_Tbl,21.141407012939453,1.4426367282867432,30.49937024452538
20580,C_Tbl_correct,hadron_neighbor,charged_hadron,13,L1_ch32:48,L1,label_Hqql,20.849023818969727,1.1143381595611572,23.232862831077455
20580,C_Tbl_correct,hadron_neighbor,charged_hadron,13,L1_ch32:48,L1,label_Tbl,20.849023818969727,1.4426367282867432,30.077567510170866
20580,C_Tbl_correct,photon_neighbor,photon,27,L1_ch32:48,L1,label_Hqql,20.545804977416992,1.1143381595611572,22.894974505237315
20580,C_Tbl_correct,photon_neighbor,photon,27,L1_ch32:48,L1,label_Tbl,20.545804977416992,1.4426367282867432,29.640132872638333
20581,C_Tbl_correct,hadron_neighbor,charged_hadron,8,L1_ch32:48,L1,label_Hqql,35.55186080932617,-1.4417040348052979,-51.255261173641884
20581,C_Tbl_correct,hadron_neighbor,charged_hadron,8,L1_ch32:48,L1,label_Tbl,35.55186080932617,1.061124324798584,37.724944296629474
20581,C_Tbl_correct,hadron_neighbor,neutral_hadron,7,L1_ch32:48,L1,label_Hqql,26.913297653198242,-1.4417040348052979,-38.80100981653186
20581,C_Tbl_correct,hadron_neighbor,neutral_hadron,7,L1_ch32:48,L1,label_Tbl,26.913297653198242,1.061124324798584,28.5583548003533
20581,C_Tbl_correct,nearest_hadron_to_best_lepton,charged_hadron,6,L1_ch32:48,L1,label_Hqql,25.257638931274414,-1.4417040348052979,-36.414039956873694
20581,C_Tbl_correct,nearest_hadron_to_best_lepton,charged_hadron,6,L1_ch32:48,L1,label_Tbl,25.257638931274414,1.061124324798584,26.80149505695499
20582,C_Tbl_correct,photon_neighbor,photon,23,L1_ch32:48,L1,label_Hqql,21.651681900024414,-0.7640899419784546,-16.54383236672561
20582,C_Tbl_correct,photon_neighbor,photon,23,L1_ch32:48,L1,label_Tbl,21.651681900024414,1.8087158203125,39.16173958894797
20582,C_Tbl_correct,photon_neighbor,photon,35,L1_ch32:48,L1,label_Hqql,18.239154815673828,-0.7640899419784546,-13.936354744844266
20582,C_Tbl_correct,photon_neighbor,photon,35,L1_ch32:48,L1,label_Tbl,18.239154815673828,1.8087158203125,32.98944786423817
20582,C_Tbl_correct,particle0_best_lepton,muon,0,L1_ch32:48,L1,label_Hqql,18.012487411499023,-0.7640899419784546,-13.763160461139933
20582,C_Tbl_correct,particle0_best_lepton,muon,0,L1_ch32:48,L1,label_Tbl,18.012487411499023,1.8087158203125,32.579470944358036
20583,C_Tbl_correct,hadron_neighbor,neutral_hadron,45,L1_ch32:48,L1,label_Hqql,18.789390563964844,0.5673191547393799,10.659581172816615
20583,C_Tbl_correct,hadron_neighbor,neutral_hadron,45,L1_ch32:48,L1,label_Tbl,18.789390563964844,1.7651591300964355,33.16626430293036
20583,C_Tbl_correct,hard_hadron,neutral_hadron,3,L1_ch32:48,L1,label_Hqql,18.423297882080078,0.5673191547393799,10.451889781973478
20583,C_Tbl_correct,hard_hadron,neutral_hadron,3,L1_ch32:48,L1,label_Tbl,18.423297882080078,1.7651591300964355,32.520052463039974
20583,C_Tbl_correct,hadron_neighbor,charged_hadron,51,L1_ch32:48,L1,label_Hqql,17.236783981323242,0.5673191547393799,9.778757718709585
20583,C_Tbl_correct,hadron_neighbor,charged_hadron,51,L1_ch32:48,L1,label_Tbl,17.236783981323242,1.7651591300964355,30.42566661813271
20584,C_Tbl_correct,hadron_neighbor,charged_hadron,27,L1_ch32:48,L1,label_Hqql,29.481386184692383,-0.4908437728881836,-14.470754824867981
20584,C_Tbl_correct,hadron_neighbor,charged_hadron,27,L1_ch32:48,L1,label_Tbl,29.481386184692383,1.3301184177398682,39.21373474476104
20584,C_Tbl_correct,photon_neighbor,photon,26,L1_ch32:48,L1,label_Hqql,24.70404815673828,-0.4908437728881836,-12.125828202864795
20584,C_Tbl_correct,photon_neighbor,photon,26,L1_ch32:48,L1,label_Tbl,24.70404815673828,1.3301184177398682,32.85930944601023
20584,C_Tbl_correct,nearest_hadron_to_best_lepton,neutral_hadron,24,L1_ch32:48,L1,label_Hqql,24.36595344543457,-0.4908437728881836,-11.95987651917494
20584,C_Tbl_correct,nearest_hadron_to_best_lepton,neutral_hadron,24,L1_ch32:48,L1,label_Tbl,24.36595344543457,1.3301184177398682,32.40960344356472
20585,C_Tbl_correct,hadron_neighbor,neutral_hadron,28,L1_ch32:48,L1,label_Hqql,23.550092697143555,-0.3631381392478943,-8.551936841156135
20585,C_Tbl_correct,hadron_neighbor,neutral_hadron,28,L1_ch32:48,L1,label_Tbl,23.550092697143555,1.134310245513916,26.713111429172386
20585,C_Tbl_correct,photon_neighbor,photon,33,L1_ch32:48,L1,label_Hqql,20.201847076416016,-0.3631381392478943,-7.336061156700225
20585,C_Tbl_correct,photon_neighbor,photon,33,L1_ch32:48,L1,label_Tbl,20.201847076416016,1.134310245513916,22.915162117084037
20585,C_Tbl_correct,hadron_neighbor,charged_hadron,23,L1_ch32:48,L1,label_Hqql,16.97382164001465,-0.3631381392478943,-6.163842006280561
20585,C_Tbl_correct,hadron_neighbor,charged_hadron,23,L1_ch32:48,L1,label_Tbl,16.97382164001465,1.134310245513916,19.253579791794436
20586,C_Tbl_correct,hadron_neighbor,charged_hadron,12,L1_ch32:48,L1,label_Hqql,26.537187576293945,-3.475156307220459,-92.22087478165031
20586,C_Tbl_correct,hadron_neighbor,charged_hadron,12,L1_ch32:48,L1,label_Tbl,26.537187576293945,2.2049942016601562,58.514344734096085
20586,C_Tbl_correct,photon_neighbor,photon,5,L1_ch32:48,L1,label_Hqql,25.5968074798584,-3.475156307220459,-88.95290695833773
20586,C_Tbl_correct,photon_neighbor,photon,5,L1_ch32:48,L1,label_Tbl,25.5968074798584,2.2049942016601562,56.440812074099085
20586,C_Tbl_correct,hardest_hadron,neutral_hadron,1,L1_ch32:48,L1,label_Hqql,24.501052856445312,-3.475156307220459,-85.14498836761777
20586,C_Tbl_correct,hardest_hadron,neutral_hadron,1,L1_ch32:48,L1,label_Tbl,24.501052856445312,2.2049942016601562,54.02467948303092
20587,C_Tbl_correct,hadron_neighbor,charged_hadron,23,L1_ch32:48,L1,label_Hqql,18.518526077270508,-0.30497443675994873,-5.647677060039996
20587,C_Tbl_correct,hadron_neighbor,charged_hadron,23,L1_ch32:48,L1,label_Tbl,18.518526077270508,0.8498115539550781,15.737257422682887
20587,C_Tbl_correct,nearest_hadron_to_best_lepton,charged_hadron,21,L1_ch32:48,L1,label_Hqql,17.504533767700195,-0.30497443675994873,-5.33843532654987
20587,C_Tbl_correct,nearest_hadron_to_best_lepton,charged_hadron,21,L1_ch32:48,L1,label_Tbl,17.504533767700195,0.8498115539550781,14.875555042388442
20587,C_Tbl_correct,hadron_neighbor,neutral_hadron,18,L1_ch32:48,L1,label_Hqql,16.758316040039062,-0.30497443675994873,-5.1108579953561275
20587,C_Tbl_correct,hadron_neighbor,neutral_hadron,18,L1_ch32:48,L1,label_Tbl,16.758316040039062,0.8498115539550781,14.241410595655907
20588,C_Tbl_correct,particle0_best_lepton,muon,0,L1_ch32:48,L1,label_Hqql,27.11269187927246,-1.7787866592407227,-48.22769461095413
20588,C_Tbl_correct,particle0_best_lepton,muon,0,L1_ch32:48,L1,label_Tbl,27.11269187927246,1.6287813186645508,44.160646031667056
20588,C_Tbl_correct,hadron_neighbor,charged_hadron,9,L1_ch32:48,L1,label_Hqql,24.46953010559082,-1.7787866592407227,-43.52607370971418
20588,C_Tbl_correct,hadron_neighbor,charged_hadron,9,L1_ch32:48,L1,label_Tbl,24.46953010559082,1.6287813186645508,39.85551351248614
20588,C_Tbl_correct,photon_neighbor,photon,22,L1_ch32:48,L1,label_Hqql,23.310697555541992,-1.7787866592407227,-41.46475782939342
20588,C_Tbl_correct,photon_neighbor,photon,22,L1_ch32:48,L1,label_Tbl,23.310697555541992,1.6287813186645508,37.96802870350621
20589,C_Tbl_correct,nearest_hadron_to_best_lepton,neutral_hadron,8,L1_ch32:48,L1,label_Hqql,23.2307186126709,-1.6777201890945435,-38.97464562365235
20589,C_Tbl_correct,nearest_hadron_to_best_lepton,neutral_hadron,8,L1_ch32:48,L1,label_Tbl,23.2307186126709,2.5430657863616943,59.07724569647917
20589,C_Tbl_correct,particle0_best_lepton,electron,0,L1_ch32:48,L1,label_Hqql,21.641374588012695,-1.6777201890945435,-36.30817106606651
20589,C_Tbl_correct,particle0_best_lepton,electron,0,L1_ch32:48,L1,label_Tbl,21.641374588012695,2.5430657863616943,55.035439284612494
20589,C_Tbl_correct,photon_neighbor,photon,1,L1_ch32:48,L1,label_Hqql,18.68168067932129,-1.6777201890945435,-31.342632841914792
20589,C_Tbl_correct,photon_neighbor,photon,1,L1_ch32:48,L1,label_Tbl,18.68168067932129,2.5430657863616943,47.508742967316266
20590,C_Tbl_correct,hadron_neighbor,charged_hadron,11,L1_ch32:48,L1,label_Hqql,29.939678192138672,-3.1235053539276123,-93.51674512801492
20590,C_Tbl_correct,hadron_neighbor,charged_hadron,11,L1_ch32:48,L1,label_Tbl,29.939678192138672,1.260777473449707,37.74727182698189
20590,C_Tbl_correct,hard_hadron,neutral_hadron,3,L1_ch32:48,L1,label_Hqql,29.565345764160156,-3.1235053539276123,-92.3475157850753
20590,C_Tbl_correct,hard_hadron,neutral_hadron,3,L1_ch32:48,L1,label_Tbl,29.565345764160156,1.260777473449707,37.27532193420484
20590,C_Tbl_correct,nearest_hadron_to_best_lepton,charged_hadron,10,L1_ch32:48,L1,label_Hqql,29.07166862487793,-3.1235053539276123,-90.8055125974156
20590,C_Tbl_correct,nearest_hadron_to_best_lepton,charged_hadron,10,L1_ch32:48,L1,label_Tbl,29.07166862487793,1.260777473449707,36.652904917840715
20591,C_Tbl_correct,hard_hadron,neutral_hadron,3,L1_ch32:48,L1,label_Hqql,23.06112289428711,-5.09519624710083,-117.50094682490271
20591,C_Tbl_correct,hard_hadron,neutral_hadron,3,L1_ch32:48,L1,label_Tbl,23.06112289428711,-0.32404255867004395,-7.472785268469124
20591,C_Tbl_correct,nearest_hadron_to_best_lepton,neutral_hadron,2,L1_ch32:48,L1,label_Hqql,21.904300689697266,-5.09519624710083,-111.60671066951363
20591,C_Tbl_correct,nearest_hadron_to_best_lepton,neutral_hadron,2,L1_ch32:48,L1,label_Tbl,21.904300689697266,-0.32404255867004395,-7.09792564136751
20591,C_Tbl_correct,hadron_neighbor,charged_hadron,15,L1_ch32:48,L1,label_Hqql,21.367372512817383,-5.09519624710083,-108.87095623771256
20591,C_Tbl_correct,hadron_neighbor,charged_hadron,15,L1_ch32:48,L1,label_Tbl,21.367372512817383,-0.32404255867004395,-6.923938061109311
20592,C_Tbl_correct,hadron_neighbor,charged_hadron,13,L1_ch32:48,L1,label_Hqql,29.69342041015625,-1.9189603328704834,-56.98049591433664
20592,C_Tbl_correct,hadron_neighbor,charged_hadron,13,L1_ch32:48,L1,label_Tbl,29.69342041015625,1.7755086421966553,52.720924554610974
20592,C_Tbl_correct,photon_neighbor,photon,14,L1_ch32:48,L1,label_Hqql,29.097732543945312,-1.9189603328704834,-55.837394528305595
20592,C_Tbl_correct,photon_neighbor,photon,14,L1_ch32:48,L1,label_Tbl,29.097732543945312,1.7755086421966553,51.66327560010177
20592,C_Tbl_correct,hadron_neighbor,charged_hadron,10,L1_ch32:48,L1,label_Hqql,28.770877838134766,-1.9189603328704834,-55.210173313243104
20592,C_Tbl_correct,hadron_neighbor,charged_hadron,10,L1_ch32:48,L1,label_Tbl,28.770877838134766,1.7755086421966553,51.0829422451925
20593,C_Tbl_correct,hadron_neighbor,charged_hadron,7,L1_ch32:48,L1,label_Hqql,29.22229766845703,-6.991218090057373,-204.2994560927582
20593,C_Tbl_correct,hadron_neighbor,charged_hadron,7,L1_ch32:48,L1,label_Tbl,29.22229766845703,1.398571491241455,40.869472427675646
20593,C_Tbl_correct,hard_hadron,charged_hadron,5,L1_ch32:48,L1,label_Hqql,28.27369499206543,-6.991218090057373,-197.6675679012924
20593,C_Tbl_correct,hard_hadron,charged_hadron,5,L1_ch32:48,L1,label_Tbl,28.27369499206543,1.398571491241455,39.54278376795901
20593,C_Tbl_correct,hadron_neighbor,charged_hadron,16,L1_ch32:48,L1,label_Hqql,28.217239379882812,-6.991218090057373,-197.272874404116
20593,C_Tbl_correct,hadron_neighbor,charged_hadron,16,L1_ch32:48,L1,label_Tbl,28.217239379882812,1.398571491241455,39.463826558239816
20594,C_Tbl_correct,particle0_best_lepton,muon,0,L1_ch32:48,L1,label_Hqql,23.336721420288086,0.07020950317382812,1.6384596166244592
20594,C_Tbl_correct,particle0_best_lepton,muon,0,L1_ch32:48,L1,label_Tbl,23.336721420288086,1.8838632106781006,43.96319094152432
20594,C_Tbl_correct,photon_neighbor,photon,24,L1_ch32:48,L1,label_Hqql,13.053853034973145,0.07020950317382812,0.9165045360896329
20594,C_Tbl_correct,photon_neighbor,photon,24,L1_ch32:48,L1,label_Tbl,13.053853034973145,1.8838632106781006,24.591673490184576
20594,C_Tbl_correct,hadron_neighbor,charged_hadron,10,L1_ch32:48,L1,label_Hqql,12.76273250579834,0.07020950317382812,0.8960651083725679
20594,C_Tbl_correct,hadron_neighbor,charged_hadron,10,L1_ch32:48,L1,label_Tbl,12.76273250579834,1.8838632106781006,24.04324223539902
20595,C_Tbl_correct,nearest_hadron_to_best_lepton,neutral_hadron,5,L1_ch32:48,L1,label_Hqql,20.000282287597656,-0.439638614654541,-8.792896397619188
20595,C_Tbl_correct,nearest_hadron_to_best_lepton,neutral_hadron,5,L1_ch32:48,L1,label_Tbl,20.000282287597656,0.8665704727172852,17.331654076442646
20595,C_Tbl_correct,hard_hadron,neutral_hadron,3,L1_ch32:48,L1,label_Hqql,18.810863494873047,-0.439638614654541,-8.269981967341664
20595,C_Tbl_correct,hard_hadron,neutral_hadron,3,L1_ch32:48,L1,label_Tbl,18.810863494873047,0.8665704727172852,16.30093887097246
20595,C_Tbl_correct,hadron_neighbor,charged_hadron,15,L1_ch32:48,L1,label_Hqql,17.009912490844727,-0.439638614654541,-7.478214362869949
20595,C_Tbl_correct,hadron_neighbor,charged_hadron,15,L1_ch32:48,L1,label_Tbl,17.009912490844727,0.8665704727172852,14.740287908070968
20596,C_Tbl_correct,hadron_neighbor,charged_hadron,10,L1_ch32:48,L1,label_Hqql,21.40542221069336,0.6808149814605713,14.5731321255289
20596,C_Tbl_correct,hadron_neighbor,charged_hadron,10,L1_ch32:48,L1,label_Tbl,21.40542221069336,1.6184794902801514,34.64423682879442
20596,C_Tbl_correct,hadron_neighbor,charged_hadron,8,L1_ch32:48,L1,label_Hqql,20.518386840820312,0.6808149814605713,13.969225156633911
20596,C_Tbl_correct,hadron_neighbor,charged_hadron,8,L1_ch32:48,L1,label_Tbl,20.518386840820312,1.6184794902801514,33.208588275501825
20596,C_Tbl_correct,hadron_neighbor,charged_hadron,9,L1_ch32:48,L1,label_Hqql,19.855613708496094,0.6808149814605713,13.517999278838033
20596,C_Tbl_correct,hadron_neighbor,charged_hadron,9,L1_ch32:48,L1,label_Tbl,19.855613708496094,1.6184794902801514,32.135903554126344
20597,C_Tbl_correct,nearest_hadron_to_best_lepton,neutral_hadron,12,L1_ch32:48,L1,label_Hqql,38.432769775390625,-4.713977336883545,-181.1712057148543
20597,C_Tbl_correct,nearest_hadron_to_best_lepton,neutral_hadron,12,L1_ch32:48,L1,label_Tbl,38.432769775390625,1.712852954864502,65.82968327340495
20597,C_Tbl_correct,hadron_neighbor,charged_hadron,6,L1_ch32:48,L1,label_Hqql,34.4693603515625,-4.713977336883545,-162.48778351413785
20597,C_Tbl_correct,hadron_neighbor,charged_hadron,6,L1_ch32:48,L1,label_Tbl,34.4693603515625,1.712852954864502,59.040945730463136
20597,C_Tbl_correct,hadron_neighbor,charged_hadron,9,L1_ch32:48,L1,label_Hqql,32.81949234008789,-4.713977336883545,-154.71034309919742
20597,C_Tbl_correct,hadron_neighbor,charged_hadron,9,L1_ch32:48,L1,label_Tbl,32.81949234008789,1.712852954864502,56.21496443187243
20598,C_Tbl_correct,particle0,neutral_hadron,0,L1_ch32:48,L1,label_Hqql,23.271488189697266,-2.749758243560791,-63.990966489547645
20598,C_Tbl_correct,particle0,neutral_hadron,0,L1_ch32:48,L1,label_Tbl,23.271488189697266,1.7788472175598145,41.396422014719064
20598,C_Tbl_correct,hadron_neighbor,charged_hadron,11,L1_ch32:48,L1,label_Hqql,20.499107360839844,-2.749758243560791,-56.36758945110705
20598,C_Tbl_correct,hadron_neighbor,charged_hadron,11,L1_ch32:48,L1,label_Tbl,20.499107360839844,1.7788472175598145,36.46478009128987
20598,C_Tbl_correct,hadron_neighbor,charged_hadron,29,L1_ch32:48,L1,label_Hqql,20.33051109313965,-2.749758243560791,-55.90399047416486
20598,C_Tbl_correct,hadron_neighbor,charged_hadron,29,L1_ch32:48,L1,label_Tbl,20.33051109313965,1.7788472175598145,36.164873089600405
20599,C_Tbl_correct,hadron_neighbor,charged_hadron,28,L1_ch32:48,L1,label_Hqql,25.957704544067383,-4.308188438415527,-111.8306826045573
20599,C_Tbl_correct,hadron_neighbor,charged_hadron,28,L1_ch32:48,L1,label_Tbl,25.957704544067383,0.21341514587402344,5.5397673018269415
20599,C_Tbl_correct,hadron_neighbor,charged_hadron,14,L1_ch32:48,L1,label_Hqql,23.552515029907227,-4.308188438415527,-101.46867294745425
20599,C_Tbl_correct,hadron_neighbor,charged_hadron,14,L1_ch32:48,L1,label_Tbl,23.552515029907227,0.21341514587402344,5.02646343080778
20599,C_Tbl_correct,hadron_neighbor,charged_hadron,20,L1_ch32:48,L1,label_Hqql,23.155399322509766,-4.308188438415527,-99.7578236481313
20599,C_Tbl_correct,hadron_neighbor,charged_hadron,20,L1_ch32:48,L1,label_Tbl,23.155399322509766,0.21341514587402344,4.941712924184685
20600,C_Tbl_correct,hadron_neighbor,charged_hadron,25,L1_ch32:48,L1,label_Hqql,21.058372497558594,0.07335567474365234,1.544751123561582
20600,C_Tbl_correct,hadron_neighbor,charged_hadron,25,L1_ch32:48,L1,label_Tbl,21.058372497558594,0.9725322723388672,20.479946856808965
20600,C_Tbl_correct,hadron_neighbor,neutral_hadron,13,L1_ch32:48,L1,label_Hqql,19.490678787231445,0.07335567474365234,1.4297518936491542
20600,C_Tbl_correct,hadron_neighbor,neutral_hadron,13,L1_ch32:48,L1,label_Tbl,19.490678787231445,0.9725322723388672,18.955314130373154
20600,C_Tbl_correct,nearest_hadron_to_best_lepton,charged_hadron,19,L1_ch32:48,L1,label_Hqql,18.22876739501953,0.07335567474365234,1.3371835320067476
20600,C_Tbl_correct,nearest_hadron_to_best_lepton,charged_hadron,19,L1_ch32:48,L1,label_Tbl,18.22876739501953,0.9725322723388672,17.728064576614997
20601,C_Tbl_correct,hard_hadron,charged_hadron,5,L1_ch32:48,L1,label_Hqql,21.050128936767578,3.1941161155700684,67.23655607175715
20601,C_Tbl_correct,hard_hadron,charged_hadron,5,L1_ch32:48,L1,label_Tbl,21.050128936767578,3.195418357849121,67.26396843963812
20601,C_Tbl_correct,hardest_hadron,charged_hadron,3,L1_ch32:48,L1,label_Hqql,19.436717987060547,3.1941161155700684,62.08313415626071
20601,C_Tbl_correct,hardest_hadron,charged_hadron,3,L1_ch32:48,L1,label_Tbl,19.436717987060547,3.195418357849121,62.10844547218949
20601,C_Tbl_correct,hadron_neighbor,charged_hadron,10,L1_ch32:48,L1,label_Hqql,19.272790908813477,3.1941161155700684,61.55953203385343
20601,C_Tbl_correct,hadron_neighbor,charged_hadron,10,L1_ch32:48,L1,label_Tbl,19.272790908813477,3.195418357849121,61.58462987701023
20602,C_Tbl_correct,nearest_hadron_to_best_lepton,neutral_hadron,1,L1_ch32:48,L1,label_Hqql,18.471349716186523,0.009454846382141113,0.17464377403734943
20602,C_Tbl_correct,nearest_hadron_to_best_lepton,neutral_hadron,1,L1_ch32:48,L1,label_Tbl,18.471349716186523,1.1094098091125488,20.492296562685624
20602,C_Tbl_correct,hadron_neighbor,neutral_hadron,18,L1_ch32:48,L1,label_Hqql,18.19416046142578,0.009454846382141113,0.17202299221480644
20602,C_Tbl_correct,hadron_neighbor,neutral_hadron,18,L1_ch32:48,L1,label_Tbl,18.19416046142578,1.1094098091125488,20.18478008447346
20602,C_Tbl_correct,hadron_neighbor,charged_hadron,19,L1_ch32:48,L1,label_Hqql,17.229419708251953,0.009454846382141113,0.16290151659495677
20602,C_Tbl_correct,hadron_neighbor,charged_hadron,19,L1_ch32:48,L1,label_Tbl,17.229419708251953,1.1094098091125488,19.114487229651786
20603,C_Tbl_correct,hadron_neighbor,neutral_hadron,17,L1_ch32:48,L1,label_Hqql,19.80543327331543,-0.847121000289917,-16.77759844566617
20603,C_Tbl_correct,hadron_neighbor,neutral_hadron,17,L1_ch32:48,L1,label_Tbl,19.80543327331543,1.3464252948760986,26.666536335172623
20603,C_Tbl_correct,particle0,neutral_hadron,0,L1_ch32:48,L1,label_Hqql,17.954004287719727,-0.847121000289917,-15.209214071422593
20603,C_Tbl_correct,particle0,neutral_hadron,0,L1_ch32:48,L1,label_Tbl,17.954004287719727,1.3464252948760986,24.173725517299772
20603,C_Tbl_correct,best_lepton,muon,1,L1_ch32:48,L1,label_Hqql,16.825576782226562,-0.847121000289917,-14.253299434214568
20603,C_Tbl_correct,best_lepton,muon,1,L1_ch32:48,L1,label_Tbl,16.825576782226562,1.3464252948760986,22.654382180469838
20604,C_Tbl_correct,hadron_neighbor,charged_hadron,26,L1_ch32:48,L1,label_Hqql,41.3134880065918,4.145288467407227,171.25632538209175
20604,C_Tbl_correct,hadron_neighbor,charged_hadron,26,L1_ch32:48,L1,label_Tbl,41.3134880065918,2.1694624423980713,89.62806059476407
20604,C_Tbl_correct,hadron_neighbor,charged_hadron,17,L1_ch32:48,L1,label_Hqql,33.68796920776367,4.145288467407227,139.6463502473125
20604,C_Tbl_correct,hadron_neighbor,charged_hadron,17,L1_ch32:48,L1,label_Tbl,33.68796920776367,2.1694624423980713,73.084783956906
20604,C_Tbl_correct,particle0_best_lepton,muon,0,L1_ch32:48,L1,label_Hqql,33.30222702026367,4.145288467407227,138.04733760607633
20604,C_Tbl_correct,particle0_best_lepton,muon,0,L1_ch32:48,L1,label_Tbl,33.30222702026367,2.1694624423980713,72.24793076867627
20605,C_Tbl_correct,nearest_hadron_to_best_lepton,neutral_hadron,25,L1_ch32:48,L1,label_Hqql,34.08662796020508,0.3170614242553711,10.807554809125577
20605,C_Tbl_correct,nearest_hadron_to_best_lepton,neutral_hadron,25,L1_ch32:48,L1,label_Tbl,34.08662796020508,1.7957592010498047,61.211375792299805
20605,C_Tbl_correct,hadron_neighbor,charged_hadron,41,L1_ch32:48,L1,label_Hqql,23.615468978881836,0.3170614242553711,7.487554228902809
20605,C_Tbl_correct,hadron_neighbor,charged_hadron,41,L1_ch32:48,L1,label_Tbl,23.615468978881836,1.7957592010498047,42.40769570593329
20605,C_Tbl_correct,hadron_neighbor,neutral_hadron,24,L1_ch32:48,L1,label_Hqql,21.833683013916016,0.3170614242553711,6.922618633132515
20605,C_Tbl_correct,hadron_neighbor,neutral_hadron,24,L1_ch32:48,L1,label_Tbl,21.833683013916016,1.7957592010498047,39.208037165044516
20606,C_Tbl_correct,hard_hadron,neutral_hadron,7,L1_ch32:48,L1,label_Hqql,25.885719299316406,-1.896058201789856,-49.080830386698835
20606,C_Tbl_correct,hard_hadron,neutral_hadron,7,L1_ch32:48,L1,label_Tbl,25.885719299316406,2.101862907409668,54.408233226851735
20606,C_Tbl_correct,photon_neighbor,photon,5,L1_ch32:48,L1,label_Hqql,25.419431686401367,-1.896058201789856,-48.19672193383826
20606,C_Tbl_correct,photon_neighbor,photon,5,L1_ch32:48,L1,label_Tbl,25.419431686401367,2.101862907409668,53.42816058908102
20606,C_Tbl_correct,hadron_neighbor,charged_hadron,15,L1_ch32:48,L1,label_Hqql,24.316116333007812,-1.896058201789856,-46.10477180887574
20606,C_Tbl_correct,hadron_neighbor,charged_hadron,15,L1_ch32:48,L1,label_Tbl,24.316116333007812,2.101862907409668,51.109142972607515
20607,C_Tbl_correct,nearest_hadron_to_best_lepton,neutral_hadron,15,L1_ch32:48,L1,label_Hqql,21.346485137939453,-0.42854857444763184,-9.148005775331512
20607,C_Tbl_correct,nearest_hadron_to_best_lepton,neutral_hadron,15,L1_ch32:48,L1,label_Tbl,21.346485137939453,1.5464160442352295,33.010547105338446
20607,C_Tbl_correct,hardest_hadron,neutral_hadron,3,L1_ch32:48,L1,label_Hqql,17.433393478393555,-0.42854857444763184,-7.4710559229502
20607,C_Tbl_correct,hardest_hadron,neutral_hadron,3,L1_ch32:48,L1,label_Tbl,17.433393478393555,1.5464160442352295,26.95927938045361
20607,C_Tbl_correct,photon_neighbor,photon,1,L1_ch32:48,L1,label_Hqql,16.155126571655273,-0.42854857444763184,-6.923256462303925
20607,C_Tbl_correct,photon_neighbor,photon,1,L1_ch32:48,L1,label_Tbl,16.155126571655273,1.5464160442352295,24.982546927058593
20608,C_Tbl_correct,hadron_neighbor,neutral_hadron,23,L1_ch32:48,L1,label_Hqql,28.185264587402344,-0.5624707937240601,-15.853388143798838
20608,C_Tbl_correct,hadron_neighbor,neutral_hadron,23,L1_ch32:48,L1,label_Tbl,28.185264587402344,2.089644193649292,58.897174491534315
20608,C_Tbl_correct,hadron_neighbor,neutral_hadron,25,L1_ch32:48,L1,label_Hqql,27.19741439819336,-0.5624707937240601,-15.297751263793998
20608,C_Tbl_correct,hadron_neighbor,neutral_hadron,25,L1_ch32:48,L1,label_Tbl,27.19741439819336,2.089644193649292,56.83291907945841
20608,C_Tbl_correct,photon_neighbor,photon,50,L1_ch32:48,L1,label_Hqql,26.963279724121094,-0.5624707937240601,-15.166057347830247
20608,C_Tbl_correct,photon_neighbor,photon,50,L1_ch32:48,L1,label_Tbl,26.963279724121094,2.089644193649292,56.34366091725133
20609,C_Tbl_correct,hard_hadron,neutral_hadron,5,L1_ch32:48,L1,label_Hqql,24.666292190551758,-1.6465545892715454,-40.61439660666588
20609,C_Tbl_correct,hard_hadron,neutral_hadron,5,L1_ch32:48,L1,label_Tbl,24.666292190551758,1.1820106506347656,29.15582008090132
20609,C_Tbl_correct,hadron_neighbor,charged_hadron,8,L1_ch32:48,L1,label_Hqql,23.946413040161133,-1.6465545892715454,-39.42907628786929
20609,C_Tbl_correct,hadron_neighbor,charged_hadron,8,L1_ch32:48,L1,label_Tbl,23.946413040161133,1.1820106506347656,28.304915257969697
20609,C_Tbl_correct,nearest_hadron_to_best_lepton,charged_hadron,11,L1_ch32:48,L1,label_Hqql,23.392179489135742,-1.6465545892715454,-38.51650049090017
20609,C_Tbl_correct,nearest_hadron_to_best_lepton,charged_hadron,11,L1_ch32:48,L1,label_Tbl,23.392179489135742,1.1820106506347656,27.649805297718558
20610,C_Tbl_correct,nearest_hadron_to_best_lepton,neutral_hadron,4,L1_ch32:48,L1,label_Hqql,29.973148345947266,-6.3088226318359375,-189.095276632288
20610,C_Tbl_correct,nearest_hadron_to_best_lepton,neutral_hadron,4,L1_ch32:48,L1,label_Tbl,29.973148345947266,-1.0879240036010742,-32.608507549051865
20610,C_Tbl_correct,particle0_best_lepton,electron,0,L1_ch32:48,L1,label_Hqql,28.80895233154297,-6.3088226318359375,-181.75057046872098
20610,C_Tbl_correct,particle0_best_lepton,electron,0,L1_ch32:48,L1,label_Tbl,28.80895233154297,-1.0879240036010742,-31.34195076008473
20610,C_Tbl_correct,second_lepton,electron,1,L1_ch32:48,L1,label_Hqql,24.115591049194336,-6.3088226318359375,-152.1409865912574
20610,C_Tbl_correct,second_lepton,electron,1,L1_ch32:48,L1,label_Tbl,24.115591049194336,-1.0879240036010742,-26.235930363445732
12308,A_protected_highiso,hadron_neighbor,charged_hadron,13,L1_ch80:96,L1,label_Hqql,30.83702850341797,2.1560778617858887,66.48703447947992
12308,A_protected_highiso,hadron_neighbor,charged_hadron,13,L1_ch80:96,L1,label_Tbl,30.83702850341797,3.292320489883423,101.52538078892212
12308,A_protected_highiso,hard_hadron,charged_hadron,9,L1_ch80:96,L1,label_Hqql,26.32023048400879,2.1560778617858887,56.748466263673436
12308,A_protected_highiso,hard_hadron,charged_hadron,9,L1_ch80:96,L1,label_Tbl,26.32023048400879,3.292320489883423,86.65463412095642
12308,A_protected_highiso,photon_neighbor,photon,32,L1_ch80:96,L1,label_Hqql,24.98150634765625,2.1560778617858887,53.86207279024529
12308,A_protected_highiso,photon_neighbor,photon,32,L1_ch80:96,L1,label_Tbl,24.98150634765625,3.292320489883423,82.24712521654146
12358,A_protected_highiso,photon_neighbor,photon,25,L1_ch80:96,L1,label_Hqql,35.026641845703125,1.7248679399490356,60.41633156373064
12358,A_protected_highiso,photon_neighbor,photon,25,L1_ch80:96,L1,label_Tbl,35.026641845703125,1.7995071411132812,63.030692130560055
12358,A_protected_highiso,photon_neighbor,photon,23,L1_ch80:96,L1,label_Hqql,31.005985260009766,1.7248679399490356,53.48122992152321
12358,A_protected_highiso,photon_neighbor,photon,23,L1_ch80:96,L1,label_Tbl,31.005985260009766,1.7995071411132812,55.79549189264071
12358,A_protected_highiso,photon_neighbor,photon,15,L1_ch80:96,L1,label_Hqql,28.96788787841797,1.7248679399490356,49.96578108952144
12358,A_protected_highiso,photon_neighbor,photon,15,L1_ch80:96,L1,label_Tbl,28.96788787841797,1.7995071411132812,52.12792110018199
12438,A_protected_highiso,hadron_neighbor,neutral_hadron,43,L1_ch80:96,L1,label_Hqql,39.99186706542969,2.7944424152374268,111.75496959217344
12438,A_protected_highiso,hadron_neighbor,neutral_hadron,43,L1_ch80:96,L1,label_Tbl,39.99186706542969,1.9626591205596924,78.49040264417636
12438,A_protected_highiso,photon_neighbor,photon,28,L1_ch80:96,L1,label_Hqql,23.903566360473633,2.7944424152374268,66.79713971315005
12438,A_protected_highiso,photon_neighbor,photon,28,L1_ch80:96,L1,label_Tbl,23.903566360473633,1.9626591205596924,46.91455253128743
12438,A_protected_highiso,hadron_neighbor,neutral_hadron,35,L1_ch80:96,L1,label_Hqql,23.87316131591797,2.7944424152374268,66.71217456700651
12438,A_protected_highiso,hadron_neighbor,neutral_hadron,35,L1_ch80:96,L1,label_Tbl,23.87316131591797,1.9626591205596924,46.85487779327923
12442,A_protected_highiso,hadron_neighbor,charged_hadron,14,L1_ch80:96,L1,label_Hqql,29.1105899810791,3.1658926010131836,92.16100143222684
12442,A_protected_highiso,hadron_neighbor,charged_hadron,14,L1_ch80:96,L1,label_Tbl,29.1105899810791,3.3292551040649414,96.91658027684934
12442,A_protected_highiso,photon_neighbor,photon,35,L1_ch80:96,L1,label_Hqql,28.210668563842773,3.1658926010131836,89.31194687590505
12442,A_protected_highiso,photon_neighbor,photon,35,L1_ch80:96,L1,label_Tbl,28.210668563842773,3.3292551040649414,93.92051230525794
12442,A_protected_highiso,photon_neighbor,photon,50,L1_ch80:96,L1,label_Hqql,26.500703811645508,3.1658926010131836,83.89838211893039
12442,A_protected_highiso,photon_neighbor,photon,50,L1_ch80:96,L1,label_Tbl,26.500703811645508,3.3292551040649414,88.22760342623405
12509,A_protected_highiso,other_lepton,electron,38,L1_ch80:96,L1,label_Hqql,31.179973602294922,3.0060458183288574,93.72842926278281
12509,A_protected_highiso,other_lepton,electron,38,L1_ch80:96,L1,label_Tbl,31.179973602294922,2.5938336849212646,80.8756658245884
12509,A_protected_highiso,hadron_neighbor,charged_hadron,29,L1_ch80:96,L1,label_Hqql,28.39580535888672,3.0060458183288574,85.35909195716158
12509,A_protected_highiso,hadron_neighbor,charged_hadron,29,L1_ch80:96,L1,label_Tbl,28.39580535888672,2.5938336849212646,73.65399645034813
12509,A_protected_highiso,second_lepton,electron,25,L1_ch80:96,L1,label_Hqql,28.215885162353516,3.0060458183288574,84.81824360274004
12509,A_protected_highiso,second_lepton,electron,25,L1_ch80:96,L1,label_Tbl,28.215885162353516,2.5938336849212646,73.18731338398266
12592,A_protected_highiso,hadron_neighbor,charged_hadron,24,L1_ch80:96,L1,label_Hqql,40.88063430786133,2.5253376960754395,103.2374068571171
12592,A_protected_highiso,hadron_neighbor,charged_hadron,24,L1_ch80:96,L1,label_Tbl,40.88063430786133,2.1914453506469727,89.58767598546183
12592,A_protected_highiso,nearest_hadron_to_best_lepton,charged_hadron,25,L1_ch80:96,L1,label_Hqql,33.774986267089844,2.5253376960754395,85.29324600471227
12592,A_protected_highiso,nearest_hadron_to_best_lepton,charged_hadron,25,L1_ch80:96,L1,label_Tbl,33.774986267089844,2.1914453506469727,74.01603662317939
12592,A_protected_highiso,hadron_neighbor,charged_hadron,27,L1_ch80:96,L1,label_Hqql,33.05109405517578,2.5253376960754395,83.46517371407026
12592,A_protected_highiso,hadron_neighbor,charged_hadron,27,L1_ch80:96,L1,label_Tbl,33.05109405517578,2.1914453506469727,72.42966640101076
12784,A_protected_highiso,hadron_neighbor,charged_hadron,47,L1_ch80:96,L1,label_Hqql,118.66419219970703,1.5911566019058228,188.81331282838528
12784,A_protected_highiso,hadron_neighbor,charged_hadron,47,L1_ch80:96,L1,label_Tbl,118.66419219970703,2.7924258708953857,331.36096024736435
12784,A_protected_highiso,hadron_neighbor,neutral_hadron,15,L1_ch80:96,L1,label_Hqql,31.61504364013672,1.5911566019058228,50.304485407544234
12784,A_protected_highiso,hadron_neighbor,neutral_hadron,15,L1_ch80:96,L1,label_Tbl,31.61504364013672,2.7924258708953857,88.2826657702044
12784,A_protected_highiso,photon_neighbor,photon,39,L1_ch80:96,L1,label_Hqql,31.295259475708008,1.5911566019058228,49.795658723128554
12784,A_protected_highiso,photon_neighbor,photon,39,L1_ch80:96,L1,label_Tbl,31.295259475708008,2.7924258708953857,87.389692196351
13089,A_protected_highiso,hadron_neighbor,charged_hadron,33,L1_ch80:96,L1,label_Hqql,27.1378116607666,3.040273666381836,82.50637415545862
13089,A_protected_highiso,hadron_neighbor,charged_hadron,33,L1_ch80:96,L1,label_Tbl,27.1378116607666,1.878772258758545,50.98576771166245
13089,A_protected_highiso,photon_neighbor,photon,51,L1_ch80:96,L1,label_Hqql,25.845027923583984,3.040273666381836,78.57595780297561
13089,A_protected_highiso,photon_neighbor,photon,51,L1_ch80:96,L1,label_Tbl,25.845027923583984,1.878772258758545,48.55692148966955
13089,A_protected_highiso,hadron_neighbor,charged_hadron,23,L1_ch80:96,L1,label_Hqql,25.801977157592773,3.040273666381836,78.44507169281496
13089,A_protected_highiso,hadron_neighbor,charged_hadron,23,L1_ch80:96,L1,label_Tbl,25.801977157592773,1.878772258758545,48.476038904806956
13279,A_protected_highiso,hadron_neighbor,charged_hadron,16,L1_ch80:96,L1,label_Hqql,23.53460693359375,1.353351354598999,31.850592173534096
13279,A_protected_highiso,hadron_neighbor,charged_hadron,16,L1_ch80:96,L1,label_Tbl,23.53460693359375,1.6492925882339478,38.81545278257545
13279,A_protected_highiso,photon_neighbor,photon,39,L1_ch80:96,L1,label_Hqql,22.81736946105957,1.353351354598999,30.879917868510802
13279,A_protected_highiso,photon_neighbor,photon,39,L1_ch80:96,L1,label_Tbl,22.81736946105957,1.6492925882339478,37.632518335121176
13279,A_protected_highiso,photon_neighbor,photon,45,L1_ch80:96,L1,label_Hqql,22.36310577392578,1.353351354598999,30.265139492183152
13279,A_protected_highiso,photon_neighbor,photon,45,L1_ch80:96,L1,label_Tbl,22.36310577392578,1.6492925882339478,36.88330460282759
13374,A_protected_highiso,hadron_neighbor,neutral_hadron,33,L1_ch80:96,L1,label_Hqql,38.87137222290039,1.321283221244812,51.36009190487994
13374,A_protected_highiso,hadron_neighbor,neutral_hadron,33,L1_ch80:96,L1,label_Tbl,38.87137222290039,0.8081656694412231,31.41450855461926
13374,A_protected_highiso,hadron_neighbor,charged_hadron,42,L1_ch80:96,L1,label_Hqql,29.2365665435791,1.321283221244812,38.629784820838495
13374,A_protected_highiso,hadron_neighbor,charged_hadron,42,L1_ch80:96,L1,label_Tbl,29.2365665435791,0.8081656694412231,23.627989372854472
13374,A_protected_highiso,particle0_best_lepton,electron,0,L1_ch80:96,L1,label_Hqql,23.567541122436523,1.321283221244812,31.139396651072502
13374,A_protected_highiso,particle0_best_lepton,electron,0,L1_ch80:96,L1,label_Tbl,23.567541122436523,0.8081656694412231,19.04647764829747
13400,A_protected_highiso,photon_neighbor,photon,35,L1_ch80:96,L1,label_Hqql,39.43962478637695,1.0098999738693237,39.83007604117802
13400,A_protected_highiso,photon_neighbor,photon,35,L1_ch80:96,L1,label_Tbl,39.43962478637695,1.2410497665405273,48.94653713357911
13400,A_protected_highiso,photon_neighbor,photon,23,L1_ch80:96,L1,label_Hqql,29.03603744506836,1.0098999738693237,29.32349345704324
13400,A_protected_highiso,photon_neighbor,photon,23,L1_ch80:96,L1,label_Tbl,29.03603744506836,1.2410497665405273,36.0351674924641
13400,A_protected_highiso,photon_neighbor,photon,27,L1_ch80:96,L1,label_Hqql,28.106660842895508,1.0098999738693237,28.384916050794118
13400,A_protected_highiso,photon_neighbor,photon,27,L1_ch80:96,L1,label_Tbl,28.106660842895508,1.2410497665405273,34.88176487730925
13529,A_protected_highiso,photon_neighbor,photon,23,L1_ch80:96,L1,label_Hqql,38.05598068237305,2.004918098449707,76.29912442434215
13529,A_protected_highiso,photon_neighbor,photon,23,L1_ch80:96,L1,label_Tbl,38.05598068237305,2.299302101135254,87.50219634374298
13529,A_protected_highiso,photon_neighbor,photon,20,L1_ch80:96,L1,label_Hqql,36.34092712402344,2.004918098449707,72.86058250539645
13529,A_protected_highiso,photon_neighbor,photon,20,L1_ch80:96,L1,label_Tbl,36.34092712402344,2.299302101135254,83.55877009347023
13529,A_protected_highiso,hadron_neighbor,charged_hadron,15,L1_ch80:96,L1,label_Hqql,33.91633605957031,2.004918098449707,67.99947599893494
13529,A_protected_highiso,hadron_neighbor,charged_hadron,15,L1_ch80:96,L1,label_Tbl,33.91633605957031,2.299302101135254,77.9839027645794
13897,A_protected_highiso,photon_neighbor,photon,44,L1_ch80:96,L1,label_Hqql,38.46464157104492,3.927917003631592,151.08591966550193
13897,A_protected_highiso,photon_neighbor,photon,44,L1_ch80:96,L1,label_Tbl,38.46464157104492,4.792324542999268,184.33504583858848
13897,A_protected_highiso,photon_neighbor,photon,37,L1_ch80:96,L1,label_Hqql,34.50590896606445,3.927917003631592,135.53634655356836
13897,A_protected_highiso,photon_neighbor,photon,37,L1_ch80:96,L1,label_Tbl,34.50590896606445,4.792324542999268,165.36351441656916
13897,A_protected_highiso,photon_neighbor,photon,33,L1_ch80:96,L1,label_Hqql,33.6817626953125,3.927917003631592,132.2991684032022
13897,A_protected_highiso,photon_neighbor,photon,33,L1_ch80:96,L1,label_Tbl,33.6817626953125,4.792324542999268,161.41393801622326
14139,A_protected_highiso,hadron_neighbor,neutral_hadron,24,L1_ch80:96,L1,label_Hqql,33.803924560546875,3.2447686195373535,109.68591363127052
14139,A_protected_highiso,hadron_neighbor,neutral_hadron,24,L1_ch80:96,L1,label_Tbl,33.803924560546875,2.6373348236083984,89.1522674181615
14139,A_protected_highiso,hadron_neighbor,charged_hadron,20,L1_ch80:96,L1,label_Hqql,31.890743255615234,3.2447686195373535,103.47808296954281
14139,A_protected_highiso,hadron_neighbor,charged_hadron,20,L1_ch80:96,L1,label_Tbl,31.890743255615234,2.6373348236083984,84.10656773878873
14139,A_protected_highiso,hard_hadron,charged_hadron,12,L1_ch80:96,L1,label_Hqql,22.215482711791992,3.2447686195373535,72.08410117109725
14139,A_protected_highiso,hard_hadron,charged_hadron,12,L1_ch80:96,L1,label_Tbl,22.215482711791992,2.6373348236083984,58.58966617907936
14355,A_protected_highiso,photon_neighbor,photon,35,L1_ch80:96,L1,label_Hqql,34.55105209350586,1.89641535282135,65.52314564625476
14355,A_protected_highiso,photon_neighbor,photon,35,L1_ch80:96,L1,label_Tbl,34.55105209350586,0.9043775796890259,31.24719686803428
14355,A_protected_highiso,photon_neighbor,photon,21,L1_ch80:96,L1,label_Hqql,31.626611709594727,1.89641535282135,59.977192003794926
14355,A_protected_highiso,photon_neighbor,photon,21,L1_ch80:96,L1,label_Tbl,31.626611709594727,0.9043775796890259,28.602398551687884
14355,A_protected_highiso,photon_neighbor,photon,34,L1_ch80:96,L1,label_Hqql,29.63240623474121,1.89641535282135,56.19535012460233
14355,A_protected_highiso,photon_neighbor,photon,34,L1_ch80:96,L1,label_Tbl,29.63240623474121,0.9043775796890259,26.798883830937257
14381,A_protected_highiso,hadron_neighbor,charged_hadron,42,L1_ch80:96,L1,label_Hqql,43.29481506347656,2.873441696166992,124.40512683123234
14381,A_protected_highiso,hadron_neighbor,charged_hadron,42,L1_ch80:96,L1,label_Tbl,43.29481506347656,2.495997905731201,108.06376772745716
14381,A_protected_highiso,hadron_neighbor,charged_hadron,46,L1_ch80:96,L1,label_Hqql,40.966400146484375,2.873441696166992,117.71456232276978
14381,A_protected_highiso,hadron_neighbor,charged_hadron,46,L1_ch80:96,L1,label_Tbl,40.966400146484375,2.495997905731201,102.25204897097137
14381,A_protected_highiso,hadron_neighbor,neutral_hadron,36,L1_ch80:96,L1,label_Hqql,38.21982955932617,2.873441696166992,109.82245187616354
14381,A_protected_highiso,hadron_neighbor,neutral_hadron,36,L1_ch80:96,L1,label_Tbl,38.21982955932617,2.495997905731201,95.39661453748158
14596,A_protected_highiso,hard_hadron,charged_hadron,12,L1_ch80:96,L1,label_Hqql,27.176130294799805,1.0849649906158447,29.485149950272444
14596,A_protected_highiso,hard_hadron,charged_hadron,12,L1_ch80:96,L1,label_Tbl,27.176130294799805,1.2009711265563965,32.63774781558914
14596,A_protected_highiso,photon_neighbor,photon,59,L1_ch80:96,L1,label_Hqql,26.56693458557129,1.0849649906158447,28.824193933326114
14596,A_protected_highiso,photon_neighbor,photon,59,L1_ch80:96,L1,label_Tbl,26.56693458557129,1.2009711265563965,31.906121358383643
14596,A_protected_highiso,hadron_neighbor,charged_hadron,28,L1_ch80:96,L1,label_Hqql,26.240625381469727,1.0849649906158447,28.4701598707602
14596,A_protected_highiso,hadron_neighbor,charged_hadron,28,L1_ch80:96,L1,label_Tbl,26.240625381469727,1.2009711265563965,31.51423342592807
14600,A_protected_highiso,hadron_neighbor,neutral_hadron,33,L1_ch80:96,L1,label_Hqql,28.605751037597656,3.9702134132385254,113.57093646523208
14600,A_protected_highiso,hadron_neighbor,neutral_hadron,33,L1_ch80:96,L1,label_Tbl,28.605751037597656,3.699738025665283,105.83378486651418
14600,A_protected_highiso,photon_neighbor,photon,37,L1_ch80:96,L1,label_Hqql,26.11436653137207,3.9702134132385254,103.67960828108062
14600,A_protected_highiso,photon_neighbor,photon,37,L1_ch80:96,L1,label_Tbl,26.11436653137207,3.699738025665283,96.61631487227805
14600,A_protected_highiso,hadron_neighbor,charged_hadron,16,L1_ch80:96,L1,label_Hqql,24.811269760131836,3.9702134132385254,98.50603600115483
14600,A_protected_highiso,hadron_neighbor,charged_hadron,16,L1_ch80:96,L1,label_Tbl,24.811269760131836,3.699738025665283,91.7951981965989
14625,A_protected_highiso,hadron_neighbor,charged_hadron,63,L1_ch80:96,L1,label_Hqql,93.07274627685547,1.9577325582504272,182.21154567198118
14625,A_protected_highiso,hadron_neighbor,charged_hadron,63,L1_ch80:96,L1,label_Tbl,93.07274627685547,2.176583766937256,202.58062869047353
14625,A_protected_highiso,hadron_neighbor,neutral_hadron,28,L1_ch80:96,L1,label_Hqql,35.17210006713867,1.9577325582504272,68.85756544347942
14625,A_protected_highiso,hadron_neighbor,neutral_hadron,28,L1_ch80:96,L1,label_Tbl,35.17210006713867,2.176583766937256,76.5550220552268
14625,A_protected_highiso,photon_neighbor,photon,35,L1_ch80:96,L1,label_Hqql,29.170244216918945,1.9577325582504272,57.10753683557846
14625,A_protected_highiso,photon_neighbor,photon,35,L1_ch80:96,L1,label_Tbl,29.170244216918945,2.176583766937256,63.49148004014114
14742,A_protected_highiso,photon_neighbor,photon,34,L1_ch80:96,L1,label_Hqql,30.641977310180664,3.1921348571777344,97.81332386467693
14742,A_protected_highiso,photon_neighbor,photon,34,L1_ch80:96,L1,label_Tbl,30.641977310180664,2.5585460662841797,78.39891051013183
14742,A_protected_highiso,photon_neighbor,photon,42,L1_ch80:96,L1,label_Hqql,26.66718864440918,3.1921348571777344,85.1252624147528
14742,A_protected_highiso,photon_neighbor,photon,42,L1_ch80:96,L1,label_Tbl,26.66718864440918,2.5585460662841797,68.22923060501125
14742,A_protected_highiso,photon_neighbor,photon,27,L1_ch80:96,L1,label_Hqql,26.27935791015625,3.1921348571777344,83.88725440925919
14742,A_protected_highiso,photon_neighbor,photon,27,L1_ch80:96,L1,label_Tbl,26.27935791015625,2.5585460662841797,67.23694780550431
14991,A_protected_highiso,hadron_neighbor,charged_hadron,21,L1_ch80:96,L1,label_Hqql,33.01797103881836,3.240971803665161,107.01031315104319
14991,A_protected_highiso,hadron_neighbor,charged_hadron,21,L1_ch80:96,L1,label_Tbl,33.01797103881836,2.789989471435547,92.11979156646703
14991,A_protected_highiso,hadron_neighbor,neutral_hadron,26,L1_ch80:96,L1,label_Hqql,31.737560272216797,3.240971803665161,102.86053795937823
14991,A_protected_highiso,hadron_neighbor,neutral_hadron,26,L1_ch80:96,L1,label_Tbl,31.737560272216797,2.789989471435547,88.54745900853595
14991,A_protected_highiso,hadron_neighbor,charged_hadron,25,L1_ch80:96,L1,label_Hqql,30.089902877807617,3.240971803665161,97.52052680199768
14991,A_protected_highiso,hadron_neighbor,charged_hadron,25,L1_ch80:96,L1,label_Tbl,30.089902877807617,2.789989471435547,83.95051222560141
14999,A_protected_highiso,photon_neighbor,photon,42,L1_ch80:96,L1,label_Hqql,28.20539665222168,2.0314102172851562,57.29673094190366
14999,A_protected_highiso,photon_neighbor,photon,42,L1_ch80:96,L1,label_Tbl,28.20539665222168,2.3782010078430176,67.07810274492567
14999,A_protected_highiso,hadron_neighbor,charged_hadron,34,L1_ch80:96,L1,label_Hqql,26.512096405029297,2.0314102172851562,53.856943518825574
14999,A_protected_highiso,hadron_neighbor,charged_hadron,34,L1_ch80:96,L1,label_Tbl,26.512096405029297,2.3782010078430176,63.05109439047192
14999,A_protected_highiso,hadron_neighbor,charged_hadron,18,L1_ch80:96,L1,label_Hqql,24.661266326904297,2.0314102172851562,50.097148387663765
14999,A_protected_highiso,hadron_neighbor,charged_hadron,18,L1_ch80:96,L1,label_Tbl,24.661266326904297,2.3782010078430176,58.64944843332887
15006,A_protected_highiso,photon_neighbor,photon,34,L1_ch80:96,L1,label_Hqql,33.470035552978516,4.46678352355957,149.50340334099747
15006,A_protected_highiso,photon_neighbor,photon,34,L1_ch80:96,L1,label_Tbl,33.470035552978516,4.745120525360107,158.8193526869709
15006,A_protected_highiso,hadron_neighbor,charged_hadron,41,L1_ch80:96,L1,label_Hqql,33.42229461669922,4.46678352355957,149.2901549134258
15006,A_protected_highiso,hadron_neighbor,charged_hadron,41,L1_ch80:96,L1,label_Tbl,33.42229461669922,4.745120525360107,158.5928161903321
15006,A_protected_highiso,hadron_neighbor,charged_hadron,36,L1_ch80:96,L1,label_Hqql,32.61012268066406,4.46678352355957,145.66235869124648
15006,A_protected_highiso,hadron_neighbor,charged_hadron,36,L1_ch80:96,L1,label_Tbl,32.61012268066406,4.745120525360107,154.7389624665302
15112,A_protected_highiso,hadron_neighbor,charged_hadron,25,L1_ch80:96,L1,label_Hqql,39.7501106262207,2.4326906204223633,96.69972128115842
15112,A_protected_highiso,hadron_neighbor,charged_hadron,25,L1_ch80:96,L1,label_Tbl,39.7501106262207,2.5637967586517334,101.91120477955246
15112,A_protected_highiso,photon_neighbor,photon,45,L1_ch80:96,L1,label_Hqql,38.05631637573242,2.4326906204223633,92.57924389507025
15112,A_protected_highiso,photon_neighbor,photon,45,L1_ch80:96,L1,label_Tbl,38.05631637573242,2.5637967586517334,97.56866057032767
15112,A_protected_highiso,photon_neighbor,photon,44,L1_ch80:96,L1,label_Hqql,27.999053955078125,2.4326906204223633,68.11303593721823
15112,A_protected_highiso,photon_neighbor,photon,44,L1_ch80:96,L1,label_Tbl,27.999053955078125,2.5637967586517334,71.7838837753443
15233,A_protected_highiso,photon_neighbor,photon,34,L1_ch80:96,L1,label_Hqql,29.774906158447266,2.4109838008880615,71.78681642097854
15233,A_protected_highiso,photon_neighbor,photon,34,L1_ch80:96,L1,label_Tbl,29.774906158447266,1.596445918083191,47.5340273979632
15233,A_protected_highiso,photon_neighbor,photon,33,L1_ch80:96,L1,label_Hqql,28.69842529296875,2.4109838008880615,69.19143849234388
15233,A_protected_highiso,photon_neighbor,photon,33,L1_ch80:96,L1,label_Tbl,28.69842529296875,1.596445918083191,45.81548391437536
15233,A_protected_highiso,hadron_neighbor,charged_hadron,20,L1_ch80:96,L1,label_Hqql,26.317903518676758,2.4109838008880615,63.45203905686458
15233,A_protected_highiso,hadron_neighbor,charged_hadron,20,L1_ch80:96,L1,label_Tbl,26.317903518676758,1.596445918083191,42.01510964489876
15292,A_protected_highiso,hadron_neighbor,charged_hadron,40,L1_ch80:96,L1,label_Hqql,44.08864212036133,3.2270307540893555,142.27540402844534
15292,A_protected_highiso,hadron_neighbor,charged_hadron,40,L1_ch80:96,L1,label_Tbl,44.08864212036133,3.351494550704956,147.762843814372
15292,A_protected_highiso,hard_hadron,neutral_hadron,4,L1_ch80:96,L1,label_Hqql,36.57166290283203,3.2270307540893555,118.01788091562776
15292,A_protected_highiso,hard_hadron,neutral_hadron,4,L1_ch80:96,L1,label_Tbl,36.57166290283203,3.351494550704956,122.56972892906015
15292,A_protected_highiso,photon_neighbor,photon,43,L1_ch80:96,L1,label_Hqql,36.345428466796875,3.2270307540893555,117.28781543290825
15292,A_protected_highiso,photon_neighbor,photon,43,L1_ch80:96,L1,label_Tbl,36.345428466796875,3.351494550704956,121.81150544950651
15512,A_protected_highiso,photon_neighbor,photon,32,L1_ch80:96,L1,label_Hqql,30.439123153686523,0.942818284034729,28.698561859280517
15512,A_protected_highiso,photon_neighbor,photon,32,L1_ch80:96,L1,label_Tbl,30.439123153686523,0.7537965774536133,22.944906853937937
15512,A_protected_highiso,photon_neighbor,photon,37,L1_ch80:96,L1,label_Hqql,29.338632583618164,0.942818284034729,27.660999228412265
15512,A_protected_highiso,photon_neighbor,photon,37,L1_ch80:96,L1,label_Tbl,29.338632583618164,0.7537965774536133,22.11536082870043
15512,A_protected_highiso,hadron_neighbor,charged_hadron,35,L1_ch80:96,L1,label_Hqql,28.762699127197266,0.942818284034729,27.117998635311324
15512,A_protected_highiso,hadron_neighbor,charged_hadron,35,L1_ch80:96,L1,label_Tbl,28.762699127197266,0.7537965774536133,21.68122416040933
15540,A_protected_highiso,hadron_neighbor,charged_hadron,33,L1_ch80:96,L1,label_Hqql,36.05381774902344,1.733988642692566,62.51691050251429
15540,A_protected_highiso,hadron_neighbor,charged_hadron,33,L1_ch80:96,L1,label_Tbl,36.05381774902344,1.375894546508789,49.60625122170313
15540,A_protected_highiso,photon_neighbor,photon,31,L1_ch80:96,L1,label_Hqql,32.88957977294922,1.733988642692566,57.030157789225086
15540,A_protected_highiso,photon_neighbor,photon,31,L1_ch80:96,L1,label_Tbl,32.88957977294922,1.375894546508789,45.25259344656661
15540,A_protected_highiso,photon_neighbor,photon,20,L1_ch80:96,L1,label_Hqql,32.33244705200195,1.733988642692566,56.06409597863012
15540,A_protected_highiso,photon_neighbor,photon,20,L1_ch80:96,L1,label_Tbl,32.33244705200195,1.375894546508789,44.48603757413366
15590,A_protected_highiso,hadron_neighbor,charged_hadron,25,L1_ch80:96,L1,label_Hqql,36.614871978759766,-0.30056285858154297,-11.005070588533272
15590,A_protected_highiso,hadron_neighbor,charged_hadron,25,L1_ch80:96,L1,label_Tbl,36.614871978759766,0.01987326145172119,0.7276569238551929
15590,A_protected_highiso,hadron_neighbor,neutral_hadron,13,L1_ch80:96,L1,label_Hqql,25.04755973815918,-0.30056285858154297,-7.528366155393087
15590,A_protected_highiso,hadron_neighbor,neutral_hadron,13,L1_ch80:96,L1,label_Tbl,25.04755973815918,0.01987326145172119,0.49777670340404256
15590,A_protected_highiso,hard_hadron,neutral_hadron,5,L1_ch80:96,L1,label_Hqql,24.746501922607422,-0.30056285858154297,-7.437879357752536
15590,A_protected_highiso,hard_hadron,neutral_hadron,5,L1_ch80:96,L1,label_Tbl,24.746501922607422,0.01987326145172119,0.4917937027234984
15684,A_protected_highiso,hadron_neighbor,neutral_hadron,42,L1_ch80:96,L1,label_Hqql,47.9644889831543,1.6924608945846558,81.17802193272519
15684,A_protected_highiso,hadron_neighbor,neutral_hadron,42,L1_ch80:96,L1,label_Tbl,47.9644889831543,2.018428087234497,96.81287175344823
15684,A_protected_highiso,photon_neighbor,photon,40,L1_ch80:96,L1,label_Hqql,27.209972381591797,1.6924608945846558,46.05181419857263
15684,A_protected_highiso,photon_neighbor,photon,40,L1_ch80:96,L1,label_Tbl,27.209972381591797,2.018428087234497,54.92137250787982
15684,A_protected_highiso,hadron_neighbor,charged_hadron,26,L1_ch80:96,L1,label_Hqql,26.66946029663086,1.6924608945846558,45.13701863172582
15684,A_protected_highiso,hadron_neighbor,charged_hadron,26,L1_ch80:96,L1,label_Tbl,26.66946029663086,2.018428087234497,53.83038773410499
15800,A_protected_highiso,hadron_neighbor,charged_hadron,56,L1_ch80:96,L1,label_Hqql,34.51286315917969,1.0384365320205688,35.83941792911901
15800,A_protected_highiso,hadron_neighbor,charged_hadron,56,L1_ch80:96,L1,label_Tbl,34.51286315917969,0.99560546875,34.3611953034997
15800,A_protected_highiso,photon_neighbor,photon,38,L1_ch80:96,L1,label_Hqql,32.114463806152344,1.0384365320205688,33.34883242256092
15800,A_protected_highiso,photon_neighbor,photon,38,L1_ch80:96,L1,label_Tbl,32.114463806152344,0.99560546875,31.973335791379213
15800,A_protected_highiso,photon_neighbor,photon,36,L1_ch80:96,L1,label_Hqql,30.391563415527344,1.0384365320205688,31.55970971590341
15800,A_protected_highiso,photon_neighbor,photon,36,L1_ch80:96,L1,label_Tbl,30.391563415527344,0.99560546875,30.258006740361452
16360,A_protected_highiso,hadron_neighbor,charged_hadron,26,L1_ch80:96,L1,label_Hqql,32.29081344604492,2.2416164875030518,72.38361981553953
16360,A_protected_highiso,hadron_neighbor,charged_hadron,26,L1_ch80:96,L1,label_Tbl,32.29081344604492,2.3856377601623535,77.03418386324302
16360,A_protected_highiso,photon_neighbor,photon,7,L1_ch80:96,L1,label_Hqql,31.770225524902344,2.2416164875030518,71.21666134831139
16360,A_protected_highiso,photon_neighbor,photon,7,L1_ch80:96,L1,label_Tbl,31.770225524902344,2.3856377601623535,75.79224966108086
16360,A_protected_highiso,hadron_neighbor,charged_hadron,17,L1_ch80:96,L1,label_Hqql,27.480623245239258,2.2416164875030518,61.60101815338794
16360,A_protected_highiso,hadron_neighbor,charged_hadron,17,L1_ch80:96,L1,label_Tbl,27.480623245239258,2.3856377601623535,65.55881248663809
12649,B_confused_highiso,photon_neighbor,photon,78,L1_ch80:96,L1,label_Hqql,32.3203010559082,1.9598188400268555,63.34193492470877
12649,B_confused_highiso,photon_neighbor,photon,78,L1_ch80:96,L1,label_Tbl,32.3203010559082,4.622675895690918,149.40627663262057
12649,B_confused_highiso,particle0_best_lepton,muon,0,L1_ch80:96,L1,label_Hqql,26.65127944946289,1.9598188400268555,52.23167957587793
12649,B_confused_highiso,particle0_best_lepton,muon,0,L1_ch80:96,L1,label_Tbl,26.65127944946289,4.622675895690918,123.20022710035482
12649,B_confused_highiso,hard_hadron,charged_hadron,9,L1_ch80:96,L1,label_Hqql,25.987390518188477,1.9598188400268555,50.93057754068104
12649,B_confused_highiso,hard_hadron,charged_hadron,9,L1_ch80:96,L1,label_Tbl,25.987390518188477,4.622675895690918,120.13128374033658
12982,B_confused_highiso,hadron_neighbor,charged_hadron,34,L1_ch80:96,L1,label_Hqql,109.57654571533203,2.0065736770629883,219.87341225587443
12982,B_confused_highiso,hadron_neighbor,charged_hadron,34,L1_ch80:96,L1,label_Tbl,109.57654571533203,3.457237720489502,378.8321671279882
12982,B_confused_highiso,hadron_neighbor,neutral_hadron,16,L1_ch80:96,L1,label_Hqql,31.585803985595703,2.0065736770629883,63.37924284636756
12982,B_confused_highiso,hadron_neighbor,neutral_hadron,16,L1_ch80:96,L1,label_Tbl,31.585803985595703,3.457237720489502,109.19963297098911
12982,B_confused_highiso,hard_hadron,charged_hadron,6,L1_ch80:96,L1,label_Hqql,30.56492042541504,2.0065736770629883,61.33076476716269
12982,B_confused_highiso,hard_hadron,charged_hadron,6,L1_ch80:96,L1,label_Tbl,30.56492042541504,3.457237720489502,105.67019581850491
13045,B_confused_highiso,photon_neighbor,photon,52,L1_ch80:96,L1,label_Hqql,39.979984283447266,3.215378761291504,128.55079234176446
13045,B_confused_highiso,photon_neighbor,photon,52,L1_ch80:96,L1,label_Tbl,39.979984283447266,3.145995616912842,125.7768553199694
13045,B_confused_highiso,photon_neighbor,photon,50,L1_ch80:96,L1,label_Hqql,33.32090377807617,3.215378761291504,107.13932631506395
13045,B_confused_highiso,photon_neighbor,photon,50,L1_ch80:96,L1,label_Tbl,33.32090377807617,3.145995616912842,104.82741723740219
13045,B_confused_highiso,photon_neighbor,photon,38,L1_ch80:96,L1,label_Hqql,31.788728713989258,3.215378761291504,102.21280315541844
13045,B_confused_highiso,photon_neighbor,photon,38,L1_ch80:96,L1,label_Tbl,31.788728713989258,3.145995616912842,100.0072012014416
13583,B_confused_highiso,hadron_neighbor,charged_hadron,17,L1_ch80:96,L1,label_Hqql,37.936424255371094,-0.07855606079101562,-2.9801360499986913
13583,B_confused_highiso,hadron_neighbor,charged_hadron,17,L1_ch80:96,L1,label_Tbl,37.936424255371094,2.28330397605896,86.62038833974839
13583,B_confused_highiso,hard_hadron,charged_hadron,8,L1_ch80:96,L1,label_Hqql,36.46659469604492,-0.07855606079101562,-2.864672029783833
13583,B_confused_highiso,hard_hadron,charged_hadron,8,L1_ch80:96,L1,label_Tbl,36.46659469604492,2.28330397605896,83.26432066280995
13583,B_confused_highiso,hadron_neighbor,charged_hadron,25,L1_ch80:96,L1,label_Hqql,35.79253387451172,-0.07855606079101562,-2.8117204669106286
13583,B_confused_highiso,hadron_neighbor,charged_hadron,25,L1_ch80:96,L1,label_Tbl,35.79253387451172,2.28330397605896,81.72523490889762
13787,B_confused_highiso,photon_neighbor,photon,17,L1_ch80:96,L1,label_Hqql,29.053241729736328,0.9408254623413086,27.33402958289298
13787,B_confused_highiso,photon_neighbor,photon,17,L1_ch80:96,L1,label_Tbl,29.053241729736328,1.8339964151382446,53.28354118048128
13787,B_confused_highiso,photon_neighbor,photon,8,L1_ch80:96,L1,label_Hqql,26.783588409423828,0.9408254623413086,25.198681948455487
13787,B_confused_highiso,photon_neighbor,photon,8,L1_ch80:96,L1,label_Tbl,26.783588409423828,1.8339964151382446,49.12100512742154
13787,B_confused_highiso,hard_hadron,neutral_hadron,7,L1_ch80:96,L1,label_Hqql,24.47882843017578,0.9408254623413086,23.0303050753937
13787,B_confused_highiso,hard_hadron,neutral_hadron,7,L1_ch80:96,L1,label_Tbl,24.47882843017578,1.8339964151382446,44.89408358772653
13997,B_confused_highiso,hadron_neighbor,charged_hadron,17,L1_ch80:96,L1,label_Hqql,28.725740432739258,3.9213333129882812,112.64320289915486
13997,B_confused_highiso,hadron_neighbor,charged_hadron,17,L1_ch80:96,L1,label_Tbl,28.725740432739258,4.476274490356445,128.58429911567146
13997,B_confused_highiso,photon_neighbor,photon,13,L1_ch80:96,L1,label_Hqql,27.00096321105957,3.9213333129882812,105.87977652229893
13997,B_confused_highiso,photon_neighbor,photon,13,L1_ch80:96,L1,label_Tbl,27.00096321105957,4.476274490356445,120.86372283671881
13997,B_confused_highiso,hadron_neighbor,charged_hadron,14,L1_ch80:96,L1,label_Hqql,24.399173736572266,3.9213333129882812,95.67729278260958
13997,B_confused_highiso,hadron_neighbor,charged_hadron,14,L1_ch80:96,L1,label_Tbl,24.399173736572266,4.476274490356445,109.21739898279338
14711,B_confused_highiso,hadron_neighbor,neutral_hadron,59,L1_ch80:96,L1,label_Hqql,31.200096130371094,3.7031631469726562,115.53904617199441
14711,B_confused_highiso,hadron_neighbor,neutral_hadron,59,L1_ch80:96,L1,label_Tbl,31.200096130371094,5.493713855743408,171.40440041194597
14711,B_confused_highiso,hadron_neighbor,charged_hadron,48,L1_ch80:96,L1,label_Hqql,29.370941162109375,3.7031631469726562,108.76538690342568
14711,B_confused_highiso,hadron_neighbor,charged_hadron,48,L1_ch80:96,L1,label_Tbl,29.370941162109375,5.493713855743408,161.35554641850467
14711,B_confused_highiso,hadron_neighbor,charged_hadron,57,L1_ch80:96,L1,label_Hqql,28.032175064086914,3.7031631469726562,103.80771762681252
14711,B_confused_highiso,hadron_neighbor,charged_hadron,57,L1_ch80:96,L1,label_Tbl,28.032175064086914,5.493713855743408,154.00074855619914
15288,B_confused_highiso,hard_hadron,charged_hadron,13,L1_ch80:96,L1,label_Hqql,43.43825149536133,1.480831503868103,64.32473128727679
15288,B_confused_highiso,hard_hadron,charged_hadron,13,L1_ch80:96,L1,label_Tbl,43.43825149536133,1.8666353225708008,81.08337459195536
15288,B_confused_highiso,hard_hadron,neutral_hadron,8,L1_ch80:96,L1,label_Hqql,37.52458953857422,1.480831503868103,55.56759435844015
15288,B_confused_highiso,hard_hadron,neutral_hadron,8,L1_ch80:96,L1,label_Tbl,37.52458953857422,1.8666353225708008,70.04472429767338
15288,B_confused_highiso,hadron_neighbor,charged_hadron,40,L1_ch80:96,L1,label_Hqql,34.83408737182617,1.480831503868103,51.58341398869425
15288,B_confused_highiso,hadron_neighbor,charged_hadron,40,L1_ch80:96,L1,label_Tbl,34.83408737182617,1.8666353225708008,65.0225379177682
15528,B_confused_highiso,photon_neighbor,photon,31,L1_ch80:96,L1,label_Hqql,60.74585723876953,4.535984992980957,275.54229682082223
15528,B_confused_highiso,photon_neighbor,photon,31,L1_ch80:96,L1,label_Tbl,60.74585723876953,4.597657203674316,279.28862812720035
15528,B_confused_highiso,photon_neighbor,photon,50,L1_ch80:96,L1,label_Hqql,48.86116027832031,4.535984992980957,221.63348976209818
15528,B_confused_highiso,photon_neighbor,photon,50,L1_ch80:96,L1,label_Tbl,48.86116027832031,4.597657203674316,224.64686553350475
15528,B_confused_highiso,photon_neighbor,photon,42,L1_ch80:96,L1,label_Hqql,47.120296478271484,4.535984992980957,213.7369576902529
15528,B_confused_highiso,photon_neighbor,photon,42,L1_ch80:96,L1,label_Tbl,47.120296478271484,4.597657203674316,216.6429705425944
15658,B_confused_highiso,hadron_neighbor,charged_hadron,71,L1_ch80:96,L1,label_Hqql,111.22432708740234,0.6018311977386475,66.93826998868644
15658,B_confused_highiso,hadron_neighbor,charged_hadron,71,L1_ch80:96,L1,label_Tbl,111.22432708740234,1.8668718338012695,207.64156347297103
15658,B_confused_highiso,hadron_neighbor,neutral_hadron,29,L1_ch80:96,L1,label_Hqql,30.49385643005371,0.6018311977386475,18.35215413896958
15658,B_confused_highiso,hadron_neighbor,neutral_hadron,29,L1_ch80:96,L1,label_Tbl,30.49385643005371,1.8668718338012695,56.928121673247006
15658,B_confused_highiso,hadron_neighbor,charged_hadron,25,L1_ch80:96,L1,label_Hqql,28.790603637695312,0.6018311977386475,17.32708347089283
15658,B_confused_highiso,hadron_neighbor,charged_hadron,25,L1_ch80:96,L1,label_Tbl,28.790603637695312,1.8668718338012695,53.74836700934975
15893,B_confused_highiso,hard_hadron,charged_hadron,11,L1_ch80:96,L1,label_Hqql,27.625009536743164,1.595737338066101,44.08225918221319
15893,B_confused_highiso,hard_hadron,charged_hadron,11,L1_ch80:96,L1,label_Tbl,27.625009536743164,3.199625253677368,88.38967814684156
15893,B_confused_highiso,photon_neighbor,photon,8,L1_ch80:96,L1,label_Hqql,25.928619384765625,1.595737338066101,41.375266076775006
15893,B_confused_highiso,photon_neighbor,photon,8,L1_ch80:96,L1,label_Tbl,25.928619384765625,3.199625253677368,82.96186537648464
15893,B_confused_highiso,hadron_neighbor,charged_hadron,12,L1_ch80:96,L1,label_Hqql,25.710630416870117,1.595737338066101,41.02741294141765
15893,B_confused_highiso,hadron_neighbor,charged_hadron,12,L1_ch80:96,L1,label_Tbl,25.710630416870117,3.199625253677368,82.2643823697831
20480,C_Tbl_correct,photon_neighbor,photon,16,L1_ch80:96,L1,label_Hqql,65.49856567382812,-1.2774500846862793,-83.67114826686156
20480,C_Tbl_correct,photon_neighbor,photon,16,L1_ch80:96,L1,label_Tbl,65.49856567382812,2.1884617805480957,143.34110765789228
20480,C_Tbl_correct,hadron_neighbor,charged_hadron,15,L1_ch80:96,L1,label_Hqql,65.35978698730469,-1.2774500846862793,-83.49386542200955
20480,C_Tbl_correct,hadron_neighbor,charged_hadron,15,L1_ch80:96,L1,label_Tbl,65.35978698730469,2.1884617805480957,143.03739580648107
20480,C_Tbl_correct,photon_neighbor,photon,14,L1_ch80:96,L1,label_Hqql,29.84688949584961,-1.2774500846862793,-38.1279115140951
20480,C_Tbl_correct,photon_neighbor,photon,14,L1_ch80:96,L1,label_Tbl,29.84688949584961,2.1884617805480957,65.31877692990929
20481,C_Tbl_correct,hadron_neighbor,charged_hadron,13,L1_ch80:96,L1,label_Hqql,27.749191284179688,-3.6067633628845215,-100.08476647345378
20481,C_Tbl_correct,hadron_neighbor,charged_hadron,13,L1_ch80:96,L1,label_Tbl,27.749191284179688,1.76163911819458,48.88406086447503
20481,C_Tbl_correct,hadron_neighbor,charged_hadron,11,L1_ch80:96,L1,label_Hqql,26.513381958007812,-3.6067633628845215,-95.62749467230606
20481,C_Tbl_correct,hadron_neighbor,charged_hadron,11,L1_ch80:96,L1,label_Tbl,26.513381958007812,1.76163911819458,46.70701081286097
20481,C_Tbl_correct,photon_neighbor,photon,21,L1_ch80:96,L1,label_Hqql,25.45719337463379,-3.6067633628845215,-91.81807238549573
20481,C_Tbl_correct,photon_neighbor,photon,21,L1_ch80:96,L1,label_Tbl,25.45719337463379,1.76163911819458,44.846387688198774
20482,C_Tbl_correct,hardest_hadron,neutral_hadron,1,L1_ch80:96,L1,label_Hqql,27.975252151489258,-3.2355451583862305,-90.51519165338505
20482,C_Tbl_correct,hardest_hadron,neutral_hadron,1,L1_ch80:96,L1,label_Tbl,27.975252151489258,-0.9046577215194702,-25.30802787029893
20482,C_Tbl_correct,hadron_neighbor,charged_hadron,13,L1_ch80:96,L1,label_Hqql,27.889917373657227,-3.2355451583862305,-90.23908712612865
20482,C_Tbl_correct,hadron_neighbor,charged_hadron,13,L1_ch80:96,L1,label_Tbl,27.889917373657227,-0.9046577215194702,-25.230829104619033
20482,C_Tbl_correct,hadron_neighbor,charged_hadron,10,L1_ch80:96,L1,label_Hqql,26.062528610229492,-3.2355451583862305,-84.32648826013065
20482,C_Tbl_correct,hadron_neighbor,charged_hadron,10,L1_ch80:96,L1,label_Tbl,26.062528610229492,-0.9046577215194702,-23.577667749566217
20483,C_Tbl_correct,photon_neighbor,photon,29,L1_ch80:96,L1,label_Hqql,28.412302017211914,-0.09705257415771484,-2.7574870485168503
20483,C_Tbl_correct,photon_neighbor,photon,29,L1_ch80:96,L1,label_Tbl,28.412302017211914,3.4532506465911865,98.11480031208112
20483,C_Tbl_correct,particle0_best_lepton,muon,0,L1_ch80:96,L1,label_Hqql,27.870615005493164,-0.09705257415771484,-2.7049149296417454
20483,C_Tbl_correct,particle0_best_lepton,muon,0,L1_ch80:96,L1,label_Tbl,27.870615005493164,3.4532506465911865,96.2442192886133
20483,C_Tbl_correct,photon_neighbor,photon,18,L1_ch80:96,L1,label_Hqql,25.64864730834961,-0.09705257415771484,-2.4892672449386737
20483,C_Tbl_correct,photon_neighbor,photon,18,L1_ch80:96,L1,label_Tbl,25.64864730834961,3.4532506465911865,88.57120790174758
20484,C_Tbl_correct,particle0_best_lepton,electron,0,L1_ch80:96,L1,label_Hqql,31.76496696472168,-4.763659954071045,-151.31750107223434
20484,C_Tbl_correct,particle0_best_lepton,electron,0,L1_ch80:96,L1,label_Tbl,31.76496696472168,-0.6464518308639526,-20.534521051677302
20484,C_Tbl_correct,photon_neighbor,photon,19,L1_ch80:96,L1,label_Hqql,29.4317569732666,-4.763659954071045,-140.20288207150134
20484,C_Tbl_correct,photon_neighbor,photon,19,L1_ch80:96,L1,label_Tbl,29.4317569732666,-0.6464518308639526,-19.0262131809111
20484,C_Tbl_correct,hadron_neighbor,charged_hadron,22,L1_ch80:96,L1,label_Hqql,28.046981811523438,-4.763659954071045,-133.60628408811317
20484,C_Tbl_correct,hadron_neighbor,charged_hadron,22,L1_ch80:96,L1,label_Tbl,28.046981811523438,-0.6464518308639526,-18.131022742267305
20485,C_Tbl_correct,photon_neighbor,photon,19,L1_ch80:96,L1,label_Hqql,31.81136703491211,-1.69842529296875,-54.029230376007035
20485,C_Tbl_correct,photon_neighbor,photon,19,L1_ch80:96,L1,label_Tbl,31.81136703491211,0.7134160995483398,22.694741391347634
20485,C_Tbl_correct,hadron_neighbor,charged_hadron,14,L1_ch80:96,L1,label_Hqql,31.387069702148438,-1.69842529296875,-53.30859305430204
20485,C_Tbl_correct,hadron_neighbor,charged_hadron,14,L1_ch80:96,L1,label_Tbl,31.387069702148438,0.7134160995483398,22.39204084315861
20485,C_Tbl_correct,photon_neighbor,photon,20,L1_ch80:96,L1,label_Hqql,27.019575119018555,-1.69842529296875,-45.89072978741024
20485,C_Tbl_correct,photon_neighbor,photon,20,L1_ch80:96,L1,label_Tbl,27.019575119018555,0.7134160995483398,19.276199892863588
20486,C_Tbl_correct,hadron_neighbor,charged_hadron,12,L1_ch80:96,L1,label_Hqql,29.709957122802734,-0.015779733657836914,-0.46881521038358187
20486,C_Tbl_correct,hadron_neighbor,charged_hadron,12,L1_ch80:96,L1,label_Tbl,29.709957122802734,0.6351320743560791,18.869746696435868
20486,C_Tbl_correct,hard_hadron,charged_hadron,6,L1_ch80:96,L1,label_Hqql,29.033977508544922,-0.015779733657836914,-0.45814843211246625
20486,C_Tbl_correct,hard_hadron,charged_hadron,6,L1_ch80:96,L1,label_Tbl,29.033977508544922,0.6351320743560791,18.44041036180988
20486,C_Tbl_correct,hadron_neighbor,charged_hadron,14,L1_ch80:96,L1,label_Hqql,27.25827407836914,-0.015779733657836914,-0.430128304928985
20486,C_Tbl_correct,hadron_neighbor,charged_hadron,14,L1_ch80:96,L1,label_Tbl,27.25827407836914,0.6351320743560791,17.312604158761133
20487,C_Tbl_correct,photon_neighbor,photon,20,L1_ch80:96,L1,label_Hqql,37.20354080200195,-7.766060829162598,-288.9249609285798
20487,C_Tbl_correct,photon_neighbor,photon,20,L1_ch80:96,L1,label_Tbl,37.20354080200195,1.0211632251739502,37.990887713262964
20487,C_Tbl_correct,photon_neighbor,photon,15,L1_ch80:96,L1,label_Hqql,32.4102897644043,-7.766060829162598,-251.70028180114969
20487,C_Tbl_correct,photon_neighbor,photon,15,L1_ch80:96,L1,label_Tbl,32.4102897644043,1.0211632251739502,33.09619602464136
20487,C_Tbl_correct,photon_neighbor,photon,12,L1_ch80:96,L1,label_Hqql,30.16253089904785,-7.766060829162598,-234.24404972350203
20487,C_Tbl_correct,photon_neighbor,photon,12,L1_ch80:96,L1,label_Tbl,30.16253089904785,1.0211632251739502,30.80086733228063
20488,C_Tbl_correct,hard_hadron,charged_hadron,4,L1_ch80:96,L1,label_Hqql,22.373336791992188,1.2444238662719727,27.84191427209589
20488,C_Tbl_correct,hard_hadron,charged_hadron,4,L1_ch80:96,L1,label_Tbl,22.373336791992188,1.888767123222351,42.25802296949587
20488,C_Tbl_correct,photon_neighbor,photon,14,L1_ch80:96,L1,label_Hqql,21.911052703857422,1.2444238662719727,27.266636919823213
20488,C_Tbl_correct,photon_neighbor,photon,14,L1_ch80:96,L1,label_Tbl,21.911052703857422,1.888767123222351,41.3848759822381
20488,C_Tbl_correct,hard_hadron,charged_hadron,6,L1_ch80:96,L1,label_Hqql,20.93272590637207,1.2444238662719727,26.049183704019015
20488,C_Tbl_correct,hard_hadron,charged_hadron,6,L1_ch80:96,L1,label_Tbl,20.93272590637207,1.888767123222351,39.53704449138036
20489,C_Tbl_correct,hadron_neighbor,charged_hadron,10,L1_ch80:96,L1,label_Hqql,29.118181228637695,-4.68200159072876,-136.33137083161
20489,C_Tbl_correct,hadron_neighbor,charged_hadron,10,L1_ch80:96,L1,label_Tbl,29.118181228637695,-0.42096030712127686,-12.257598512820323
20489,C_Tbl_correct,photon_neighbor,photon,18,L1_ch80:96,L1,label_Hqql,23.503314971923828,-4.68200159072876,-110.04255808594644
20489,C_Tbl_correct,photon_neighbor,photon,18,L1_ch80:96,L1,label_Tbl,23.503314971923828,-0.42096030712127686,-9.89396268894916
20489,C_Tbl_correct,hard_hadron,charged_hadron,4,L1_ch80:96,L1,label_Hqql,23.091876983642578,-4.68200159072876,-108.11620477032739
20489,C_Tbl_correct,hard_hadron,charged_hadron,4,L1_ch80:96,L1,label_Tbl,23.091876983642578,-0.42096030712127686,-9.720763627040924
20490,C_Tbl_correct,hadron_neighbor,charged_hadron,35,L1_ch80:96,L1,label_Hqql,99.83301544189453,1.064706563949585,106.29286683986538
20490,C_Tbl_correct,hadron_neighbor,charged_hadron,35,L1_ch80:96,L1,label_Tbl,99.83301544189453,1.9835917949676514,198.02795029742083
20490,C_Tbl_correct,hadron_neighbor,neutral_hadron,22,L1_ch80:96,L1,label_Hqql,32.200592041015625,1.064706563949585,34.2841817091321
20490,C_Tbl_correct,hadron_neighbor,neutral_hadron,22,L1_ch80:96,L1,label_Tbl,32.200592041015625,1.9835917949676514,63.87283016565925
20490,C_Tbl_correct,hadron_neighbor,charged_hadron,10,L1_ch80:96,L1,label_Hqql,25.78317642211914,1.064706563949585,27.451517176100424
20490,C_Tbl_correct,hadron_neighbor,charged_hadron,10,L1_ch80:96,L1,label_Tbl,25.78317642211914,1.9835917949676514,51.14329719911893
20491,C_Tbl_correct,photon_neighbor,photon,17,L1_ch80:96,L1,label_Hqql,29.215551376342773,1.326672077178955,38.75945623038115
20491,C_Tbl_correct,photon_neighbor,photon,17,L1_ch80:96,L1,label_Tbl,29.215551376342773,4.595462322235107,134.25896557330725
20491,C_Tbl_correct,photon_neighbor,photon,19,L1_ch80:96,L1,label_Hqql,28.191617965698242,1.326672077178955,37.401032365588435
20491,C_Tbl_correct,photon_neighbor,photon,19,L1_ch80:96,L1,label_Tbl,28.191617965698242,4.595462322235107,129.55351816421262
20491,C_Tbl_correct,photon_neighbor,photon,25,L1_ch80:96,L1,label_Hqql,26.50299835205078,1.326672077178955,35.16078787518563
20491,C_Tbl_correct,photon_neighbor,photon,25,L1_ch80:96,L1,label_Tbl,26.50299835205078,4.595462322235107,121.79353035310851
20492,C_Tbl_correct,hadron_neighbor,charged_hadron,75,L1_ch80:96,L1,label_Hqql,107.52193450927734,4.986083507537842,536.1133443552717
20492,C_Tbl_correct,hadron_neighbor,charged_hadron,75,L1_ch80:96,L1,label_Tbl,107.52193450927734,4.759015083312988,511.6985081166422
20492,C_Tbl_correct,nearest_hadron_to_best_lepton,charged_hadron,74,L1_ch80:96,L1,label_Hqql,45.193294525146484,4.986083507537842,225.33754048313313
20492,C_Tbl_correct,nearest_hadron_to_best_lepton,charged_hadron,74,L1_ch80:96,L1,label_Tbl,45.193294525146484,4.759015083312988,215.0755703097784
20492,C_Tbl_correct,hadron_neighbor,neutral_hadron,22,L1_ch80:96,L1,label_Hqql,39.182838439941406,4.986083507537842,195.36890452391162
20492,C_Tbl_correct,hadron_neighbor,neutral_hadron,22,L1_ch80:96,L1,label_Tbl,39.182838439941406,4.759015083312988,186.4717191426971
20493,C_Tbl_correct,hadron_neighbor,charged_hadron,20,L1_ch80:96,L1,label_Hqql,25.328012466430664,-0.347309947013855,-8.796670667682292
20493,C_Tbl_correct,hadron_neighbor,charged_hadron,20,L1_ch80:96,L1,label_Tbl,25.328012466430664,1.8207221031188965,46.11527212570127
20493,C_Tbl_correct,hadron_neighbor,charged_hadron,18,L1_ch80:96,L1,label_Hqql,24.311389923095703,-0.347309947013855,-8.443587546023537
20493,C_Tbl_correct,hadron_neighbor,charged_hadron,18,L1_ch80:96,L1,label_Tbl,24.311389923095703,1.8207221031188965,44.264284990522356
20493,C_Tbl_correct,second_lepton,muon,1,L1_ch80:96,L1,label_Hqql,22.74937629699707,-0.347309947013855,-7.901084676308301
20493,C_Tbl_correct,second_lepton,muon,1,L1_ch80:96,L1,label_Tbl,22.74937629699707,1.8207221031188965,41.42029225611168
20494,C_Tbl_correct,particle0_best_lepton,muon,0,L1_ch80:96,L1,label_Hqql,29.061201095581055,-1.306417465209961,-37.96606067124594
20494,C_Tbl_correct,particle0_best_lepton,muon,0,L1_ch80:96,L1,label_Tbl,29.061201095581055,3.424419403076172,99.51774090840627
20494,C_Tbl_correct,hadron_neighbor,charged_hadron,21,L1_ch80:96,L1,label_Hqql,27.6106014251709,-1.306417465209961,-36.0709719267943
20494,C_Tbl_correct,hadron_neighbor,charged_hadron,21,L1_ch80:96,L1,label_Tbl,27.6106014251709,3.424419403076172,94.55027925095783
20494,C_Tbl_correct,photon_neighbor,photon,22,L1_ch80:96,L1,label_Hqql,26.86646270751953,-1.306417465209961,-35.09881610951561
20494,C_Tbl_correct,photon_neighbor,photon,22,L1_ch80:96,L1,label_Tbl,26.86646270751953,3.424419403076172,92.00203618765227
20495,C_Tbl_correct,hadron_neighbor,neutral_hadron,17,L1_ch80:96,L1,label_Hqql,36.88098907470703,1.2163043022155762,44.858505681531824
20495,C_Tbl_correct,hadron_neighbor,neutral_hadron,17,L1_ch80:96,L1,label_Tbl,36.88098907470703,1.4971635341644287,55.21687194656806
20495,C_Tbl_correct,hard_hadron,charged_hadron,7,L1_ch80:96,L1,label_Hqql,31.22786521911621,1.2163043022155762,37.982586815019204
20495,C_Tbl_correct,hard_hadron,charged_hadron,7,L1_ch80:96,L1,label_Tbl,31.22786521911621,1.4971635341644287,46.75322105586247
20495,C_Tbl_correct,hadron_neighbor,charged_hadron,13,L1_ch80:96,L1,label_Hqql,28.320716857910156,1.2163043022155762,34.44660975610532
20495,C_Tbl_correct,hadron_neighbor,charged_hadron,13,L1_ch80:96,L1,label_Tbl,28.320716857910156,1.4971635341644287,42.400744541058884
20496,C_Tbl_correct,particle0_best_lepton,electron,0,L1_ch80:96,L1,label_Hqql,32.234580993652344,-2.4972944259643555,-80.49923943874455
20496,C_Tbl_correct,particle0_best_lepton,electron,0,L1_ch80:96,L1,label_Tbl,32.234580993652344,-1.1005420684814453,-35.47551244338683
20496,C_Tbl_correct,photon_neighbor,photon,38,L1_ch80:96,L1,label_Hqql,31.53338050842285,-2.4972944259643555,-78.74813537549744
20496,C_Tbl_correct,photon_neighbor,photon,38,L1_ch80:96,L1,label_Tbl,31.53338050842285,-1.1005420684814453,-34.703811810952175
20496,C_Tbl_correct,hadron_neighbor,charged_hadron,27,L1_ch80:96,L1,label_Hqql,30.440839767456055,-2.4972944259643555,-76.01973947294209
20496,C_Tbl_correct,hadron_neighbor,charged_hadron,27,L1_ch80:96,L1,label_Tbl,30.440839767456055,-1.1005420684814453,-33.501424763988325
20497,C_Tbl_correct,hadron_neighbor,charged_hadron,19,L1_ch80:96,L1,label_Hqql,143.9354705810547,-6.8153815269470215,-980.9751472705466
20497,C_Tbl_correct,hadron_neighbor,charged_hadron,19,L1_ch80:96,L1,label_Tbl,143.9354705810547,2.6649062633514404,383.57453706988963
20497,C_Tbl_correct,hadron_neighbor,charged_hadron,17,L1_ch80:96,L1,label_Hqql,43.11175537109375,-6.8153815269470215,-293.8230611504114
20497,C_Tbl_correct,hadron_neighbor,charged_hadron,17,L1_ch80:96,L1,label_Tbl,43.11175537109375,2.6649062633514404,114.88878691250284
20497,C_Tbl_correct,photon_neighbor,photon,10,L1_ch80:96,L1,label_Hqql,29.81331443786621,-6.8153815269470215,-203.1891124768963
20497,C_Tbl_correct,photon_neighbor,photon,10,L1_ch80:96,L1,label_Tbl,29.81331443786621,2.6649062633514404,79.4496883767356
20498,C_Tbl_correct,hadron_neighbor,charged_hadron,11,L1_ch80:96,L1,label_Hqql,123.80146026611328,1.4011762142181396,173.46766141035005
20498,C_Tbl_correct,hadron_neighbor,charged_hadron,11,L1_ch80:96,L1,label_Tbl,123.80146026611328,1.9526243209838867,241.73774228893308
20498,C_Tbl_correct,hadron_neighbor,charged_hadron,13,L1_ch80:96,L1,label_Hqql,56.08116912841797,1.4011762142181396,78.5796002482839
20498,C_Tbl_correct,hadron_neighbor,charged_hadron,13,L1_ch80:96,L1,label_Tbl,56.08116912841797,1.9526243209838867,109.50545478935965
20498,C_Tbl_correct,hadron_neighbor,neutral_hadron,10,L1_ch80:96,L1,label_Hqql,42.30708312988281,1.4011762142181396,59.27967857454132
20498,C_Tbl_correct,hadron_neighbor,neutral_hadron,10,L1_ch80:96,L1,label_Tbl,42.30708312988281,1.9526243209838867,82.60983946929628
20499,C_Tbl_correct,photon_neighbor,photon,19,L1_ch80:96,L1,label_Hqql,32.80863952636719,-0.8225862979888916,-26.987937330046407
20499,C_Tbl_correct,photon_neighbor,photon,19,L1_ch80:96,L1,label_Tbl,32.80863952636719,1.6124920845031738,52.90367153958505
20499,C_Tbl_correct,hadron_neighbor,neutral_hadron,14,L1_ch80:96,L1,label_Hqql,29.49802017211914,-0.8225862979888916,-24.26466721138513
20499,C_Tbl_correct,hadron_neighbor,neutral_hadron,14,L1_ch80:96,L1,label_Tbl,29.49802017211914,1.6124920845031738,47.56532403605706
20499,C_Tbl_correct,photon_neighbor,photon,18,L1_ch80:96,L1,label_Hqql,26.256471633911133,-0.8225862979888916,-21.598213799589303
20499,C_Tbl_correct,photon_neighbor,photon,18,L1_ch80:96,L1,label_Tbl,26.256471633911133,1.6124920845031738,42.33835267666382
20500,C_Tbl_correct,particle0_best_lepton,electron,0,L1_ch80:96,L1,label_Hqql,32.82114028930664,3.3319878578186035,109.3596409237307
20500,C_Tbl_correct,particle0_best_lepton,electron,0,L1_ch80:96,L1,label_Tbl,32.82114028930664,6.120514392852783,200.88226153054165
20500,C_Tbl_correct,hadron_neighbor,charged_hadron,24,L1_ch80:96,L1,label_Hqql,29.361108779907227,3.3319878578186035,97.83085794674207
20500,C_Tbl_correct,hadron_neighbor,charged_hadron,24,L1_ch80:96,L1,label_Tbl,29.361108779907227,6.120514392852783,179.7050888775384
20500,C_Tbl_correct,photon_neighbor,photon,31,L1_ch80:96,L1,label_Hqql,28.31291961669922,3.3319878578186035,94.33830438223595
20500,C_Tbl_correct,photon_neighbor,photon,31,L1_ch80:96,L1,label_Tbl,28.31291961669922,6.120514392852783,173.28963201769147
20501,C_Tbl_correct,hadron_neighbor,charged_hadron,37,L1_ch80:96,L1,label_Hqql,135.0327606201172,-1.6710801124572754,-225.65056080248178
20501,C_Tbl_correct,hadron_neighbor,charged_hadron,37,L1_ch80:96,L1,label_Tbl,135.0327606201172,2.9925968647003174,404.0986160635912
20501,C_Tbl_correct,hadron_neighbor,charged_hadron,35,L1_ch80:96,L1,label_Hqql,40.288307189941406,-1.6710801124572754,-67.32498890968054
20501,C_Tbl_correct,hadron_neighbor,charged_hadron,35,L1_ch80:96,L1,label_Tbl,40.288307189941406,2.9925968647003174,120.5666617807019
20501,C_Tbl_correct,particle0_best_lepton,electron,0,L1_ch80:96,L1,label_Hqql,32.59309387207031,-1.6710801124572754,-54.46567097306979
20501,C_Tbl_correct,particle0_best_lepton,electron,0,L1_ch80:96,L1,label_Tbl,32.59309387207031,2.9925968647003174,97.53799053244074
20502,C_Tbl_correct,hadron_neighbor,charged_hadron,31,L1_ch80:96,L1,label_Hqql,142.73989868164062,0.08902597427368164,12.707558547859662
20502,C_Tbl_correct,hadron_neighbor,charged_hadron,31,L1_ch80:96,L1,label_Tbl,142.73989868164062,4.175331115722656,595.9863404205535
20502,C_Tbl_correct,nearest_hadron_to_best_lepton,neutral_hadron,15,L1_ch80:96,L1,label_Hqql,51.5126953125,0.08902597427368164,4.585967887658626
20502,C_Tbl_correct,nearest_hadron_to_best_lepton,neutral_hadron,15,L1_ch80:96,L1,label_Tbl,51.5126953125,4.175331115722656,215.08255959302187
20502,C_Tbl_correct,photon_neighbor,photon,30,L1_ch80:96,L1,label_Hqql,45.497406005859375,0.08902597427368164,4.050450896596885
20502,C_Tbl_correct,photon_neighbor,photon,30,L1_ch80:96,L1,label_Tbl,45.497406005859375,4.175331115722656,189.9667349809315
20503,C_Tbl_correct,hadron_neighbor,neutral_hadron,18,L1_ch80:96,L1,label_Hqql,41.02186584472656,-1.845170021057129,-75.69231706451683
20503,C_Tbl_correct,hadron_neighbor,neutral_hadron,18,L1_ch80:96,L1,label_Tbl,41.02186584472656,0.6218457221984863,25.50927179214341
20503,C_Tbl_correct,photon_neighbor,photon,16,L1_ch80:96,L1,label_Hqql,29.47117042541504,-1.845170021057129,-54.3793201544413
20503,C_Tbl_correct,photon_neighbor,photon,16,L1_ch80:96,L1,label_Tbl,29.47117042541504,0.6218457221984863,18.326521257226887
20503,C_Tbl_correct,second_lepton,electron,6,L1_ch80:96,L1,label_Hqql,24.37179183959961,-1.845170021057129,-44.970099661873974
20503,C_Tbl_correct,second_lepton,electron,6,L1_ch80:96,L1,label_Tbl,24.37179183959961,0.6218457221984863,15.155494497766995
20504,C_Tbl_correct,photon_neighbor,photon,26,L1_ch80:96,L1,label_Hqql,30.90937042236328,-0.29350030422210693,-9.071909622277417
20504,C_Tbl_correct,photon_neighbor,photon,26,L1_ch80:96,L1,label_Tbl,30.90937042236328,1.3852980136871338,42.8186894504197
20504,C_Tbl_correct,photon_neighbor,photon,24,L1_ch80:96,L1,label_Hqql,24.275344848632812,-0.29350030422210693,-7.124821098170287
20504,C_Tbl_correct,photon_neighbor,photon,24,L1_ch80:96,L1,label_Tbl,24.275344848632812,1.3852980136871338,33.62858700038123
20504,C_Tbl_correct,photon_neighbor,photon,23,L1_ch80:96,L1,label_Hqql,22.508831024169922,-0.29350030422210693,-6.606348753277871
20504,C_Tbl_correct,photon_neighbor,photon,23,L1_ch80:96,L1,label_Tbl,22.508831024169922,1.3852980136871338,31.181438908201926
20505,C_Tbl_correct,hadron_neighbor,neutral_hadron,12,L1_ch80:96,L1,label_Hqql,31.84465980529785,1.3471778631210327,42.9004207483174
20505,C_Tbl_correct,hadron_neighbor,neutral_hadron,12,L1_ch80:96,L1,label_Tbl,31.84465980529785,4.182812690734863,133.20024716573425
20505,C_Tbl_correct,hadron_neighbor,charged_hadron,10,L1_ch80:96,L1,label_Hqql,30.506372451782227,1.3471778631210327,41.09750965116632
20505,C_Tbl_correct,hadron_neighbor,charged_hadron,10,L1_ch80:96,L1,label_Tbl,30.506372451782227,4.182812690734863,127.60244183959912
20505,C_Tbl_correct,photon_neighbor,photon,13,L1_ch80:96,L1,label_Hqql,28.746435165405273,1.3471778631210327,38.72656109847799
20505,C_Tbl_correct,photon_neighbor,photon,13,L1_ch80:96,L1,label_Tbl,28.746435165405273,4.182812690734863,120.24095382324413
20506,C_Tbl_correct,hadron_neighbor,charged_hadron,29,L1_ch80:96,L1,label_Hqql,43.944984436035156,-0.9184888601303101,-40.36297866309815
20506,C_Tbl_correct,hadron_neighbor,charged_hadron,29,L1_ch80:96,L1,label_Tbl,43.944984436035156,1.1889970302581787,52.250455989187685
20506,C_Tbl_correct,other_lepton,electron,28,L1_ch80:96,L1,label_Hqql,36.80323791503906,-0.9184888601303101,-33.80336404168884
20506,C_Tbl_correct,other_lepton,electron,28,L1_ch80:96,L1,label_Tbl,36.80323791503906,1.1889970302581787,43.75894058486665
20506,C_Tbl_correct,second_lepton,electron,12,L1_ch80:96,L1,label_Hqql,33.096778869628906,-0.9184888601303101,-30.399022697950386
20506,C_Tbl_correct,second_lepton,electron,12,L1_ch80:96,L1,label_Tbl,33.096778869628906,1.1889970302581787,39.35197178710041
20507,C_Tbl_correct,hadron_neighbor,charged_hadron,26,L1_ch80:96,L1,label_Hqql,28.03321647644043,-2.2151527404785156,-62.097856302214495
20507,C_Tbl_correct,hadron_neighbor,charged_hadron,26,L1_ch80:96,L1,label_Tbl,28.03321647644043,0.03040790557861328,0.8524313996804267
20507,C_Tbl_correct,photon_neighbor,photon,33,L1_ch80:96,L1,label_Hqql,27.320539474487305,-2.2151527404785156,-60.51916788826202
20507,C_Tbl_correct,photon_neighbor,photon,33,L1_ch80:96,L1,label_Tbl,27.320539474487305,0.03040790557861328,0.8307603846969869
20507,C_Tbl_correct,photon_neighbor,photon,28,L1_ch80:96,L1,label_Hqql,26.920364379882812,-2.2151527404785156,-59.63271893077763
20507,C_Tbl_correct,photon_neighbor,photon,28,L1_ch80:96,L1,label_Tbl,26.920364379882812,0.03040790557861328,0.8185918982053408
20508,C_Tbl_correct,photon_neighbor,photon,13,L1_ch80:96,L1,label_Hqql,32.60386276245117,-1.206573486328125,-39.33895636105444
20508,C_Tbl_correct,photon_neighbor,photon,13,L1_ch80:96,L1,label_Tbl,32.60386276245117,4.0243449211120605,131.209189516705
20508,C_Tbl_correct,photon_neighbor,photon,7,L1_ch80:96,L1,label_Hqql,31.19887351989746,-1.206573486328125,-37.6437335924129
20508,C_Tbl_correct,photon_neighbor,photon,7,L1_ch80:96,L1,label_Tbl,31.19887351989746,4.0243449211120605,125.5550281942169
20508,C_Tbl_correct,photon_neighbor,photon,8,L1_ch80:96,L1,label_Hqql,30.941099166870117,-1.206573486328125,-37.33270989259472
20508,C_Tbl_correct,photon_neighbor,photon,8,L1_ch80:96,L1,label_Tbl,30.941099166870117,4.0243449211120605,124.51765528581836
20509,C_Tbl_correct,hadron_neighbor,charged_hadron,7,L1_ch80:96,L1,label_Hqql,37.0551643371582,-9.555760383605957,-354.09027138102465
20509,C_Tbl_correct,hadron_neighbor,charged_hadron,7,L1_ch80:96,L1,label_Tbl,37.0551643371582,-1.6573050022125244,-61.41170921377943
20509,C_Tbl_correct,hadron_neighbor,charged_hadron,6,L1_ch80:96,L1,label_Hqql,30.226524353027344,-9.555760383605957,-288.8374239467594
20509,C_Tbl_correct,hadron_neighbor,charged_hadron,6,L1_ch80:96,L1,label_Tbl,30.226524353027344,-1.6573050022125244,-50.094570009770905
20509,C_Tbl_correct,photon_neighbor,photon,14,L1_ch80:96,L1,label_Hqql,28.778841018676758,-9.555760383605957,-275.00370889236547
20509,C_Tbl_correct,photon_neighbor,photon,14,L1_ch80:96,L1,label_Tbl,28.778841018676758,-1.6573050022125244,-47.69531717813197
20510,C_Tbl_correct,photon_neighbor,photon,16,L1_ch80:96,L1,label_Hqql,31.513525009155273,-0.13050079345703125,-4.112540018322761
20510,C_Tbl_correct,photon_neighbor,photon,16,L1_ch80:96,L1,label_Tbl,31.513525009155273,2.085211753845215,65.71237275418571
20510,C_Tbl_correct,photon_neighbor,photon,28,L1_ch80:96,L1,label_Hqql,30.967477798461914,-0.13050079345703125,-4.041280424062279
20510,C_Tbl_correct,photon_neighbor,photon,28,L1_ch80:96,L1,label_Tbl,30.967477798461914,2.085211753845215,64.57374869229352
20510,C_Tbl_correct,photon_neighbor,photon,10,L1_ch80:96,L1,label_Hqql,29.607892990112305,-0.13050079345703125,-3.8638535278005293
20510,C_Tbl_correct,photon_neighbor,photon,10,L1_ch80:96,L1,label_Tbl,29.607892990112305,2.085211753845215,61.73872646957352
20511,C_Tbl_correct,photon_neighbor,photon,26,L1_ch80:96,L1,label_Hqql,36.14736557006836,7.892735004425049,285.30157755262735
20511,C_Tbl_correct,photon_neighbor,photon,26,L1_ch80:96,L1,label_Tbl,36.14736557006836,10.647175788879395,384.86735552940445
20511,C_Tbl_correct,hadron_neighbor,charged_hadron,18,L1_ch80:96,L1,label_Hqql,31.732839584350586,7.892735004425049,250.4588937772087
20511,C_Tbl_correct,hadron_neighbor,charged_hadron,18,L1_ch80:96,L1,label_Tbl,31.732839584350586,10.647175788879395,337.8651213348912
20511,C_Tbl_correct,photon_neighbor,photon,12,L1_ch80:96,L1,label_Hqql,29.430227279663086,7.892735004425049,232.28498503838182
20511,C_Tbl_correct,photon_neighbor,photon,12,L1_ch80:96,L1,label_Tbl,29.430227279663086,10.647175788879395,313.3488033532467
20512,C_Tbl_correct,hadron_neighbor,charged_hadron,16,L1_ch80:96,L1,label_Hqql,29.50023078918457,0.7930559515953064,23.395333600797926
20512,C_Tbl_correct,hadron_neighbor,charged_hadron,16,L1_ch80:96,L1,label_Tbl,29.50023078918457,3.9015090465545654,115.09541729945113
20512,C_Tbl_correct,hadron_neighbor,charged_hadron,12,L1_ch80:96,L1,label_Hqql,29.206388473510742,0.7930559515953064,23.16230020352225
20512,C_Tbl_correct,hadron_neighbor,charged_hadron,12,L1_ch80:96,L1,label_Tbl,29.206388473510742,3.9015090465545654,113.94898884658915
20512,C_Tbl_correct,hadron_neighbor,charged_hadron,15,L1_ch80:96,L1,label_Hqql,28.21722984313965,0.7930559515953064,22.377842064634592
20512,C_Tbl_correct,hadron_neighbor,charged_hadron,15,L1_ch80:96,L1,label_Tbl,28.21722984313965,3.9015090465545654,110.0897775017188
20513,C_Tbl_correct,hadron_neighbor,neutral_hadron,19,L1_ch80:96,L1,label_Hqql,41.3946647644043,-7.054745197296143,-292.0288124403651
20513,C_Tbl_correct,hadron_neighbor,neutral_hadron,19,L1_ch80:96,L1,label_Tbl,41.3946647644043,2.234851360321045,92.51092285876257
20513,C_Tbl_correct,nearest_hadron_to_best_lepton,neutral_hadron,17,L1_ch80:96,L1,label_Hqql,38.27732467651367,-7.054745197296143,-270.03677242697995
20513,C_Tbl_correct,nearest_hadron_to_best_lepton,neutral_hadron,17,L1_ch80:96,L1,label_Tbl,38.27732467651367,2.234851360321045,85.54413112275688
20513,C_Tbl_correct,hadron_neighbor,charged_hadron,21,L1_ch80:96,L1,label_Hqql,36.14908981323242,-7.054745197296143,-255.02261774652834
20513,C_Tbl_correct,hadron_neighbor,charged_hadron,21,L1_ch80:96,L1,label_Tbl,36.14908981323242,2.234851360321045,80.7878425434701
20514,C_Tbl_correct,photon_neighbor,photon,21,L1_ch80:96,L1,label_Hqql,29.40418243408203,-0.9930312633514404,-29.199272430332712
20514,C_Tbl_correct,photon_neighbor,photon,21,L1_ch80:96,L1,label_Tbl,29.40418243408203,1.1767709255218506,34.60198697716805
20514,C_Tbl_correct,photon_neighbor,photon,20,L1_ch80:96,L1,label_Hqql,28.87260627746582,-0.9930312633514404,-28.671400687960613
20514,C_Tbl_correct,photon_neighbor,photon,20,L1_ch80:96,L1,label_Tbl,28.87260627746582,1.1767709255218506,33.97644361136145
20514,C_Tbl_correct,hadron_neighbor,charged_hadron,8,L1_ch80:96,L1,label_Hqql,28.492958068847656,-0.9930312633514404,-28.294398147727406
20514,C_Tbl_correct,hadron_neighbor,charged_hadron,8,L1_ch80:96,L1,label_Tbl,28.492958068847656,1.1767709255218506,33.52968463753314
20515,C_Tbl_correct,hadron_neighbor,charged_hadron,7,L1_ch80:96,L1,label_Hqql,41.30838394165039,1.4775667190551758,61.03589333013588
20515,C_Tbl_correct,hadron_neighbor,charged_hadron,7,L1_ch80:96,L1,label_Tbl,41.30838394165039,4.519733428955078,186.7028837971884
20515,C_Tbl_correct,particle0_best_lepton,muon,0,L1_ch80:96,L1,label_Hqql,31.461957931518555,1.4775667190551758,46.487141955925836
20515,C_Tbl_correct,particle0_best_lepton,muon,0,L1_ch80:96,L1,label_Tbl,31.461957931518555,4.519733428955078,142.19966300346277
20515,C_Tbl_correct,hadron_neighbor,neutral_hadron,5,L1_ch80:96,L1,label_Hqql,30.429147720336914,1.4775667190551758,44.961095960783496
20515,C_Tbl_correct,hadron_neighbor,neutral_hadron,5,L1_ch80:96,L1,label_Tbl,30.429147720336914,4.519733428955078,137.53163616621896
20516,C_Tbl_correct,hard_hadron,neutral_hadron,3,L1_ch80:96,L1,label_Hqql,40.963619232177734,-4.145205497741699,-169.80261964862075
20516,C_Tbl_correct,hard_hadron,neutral_hadron,3,L1_ch80:96,L1,label_Tbl,40.963619232177734,6.570977210998535,269.1710084546612
20516,C_Tbl_correct,photon_neighbor,photon,19,L1_ch80:96,L1,label_Hqql,35.93694305419922,-4.145205497741699,-148.96601392029697
20516,C_Tbl_correct,photon_neighbor,photon,19,L1_ch80:96,L1,label_Tbl,35.93694305419922,6.570977210998535,236.14083384209516
20516,C_Tbl_correct,hadron_neighbor,charged_hadron,12,L1_ch80:96,L1,label_Hqql,31.253278732299805,-4.145205497741699,-129.55126282358287
20516,C_Tbl_correct,hadron_neighbor,charged_hadron,12,L1_ch80:96,L1,label_Tbl,31.253278732299805,6.570977210998535,205.3645823189272
20517,C_Tbl_correct,hadron_neighbor,charged_hadron,21,L1_ch80:96,L1,label_Hqql,65.7500991821289,-0.41954755783081055,-27.585293538995757
20517,C_Tbl_correct,hadron_neighbor,charged_hadron,21,L1_ch80:96,L1,label_Tbl,65.7500991821289,1.5291223526000977,100.53994634506671
20517,C_Tbl_correct,photon_neighbor,photon,16,L1_ch80:96,L1,label_Hqql,30.846481323242188,-0.41954755783081055,-12.941565906839969
20517,C_Tbl_correct,photon_neighbor,photon,16,L1_ch80:96,L1,label_Tbl,30.846481323242188,1.5291223526000977,47.16804409043107
20517,C_Tbl_correct,photon_neighbor,photon,15,L1_ch80:96,L1,label_Hqql,29.698036193847656,-0.41954755783081055,-12.459738557499804
20517,C_Tbl_correct,photon_neighbor,photon,15,L1_ch80:96,L1,label_Tbl,29.698036193847656,1.5291223526000977,45.41193097233918
20518,C_Tbl_correct,hadron_neighbor,neutral_hadron,25,L1_ch80:96,L1,label_Hqql,48.26996612548828,-1.8201720714569092,-87.85964423178484
20518,C_Tbl_correct,hadron_neighbor,neutral_hadron,25,L1_ch80:96,L1,label_Tbl,48.26996612548828,0.6697037220001221,32.32657597505931
20518,C_Tbl_correct,hadron_neighbor,charged_hadron,21,L1_ch80:96,L1,label_Hqql,31.90757179260254,-1.8201720714569092,-58.07727104490141
20518,C_Tbl_correct,hadron_neighbor,charged_hadron,21,L1_ch80:96,L1,label_Tbl,31.90757179260254,0.6697037220001221,21.368619589492027
20518,C_Tbl_correct,photon_neighbor,photon,26,L1_ch80:96,L1,label_Hqql,31.04405403137207,-1.8201720714569092,-56.50552013270271
20518,C_Tbl_correct,photon_neighbor,photon,26,L1_ch80:96,L1,label_Tbl,31.04405403137207,0.6697037220001221,20.79031853078277
20519,C_Tbl_correct,hadron_neighbor,charged_hadron,16,L1_ch80:96,L1,label_Hqql,31.105480194091797,1.1767889261245728,36.60458463419445
20519,C_Tbl_correct,hadron_neighbor,charged_hadron,16,L1_ch80:96,L1,label_Tbl,31.105480194091797,3.932710647583008,122.32885315748717
20519,C_Tbl_correct,hadron_neighbor,charged_hadron,10,L1_ch80:96,L1,label_Hqql,30.50623893737793,1.1767889261245728,35.8994041592166
20519,C_Tbl_correct,hadron_neighbor,charged_hadron,10,L1_ch80:96,L1,label_Tbl,30.50623893737793,3.932710647583008,119.97221068673753
20519,C_Tbl_correct,hadron_neighbor,charged_hadron,13,L1_ch80:96,L1,label_Hqql,29.913496017456055,1.1767889261245728,35.201870855013794
20519,C_Tbl_correct,hadron_neighbor,charged_hadron,13,L1_ch80:96,L1,label_Tbl,29.913496017456055,3.932710647583008,117.64112429428133
20520,C_Tbl_correct,photon_neighbor,photon,22,L1_ch80:96,L1,label_Hqql,29.39258575439453,-0.7777372598648071,-22.859709104964168
20520,C_Tbl_correct,photon_neighbor,photon,22,L1_ch80:96,L1,label_Tbl,29.39258575439453,2.3425862789154053,68.85466809008904
20520,C_Tbl_correct,hadron_neighbor,charged_hadron,15,L1_ch80:96,L1,label_Hqql,28.2114200592041,-0.7777372598648071,-21.941072533740453
20520,C_Tbl_correct,hadron_neighbor,charged_hadron,15,L1_ch80:96,L1,label_Tbl,28.2114200592041,2.3425862789154053,66.08768553941036
20520,C_Tbl_correct,hadron_neighbor,charged_hadron,21,L1_ch80:96,L1,label_Hqql,27.22282600402832,-0.7777372598648071,-21.172206102149403
20520,C_Tbl_correct,hadron_neighbor,charged_hadron,21,L1_ch80:96,L1,label_Tbl,27.22282600402832,2.3425862789154053,63.771818670338234
20521,C_Tbl_correct,hadron_neighbor,neutral_hadron,22,L1_ch80:96,L1,label_Hqql,31.914642333984375,-0.08317375183105469,-2.6544605412636884
20521,C_Tbl_correct,hadron_neighbor,neutral_hadron,22,L1_ch80:96,L1,label_Tbl,31.914642333984375,1.5955126285552979,50.920214879697596
20521,C_Tbl_correct,hadron_neighbor,charged_hadron,29,L1_ch80:96,L1,label_Hqql,30.8526554107666,-0.08317375183105469,-2.566131104464148
20521,C_Tbl_correct,hadron_neighbor,charged_hadron,29,L1_ch80:96,L1,label_Tbl,30.8526554107666,1.5955126285552979,49.22580133234305
20521,C_Tbl_correct,hard_hadron,charged_hadron,8,L1_ch80:96,L1,label_Hqql,27.851896286010742,-0.08317375183105469,-2.316546709716931
20521,C_Tbl_correct,hard_hadron,charged_hadron,8,L1_ch80:96,L1,label_Tbl,27.851896286010742,1.5955126285552979,44.43805225354254
20522,C_Tbl_correct,photon_neighbor,photon,15,L1_ch80:96,L1,label_Hqql,35.343780517578125,-3.1747822761535645,-112.20880795946869
20522,C_Tbl_correct,photon_neighbor,photon,15,L1_ch80:96,L1,label_Tbl,35.343780517578125,3.8844449520111084,137.2909698164949
20522,C_Tbl_correct,photon_neighbor,photon,16,L1_ch80:96,L1,label_Hqql,34.65602111816406,-3.1747822761535645,-110.0253216079509
20522,C_Tbl_correct,photon_neighbor,photon,16,L1_ch80:96,L1,label_Tbl,34.65602111816406,3.8844449520111084,134.61940628924276
20522,C_Tbl_correct,photon_neighbor,photon,14,L1_ch80:96,L1,label_Hqql,34.64051818847656,-3.1747822761535645,-109.97610318155057
20522,C_Tbl_correct,photon_neighbor,photon,14,L1_ch80:96,L1,label_Tbl,34.64051818847656,3.8844449520111084,134.55918601227677
20523,C_Tbl_correct,hadron_neighbor,neutral_hadron,14,L1_ch80:96,L1,label_Hqql,46.43095016479492,-6.241699695587158,-289.808047509423
20523,C_Tbl_correct,hadron_neighbor,neutral_hadron,14,L1_ch80:96,L1,label_Tbl,46.43095016479492,0.6619405746459961,30.734529833443958
20523,C_Tbl_correct,nearest_hadron_to_best_lepton,charged_hadron,13,L1_ch80:96,L1,label_Hqql,29.472362518310547,-6.241699695587158,-183.9576361587733
20523,C_Tbl_correct,nearest_hadron_to_best_lepton,charged_hadron,13,L1_ch80:96,L1,label_Tbl,29.472362518310547,0.6619405746459961,19.5089525815456
20523,C_Tbl_correct,photon_neighbor,photon,9,L1_ch80:96,L1,label_Hqql,25.285669326782227,-6.241699695587158,-157.82555453969417
20523,C_Tbl_correct,photon_neighbor,photon,9,L1_ch80:96,L1,label_Tbl,25.285669326782227,0.6619405746459961,16.737610484478864
20524,C_Tbl_correct,hadron_neighbor,neutral_hadron,11,L1_ch80:96,L1,label_Hqql,43.39427185058594,-2.109560012817383,-91.54282068132306
20524,C_Tbl_correct,hadron_neighbor,neutral_hadron,11,L1_ch80:96,L1,label_Tbl,43.39427185058594,3.129112720489502,135.78556804404798
20524,C_Tbl_correct,hadron_neighbor,neutral_hadron,10,L1_ch80:96,L1,label_Hqql,31.065322875976562,-2.109560012817383,-65.53416292442125
20524,C_Tbl_correct,hadron_neighbor,neutral_hadron,10,L1_ch80:96,L1,label_Tbl,31.065322875976562,3.129112720489502,97.20689697733178
20524,C_Tbl_correct,hadron_neighbor,charged_hadron,9,L1_ch80:96,L1,label_Hqql,27.024364471435547,-2.109560012817383,-57.0095186607432
20524,C_Tbl_correct,hadron_neighbor,charged_hadron,9,L1_ch80:96,L1,label_Tbl,27.024364471435547,3.129112720489502,84.56228263071353
20525,C_Tbl_correct,hadron_neighbor,charged_hadron,25,L1_ch80:96,L1,label_Hqql,114.77107238769531,0.3774580955505371,43.32127040775231
20525,C_Tbl_correct,hadron_neighbor,charged_hadron,25,L1_ch80:96,L1,label_Tbl,114.77107238769531,3.853261709213257,442.24297855684927
20525,C_Tbl_correct,photon_neighbor,photon,39,L1_ch80:96,L1,label_Hqql,33.18964385986328,0.3774580955505371,12.527699763344572
20525,C_Tbl_correct,photon_neighbor,photon,39,L1_ch80:96,L1,label_Tbl,33.18964385986328,3.853261709213257,127.88838382763606
20525,C_Tbl_correct,particle0_best_lepton,muon,0,L1_ch80:96,L1,label_Hqql,27.126604080200195,0.3774580955505371,10.239156314865795
20525,C_Tbl_correct,particle0_best_lepton,muon,0,L1_ch80:96,L1,label_Tbl,27.126604080200195,3.853261709213257,104.52590480322351
20526,C_Tbl_correct,hadron_neighbor,neutral_hadron,17,L1_ch80:96,L1,label_Hqql,50.894203186035156,1.0781035423278809,54.86922073881942
20526,C_Tbl_correct,hadron_neighbor,neutral_hadron,17,L1_ch80:96,L1,label_Tbl,50.894203186035156,3.1624584197998047,160.95080138467893
20526,C_Tbl_correct,hadron_neighbor,charged_hadron,27,L1_ch80:96,L1,label_Hqql,33.03232192993164,1.0781035423278809,35.612263283974244
20526,C_Tbl_correct,hadron_neighbor,charged_hadron,27,L1_ch80:96,L1,label_Tbl,33.03232192993164,3.1624584197998047,104.46334461285005
20526,C_Tbl_correct,hadron_neighbor,charged_hadron,22,L1_ch80:96,L1,label_Hqql,31.60358428955078,1.0781035423278809,34.07193617282246
20526,C_Tbl_correct,hadron_neighbor,charged_hadron,22,L1_ch80:96,L1,label_Tbl,31.60358428955078,3.1624584197998047,99.9450212323427
20527,C_Tbl_correct,hadron_neighbor,neutral_hadron,19,L1_ch80:96,L1,label_Hqql,31.326187133789062,0.2753305435180664,8.625056129894801
20527,C_Tbl_correct,hadron_neighbor,neutral_hadron,19,L1_ch80:96,L1,label_Tbl,31.326187133789062,3.640408992767334,114.04013335095806
20527,C_Tbl_correct,particle0_best_lepton,electron,0,L1_ch80:96,L1,label_Hqql,29.473934173583984,0.2753305435180664,8.11507431562859
20527,C_Tbl_correct,particle0_best_lepton,electron,0,L1_ch80:96,L1,label_Tbl,29.473934173583984,3.640408992767334,107.29717501774758
20527,C_Tbl_correct,hadron_neighbor,charged_hadron,24,L1_ch80:96,L1,label_Hqql,26.732118606567383,0.2753305435180664,7.3601687453356135
20527,C_Tbl_correct,hadron_neighbor,charged_hadron,24,L1_ch80:96,L1,label_Tbl,26.732118606567383,3.640408992767334,97.31584497107087
20528,C_Tbl_correct,hadron_neighbor,neutral_hadron,27,L1_ch80:96,L1,label_Hqql,28.236547470092773,-1.1453852653503418,-32.341725416609734
20528,C_Tbl_correct,hadron_neighbor,neutral_hadron,27,L1_ch80:96,L1,label_Tbl,28.236547470092773,0.160020112991333,4.518415516649384
20528,C_Tbl_correct,photon_neighbor,photon,29,L1_ch80:96,L1,label_Hqql,28.11168670654297,-1.1453852653503418,-32.198711737819394
20528,C_Tbl_correct,photon_neighbor,photon,29,L1_ch80:96,L1,label_Tbl,28.11168670654297,0.160020112991333,4.49843528315796
20528,C_Tbl_correct,particle0_best_lepton,muon,0,L1_ch80:96,L1,label_Hqql,25.29061508178711,-1.1453852653503418,-28.967497866326084
20528,C_Tbl_correct,particle0_best_lepton,muon,0,L1_ch80:96,L1,label_Tbl,25.29061508178711,0.160020112991333,4.047007083007884
20529,C_Tbl_correct,particle0_best_lepton,electron,0,L1_ch80:96,L1,label_Hqql,51.34414291381836,2.370340347290039,121.70309354564961
20529,C_Tbl_correct,particle0_best_lepton,electron,0,L1_ch80:96,L1,label_Tbl,51.34414291381836,7.731020927429199,396.94264336764536
20529,C_Tbl_correct,photon_neighbor,photon,35,L1_ch80:96,L1,label_Hqql,42.19955062866211,2.370340347290039,100.02729749262653
20529,C_Tbl_correct,photon_neighbor,photon,35,L1_ch80:96,L1,label_Tbl,42.19955062866211,7.731020927429199,326.2456090382948
20529,C_Tbl_correct,photon_neighbor,photon,24,L1_ch80:96,L1,label_Hqql,42.04443359375,2.370340347290039,99.65961732622236
20529,C_Tbl_correct,photon_neighbor,photon,24,L1_ch80:96,L1,label_Tbl,42.04443359375,7.731020927429199,325.0463959951885
20530,C_Tbl_correct,hadron_neighbor,neutral_hadron,38,L1_ch80:96,L1,label_Hqql,35.08673858642578,1.2219972610473633,42.87589845169714
20530,C_Tbl_correct,hadron_neighbor,neutral_hadron,38,L1_ch80:96,L1,label_Tbl,35.08673858642578,2.384476661682129,83.66350929387409
20530,C_Tbl_correct,hadron_neighbor,neutral_hadron,36,L1_ch80:96,L1,label_Hqql,30.27777862548828,1.2219972610473633,36.99936255094508
20530,C_Tbl_correct,hadron_neighbor,neutral_hadron,36,L1_ch80:96,L1,label_Tbl,30.27777862548828,2.384476661682129,72.19665650005481
20530,C_Tbl_correct,photon_neighbor,photon,61,L1_ch80:96,L1,label_Hqql,26.872175216674805,1.2219972610473633,32.83772451316145
20530,C_Tbl_correct,photon_neighbor,photon,61,L1_ch80:96,L1,label_Tbl,26.872175216674805,2.384476661682129,64.07607465279398
20531,C_Tbl_correct,particle0_best_lepton,electron,0,L1_ch80:96,L1,label_Hqql,23.506357192993164,0.9871325492858887,23.203890300344028
20531,C_Tbl_correct,particle0_best_lepton,electron,0,L1_ch80:96,L1,label_Tbl,23.506357192993164,3.2497665882110596,76.3901742163439
20531,C_Tbl_correct,hadron_neighbor,charged_hadron,6,L1_ch80:96,L1,label_Hqql,21.884044647216797,0.9871325492858887,21.602452781293323
20531,C_Tbl_correct,hadron_neighbor,charged_hadron,6,L1_ch80:96,L1,label_Tbl,21.884044647216797,3.2497665882110596,71.11803710944423
20531,C_Tbl_correct,hadron_neighbor,charged_hadron,5,L1_ch80:96,L1,label_Hqql,21.602853775024414,0.9871325492858887,21.324880118790134
20531,C_Tbl_correct,hadron_neighbor,charged_hadron,5,L1_ch80:96,L1,label_Tbl,21.602853775024414,3.2497665882110596,70.2042324080835
20532,C_Tbl_correct,nearest_hadron_to_best_lepton,charged_hadron,14,L1_ch80:96,L1,label_Hqql,31.94972038269043,3.183427095413208,101.70960555713236
20532,C_Tbl_correct,nearest_hadron_to_best_lepton,charged_hadron,14,L1_ch80:96,L1,label_Tbl,31.94972038269043,5.558215141296387,177.58341959125573
20532,C_Tbl_correct,photon_neighbor,photon,25,L1_ch80:96,L1,label_Hqql,31.68048667907715,3.183427095413208,100.8525196900514
20532,C_Tbl_correct,photon_neighbor,photon,25,L1_ch80:96,L1,label_Tbl,31.68048667907715,5.558215141296387,176.0869607432851
20532,C_Tbl_correct,photon_neighbor,photon,23,L1_ch80:96,L1,label_Hqql,31.296234130859375,3.183427095413208,99.62927971657336
20532,C_Tbl_correct,photon_neighbor,photon,23,L1_ch80:96,L1,label_Tbl,31.296234130859375,5.558215141296387,173.95120241169934
20533,C_Tbl_correct,hadron_neighbor,charged_hadron,53,L1_ch80:96,L1,label_Hqql,113.71260833740234,-1.8636200428009033,-211.9170960167521
20533,C_Tbl_correct,hadron_neighbor,charged_hadron,53,L1_ch80:96,L1,label_Tbl,113.71260833740234,-0.20262515544891357,-23.041034940867576
20533,C_Tbl_correct,hard_hadron,charged_hadron,11,L1_ch80:96,L1,label_Hqql,34.045631408691406,-1.8636200428009033,-63.44812106304926
20533,C_Tbl_correct,hard_hadron,charged_hadron,11,L1_ch80:96,L1,label_Tbl,34.045631408691406,-0.20262515544891357,-6.898501356542511
20533,C_Tbl_correct,photon_neighbor,photon,52,L1_ch80:96,L1,label_Hqql,33.63108444213867,-1.8636200428009033,-62.675563027499265
20533,C_Tbl_correct,photon_neighbor,photon,52,L1_ch80:96,L1,label_Tbl,33.63108444213867,-0.20262515544891357,-6.814503713003887
20534,C_Tbl_correct,hadron_neighbor,charged_hadron,6,L1_ch80:96,L1,label_Hqql,32.30409622192383,1.664322018623352,53.764418633875266
20534,C_Tbl_correct,hadron_neighbor,charged_hadron,6,L1_ch80:96,L1,label_Tbl,32.30409622192383,4.9211273193359375,158.9725704441662
20534,C_Tbl_correct,hadron_neighbor,charged_hadron,11,L1_ch80:96,L1,label_Hqql,30.992006301879883,1.664322018623352,51.580678489532374
20534,C_Tbl_correct,hadron_neighbor,charged_hadron,11,L1_ch80:96,L1,label_Tbl,30.992006301879883,4.9211273193359375,152.51560889321263
20534,C_Tbl_correct,hadron_neighbor,neutral_hadron,10,L1_ch80:96,L1,label_Hqql,29.65591049194336,1.664322018623352,49.35698481406462
20534,C_Tbl_correct,hadron_neighbor,neutral_hadron,10,L1_ch80:96,L1,label_Tbl,29.65591049194336,4.9211273193359375,145.94051130168373
20535,C_Tbl_correct,photon_neighbor,photon,21,L1_ch80:96,L1,label_Hqql,30.66450309753418,-3.5597541332244873,-109.15809164472239
20535,C_Tbl_correct,photon_neighbor,photon,21,L1_ch80:96,L1,label_Tbl,30.66450309753418,0.41164112091064453,12.622770427236901
20535,C_Tbl_correct,photon_neighbor,photon,17,L1_ch80:96,L1,label_Hqql,29.768102645874023,-3.5597541332244873,-105.96712643190085
20535,C_Tbl_correct,photon_neighbor,photon,17,L1_ch80:96,L1,label_Tbl,29.768102645874023,0.41164112091064453,12.253775140530706
20535,C_Tbl_correct,photon_neighbor,photon,19,L1_ch80:96,L1,label_Hqql,25.503202438354492,-3.5597541332244873,-90.78513029039323
20535,C_Tbl_correct,photon_neighbor,photon,19,L1_ch80:96,L1,label_Tbl,25.503202438354492,0.41164112091064453,10.498166838535326
20536,C_Tbl_correct,photon_neighbor,photon,32,L1_ch80:96,L1,label_Hqql,34.300662994384766,-1.937795639038086,-66.46767516663385
20536,C_Tbl_correct,photon_neighbor,photon,32,L1_ch80:96,L1,label_Tbl,34.300662994384766,3.0655908584594727,105.15179891468506
20536,C_Tbl_correct,hard_hadron,neutral_hadron,2,L1_ch80:96,L1,label_Hqql,32.397987365722656,-1.937795639038086,-62.78067863090837
20536,C_Tbl_correct,hard_hadron,neutral_hadron,2,L1_ch80:96,L1,label_Tbl,32.397987365722656,3.0655908584594727,99.31897390084487
20536,C_Tbl_correct,hadron_neighbor,neutral_hadron,17,L1_ch80:96,L1,label_Hqql,30.6653995513916,-1.937795639038086,-59.42327752004712
20536,C_Tbl_correct,hadron_neighbor,neutral_hadron,17,L1_ch80:96,L1,label_Tbl,30.6653995513916,3.0655908584594727,94.00756853575331
20537,C_Tbl_correct,photon_neighbor,photon,18,L1_ch80:96,L1,label_Hqql,33.36195373535156,-3.1350743770599365,-104.59220632435972
20537,C_Tbl_correct,photon_neighbor,photon,18,L1_ch80:96,L1,label_Tbl,33.36195373535156,0.8986978530883789,29.982316196794272
20537,C_Tbl_correct,photon_neighbor,photon,15,L1_ch80:96,L1,label_Hqql,27.807188034057617,-3.1350743770599365,-87.1776027036617
20537,C_Tbl_correct,photon_neighbor,photon,15,L1_ch80:96,L1,label_Tbl,27.807188034057617,0.8986978530883789,24.99026018663244
20537,C_Tbl_correct,hadron_neighbor,charged_hadron,9,L1_ch80:96,L1,label_Hqql,27.314159393310547,-3.1350743770599365,-85.63192124489888
20537,C_Tbl_correct,hadron_neighbor,charged_hadron,9,L1_ch80:96,L1,label_Tbl,27.314159393310547,0.8986978530883789,24.547176405681967
20538,C_Tbl_correct,hadron_neighbor,charged_hadron,25,L1_ch80:96,L1,label_Hqql,107.01756286621094,-7.9419684410095215,-849.9301069171997
20538,C_Tbl_correct,hadron_neighbor,charged_hadron,25,L1_ch80:96,L1,label_Tbl,107.01756286621094,-2.2908596992492676,-245.16222188207757
20538,C_Tbl_correct,hadron_neighbor,charged_hadron,16,L1_ch80:96,L1,label_Hqql,42.859100341796875,-7.9419684410095215,-340.3856223246112
20538,C_Tbl_correct,hadron_neighbor,charged_hadron,16,L1_ch80:96,L1,label_Tbl,42.859100341796875,-2.2908596992492676,-98.18418571910297
20538,C_Tbl_correct,hadron_neighbor,charged_hadron,21,L1_ch80:96,L1,label_Hqql,40.06547546386719,-7.9419684410095215,-318.1987417080745
20538,C_Tbl_correct,hadron_neighbor,charged_hadron,21,L1_ch80:96,L1,label_Tbl,40.06547546386719,-2.2908596992492676,-91.7843830714337
20539,C_Tbl_correct,photon_neighbor,photon,59,L1_ch80:96,L1,label_Hqql,25.789806365966797,2.5996201038360596,67.04369910300647
20539,C_Tbl_correct,photon_neighbor,photon,59,L1_ch80:96,L1,label_Tbl,25.789806365966797,3.272404670715332,84.39468280883375
20539,C_Tbl_correct,photon_neighbor,photon,42,L1_ch80:96,L1,label_Hqql,24.97260093688965,2.5996201038360596,64.91927544061355
20539,C_Tbl_correct,photon_neighbor,photon,42,L1_ch80:96,L1,label_Tbl,24.97260093688965,3.272404670715332,81.72045594578776
20539,C_Tbl_correct,photon_neighbor,photon,58,L1_ch80:96,L1,label_Hqql,24.412214279174805,2.5996201038360596,63.46248301929654
20539,C_Tbl_correct,photon_neighbor,photon,58,L1_ch80:96,L1,label_Tbl,24.412214279174805,3.272404670715332,79.88664402967515
20540,C_Tbl_correct,photon_neighbor,photon,9,L1_ch80:96,L1,label_Hqql,27.623462677001953,-0.9671193361282349,-26.715184885745202
20540,C_Tbl_correct,photon_neighbor,photon,9,L1_ch80:96,L1,label_Tbl,27.623462677001953,0.8822131156921387,24.3697810744834
20540,C_Tbl_correct,hadron_neighbor,charged_hadron,8,L1_ch80:96,L1,label_Hqql,26.821575164794922,-0.9671193361282349,-25.939663967290016
20540,C_Tbl_correct,hadron_neighbor,charged_hadron,8,L1_ch80:96,L1,label_Tbl,26.821575164794922,0.8822131156921387,23.662345393904616
20540,C_Tbl_correct,photon_neighbor,photon,16,L1_ch80:96,L1,label_Hqql,25.244586944580078,-0.9671193361282349,-24.41452816667379
20540,C_Tbl_correct,photon_neighbor,photon,16,L1_ch80:96,L1,label_Tbl,25.244586944580078,0.8822131156921387,22.271105702739078
20541,C_Tbl_correct,hadron_neighbor,neutral_hadron,10,L1_ch80:96,L1,label_Hqql,27.50922966003418,0.1414961814880371,3.8924509525722897
20541,C_Tbl_correct,hadron_neighbor,neutral_hadron,10,L1_ch80:96,L1,label_Tbl,27.50922966003418,2.0402369499206543,56.12534681625493
20541,C_Tbl_correct,photon_neighbor,photon,17,L1_ch80:96,L1,label_Hqql,27.093748092651367,0.1414961814880371,3.833661897308957
20541,C_Tbl_correct,photon_neighbor,photon,17,L1_ch80:96,L1,label_Tbl,27.093748092651367,2.0402369499206543,55.27766597046957
20541,C_Tbl_correct,photon_neighbor,photon,16,L1_ch80:96,L1,label_Hqql,26.878751754760742,0.1414961814880371,3.803240736463522
20541,C_Tbl_correct,photon_neighbor,photon,16,L1_ch80:96,L1,label_Tbl,26.878751754760742,2.0402369499206543,54.83902249780749
20542,C_Tbl_correct,hadron_neighbor,charged_hadron,16,L1_ch80:96,L1,label_Hqql,36.068031311035156,1.581731915473938,57.04995625297761
20542,C_Tbl_correct,hadron_neighbor,charged_hadron,16,L1_ch80:96,L1,label_Tbl,36.068031311035156,3.646932363510132,131.53767067631088
20542,C_Tbl_correct,hadron_neighbor,charged_hadron,18,L1_ch80:96,L1,label_Hqql,34.79206466674805,1.581731915473938,55.031719088628506
20542,C_Tbl_correct,hadron_neighbor,charged_hadron,18,L1_ch80:96,L1,label_Tbl,34.79206466674805,3.646932363510132,126.8843066265008
20542,C_Tbl_correct,photon_neighbor,photon,12,L1_ch80:96,L1,label_Hqql,31.936960220336914,1.581731915473938,50.51570926372847
20542,C_Tbl_correct,photon_neighbor,photon,12,L1_ch80:96,L1,label_Tbl,31.936960220336914,3.646932363510132,116.47193381968236
20543,C_Tbl_correct,hadron_neighbor,neutral_hadron,28,L1_ch80:96,L1,label_Hqql,56.20982360839844,-1.6878132820129395,-94.87168686585937
20543,C_Tbl_correct,hadron_neighbor,neutral_hadron,28,L1_ch80:96,L1,label_Tbl,56.20982360839844,2.737973690032959,153.9010181611884
20543,C_Tbl_correct,photon_neighbor,photon,39,L1_ch80:96,L1,label_Hqql,45.14084243774414,-1.6878132820129395,-76.18931342767792
20543,C_Tbl_correct,photon_neighbor,photon,39,L1_ch80:96,L1,label_Tbl,45.14084243774414,2.737973690032959,123.59443894046672
20543,C_Tbl_correct,photon_neighbor,photon,33,L1_ch80:96,L1,label_Hqql,44.39303970336914,-1.6878132820129395,-74.9271620402742
20543,C_Tbl_correct,photon_neighbor,photon,33,L1_ch80:96,L1,label_Tbl,44.39303970336914,2.737973690032959,121.54697472841326
20544,C_Tbl_correct,photon_neighbor,photon,12,L1_ch80:96,L1,label_Hqql,29.399944305419922,1.8794279098510742,55.255075875673356
20544,C_Tbl_correct,photon_neighbor,photon,12,L1_ch80:96,L1,label_Tbl,29.399944305419922,4.667253017425537,137.21697877161387
20544,C_Tbl_correct,particle0_best_lepton,muon,0,L1_ch80:96,L1,label_Hqql,29.114336013793945,1.8794279098510742,54.71829568110661
20544,C_Tbl_correct,particle0_best_lepton,muon,0,L1_ch80:96,L1,label_Tbl,29.114336013793945,4.667253017425537,135.88397261072078
20544,C_Tbl_correct,photon_neighbor,photon,13,L1_ch80:96,L1,label_Hqql,20.9508056640625,1.8794279098510742,39.37552889890503
20544,C_Tbl_correct,photon_neighbor,photon,13,L1_ch80:96,L1,label_Tbl,20.9508056640625,4.667253017425537,97.78271095309174
20545,C_Tbl_correct,nearest_hadron_to_best_lepton,charged_hadron,9,L1_ch80:96,L1,label_Hqql,41.44696807861328,0.36188745498657227,14.999137794879061
20545,C_Tbl_correct,nearest_hadron_to_best_lepton,charged_hadron,9,L1_ch80:96,L1,label_Tbl,41.44696807861328,3.488166332244873,144.57391862544682
20545,C_Tbl_correct,particle0_best_lepton,electron,0,L1_ch80:96,L1,label_Hqql,32.60374069213867,0.36188745498657227,11.798884742120208
20545,C_Tbl_correct,particle0_best_lepton,electron,0,L1_ch80:96,L1,label_Tbl,32.60374069213867,3.488166332244873,113.72727058756027
20545,C_Tbl_correct,hard_hadron,neutral_hadron,4,L1_ch80:96,L1,label_Hqql,30.513399124145508,0.36188745498657227,11.042416352026521
20545,C_Tbl_correct,hard_hadron,neutral_hadron,4,L1_ch80:96,L1,label_Tbl,30.513399124145508,3.488166332244873,106.43581150719456
20546,C_Tbl_correct,hadron_neighbor,charged_hadron,24,L1_ch80:96,L1,label_Hqql,90.52918243408203,-5.505517482757568,-498.409996590588
20546,C_Tbl_correct,hadron_neighbor,charged_hadron,24,L1_ch80:96,L1,label_Tbl,90.52918243408203,4.657542705535889,421.64353328398647
20546,C_Tbl_correct,hadron_neighbor,neutral_hadron,12,L1_ch80:96,L1,label_Hqql,41.233577728271484,-5.505517482757568,-227.01218305964176
20546,C_Tbl_correct,hadron_neighbor,neutral_hadron,12,L1_ch80:96,L1,label_Tbl,41.233577728271484,4.657542705535889,192.04714917145793
20546,C_Tbl_correct,hadron_neighbor,charged_hadron,15,L1_ch80:96,L1,label_Hqql,38.312095642089844,-5.505517482757568,-210.92791235860568
20546,C_Tbl_correct,hadron_neighbor,charged_hadron,15,L1_ch80:96,L1,label_Tbl,38.312095642089844,4.657542705535889,178.44022159160886
20547,C_Tbl_correct,hadron_neighbor,charged_hadron,37,L1_ch80:96,L1,label_Hqql,41.77847671508789,0.9329910278320312,38.978943931666436
20547,C_Tbl_correct,hadron_neighbor,charged_hadron,37,L1_ch80:96,L1,label_Tbl,41.77847671508789,8.401509284973145,351.00226003384523
20547,C_Tbl_correct,particle0_best_lepton,electron,0,L1_ch80:96,L1,label_Hqql,36.0810432434082,0.9329910278320312,33.663289620919386
20547,C_Tbl_correct,particle0_best_lepton,electron,0,L1_ch80:96,L1,label_Tbl,36.0810432434082,8.401509284973145,303.13521982101156
20547,C_Tbl_correct,hadron_neighbor,charged_hadron,17,L1_ch80:96,L1,label_Hqql,32.96891784667969,0.9329910278320312,30.75970454828348
20547,C_Tbl_correct,hadron_neighbor,charged_hadron,17,L1_ch80:96,L1,label_Tbl,32.96891784667969,8.401509284973145,276.9886694043962
20548,C_Tbl_correct,hardest_hadron,charged_hadron,2,L1_ch80:96,L1,label_Hqql,36.724220275878906,-1.7016429901123047,-62.49151199978951
20548,C_Tbl_correct,hardest_hadron,charged_hadron,2,L1_ch80:96,L1,label_Tbl,36.724220275878906,2.2320804595947266,81.97141447164176
20548,C_Tbl_correct,hadron_neighbor,charged_hadron,10,L1_ch80:96,L1,label_Hqql,35.2449836730957,-1.7016429901123047,-59.97437940394593
20548,C_Tbl_correct,hadron_neighbor,charged_hadron,10,L1_ch80:96,L1,label_Tbl,35.2449836730957,2.2320804595947266,78.66963935545209
20548,C_Tbl_correct,photon_neighbor,photon,14,L1_ch80:96,L1,label_Hqql,32.424434661865234,-1.7016429901123047,-55.17481195071741
20548,C_Tbl_correct,photon_neighbor,photon,14,L1_ch80:96,L1,label_Tbl,32.424434661865234,2.2320804595947266,72.37394702215533
20549,C_Tbl_correct,photon_neighbor,photon,8,L1_ch80:96,L1,label_Hqql,29.23067283630371,1.0284544229507446,30.06241476432274
20549,C_Tbl_correct,photon_neighbor,photon,8,L1_ch80:96,L1,label_Tbl,29.23067283630371,2.2724294662475586,66.42464227145865
20549,C_Tbl_correct,photon_neighbor,photon,7,L1_ch80:96,L1,label_Hqql,28.093297958374023,1.0284544229507446,28.89267654056289
20549,C_Tbl_correct,photon_neighbor,photon,7,L1_ch80:96,L1,label_Tbl,28.093297958374023,2.2724294662475586,63.84003808468151
20549,C_Tbl_correct,hard_hadron,neutral_hadron,5,L1_ch80:96,L1,label_Hqql,28.078805923461914,1.0284544229507446,28.877772143159973
20549,C_Tbl_correct,hard_hadron,neutral_hadron,5,L1_ch80:96,L1,label_Tbl,28.078805923461914,2.2724294662475586,63.807105957521344
20551,C_Tbl_correct,photon_neighbor,photon,21,L1_ch80:96,L1,label_Hqql,32.70524215698242,-4.801235675811768,-157.025575430167
20551,C_Tbl_correct,photon_neighbor,photon,21,L1_ch80:96,L1,label_Tbl,32.70524215698242,-0.5424413681030273,-17.74067629977435
20551,C_Tbl_correct,hadron_neighbor,charged_hadron,17,L1_ch80:96,L1,label_Hqql,26.355960845947266,-4.801235675811768,-126.5411794838601
20551,C_Tbl_correct,hadron_neighbor,charged_hadron,17,L1_ch80:96,L1,label_Tbl,26.355960845947266,-0.5424413681030273,-14.296563458945457
20551,C_Tbl_correct,hard_hadron,charged_hadron,10,L1_ch80:96,L1,label_Hqql,25.93834114074707,-4.801235675811768,-124.53608885633093
20551,C_Tbl_correct,hard_hadron,charged_hadron,10,L1_ch80:96,L1,label_Tbl,25.93834114074707,-0.5424413681030273,-14.07002925470988
20552,C_Tbl_correct,photon_neighbor,photon,12,L1_ch80:96,L1,label_Hqql,35.653656005859375,2.62990140914917,93.76560017112934
20552,C_Tbl_correct,photon_neighbor,photon,12,L1_ch80:96,L1,label_Tbl,35.653656005859375,6.595214366912842,235.14350432281208
20552,C_Tbl_correct,photon_neighbor,photon,16,L1_ch80:96,L1,label_Hqql,32.686195373535156,2.62990140914917,85.96147127258519
20552,C_Tbl_correct,photon_neighbor,photon,16,L1_ch80:96,L1,label_Tbl,32.686195373535156,6.595214366912842,215.57246532725912
20552,C_Tbl_correct,photon_neighbor,photon,6,L1_ch80:96,L1,label_Hqql,29.284746170043945,2.62990140914917,77.01599521917433
20552,C_Tbl_correct,photon_neighbor,photon,6,L1_ch80:96,L1,label_Tbl,29.284746170043945,6.595214366912842,193.13917867206965
20553,C_Tbl_correct,photon_neighbor,photon,24,L1_ch80:96,L1,label_Hqql,36.93009567260742,-7.569946765899658,-279.5588583012195
20553,C_Tbl_correct,photon_neighbor,photon,24,L1_ch80:96,L1,label_Tbl,36.93009567260742,0.15174275636672974,5.603874510248488
20553,C_Tbl_correct,hadron_neighbor,neutral_hadron,9,L1_ch80:96,L1,label_Hqql,30.278223037719727,-7.569946765899658,-229.20453656157497
20553,C_Tbl_correct,hadron_neighbor,neutral_hadron,9,L1_ch80:96,L1,label_Tbl,30.278223037719727,0.15174275636672974,4.594501021630208
20553,C_Tbl_correct,photon_neighbor,photon,22,L1_ch80:96,L1,label_Hqql,27.60948944091797,-7.569946765899658,-209.00236530141774
20553,C_Tbl_correct,photon_neighbor,photon,22,L1_ch80:96,L1,label_Tbl,27.60948944091797,0.15174275636672974,4.1895400296430125
20554,C_Tbl_correct,hadron_neighbor,charged_hadron,16,L1_ch80:96,L1,label_Hqql,30.48720359802246,0.5775156021118164,17.606835742617477
20554,C_Tbl_correct,hadron_neighbor,charged_hadron,16,L1_ch80:96,L1,label_Tbl,30.48720359802246,1.9084343910217285,58.182827832547446
20554,C_Tbl_correct,photon_neighbor,photon,19,L1_ch80:96,L1,label_Hqql,29.30638313293457,0.5775156021118164,16.92489350073629
20554,C_Tbl_correct,photon_neighbor,photon,19,L1_ch80:96,L1,label_Tbl,29.30638313293457,1.9084343910217285,55.92930944735144
20554,C_Tbl_correct,photon_neighbor,photon,13,L1_ch80:96,L1,label_Hqql,25.59510612487793,0.5775156021118164,14.781573124824718
20554,C_Tbl_correct,photon_neighbor,photon,13,L1_ch80:96,L1,label_Tbl,25.59510612487793,1.9084343910217285,48.846580770567925
20555,C_Tbl_correct,hadron_neighbor,charged_hadron,19,L1_ch80:96,L1,label_Hqql,36.14851760864258,1.4979016780853271,54.146925186282715
20555,C_Tbl_correct,hadron_neighbor,charged_hadron,19,L1_ch80:96,L1,label_Tbl,36.14851760864258,4.142577648162842,149.74804105978365
20555,C_Tbl_correct,hadron_neighbor,charged_hadron,7,L1_ch80:96,L1,label_Hqql,30.55284309387207,1.4979016780853271,45.76515494058867
20555,C_Tbl_correct,hadron_neighbor,charged_hadron,7,L1_ch80:96,L1,label_Tbl,30.55284309387207,4.142577648162842,126.56752488850088
20555,C_Tbl_correct,photon_neighbor,photon,11,L1_ch80:96,L1,label_Hqql,28.584457397460938,1.4979016780853271,42.81670670281528
20555,C_Tbl_correct,photon_neighbor,photon,11,L1_ch80:96,L1,label_Tbl,28.584457397460938,4.142577648162842,118.41333429958468
20556,C_Tbl_correct,photon_neighbor,photon,13,L1_ch80:96,L1,label_Hqql,31.30630874633789,2.1150286197662354,66.21373897774265
20556,C_Tbl_correct,photon_neighbor,photon,13,L1_ch80:96,L1,label_Tbl,31.30630874633789,6.607760906219482,206.86460305208857
20556,C_Tbl_correct,photon_neighbor,photon,17,L1_ch80:96,L1,label_Hqql,28.992847442626953,2.1150286197662354,61.32070210967231
20556,C_Tbl_correct,photon_neighbor,photon,17,L1_ch80:96,L1,label_Tbl,28.992847442626953,6.607760906219482,191.57780389137588
20556,C_Tbl_correct,particle0_best_lepton,muon,0,L1_ch80:96,L1,label_Hqql,27.38005256652832,2.1150286197662354,57.90959478891136
20556,C_Tbl_correct,particle0_best_lepton,muon,0,L1_ch80:96,L1,label_Tbl,27.38005256652832,6.607760906219482,180.92084095934024
20557,C_Tbl_correct,hadron_neighbor,charged_hadron,34,L1_ch80:96,L1,label_Hqql,35.273685455322266,0.08400344848632812,2.9631112190691056
20557,C_Tbl_correct,hadron_neighbor,charged_hadron,34,L1_ch80:96,L1,label_Tbl,35.273685455322266,2.0364577770233154,71.83337106976524
20557,C_Tbl_correct,hadron_neighbor,neutral_hadron,25,L1_ch80:96,L1,label_Hqql,34.014827728271484,0.08400344848632812,2.857362828843179
20557,C_Tbl_correct,hadron_neighbor,neutral_hadron,25,L1_ch80:96,L1,label_Tbl,34.014827728271484,2.0364577770233154,69.26976046134678
20557,C_Tbl_correct,nearest_hadron_to_best_lepton,charged_hadron,33,L1_ch80:96,L1,label_Hqql,32.437599182128906,0.08400344848632812,2.724870191916125
20557,C_Tbl_correct,nearest_hadron_to_best_lepton,charged_hadron,33,L1_ch80:96,L1,label_Tbl,32.437599182128906,2.0364577770233154,66.05780112241155
20558,C_Tbl_correct,hadron_neighbor,charged_hadron,12,L1_ch80:96,L1,label_Hqql,29.205671310424805,0.20450496673583984,5.972704839836297
20558,C_Tbl_correct,hadron_neighbor,charged_hadron,12,L1_ch80:96,L1,label_Tbl,29.205671310424805,2.4275155067443848,70.89721999093581
20558,C_Tbl_correct,photon_neighbor,photon,8,L1_ch80:96,L1,label_Hqql,28.270160675048828,0.20450496673583984,5.781388268467708
20558,C_Tbl_correct,photon_neighbor,photon,8,L1_ch80:96,L1,label_Tbl,28.270160675048828,2.4275155067443848,68.62625341683633
20558,C_Tbl_correct,hadron_neighbor,charged_hadron,9,L1_ch80:96,L1,label_Hqql,27.93048667907715,0.20450496673583984,5.71192324922049
20558,C_Tbl_correct,hadron_neighbor,charged_hadron,9,L1_ch80:96,L1,label_Tbl,27.93048667907715,2.4275155067443848,67.80168952437725
20559,C_Tbl_correct,photon_neighbor,photon,21,L1_ch80:96,L1,label_Hqql,34.11600875854492,5.525008201599121,188.49122819678814
20559,C_Tbl_correct,photon_neighbor,photon,21,L1_ch80:96,L1,label_Tbl,34.11600875854492,6.159576416015625,210.1401629577158
20559,C_Tbl_correct,photon_neighbor,photon,23,L1_ch80:96,L1,label_Hqql,31.572431564331055,5.525008201599121,174.43794333735605
20559,C_Tbl_correct,photon_neighbor,photon,23,L1_ch80:96,L1,label_Tbl,31.572431564331055,6.159576416015625,194.47280485992087
20559,C_Tbl_correct,photon_neighbor,photon,18,L1_ch80:96,L1,label_Hqql,27.54938316345215,5.525008201599121,152.21056792706986
20559,C_Tbl_correct,photon_neighbor,photon,18,L1_ch80:96,L1,label_Tbl,27.54938316345215,6.159576416015625,169.69253080937779
20560,C_Tbl_correct,hadron_neighbor,charged_hadron,13,L1_ch80:96,L1,label_Hqql,24.60845947265625,0.898192286491394,22.103128480775922
20560,C_Tbl_correct,hadron_neighbor,charged_hadron,13,L1_ch80:96,L1,label_Tbl,24.60845947265625,2.593214273452759,63.81500835217594
20560,C_Tbl_correct,photon_neighbor,photon,17,L1_ch80:96,L1,label_Hqql,24.517257690429688,0.898192286491394,22.021211743465756
20560,C_Tbl_correct,photon_neighbor,photon,17,L1_ch80:96,L1,label_Tbl,24.517257690429688,2.593214273452759,63.578502588741685
20560,C_Tbl_correct,photon_neighbor,photon,20,L1_ch80:96,L1,label_Hqql,24.406831741333008,0.898192286491394,21.922028007758627
20560,C_Tbl_correct,photon_neighbor,photon,20,L1_ch80:96,L1,label_Tbl,24.406831741333008,2.593214273452759,63.29214444138461
20561,C_Tbl_correct,hadron_neighbor,charged_hadron,15,L1_ch80:96,L1,label_Hqql,27.57224464416504,1.0468990802764893,28.865357559134736
20561,C_Tbl_correct,hadron_neighbor,charged_hadron,15,L1_ch80:96,L1,label_Tbl,27.57224464416504,1.8369965553283691,50.65011843400225
20561,C_Tbl_correct,hard_hadron,charged_hadron,6,L1_ch80:96,L1,label_Hqql,27.081382751464844,1.0468990802764893,28.351474695124125
20561,C_Tbl_correct,hard_hadron,charged_hadron,6,L1_ch80:96,L1,label_Tbl,27.081382751464844,1.8369965553283691,49.74840682797003
20561,C_Tbl_correct,hard_hadron,charged_hadron,9,L1_ch80:96,L1,label_Hqql,27.056058883666992,1.0468990802764893,28.32496316121751
20561,C_Tbl_correct,hard_hadron,charged_hadron,9,L1_ch80:96,L1,label_Tbl,27.056058883666992,1.8369965553283691,49.701886970057785
20562,C_Tbl_correct,hadron_neighbor,charged_hadron,13,L1_ch80:96,L1,label_Hqql,30.184471130371094,-1.7195205688476562,-51.90281896846136
20562,C_Tbl_correct,hadron_neighbor,charged_hadron,13,L1_ch80:96,L1,label_Tbl,30.184471130371094,3.532625436782837,106.63043051098612
20562,C_Tbl_correct,particle0_best_lepton,electron,0,L1_ch80:96,L1,label_Hqql,27.02952003479004,-1.7195205688476562,-46.47781566590129
20562,C_Tbl_correct,particle0_best_lepton,electron,0,L1_ch80:96,L1,label_Tbl,27.02952003479004,3.532625436782837,95.4851700189306
20562,C_Tbl_correct,photon_neighbor,photon,20,L1_ch80:96,L1,label_Hqql,26.369306564331055,-1.7195205688476562,-45.34256502361677
20562,C_Tbl_correct,photon_neighbor,photon,20,L1_ch80:96,L1,label_Tbl,26.369306564331055,3.532625436782837,93.15288311948052
20564,C_Tbl_correct,hadron_neighbor,neutral_hadron,18,L1_ch80:96,L1,label_Hqql,45.365787506103516,1.21274733543396,55.01723791789027
20564,C_Tbl_correct,hadron_neighbor,neutral_hadron,18,L1_ch80:96,L1,label_Tbl,45.365787506103516,4.127110481262207,187.2296171071539
20564,C_Tbl_correct,hardest_hadron,neutral_hadron,1,L1_ch80:96,L1,label_Hqql,34.009063720703125,1.21274733543396,41.24440140788647
20564,C_Tbl_correct,hardest_hadron,neutral_hadron,1,L1_ch80:96,L1,label_Tbl,34.009063720703125,4.127110481262207,140.35916333962814
20564,C_Tbl_correct,hadron_neighbor,charged_hadron,17,L1_ch80:96,L1,label_Hqql,32.09018325805664,1.21274733543396,38.91728423979566
20564,C_Tbl_correct,hadron_neighbor,charged_hadron,17,L1_ch80:96,L1,label_Tbl,32.09018325805664,4.127110481262207,132.43973166995056
20565,C_Tbl_correct,hadron_neighbor,charged_hadron,33,L1_ch80:96,L1,label_Hqql,35.09589767456055,-2.05877685546875,-72.25462185428478
20565,C_Tbl_correct,hadron_neighbor,charged_hadron,33,L1_ch80:96,L1,label_Tbl,35.09589767456055,1.172814965248108,41.16099401154088
20565,C_Tbl_correct,photon_neighbor,photon,22,L1_ch80:96,L1,label_Hqql,28.179750442504883,-2.05877685546875,-58.01581800391432
20565,C_Tbl_correct,photon_neighbor,photon,22,L1_ch80:96,L1,label_Tbl,28.179750442504883,1.172814965248108,33.04963303592672
20565,C_Tbl_correct,hard_hadron,charged_hadron,7,L1_ch80:96,L1,label_Hqql,28.00193977355957,-2.05877685546875,-57.649745514034294
20565,C_Tbl_correct,hard_hadron,charged_hadron,7,L1_ch80:96,L1,label_Tbl,28.00193977355957,1.172814965248108,32.84109402240688
20566,C_Tbl_correct,photon_neighbor,photon,15,L1_ch80:96,L1,label_Hqql,58.58432388305664,-3.012594699859619,-176.49082362495574
20566,C_Tbl_correct,photon_neighbor,photon,15,L1_ch80:96,L1,label_Tbl,58.58432388305664,3.3068149089813232,193.7275156490823
20566,C_Tbl_correct,hadron_neighbor,charged_hadron,14,L1_ch80:96,L1,label_Hqql,30.06203842163086,-3.012594699859619,-90.56473761598136
20566,C_Tbl_correct,hadron_neighbor,charged_hadron,14,L1_ch80:96,L1,label_Tbl,30.06203842163086,3.3068149089813232,99.40959684701829
20566,C_Tbl_correct,particle0_best_lepton,electron,0,L1_ch80:96,L1,label_Hqql,28.208982467651367,-3.012594699859619,-84.98223107047943
20566,C_Tbl_correct,particle0_best_lepton,electron,0,L1_ch80:96,L1,label_Tbl,28.208982467651367,3.3068149089813232,93.2818837912223
20567,C_Tbl_correct,photon_neighbor,photon,20,L1_ch80:96,L1,label_Hqql,38.2453498840332,-0.4910135269165039,-18.778984134714847
20567,C_Tbl_correct,photon_neighbor,photon,20,L1_ch80:96,L1,label_Tbl,38.2453498840332,3.5661821365356445,136.3898835619948
20567,C_Tbl_correct,hadron_neighbor,charged_hadron,14,L1_ch80:96,L1,label_Hqql,37.012176513671875,-0.4910135269165039,-18.17347932883422
20567,C_Tbl_correct,hadron_neighbor,charged_hadron,14,L1_ch80:96,L1,label_Tbl,37.012176513671875,3.5661821365356445,131.99216271736077
20567,C_Tbl_correct,photon_neighbor,photon,10,L1_ch80:96,L1,label_Hqql,35.87970733642578,-0.4910135269165039,-17.617421643990383
20567,C_Tbl_correct,photon_neighbor,photon,10,L1_ch80:96,L1,label_Tbl,35.87970733642578,3.5661821365356445,127.95357136728853
20568,C_Tbl_correct,hadron_neighbor,neutral_hadron,15,L1_ch80:96,L1,label_Hqql,33.68730163574219,0.3176814317703247,10.70183021612138
20568,C_Tbl_correct,hadron_neighbor,neutral_hadron,15,L1_ch80:96,L1,label_Tbl,33.68730163574219,1.8642525672912598,62.80163855954743
20568,C_Tbl_correct,hard_hadron,neutral_hadron,11,L1_ch80:96,L1,label_Hqql,33.27074432373047,0.3176814317703247,10.569497692827099
20568,C_Tbl_correct,hard_hadron,neutral_hadron,11,L1_ch80:96,L1,label_Tbl,33.27074432373047,1.8642525672912598,62.025070521205635
20568,C_Tbl_correct,photon_neighbor,photon,32,L1_ch80:96,L1,label_Hqql,32.27511978149414,0.3176814317703247,10.253206262743788
20568,C_Tbl_correct,photon_neighbor,photon,32,L1_ch80:96,L1,label_Tbl,32.27511978149414,1.8642525672912598,60.168974912283375
20569,C_Tbl_correct,photon_neighbor,photon,19,L1_ch80:96,L1,label_Hqql,31.839181900024414,1.20751953125,38.446434003300965
20569,C_Tbl_correct,photon_neighbor,photon,19,L1_ch80:96,L1,label_Tbl,31.839181900024414,3.6141271591186523,115.07085202899725
20569,C_Tbl_correct,photon_neighbor,photon,9,L1_ch80:96,L1,label_Hqql,25.80280113220215,1.20751953125,31.157386328093708
20569,C_Tbl_correct,photon_neighbor,photon,9,L1_ch80:96,L1,label_Tbl,25.80280113220215,3.6141271591186523,93.2546043532293
20569,C_Tbl_correct,hadron_neighbor,charged_hadron,8,L1_ch80:96,L1,label_Hqql,25.46028709411621,1.20751953125,30.74379393737763
20569,C_Tbl_correct,hadron_neighbor,charged_hadron,8,L1_ch80:96,L1,label_Tbl,25.46028709411621,3.6141271591186523,92.01671506580351
20570,C_Tbl_correct,photon_neighbor,photon,15,L1_ch80:96,L1,label_Hqql,33.21220016479492,-0.1688694953918457,-5.608527482681893
20570,C_Tbl_correct,photon_neighbor,photon,15,L1_ch80:96,L1,label_Tbl,33.21220016479492,2.470529556274414,82.05172213602782
20570,C_Tbl_correct,photon_neighbor,photon,28,L1_ch80:96,L1,label_Hqql,29.376873016357422,-0.1688694953918457,-4.960857722462606
20570,C_Tbl_correct,photon_neighbor,photon,28,L1_ch80:96,L1,label_Tbl,29.376873016357422,2.470529556274414,72.57643305783131
20570,C_Tbl_correct,hadron_neighbor,charged_hadron,13,L1_ch80:96,L1,label_Hqql,27.307104110717773,-0.1688694953918457,-4.611336891789506
20570,C_Tbl_correct,hadron_neighbor,charged_hadron,13,L1_ch80:96,L1,label_Tbl,27.307104110717773,2.470529556274414,67.46300780179081
20572,C_Tbl_correct,photon_neighbor,photon,20,L1_ch80:96,L1,label_Hqql,28.92738914489746,4.015219688415527,116.14982242904989
20572,C_Tbl_correct,photon_neighbor,photon,20,L1_ch80:96,L1,label_Tbl,28.92738914489746,6.2351603507995605,180.36690984841425
20572,C_Tbl_correct,photon_neighbor,photon,14,L1_ch80:96,L1,label_Hqql,28.457529067993164,4.015219688415527,114.26323099746332
20572,C_Tbl_correct,photon_neighbor,photon,14,L1_ch80:96,L1,label_Tbl,28.457529067993164,6.2351603507995605,177.43725692647695
20572,C_Tbl_correct,photon_neighbor,photon,19,L1_ch80:96,L1,label_Hqql,27.184602737426758,4.015219688415527,109.15215213307056
20572,C_Tbl_correct,photon_neighbor,photon,19,L1_ch80:96,L1,label_Tbl,27.184602737426758,6.2351603507995605,169.50035714064052
20573,C_Tbl_correct,photon_neighbor,photon,22,L1_ch80:96,L1,label_Hqql,35.65888977050781,-4.482481479644775,-159.8403129809958
20573,C_Tbl_correct,photon_neighbor,photon,22,L1_ch80:96,L1,label_Tbl,35.65888977050781,0.02775859832763672,0.9898407979490003
20573,C_Tbl_correct,hadron_neighbor,charged_hadron,24,L1_ch80:96,L1,label_Hqql,34.93070602416992,-4.482481479644775,-156.57624282425786
20573,C_Tbl_correct,hadron_neighbor,charged_hadron,24,L1_ch80:96,L1,label_Tbl,34.93070602416992,0.02775859832763672,0.969627437825693
20573,C_Tbl_correct,photon_neighbor,photon,16,L1_ch80:96,L1,label_Hqql,33.790809631347656,-4.482481479644775,-151.46667835471817
20573,C_Tbl_correct,photon_neighbor,photon,16,L1_ch80:96,L1,label_Tbl,33.790809631347656,0.02775859832763672,0.9379855117222178
20574,C_Tbl_correct,photon_neighbor,photon,14,L1_ch80:96,L1,label_Hqql,28.471908569335938,-0.05573081970214844,-1.5867628030537162
20574,C_Tbl_correct,photon_neighbor,photon,14,L1_ch80:96,L1,label_Tbl,28.471908569335938,2.632101058959961,74.94094069596031
20574,C_Tbl_correct,photon_neighbor,photon,12,L1_ch80:96,L1,label_Hqql,25.897605895996094,-0.05573081970214844,-1.4432948049070546
20574,C_Tbl_correct,photon_neighbor,photon,12,L1_ch80:96,L1,label_Tbl,25.897605895996094,2.632101058959961,68.16511590337905
20574,C_Tbl_correct,particle0_best_lepton,electron,0,L1_ch80:96,L1,label_Hqql,22.8992977142334,-0.05573081970214844,-1.2761966322177614
20574,C_Tbl_correct,particle0_best_lepton,electron,0,L1_ch80:96,L1,label_Tbl,22.8992977142334,2.632101058959961,60.27326576307314
20575,C_Tbl_correct,hadron_neighbor,charged_hadron,52,L1_ch80:96,L1,label_Hqql,56.85551452636719,2.0687131881713867,117.61775272096565
20575,C_Tbl_correct,hadron_neighbor,charged_hadron,52,L1_ch80:96,L1,label_Tbl,56.85551452636719,4.098979949951172,233.0496140877367
20575,C_Tbl_correct,hadron_neighbor,charged_hadron,30,L1_ch80:96,L1,label_Hqql,33.76961898803711,2.0687131881713867,69.85965616007525
20575,C_Tbl_correct,hadron_neighbor,charged_hadron,30,L1_ch80:96,L1,label_Tbl,33.76961898803711,4.098979949951172,138.4209911494545
20575,C_Tbl_correct,hadron_neighbor,neutral_hadron,32,L1_ch80:96,L1,label_Hqql,31.82876205444336,2.0687131881713867,65.84457982519598
20575,C_Tbl_correct,hadron_neighbor,neutral_hadron,32,L1_ch80:96,L1,label_Tbl,31.82876205444336,4.098979949951172,130.46545749293
20576,C_Tbl_correct,second_lepton,electron,16,L1_ch80:96,L1,label_Hqql,44.37265396118164,2.566676139831543,113.89023218316652
20576,C_Tbl_correct,second_lepton,electron,16,L1_ch80:96,L1,label_Tbl,44.37265396118164,4.63172721862793,205.52202911476343
20576,C_Tbl_correct,other_lepton,electron,17,L1_ch80:96,L1,label_Hqql,34.81611251831055,2.566676139831543,89.36168528243797
20576,C_Tbl_correct,other_lepton,electron,17,L1_ch80:96,L1,label_Tbl,34.81611251831055,4.63172721862793,161.25873599787155
20576,C_Tbl_correct,photon_neighbor,photon,11,L1_ch80:96,L1,label_Hqql,28.432109832763672,2.566676139831543,72.97601791282432
20576,C_Tbl_correct,photon_neighbor,photon,11,L1_ch80:96,L1,label_Tbl,28.432109832763672,4.63172721862793,131.6897769954303
20577,C_Tbl_correct,hadron_neighbor,charged_hadron,45,L1_ch80:96,L1,label_Hqql,124.56770324707031,0.25536131858825684,31.809772954682558
20577,C_Tbl_correct,hadron_neighbor,charged_hadron,45,L1_ch80:96,L1,label_Tbl,124.56770324707031,0.31380969285964966,39.09055269619512
20577,C_Tbl_correct,hadron_neighbor,neutral_hadron,34,L1_ch80:96,L1,label_Hqql,36.4541130065918,0.25536131858825684,9.308970365328605
20577,C_Tbl_correct,hadron_neighbor,neutral_hadron,34,L1_ch80:96,L1,label_Tbl,36.4541130065918,0.31380969285964966,11.439654006069532
20577,C_Tbl_correct,photon_neighbor,photon,41,L1_ch80:96,L1,label_Hqql,32.8436164855957,0.25536131858825684,8.386989212968729
20577,C_Tbl_correct,photon_neighbor,photon,41,L1_ch80:96,L1,label_Tbl,32.8436164855957,0.31380969285964966,10.306645201744914
20578,C_Tbl_correct,hadron_neighbor,neutral_hadron,18,L1_ch80:96,L1,label_Hqql,53.052242279052734,0.8670330047607422,45.99804503250198
20578,C_Tbl_correct,hadron_neighbor,neutral_hadron,18,L1_ch80:96,L1,label_Tbl,53.052242279052734,2.703277349472046,143.4149248916665
20578,C_Tbl_correct,hadron_neighbor,neutral_hadron,34,L1_ch80:96,L1,label_Hqql,33.144405364990234,0.8670330047607422,28.737293374615547
20578,C_Tbl_correct,hadron_neighbor,neutral_hadron,34,L1_ch80:96,L1,label_Tbl,33.144405364990234,2.703277349472046,89.59852028489786
20578,C_Tbl_correct,photon_neighbor,photon,8,L1_ch80:96,L1,label_Hqql,31.033164978027344,0.8670330047607422,26.90677827813488
20578,C_Tbl_correct,photon_neighbor,photon,8,L1_ch80:96,L1,label_Tbl,31.033164978027344,2.703277349472046,83.89125196753048
20579,C_Tbl_correct,other_lepton,electron,9,L1_ch80:96,L1,label_Hqql,40.6714973449707,-1.656632423400879,-67.37772120994123
20579,C_Tbl_correct,other_lepton,electron,9,L1_ch80:96,L1,label_Tbl,40.6714973449707,2.4482951164245605,99.57582832736625
20579,C_Tbl_correct,other_lepton,electron,8,L1_ch80:96,L1,label_Hqql,35.34003448486328,-1.656632423400879,-58.54544697172969
20579,C_Tbl_correct,other_lepton,electron,8,L1_ch80:96,L1,label_Tbl,35.34003448486328,2.4482951164245605,86.52283384356633
20579,C_Tbl_correct,hadron_neighbor,charged_hadron,10,L1_ch80:96,L1,label_Hqql,25.624311447143555,-1.656632423400879,-42.45006517066031
20579,C_Tbl_correct,hadron_neighbor,charged_hadron,10,L1_ch80:96,L1,label_Tbl,25.624311447143555,2.4482951164245605,62.73587657778353
20580,C_Tbl_correct,photon_neighbor,photon,25,L1_ch80:96,L1,label_Hqql,32.237571716308594,4.505770206451416,145.2550901676841
20580,C_Tbl_correct,photon_neighbor,photon,25,L1_ch80:96,L1,label_Tbl,32.237571716308594,3.951977252960205,127.40215011352484
20580,C_Tbl_correct,hadron_neighbor,neutral_hadron,21,L1_ch80:96,L1,label_Hqql,31.96776580810547,4.505770206451416,144.0394067449779
20580,C_Tbl_correct,hadron_neighbor,neutral_hadron,21,L1_ch80:96,L1,label_Tbl,31.96776580810547,3.951977252960205,126.33588330159182
20580,C_Tbl_correct,photon_neighbor,photon,30,L1_ch80:96,L1,label_Hqql,28.666425704956055,4.505770206451416,129.16432686684402
20580,C_Tbl_correct,photon_neighbor,photon,30,L1_ch80:96,L1,label_Tbl,28.666425704956055,3.951977252960205,113.28906230966004
20581,C_Tbl_correct,hadron_neighbor,charged_hadron,8,L1_ch80:96,L1,label_Hqql,131.02980041503906,3.4439406394958496,451.25885463438317
20581,C_Tbl_correct,hadron_neighbor,charged_hadron,8,L1_ch80:96,L1,label_Tbl,131.02980041503906,6.313905715942383,827.3098057993047
20581,C_Tbl_correct,hard_hadron,neutral_hadron,3,L1_ch80:96,L1,label_Hqql,39.781982421875,3.4439406394958496,137.00678598240484
20581,C_Tbl_correct,hard_hadron,neutral_hadron,3,L1_ch80:96,L1,label_Tbl,39.781982421875,6.313905715942383,251.17968620499596
20581,C_Tbl_correct,hadron_neighbor,neutral_hadron,14,L1_ch80:96,L1,label_Hqql,38.40966796875,3.4439406394958496,132.28061646712013
20581,C_Tbl_correct,hadron_neighbor,neutral_hadron,14,L1_ch80:96,L1,label_Tbl,38.40966796875,6.313905715942383,242.51502213533968
20582,C_Tbl_correct,photon_neighbor,photon,23,L1_ch80:96,L1,label_Hqql,32.96389389038086,1.3989533185958862,46.11494875179096
20582,C_Tbl_correct,photon_neighbor,photon,23,L1_ch80:96,L1,label_Tbl,32.96389389038086,3.8612911701202393,127.28319241170811
20582,C_Tbl_correct,photon_neighbor,photon,25,L1_ch80:96,L1,label_Hqql,31.00838851928711,1.3989533185958862,43.37928802336728
20582,C_Tbl_correct,photon_neighbor,photon,25,L1_ch80:96,L1,label_Tbl,31.00838851928711,3.8612911701202393,119.73241678918112
20582,C_Tbl_correct,photon_neighbor,photon,20,L1_ch80:96,L1,label_Hqql,28.272499084472656,1.3989533185958862,39.55190641922218
20582,C_Tbl_correct,photon_neighbor,photon,20,L1_ch80:96,L1,label_Tbl,28.272499084472656,3.8612911701202393,109.16835107210682
20583,C_Tbl_correct,hadron_neighbor,charged_hadron,49,L1_ch80:96,L1,label_Hqql,35.7023811340332,-1.4655511379241943,-52.32366529758565
20583,C_Tbl_correct,hadron_neighbor,charged_hadron,49,L1_ch80:96,L1,label_Tbl,35.7023811340332,0.9532701969146729,34.03401589396253
20583,C_Tbl_correct,hard_hadron,charged_hadron,10,L1_ch80:96,L1,label_Hqql,30.165233612060547,-1.4655511379241943,-44.20869244590449
20583,C_Tbl_correct,hard_hadron,charged_hadron,10,L1_ch80:96,L1,label_Tbl,30.165233612060547,0.9532701969146729,28.755618185346066
20583,C_Tbl_correct,photon_neighbor,photon,40,L1_ch80:96,L1,label_Hqql,28.469154357910156,-1.4655511379241943,-41.723001564974766
20583,C_Tbl_correct,photon_neighbor,photon,40,L1_ch80:96,L1,label_Tbl,28.469154357910156,0.9532701969146729,27.13879638075923
20584,C_Tbl_correct,hadron_neighbor,charged_hadron,27,L1_ch80:96,L1,label_Hqql,125.35797119140625,1.1969596147537231,150.04842890357395
20584,C_Tbl_correct,hadron_neighbor,charged_hadron,27,L1_ch80:96,L1,label_Tbl,125.35797119140625,2.1133720874786377,264.92803725886915
20584,C_Tbl_correct,photon_neighbor,photon,30,L1_ch80:96,L1,label_Hqql,30.492525100708008,1.1969596147537231,36.49832109741169
20584,C_Tbl_correct,photon_neighbor,photon,30,L1_ch80:96,L1,label_Tbl,30.492525100708008,2.1133720874786377,64.44205142457804
20584,C_Tbl_correct,photon_neighbor,photon,23,L1_ch80:96,L1,label_Hqql,29.703386306762695,1.1969596147537231,35.55375383062369
20584,C_Tbl_correct,photon_neighbor,photon,23,L1_ch80:96,L1,label_Tbl,29.703386306762695,2.1133720874786377,62.77430752430746
20585,C_Tbl_correct,hadron_neighbor,charged_hadron,55,L1_ch80:96,L1,label_Hqql,29.613019943237305,0.8159639835357666,24.163157717408012
20585,C_Tbl_correct,hadron_neighbor,charged_hadron,55,L1_ch80:96,L1,label_Tbl,29.613019943237305,1.8945677280426025,56.10387191433938
20585,C_Tbl_correct,photon_neighbor,photon,16,L1_ch80:96,L1,label_Hqql,26.2752628326416,0.8159639835357666,21.439668129371512
20585,C_Tbl_correct,photon_neighbor,photon,16,L1_ch80:96,L1,label_Tbl,26.2752628326416,1.8945677280426025,49.780265008560036
20585,C_Tbl_correct,photon_neighbor,photon,15,L1_ch80:96,L1,label_Hqql,25.338544845581055,0.8159639835357666,20.675339989199983
20585,C_Tbl_correct,photon_neighbor,photon,15,L1_ch80:96,L1,label_Tbl,25.338544845581055,1.8945677280426025,48.005589339998096
20586,C_Tbl_correct,hadron_neighbor,neutral_hadron,10,L1_ch80:96,L1,label_Hqql,38.587303161621094,2.0542538166046143,79.26811479223943
20586,C_Tbl_correct,hadron_neighbor,neutral_hadron,10,L1_ch80:96,L1,label_Tbl,38.587303161621094,4.872528076171875,188.01771803875454
20586,C_Tbl_correct,photon_neighbor,photon,14,L1_ch80:96,L1,label_Hqql,36.975677490234375,2.0542538166046143,75.95742660585529
20586,C_Tbl_correct,photon_neighbor,photon,14,L1_ch80:96,L1,label_Tbl,36.975677490234375,4.872528076171875,180.1650267066434
20586,C_Tbl_correct,hadron_neighbor,neutral_hadron,11,L1_ch80:96,L1,label_Hqql,32.59902572631836,2.0542538166046143,66.9666730158815
20586,C_Tbl_correct,hadron_neighbor,neutral_hadron,11,L1_ch80:96,L1,label_Tbl,32.59902572631836,4.872528076171875,158.83966810733546
20587,C_Tbl_correct,photon_neighbor,photon,30,L1_ch80:96,L1,label_Hqql,29.49997329711914,0.7797304391860962,23.002027134940818
20587,C_Tbl_correct,photon_neighbor,photon,30,L1_ch80:96,L1,label_Tbl,29.49997329711914,1.9487837553024292,57.48906874328122
20587,C_Tbl_correct,photon_neighbor,photon,45,L1_ch80:96,L1,label_Hqql,27.702991485595703,0.7797304391860962,21.60086571783222
20587,C_Tbl_correct,photon_neighbor,photon,45,L1_ch80:96,L1,label_Tbl,27.702991485595703,1.9487837553024292,53.987139780410416
20587,C_Tbl_correct,photon_neighbor,photon,46,L1_ch80:96,L1,label_Hqql,27.355613708496094,0.7797304391860962,21.330004691130853
20587,C_Tbl_correct,photon_neighbor,photon,46,L1_ch80:96,L1,label_Tbl,27.355613708496094,1.9487837553024292,53.31017561144563
20588,C_Tbl_correct,photon_neighbor,photon,24,L1_ch80:96,L1,label_Hqql,41.39185333251953,-5.060023307800293,-209.44374261560006
20588,C_Tbl_correct,photon_neighbor,photon,24,L1_ch80:96,L1,label_Tbl,41.39185333251953,0.4050254821777344,16.764755354233785
20588,C_Tbl_correct,photon_neighbor,photon,21,L1_ch80:96,L1,label_Hqql,34.29352569580078,-5.060023307800293,-173.5260393274002
20588,C_Tbl_correct,photon_neighbor,photon,21,L1_ch80:96,L1,label_Tbl,34.29352569580078,0.4050254821777344,13.889751780516235
20588,C_Tbl_correct,hadron_neighbor,charged_hadron,16,L1_ch80:96,L1,label_Hqql,34.11260223388672,-5.060023307800293,-172.61056239318714
20588,C_Tbl_correct,hadron_neighbor,charged_hadron,16,L1_ch80:96,L1,label_Tbl,34.11260223388672,0.4050254821777344,13.816473168117227
20589,C_Tbl_correct,photon_neighbor,photon,12,L1_ch80:96,L1,label_Hqql,44.39808654785156,2.6199986934661865,116.32292874776977
20589,C_Tbl_correct,photon_neighbor,photon,12,L1_ch80:96,L1,label_Tbl,44.39808654785156,4.069972038269043,180.6989708024048
20589,C_Tbl_correct,photon_neighbor,photon,13,L1_ch80:96,L1,label_Hqql,41.906246185302734,2.6199986934661865,109.79431025356553
20589,C_Tbl_correct,photon_neighbor,photon,13,L1_ch80:96,L1,label_Tbl,41.906246185302734,4.069972038269043,170.55725020300088
20589,C_Tbl_correct,nearest_hadron_to_best_lepton,neutral_hadron,8,L1_ch80:96,L1,label_Hqql,30.36395835876465,2.6199986934661865,79.55353122842507
20589,C_Tbl_correct,nearest_hadron_to_best_lepton,neutral_hadron,8,L1_ch80:96,L1,label_Tbl,30.36395835876465,4.069972038269043,123.5804614913377
20590,C_Tbl_correct,photon_neighbor,photon,9,L1_ch80:96,L1,label_Hqql,26.65776252746582,1.1940996646881104,31.83202529538221
20590,C_Tbl_correct,photon_neighbor,photon,9,L1_ch80:96,L1,label_Tbl,26.65776252746582,2.075683355331421,55.33307396863847
20590,C_Tbl_correct,hadron_neighbor,charged_hadron,6,L1_ch80:96,L1,label_Hqql,23.84117317199707,1.1940996646881104,28.468736890452874
20590,C_Tbl_correct,hadron_neighbor,charged_hadron,6,L1_ch80:96,L1,label_Tbl,23.84117317199707,2.075683355331421,49.486726324688334
20590,C_Tbl_correct,hard_hadron,charged_hadron,4,L1_ch80:96,L1,label_Hqql,22.5759334564209,1.1940996646881104,26.957914570333287
20590,C_Tbl_correct,hard_hadron,charged_hadron,4,L1_ch80:96,L1,label_Tbl,22.5759334564209,2.075683355331421,46.86048930656261
20591,C_Tbl_correct,hadron_neighbor,charged_hadron,20,L1_ch80:96,L1,label_Hqql,20.544198989868164,-3.7978687286376953,-78.02417089853043
20591,C_Tbl_correct,hadron_neighbor,charged_hadron,20,L1_ch80:96,L1,label_Tbl,20.544198989868164,-1.3507601022720337,-27.750284328651333
20591,C_Tbl_correct,hadron_neighbor,charged_hadron,17,L1_ch80:96,L1,label_Hqql,19.526748657226562,-3.7978687286376953,-74.16002809724887
20591,C_Tbl_correct,hadron_neighbor,charged_hadron,17,L1_ch80:96,L1,label_Tbl,19.526748657226562,-1.3507601022720337,-26.375953013275648
20591,C_Tbl_correct,photon_neighbor,photon,12,L1_ch80:96,L1,label_Hqql,19.032447814941406,-3.7978687286376953,-72.2827383857948
20591,C_Tbl_correct,photon_neighbor,photon,12,L1_ch80:96,L1,label_Tbl,19.032447814941406,-1.3507601022720337,-25.708271156997398
20592,C_Tbl_correct,hadron_neighbor,charged_hadron,16,L1_ch80:96,L1,label_Hqql,132.83799743652344,1.6336445808410645,217.01007464195573
20592,C_Tbl_correct,hadron_neighbor,charged_hadron,16,L1_ch80:96,L1,label_Tbl,132.83799743652344,4.941877841949463,656.4691561004947
20592,C_Tbl_correct,photon_neighbor,photon,14,L1_ch80:96,L1,label_Hqql,32.62541961669922,1.6336445808410645,53.29833995448644
20592,C_Tbl_correct,photon_neighbor,photon,14,L1_ch80:96,L1,label_Tbl,32.62541961669922,4.941877841949463,161.2308382880692
20592,C_Tbl_correct,hard_hadron,neutral_hadron,5,L1_ch80:96,L1,label_Hqql,26.111196517944336,1.6336445808410645,42.656414690815836
20592,C_Tbl_correct,hard_hadron,neutral_hadron,5,L1_ch80:96,L1,label_Tbl,26.111196517944336,4.941877841949463,129.03834349881708
20593,C_Tbl_correct,hadron_neighbor,neutral_hadron,12,L1_ch80:96,L1,label_Hqql,43.419307708740234,-6.524633884429932,-283.29508631493627
20593,C_Tbl_correct,hadron_neighbor,neutral_hadron,12,L1_ch80:96,L1,label_Tbl,43.419307708740234,3.6525216102600098,158.58995970870274
20593,C_Tbl_correct,photon_neighbor,photon,17,L1_ch80:96,L1,label_Hqql,38.059776306152344,-6.524633884429932,-248.32610612094504
20593,C_Tbl_correct,photon_neighbor,photon,17,L1_ch80:96,L1,label_Tbl,38.059776306152344,3.6525216102600098,139.01415543988333
20593,C_Tbl_correct,hadron_neighbor,neutral_hadron,13,L1_ch80:96,L1,label_Hqql,34.4817008972168,-6.524633884429932,-224.9804740667587
20593,C_Tbl_correct,hadron_neighbor,neutral_hadron,13,L1_ch80:96,L1,label_Tbl,34.4817008972168,3.6525216102600098,125.94515768560632
20594,C_Tbl_correct,photon_neighbor,photon,19,L1_ch80:96,L1,label_Hqql,42.201904296875,-5.320396423339844,-224.53086067922413
20594,C_Tbl_correct,photon_neighbor,photon,19,L1_ch80:96,L1,label_Tbl,42.201904296875,-1.3353652954101562,-56.35495839826763
20594,C_Tbl_correct,hadron_neighbor,charged_hadron,10,L1_ch80:96,L1,label_Hqql,31.85182762145996,-5.320396423339844,-169.46434975405282
20594,C_Tbl_correct,hadron_neighbor,charged_hadron,10,L1_ch80:96,L1,label_Tbl,31.85182762145996,-1.3353652954101562,-42.533825201084255
20594,C_Tbl_correct,photon_neighbor,photon,17,L1_ch80:96,L1,label_Hqql,30.937257766723633,-5.320396423339844,-164.59847557001922
20594,C_Tbl_correct,photon_neighbor,photon,17,L1_ch80:96,L1,label_Tbl,30.937257766723633,-1.3353652954101562,-41.312540356841055
20595,C_Tbl_correct,hard_hadron,neutral_hadron,3,L1_ch80:96,L1,label_Hqql,24.51244354248047,1.7198625802993774,42.15803440041327
20595,C_Tbl_correct,hard_hadron,neutral_hadron,3,L1_ch80:96,L1,label_Tbl,24.51244354248047,3.196767568588257,78.3605845434522
20595,C_Tbl_correct,photon_neighbor,photon,8,L1_ch80:96,L1,label_Hqql,20.982080459594727,1.7198625802993774,36.086295039287734
20595,C_Tbl_correct,photon_neighbor,photon,8,L1_ch80:96,L1,label_Tbl,20.982080459594727,3.196767568588257,67.07483433474181
20595,C_Tbl_correct,hadron_neighbor,charged_hadron,15,L1_ch80:96,L1,label_Hqql,20.789703369140625,1.7198625802993774,35.755432880108856
20595,C_Tbl_correct,hadron_neighbor,charged_hadron,15,L1_ch80:96,L1,label_Tbl,20.789703369140625,3.196767568588257,66.45984949103877
20596,C_Tbl_correct,hadron_neighbor,charged_hadron,12,L1_ch80:96,L1,label_Hqql,42.89546585083008,0.2539067268371582,10.89144733033936
20596,C_Tbl_correct,hadron_neighbor,charged_hadron,12,L1_ch80:96,L1,label_Tbl,42.89546585083008,1.1624681949615479,49.86461475964916
20596,C_Tbl_correct,hadron_neighbor,charged_hadron,6,L1_ch80:96,L1,label_Hqql,24.537464141845703,0.2539067268371582,6.2302272051401815
20596,C_Tbl_correct,hadron_neighbor,charged_hadron,6,L1_ch80:96,L1,label_Tbl,24.537464141845703,1.1624681949615479,28.52402164990508
20596,C_Tbl_correct,photon_neighbor,photon,11,L1_ch80:96,L1,label_Hqql,22.261878967285156,0.2539067268371582,5.65244082182835
20596,C_Tbl_correct,photon_neighbor,photon,11,L1_ch80:96,L1,label_Tbl,22.261878967285156,1.1624681949615479,25.878726259552423
20597,C_Tbl_correct,photon_neighbor,photon,16,L1_ch80:96,L1,label_Hqql,30.993667602539062,-3.264418125152588,-101.17629028668307
20597,C_Tbl_correct,photon_neighbor,photon,16,L1_ch80:96,L1,label_Tbl,30.993667602539062,4.300322532653809,133.28276716078108
20597,C_Tbl_correct,nearest_hadron_to_best_lepton,neutral_hadron,12,L1_ch80:96,L1,label_Hqql,29.158842086791992,-3.264418125152588,-95.18665261658589
20597,C_Tbl_correct,nearest_hadron_to_best_lepton,neutral_hadron,12,L1_ch80:96,L1,label_Tbl,29.158842086791992,4.300322532653809,125.3924256519258
20597,C_Tbl_correct,hadron_neighbor,charged_hadron,11,L1_ch80:96,L1,label_Hqql,28.27933692932129,-3.264418125152588,-92.31558003937334
20597,C_Tbl_correct,hadron_neighbor,charged_hadron,11,L1_ch80:96,L1,label_Tbl,28.27933692932129,4.300322532653809,121.6102698056693
20598,C_Tbl_correct,hadron_neighbor,charged_hadron,22,L1_ch80:96,L1,label_Hqql,24.14059066772461,-0.942180871963501,-22.744802765030727
20598,C_Tbl_correct,hadron_neighbor,charged_hadron,22,L1_ch80:96,L1,label_Tbl,24.14059066772461,-0.14000022411346436,-3.3796881037128514
20598,C_Tbl_correct,hadron_neighbor,neutral_hadron,19,L1_ch80:96,L1,label_Hqql,23.026243209838867,-0.942180871963501,-21.694885905489627
20598,C_Tbl_correct,hadron_neighbor,neutral_hadron,19,L1_ch80:96,L1,label_Tbl,23.026243209838867,-0.14000022411346436,-3.2236792098685783
20598,C_Tbl_correct,photon_neighbor,photon,21,L1_ch80:96,L1,label_Hqql,22.823986053466797,-0.942180871963501,-21.504323081538132
20598,C_Tbl_correct,photon_neighbor,photon,21,L1_ch80:96,L1,label_Tbl,22.823986053466797,-0.14000022411346436,-3.1953631626479364
20599,C_Tbl_correct,hadron_neighbor,neutral_hadron,19,L1_ch80:96,L1,label_Hqql,35.81557083129883,-1.0847063064575195,-38.849375550085824
20599,C_Tbl_correct,hadron_neighbor,neutral_hadron,19,L1_ch80:96,L1,label_Tbl,35.81557083129883,3.66277813911438,131.18448988078399
20599,C_Tbl_correct,hadron_neighbor,charged_hadron,24,L1_ch80:96,L1,label_Hqql,30.90218734741211,-1.0847063064575195,-33.51979749906968
20599,C_Tbl_correct,hadron_neighbor,charged_hadron,24,L1_ch80:96,L1,label_Tbl,30.90218734741211,3.66277813911438,113.18785626691806
20599,C_Tbl_correct,hadron_neighbor,charged_hadron,28,L1_ch80:96,L1,label_Hqql,30.34781265258789,-1.0847063064575195,-32.91846377145339
20599,C_Tbl_correct,hadron_neighbor,charged_hadron,28,L1_ch80:96,L1,label_Tbl,30.34781265258789,3.66277813911438,111.1573047538377
20600,C_Tbl_correct,hard_hadron,neutral_hadron,4,L1_ch80:96,L1,label_Hqql,30.275005340576172,1.3629226684570312,41.26249106632895
20600,C_Tbl_correct,hard_hadron,neutral_hadron,4,L1_ch80:96,L1,label_Tbl,30.275005340576172,3.0032544136047363,90.92354341099235
20600,C_Tbl_correct,photon_neighbor,photon,20,L1_ch80:96,L1,label_Hqql,25.570451736450195,1.3629226684570312,34.85054831429443
20600,C_Tbl_correct,photon_neighbor,photon,20,L1_ch80:96,L1,label_Tbl,25.570451736450195,3.0032544136047363,76.79457203536094
20600,C_Tbl_correct,hadron_neighbor,charged_hadron,18,L1_ch80:96,L1,label_Hqql,25.380264282226562,1.3629226684570312,34.591337521676905
20600,C_Tbl_correct,hadron_neighbor,charged_hadron,18,L1_ch80:96,L1,label_Tbl,25.380264282226562,3.0032544136047363,76.22339072405157
20601,C_Tbl_correct,hard_hadron,charged_hadron,5,L1_ch80:96,L1,label_Hqql,32.884464263916016,-0.5858967304229736,-19.266900093939512
20601,C_Tbl_correct,hard_hadron,charged_hadron,5,L1_ch80:96,L1,label_Tbl,32.884464263916016,3.2701833248138428,107.53822668129487
20601,C_Tbl_correct,hadron_neighbor,charged_hadron,10,L1_ch80:96,L1,label_Hqql,32.47249221801758,-0.5858967304229736,-19.025527019221954
20601,C_Tbl_correct,hadron_neighbor,charged_hadron,10,L1_ch80:96,L1,label_Tbl,32.47249221801758,3.2701833248138428,106.19100256650836
20601,C_Tbl_correct,hadron_neighbor,charged_hadron,13,L1_ch80:96,L1,label_Hqql,31.478111267089844,-0.5858967304229736,-18.442922471278507
20601,C_Tbl_correct,hadron_neighbor,charged_hadron,13,L1_ch80:96,L1,label_Tbl,31.478111267089844,3.2701833248138428,102.93919456227195
20602,C_Tbl_correct,photon_neighbor,photon,22,L1_ch80:96,L1,label_Hqql,22.969562530517578,0.7589412927627563,17.43254948110598
20602,C_Tbl_correct,photon_neighbor,photon,22,L1_ch80:96,L1,label_Tbl,22.969562530517578,1.9557099342346191,44.921801625956505
20602,C_Tbl_correct,nearest_hadron_to_best_lepton,neutral_hadron,1,L1_ch80:96,L1,label_Hqql,21.984844207763672,0.7589412927627563,16.685206084227957
20602,C_Tbl_correct,nearest_hadron_to_best_lepton,neutral_hadron,1,L1_ch80:96,L1,label_Tbl,21.984844207763672,1.9557099342346191,42.99597821972384
20602,C_Tbl_correct,hard_hadron,charged_hadron,6,L1_ch80:96,L1,label_Hqql,20.404584884643555,0.7589412927627563,15.485882030638777
20602,C_Tbl_correct,hard_hadron,charged_hadron,6,L1_ch80:96,L1,label_Tbl,20.404584884643555,1.9557099342346191,39.90544936283095
20603,C_Tbl_correct,hadron_neighbor,charged_hadron,18,L1_ch80:96,L1,label_Hqql,23.601102828979492,0.03260993957519531,0.7696305371609924
20603,C_Tbl_correct,hadron_neighbor,charged_hadron,18,L1_ch80:96,L1,label_Tbl,23.601102828979492,2.38252854347229,56.23030114746825
20603,C_Tbl_correct,photon_neighbor,photon,20,L1_ch80:96,L1,label_Hqql,21.432849884033203,0.03260993957519531,0.6989239396425546
20603,C_Tbl_correct,photon_neighbor,photon,20,L1_ch80:96,L1,label_Tbl,21.432849884033203,2.38252854347229,51.06437661666587
20603,C_Tbl_correct,hadron_neighbor,charged_hadron,16,L1_ch80:96,L1,label_Hqql,20.134916305541992,0.03260993957519531,0.6565984040753392
20603,C_Tbl_correct,hadron_neighbor,charged_hadron,16,L1_ch80:96,L1,label_Tbl,20.134916305541992,2.38252854347229,47.972012818379426
20604,C_Tbl_correct,hadron_neighbor,charged_hadron,17,L1_ch80:96,L1,label_Hqql,44.05528259277344,-9.240212440490723,-407.0801702830795
20604,C_Tbl_correct,hadron_neighbor,charged_hadron,17,L1_ch80:96,L1,label_Tbl,44.05528259277344,2.1698291301727295,95.59243550779138
20604,C_Tbl_correct,hadron_neighbor,charged_hadron,28,L1_ch80:96,L1,label_Hqql,42.730865478515625,-9.240212440490723,-394.84227478751563
20604,C_Tbl_correct,hadron_neighbor,charged_hadron,28,L1_ch80:96,L1,label_Tbl,42.730865478515625,2.1698291301727295,92.71867667277547
20604,C_Tbl_correct,photon_neighbor,photon,22,L1_ch80:96,L1,label_Hqql,37.1208381652832,-9.240212440490723,-343.00443061629267
20604,C_Tbl_correct,photon_neighbor,photon,22,L1_ch80:96,L1,label_Tbl,37.1208381652832,2.1698291301727295,80.54587598745911
20605,C_Tbl_correct,nearest_hadron_to_best_lepton,neutral_hadron,25,L1_ch80:96,L1,label_Hqql,27.570903778076172,-2.639495372772217,-72.77327294538009
20605,C_Tbl_correct,nearest_hadron_to_best_lepton,neutral_hadron,25,L1_ch80:96,L1,label_Tbl,27.570903778076172,-0.20640993118286133,-5.690908351481994
20605,C_Tbl_correct,hadron_neighbor,charged_hadron,32,L1_ch80:96,L1,label_Hqql,25.89226531982422,-2.639495372772217,-68.34251450226657
20605,C_Tbl_correct,hadron_neighbor,charged_hadron,32,L1_ch80:96,L1,label_Tbl,25.89226531982422,-0.20640993118286133,-5.344420702833304
20605,C_Tbl_correct,photon_neighbor,photon,40,L1_ch80:96,L1,label_Hqql,24.002840042114258,-2.639495372772217,-63.355385224552265
20605,C_Tbl_correct,photon_neighbor,photon,40,L1_ch80:96,L1,label_Tbl,24.002840042114258,-0.20640993118286133,-4.954424561286032
20606,C_Tbl_correct,hadron_neighbor,charged_hadron,17,L1_ch80:96,L1,label_Hqql,29.15542984008789,0.864903450012207,25.216631855280866
20606,C_Tbl_correct,hadron_neighbor,charged_hadron,17,L1_ch80:96,L1,label_Tbl,29.15542984008789,2.784944772720337,81.1962619295673
20606,C_Tbl_correct,hadron_neighbor,charged_hadron,12,L1_ch80:96,L1,label_Hqql,27.46919822692871,0.864903450012207,23.758204315539842
20606,C_Tbl_correct,hadron_neighbor,charged_hadron,12,L1_ch80:96,L1,label_Tbl,27.46919822692871,2.784944772720337,76.50020001290386
20606,C_Tbl_correct,photon_neighbor,photon,18,L1_ch80:96,L1,label_Hqql,26.86521339416504,0.864903450012207,23.235815749927497
20606,C_Tbl_correct,photon_neighbor,photon,18,L1_ch80:96,L1,label_Tbl,26.86521339416504,2.784944772720337,74.8181356100963
20607,C_Tbl_correct,hardest_hadron,neutral_hadron,3,L1_ch80:96,L1,label_Hqql,28.701982498168945,-0.11002123355865479,-3.1578275200274675
20607,C_Tbl_correct,hardest_hadron,neutral_hadron,3,L1_ch80:96,L1,label_Tbl,28.701982498168945,2.1696383953094482,62.27292324952714
20607,C_Tbl_correct,photon_neighbor,photon,12,L1_ch80:96,L1,label_Hqql,27.196596145629883,-0.11002123355865479,-2.992203056538756
20607,C_Tbl_correct,photon_neighbor,photon,12,L1_ch80:96,L1,label_Tbl,27.196596145629883,2.1696383953094482,59.006779219283544
20607,C_Tbl_correct,photon_neighbor,photon,14,L1_ch80:96,L1,label_Hqql,25.947351455688477,-0.11002123355865479,-2.854759614734803
20607,C_Tbl_correct,photon_neighbor,photon,14,L1_ch80:96,L1,label_Tbl,25.947351455688477,2.1696383953094482,56.29636997485022
20608,C_Tbl_correct,photon_neighbor,photon,47,L1_ch80:96,L1,label_Hqql,38.57223129272461,2.1210930347442627,81.81529112954286
20608,C_Tbl_correct,photon_neighbor,photon,47,L1_ch80:96,L1,label_Tbl,38.57223129272461,4.107148170471191,158.42186918490552
20608,C_Tbl_correct,photon_neighbor,photon,48,L1_ch80:96,L1,label_Hqql,32.65717697143555,2.1210930347442627,69.26891060852267
20608,C_Tbl_correct,photon_neighbor,photon,48,L1_ch80:96,L1,label_Tbl,32.65717697143555,4.107148170471191,134.12786465098543
20608,C_Tbl_correct,photon_neighbor,photon,50,L1_ch80:96,L1,label_Hqql,32.51051712036133,2.1210930347442627,68.95783141993252
20608,C_Tbl_correct,photon_neighbor,photon,50,L1_ch80:96,L1,label_Tbl,32.51051712036133,4.107148170471191,133.52551091196437
20609,C_Tbl_correct,photon_neighbor,photon,14,L1_ch80:96,L1,label_Hqql,25.031522750854492,0.5667266845703125,14.186031898338115
20609,C_Tbl_correct,photon_neighbor,photon,14,L1_ch80:96,L1,label_Tbl,25.031522750854492,2.8881454467773438,72.29467845878389
20609,C_Tbl_correct,hadron_neighbor,neutral_hadron,12,L1_ch80:96,L1,label_Hqql,24.79436492919922,0.5667266845703125,14.051628232351504
20609,C_Tbl_correct,hadron_neighbor,neutral_hadron,12,L1_ch80:96,L1,label_Tbl,24.79436492919922,2.8881454467773438,71.60973217600258
20609,C_Tbl_correct,particle0_best_lepton,electron,0,L1_ch80:96,L1,label_Hqql,22.02438735961914,0.5667266845703125,12.481808028009254
20609,C_Tbl_correct,particle0_best_lepton,electron,0,L1_ch80:96,L1,label_Tbl,22.02438735961914,2.8881454467773438,63.609634070744505
20610,C_Tbl_correct,photon_neighbor,photon,16,L1_ch80:96,L1,label_Hqql,42.220298767089844,-8.30967903137207,-350.83713136315055
20610,C_Tbl_correct,photon_neighbor,photon,16,L1_ch80:96,L1,label_Tbl,42.220298767089844,1.5438652038574219,65.18245016297442
20610,C_Tbl_correct,photon_neighbor,photon,15,L1_ch80:96,L1,label_Hqql,33.070011138916016,-8.30967903137207,-274.8011781282912
20610,C_Tbl_correct,photon_neighbor,photon,15,L1_ch80:96,L1,label_Tbl,33.070011138916016,1.5438652038574219,51.05563948854979
20610,C_Tbl_correct,particle0_best_lepton,electron,0,L1_ch80:96,L1,label_Hqql,30.504648208618164,-8.30967903137207,-253.48383557853595
20610,C_Tbl_correct,particle0_best_lepton,electron,0,L1_ch80:96,L1,label_Tbl,30.504648208618164,1.5438652038574219,47.09506492519722
12308,A_protected_highiso,particle0_best_lepton,electron,0,L2_ch0:32,L2,label_Hqql,3.252171754837036,2.0194802284240723,6.567696558332614
12308,A_protected_highiso,particle0_best_lepton,electron,0,L2_ch0:32,L2,label_Tbl,3.252171754837036,1.2968380451202393,4.21754006093812
12308,A_protected_highiso,hard_hadron,charged_hadron,7,L2_ch0:32,L2,label_Hqql,0.9740495681762695,2.0194802284240723,1.9670738444369817
12308,A_protected_highiso,hard_hadron,charged_hadron,7,L2_ch0:32,L2,label_Tbl,0.9740495681762695,1.2968380451202393,1.2631845378439266
12308,A_protected_highiso,photon_neighbor,photon,34,L2_ch0:32,L2,label_Hqql,0.7862785458564758,2.0194802284240723,1.5878739773911832
12308,A_protected_highiso,photon_neighbor,photon,34,L2_ch0:32,L2,label_Tbl,0.7862785458564758,1.2968380451202393,1.0196759323284965
12358,A_protected_highiso,particle0_best_lepton,electron,0,L2_ch0:32,L2,label_Hqql,2.89396595954895,1.0729379653930664,3.1050459485552437
12358,A_protected_highiso,particle0_best_lepton,electron,0,L2_ch0:32,L2,label_Tbl,2.89396595954895,0.7461763024330139,2.1594088190632448
12358,A_protected_highiso,hard_hadron,charged_hadron,4,L2_ch0:32,L2,label_Hqql,2.0304019451141357,1.0729379653930664,2.1784953319208853
12358,A_protected_highiso,hard_hadron,charged_hadron,4,L2_ch0:32,L2,label_Tbl,2.0304019451141357,0.7461763024330139,1.515037815858065
12358,A_protected_highiso,hadron_neighbor,charged_hadron,14,L2_ch0:32,L2,label_Hqql,1.1550722122192383,1.0729379653930664,1.2393208292605777
12358,A_protected_highiso,hadron_neighbor,charged_hadron,14,L2_ch0:32,L2,label_Tbl,1.1550722122192383,0.7461763024330139,0.8618875123568728
12438,A_protected_highiso,particle0_best_lepton,muon,0,L2_ch0:32,L2,label_Hqql,4.374975681304932,1.349900722503662,5.905782833129479
12438,A_protected_highiso,particle0_best_lepton,muon,0,L2_ch0:32,L2,label_Tbl,4.374975681304932,1.386077880859375,6.06405702115444
12438,A_protected_highiso,hardest_hadron,neutral_hadron,1,L2_ch0:32,L2,label_Hqql,3.4438064098358154,1.349900722503662,4.64879676080011
12438,A_protected_highiso,hardest_hadron,neutral_hadron,1,L2_ch0:32,L2,label_Tbl,3.4438064098358154,1.386077880859375,4.773383890635159
12438,A_protected_highiso,hard_hadron,charged_hadron,6,L2_ch0:32,L2,label_Hqql,1.1735279560089111,1.349900722503662,1.584146235694675
12438,A_protected_highiso,hard_hadron,charged_hadron,6,L2_ch0:32,L2,label_Tbl,1.1735279560089111,1.386077880859375,1.6266011423940654
12442,A_protected_highiso,hardest_hadron,charged_hadron,1,L2_ch0:32,L2,label_Hqql,2.442185878753662,1.4344496726989746,3.5031927344482483
12442,A_protected_highiso,hardest_hadron,charged_hadron,1,L2_ch0:32,L2,label_Tbl,2.442185878753662,0.8488140106201172,2.072961590424711
12442,A_protected_highiso,hard_hadron,charged_hadron,4,L2_ch0:32,L2,label_Hqql,2.0347914695739746,1.4344496726989746,2.9188059575410534
12442,A_protected_highiso,hard_hadron,charged_hadron,4,L2_ch0:32,L2,label_Tbl,2.0347914695739746,0.8488140106201172,1.7271595080646875
12442,A_protected_highiso,particle0_best_lepton,muon,0,L2_ch0:32,L2,label_Hqql,1.8016966581344604,1.4344496726989746,2.584443181563813
12442,A_protected_highiso,particle0_best_lepton,muon,0,L2_ch0:32,L2,label_Tbl,1.8016966581344604,0.8488140106201172,1.5293053663119736
12509,A_protected_highiso,particle0_best_lepton,electron,0,L2_ch0:32,L2,label_Hqql,5.716903209686279,1.3996222019195557,8.001504658502085
12509,A_protected_highiso,particle0_best_lepton,electron,0,L2_ch0:32,L2,label_Tbl,5.716903209686279,1.358675241470337,7.76741484888305
12509,A_protected_highiso,hadron_neighbor,charged_hadron,12,L2_ch0:32,L2,label_Hqql,2.40190052986145,1.3996222019195557,3.3617533083964304
12509,A_protected_highiso,hadron_neighbor,charged_hadron,12,L2_ch0:32,L2,label_Tbl,2.40190052986145,1.358675241470337,3.263402782397236
12509,A_protected_highiso,hardest_hadron,charged_hadron,2,L2_ch0:32,L2,label_Hqql,1.4897384643554688,1.3996222019195557,2.0850710297654587
12509,A_protected_highiso,hardest_hadron,charged_hadron,2,L2_ch0:32,L2,label_Tbl,1.4897384643554688,1.358675241470337,2.0240707677858154
12592,A_protected_highiso,particle0_best_lepton,electron,0,L2_ch0:32,L2,label_Hqql,4.3116536140441895,1.082839012145996,4.668826740147324
12592,A_protected_highiso,particle0_best_lepton,electron,0,L2_ch0:32,L2,label_Tbl,4.3116536140441895,0.9897155165672302,4.26731048388271
12592,A_protected_highiso,hard_hadron,charged_hadron,3,L2_ch0:32,L2,label_Hqql,1.3048526048660278,1.082839012145996,1.4129453056492594
12592,A_protected_highiso,hard_hadron,charged_hadron,3,L2_ch0:32,L2,label_Tbl,1.3048526048660278,0.9897155165672302,1.2914328698690767
12592,A_protected_highiso,hardest_hadron,charged_hadron,2,L2_ch0:32,L2,label_Hqql,1.1356443166732788,1.082839012145996,1.229719970015708
12592,A_protected_highiso,hardest_hadron,charged_hadron,2,L2_ch0:32,L2,label_Tbl,1.1356443166732788,0.9897155165672302,1.1239648015129333
12784,A_protected_highiso,particle0_best_lepton,muon,0,L2_ch0:32,L2,label_Hqql,3.3524036407470703,2.2743477821350098,7.624531785154431
12784,A_protected_highiso,particle0_best_lepton,muon,0,L2_ch0:32,L2,label_Tbl,3.3524036407470703,0.5604259967803955,1.8787741519759038
12784,A_protected_highiso,hard_hadron,charged_hadron,2,L2_ch0:32,L2,label_Hqql,2.4493656158447266,2.2743477821350098,5.570709256034206
12784,A_protected_highiso,hard_hadron,charged_hadron,2,L2_ch0:32,L2,label_Tbl,2.4493656158447266,0.5604259967803955,1.3726881667394082
12784,A_protected_highiso,hardest_hadron,charged_hadron,1,L2_ch0:32,L2,label_Hqql,2.278542995452881,2.2743477821350098,5.182199208207521
12784,A_protected_highiso,hardest_hadron,charged_hadron,1,L2_ch0:32,L2,label_Tbl,2.278542995452881,0.5604259967803955,1.276954729433669
13089,A_protected_highiso,particle0,charged_hadron,0,L2_ch0:32,L2,label_Hqql,4.670766353607178,0.9195715188980103,4.295103710204273
13089,A_protected_highiso,particle0,charged_hadron,0,L2_ch0:32,L2,label_Tbl,4.670766353607178,-0.29544878005981445,-1.3799722211176686
13089,A_protected_highiso,best_lepton,muon,1,L2_ch0:32,L2,label_Hqql,2.873298406600952,0.9195715188980103,2.64220338000527
13089,A_protected_highiso,best_lepton,muon,1,L2_ch0:32,L2,label_Tbl,2.873298406600952,-0.29544878005981445,-0.84891250897806
13089,A_protected_highiso,hard_hadron,charged_hadron,5,L2_ch0:32,L2,label_Hqql,2.7568087577819824,0.9195715188980103,2.5350828167049144
13089,A_protected_highiso,hard_hadron,charged_hadron,5,L2_ch0:32,L2,label_Tbl,2.7568087577819824,-0.29544878005981445,-0.8144957843448992
13279,A_protected_highiso,particle0_best_lepton,muon,0,L2_ch0:32,L2,label_Hqql,3.877777099609375,1.5555214881896973,6.031965604852303
13279,A_protected_highiso,particle0_best_lepton,muon,0,L2_ch0:32,L2,label_Tbl,3.877777099609375,0.9906561374664307,3.841543683454802
13279,A_protected_highiso,hard_hadron,charged_hadron,2,L2_ch0:32,L2,label_Hqql,1.4484010934829712,1.5555214881896973,2.253019024430216
13279,A_protected_highiso,hard_hadron,charged_hadron,2,L2_ch0:32,L2,label_Tbl,1.4484010934829712,0.9906561374664307,1.4348674327719948
13279,A_protected_highiso,hard_hadron,charged_hadron,5,L2_ch0:32,L2,label_Hqql,0.9482623338699341,1.5555214881896973,1.4750424367755954
13279,A_protected_highiso,hard_hadron,charged_hadron,5,L2_ch0:32,L2,label_Tbl,0.9482623338699341,0.9906561374664307,0.9394019009764918
13374,A_protected_highiso,particle0_best_lepton,electron,0,L2_ch0:32,L2,label_Hqql,5.32714319229126,2.9634060859680176,15.786488556859013
13374,A_protected_highiso,particle0_best_lepton,electron,0,L2_ch0:32,L2,label_Tbl,5.32714319229126,1.802323818206787,9.601237058464676
13374,A_protected_highiso,hardest_hadron,charged_hadron,2,L2_ch0:32,L2,label_Hqql,1.5665597915649414,2.9634060859680176,4.6423528203563365
13374,A_protected_highiso,hardest_hadron,charged_hadron,2,L2_ch0:32,L2,label_Tbl,1.5665597915649414,1.802323818206787,2.8234480249825538
13374,A_protected_highiso,hard_hadron,charged_hadron,14,L2_ch0:32,L2,label_Hqql,1.163802146911621,2.9634060859680176,3.448818365020543
13374,A_protected_highiso,hard_hadron,charged_hadron,14,L2_ch0:32,L2,label_Tbl,1.163802146911621,1.802323818206787,2.097548329059009
13400,A_protected_highiso,hardest_hadron,charged_hadron,1,L2_ch0:32,L2,label_Hqql,1.6804438829421997,1.0670692920684814,1.7931500645319431
13400,A_protected_highiso,hardest_hadron,charged_hadron,1,L2_ch0:32,L2,label_Tbl,1.6804438829421997,0.8491683006286621,1.4269796763798581
13400,A_protected_highiso,hard_hadron,charged_hadron,4,L2_ch0:32,L2,label_Hqql,1.5432099103927612,1.0670692920684814,1.6467119065958684
13400,A_protected_highiso,hard_hadron,charged_hadron,4,L2_ch0:32,L2,label_Tbl,1.5432099103927612,0.8491683006286621,1.310444937121531
13400,A_protected_highiso,particle0_best_lepton,electron,0,L2_ch0:32,L2,label_Hqql,1.4610137939453125,1.0670692920684814,1.5590029548075108
13400,A_protected_highiso,particle0_best_lepton,electron,0,L2_ch0:32,L2,label_Tbl,1.4610137939453125,0.8491683006286621,1.2406466005995753
13529,A_protected_highiso,particle0_best_lepton,muon,0,L2_ch0:32,L2,label_Hqql,3.3567957878112793,1.0846121311187744,3.640821433148517
13529,A_protected_highiso,particle0_best_lepton,muon,0,L2_ch0:32,L2,label_Tbl,3.3567957878112793,0.044544100761413574,0.14952544980775428
13529,A_protected_highiso,photon_neighbor,photon,1,L2_ch0:32,L2,label_Hqql,2.389559030532837,1.0846121311187744,2.591744712540333
13529,A_protected_highiso,photon_neighbor,photon,1,L2_ch0:32,L2,label_Tbl,2.389559030532837,0.044544100761413574,0.10644075823140042
13529,A_protected_highiso,hard_hadron,charged_hadron,5,L2_ch0:32,L2,label_Hqql,1.0956878662109375,1.0846121311187744,1.1883963516120275
13529,A_protected_highiso,hard_hadron,charged_hadron,5,L2_ch0:32,L2,label_Tbl,1.0956878662109375,0.044544100761413574,0.048806430715558236
13897,A_protected_highiso,photon_neighbor,photon,1,L2_ch0:32,L2,label_Hqql,2.5167953968048096,0.7397106885910034,1.8617004560131534
13897,A_protected_highiso,photon_neighbor,photon,1,L2_ch0:32,L2,label_Tbl,2.5167953968048096,0.4591703414916992,1.155637801815601
13897,A_protected_highiso,particle0_best_lepton,muon,0,L2_ch0:32,L2,label_Hqql,2.4529242515563965,0.7397106885910034,1.8144542871803537
13897,A_protected_highiso,particle0_best_lepton,muon,0,L2_ch0:32,L2,label_Tbl,2.4529242515563965,0.4591703414916992,1.1263100662404213
13897,A_protected_highiso,hardest_hadron,charged_hadron,2,L2_ch0:32,L2,label_Hqql,1.4300553798675537,0.7397106885910034,1.0578272497650971
13897,A_protected_highiso,hardest_hadron,charged_hadron,2,L2_ch0:32,L2,label_Tbl,1.4300553798675537,0.4591703414916992,0.6566390171258263
14139,A_protected_highiso,particle0_best_lepton,muon,0,L2_ch0:32,L2,label_Hqql,6.602305889129639,2.6300418376922607,17.36434071365295
14139,A_protected_highiso,particle0_best_lepton,muon,0,L2_ch0:32,L2,label_Tbl,6.602305889129639,1.9706392288208008,13.010762985793463
14139,A_protected_highiso,hard_hadron,charged_hadron,2,L2_ch0:32,L2,label_Hqql,2.2152984142303467,2.6300418376922607,5.826327512399132
14139,A_protected_highiso,hard_hadron,charged_hadron,2,L2_ch0:32,L2,label_Tbl,2.2152984142303467,1.9706392288208008,4.365553958626833
14139,A_protected_highiso,hard_hadron,charged_hadron,10,L2_ch0:32,L2,label_Hqql,1.5657451152801514,2.6300418376922607,4.11797516034909
14139,A_protected_highiso,hard_hadron,charged_hadron,10,L2_ch0:32,L2,label_Tbl,1.5657451152801514,1.9706392288208008,3.0855187465056133
14355,A_protected_highiso,particle0_best_lepton,electron,0,L2_ch0:32,L2,label_Hqql,5.05268669128418,2.1917219161987305,11.074084156973186
14355,A_protected_highiso,particle0_best_lepton,electron,0,L2_ch0:32,L2,label_Tbl,5.05268669128418,1.9261029958724976,9.731994973287556
14355,A_protected_highiso,hard_hadron,neutral_hadron,8,L2_ch0:32,L2,label_Hqql,1.15676748752594,2.1917219161987305,2.535312654356744
14355,A_protected_highiso,hard_hadron,neutral_hadron,8,L2_ch0:32,L2,label_Tbl,1.15676748752594,1.9261029958724976,2.228053323251615
14355,A_protected_highiso,hard_hadron,charged_hadron,7,L2_ch0:32,L2,label_Hqql,1.0875816345214844,2.1917219161987305,2.383676504035975
14355,A_protected_highiso,hard_hadron,charged_hadron,7,L2_ch0:32,L2,label_Tbl,1.0875816345214844,1.9261029958724976,2.0947942445077388
14381,A_protected_highiso,particle0_best_lepton,muon,0,L2_ch0:32,L2,label_Hqql,4.8777689933776855,1.6128947734832764,7.867328115677651
14381,A_protected_highiso,particle0_best_lepton,muon,0,L2_ch0:32,L2,label_Tbl,4.8777689933776855,1.318381905555725,6.430762380349904
14381,A_protected_highiso,hardest_hadron,charged_hadron,1,L2_ch0:32,L2,label_Hqql,1.3920094966888428,1.6128947734832764,2.2451648418485206
14381,A_protected_highiso,hardest_hadron,charged_hadron,1,L2_ch0:32,L2,label_Tbl,1.3920094966888428,1.318381905555725,1.8352001327963023
14381,A_protected_highiso,hard_hadron,charged_hadron,11,L2_ch0:32,L2,label_Hqql,0.7136197090148926,1.6128947734832764,1.1509934989247768
14381,A_protected_highiso,hard_hadron,charged_hadron,11,L2_ch0:32,L2,label_Tbl,0.7136197090148926,1.318381905555725,0.9408233118131761
14596,A_protected_highiso,particle0_best_lepton,electron,0,L2_ch0:32,L2,label_Hqql,2.365689992904663,1.4318395853042603,3.387288578399051
14596,A_protected_highiso,particle0_best_lepton,electron,0,L2_ch0:32,L2,label_Tbl,2.365689992904663,1.0943001508712769,2.5887749161502427
14596,A_protected_highiso,hard_hadron,charged_hadron,2,L2_ch0:32,L2,label_Hqql,2.0124173164367676,1.4318395853042603,2.8814587758259336
14596,A_protected_highiso,hard_hadron,charged_hadron,2,L2_ch0:32,L2,label_Tbl,2.0124173164367676,1.0943001508712769,2.202188572992725
14596,A_protected_highiso,hard_hadron,charged_hadron,3,L2_ch0:32,L2,label_Hqql,1.1166489124298096,1.4318395853042603,1.5988621157039518
14596,A_protected_highiso,hard_hadron,charged_hadron,3,L2_ch0:32,L2,label_Tbl,1.1166489124298096,1.0943001508712769,1.2219490733421878
14600,A_protected_highiso,particle0_best_lepton,muon,0,L2_ch0:32,L2,label_Hqql,4.954913139343262,1.495416522026062,7.409658973777937
14600,A_protected_highiso,particle0_best_lepton,muon,0,L2_ch0:32,L2,label_Tbl,4.954913139343262,1.9627853631973267,9.72543098581707
14600,A_protected_highiso,photon_neighbor,photon,3,L2_ch0:32,L2,label_Hqql,2.360349416732788,1.495416522026062,3.52970551553679
14600,A_protected_highiso,photon_neighbor,photon,3,L2_ch0:32,L2,label_Tbl,2.360349416732788,1.9627853631973267,4.632859287194464
14600,A_protected_highiso,hard_hadron,charged_hadron,4,L2_ch0:32,L2,label_Hqql,1.4266818761825562,1.495416522026062,2.133483649318535
14600,A_protected_highiso,hard_hadron,charged_hadron,4,L2_ch0:32,L2,label_Tbl,1.4266818761825562,1.9627853631973267,2.800270304510022
14625,A_protected_highiso,particle0_best_lepton,electron,0,L2_ch0:32,L2,label_Hqql,2.5874218940734863,0.7296767234802246,1.8879815299285383
14625,A_protected_highiso,particle0_best_lepton,electron,0,L2_ch0:32,L2,label_Tbl,2.5874218940734863,0.4979550838470459,1.2884198862110452
14625,A_protected_highiso,photon_neighbor,photon,3,L2_ch0:32,L2,label_Hqql,1.1734358072280884,0.7296767234802246,0.856228795032564
14625,A_protected_highiso,photon_neighbor,photon,3,L2_ch0:32,L2,label_Tbl,1.1734358072280884,0.4979550838470459,0.5843183257773887
14625,A_protected_highiso,hard_hadron,charged_hadron,13,L2_ch0:32,L2,label_Hqql,0.8652240633964539,0.7296767234802246,0.6313338596553706
14625,A_protected_highiso,hard_hadron,charged_hadron,13,L2_ch0:32,L2,label_Tbl,0.8652240633964539,0.4979550838470459,0.43084272103506294
14742,A_protected_highiso,particle0_best_lepton,electron,0,L2_ch0:32,L2,label_Hqql,4.749918460845947,2.127138137817383,10.103732709588257
14742,A_protected_highiso,particle0_best_lepton,electron,0,L2_ch0:32,L2,label_Tbl,4.749918460845947,1.502915382385254,7.1387255198810635
14742,A_protected_highiso,hard_hadron,charged_hadron,3,L2_ch0:32,L2,label_Hqql,1.0466872453689575,2.127138137817383,2.2264483579913303
14742,A_protected_highiso,hard_hadron,charged_hadron,3,L2_ch0:32,L2,label_Tbl,1.0466872453689575,1.502915382385254,1.5730823616114549
14742,A_protected_highiso,hardest_hadron,charged_hadron,1,L2_ch0:32,L2,label_Hqql,0.7285159230232239,2.127138137817383,1.5496540038699322
14742,A_protected_highiso,hardest_hadron,charged_hadron,1,L2_ch0:32,L2,label_Tbl,0.7285159230232239,1.502915382385254,1.0948977870241947
14991,A_protected_highiso,particle0_best_lepton,muon,0,L2_ch0:32,L2,label_Hqql,3.4999585151672363,0.8055362701416016,2.8193435279581536
14991,A_protected_highiso,particle0_best_lepton,muon,0,L2_ch0:32,L2,label_Tbl,3.4999585151672363,0.20663869380950928,0.7232268559616273
14991,A_protected_highiso,hard_hadron,charged_hadron,5,L2_ch0:32,L2,label_Hqql,1.9032740592956543,0.8055362701416016,1.5331562867822868
14991,A_protected_highiso,hard_hadron,charged_hadron,5,L2_ch0:32,L2,label_Tbl,1.9032740592956543,0.20663869380950928,0.3932900655743765
14991,A_protected_highiso,hard_hadron,charged_hadron,6,L2_ch0:32,L2,label_Hqql,1.563758134841919,0.8055362701416016,1.259663895344147
14991,A_protected_highiso,hard_hadron,charged_hadron,6,L2_ch0:32,L2,label_Tbl,1.563758134841919,0.20663869380950928,0.3231329384177286
14999,A_protected_highiso,particle0_best_lepton,muon,0,L2_ch0:32,L2,label_Hqql,2.047616720199585,1.1721426248550415,2.4000988371118126
14999,A_protected_highiso,particle0_best_lepton,muon,0,L2_ch0:32,L2,label_Tbl,2.047616720199585,0.9417939186096191,1.9284329747273432
14999,A_protected_highiso,hadron_neighbor,charged_hadron,16,L2_ch0:32,L2,label_Hqql,1.141695261001587,1.1721426248550415,1.3382296800149618
14999,A_protected_highiso,hadron_neighbor,charged_hadron,16,L2_ch0:32,L2,label_Tbl,1.141695261001587,0.9417939186096191,1.0752416537167164
14999,A_protected_highiso,hadron_neighbor,charged_hadron,29,L2_ch0:32,L2,label_Hqql,0.8879018425941467,1.1721426248550415,1.040747596391931
14999,A_protected_highiso,hadron_neighbor,charged_hadron,29,L2_ch0:32,L2,label_Tbl,0.8879018425941467,0.9417939186096191,0.8362205556774427
15006,A_protected_highiso,hard_hadron,charged_hadron,4,L2_ch0:32,L2,label_Hqql,3.0842995643615723,0.47309446334838867,1.459165047207307
15006,A_protected_highiso,hard_hadron,charged_hadron,4,L2_ch0:32,L2,label_Tbl,3.0842995643615723,-0.16960406303405762,-0.5231097377298966
15006,A_protected_highiso,particle0_best_lepton,electron,0,L2_ch0:32,L2,label_Hqql,2.044893264770508,0.47309446334838867,0.9674276817013379
15006,A_protected_highiso,particle0_best_lepton,electron,0,L2_ch0:32,L2,label_Tbl,2.044893264770508,-0.16960406303405762,-0.3468222061760571
15006,A_protected_highiso,hard_hadron,charged_hadron,5,L2_ch0:32,L2,label_Hqql,1.6198883056640625,0.47309446334838867,0.7663601886524702
15006,A_protected_highiso,hard_hadron,charged_hadron,5,L2_ch0:32,L2,label_Tbl,1.6198883056640625,-0.16960406303405762,-0.27473963830198045
15112,A_protected_highiso,particle0_best_lepton,electron,0,L2_ch0:32,L2,label_Hqql,3.9511871337890625,1.206648826599121,4.767695318660117
15112,A_protected_highiso,particle0_best_lepton,electron,0,L2_ch0:32,L2,label_Tbl,3.9511871337890625,0.8980156779289246,3.5482279925736293
15112,A_protected_highiso,hard_hadron,neutral_hadron,2,L2_ch0:32,L2,label_Hqql,2.1218481063842773,1.206648826599121,2.5603255277901553
15112,A_protected_highiso,hard_hadron,neutral_hadron,2,L2_ch0:32,L2,label_Tbl,2.1218481063842773,0.8980156779289246,1.9054528657168817
15112,A_protected_highiso,photon_neighbor,photon,12,L2_ch0:32,L2,label_Hqql,0.9441698789596558,1.206648826599121,1.1392814765569028
15112,A_protected_highiso,photon_neighbor,photon,12,L2_ch0:32,L2,label_Tbl,0.9441698789596558,0.8980156779289246,0.8478793539340259
15233,A_protected_highiso,particle0_best_lepton,electron,0,L2_ch0:32,L2,label_Hqql,4.22274923324585,1.0225591659545898,4.31801093398326
15233,A_protected_highiso,particle0_best_lepton,electron,0,L2_ch0:32,L2,label_Tbl,4.22274923324585,0.38066744804382324,1.607463174348709
15233,A_protected_highiso,hadron_neighbor,charged_hadron,18,L2_ch0:32,L2,label_Hqql,1.53134024143219,1.0225591659545898,1.5658860000716004
15233,A_protected_highiso,hadron_neighbor,charged_hadron,18,L2_ch0:32,L2,label_Tbl,1.53134024143219,0.38066744804382324,0.5829313817928039
15233,A_protected_highiso,photon_neighbor,photon,15,L2_ch0:32,L2,label_Hqql,1.395126223564148,1.0225591659545898,1.4265991075691318
15233,A_protected_highiso,photon_neighbor,photon,15,L2_ch0:32,L2,label_Tbl,1.395126223564148,0.38066744804382324,0.5310791392231806
15292,A_protected_highiso,hard_hadron,charged_hadron,6,L2_ch0:32,L2,label_Hqql,2.394956111907959,1.1462986469268799,2.7453349505293545
15292,A_protected_highiso,hard_hadron,charged_hadron,6,L2_ch0:32,L2,label_Tbl,2.394956111907959,0.06583178043365479,0.15766422490736431
15292,A_protected_highiso,hard_hadron,charged_hadron,2,L2_ch0:32,L2,label_Hqql,1.6349985599517822,1.1462986469268799,1.874196637000125
15292,A_protected_highiso,hard_hadron,charged_hadron,2,L2_ch0:32,L2,label_Tbl,1.6349985599517822,0.06583178043365479,0.10763486620808749
15292,A_protected_highiso,photon_neighbor,photon,3,L2_ch0:32,L2,label_Hqql,1.5050792694091797,1.1462986469268799,1.7252703300414396
15292,A_protected_highiso,photon_neighbor,photon,3,L2_ch0:32,L2,label_Tbl,1.5050792694091797,0.06583178043365479,0.09908204799899067
15512,A_protected_highiso,photon_neighbor,photon,1,L2_ch0:32,L2,label_Hqql,3.2001986503601074,0.5896153450012207,1.8868862313045156
15512,A_protected_highiso,photon_neighbor,photon,1,L2_ch0:32,L2,label_Tbl,3.2001986503601074,0.3086026906967163,0.9875899142651292
15512,A_protected_highiso,particle0_best_lepton,muon,0,L2_ch0:32,L2,label_Hqql,1.9093918800354004,0.5896153450012207,1.125806752089602
15512,A_protected_highiso,particle0_best_lepton,muon,0,L2_ch0:32,L2,label_Tbl,1.9093918800354004,0.3086026906967163,0.5892434717733863
15512,A_protected_highiso,photon_neighbor,photon,2,L2_ch0:32,L2,label_Hqql,0.8828057050704956,0.5896153450012207,0.5205157903641862
15512,A_protected_highiso,photon_neighbor,photon,2,L2_ch0:32,L2,label_Tbl,0.8828057050704956,0.3086026906967163,0.2724362159471667
15540,A_protected_highiso,particle0_best_lepton,muon,0,L2_ch0:32,L2,label_Hqql,4.369777679443359,1.722312092781067,7.526120940070086
15540,A_protected_highiso,particle0_best_lepton,muon,0,L2_ch0:32,L2,label_Tbl,4.369777679443359,0.862490177154541,3.768890324869062
15540,A_protected_highiso,photon_neighbor,photon,1,L2_ch0:32,L2,label_Hqql,2.1746480464935303,1.722312092781067,3.745422628018531
15540,A_protected_highiso,photon_neighbor,photon,1,L2_ch0:32,L2,label_Tbl,2.1746480464935303,0.862490177154541,1.8756125788689815
15540,A_protected_highiso,hardest_hadron,charged_hadron,2,L2_ch0:32,L2,label_Hqql,1.4057561159133911,1.722312092781067,2.4211507579385767
15540,A_protected_highiso,hardest_hadron,charged_hadron,2,L2_ch0:32,L2,label_Tbl,1.4057561159133911,0.862490177154541,1.2124508414502202
15590,A_protected_highiso,particle0_best_lepton,muon,0,L2_ch0:32,L2,label_Hqql,5.149137496948242,2.9074177742004395,14.97069388042928
15590,A_protected_highiso,particle0_best_lepton,muon,0,L2_ch0:32,L2,label_Tbl,5.149137496948242,2.143570899963379,11.037541298368524
15590,A_protected_highiso,hardest_hadron,charged_hadron,1,L2_ch0:32,L2,label_Hqql,2.96260929107666,2.9074177742004395,8.613542910887645
15590,A_protected_highiso,hardest_hadron,charged_hadron,1,L2_ch0:32,L2,label_Tbl,2.96260929107666,2.143570899963379,6.350563064313064
15590,A_protected_highiso,second_lepton,muon,2,L2_ch0:32,L2,label_Hqql,1.1693326234817505,2.9074177742004395,3.3997384534632715
15590,A_protected_highiso,second_lepton,muon,2,L2_ch0:32,L2,label_Tbl,1.1693326234817505,2.143570899963379,2.506547384073315
15684,A_protected_highiso,particle0_best_lepton,electron,0,L2_ch0:32,L2,label_Hqql,3.671961784362793,2.4707980155944824,9.072675890142364
15684,A_protected_highiso,particle0_best_lepton,electron,0,L2_ch0:32,L2,label_Tbl,3.671961784362793,1.3815550804138184,5.073017458271806
15684,A_protected_highiso,hard_hadron,charged_hadron,2,L2_ch0:32,L2,label_Hqql,2.254789352416992,2.4707980155944824,5.571129057535472
15684,A_protected_highiso,hard_hadron,charged_hadron,2,L2_ch0:32,L2,label_Tbl,2.254789352416992,1.3815550804138184,3.115115685094679
15684,A_protected_highiso,hard_hadron,neutral_hadron,4,L2_ch0:32,L2,label_Hqql,1.5258722305297852,2.4707980155944824,3.77012207924372
15684,A_protected_highiso,hard_hadron,neutral_hadron,4,L2_ch0:32,L2,label_Tbl,1.5258722305297852,1.3815550804138184,2.1080765321507897
15800,A_protected_highiso,particle0_best_lepton,electron,0,L2_ch0:32,L2,label_Hqql,4.538805961608887,1.8995031118392944,8.621476048110821
15800,A_protected_highiso,particle0_best_lepton,electron,0,L2_ch0:32,L2,label_Tbl,4.538805961608887,0.6540615558624268,2.9686584890075665
15800,A_protected_highiso,hardest_hadron,charged_hadron,1,L2_ch0:32,L2,label_Hqql,1.8251457214355469,1.8995031118392944,3.4668699774269953
15800,A_protected_highiso,hardest_hadron,charged_hadron,1,L2_ch0:32,L2,label_Tbl,1.8251457214355469,0.6540615558624268,1.1937576502377851
15800,A_protected_highiso,photon_neighbor,photon,18,L2_ch0:32,L2,label_Hqql,1.4250296354293823,1.8995031118392944,2.706848226961327
15800,A_protected_highiso,photon_neighbor,photon,18,L2_ch0:32,L2,label_Tbl,1.4250296354293823,0.6540615558624268,0.9320571004990086
16360,A_protected_highiso,particle0_best_lepton,muon,0,L2_ch0:32,L2,label_Hqql,4.689213752746582,1.6647464036941528,7.806351731038035
16360,A_protected_highiso,particle0_best_lepton,muon,0,L2_ch0:32,L2,label_Tbl,4.689213752746582,1.7775202989578247,8.335172631659248
16360,A_protected_highiso,photon_neighbor,photon,1,L2_ch0:32,L2,label_Hqql,1.5762343406677246,1.6647464036941528,2.6240304500058187
16360,A_protected_highiso,photon_neighbor,photon,1,L2_ch0:32,L2,label_Tbl,1.5762343406677246,1.7775202989578247,2.8017885364512836
16360,A_protected_highiso,hardest_hadron,charged_hadron,4,L2_ch0:32,L2,label_Hqql,1.1741632223129272,1.6647464036941528,1.9546840016953837
16360,A_protected_highiso,hardest_hadron,charged_hadron,4,L2_ch0:32,L2,label_Tbl,1.1741632223129272,1.7775202989578247,2.0870989619509572
12649,B_confused_highiso,particle0_best_lepton,muon,0,L2_ch0:32,L2,label_Hqql,6.435620307922363,2.2906222343444824,14.74157496912585
12649,B_confused_highiso,particle0_best_lepton,muon,0,L2_ch0:32,L2,label_Tbl,6.435620307922363,2.010364055633545,12.937939742752405
12649,B_confused_highiso,hardest_hadron,charged_hadron,1,L2_ch0:32,L2,label_Hqql,1.4724942445755005,2.2906222343444824,3.3729280565689237
12649,B_confused_highiso,hardest_hadron,charged_hadron,1,L2_ch0:32,L2,label_Tbl,1.4724942445755005,2.010364055633545,2.960249501421856
12649,B_confused_highiso,hadron_neighbor,charged_hadron,29,L2_ch0:32,L2,label_Hqql,1.3139674663543701,2.2906222343444824,3.009803093636606
12649,B_confused_highiso,hadron_neighbor,charged_hadron,29,L2_ch0:32,L2,label_Tbl,1.3139674663543701,2.010364055633545,2.641552964630705
12982,B_confused_highiso,particle0_best_lepton,electron,0,L2_ch0:32,L2,label_Hqql,2.6536848545074463,2.2758705615997314,6.039443240136563
12982,B_confused_highiso,particle0_best_lepton,electron,0,L2_ch0:32,L2,label_Tbl,2.6536848545074463,1.631813406944275,4.330318523390218
12982,B_confused_highiso,hard_hadron,charged_hadron,10,L2_ch0:32,L2,label_Hqql,1.4102476835250854,2.2758705615997314,3.2095411874989566
12982,B_confused_highiso,hard_hadron,charged_hadron,10,L2_ch0:32,L2,label_Tbl,1.4102476835250854,1.631813406944275,2.3012610770883413
12982,B_confused_highiso,hardest_hadron,charged_hadron,1,L2_ch0:32,L2,label_Hqql,1.1633620262145996,2.2758705615997314,2.6476613879448223
12982,B_confused_highiso,hardest_hadron,charged_hadron,1,L2_ch0:32,L2,label_Tbl,1.1633620262145996,1.631813406944275,1.8983897515068406
13045,B_confused_highiso,particle0_best_lepton,electron,0,L2_ch0:32,L2,label_Hqql,3.260887384414673,1.1685600280761719,3.8105426534848448
13045,B_confused_highiso,particle0_best_lepton,electron,0,L2_ch0:32,L2,label_Tbl,3.260887384414673,0.7895190715789795,2.5745327802666793
13045,B_confused_highiso,hardest_hadron,charged_hadron,1,L2_ch0:32,L2,label_Hqql,2.439695358276367,1.1685600280761719,2.850930476364738
13045,B_confused_highiso,hardest_hadron,charged_hadron,1,L2_ch0:32,L2,label_Tbl,2.439695358276367,0.7895190715789795,1.9261860142019032
13045,B_confused_highiso,second_lepton,muon,2,L2_ch0:32,L2,label_Hqql,1.58133065700531,1.1685600280761719,1.8478797969478364
13045,B_confused_highiso,second_lepton,muon,2,L2_ch0:32,L2,label_Tbl,1.58133065700531,0.7895190715789795,1.24849071217821
13583,B_confused_highiso,particle0_best_lepton,electron,0,L2_ch0:32,L2,label_Hqql,2.511446475982666,0.9153740406036377,2.2989129084800197
13583,B_confused_highiso,particle0_best_lepton,electron,0,L2_ch0:32,L2,label_Tbl,2.511446475982666,0.7363471984863281,1.8492965767381975
13583,B_confused_highiso,hadron_neighbor,charged_hadron,19,L2_ch0:32,L2,label_Hqql,1.99484121799469,0.9153740406036377,1.8260258660784814
13583,B_confused_highiso,hadron_neighbor,charged_hadron,19,L2_ch0:32,L2,label_Tbl,1.99484121799469,0.7363471984863281,1.4688957422954445
13583,B_confused_highiso,hard_hadron,charged_hadron,3,L2_ch0:32,L2,label_Hqql,1.697507381439209,0.9153740406036377,1.5538541907025092
13583,B_confused_highiso,hard_hadron,charged_hadron,3,L2_ch0:32,L2,label_Tbl,1.697507381439209,0.7363471984863281,1.2499548047326243
13787,B_confused_highiso,particle0_best_lepton,electron,0,L2_ch0:32,L2,label_Hqql,1.88843834400177,1.7709945440292358,3.34441400396274
13787,B_confused_highiso,particle0_best_lepton,electron,0,L2_ch0:32,L2,label_Tbl,1.88843834400177,1.3667806386947632,2.58108096595042
13787,B_confused_highiso,nearest_hadron_to_best_lepton,charged_hadron,19,L2_ch0:32,L2,label_Hqql,1.2952418327331543,1.7709945440292358,2.2938662189688444
13787,B_confused_highiso,nearest_hadron_to_best_lepton,charged_hadron,19,L2_ch0:32,L2,label_Tbl,1.2952418327331543,1.3667806386947632,1.7703114594071963
13787,B_confused_highiso,hadron_neighbor,charged_hadron,24,L2_ch0:32,L2,label_Hqql,1.0967897176742554,1.7709945440292358,1.9424086059484722
13787,B_confused_highiso,hadron_neighbor,charged_hadron,24,L2_ch0:32,L2,label_Tbl,1.0967897176742554,1.3667806386947632,1.4990709508366677
13997,B_confused_highiso,particle0_best_lepton,muon,0,L2_ch0:32,L2,label_Hqql,2.3650460243225098,2.325456380844116,5.499811368250789
13997,B_confused_highiso,particle0_best_lepton,muon,0,L2_ch0:32,L2,label_Tbl,2.3650460243225098,1.7569701671600342,4.155315308695094
13997,B_confused_highiso,hard_hadron,charged_hadron,7,L2_ch0:32,L2,label_Hqql,1.2037906646728516,2.325456380844116,2.7993626823640625
13997,B_confused_highiso,hard_hadron,charged_hadron,7,L2_ch0:32,L2,label_Tbl,1.2037906646728516,1.7569701671600342,2.1150242853359487
13997,B_confused_highiso,nearest_hadron_to_best_lepton,charged_hadron,18,L2_ch0:32,L2,label_Hqql,1.0276129245758057,2.325456380844116,2.389669032492691
13997,B_confused_highiso,nearest_hadron_to_best_lepton,charged_hadron,18,L2_ch0:32,L2,label_Tbl,1.0276129245758057,1.7569701671600342,1.8054852518677649
14711,B_confused_highiso,particle0_best_lepton,muon,0,L2_ch0:32,L2,label_Hqql,5.1521196365356445,0.710519552230835,3.6606817371909983
14711,B_confused_highiso,particle0_best_lepton,muon,0,L2_ch0:32,L2,label_Tbl,5.1521196365356445,0.7899346351623535,4.069837745399582
14711,B_confused_highiso,hard_hadron,neutral_hadron,4,L2_ch0:32,L2,label_Hqql,2.4308998584747314,0.710519552230835,1.7272018789614663
14711,B_confused_highiso,hard_hadron,neutral_hadron,4,L2_ch0:32,L2,label_Tbl,2.4308998584747314,0.7899346351623535,1.9202519928204538
14711,B_confused_highiso,hadron_neighbor,charged_hadron,23,L2_ch0:32,L2,label_Hqql,2.0513646602630615,0.710519552230835,1.4575346998722694
14711,B_confused_highiso,hadron_neighbor,charged_hadron,23,L2_ch0:32,L2,label_Tbl,2.0513646602630615,0.7899346351623535,1.6204439944898468
15288,B_confused_highiso,particle0_best_lepton,electron,0,L2_ch0:32,L2,label_Hqql,3.727651596069336,1.5011073350906372,5.595605153522001
15288,B_confused_highiso,particle0_best_lepton,electron,0,L2_ch0:32,L2,label_Tbl,3.727651596069336,1.296928882598877,4.834499019208124
15288,B_confused_highiso,hadron_neighbor,charged_hadron,14,L2_ch0:32,L2,label_Hqql,0.8992111682891846,1.5011073350906372,1.3498124805143163
15288,B_confused_highiso,hadron_neighbor,charged_hadron,14,L2_ch0:32,L2,label_Tbl,0.8992111682891846,1.296928882598877,1.1662129357097228
15288,B_confused_highiso,hard_hadron,neutral_hadron,6,L2_ch0:32,L2,label_Hqql,0.5949083566665649,1.5011073350906372,0.8930212978988976
15288,B_confused_highiso,hard_hadron,neutral_hadron,6,L2_ch0:32,L2,label_Tbl,0.5949083566665649,1.296928882598877,0.7715538302603022
15528,B_confused_highiso,particle0,photon,0,L2_ch0:32,L2,label_Hqql,7.809487342834473,0.8360147476196289,6.528846589958448
15528,B_confused_highiso,particle0,photon,0,L2_ch0:32,L2,label_Tbl,7.809487342834473,-0.7462570667266846,-5.827885117102824
15528,B_confused_highiso,hardest_hadron,charged_hadron,1,L2_ch0:32,L2,label_Hqql,2.952491521835327,0.8360147476196289,2.468326454476255
15528,B_confused_highiso,hardest_hadron,charged_hadron,1,L2_ch0:32,L2,label_Tbl,2.952491521835327,-0.7462570667266846,-2.203317662620236
15528,B_confused_highiso,second_lepton,electron,15,L2_ch0:32,L2,label_Hqql,1.9687923192977905,0.8360147476196289,1.6459394139332062
15528,B_confused_highiso,second_lepton,electron,15,L2_ch0:32,L2,label_Tbl,1.9687923192977905,-0.7462570667266846,-1.4692251811931953
15658,B_confused_highiso,particle0_best_lepton,electron,0,L2_ch0:32,L2,label_Hqql,3.5341944694519043,2.0294628143310547,7.17251625436711
15658,B_confused_highiso,particle0_best_lepton,electron,0,L2_ch0:32,L2,label_Tbl,3.5341944694519043,0.8296607136726379,2.932182305783357
15658,B_confused_highiso,hard_hadron,charged_hadron,2,L2_ch0:32,L2,label_Hqql,1.7209187746047974,2.0294628143310547,3.492540659544602
15658,B_confused_highiso,hard_hadron,charged_hadron,2,L2_ch0:32,L2,label_Tbl,1.7209187746047974,0.8296607136726379,1.4277786987112577
15658,B_confused_highiso,second_lepton,muon,5,L2_ch0:32,L2,label_Hqql,1.708573818206787,2.0294628143310547,3.467487029590302
15658,B_confused_highiso,second_lepton,muon,5,L2_ch0:32,L2,label_Tbl,1.708573818206787,0.8296607136726379,1.417536573375827
15893,B_confused_highiso,particle0_best_lepton,electron,0,L2_ch0:32,L2,label_Hqql,2.5594754219055176,1.7288718223571777,4.4250049369481985
15893,B_confused_highiso,particle0_best_lepton,electron,0,L2_ch0:32,L2,label_Tbl,2.5594754219055176,0.9683055877685547,2.4783543527873917
15893,B_confused_highiso,hadron_neighbor,charged_hadron,23,L2_ch0:32,L2,label_Hqql,1.2630544900894165,1.7288718223571777,2.1836593180173054
15893,B_confused_highiso,hadron_neighbor,charged_hadron,23,L2_ch0:32,L2,label_Tbl,1.2630544900894165,0.9683055877685547,1.2230227204097446
15893,B_confused_highiso,hadron_neighbor,neutral_hadron,20,L2_ch0:32,L2,label_Hqql,1.217278242111206,1.7288718223571777,2.1045180527545426
15893,B_confused_highiso,hadron_neighbor,neutral_hadron,20,L2_ch0:32,L2,label_Tbl,1.217278242111206,0.9683055877685547,1.1786973237053644
20480,C_Tbl_correct,particle0_best_lepton,muon,0,L2_ch0:32,L2,label_Hqql,2.54691743850708,3.2944724559783936,8.39074934881262
20480,C_Tbl_correct,particle0_best_lepton,muon,0,L2_ch0:32,L2,label_Tbl,2.54691743850708,1.3067398071289062,3.3281584023679898
20480,C_Tbl_correct,photon_neighbor,photon,12,L2_ch0:32,L2,label_Hqql,1.932411551475525,3.2944724559783936,6.36627662995059
20480,C_Tbl_correct,photon_neighbor,photon,12,L2_ch0:32,L2,label_Tbl,1.932411551475525,1.3067398071289062,2.525159098068798
20480,C_Tbl_correct,photon_neighbor,photon,7,L2_ch0:32,L2,label_Hqql,1.062467336654663,3.2944724559783936,3.5002693759855106
20480,C_Tbl_correct,photon_neighbor,photon,7,L2_ch0:32,L2,label_Tbl,1.062467336654663,1.3067398071289062,1.3883683625808771
20481,C_Tbl_correct,particle0_best_lepton,muon,0,L2_ch0:32,L2,label_Hqql,3.3044896125793457,1.7190771102905273,5.680672454177966
20481,C_Tbl_correct,particle0_best_lepton,muon,0,L2_ch0:32,L2,label_Tbl,3.3044896125793457,1.0185551643371582,3.3658049603911877
20481,C_Tbl_correct,second_lepton,muon,1,L2_ch0:32,L2,label_Hqql,2.176959753036499,1.7190771102905273,3.742361681468765
20481,C_Tbl_correct,second_lepton,muon,1,L2_ch0:32,L2,label_Tbl,2.176959753036499,1.0185551643371582,2.2173535990094706
20481,C_Tbl_correct,hard_hadron,neutral_hadron,8,L2_ch0:32,L2,label_Hqql,0.43296679854393005,1.7190771102905273,0.7443033128926402
20481,C_Tbl_correct,hard_hadron,neutral_hadron,8,L2_ch0:32,L2,label_Tbl,0.43296679854393005,1.0185551643371582,0.44100056864344594
20482,C_Tbl_correct,particle0_best_lepton,muon,0,L2_ch0:32,L2,label_Hqql,2.7815353870391846,1.0632243156433105,2.957396058322388
20482,C_Tbl_correct,particle0_best_lepton,muon,0,L2_ch0:32,L2,label_Tbl,2.7815353870391846,1.0315451622009277,2.869279371990956
20482,C_Tbl_correct,hard_hadron,neutral_hadron,4,L2_ch0:32,L2,label_Hqql,1.8349123001098633,1.0632243156433105,1.9509233745498022
20482,C_Tbl_correct,hard_hadron,neutral_hadron,4,L2_ch0:32,L2,label_Tbl,1.8349123001098633,1.0315451622009277,1.8927949062413063
20482,C_Tbl_correct,second_lepton,muon,2,L2_ch0:32,L2,label_Hqql,1.7196226119995117,1.0632243156433105,1.828344574807943
20482,C_Tbl_correct,second_lepton,muon,2,L2_ch0:32,L2,label_Tbl,1.7196226119995117,1.0315451622009277,1.7738683862194193
20483,C_Tbl_correct,particle0_best_lepton,muon,0,L2_ch0:32,L2,label_Hqql,3.2089693546295166,2.4184460639953613,7.760719305185489
20483,C_Tbl_correct,particle0_best_lepton,muon,0,L2_ch0:32,L2,label_Tbl,3.2089693546295166,2.0908045768737793,6.709327813707091
20483,C_Tbl_correct,hadron_neighbor,charged_hadron,28,L2_ch0:32,L2,label_Hqql,0.6240015029907227,2.4184460639953613,1.509113978835103
20483,C_Tbl_correct,hadron_neighbor,charged_hadron,28,L2_ch0:32,L2,label_Tbl,0.6240015029907227,2.0908045768737793,1.3046651984291202
20483,C_Tbl_correct,nearest_hadron_to_best_lepton,charged_hadron,16,L2_ch0:32,L2,label_Hqql,0.34852784872055054,2.4184460639953613,0.8428958039309862
20483,C_Tbl_correct,nearest_hadron_to_best_lepton,charged_hadron,16,L2_ch0:32,L2,label_Tbl,0.34852784872055054,2.0908045768737793,0.7287036212728992
20484,C_Tbl_correct,second_lepton,muon,3,L2_ch0:32,L2,label_Hqql,2.824721574783325,3.6838884353637695,10.405959142466827
20484,C_Tbl_correct,second_lepton,muon,3,L2_ch0:32,L2,label_Tbl,2.824721574783325,2.6113924980163574,7.3764567293741266
20484,C_Tbl_correct,nearest_hadron_to_best_lepton,charged_hadron,11,L2_ch0:32,L2,label_Hqql,1.891584873199463,3.6838884353637695,6.968387638888544
20484,C_Tbl_correct,nearest_hadron_to_best_lepton,charged_hadron,11,L2_ch0:32,L2,label_Tbl,1.891584873199463,2.6113924980163574,4.9396705472343
20484,C_Tbl_correct,particle0_best_lepton,electron,0,L2_ch0:32,L2,label_Hqql,1.8410964012145996,3.6838884353637695,6.782393740824318
20484,C_Tbl_correct,particle0_best_lepton,electron,0,L2_ch0:32,L2,label_Tbl,1.8410964012145996,2.6113924980163574,4.807825330256719
20485,C_Tbl_correct,particle0_best_lepton,electron,0,L2_ch0:32,L2,label_Hqql,1.784555196762085,0.32867431640625,0.5865374593849992
20485,C_Tbl_correct,particle0_best_lepton,electron,0,L2_ch0:32,L2,label_Tbl,1.784555196762085,0.267816424369812,0.4779331918873879
20485,C_Tbl_correct,second_lepton,muon,6,L2_ch0:32,L2,label_Hqql,1.4777302742004395,0.32867431640625,0.4856919877056498
20485,C_Tbl_correct,second_lepton,muon,6,L2_ch0:32,L2,label_Tbl,1.4777302742004395,0.267816424369812,0.39576043821938356
20485,C_Tbl_correct,hardest_hadron,charged_hadron,1,L2_ch0:32,L2,label_Hqql,0.9391600489616394,0.32867431640625,0.3086777870885271
20485,C_Tbl_correct,hardest_hadron,charged_hadron,1,L2_ch0:32,L2,label_Tbl,0.9391600489616394,0.267816424369812,0.25152248622388385
20486,C_Tbl_correct,particle0,neutral_hadron,0,L2_ch0:32,L2,label_Hqql,1.3043533563613892,0.4071807861328125,0.531107625038203
20486,C_Tbl_correct,particle0,neutral_hadron,0,L2_ch0:32,L2,label_Tbl,1.3043533563613892,0.08282208442687988,0.10802926380304712
20486,C_Tbl_correct,hadron_neighbor,charged_hadron,20,L2_ch0:32,L2,label_Hqql,1.09598708152771,0.4071807861328125,0.4462648814478598
20486,C_Tbl_correct,hadron_neighbor,charged_hadron,20,L2_ch0:32,L2,label_Tbl,1.09598708152771,0.08282208442687988,0.09077193459705768
20486,C_Tbl_correct,best_lepton,muon,1,L2_ch0:32,L2,label_Hqql,0.7658790349960327,0.4071807861328125,0.3118512275523244
20486,C_Tbl_correct,best_lepton,muon,1,L2_ch0:32,L2,label_Tbl,0.7658790349960327,0.08282208442687988,0.06343169809721871
20487,C_Tbl_correct,particle0_best_lepton,muon,0,L2_ch0:32,L2,label_Hqql,4.339211463928223,3.3110437393188477,14.367318951220113
20487,C_Tbl_correct,particle0_best_lepton,muon,0,L2_ch0:32,L2,label_Tbl,4.339211463928223,3.037044048309326,13.178376350878807
20487,C_Tbl_correct,nearest_hadron_to_best_lepton,charged_hadron,19,L2_ch0:32,L2,label_Hqql,0.4555574953556061,3.3110437393188477,1.5083707928969545
20487,C_Tbl_correct,nearest_hadron_to_best_lepton,charged_hadron,19,L2_ch0:32,L2,label_Tbl,0.4555574953556061,3.037044048309326,1.383548179932447
20487,C_Tbl_correct,second_lepton,muon,4,L2_ch0:32,L2,label_Hqql,0.38074493408203125,3.3110437393188477,1.260663130269677
20487,C_Tbl_correct,second_lepton,muon,4,L2_ch0:32,L2,label_Tbl,0.38074493408203125,3.037044048309326,1.1563391359777597
20488,C_Tbl_correct,particle0_best_lepton,muon,0,L2_ch0:32,L2,label_Hqql,1.2939839363098145,1.151660680770874,1.4902304209971362
20488,C_Tbl_correct,particle0_best_lepton,muon,0,L2_ch0:32,L2,label_Tbl,1.2939839363098145,0.678826093673706,0.878390060761717
20488,C_Tbl_correct,nearest_hadron_to_best_lepton,charged_hadron,19,L2_ch0:32,L2,label_Hqql,0.9793384671211243,1.151660680770874,1.1278656057498182
20488,C_Tbl_correct,nearest_hadron_to_best_lepton,charged_hadron,19,L2_ch0:32,L2,label_Tbl,0.9793384671211243,0.678826093673706,0.664800506020228
20488,C_Tbl_correct,hadron_neighbor,charged_hadron,12,L2_ch0:32,L2,label_Hqql,0.782215416431427,1.151660680770874,0.9008467389968899
20488,C_Tbl_correct,hadron_neighbor,charged_hadron,12,L2_ch0:32,L2,label_Tbl,0.782215416431427,0.678826093673706,0.5309882355474969
20489,C_Tbl_correct,particle0_best_lepton,electron,0,L2_ch0:32,L2,label_Hqql,3.097012996673584,0.9184703826904297,2.844514712252021
20489,C_Tbl_correct,particle0_best_lepton,electron,0,L2_ch0:32,L2,label_Tbl,3.097012996673584,0.8691284656524658,2.6917021539046573
20489,C_Tbl_correct,second_lepton,muon,2,L2_ch0:32,L2,label_Hqql,1.4072697162628174,0.9184703826904297,1.2925355548445623
20489,C_Tbl_correct,second_lepton,muon,2,L2_ch0:32,L2,label_Tbl,1.4072697162628174,0.8691284656524658,1.2230981692546834
20489,C_Tbl_correct,hardest_hadron,charged_hadron,1,L2_ch0:32,L2,label_Hqql,0.7367196679115295,0.9184703826904297,0.6766551953222688
20489,C_Tbl_correct,hardest_hadron,charged_hadron,1,L2_ch0:32,L2,label_Tbl,0.7367196679115295,0.8691284656524658,0.6403040345879418
20490,C_Tbl_correct,particle0_best_lepton,muon,0,L2_ch0:32,L2,label_Hqql,2.8914546966552734,0.906916618347168,2.622308315594637
20490,C_Tbl_correct,particle0_best_lepton,muon,0,L2_ch0:32,L2,label_Tbl,2.8914546966552734,0.6302738189697266,1.8224081940388714
20490,C_Tbl_correct,hadron_neighbor,charged_hadron,17,L2_ch0:32,L2,label_Hqql,0.3974737226963043,0.906916618347168,0.3604755244695923
20490,C_Tbl_correct,hadron_neighbor,charged_hadron,17,L2_ch0:32,L2,label_Tbl,0.3974737226963043,0.6302738189697266,0.2505172811439138
20490,C_Tbl_correct,hardest_hadron,charged_hadron,1,L2_ch0:32,L2,label_Hqql,0.3239472210407257,0.906916618347168,0.2937931182292175
20490,C_Tbl_correct,hardest_hadron,charged_hadron,1,L2_ch0:32,L2,label_Tbl,0.3239472210407257,0.6302738189697266,0.20417545214996835
20491,C_Tbl_correct,particle0_best_lepton,muon,0,L2_ch0:32,L2,label_Hqql,3.377117872238159,2.54440975189209,8.592771647411837
20491,C_Tbl_correct,particle0_best_lepton,muon,0,L2_ch0:32,L2,label_Tbl,3.377117872238159,2.26666259765625,7.654786768878694
20491,C_Tbl_correct,hadron_neighbor,charged_hadron,10,L2_ch0:32,L2,label_Hqql,0.5788792371749878,2.54440975189209,1.472905976235893
20491,C_Tbl_correct,hadron_neighbor,charged_hadron,10,L2_ch0:32,L2,label_Tbl,0.5788792371749878,2.26666259765625,1.3121239154643263
20491,C_Tbl_correct,hadron_neighbor,charged_hadron,18,L2_ch0:32,L2,label_Hqql,0.4102681577205658,2.54440975189209,1.0438903013950096
20491,C_Tbl_correct,hadron_neighbor,charged_hadron,18,L2_ch0:32,L2,label_Tbl,0.4102681577205658,2.26666259765625,0.9299394881145417
20492,C_Tbl_correct,particle0_best_lepton,muon,0,L2_ch0:32,L2,label_Hqql,8.313467025756836,1.0373966693878174,8.624363003585586
20492,C_Tbl_correct,particle0_best_lepton,muon,0,L2_ch0:32,L2,label_Tbl,8.313467025756836,0.9721590280532837,8.082012023512789
20492,C_Tbl_correct,hardest_hadron,charged_hadron,1,L2_ch0:32,L2,label_Hqql,1.82474684715271,1.0373966693878174,1.892986301712142
20492,C_Tbl_correct,hardest_hadron,charged_hadron,1,L2_ch0:32,L2,label_Tbl,1.82474684715271,0.9721590280532837,1.7739441213712723
20492,C_Tbl_correct,hard_hadron,charged_hadron,9,L2_ch0:32,L2,label_Hqql,1.5751378536224365,1.0373966693878174,1.634042763174591
20492,C_Tbl_correct,hard_hadron,charged_hadron,9,L2_ch0:32,L2,label_Tbl,1.5751378536224365,0.9721590280532837,1.5312844848275233
20493,C_Tbl_correct,particle0_best_lepton,electron,0,L2_ch0:32,L2,label_Hqql,2.3443150520324707,1.434478998184204,3.362870707267689
20493,C_Tbl_correct,particle0_best_lepton,electron,0,L2_ch0:32,L2,label_Tbl,2.3443150520324707,0.7896146774291992,1.8511055736030357
20493,C_Tbl_correct,second_lepton,muon,1,L2_ch0:32,L2,label_Hqql,1.589080810546875,1.434478998184204,2.2795030491470243
20493,C_Tbl_correct,second_lepton,muon,1,L2_ch0:32,L2,label_Tbl,1.589080810546875,0.7896146774291992,1.2547615316289011
20493,C_Tbl_correct,photon_neighbor,photon,7,L2_ch0:32,L2,label_Hqql,0.9157668948173523,1.434478998184204,1.313648377847855
20493,C_Tbl_correct,photon_neighbor,photon,7,L2_ch0:32,L2,label_Tbl,0.9157668948173523,0.7896146774291992,0.723102981251543
20494,C_Tbl_correct,particle0_best_lepton,muon,0,L2_ch0:32,L2,label_Hqql,2.8633744716644287,2.9471306800842285,8.438738754012206
20494,C_Tbl_correct,particle0_best_lepton,muon,0,L2_ch0:32,L2,label_Tbl,2.8633744716644287,2.318308115005493,6.638184273959212
20494,C_Tbl_correct,photon_neighbor,photon,9,L2_ch0:32,L2,label_Hqql,0.6017403602600098,2.9471306800842285,1.7734074771672113
20494,C_Tbl_correct,photon_neighbor,photon,9,L2_ch0:32,L2,label_Tbl,0.6017403602600098,2.318308115005493,1.3950195603171096
20494,C_Tbl_correct,nearest_hadron_to_best_lepton,charged_hadron,8,L2_ch0:32,L2,label_Hqql,0.5249078273773193,2.9471306800842285,1.546971962280054
20494,C_Tbl_correct,nearest_hadron_to_best_lepton,charged_hadron,8,L2_ch0:32,L2,label_Tbl,0.5249078273773193,2.318308115005493,1.216898075838742
20495,C_Tbl_correct,nearest_hadron_to_best_lepton,charged_hadron,5,L2_ch0:32,L2,label_Hqql,1.9777748584747314,1.4386481046676636,2.845322051604029
20495,C_Tbl_correct,nearest_hadron_to_best_lepton,charged_hadron,5,L2_ch0:32,L2,label_Tbl,1.9777748584747314,0.8292474746704102,1.640064806856799
20495,C_Tbl_correct,hard_hadron,charged_hadron,1,L2_ch0:32,L2,label_Hqql,1.9005123376846313,1.4386481046676636,2.7341684725075055
20495,C_Tbl_correct,hard_hadron,charged_hadron,1,L2_ch0:32,L2,label_Tbl,1.9005123376846313,0.8292474746704102,1.5759950566049383
20495,C_Tbl_correct,best_lepton,electron,2,L2_ch0:32,L2,label_Hqql,1.8760185241699219,1.4386481046676636,2.6989304941184855
20495,C_Tbl_correct,best_lepton,electron,2,L2_ch0:32,L2,label_Tbl,1.8760185241699219,0.8292474746704102,1.5556836236028175
20496,C_Tbl_correct,particle0_best_lepton,electron,0,L2_ch0:32,L2,label_Hqql,3.706045627593994,3.289733409881592,12.191902119641554
20496,C_Tbl_correct,particle0_best_lepton,electron,0,L2_ch0:32,L2,label_Tbl,3.706045627593994,2.866807460784912,10.624519255195764
20496,C_Tbl_correct,hard_hadron,charged_hadron,9,L2_ch0:32,L2,label_Hqql,0.6562788486480713,3.289733409881592,2.1589824545961847
20496,C_Tbl_correct,hard_hadron,charged_hadron,9,L2_ch0:32,L2,label_Tbl,0.6562788486480713,2.866807460784912,1.881425099659623
20496,C_Tbl_correct,nearest_hadron_to_best_lepton,charged_hadron,24,L2_ch0:32,L2,label_Hqql,0.6396151781082153,3.289733409881592,2.104163420889961
20496,C_Tbl_correct,nearest_hadron_to_best_lepton,charged_hadron,24,L2_ch0:32,L2,label_Tbl,0.6396151781082153,2.866807460784912,1.833653564631902
20497,C_Tbl_correct,particle0_best_lepton,muon,0,L2_ch0:32,L2,label_Hqql,2.584942579269409,3.7702503204345703,9.745880587795455
20497,C_Tbl_correct,particle0_best_lepton,muon,0,L2_ch0:32,L2,label_Tbl,2.584942579269409,3.0373311042785645,7.851326498789035
20497,C_Tbl_correct,hardest_hadron,charged_hadron,1,L2_ch0:32,L2,label_Hqql,2.1363067626953125,3.7702503204345703,8.054411256598542
20497,C_Tbl_correct,hardest_hadron,charged_hadron,1,L2_ch0:32,L2,label_Tbl,2.1363067626953125,3.0373311042785645,6.488670978615119
20497,C_Tbl_correct,photon_neighbor,photon,10,L2_ch0:32,L2,label_Hqql,1.5190892219543457,3.7702503204345703,5.727346625842074
20497,C_Tbl_correct,photon_neighbor,photon,10,L2_ch0:32,L2,label_Tbl,1.5190892219543457,3.0373311042785645,4.613976944016258
20498,C_Tbl_correct,best_lepton,muon,1,L2_ch0:32,L2,label_Hqql,2.1265389919281006,2.099301815032959,4.4642471654930205
20498,C_Tbl_correct,best_lepton,muon,1,L2_ch0:32,L2,label_Tbl,2.1265389919281006,0.9963347911834717,2.1187447824661945
20498,C_Tbl_correct,particle0,charged_hadron,0,L2_ch0:32,L2,label_Hqql,1.1351145505905151,2.099301815032959,2.38294803632499
20498,C_Tbl_correct,particle0,charged_hadron,0,L2_ch0:32,L2,label_Tbl,1.1351145505905151,0.9963347911834717,1.1309541187319212
20498,C_Tbl_correct,hard_hadron,charged_hadron,2,L2_ch0:32,L2,label_Hqql,1.0370405912399292,2.099301815032959,2.1770611954528363
20498,C_Tbl_correct,hard_hadron,charged_hadron,2,L2_ch0:32,L2,label_Tbl,1.0370405912399292,0.9963347911834717,1.0332396209218189
20499,C_Tbl_correct,best_lepton,electron,1,L2_ch0:32,L2,label_Hqql,2.186253309249878,1.047309160232544,2.28968311736611
20499,C_Tbl_correct,best_lepton,electron,1,L2_ch0:32,L2,label_Tbl,2.186253309249878,0.5922887325286865,1.2948932015222567
20499,C_Tbl_correct,particle0,neutral_hadron,0,L2_ch0:32,L2,label_Hqql,0.7117677330970764,1.047309160232544,0.7454408668305206
20499,C_Tbl_correct,particle0,neutral_hadron,0,L2_ch0:32,L2,label_Tbl,0.7117677330970764,0.5922887325286865,0.42157200849088383
20499,C_Tbl_correct,hard_hadron,charged_hadron,2,L2_ch0:32,L2,label_Hqql,0.4219897389411926,1.047309160232544,0.4419537191172509
20499,C_Tbl_correct,hard_hadron,charged_hadron,2,L2_ch0:32,L2,label_Tbl,0.4219897389411926,0.5922887325286865,0.2499397676175903
20500,C_Tbl_correct,particle0_best_lepton,electron,0,L2_ch0:32,L2,label_Hqql,6.88744592666626,1.00117826461792,6.895561160509487
20500,C_Tbl_correct,particle0_best_lepton,electron,0,L2_ch0:32,L2,label_Tbl,6.88744592666626,1.9915759563446045,13.716871708172107
20500,C_Tbl_correct,hardest_hadron,charged_hadron,1,L2_ch0:32,L2,label_Hqql,1.6827356815338135,1.00117826461792,1.6847183894486761
20500,C_Tbl_correct,hardest_hadron,charged_hadron,1,L2_ch0:32,L2,label_Tbl,1.6827356815338135,1.9915759563446045,3.3512959242258944
20500,C_Tbl_correct,hard_hadron,charged_hadron,6,L2_ch0:32,L2,label_Hqql,1.1491122245788574,1.00117826461792,1.150466182855098
20500,C_Tbl_correct,hard_hadron,charged_hadron,6,L2_ch0:32,L2,label_Tbl,1.1491122245788574,1.9915759563446045,2.288544277612914
20501,C_Tbl_correct,particle0_best_lepton,electron,0,L2_ch0:32,L2,label_Hqql,6.700480937957764,1.2242755889892578,8.203235246829536
20501,C_Tbl_correct,particle0_best_lepton,electron,0,L2_ch0:32,L2,label_Tbl,6.700480937957764,2.0160839557647705,13.508732114924328
20501,C_Tbl_correct,hardest_hadron,charged_hadron,1,L2_ch0:32,L2,label_Hqql,0.7241267561912537,1.2242755889892578,0.8865307109389278
20501,C_Tbl_correct,hardest_hadron,charged_hadron,1,L2_ch0:32,L2,label_Tbl,0.7241267561912537,2.0160839557647705,1.4599003350971742
20501,C_Tbl_correct,hard_hadron,neutral_hadron,9,L2_ch0:32,L2,label_Hqql,0.6099982261657715,1.2242755889892578,0.7468059376215024
20501,C_Tbl_correct,hard_hadron,neutral_hadron,9,L2_ch0:32,L2,label_Tbl,0.6099982261657715,2.0160839557647705,1.2298076368177817
20502,C_Tbl_correct,particle0_best_lepton,muon,0,L2_ch0:32,L2,label_Hqql,4.877665996551514,1.5479927062988281,7.550591386423548
20502,C_Tbl_correct,particle0_best_lepton,muon,0,L2_ch0:32,L2,label_Tbl,4.877665996551514,1.7265756130218506,8.421659158111765
20502,C_Tbl_correct,hard_hadron,charged_hadron,8,L2_ch0:32,L2,label_Hqql,1.984225869178772,1.5479927062988281,3.0715671731381917
20502,C_Tbl_correct,hard_hadron,charged_hadron,8,L2_ch0:32,L2,label_Tbl,1.984225869178772,1.7265756130218506,3.4259159964511525
20502,C_Tbl_correct,hadron_neighbor,charged_hadron,12,L2_ch0:32,L2,label_Hqql,0.6163966655731201,1.5479927062988281,0.9541775424941079
20502,C_Tbl_correct,hadron_neighbor,charged_hadron,12,L2_ch0:32,L2,label_Tbl,0.6163966655731201,1.7265756130218506,1.0642554507265345
20503,C_Tbl_correct,best_lepton,electron,4,L2_ch0:32,L2,label_Hqql,1.985292673110962,0.6314921379089355,1.2536967145177869
20503,C_Tbl_correct,best_lepton,electron,4,L2_ch0:32,L2,label_Tbl,1.985292673110962,0.6014561653137207,1.1940665181947452
20503,C_Tbl_correct,hard_hadron,charged_hadron,5,L2_ch0:32,L2,label_Hqql,0.6443760395050049,0.6314921379089355,0.40691840280430824
20503,C_Tbl_correct,hard_hadron,charged_hadron,5,L2_ch0:32,L2,label_Tbl,0.6443760395050049,0.6014561653137207,0.38756394174072284
20503,C_Tbl_correct,photon_neighbor,photon,2,L2_ch0:32,L2,label_Hqql,0.5739469528198242,0.6314921379089355,0.36244298828250976
20503,C_Tbl_correct,photon_neighbor,photon,2,L2_ch0:32,L2,label_Tbl,0.5739469528198242,0.6014561653137207,0.34520393333650645
20504,C_Tbl_correct,best_lepton,electron,1,L2_ch0:32,L2,label_Hqql,1.7767542600631714,1.1073535680770874,1.967495169477118
20504,C_Tbl_correct,best_lepton,electron,1,L2_ch0:32,L2,label_Tbl,1.7767542600631714,0.3526723384857178,0.6266120798109398
20504,C_Tbl_correct,hadron_neighbor,charged_hadron,17,L2_ch0:32,L2,label_Hqql,1.3293596506118774,1.1073535680770874,1.4720711523627728
20504,C_Tbl_correct,hadron_neighbor,charged_hadron,17,L2_ch0:32,L2,label_Tbl,1.3293596506118774,0.3526723384857178,0.46882837666984756
20504,C_Tbl_correct,hadron_neighbor,charged_hadron,21,L2_ch0:32,L2,label_Hqql,0.944193422794342,1.1073535680770874,1.0455559556862326
20504,C_Tbl_correct,hadron_neighbor,charged_hadron,21,L2_ch0:32,L2,label_Tbl,0.944193422794342,0.3526723384857178,0.33299090239971463
20505,C_Tbl_correct,particle0_best_lepton,muon,0,L2_ch0:32,L2,label_Hqql,1.3562582731246948,0.6181178092956543,0.8383273926229435
20505,C_Tbl_correct,particle0_best_lepton,muon,0,L2_ch0:32,L2,label_Tbl,1.3562582731246948,0.5286557674407959,0.7169937582266641
20505,C_Tbl_correct,hardest_hadron,charged_hadron,1,L2_ch0:32,L2,label_Hqql,0.5132602453231812,0.6181178092956543,0.3172552984377148
20505,C_Tbl_correct,hardest_hadron,charged_hadron,1,L2_ch0:32,L2,label_Tbl,0.5132602453231812,0.5286557674407959,0.2713379888881775
20505,C_Tbl_correct,photon_neighbor,photon,7,L2_ch0:32,L2,label_Hqql,0.38553762435913086,0.6181178092956543,0.23830767176991685
20505,C_Tbl_correct,photon_neighbor,photon,7,L2_ch0:32,L2,label_Tbl,0.38553762435913086,0.5286557674407959,0.2038166886828776
20506,C_Tbl_correct,particle0_best_lepton,muon,0,L2_ch0:32,L2,label_Hqql,1.113093614578247,0.9450855255126953,1.0519686636785082
20506,C_Tbl_correct,particle0_best_lepton,muon,0,L2_ch0:32,L2,label_Tbl,1.113093614578247,0.3881920576095581,0.43209410055519015
20506,C_Tbl_correct,nearest_hadron_to_best_lepton,charged_hadron,13,L2_ch0:32,L2,label_Hqql,1.0314573049545288,0.9450855255126953,0.9748153690968593
20506,C_Tbl_correct,nearest_hadron_to_best_lepton,charged_hadron,13,L2_ch0:32,L2,label_Tbl,1.0314573049545288,0.3881920576095581,0.400403533546708
20506,C_Tbl_correct,hardest_hadron,charged_hadron,1,L2_ch0:32,L2,label_Hqql,0.9485244750976562,0.9450855255126953,0.8964367520093219
20506,C_Tbl_correct,hardest_hadron,charged_hadron,1,L2_ch0:32,L2,label_Tbl,0.9485244750976562,0.3881920576095581,0.36820966768118524
20507,C_Tbl_correct,particle0_best_lepton,muon,0,L2_ch0:32,L2,label_Hqql,1.6786025762557983,1.4114351272583008,2.3692386408337143
20507,C_Tbl_correct,particle0_best_lepton,muon,0,L2_ch0:32,L2,label_Tbl,1.6786025762557983,0.7876735329627991,1.322190821679861
20507,C_Tbl_correct,hadron_neighbor,charged_hadron,24,L2_ch0:32,L2,label_Hqql,1.1604163646697998,1.4114351272583008,1.6378524193403337
20507,C_Tbl_correct,hadron_neighbor,charged_hadron,24,L2_ch0:32,L2,label_Tbl,1.1604163646697998,0.7876735329627991,0.914029257667309
20507,C_Tbl_correct,hadron_neighbor,charged_hadron,30,L2_ch0:32,L2,label_Hqql,1.1453173160552979,1.4114351272583008,1.6165410917376448
20507,C_Tbl_correct,hadron_neighbor,charged_hadron,30,L2_ch0:32,L2,label_Tbl,1.1453173160552979,0.7876735329627991,0.9021361367007472
20508,C_Tbl_correct,particle0_best_lepton,muon,0,L2_ch0:32,L2,label_Hqql,3.1828999519348145,1.124985694885254,3.5807169141776285
20508,C_Tbl_correct,particle0_best_lepton,muon,0,L2_ch0:32,L2,label_Tbl,3.1828999519348145,1.0367517471313477,3.2998770861127014
20508,C_Tbl_correct,hardest_hadron,charged_hadron,2,L2_ch0:32,L2,label_Hqql,0.8531050682067871,1.124985694885254,0.9597309979667443
20508,C_Tbl_correct,hardest_hadron,charged_hadron,2,L2_ch0:32,L2,label_Tbl,0.8531050682067871,1.0367517471313477,0.884458169949994
20508,C_Tbl_correct,hard_hadron,charged_hadron,5,L2_ch0:32,L2,label_Hqql,0.6397902369499207,1.124985694885254,0.7197548642959077
20508,C_Tbl_correct,hard_hadron,charged_hadron,5,L2_ch0:32,L2,label_Tbl,0.6397902369499207,1.0367517471313477,0.6633036459554091
20509,C_Tbl_correct,second_lepton,electron,4,L2_ch0:32,L2,label_Hqql,3.394627094268799,0.9849929809570312,3.3436838608213293
20509,C_Tbl_correct,second_lepton,electron,4,L2_ch0:32,L2,label_Tbl,3.394627094268799,1.2094420194625854,4.1056046482148645
20509,C_Tbl_correct,best_lepton,muon,1,L2_ch0:32,L2,label_Hqql,2.458733558654785,0.9849929809570312,2.4218352973184665
20509,C_Tbl_correct,best_lepton,muon,1,L2_ch0:32,L2,label_Tbl,2.458733558654785,1.2094420194625854,2.9736956804998727
20509,C_Tbl_correct,particle0,charged_hadron,0,L2_ch0:32,L2,label_Hqql,1.4752001762390137,0.9849929809570312,1.453061819102004
20509,C_Tbl_correct,particle0,charged_hadron,0,L2_ch0:32,L2,label_Tbl,1.4752001762390137,1.2094420194625854,1.7841690802620747
20510,C_Tbl_correct,particle0_best_lepton,muon,0,L2_ch0:32,L2,label_Hqql,3.0557303428649902,1.1189106702804565,3.4190892861313955
20510,C_Tbl_correct,particle0_best_lepton,muon,0,L2_ch0:32,L2,label_Tbl,3.0557303428649902,0.5622375011444092,1.7180461921435608
20510,C_Tbl_correct,hadron_neighbor,charged_hadron,11,L2_ch0:32,L2,label_Hqql,0.5412821769714355,1.1189106702804565,0.6056464034459736
20510,C_Tbl_correct,hadron_neighbor,charged_hadron,11,L2_ch0:32,L2,label_Tbl,0.5412821769714355,0.5622375011444092,0.3043291385944258
20510,C_Tbl_correct,hard_hadron,charged_hadron,6,L2_ch0:32,L2,label_Hqql,0.5391829013824463,1.1189106702804565,0.6032975015895943
20510,C_Tbl_correct,hard_hadron,charged_hadron,6,L2_ch0:32,L2,label_Tbl,0.5391829013824463,0.5622375011444092,0.303148847133059
20511,C_Tbl_correct,particle0_best_lepton,muon,0,L2_ch0:32,L2,label_Hqql,6.521340370178223,1.1691303253173828,7.624296788491847
20511,C_Tbl_correct,particle0_best_lepton,muon,0,L2_ch0:32,L2,label_Tbl,6.521340370178223,1.794689655303955,11.703782101074921
20511,C_Tbl_correct,hard_hadron,charged_hadron,2,L2_ch0:32,L2,label_Hqql,2.0493972301483154,1.1691303253173828,2.3960124503878433
20511,C_Tbl_correct,hard_hadron,charged_hadron,2,L2_ch0:32,L2,label_Tbl,2.0493972301483154,1.794689655303955,3.6780320085557605
20511,C_Tbl_correct,photon_neighbor,photon,7,L2_ch0:32,L2,label_Hqql,1.8776862621307373,1.1691303253173828,2.1952599504888894
20511,C_Tbl_correct,photon_neighbor,photon,7,L2_ch0:32,L2,label_Tbl,1.8776862621307373,1.794689655303955,3.3698641105523848
20512,C_Tbl_correct,best_lepton,muon,1,L2_ch0:32,L2,label_Hqql,1.9244799613952637,0.5868420004844666,1.1293656704374655
20512,C_Tbl_correct,best_lepton,muon,1,L2_ch0:32,L2,label_Tbl,1.9244799613952637,0.7645077705383301,1.4712798847319846
20512,C_Tbl_correct,nearest_hadron_to_best_lepton,charged_hadron,5,L2_ch0:32,L2,label_Hqql,0.7379975318908691,0.5868420004844666,0.43308794796743655
20512,C_Tbl_correct,nearest_hadron_to_best_lepton,charged_hadron,5,L2_ch0:32,L2,label_Tbl,0.7379975318908691,0.7645077705383301,0.5642048477686785
20512,C_Tbl_correct,particle0,photon,0,L2_ch0:32,L2,label_Hqql,0.655936598777771,0.5868420004844666,0.38493114581772403
20512,C_Tbl_correct,particle0,photon,0,L2_ch0:32,L2,label_Tbl,0.655936598777771,0.7645077705383301,0.5014686267460888
20513,C_Tbl_correct,particle0_best_lepton,electron,0,L2_ch0:32,L2,label_Hqql,2.8589987754821777,4.101130485534668,11.725127036236245
20513,C_Tbl_correct,particle0_best_lepton,electron,0,L2_ch0:32,L2,label_Tbl,2.8589987754821777,3.371398448944092,9.638824037193672
20513,C_Tbl_correct,hard_hadron,charged_hadron,3,L2_ch0:32,L2,label_Hqql,1.0553172826766968,4.101130485534668,4.327993879897008
20513,C_Tbl_correct,hard_hadron,charged_hadron,3,L2_ch0:32,L2,label_Tbl,1.0553172826766968,3.371398448944092,3.557895049960109
20513,C_Tbl_correct,hadron_neighbor,charged_hadron,16,L2_ch0:32,L2,label_Hqql,0.3927130401134491,4.101130485534668,1.610567420876265
20513,C_Tbl_correct,hadron_neighbor,charged_hadron,16,L2_ch0:32,L2,label_Tbl,0.3927130401134491,3.371398448944092,1.3239921343186012
20514,C_Tbl_correct,photon_neighbor,photon,16,L2_ch0:32,L2,label_Hqql,1.830850601196289,2.0181121826171875,3.694861902826233
20514,C_Tbl_correct,photon_neighbor,photon,16,L2_ch0:32,L2,label_Tbl,1.830850601196289,1.495856761932373,2.7386902518874194
20514,C_Tbl_correct,particle0_best_lepton,muon,0,L2_ch0:32,L2,label_Hqql,1.8003498315811157,2.0181121826171875,3.6333079280866514
20514,C_Tbl_correct,particle0_best_lepton,muon,0,L2_ch0:32,L2,label_Tbl,1.8003498315811157,1.495856761932373,2.693065469414421
20514,C_Tbl_correct,hardest_hadron,charged_hadron,1,L2_ch0:32,L2,label_Hqql,0.5015918016433716,2.0181121826171875,1.012268525597392
20514,C_Tbl_correct,hardest_hadron,charged_hadron,1,L2_ch0:32,L2,label_Tbl,0.5015918016433716,1.495856761932373,0.750309488218079
20515,C_Tbl_correct,particle0_best_lepton,muon,0,L2_ch0:32,L2,label_Hqql,2.8579485416412354,2.147472381591797,6.137365561185106
20515,C_Tbl_correct,particle0_best_lepton,muon,0,L2_ch0:32,L2,label_Tbl,2.8579485416412354,1.6839275360107422,4.8125782457714195
20515,C_Tbl_correct,hard_hadron,charged_hadron,4,L2_ch0:32,L2,label_Hqql,0.5351090431213379,2.147472381591797,1.149131891243087
20515,C_Tbl_correct,hard_hadron,charged_hadron,4,L2_ch0:32,L2,label_Tbl,0.5351090431213379,1.6839275360107422,0.9010848524803805
20515,C_Tbl_correct,hardest_hadron,charged_hadron,1,L2_ch0:32,L2,label_Hqql,0.301261305809021,2.147472381591797,0.646950333867153
20515,C_Tbl_correct,hardest_hadron,charged_hadron,1,L2_ch0:32,L2,label_Tbl,0.301261305809021,1.6839275360107422,0.5073022083863634
20516,C_Tbl_correct,particle0_best_lepton,electron,0,L2_ch0:32,L2,label_Hqql,4.757264614105225,7.226314544677734,34.377490473789294
20516,C_Tbl_correct,particle0_best_lepton,electron,0,L2_ch0:32,L2,label_Tbl,4.757264614105225,6.750469207763672,32.113768290701046
20516,C_Tbl_correct,hardest_hadron,charged_hadron,1,L2_ch0:32,L2,label_Hqql,1.836013674736023,7.226314544677734,13.267612321972138
20516,C_Tbl_correct,hardest_hadron,charged_hadron,1,L2_ch0:32,L2,label_Tbl,1.836013674736023,6.750469207763672,12.393953776338549
20516,C_Tbl_correct,hadron_neighbor,charged_hadron,7,L2_ch0:32,L2,label_Hqql,1.6113450527191162,7.226314544677734,11.64408619095866
20516,C_Tbl_correct,hadron_neighbor,charged_hadron,7,L2_ch0:32,L2,label_Tbl,1.6113450527191162,6.750469207763672,10.877335161462724
20517,C_Tbl_correct,best_lepton,muon,2,L2_ch0:32,L2,label_Hqql,2.040363073348999,1.022292137145996,2.085847126807721
20517,C_Tbl_correct,best_lepton,muon,2,L2_ch0:32,L2,label_Tbl,2.040363073348999,0.6057958602905273,1.2360435033244812
20517,C_Tbl_correct,second_lepton,electron,6,L2_ch0:32,L2,label_Hqql,0.9539876580238342,1.022292137145996,0.9752540817320892
20517,C_Tbl_correct,second_lepton,electron,6,L2_ch0:32,L2,label_Tbl,0.9539876580238342,0.6057958602905273,0.5779217739990941
20517,C_Tbl_correct,hard_hadron,charged_hadron,4,L2_ch0:32,L2,label_Hqql,0.6153474450111389,1.022292137145996,0.6290648546477655
20517,C_Tbl_correct,hard_hadron,charged_hadron,4,L2_ch0:32,L2,label_Tbl,0.6153474450111389,0.6057958602905273,0.37277493482810087
20518,C_Tbl_correct,best_lepton,muon,1,L2_ch0:32,L2,label_Hqql,2.2463202476501465,1.194486141204834,2.6831984045259105
20518,C_Tbl_correct,best_lepton,muon,1,L2_ch0:32,L2,label_Tbl,2.2463202476501465,0.5687050819396973,1.2774937405026776
20518,C_Tbl_correct,nearest_hadron_to_best_lepton,charged_hadron,4,L2_ch0:32,L2,label_Hqql,1.5163064002990723,1.194486141204834,1.8112069809774312
20518,C_Tbl_correct,nearest_hadron_to_best_lepton,charged_hadron,4,L2_ch0:32,L2,label_Tbl,1.5163064002990723,0.5687050819396973,0.8623311556277713
20518,C_Tbl_correct,second_lepton,electron,2,L2_ch0:32,L2,label_Hqql,1.458898901939392,1.194486141204834,1.742634519785554
20518,C_Tbl_correct,second_lepton,electron,2,L2_ch0:32,L2,label_Tbl,1.458898901939392,0.5687050819396973,0.8296832195691763
20519,C_Tbl_correct,particle0_best_lepton,muon,0,L2_ch0:32,L2,label_Hqql,2.946697950363159,1.0995935201644897,3.240169972101313
20519,C_Tbl_correct,particle0_best_lepton,muon,0,L2_ch0:32,L2,label_Tbl,2.946697950363159,0.7897987365722656,2.327298318256908
20519,C_Tbl_correct,hard_hadron,charged_hadron,4,L2_ch0:32,L2,label_Hqql,0.7973901033401489,1.0995935201644897,0.8768049906761206
20519,C_Tbl_correct,hard_hadron,charged_hadron,4,L2_ch0:32,L2,label_Tbl,0.7973901033401489,0.7897987365722656,0.629777696173278
20519,C_Tbl_correct,hard_hadron,charged_hadron,6,L2_ch0:32,L2,label_Hqql,0.5408409833908081,1.0995935201644897,0.594705240775923
20519,C_Tbl_correct,hard_hadron,charged_hadron,6,L2_ch0:32,L2,label_Tbl,0.5408409833908081,0.7897987365722656,0.42715552536856194
20520,C_Tbl_correct,particle0_best_lepton,muon,0,L2_ch0:32,L2,label_Hqql,2.4488613605499268,3.56290340423584,8.725056478004944
20520,C_Tbl_correct,particle0_best_lepton,muon,0,L2_ch0:32,L2,label_Tbl,2.4488613605499268,2.4346675872802734,5.962163380273978
20520,C_Tbl_correct,second_lepton,muon,6,L2_ch0:32,L2,label_Hqql,1.5357836484909058,3.56290340423584,5.471848789377987
20520,C_Tbl_correct,second_lepton,muon,6,L2_ch0:32,L2,label_Tbl,1.5357836484909058,2.4346675872802734,3.739122670055849
20520,C_Tbl_correct,hardest_hadron,charged_hadron,1,L2_ch0:32,L2,label_Hqql,1.0205591917037964,3.56290340423584,3.6361538183456332
20520,C_Tbl_correct,hardest_hadron,charged_hadron,1,L2_ch0:32,L2,label_Tbl,1.0205591917037964,2.4346675872802734,2.484722384942188
20521,C_Tbl_correct,best_lepton,muon,1,L2_ch0:32,L2,label_Hqql,2.7937302589416504,2.6845765113830566,7.499982632294859
20521,C_Tbl_correct,best_lepton,muon,1,L2_ch0:32,L2,label_Tbl,2.7937302589416504,2.0837302207946777,5.821380169305257
20521,C_Tbl_correct,particle0,photon,0,L2_ch0:32,L2,label_Hqql,0.8160848021507263,2.6845765113830566,2.190842091150529
20521,C_Tbl_correct,particle0,photon,0,L2_ch0:32,L2,label_Tbl,0.8160848021507263,2.0837302207946777,1.7005005649727138
20521,C_Tbl_correct,hardest_hadron,charged_hadron,2,L2_ch0:32,L2,label_Hqql,0.7152701020240784,2.6845765113830566,1.9201973151884033
20521,C_Tbl_correct,hardest_hadron,charged_hadron,2,L2_ch0:32,L2,label_Tbl,0.7152701020240784,2.0837302207946777,1.4904299276184645
20522,C_Tbl_correct,particle0_best_lepton,muon,0,L2_ch0:32,L2,label_Hqql,3.3819854259490967,1.8167991638183594,6.144388293910197
20522,C_Tbl_correct,particle0_best_lepton,muon,0,L2_ch0:32,L2,label_Tbl,3.3819854259490967,1.6036128997802734,5.423395455920854
20522,C_Tbl_correct,hardest_hadron,charged_hadron,1,L2_ch0:32,L2,label_Hqql,0.8805728554725647,1.8167991638183594,1.5998240275037006
20522,C_Tbl_correct,hardest_hadron,charged_hadron,1,L2_ch0:32,L2,label_Tbl,0.8805728554725647,1.6036128997802734,1.412097990232155
20522,C_Tbl_correct,hadron_neighbor,charged_hadron,10,L2_ch0:32,L2,label_Hqql,0.587498128414154,1.8167991638183594,1.0673661084476862
20522,C_Tbl_correct,hadron_neighbor,charged_hadron,10,L2_ch0:32,L2,label_Tbl,0.587498128414154,1.6036128997802734,0.942119577321705
20523,C_Tbl_correct,best_lepton,electron,1,L2_ch0:32,L2,label_Hqql,2.0403707027435303,1.072566032409668,2.1884323092865543
20523,C_Tbl_correct,best_lepton,electron,1,L2_ch0:32,L2,label_Tbl,2.0403707027435303,1.1199464797973633,2.285105986019289
20523,C_Tbl_correct,second_lepton,electron,3,L2_ch0:32,L2,label_Hqql,1.9737558364868164,1.072566032409668,2.11698346648609
20523,C_Tbl_correct,second_lepton,electron,3,L2_ch0:32,L2,label_Tbl,1.9737558364868164,1.1199464797973633,2.21050090105291
20523,C_Tbl_correct,hardest_hadron,charged_hadron,2,L2_ch0:32,L2,label_Hqql,0.7681808471679688,1.072566032409668,0.8239246834200458
20523,C_Tbl_correct,hardest_hadron,charged_hadron,2,L2_ch0:32,L2,label_Tbl,0.7681808471679688,1.1199464797973633,0.8603214356335229
20524,C_Tbl_correct,particle0_best_lepton,electron,0,L2_ch0:32,L2,label_Hqql,2.4559264183044434,1.443129539489746,3.544219961068393
20524,C_Tbl_correct,particle0_best_lepton,electron,0,L2_ch0:32,L2,label_Tbl,2.4559264183044434,1.2392387390136719,3.043479157729962
20524,C_Tbl_correct,second_lepton,muon,3,L2_ch0:32,L2,label_Hqql,0.5857726335525513,1.443129539489746,0.8453457909043891
20524,C_Tbl_correct,second_lepton,muon,3,L2_ch0:32,L2,label_Tbl,0.5857726335525513,1.2392387390136719,0.7259121397523813
20524,C_Tbl_correct,hardest_hadron,charged_hadron,2,L2_ch0:32,L2,label_Hqql,0.2895978093147278,1.443129539489746,0.4179271531936024
20524,C_Tbl_correct,hardest_hadron,charged_hadron,2,L2_ch0:32,L2,label_Tbl,0.2895978093147278,1.2392387390136719,0.35888082403630506
20525,C_Tbl_correct,particle0_best_lepton,muon,0,L2_ch0:32,L2,label_Hqql,7.185763359069824,1.0054264068603516,7.224756234658344
20525,C_Tbl_correct,particle0_best_lepton,muon,0,L2_ch0:32,L2,label_Tbl,7.185763359069824,1.5918688774108887,11.438793051742778
20525,C_Tbl_correct,hard_hadron,charged_hadron,4,L2_ch0:32,L2,label_Hqql,1.1082777976989746,1.0054264068603516,1.1142917639435836
20525,C_Tbl_correct,hard_hadron,charged_hadron,4,L2_ch0:32,L2,label_Tbl,1.1082777976989746,1.5918688774108887,1.7642329336824787
20525,C_Tbl_correct,hardest_hadron,charged_hadron,2,L2_ch0:32,L2,label_Hqql,1.0641114711761475,1.0054264068603516,1.0698857729635165
20525,C_Tbl_correct,hardest_hadron,charged_hadron,2,L2_ch0:32,L2,label_Tbl,1.0641114711761475,1.5918688774108887,1.693925933061223
20526,C_Tbl_correct,particle0_best_lepton,electron,0,L2_ch0:32,L2,label_Hqql,2.942660093307495,1.315260887145996,3.8703657248927357
20526,C_Tbl_correct,particle0_best_lepton,electron,0,L2_ch0:32,L2,label_Tbl,2.942660093307495,0.8726363182067871,2.567872069557893
20526,C_Tbl_correct,hard_hadron,charged_hadron,6,L2_ch0:32,L2,label_Hqql,0.7809156179428101,1.315260887145996,1.027107768441624
20526,C_Tbl_correct,hard_hadron,charged_hadron,6,L2_ch0:32,L2,label_Tbl,0.7809156179428101,0.8726363182067871,0.6814553296717918
20526,C_Tbl_correct,photon_neighbor,photon,20,L2_ch0:32,L2,label_Hqql,0.7722499370574951,1.315260887145996,1.0157101373126807
20526,C_Tbl_correct,photon_neighbor,photon,20,L2_ch0:32,L2,label_Tbl,0.7722499370574951,0.8726363182067871,0.6738933418092756
20527,C_Tbl_correct,particle0_best_lepton,electron,0,L2_ch0:32,L2,label_Hqql,5.555732727050781,1.2239251136779785,6.799800809520093
20527,C_Tbl_correct,particle0_best_lepton,electron,0,L2_ch0:32,L2,label_Tbl,5.555732727050781,1.4058434963226318,7.81049072163114
20527,C_Tbl_correct,hard_hadron,charged_hadron,3,L2_ch0:32,L2,label_Hqql,2.1843621730804443,1.2239251136779785,2.673495721001359
20527,C_Tbl_correct,hard_hadron,charged_hadron,3,L2_ch0:32,L2,label_Tbl,2.1843621730804443,1.4058434963226318,3.0708713546383137
20527,C_Tbl_correct,hard_hadron,charged_hadron,2,L2_ch0:32,L2,label_Hqql,1.3583678007125854,1.2239251136779785,1.6625404649036568
20527,C_Tbl_correct,hard_hadron,charged_hadron,2,L2_ch0:32,L2,label_Tbl,1.3583678007125854,1.4058434963226318,1.9096525382458651
20528,C_Tbl_correct,particle0_best_lepton,muon,0,L2_ch0:32,L2,label_Hqql,2.2334399223327637,2.0211427211761475,4.514100842207085
20528,C_Tbl_correct,particle0_best_lepton,muon,0,L2_ch0:32,L2,label_Tbl,2.2334399223327637,1.4574030637741089,3.2550221855631776
20528,C_Tbl_correct,photon_neighbor,photon,1,L2_ch0:32,L2,label_Hqql,1.6459803581237793,2.0211427211761475,3.326761220020785
20528,C_Tbl_correct,photon_neighbor,photon,1,L2_ch0:32,L2,label_Tbl,1.6459803581237793,1.4574030637741089,2.398856816841601
20528,C_Tbl_correct,hardest_hadron,charged_hadron,2,L2_ch0:32,L2,label_Hqql,0.7004308700561523,2.0211427211761475,1.4156707547010683
20528,C_Tbl_correct,hardest_hadron,charged_hadron,2,L2_ch0:32,L2,label_Tbl,0.7004308700561523,1.4574030637741089,1.0208100959818012
20529,C_Tbl_correct,particle0_best_lepton,electron,0,L2_ch0:32,L2,label_Hqql,8.056527137756348,0.5082869529724121,4.095027630389723
20529,C_Tbl_correct,particle0_best_lepton,electron,0,L2_ch0:32,L2,label_Tbl,8.056527137756348,2.47383451461792,19.930514901337574
20529,C_Tbl_correct,hardest_hadron,charged_hadron,2,L2_ch0:32,L2,label_Hqql,2.8971166610717773,0.5082869529724121,1.472566600061782
20529,C_Tbl_correct,hardest_hadron,charged_hadron,2,L2_ch0:32,L2,label_Tbl,2.8971166610717773,2.47383451461792,7.166987189033989
20529,C_Tbl_correct,hard_hadron,charged_hadron,4,L2_ch0:32,L2,label_Hqql,0.9651062488555908,0.5082869529724121,0.49055091452544275
20529,C_Tbl_correct,hard_hadron,charged_hadron,4,L2_ch0:32,L2,label_Tbl,0.9651062488555908,2.47383451461792,2.387513148692392
20530,C_Tbl_correct,particle0_best_lepton,electron,0,L2_ch0:32,L2,label_Hqql,4.860129356384277,1.3833954334259033,6.723480757481184
20530,C_Tbl_correct,particle0_best_lepton,electron,0,L2_ch0:32,L2,label_Tbl,4.860129356384277,1.0213249921798706,4.963771576902332
20530,C_Tbl_correct,hard_hadron,charged_hadron,4,L2_ch0:32,L2,label_Hqql,1.4876989126205444,1.3833954334259033,2.058075882031943
20530,C_Tbl_correct,hard_hadron,charged_hadron,4,L2_ch0:32,L2,label_Tbl,1.4876989126205444,1.0213249921798706,1.5194240802981795
20530,C_Tbl_correct,hadron_neighbor,charged_hadron,47,L2_ch0:32,L2,label_Hqql,1.0993998050689697,1.3833954334259033,1.520904669841741
20530,C_Tbl_correct,hadron_neighbor,charged_hadron,47,L2_ch0:32,L2,label_Tbl,1.0993998050689697,1.0213249921798706,1.1228444973146168
20531,C_Tbl_correct,particle0_best_lepton,electron,0,L2_ch0:32,L2,label_Hqql,2.3304455280303955,1.2803163528442383,2.983707518950041
20531,C_Tbl_correct,particle0_best_lepton,electron,0,L2_ch0:32,L2,label_Tbl,2.3304455280303955,1.0189790725708008,2.3746752228291825
20531,C_Tbl_correct,nearest_hadron_to_best_lepton,charged_hadron,13,L2_ch0:32,L2,label_Hqql,0.5831648111343384,1.2803163528442383,0.7466354440986152
20531,C_Tbl_correct,nearest_hadron_to_best_lepton,charged_hadron,13,L2_ch0:32,L2,label_Tbl,0.5831648111343384,1.0189790725708008,0.5942327384055943
20531,C_Tbl_correct,hardest_hadron,charged_hadron,1,L2_ch0:32,L2,label_Hqql,0.3402642607688904,1.2803163528442383,0.43564589735086656
20531,C_Tbl_correct,hardest_hadron,charged_hadron,1,L2_ch0:32,L2,label_Tbl,0.3402642607688904,1.0189790725708008,0.34672216086727303
20532,C_Tbl_correct,particle0_best_lepton,electron,0,L2_ch0:32,L2,label_Hqql,1.8542066812515259,1.0708781480789185,1.9856294169741915
20532,C_Tbl_correct,particle0_best_lepton,electron,0,L2_ch0:32,L2,label_Tbl,1.8542066812515259,-0.32774925231933594,-0.6077148534257049
20532,C_Tbl_correct,hardest_hadron,charged_hadron,1,L2_ch0:32,L2,label_Hqql,1.7064905166625977,1.0708781480789185,1.8274434041978793
20532,C_Tbl_correct,hardest_hadron,charged_hadron,1,L2_ch0:32,L2,label_Tbl,1.7064905166625977,-0.32774925231933594,-0.5593009909262037
20532,C_Tbl_correct,hadron_neighbor,charged_hadron,12,L2_ch0:32,L2,label_Hqql,1.3375943899154663,1.0708781480789185,1.4324006031534253
20532,C_Tbl_correct,hadron_neighbor,charged_hadron,12,L2_ch0:32,L2,label_Tbl,1.3375943899154663,-0.32774925231933594,-0.4383955612013324
20533,C_Tbl_correct,particle0_best_lepton,electron,0,L2_ch0:32,L2,label_Hqql,2.7760350704193115,1.6936125755310059,4.701527905377247
20533,C_Tbl_correct,particle0_best_lepton,electron,0,L2_ch0:32,L2,label_Tbl,2.7760350704193115,1.234502911567688,3.427023377046652
20533,C_Tbl_correct,photon_neighbor,photon,14,L2_ch0:32,L2,label_Hqql,1.8718793392181396,1.6936125755310059,3.170238388776511
20533,C_Tbl_correct,photon_neighbor,photon,14,L2_ch0:32,L2,label_Tbl,1.8718793392181396,1.234502911567688,2.3108404943681933
20533,C_Tbl_correct,second_lepton,electron,2,L2_ch0:32,L2,label_Hqql,1.8669848442077637,1.6936125755310059,3.1619490104760644
20533,C_Tbl_correct,second_lepton,electron,2,L2_ch0:32,L2,label_Tbl,1.8669848442077637,1.234502911567688,2.3047982260272306
20534,C_Tbl_correct,particle0_best_lepton,muon,0,L2_ch0:32,L2,label_Hqql,2.7725830078125,2.411487340927124,6.686048825009493
20534,C_Tbl_correct,particle0_best_lepton,muon,0,L2_ch0:32,L2,label_Tbl,2.7725830078125,0.33765363693237305,0.9361727362847887
20534,C_Tbl_correct,hardest_hadron,charged_hadron,1,L2_ch0:32,L2,label_Hqql,1.3722949028015137,2.411487340927124,3.3092717861246683
20534,C_Tbl_correct,hardest_hadron,charged_hadron,1,L2_ch0:32,L2,label_Tbl,1.3722949028015137,0.33765363693237305,0.46336036487468846
20534,C_Tbl_correct,hard_hadron,charged_hadron,4,L2_ch0:32,L2,label_Hqql,0.7625113725662231,2.411487340927124,1.838786522256413
20534,C_Tbl_correct,hard_hadron,charged_hadron,4,L2_ch0:32,L2,label_Tbl,0.7625113725662231,0.33765363693237305,0.25746473814928095
20535,C_Tbl_correct,second_lepton,electron,1,L2_ch0:32,L2,label_Hqql,2.4648730754852295,0.5694789886474609,1.4036934261716851
20535,C_Tbl_correct,second_lepton,electron,1,L2_ch0:32,L2,label_Tbl,2.4648730754852295,0.11844062805175781,0.2919411151283384
20535,C_Tbl_correct,particle0_best_lepton,muon,0,L2_ch0:32,L2,label_Hqql,1.7154443264007568,0.5694789886474609,0.9769095000797279
20535,C_Tbl_correct,particle0_best_lepton,muon,0,L2_ch0:32,L2,label_Tbl,1.7154443264007568,0.11844062805175781,0.20317830340673027
20535,C_Tbl_correct,hard_hadron,charged_hadron,4,L2_ch0:32,L2,label_Hqql,0.6597433090209961,0.5694789886474609,0.37570995238820615
20535,C_Tbl_correct,hard_hadron,charged_hadron,4,L2_ch0:32,L2,label_Tbl,0.6597433090209961,0.11844062805175781,0.07814041187339171
20536,C_Tbl_correct,particle0_best_lepton,electron,0,L2_ch0:32,L2,label_Hqql,4.678321361541748,3.4590096473693848,16.182358723067182
20536,C_Tbl_correct,particle0_best_lepton,electron,0,L2_ch0:32,L2,label_Tbl,4.678321361541748,2.314129114151001,10.82623966809831
20536,C_Tbl_correct,hard_hadron,neutral_hadron,2,L2_ch0:32,L2,label_Hqql,3.329655647277832,3.4590096473693848,11.517311006351974
20536,C_Tbl_correct,hard_hadron,neutral_hadron,2,L2_ch0:32,L2,label_Tbl,3.329655647277832,2.314129114151001,7.705253073462927
20536,C_Tbl_correct,photon_neighbor,photon,21,L2_ch0:32,L2,label_Hqql,0.604069173336029,3.4590096473693848,2.0894810982477736
20536,C_Tbl_correct,photon_neighbor,photon,21,L2_ch0:32,L2,label_Tbl,0.604069173336029,2.314129114151001,1.3978940609780324
20537,C_Tbl_correct,particle0_best_lepton,muon,0,L2_ch0:32,L2,label_Hqql,2.2034497261047363,1.7014060020446777,3.7489625891982996
20537,C_Tbl_correct,particle0_best_lepton,muon,0,L2_ch0:32,L2,label_Tbl,2.2034497261047363,0.9743900299072266,2.147019444518264
20537,C_Tbl_correct,second_lepton,muon,1,L2_ch0:32,L2,label_Hqql,1.597625732421875,1.7014060020446777,2.7182100101636024
20537,C_Tbl_correct,second_lepton,muon,1,L2_ch0:32,L2,label_Tbl,1.597625732421875,0.9743900299072266,1.5567105851951055
20537,C_Tbl_correct,hadron_neighbor,neutral_hadron,12,L2_ch0:32,L2,label_Hqql,0.23016026616096497,1.7014060020446777,0.39159605827846633
20537,C_Tbl_correct,hadron_neighbor,neutral_hadron,12,L2_ch0:32,L2,label_Tbl,0.23016026616096497,0.9743900299072266,0.22426586862803788
20538,C_Tbl_correct,second_lepton,electron,1,L2_ch0:32,L2,label_Hqql,2.781079053878784,1.253157615661621,3.4851303961252142
20538,C_Tbl_correct,second_lepton,electron,1,L2_ch0:32,L2,label_Tbl,2.781079053878784,1.2417364120483398,3.453367125986233
20538,C_Tbl_correct,particle0_best_lepton,electron,0,L2_ch0:32,L2,label_Hqql,2.363420009613037,1.253157615661621,2.961737784053639
20538,C_Tbl_correct,particle0_best_lepton,electron,0,L2_ch0:32,L2,label_Tbl,2.363420009613037,1.2417364120483398,2.9347446829001456
20538,C_Tbl_correct,hardest_hadron,charged_hadron,2,L2_ch0:32,L2,label_Hqql,1.8924094438552856,1.253157615661621,2.371487306517224
20538,C_Tbl_correct,hardest_hadron,charged_hadron,2,L2_ch0:32,L2,label_Tbl,1.8924094438552856,1.2417364120483398,2.3498737129392566
20539,C_Tbl_correct,particle0_best_lepton,electron,0,L2_ch0:32,L2,label_Hqql,2.2868711948394775,1.8423717021942139,4.213266775935324
20539,C_Tbl_correct,particle0_best_lepton,electron,0,L2_ch0:32,L2,label_Tbl,2.2868711948394775,1.071852684020996,2.4511890281989963
20539,C_Tbl_correct,hardest_hadron,charged_hadron,1,L2_ch0:32,L2,label_Hqql,1.2671910524368286,1.8423717021942139,2.3346369362833173
20539,C_Tbl_correct,hardest_hadron,charged_hadron,1,L2_ch0:32,L2,label_Tbl,1.2671910524368286,1.071852684020996,1.3582421307218056
20539,C_Tbl_correct,photon_neighbor,photon,32,L2_ch0:32,L2,label_Hqql,1.1838775873184204,1.8423717021942139,2.1811425657374173
20539,C_Tbl_correct,photon_neighbor,photon,32,L2_ch0:32,L2,label_Tbl,1.1838775873184204,1.071852684020996,1.26894236951955
20540,C_Tbl_correct,particle0_best_lepton,muon,0,L2_ch0:32,L2,label_Hqql,2.7145121097564697,1.8374989032745361,4.98791302460296
20540,C_Tbl_correct,particle0_best_lepton,muon,0,L2_ch0:32,L2,label_Tbl,2.7145121097564697,1.0646495819091797,2.890004182739631
20540,C_Tbl_correct,second_lepton,electron,3,L2_ch0:32,L2,label_Hqql,2.4976449012756348,1.8374989032745361,4.589419766863216
20540,C_Tbl_correct,second_lepton,electron,3,L2_ch0:32,L2,label_Tbl,2.4976449012756348,1.0646495819091797,2.659116599900699
20540,C_Tbl_correct,hadron_neighbor,charged_hadron,10,L2_ch0:32,L2,label_Hqql,0.7856838703155518,1.8374989032745361,1.4436932500253192
20540,C_Tbl_correct,hadron_neighbor,charged_hadron,10,L2_ch0:32,L2,label_Tbl,0.7856838703155518,1.0646495819091797,0.8364780040442383
20541,C_Tbl_correct,particle0_best_lepton,muon,0,L2_ch0:32,L2,label_Hqql,1.7742308378219604,1.013304352760315,1.797835830766573
20541,C_Tbl_correct,particle0_best_lepton,muon,0,L2_ch0:32,L2,label_Tbl,1.7742308378219604,0.9114241600036621,1.617076851014474
20541,C_Tbl_correct,hardest_hadron,charged_hadron,3,L2_ch0:32,L2,label_Hqql,0.4847951829433441,1.013304352760315,0.4912450690737238
20541,C_Tbl_correct,hardest_hadron,charged_hadron,3,L2_ch0:32,L2,label_Tbl,0.4847951829433441,0.9114241600036621,0.4418540423879591
20541,C_Tbl_correct,photon_neighbor,photon,1,L2_ch0:32,L2,label_Hqql,0.23769886791706085,1.013304352760315,0.24086129750655694
20541,C_Tbl_correct,photon_neighbor,photon,1,L2_ch0:32,L2,label_Tbl,0.23769886791706085,0.9114241600036621,0.21664449102512862
20542,C_Tbl_correct,particle0_best_lepton,electron,0,L2_ch0:32,L2,label_Hqql,2.437082529067993,1.0647913217544556,2.594984327351
20542,C_Tbl_correct,particle0_best_lepton,electron,0,L2_ch0:32,L2,label_Tbl,2.437082529067993,0.9626150131225586,2.3459722306995445
20542,C_Tbl_correct,hard_hadron,charged_hadron,2,L2_ch0:32,L2,label_Hqql,0.16693361103534698,1.0647913217544556,0.17774946033957129
20542,C_Tbl_correct,hard_hadron,charged_hadron,2,L2_ch0:32,L2,label_Tbl,0.16693361103534698,0.9626150131225586,0.16069280017738663
20542,C_Tbl_correct,photon_neighbor,photon,14,L2_ch0:32,L2,label_Hqql,0.15870143473148346,1.0647913217544556,0.16898391045206473
20542,C_Tbl_correct,photon_neighbor,photon,14,L2_ch0:32,L2,label_Tbl,0.15870143473148346,0.9626150131225586,0.15276838367661583
20543,C_Tbl_correct,particle0_best_lepton,muon,0,L2_ch0:32,L2,label_Hqql,6.176623821258545,3.84452486038208,23.746183834056637
20543,C_Tbl_correct,particle0_best_lepton,muon,0,L2_ch0:32,L2,label_Tbl,6.176623821258545,3.7626724243164062,23.240612127625354
20543,C_Tbl_correct,hard_hadron,charged_hadron,2,L2_ch0:32,L2,label_Hqql,1.5702404975891113,3.84452486038208,6.036828629760066
20543,C_Tbl_correct,hard_hadron,charged_hadron,2,L2_ch0:32,L2,label_Tbl,1.5702404975891113,3.7626724243164062,5.908300619823422
20543,C_Tbl_correct,hard_hadron,charged_hadron,3,L2_ch0:32,L2,label_Hqql,0.9615859985351562,3.84452486038208,3.6968412767637346
20543,C_Tbl_correct,hard_hadron,charged_hadron,3,L2_ch0:32,L2,label_Tbl,0.9615859985351562,3.7626724243164062,3.6181331202969886
20544,C_Tbl_correct,particle0_best_lepton,muon,0,L2_ch0:32,L2,label_Hqql,2.418955087661743,2.9419939517974854,7.116551237570604
20544,C_Tbl_correct,particle0_best_lepton,muon,0,L2_ch0:32,L2,label_Tbl,2.418955087661743,1.0632610321044922,2.5719806831216374
20544,C_Tbl_correct,photon_neighbor,photon,1,L2_ch0:32,L2,label_Hqql,0.7739158272743225,2.9419939517974854,2.276855683041404
20544,C_Tbl_correct,photon_neighbor,photon,1,L2_ch0:32,L2,label_Tbl,0.7739158272743225,1.0632610321044922,0.8228745412696981
20544,C_Tbl_correct,hard_hadron,charged_hadron,6,L2_ch0:32,L2,label_Hqql,0.5513486862182617,2.9419939517974854,1.6220645001856155
20544,C_Tbl_correct,hard_hadron,charged_hadron,6,L2_ch0:32,L2,label_Tbl,0.5513486862182617,1.0632610321044922,0.5862275731578848
20545,C_Tbl_correct,particle0_best_lepton,electron,0,L2_ch0:32,L2,label_Hqql,2.7517635822296143,1.6996452808380127,4.677021986518469
20545,C_Tbl_correct,particle0_best_lepton,electron,0,L2_ch0:32,L2,label_Tbl,2.7517635822296143,1.430262565612793,3.935744441079578
20545,C_Tbl_correct,hard_hadron,charged_hadron,3,L2_ch0:32,L2,label_Hqql,0.639685869216919,1.6996452808380127,1.0872390688332985
20545,C_Tbl_correct,hard_hadron,charged_hadron,3,L2_ch0:32,L2,label_Tbl,0.639685869216919,1.430262565612793,0.91491875249244
20545,C_Tbl_correct,hardest_hadron,charged_hadron,1,L2_ch0:32,L2,label_Hqql,0.45855438709259033,1.6996452808380127,0.7793798000294885
20545,C_Tbl_correct,hardest_hadron,charged_hadron,1,L2_ch0:32,L2,label_Tbl,0.45855438709259033,1.430262565612793,0.65585317415605
20546,C_Tbl_correct,particle0_best_lepton,electron,0,L2_ch0:32,L2,label_Hqql,4.178470611572266,6.023842811584473,25.170450156936568
20546,C_Tbl_correct,particle0_best_lepton,electron,0,L2_ch0:32,L2,label_Tbl,4.178470611572266,5.415833473205566,22.62990100495881
20546,C_Tbl_correct,hardest_hadron,charged_hadron,1,L2_ch0:32,L2,label_Hqql,1.70526921749115,6.023842811584473,10.272273717600342
20546,C_Tbl_correct,hardest_hadron,charged_hadron,1,L2_ch0:32,L2,label_Tbl,1.70526921749115,5.415833473205566,9.235454108915633
20546,C_Tbl_correct,hard_hadron,charged_hadron,8,L2_ch0:32,L2,label_Hqql,0.8719365000724792,6.023842811584473,5.252408418119728
20546,C_Tbl_correct,hard_hadron,charged_hadron,8,L2_ch0:32,L2,label_Tbl,0.8719365000724792,5.415833473205566,4.722262883602241
20547,C_Tbl_correct,particle0_best_lepton,electron,0,L2_ch0:32,L2,label_Hqql,11.151640892028809,-0.7317028045654297,-8.15968691620401
20547,C_Tbl_correct,particle0_best_lepton,electron,0,L2_ch0:32,L2,label_Tbl,11.151640892028809,2.140316963195801,23.86804616867721
20547,C_Tbl_correct,hardest_hadron,charged_hadron,1,L2_ch0:32,L2,label_Hqql,1.140272617340088,-0.7317028045654297,-0.8343406720769053
20547,C_Tbl_correct,hardest_hadron,charged_hadron,1,L2_ch0:32,L2,label_Tbl,1.140272617340088,2.140316963195801,2.4405448255606643
20547,C_Tbl_correct,hard_hadron,charged_hadron,4,L2_ch0:32,L2,label_Hqql,0.6143527030944824,-0.7317028045654297,-0.4495235958465855
20547,C_Tbl_correct,hard_hadron,charged_hadron,4,L2_ch0:32,L2,label_Tbl,0.6143527030944824,2.140316963195801,1.314909511818314
20548,C_Tbl_correct,particle0_best_lepton,electron,0,L2_ch0:32,L2,label_Hqql,3.33571195602417,2.4809436798095703,8.275713494963384
20548,C_Tbl_correct,particle0_best_lepton,electron,0,L2_ch0:32,L2,label_Tbl,3.33571195602417,1.495140552520752,4.987358216980056
20548,C_Tbl_correct,second_lepton,electron,4,L2_ch0:32,L2,label_Hqql,3.266467809677124,2.4809436798095703,8.103922667719871
20548,C_Tbl_correct,second_lepton,electron,4,L2_ch0:32,L2,label_Tbl,3.266467809677124,1.495140552520752,4.883828485751906
20548,C_Tbl_correct,hard_hadron,charged_hadron,3,L2_ch0:32,L2,label_Hqql,0.8167574405670166,2.4809436798095703,2.0263292101121806
20548,C_Tbl_correct,hard_hadron,charged_hadron,3,L2_ch0:32,L2,label_Tbl,0.8167574405670166,1.495140552520752,1.2211671709648044
20549,C_Tbl_correct,best_lepton,electron,3,L2_ch0:32,L2,label_Hqql,2.3445417881011963,2.435378074645996,5.709845665832972
20549,C_Tbl_correct,best_lepton,electron,3,L2_ch0:32,L2,label_Tbl,2.3445417881011963,1.85639488697052,4.352395387719781
20549,C_Tbl_correct,hadron_neighbor,charged_hadron,9,L2_ch0:32,L2,label_Hqql,0.5949538350105286,2.435378074645996,1.4489375252111927
20549,C_Tbl_correct,hadron_neighbor,charged_hadron,9,L2_ch0:32,L2,label_Tbl,0.5949538350105286,1.85639488697052,1.1044692572970476
20549,C_Tbl_correct,hardest_hadron,charged_hadron,1,L2_ch0:32,L2,label_Hqql,0.5771070718765259,2.435378074645996,1.405473909571242
20549,C_Tbl_correct,hardest_hadron,charged_hadron,1,L2_ch0:32,L2,label_Tbl,0.5771070718765259,1.85639488697052,1.071338617466111
20551,C_Tbl_correct,second_lepton,electron,2,L2_ch0:32,L2,label_Hqql,2.8589160442352295,0.9030733108520508,2.5818107775155568
20551,C_Tbl_correct,second_lepton,electron,2,L2_ch0:32,L2,label_Tbl,2.8589160442352295,0.6004557609558105,1.7166526088500405
20551,C_Tbl_correct,best_lepton,electron,1,L2_ch0:32,L2,label_Hqql,1.6025800704956055,0.9030733108520508,1.4472472901679794
20551,C_Tbl_correct,best_lepton,electron,1,L2_ch0:32,L2,label_Tbl,1.6025800704956055,0.6004557609558105,0.9622784357220553
20551,C_Tbl_correct,hard_hadron,charged_hadron,4,L2_ch0:32,L2,label_Hqql,1.1892445087432861,0.9030733108520508,1.07397497592342
20551,C_Tbl_correct,hard_hadron,charged_hadron,4,L2_ch0:32,L2,label_Tbl,1.1892445087432861,0.6004557609558105,0.714088716459969
20552,C_Tbl_correct,particle0_best_lepton,muon,0,L2_ch0:32,L2,label_Hqql,2.482968330383301,2.3387327194213867,5.806999275554517
20552,C_Tbl_correct,particle0_best_lepton,muon,0,L2_ch0:32,L2,label_Tbl,2.482968330383301,2.513883113861084,6.241892158002429
20552,C_Tbl_correct,hardest_hadron,charged_hadron,1,L2_ch0:32,L2,label_Hqql,1.0034561157226562,2.3387327194213867,2.3468156503440696
20552,C_Tbl_correct,hardest_hadron,charged_hadron,1,L2_ch0:32,L2,label_Tbl,1.0034561157226562,2.513883113861084,2.5225713848158193
20552,C_Tbl_correct,hard_hadron,charged_hadron,3,L2_ch0:32,L2,label_Hqql,0.6963724493980408,2.3387327194213867,1.628629032310812
20552,C_Tbl_correct,hard_hadron,charged_hadron,3,L2_ch0:32,L2,label_Tbl,0.6963724493980408,2.513883113861084,1.7505989414998169
20553,C_Tbl_correct,best_lepton,electron,2,L2_ch0:32,L2,label_Hqql,2.8029024600982666,1.904128074645996,5.337085264767438
20553,C_Tbl_correct,best_lepton,electron,2,L2_ch0:32,L2,label_Tbl,2.8029024600982666,1.7434700727462769,4.886776556008243
20553,C_Tbl_correct,photon_neighbor,photon,13,L2_ch0:32,L2,label_Hqql,1.344857096672058,1.904128074645996,2.5607801541601702
20553,C_Tbl_correct,photon_neighbor,photon,13,L2_ch0:32,L2,label_Tbl,1.344857096672058,1.7434700727462769,2.34471810016818
20553,C_Tbl_correct,hard_hadron,charged_hadron,5,L2_ch0:32,L2,label_Hqql,0.5397247672080994,1.904128074645996,1.0277050818227167
20553,C_Tbl_correct,hard_hadron,charged_hadron,5,L2_ch0:32,L2,label_Tbl,0.5397247672080994,1.7434700727462769,0.9409939791472723
20554,C_Tbl_correct,best_lepton,muon,3,L2_ch0:32,L2,label_Hqql,1.57589852809906,0.27088069915771484,0.4268804950930871
20554,C_Tbl_correct,best_lepton,muon,3,L2_ch0:32,L2,label_Tbl,1.57589852809906,0.43140709400177,0.6798538044488822
20554,C_Tbl_correct,particle0,charged_hadron,0,L2_ch0:32,L2,label_Hqql,1.0208648443222046,0.27088069915771484,0.2765325827755305
20554,C_Tbl_correct,particle0,charged_hadron,0,L2_ch0:32,L2,label_Tbl,1.0208648443222046,0.43140709400177,0.44040833585761163
20554,C_Tbl_correct,nearest_hadron_to_best_lepton,charged_hadron,4,L2_ch0:32,L2,label_Hqql,0.8144823312759399,0.27088069915771484,0.22062754334763213
20554,C_Tbl_correct,nearest_hadron_to_best_lepton,charged_hadron,4,L2_ch0:32,L2,label_Tbl,0.8144823312759399,0.43140709400177,0.3513734556515402
20555,C_Tbl_correct,particle0_best_lepton,electron,0,L2_ch0:32,L2,label_Hqql,2.530710220336914,1.5380914211273193,3.8924636792594356
20555,C_Tbl_correct,particle0_best_lepton,electron,0,L2_ch0:32,L2,label_Tbl,2.530710220336914,1.42756986618042,3.6127656505877894
20555,C_Tbl_correct,hardest_hadron,charged_hadron,1,L2_ch0:32,L2,label_Hqql,0.565231204032898,1.5380914211273193,0.8693772658764658
20555,C_Tbl_correct,hardest_hadron,charged_hadron,1,L2_ch0:32,L2,label_Tbl,0.565231204032898,1.42756986618042,0.8069070343022418
20555,C_Tbl_correct,photon_neighbor,photon,9,L2_ch0:32,L2,label_Hqql,0.3356432616710663,1.5380914211273193,0.516250021335459
20555,C_Tbl_correct,photon_neighbor,photon,9,L2_ch0:32,L2,label_Tbl,0.3356432616710663,1.42756986618042,0.47915420614812376
20556,C_Tbl_correct,particle0_best_lepton,muon,0,L2_ch0:32,L2,label_Hqql,2.588930368423462,1.6081411838531494,4.163365547589876
20556,C_Tbl_correct,particle0_best_lepton,muon,0,L2_ch0:32,L2,label_Tbl,2.588930368423462,1.1015944480895996,2.8519513203458473
20556,C_Tbl_correct,hadron_neighbor,charged_hadron,11,L2_ch0:32,L2,label_Hqql,0.3998199999332428,1.6081411838531494,0.6429670080208112
20556,C_Tbl_correct,hadron_neighbor,charged_hadron,11,L2_ch0:32,L2,label_Tbl,0.3998199999332428,1.1015944480895996,0.44043949216164435
20556,C_Tbl_correct,nearest_hadron_to_best_lepton,charged_hadron,10,L2_ch0:32,L2,label_Hqql,0.3827649652957916,1.6081411838531494,0.615540104428284
20556,C_Tbl_correct,nearest_hadron_to_best_lepton,charged_hadron,10,L2_ch0:32,L2,label_Tbl,0.3827649652957916,1.1015944480895996,0.4216517606930523
20557,C_Tbl_correct,particle0_best_lepton,electron,0,L2_ch0:32,L2,label_Hqql,2.9532527923583984,2.4826500415802,7.33189316774542
20557,C_Tbl_correct,particle0_best_lepton,electron,0,L2_ch0:32,L2,label_Tbl,2.9532527923583984,1.099841833114624,3.248110964798343
20557,C_Tbl_correct,photon_neighbor,photon,1,L2_ch0:32,L2,label_Hqql,2.432206153869629,2.4826500415802,6.038316709036053
20557,C_Tbl_correct,photon_neighbor,photon,1,L2_ch0:32,L2,label_Tbl,2.432206153869629,1.099841833114624,2.675042074784642
20557,C_Tbl_correct,hardest_hadron,charged_hadron,2,L2_ch0:32,L2,label_Hqql,1.3752509355545044,2.4826500415802,3.4142667923375996
20557,C_Tbl_correct,hardest_hadron,charged_hadron,2,L2_ch0:32,L2,label_Tbl,1.3752509355545044,1.099841833114624,1.5125585099528678
20558,C_Tbl_correct,particle0_best_lepton,electron,0,L2_ch0:32,L2,label_Hqql,2.2101359367370605,0.9269932508468628,2.048781096809364
20558,C_Tbl_correct,particle0_best_lepton,electron,0,L2_ch0:32,L2,label_Tbl,2.2101359367370605,0.6925899982452393,1.530718044546461
20558,C_Tbl_correct,nearest_hadron_to_best_lepton,charged_hadron,10,L2_ch0:32,L2,label_Hqql,1.1129432916641235,0.9269932508468628,1.031690919947934
20558,C_Tbl_correct,nearest_hadron_to_best_lepton,charged_hadron,10,L2_ch0:32,L2,label_Tbl,1.1129432916641235,0.6925899982452393,0.7708133924207061
20558,C_Tbl_correct,hardest_hadron,charged_hadron,1,L2_ch0:32,L2,label_Hqql,0.4155343472957611,0.9269932508468628,0.3851975354382269
20558,C_Tbl_correct,hardest_hadron,charged_hadron,1,L2_ch0:32,L2,label_Tbl,0.4155343472957611,0.6925899982452393,0.2877949328644078
20559,C_Tbl_correct,particle0_best_lepton,electron,0,L2_ch0:32,L2,label_Hqql,2.7923836708068848,2.1127800941467285,5.899692634901157
20559,C_Tbl_correct,particle0_best_lepton,electron,0,L2_ch0:32,L2,label_Tbl,2.7923836708068848,0.5442829132080078,1.519846719141242
20559,C_Tbl_correct,hadron_neighbor,charged_hadron,7,L2_ch0:32,L2,label_Hqql,1.7627280950546265,2.1127800941467285,3.724256830624597
20559,C_Tbl_correct,hadron_neighbor,charged_hadron,7,L2_ch0:32,L2,label_Tbl,1.7627280950546265,0.5442829132080078,0.9594227827699342
20559,C_Tbl_correct,photon_neighbor,photon,15,L2_ch0:32,L2,label_Hqql,0.5742278099060059,2.1127800941467285,1.2132170862748808
20559,C_Tbl_correct,photon_neighbor,photon,15,L2_ch0:32,L2,label_Tbl,0.5742278099060059,0.5442829132080078,0.312542385220695
20560,C_Tbl_correct,particle0_best_lepton,muon,0,L2_ch0:32,L2,label_Hqql,1.5547724962234497,0.8845840692520142,1.375326981470451
20560,C_Tbl_correct,particle0_best_lepton,muon,0,L2_ch0:32,L2,label_Tbl,1.5547724962234497,0.767349362373352,1.193053683612689
20560,C_Tbl_correct,hard_hadron,charged_hadron,6,L2_ch0:32,L2,label_Hqql,1.115447759628296,0.8845840692520142,0.9867073182500405
20560,C_Tbl_correct,hard_hadron,charged_hadron,6,L2_ch0:32,L2,label_Tbl,1.115447759628296,0.767349362373352,0.8559381271115569
20560,C_Tbl_correct,hardest_hadron,charged_hadron,1,L2_ch0:32,L2,label_Hqql,0.9078344702720642,0.8845840692520142,0.8030559099205092
20560,C_Tbl_correct,hardest_hadron,charged_hadron,1,L2_ch0:32,L2,label_Tbl,0.9078344702720642,0.767349362373352,0.6966262019038183
20561,C_Tbl_correct,particle0_best_lepton,electron,0,L2_ch0:32,L2,label_Hqql,2.105940341949463,1.1493115425109863,2.420381542842051
20561,C_Tbl_correct,particle0_best_lepton,electron,0,L2_ch0:32,L2,label_Tbl,2.105940341949463,0.5846130847930908,1.231160279697292
20561,C_Tbl_correct,hardest_hadron,charged_hadron,1,L2_ch0:32,L2,label_Hqql,1.544459581375122,1.1493115425109863,1.7750652238161138
20561,C_Tbl_correct,hardest_hadron,charged_hadron,1,L2_ch0:32,L2,label_Tbl,1.544459581375122,0.5846130847930908,0.9029112802059558
20561,C_Tbl_correct,hard_hadron,charged_hadron,3,L2_ch0:32,L2,label_Hqql,1.182395577430725,1.1493115425109863,1.358940884955075
20561,C_Tbl_correct,hard_hadron,charged_hadron,3,L2_ch0:32,L2,label_Tbl,1.182395577430725,0.5846130847930908,0.6912439259674841
20562,C_Tbl_correct,particle0_best_lepton,electron,0,L2_ch0:32,L2,label_Hqql,3.4682576656341553,3.1113600730895996,10.79099842404105
20562,C_Tbl_correct,particle0_best_lepton,electron,0,L2_ch0:32,L2,label_Tbl,3.4682576656341553,2.815366268157959,9.764415641106666
20562,C_Tbl_correct,photon_neighbor,photon,25,L2_ch0:32,L2,label_Hqql,0.32595473527908325,3.1113600730895996,1.0141625489818296
20562,C_Tbl_correct,photon_neighbor,photon,25,L2_ch0:32,L2,label_Tbl,0.32595473527908325,2.815366268157959,0.917681966651088
20562,C_Tbl_correct,nearest_hadron_to_best_lepton,neutral_hadron,19,L2_ch0:32,L2,label_Hqql,0.3231106400489807,3.1113600730895996,1.005313544638824
20562,C_Tbl_correct,nearest_hadron_to_best_lepton,neutral_hadron,19,L2_ch0:32,L2,label_Tbl,0.3231106400489807,2.815366268157959,0.9096747968768284
20564,C_Tbl_correct,particle0_best_lepton,electron,0,L2_ch0:32,L2,label_Hqql,3.010411262512207,1.4200975894927979,4.2750777772755555
20564,C_Tbl_correct,particle0_best_lepton,electron,0,L2_ch0:32,L2,label_Tbl,3.010411262512207,0.8317699432373047,2.503969604940721
20564,C_Tbl_correct,nearest_hadron_to_best_lepton,charged_hadron,8,L2_ch0:32,L2,label_Hqql,0.7729089856147766,1.4200975894927979,1.0976061873688678
20564,C_Tbl_correct,nearest_hadron_to_best_lepton,charged_hadron,8,L2_ch0:32,L2,label_Tbl,0.7729089856147766,0.8317699432373047,0.6428824630924055
20564,C_Tbl_correct,hadron_neighbor,charged_hadron,10,L2_ch0:32,L2,label_Hqql,0.4657498300075531,1.4200975894927979,0.6614102109004065
20564,C_Tbl_correct,hadron_neighbor,charged_hadron,10,L2_ch0:32,L2,label_Tbl,0.4657498300075531,0.8317699432373047,0.38739670966816675
20565,C_Tbl_correct,particle0_best_lepton,muon,0,L2_ch0:32,L2,label_Hqql,2.6952109336853027,1.4254403114318848,3.841862312686999
20565,C_Tbl_correct,particle0_best_lepton,muon,0,L2_ch0:32,L2,label_Tbl,2.6952109336853027,0.787163257598877,2.1215710184758336
20565,C_Tbl_correct,second_lepton,muon,1,L2_ch0:32,L2,label_Hqql,2.678626298904419,1.4254403114318848,3.818221905719952
20565,C_Tbl_correct,second_lepton,muon,1,L2_ch0:32,L2,label_Tbl,2.678626298904419,0.787163257598877,2.1085162033356255
20565,C_Tbl_correct,hardest_hadron,charged_hadron,3,L2_ch0:32,L2,label_Hqql,0.6574448347091675,1.4254403114318848,0.9371483699371197
20565,C_Tbl_correct,hardest_hadron,charged_hadron,3,L2_ch0:32,L2,label_Tbl,0.6574448347091675,0.787163257598877,0.5175164177812235
20566,C_Tbl_correct,particle0_best_lepton,electron,0,L2_ch0:32,L2,label_Hqql,2.210845708847046,3.1415109634399414,6.945396032817143
20566,C_Tbl_correct,particle0_best_lepton,electron,0,L2_ch0:32,L2,label_Tbl,2.210845708847046,1.8576946258544922,4.1070761919186225
20566,C_Tbl_correct,hadron_neighbor,charged_hadron,8,L2_ch0:32,L2,label_Hqql,0.784197986125946,3.1415109634399414,2.4635665709221826
20566,C_Tbl_correct,hadron_neighbor,charged_hadron,8,L2_ch0:32,L2,label_Tbl,0.784197986125946,1.8576946258544922,1.4568003844320856
20566,C_Tbl_correct,hard_hadron,charged_hadron,2,L2_ch0:32,L2,label_Hqql,0.685726523399353,3.1415109634399414,2.154217391180623
20566,C_Tbl_correct,hard_hadron,charged_hadron,2,L2_ch0:32,L2,label_Tbl,0.685726523399353,1.8576946258544922,1.2738704773248628
20567,C_Tbl_correct,best_lepton,muon,1,L2_ch0:32,L2,label_Hqql,3.131277322769165,3.6819281578063965,11.529138144604417
20567,C_Tbl_correct,best_lepton,muon,1,L2_ch0:32,L2,label_Tbl,3.131277322769165,1.8096280097961426,5.666447149722558
20567,C_Tbl_correct,hard_hadron,charged_hadron,5,L2_ch0:32,L2,label_Hqql,1.486360788345337,3.6819281578063965,5.4726736392680095
20567,C_Tbl_correct,hard_hadron,charged_hadron,5,L2_ch0:32,L2,label_Tbl,1.486360788345337,1.8096280097961426,2.6897601152523976
20567,C_Tbl_correct,particle0,charged_hadron,0,L2_ch0:32,L2,label_Hqql,1.444702386856079,3.6819281578063965,5.319290397815507
20567,C_Tbl_correct,particle0,charged_hadron,0,L2_ch0:32,L2,label_Tbl,1.444702386856079,1.8096280097961426,2.6143739050741033
20568,C_Tbl_correct,particle0_best_lepton,muon,0,L2_ch0:32,L2,label_Hqql,3.3445608615875244,0.6423856019973755,2.1484977424877627
20568,C_Tbl_correct,particle0_best_lepton,muon,0,L2_ch0:32,L2,label_Tbl,3.3445608615875244,0.44187283515930176,1.4778705902725164
20568,C_Tbl_correct,hadron_neighbor,charged_hadron,17,L2_ch0:32,L2,label_Hqql,0.4397572875022888,0.6423856019973755,0.28249374986489073
20568,C_Tbl_correct,hadron_neighbor,charged_hadron,17,L2_ch0:32,L2,label_Tbl,0.4397572875022888,0.44187283515930176,0.19431679941060054
20568,C_Tbl_correct,hadron_neighbor,charged_hadron,18,L2_ch0:32,L2,label_Hqql,0.3893546164035797,0.6423856019973755,0.25011579964887076
20568,C_Tbl_correct,hadron_neighbor,charged_hadron,18,L2_ch0:32,L2,label_Tbl,0.3893546164035797,0.44187283515930176,0.17204522823261215
20569,C_Tbl_correct,particle0_best_lepton,electron,0,L2_ch0:32,L2,label_Hqql,2.770617961883545,2.908552646636963,8.058488205856293
20569,C_Tbl_correct,particle0_best_lepton,electron,0,L2_ch0:32,L2,label_Tbl,2.770617961883545,2.4689271450042725,6.840453894530697
20569,C_Tbl_correct,hard_hadron,charged_hadron,4,L2_ch0:32,L2,label_Hqql,0.9220349192619324,2.908552646636963,2.681787104710992
20569,C_Tbl_correct,hard_hadron,charged_hadron,4,L2_ch0:32,L2,label_Tbl,0.9220349192619324,2.4689271450042725,2.2764370408076076
20569,C_Tbl_correct,hardest_hadron,charged_hadron,1,L2_ch0:32,L2,label_Hqql,0.5474314093589783,2.908552646636963,1.592233074543259
20569,C_Tbl_correct,hardest_hadron,charged_hadron,1,L2_ch0:32,L2,label_Tbl,0.5474314093589783,2.4689271450042725,1.3515682665943274
20570,C_Tbl_correct,particle0_best_lepton,muon,0,L2_ch0:32,L2,label_Hqql,2.8817081451416016,2.542304754257202,7.326180317775197
20570,C_Tbl_correct,particle0_best_lepton,muon,0,L2_ch0:32,L2,label_Tbl,2.8817081451416016,1.0453438758850098,3.012375961611724
20570,C_Tbl_correct,hardest_hadron,charged_hadron,1,L2_ch0:32,L2,label_Hqql,1.3425402641296387,2.542304754257202,3.4131464962785003
20570,C_Tbl_correct,hardest_hadron,charged_hadron,1,L2_ch0:32,L2,label_Tbl,1.3425402641296387,1.0453438758850098,1.4034162432369612
20570,C_Tbl_correct,hadron_neighbor,charged_hadron,23,L2_ch0:32,L2,label_Hqql,1.0811927318572998,2.542304754257202,2.7487214224691456
20570,C_Tbl_correct,hadron_neighbor,charged_hadron,23,L2_ch0:32,L2,label_Tbl,1.0811927318572998,1.0453438758850098,1.1302182008984119
20572,C_Tbl_correct,particle0_best_lepton,electron,0,L2_ch0:32,L2,label_Hqql,3.158348560333252,3.651850938796997,11.53381815510113
20572,C_Tbl_correct,particle0_best_lepton,electron,0,L2_ch0:32,L2,label_Tbl,3.158348560333252,3.333587646484375,10.52863174401864
20572,C_Tbl_correct,nearest_hadron_to_best_lepton,charged_hadron,15,L2_ch0:32,L2,label_Hqql,0.6970810890197754,3.651850938796997,2.5456362293545
20572,C_Tbl_correct,nearest_hadron_to_best_lepton,charged_hadron,15,L2_ch0:32,L2,label_Tbl,0.6970810890197754,3.333587646484375,2.323780906954198
20572,C_Tbl_correct,photon_neighbor,photon,16,L2_ch0:32,L2,label_Hqql,0.5279004573822021,3.651850938796997,1.927813780882559
20572,C_Tbl_correct,photon_neighbor,photon,16,L2_ch0:32,L2,label_Tbl,0.5279004573822021,3.333587646484375,1.7598024433027604
20573,C_Tbl_correct,particle0_best_lepton,muon,0,L2_ch0:32,L2,label_Hqql,5.95917272567749,1.4512577056884766,8.64829533766806
20573,C_Tbl_correct,particle0_best_lepton,muon,0,L2_ch0:32,L2,label_Tbl,5.95917272567749,1.5690706968307495,9.350363301213577
20573,C_Tbl_correct,hadron_neighbor,charged_hadron,13,L2_ch0:32,L2,label_Hqql,1.3047311305999756,1.4512577056884766,1.8935011071348526
20573,C_Tbl_correct,hadron_neighbor,charged_hadron,13,L2_ch0:32,L2,label_Tbl,1.3047311305999756,1.5690706968307495,2.0472153842672753
20573,C_Tbl_correct,photon_neighbor,photon,7,L2_ch0:32,L2,label_Hqql,0.9456459879875183,1.4512577056884766,1.3723760269202785
20573,C_Tbl_correct,photon_neighbor,photon,7,L2_ch0:32,L2,label_Tbl,0.9456459879875183,1.5690706968307495,1.483785409326778
20574,C_Tbl_correct,particle0_best_lepton,electron,0,L2_ch0:32,L2,label_Hqql,1.9852285385131836,1.212343692779541,2.4067792973924043
20574,C_Tbl_correct,particle0_best_lepton,electron,0,L2_ch0:32,L2,label_Tbl,1.9852285385131836,1.4837408065795898,2.9455645929783714
20574,C_Tbl_correct,photon_neighbor,photon,12,L2_ch0:32,L2,label_Hqql,1.1015125513076782,1.212343692779541,1.3354117940953643
20574,C_Tbl_correct,photon_neighbor,photon,12,L2_ch0:32,L2,label_Tbl,1.1015125513076782,1.4837408065795898,1.6343591213347963
20574,C_Tbl_correct,hard_hadron,charged_hadron,3,L2_ch0:32,L2,label_Hqql,0.5737698674201965,1.212343692779541,0.6956062798738287
20574,C_Tbl_correct,hard_hadron,charged_hadron,3,L2_ch0:32,L2,label_Tbl,0.5737698674201965,1.4837408065795898,0.8513257658771067
20575,C_Tbl_correct,particle0_best_lepton,muon,0,L2_ch0:32,L2,label_Hqql,5.827303409576416,1.0237191915512085,5.965522335375169
20575,C_Tbl_correct,particle0_best_lepton,muon,0,L2_ch0:32,L2,label_Tbl,5.827303409576416,1.119328498840332,6.522666777728318
20575,C_Tbl_correct,hard_hadron,charged_hadron,14,L2_ch0:32,L2,label_Hqql,1.2979551553726196,1.0237191915512085,1.3287416023277814
20575,C_Tbl_correct,hard_hadron,charged_hadron,14,L2_ch0:32,L2,label_Tbl,1.2979551553726196,1.119328498840332,1.4528381956253043
20575,C_Tbl_correct,hard_hadron,charged_hadron,16,L2_ch0:32,L2,label_Hqql,0.8369121551513672,1.0237191915512085,0.8567630348709372
20575,C_Tbl_correct,hard_hadron,charged_hadron,16,L2_ch0:32,L2,label_Tbl,0.8369121551513672,1.119328498840332,0.9367796262868069
20576,C_Tbl_correct,particle0_best_lepton,electron,0,L2_ch0:32,L2,label_Hqql,2.3160133361816406,2.015038013458252,4.666854912082272
20576,C_Tbl_correct,particle0_best_lepton,electron,0,L2_ch0:32,L2,label_Tbl,2.3160133361816406,0.7921614646911621,1.8346565166339133
20576,C_Tbl_correct,photon_neighbor,photon,13,L2_ch0:32,L2,label_Hqql,1.4630228281021118,2.015038013458252,2.948046613182953
20576,C_Tbl_correct,photon_neighbor,photon,13,L2_ch0:32,L2,label_Tbl,1.4630228281021118,0.7921614646911621,1.1589503063859752
20576,C_Tbl_correct,photon_neighbor,photon,15,L2_ch0:32,L2,label_Hqql,0.7753486037254333,2.015038013458252,1.5623569101885266
20576,C_Tbl_correct,photon_neighbor,photon,15,L2_ch0:32,L2,label_Tbl,0.7753486037254333,0.7921614646911621,0.6142012855733867
20577,C_Tbl_correct,hard_hadron,charged_hadron,2,L2_ch0:32,L2,label_Hqql,2.8809430599212646,2.4418861865997314,7.0349350624020985
20577,C_Tbl_correct,hard_hadron,charged_hadron,2,L2_ch0:32,L2,label_Tbl,2.8809430599212646,1.787581205368042,5.1499196676507495
20577,C_Tbl_correct,particle0_best_lepton,electron,0,L2_ch0:32,L2,label_Hqql,2.7359609603881836,2.4418861865997314,6.6809052762480405
20577,C_Tbl_correct,particle0_best_lepton,electron,0,L2_ch0:32,L2,label_Tbl,2.7359609603881836,1.787581205368042,4.890752391410615
20577,C_Tbl_correct,hardest_hadron,charged_hadron,1,L2_ch0:32,L2,label_Hqql,2.4193413257598877,2.4418861865997314,5.907756164042951
20577,C_Tbl_correct,hardest_hadron,charged_hadron,1,L2_ch0:32,L2,label_Tbl,2.4193413257598877,1.787581205368042,4.324769083298577
20578,C_Tbl_correct,particle0_best_lepton,muon,0,L2_ch0:32,L2,label_Hqql,2.359692335128784,1.7425079345703125,4.111782617106655
20578,C_Tbl_correct,particle0_best_lepton,muon,0,L2_ch0:32,L2,label_Tbl,2.359692335128784,1.238849401473999,2.9233034370370774
20578,C_Tbl_correct,hardest_hadron,charged_hadron,1,L2_ch0:32,L2,label_Hqql,0.4322049617767334,1.7425079345703125,0.7531205752566166
20578,C_Tbl_correct,hardest_hadron,charged_hadron,1,L2_ch0:32,L2,label_Tbl,0.4322049617767334,1.238849401473999,0.5354368582111988
20578,C_Tbl_correct,photon_neighbor,photon,24,L2_ch0:32,L2,label_Hqql,0.38832932710647583,1.7425079345703125,0.6766669337093845
20578,C_Tbl_correct,photon_neighbor,photon,24,L2_ch0:32,L2,label_Tbl,0.38832932710647583,1.238849401473999,0.48108155446065837
20579,C_Tbl_correct,photon_neighbor,photon,3,L2_ch0:32,L2,label_Hqql,1.6117981672286987,1.995387315750122,3.2161616184374395
20579,C_Tbl_correct,photon_neighbor,photon,3,L2_ch0:32,L2,label_Tbl,1.6117981672286987,-0.051540374755859375,-0.08307268156977443
20579,C_Tbl_correct,nearest_hadron_to_best_lepton,charged_hadron,6,L2_ch0:32,L2,label_Hqql,1.1842248439788818,1.995387315750122,2.362987232671628
20579,C_Tbl_correct,nearest_hadron_to_best_lepton,charged_hadron,6,L2_ch0:32,L2,label_Tbl,1.1842248439788818,-0.051540374755859375,-0.06103539225387067
20579,C_Tbl_correct,particle0_best_lepton,muon,0,L2_ch0:32,L2,label_Hqql,1.1314102411270142,1.995387315750122,2.257601644054631
20579,C_Tbl_correct,particle0_best_lepton,muon,0,L2_ch0:32,L2,label_Tbl,1.1314102411270142,-0.051540374755859375,-0.05831330783030353
20580,C_Tbl_correct,particle0_best_lepton,muon,0,L2_ch0:32,L2,label_Hqql,3.0905508995056152,2.59824800491333,8.030017708723562
20580,C_Tbl_correct,particle0_best_lepton,muon,0,L2_ch0:32,L2,label_Tbl,3.0905508995056152,0.9753148555755615,3.014260204200241
20580,C_Tbl_correct,hard_hadron,charged_hadron,3,L2_ch0:32,L2,label_Hqql,1.6419389247894287,2.59824800491333,4.2661645355236715
20580,C_Tbl_correct,hard_hadron,charged_hadron,3,L2_ch0:32,L2,label_Tbl,1.6419389247894287,0.9753148555755615,1.6014074252948944
20580,C_Tbl_correct,hard_hadron,charged_hadron,5,L2_ch0:32,L2,label_Hqql,1.5197643041610718,2.59824800491333,3.948724571225
20580,C_Tbl_correct,hard_hadron,charged_hadron,5,L2_ch0:32,L2,label_Tbl,1.5197643041610718,0.9753148555755615,1.4822487028217495
20581,C_Tbl_correct,particle0_best_lepton,muon,0,L2_ch0:32,L2,label_Hqql,2.3157122135162354,2.1325628757476807,4.93840189746021
20581,C_Tbl_correct,particle0_best_lepton,muon,0,L2_ch0:32,L2,label_Tbl,2.3157122135162354,0.869011402130127,2.0123803175976036
20581,C_Tbl_correct,hadron_neighbor,charged_hadron,9,L2_ch0:32,L2,label_Hqql,0.7592639923095703,2.1325628757476807,1.6191782028913622
20581,C_Tbl_correct,hadron_neighbor,charged_hadron,9,L2_ch0:32,L2,label_Tbl,0.7592639923095703,0.869011402130127,0.6598090665438576
20581,C_Tbl_correct,hardest_hadron,charged_hadron,1,L2_ch0:32,L2,label_Hqql,0.7308861613273621,2.1325628757476807,1.5586606940444625
20581,C_Tbl_correct,hardest_hadron,charged_hadron,1,L2_ch0:32,L2,label_Tbl,0.7308861613273621,0.869011402130127,0.6351484078525971
20582,C_Tbl_correct,particle0_best_lepton,muon,0,L2_ch0:32,L2,label_Hqql,3.504335403442383,2.1377110481262207,7.491256508278639
20582,C_Tbl_correct,particle0_best_lepton,muon,0,L2_ch0:32,L2,label_Tbl,3.504335403442383,1.3182969093322754,4.619754531621766
20582,C_Tbl_correct,photon_neighbor,photon,22,L2_ch0:32,L2,label_Hqql,1.2127219438552856,2.1377110481262207,2.5924490976845505
20582,C_Tbl_correct,photon_neighbor,photon,22,L2_ch0:32,L2,label_Tbl,1.2127219438552856,1.3182969093322754,1.5987275904638523
20582,C_Tbl_correct,hard_hadron,charged_hadron,6,L2_ch0:32,L2,label_Hqql,1.2032431364059448,2.1377110481262207,2.5721861462770335
20582,C_Tbl_correct,hard_hadron,charged_hadron,6,L2_ch0:32,L2,label_Tbl,1.2032431364059448,1.3182969093322754,1.5862317078992305
20583,C_Tbl_correct,photon_neighbor,photon,1,L2_ch0:32,L2,label_Hqql,1.9536464214324951,1.7360150814056396,3.3915596513409696
20583,C_Tbl_correct,photon_neighbor,photon,1,L2_ch0:32,L2,label_Tbl,1.9536464214324951,0.9634034633636475,1.8821497285960618
20583,C_Tbl_correct,nearest_hadron_to_best_lepton,charged_hadron,8,L2_ch0:32,L2,label_Hqql,1.7908393144607544,1.7360150814056396,3.1089240582780064
20583,C_Tbl_correct,nearest_hadron_to_best_lepton,charged_hadron,8,L2_ch0:32,L2,label_Tbl,1.7908393144607544,0.9634034633636475,1.725300797879271
20583,C_Tbl_correct,particle0,charged_hadron,0,L2_ch0:32,L2,label_Hqql,1.7229952812194824,1.7360150814056396,2.9911457933877728
20583,C_Tbl_correct,particle0,charged_hadron,0,L2_ch0:32,L2,label_Tbl,1.7229952812194824,0.9634034633636475,1.659939621286071
20584,C_Tbl_correct,particle0_best_lepton,muon,0,L2_ch0:32,L2,label_Hqql,2.3090755939483643,1.4371808767318726,3.3185592865508795
20584,C_Tbl_correct,particle0_best_lepton,muon,0,L2_ch0:32,L2,label_Tbl,2.3090755939483643,0.8539681434631348,1.9718769980801198
20584,C_Tbl_correct,photon_neighbor,photon,26,L2_ch0:32,L2,label_Hqql,0.8815199732780457,1.4371808767318726,1.2669036480523985
20584,C_Tbl_correct,photon_neighbor,photon,26,L2_ch0:32,L2,label_Tbl,0.8815199732780457,0.8539681434631348,0.7527899750059248
20584,C_Tbl_correct,hard_hadron,charged_hadron,6,L2_ch0:32,L2,label_Hqql,0.8367066383361816,1.4371808767318726,1.2024987800513713
20584,C_Tbl_correct,hard_hadron,charged_hadron,6,L2_ch0:32,L2,label_Tbl,0.8367066383361816,0.8539681434631348,0.7145208145632296
20585,C_Tbl_correct,particle0_best_lepton,electron,0,L2_ch0:32,L2,label_Hqql,1.8671863079071045,1.3427760601043701,2.507213074012327
20585,C_Tbl_correct,particle0_best_lepton,electron,0,L2_ch0:32,L2,label_Tbl,1.8671863079071045,0.713064432144165,1.3314241443551396
20585,C_Tbl_correct,photon_neighbor,photon,50,L2_ch0:32,L2,label_Hqql,1.2832975387573242,1.3427760601043701,1.723181213034195
20585,C_Tbl_correct,photon_neighbor,photon,50,L2_ch0:32,L2,label_Tbl,1.2832975387573242,0.713064432144165,0.915073830745996
20585,C_Tbl_correct,hard_hadron,charged_hadron,11,L2_ch0:32,L2,label_Hqql,0.8117470741271973,1.3427760601043701,1.089994537997768
20585,C_Tbl_correct,hard_hadron,charged_hadron,11,L2_ch0:32,L2,label_Tbl,0.8117470741271973,0.713064432144165,0.5788279664571974
20586,C_Tbl_correct,particle0_best_lepton,muon,0,L2_ch0:32,L2,label_Hqql,2.401933193206787,1.7273924350738525,4.149081227498186
20586,C_Tbl_correct,particle0_best_lepton,muon,0,L2_ch0:32,L2,label_Tbl,2.401933193206787,1.191789150238037,2.862597919260452
20586,C_Tbl_correct,hadron_neighbor,charged_hadron,12,L2_ch0:32,L2,label_Hqql,0.4997187852859497,1.7273924350738525,0.8632104493672443
20586,C_Tbl_correct,hadron_neighbor,charged_hadron,12,L2_ch0:32,L2,label_Tbl,0.4997187852859497,1.191789150238037,0.5955594264739261
20586,C_Tbl_correct,hadron_neighbor,charged_hadron,9,L2_ch0:32,L2,label_Hqql,0.4040761888027191,1.7273924350738525,0.6979981517312908
20586,C_Tbl_correct,hadron_neighbor,charged_hadron,9,L2_ch0:32,L2,label_Tbl,0.4040761888027191,1.191789150238037,0.48157361768461726
20587,C_Tbl_correct,particle0_best_lepton,muon,0,L2_ch0:32,L2,label_Hqql,3.6805310249328613,2.0172781944274902,7.4246549805109225
20587,C_Tbl_correct,particle0_best_lepton,muon,0,L2_ch0:32,L2,label_Tbl,3.6805310249328613,1.246881365776062,4.5891855511494555
20587,C_Tbl_correct,hardest_hadron,charged_hadron,1,L2_ch0:32,L2,label_Hqql,1.3225022554397583,2.0172781944274902,2.667854961979799
20587,C_Tbl_correct,hardest_hadron,charged_hadron,1,L2_ch0:32,L2,label_Tbl,1.3225022554397583,1.246881365776062,1.6490034185046483
20587,C_Tbl_correct,hadron_neighbor,charged_hadron,14,L2_ch0:32,L2,label_Hqql,0.860051691532135,2.0172781944274902,1.734963523408254
20587,C_Tbl_correct,hadron_neighbor,charged_hadron,14,L2_ch0:32,L2,label_Tbl,0.860051691532135,1.246881365776062,1.0723824277756009
20588,C_Tbl_correct,particle0_best_lepton,muon,0,L2_ch0:32,L2,label_Hqql,3.100816249847412,1.0826520919799805,3.3571051997428185
20588,C_Tbl_correct,particle0_best_lepton,muon,0,L2_ch0:32,L2,label_Tbl,3.100816249847412,0.8851308822631836,2.744628222963456
20588,C_Tbl_correct,second_lepton,electron,1,L2_ch0:32,L2,label_Hqql,2.6687874794006348,1.0826520919799805,2.8893683476230763
20588,C_Tbl_correct,second_lepton,electron,1,L2_ch0:32,L2,label_Tbl,2.6687874794006348,0.8851308822631836,2.3622262162148218
20588,C_Tbl_correct,hardest_hadron,charged_hadron,2,L2_ch0:32,L2,label_Hqql,0.7142218947410583,1.0826520919799805,0.7732538284793122
20588,C_Tbl_correct,hardest_hadron,charged_hadron,2,L2_ch0:32,L2,label_Tbl,0.7142218947410583,0.8851308822631836,0.6321798558238356
20589,C_Tbl_correct,particle0_best_lepton,electron,0,L2_ch0:32,L2,label_Hqql,2.8536906242370605,2.962205648422241,8.453218485964612
20589,C_Tbl_correct,particle0_best_lepton,electron,0,L2_ch0:32,L2,label_Tbl,2.8536906242370605,1.9847412109375,5.663837385189254
20589,C_Tbl_correct,photon_neighbor,photon,1,L2_ch0:32,L2,label_Hqql,1.0014300346374512,2.962205648422241,2.9664417051027385
20589,C_Tbl_correct,photon_neighbor,photon,1,L2_ch0:32,L2,label_Tbl,1.0014300346374512,1.9847412109375,1.9875794596155174
20589,C_Tbl_correct,hardest_hadron,charged_hadron,2,L2_ch0:32,L2,label_Hqql,0.24155071377754211,2.962205648422241,0.7155228887322593
20589,C_Tbl_correct,hardest_hadron,charged_hadron,2,L2_ch0:32,L2,label_Tbl,0.24155071377754211,1.9847412109375,0.4794156561656564
20590,C_Tbl_correct,particle0_best_lepton,electron,0,L2_ch0:32,L2,label_Hqql,2.3597428798675537,1.4764916896820068,3.4841407519107293
20590,C_Tbl_correct,particle0_best_lepton,electron,0,L2_ch0:32,L2,label_Tbl,2.3597428798675537,1.218492031097412,2.875327894557472
20590,C_Tbl_correct,hardest_hadron,charged_hadron,1,L2_ch0:32,L2,label_Hqql,0.3999849855899811,1.4764916896820068,0.5905745072211843
20590,C_Tbl_correct,hardest_hadron,charged_hadron,1,L2_ch0:32,L2,label_Tbl,0.3999849855899811,1.218492031097412,0.48737851750000516
20590,C_Tbl_correct,nearest_hadron_to_best_lepton,charged_hadron,10,L2_ch0:32,L2,label_Hqql,0.23479855060577393,1.4764916896820068,0.34667810871880533
20590,C_Tbl_correct,nearest_hadron_to_best_lepton,charged_hadron,10,L2_ch0:32,L2,label_Tbl,0.23479855060577393,1.218492031097412,0.286100162826358
20591,C_Tbl_correct,particle0_best_lepton,muon,0,L2_ch0:32,L2,label_Hqql,2.822874069213867,3.7537946701049805,10.596489635392572
20591,C_Tbl_correct,particle0_best_lepton,muon,0,L2_ch0:32,L2,label_Tbl,2.822874069213867,2.971742630004883,8.388855210618203
20591,C_Tbl_correct,hardest_hadron,charged_hadron,1,L2_ch0:32,L2,label_Hqql,0.6502156853675842,3.7537946701049805,2.4407761741514946
20591,C_Tbl_correct,hardest_hadron,charged_hadron,1,L2_ch0:32,L2,label_Tbl,0.6502156853675842,2.971742630004883,1.9322736709046922
20591,C_Tbl_correct,hadron_neighbor,charged_hadron,11,L2_ch0:32,L2,label_Hqql,0.5659388303756714,3.7537946701049805,2.124418165069642
20591,C_Tbl_correct,hadron_neighbor,charged_hadron,11,L2_ch0:32,L2,label_Tbl,0.5659388303756714,2.971742630004883,1.681824548202485
20592,C_Tbl_correct,particle0_best_lepton,muon,0,L2_ch0:32,L2,label_Hqql,2.1345772743225098,1.800602912902832,3.8435260579612986
20592,C_Tbl_correct,particle0_best_lepton,muon,0,L2_ch0:32,L2,label_Tbl,2.1345772743225098,0.955230712890625,2.039013771471218
20592,C_Tbl_correct,hadron_neighbor,charged_hadron,13,L2_ch0:32,L2,label_Hqql,0.9931225776672363,1.800602912902832,1.7882194062171948
20592,C_Tbl_correct,hadron_neighbor,charged_hadron,13,L2_ch0:32,L2,label_Tbl,0.9931225776672363,0.955230712890625,0.9486611878528493
20592,C_Tbl_correct,photon_neighbor,photon,8,L2_ch0:32,L2,label_Hqql,0.7226212620735168,1.800602912902832,1.3011539494150952
20592,C_Tbl_correct,photon_neighbor,photon,8,L2_ch0:32,L2,label_Tbl,0.7226212620735168,0.955230712890625,0.6902700233204087
20593,C_Tbl_correct,particle0_best_lepton,electron,0,L2_ch0:32,L2,label_Hqql,3.1004881858825684,2.32125186920166,7.197013996917576
20593,C_Tbl_correct,particle0_best_lepton,electron,0,L2_ch0:32,L2,label_Tbl,3.1004881858825684,2.0786261558532715,6.4447558390895665
20593,C_Tbl_correct,hardest_hadron,charged_hadron,2,L2_ch0:32,L2,label_Hqql,0.849494218826294,2.32125186920166,1.971890043326539
20593,C_Tbl_correct,hardest_hadron,charged_hadron,2,L2_ch0:32,L2,label_Tbl,0.849494218826294,2.0786261558532715,1.7657809024984772
20593,C_Tbl_correct,second_lepton,electron,1,L2_ch0:32,L2,label_Hqql,0.7598991990089417,2.32125186920166,1.7639174361043501
20593,C_Tbl_correct,second_lepton,electron,1,L2_ch0:32,L2,label_Tbl,0.7598991990089417,2.0786261558532715,1.5795463508719365
20594,C_Tbl_correct,second_lepton,electron,1,L2_ch0:32,L2,label_Hqql,2.7905657291412354,2.0449342727661133,5.706523499927471
20594,C_Tbl_correct,second_lepton,electron,1,L2_ch0:32,L2,label_Tbl,2.7905657291412354,0.7910659313201904,2.2075214774333176
20594,C_Tbl_correct,particle0_best_lepton,muon,0,L2_ch0:32,L2,label_Hqql,2.6089487075805664,2.0449342727661133,5.335128628020357
20594,C_Tbl_correct,particle0_best_lepton,muon,0,L2_ch0:32,L2,label_Tbl,2.6089487075805664,0.7910659313201904,2.063850439128828
20594,C_Tbl_correct,photon_neighbor,photon,6,L2_ch0:32,L2,label_Hqql,1.601672887802124,2.0449342727661133,3.275315782026837
20594,C_Tbl_correct,photon_neighbor,photon,6,L2_ch0:32,L2,label_Tbl,1.601672887802124,0.7910659313201904,1.2670288546594861
20595,C_Tbl_correct,particle0_best_lepton,muon,0,L2_ch0:32,L2,label_Hqql,2.0147674083709717,0.8602094650268555,1.7331219945083376
20595,C_Tbl_correct,particle0_best_lepton,muon,0,L2_ch0:32,L2,label_Tbl,2.0147674083709717,0.863433837890625,1.7396183558666962
20595,C_Tbl_correct,hardest_hadron,charged_hadron,1,L2_ch0:32,L2,label_Hqql,1.5352367162704468,0.8602094650268555,1.3206251543925873
20595,C_Tbl_correct,hardest_hadron,charged_hadron,1,L2_ch0:32,L2,label_Tbl,1.5352367162704468,0.863433837890625,1.3255753299999924
20595,C_Tbl_correct,photon_neighbor,photon,7,L2_ch0:32,L2,label_Hqql,0.8190701603889465,0.8602094650268555,0.7045719044876364
20595,C_Tbl_correct,photon_neighbor,photon,7,L2_ch0:32,L2,label_Tbl,0.8190701603889465,0.863433837890625,0.7072128920863179
20596,C_Tbl_correct,particle0_best_lepton,electron,0,L2_ch0:32,L2,label_Hqql,1.8198827505111694,2.858473062515259,5.202085819272355
20596,C_Tbl_correct,particle0_best_lepton,electron,0,L2_ch0:32,L2,label_Tbl,1.8198827505111694,1.199432611465454,2.1828267200065454
20596,C_Tbl_correct,nearest_hadron_to_best_lepton,charged_hadron,2,L2_ch0:32,L2,label_Hqql,1.0825563669204712,2.858473062515259,3.0944582134965515
20596,C_Tbl_correct,nearest_hadron_to_best_lepton,charged_hadron,2,L2_ch0:32,L2,label_Tbl,1.0825563669204712,1.199432611465454,1.298453410233975
20596,C_Tbl_correct,hardest_hadron,neutral_hadron,1,L2_ch0:32,L2,label_Hqql,1.036320447921753,2.858473062515259,2.962294084518078
20596,C_Tbl_correct,hardest_hadron,neutral_hadron,1,L2_ch0:32,L2,label_Tbl,1.036320447921753,1.199432611465454,1.2429965411658372
20597,C_Tbl_correct,hardest_hadron,charged_hadron,1,L2_ch0:32,L2,label_Hqql,3.090409755706787,1.9882068634033203,6.144373887024813
20597,C_Tbl_correct,hardest_hadron,charged_hadron,1,L2_ch0:32,L2,label_Tbl,3.090409755706787,1.6386561393737793,5.064118919369548
20597,C_Tbl_correct,particle0_best_lepton,muon,0,L2_ch0:32,L2,label_Hqql,2.1336560249328613,1.9882068634033203,4.242149552913361
20597,C_Tbl_correct,particle0_best_lepton,muon,0,L2_ch0:32,L2,label_Tbl,2.1336560249328613,1.6386561393737793,3.4963285445680867
20597,C_Tbl_correct,hard_hadron,charged_hadron,2,L2_ch0:32,L2,label_Hqql,1.001702070236206,1.9882068634033203,1.9915909311289397
20597,C_Tbl_correct,hard_hadron,charged_hadron,2,L2_ch0:32,L2,label_Tbl,1.001702070236206,1.6386561393737793,1.6414452472159837
20598,C_Tbl_correct,particle0,neutral_hadron,0,L2_ch0:32,L2,label_Hqql,2.044525146484375,0.40714025497436523,0.8324084894411499
20598,C_Tbl_correct,particle0,neutral_hadron,0,L2_ch0:32,L2,label_Tbl,2.044525146484375,0.24127346277236938,0.4932896618174709
20598,C_Tbl_correct,photon_neighbor,photon,2,L2_ch0:32,L2,label_Hqql,0.9557396769523621,0.40714025497436523,0.38912009576350215
20598,C_Tbl_correct,photon_neighbor,photon,2,L2_ch0:32,L2,label_Tbl,0.9557396769523621,0.24127346277236938,0.23059462136724207
20598,C_Tbl_correct,hard_hadron,charged_hadron,1,L2_ch0:32,L2,label_Hqql,0.743650496006012,0.40714025497436523,0.3027700525557009
20598,C_Tbl_correct,hard_hadron,charged_hadron,1,L2_ch0:32,L2,label_Tbl,0.743650496006012,0.24127346277236938,0.17942313026376056
20599,C_Tbl_correct,best_lepton,electron,3,L2_ch0:32,L2,label_Hqql,3.728792905807495,0.8339676856994629,3.109692790108852
20599,C_Tbl_correct,best_lepton,electron,3,L2_ch0:32,L2,label_Tbl,3.728792905807495,1.2758530378341675,4.757391756328985
20599,C_Tbl_correct,hadron_neighbor,charged_hadron,21,L2_ch0:32,L2,label_Hqql,1.3285291194915771,0.8339676856994629,1.1079503551667358
20599,C_Tbl_correct,hadron_neighbor,charged_hadron,21,L2_ch0:32,L2,label_Tbl,1.3285291194915771,1.2758530378341675,1.6950079129544804
20599,C_Tbl_correct,hadron_neighbor,charged_hadron,11,L2_ch0:32,L2,label_Hqql,1.0901739597320557,0.8339676856994629,0.9091698542075619
20599,C_Tbl_correct,hadron_neighbor,charged_hadron,11,L2_ch0:32,L2,label_Tbl,1.0901739597320557,1.2758530378341675,1.3909017582918466
20600,C_Tbl_correct,particle0_best_lepton,electron,0,L2_ch0:32,L2,label_Hqql,1.975023865699768,1.3351744413375854,2.637001386514086
20600,C_Tbl_correct,particle0_best_lepton,electron,0,L2_ch0:32,L2,label_Tbl,1.975023865699768,0.44832944869995117,0.8854613608784234
20600,C_Tbl_correct,hadron_neighbor,charged_hadron,14,L2_ch0:32,L2,label_Hqql,1.1592037677764893,1.3351744413375854,1.5477392430373982
20600,C_Tbl_correct,hadron_neighbor,charged_hadron,14,L2_ch0:32,L2,label_Tbl,1.1592037677764893,0.44832944869995117,0.5197051861381397
20600,C_Tbl_correct,hadron_neighbor,charged_hadron,21,L2_ch0:32,L2,label_Hqql,1.0600783824920654,1.3351744413375854,1.4153895621178947
20600,C_Tbl_correct,hadron_neighbor,charged_hadron,21,L2_ch0:32,L2,label_Tbl,1.0600783824920654,0.44832944869995117,0.47526435680140366
20601,C_Tbl_correct,second_lepton,electron,1,L2_ch0:32,L2,label_Hqql,2.8182213306427,1.7086215019226074,4.81527356271306
20601,C_Tbl_correct,second_lepton,electron,1,L2_ch0:32,L2,label_Tbl,2.8182213306427,0.8421261310577393,2.373297825638531
20601,C_Tbl_correct,particle0_best_lepton,muon,0,L2_ch0:32,L2,label_Hqql,2.4978764057159424,1.7086215019226074,4.267925335951418
20601,C_Tbl_correct,particle0_best_lepton,muon,0,L2_ch0:32,L2,label_Tbl,2.4978764057159424,0.8421261310577393,2.1035269934059784
20601,C_Tbl_correct,nearest_hadron_to_best_lepton,charged_hadron,6,L2_ch0:32,L2,label_Hqql,0.524216890335083,1.7086215019226074,0.8956882504975283
20601,C_Tbl_correct,nearest_hadron_to_best_lepton,charged_hadron,6,L2_ch0:32,L2,label_Tbl,0.524216890335083,0.8421261310577393,0.44145674169300264
20602,C_Tbl_correct,particle0_best_lepton,electron,0,L2_ch0:32,L2,label_Hqql,1.8354039192199707,1.32253897190094,2.427393212348136
20602,C_Tbl_correct,particle0_best_lepton,electron,0,L2_ch0:32,L2,label_Tbl,1.8354039192199707,0.7177660465240479,1.3173906148732613
20602,C_Tbl_correct,photon_neighbor,photon,10,L2_ch0:32,L2,label_Hqql,0.6989136338233948,1.32253897190094,0.9243405187243425
20602,C_Tbl_correct,photon_neighbor,photon,10,L2_ch0:32,L2,label_Tbl,0.6989136338233948,0.7177660465240479,0.5016564758111741
20602,C_Tbl_correct,hard_hadron,charged_hadron,3,L2_ch0:32,L2,label_Hqql,0.645748496055603,1.32253897190094,0.8540275520799554
20602,C_Tbl_correct,hard_hadron,charged_hadron,3,L2_ch0:32,L2,label_Tbl,0.645748496055603,0.7177660465240479,0.4634963450626799
20603,C_Tbl_correct,best_lepton,muon,1,L2_ch0:32,L2,label_Hqql,1.9658268690109253,0.9849472045898438,1.9362356793399158
20603,C_Tbl_correct,best_lepton,muon,1,L2_ch0:32,L2,label_Tbl,1.9658268690109253,0.6857035160064697,1.3479743959407813
20603,C_Tbl_correct,hard_hadron,charged_hadron,2,L2_ch0:32,L2,label_Hqql,1.0641757249832153,0.9849472045898438,1.0481569055145883
20603,C_Tbl_correct,hard_hadron,charged_hadron,2,L2_ch0:32,L2,label_Tbl,1.0641757249832153,0.6857035160064697,0.7297090362697247
20603,C_Tbl_correct,particle0,neutral_hadron,0,L2_ch0:32,L2,label_Hqql,0.8829149007797241,0.9849472045898438,0.8696245634137085
20603,C_Tbl_correct,particle0,neutral_hadron,0,L2_ch0:32,L2,label_Tbl,0.8829149007797241,0.6857035160064697,0.6054178517991602
20604,C_Tbl_correct,particle0_best_lepton,muon,0,L2_ch0:32,L2,label_Hqql,4.734910488128662,3.8056697845458984,18.01950577720072
20604,C_Tbl_correct,particle0_best_lepton,muon,0,L2_ch0:32,L2,label_Tbl,4.734910488128662,4.021202087402344,19.040031938526226
20604,C_Tbl_correct,second_lepton,muon,10,L2_ch0:32,L2,label_Hqql,1.0476034879684448,3.8056697845458984,3.986832940346403
20604,C_Tbl_correct,second_lepton,muon,10,L2_ch0:32,L2,label_Tbl,1.0476034879684448,4.021202087402344,4.212625332588686
20604,C_Tbl_correct,hard_hadron,charged_hadron,2,L2_ch0:32,L2,label_Hqql,0.626956045627594,3.8056697845458984,2.385987679083314
20604,C_Tbl_correct,hard_hadron,charged_hadron,2,L2_ch0:32,L2,label_Tbl,0.626956045627594,4.021202087402344,2.5211169593872
20605,C_Tbl_correct,particle0_best_lepton,electron,0,L2_ch0:32,L2,label_Hqql,3.352015972137451,1.0481071472167969,3.513271897982122
20605,C_Tbl_correct,particle0_best_lepton,electron,0,L2_ch0:32,L2,label_Tbl,3.352015972137451,0.9301128387451172,3.1177530913637383
20605,C_Tbl_correct,second_lepton,electron,1,L2_ch0:32,L2,label_Hqql,3.218492269515991,1.0481071472167969,3.3733247509417197
20605,C_Tbl_correct,second_lepton,electron,1,L2_ch0:32,L2,label_Tbl,3.218492269515991,0.9301128387451172,2.9935609812787334
20605,C_Tbl_correct,nearest_hadron_to_best_lepton,neutral_hadron,25,L2_ch0:32,L2,label_Hqql,0.6164542436599731,1.0481071472167969,0.6461100987121426
20605,C_Tbl_correct,nearest_hadron_to_best_lepton,neutral_hadron,25,L2_ch0:32,L2,label_Tbl,0.6164542436599731,0.9301128387451172,0.5733720065270518
20606,C_Tbl_correct,photon_neighbor,photon,5,L2_ch0:32,L2,label_Hqql,2.450868844985962,1.3877358436584473,3.401158544292798
20606,C_Tbl_correct,photon_neighbor,photon,5,L2_ch0:32,L2,label_Tbl,2.450868844985962,1.0641756057739258,2.608154837785378
20606,C_Tbl_correct,particle0_best_lepton,muon,0,L2_ch0:32,L2,label_Hqql,1.8395795822143555,1.3877358436584473,2.5528505235010925
20606,C_Tbl_correct,particle0_best_lepton,muon,0,L2_ch0:32,L2,label_Tbl,1.8395795822143555,1.0641756057739258,1.957635716272307
20606,C_Tbl_correct,hadron_neighbor,charged_hadron,15,L2_ch0:32,L2,label_Hqql,0.31262826919555664,1.3877358436584473,0.43384545490357596
20606,C_Tbl_correct,hadron_neighbor,charged_hadron,15,L2_ch0:32,L2,label_Tbl,0.31262826919555664,1.0641756057739258,0.33269137775323543
20607,C_Tbl_correct,particle0_best_lepton,muon,0,L2_ch0:32,L2,label_Hqql,2.1545896530151367,1.682890772819519,3.625939046271583
20607,C_Tbl_correct,particle0_best_lepton,muon,0,L2_ch0:32,L2,label_Tbl,2.1545896530151367,1.6746952533721924,3.6082810648692885
20607,C_Tbl_correct,photon_neighbor,photon,5,L2_ch0:32,L2,label_Hqql,0.6151654720306396,1.682890772819519,1.0352562966375274
20607,C_Tbl_correct,photon_neighbor,photon,5,L2_ch0:32,L2,label_Tbl,0.6151654720306396,1.6746952533721924,1.0302146960481764
20607,C_Tbl_correct,hard_hadron,charged_hadron,4,L2_ch0:32,L2,label_Hqql,0.556413471698761,1.682890772819519,0.9363830973943195
20607,C_Tbl_correct,hard_hadron,charged_hadron,4,L2_ch0:32,L2,label_Tbl,0.556413471698761,1.6746952533721924,0.9318229999662577
20608,C_Tbl_correct,particle0_best_lepton,muon,0,L2_ch0:32,L2,label_Hqql,2.8914871215820312,0.8909070491790771,2.576046259227951
20608,C_Tbl_correct,particle0_best_lepton,muon,0,L2_ch0:32,L2,label_Tbl,2.8914871215820312,1.2592964172363281,3.641239372693235
20608,C_Tbl_correct,hardest_hadron,charged_hadron,2,L2_ch0:32,L2,label_Hqql,1.5440576076507568,0.8909070491790771,1.375611806994641
20608,C_Tbl_correct,hardest_hadron,charged_hadron,2,L2_ch0:32,L2,label_Tbl,1.5440576076507568,1.2592964172363281,1.944426213321094
20608,C_Tbl_correct,nearest_hadron_to_best_lepton,charged_hadron,29,L2_ch0:32,L2,label_Hqql,1.4656193256378174,0.8909070491790771,1.3057305886238169
20608,C_Tbl_correct,nearest_hadron_to_best_lepton,charged_hadron,29,L2_ch0:32,L2,label_Tbl,1.4656193256378174,1.2592964172363281,1.8456491658080267
20609,C_Tbl_correct,particle0_best_lepton,electron,0,L2_ch0:32,L2,label_Hqql,2.239999771118164,1.0179903507232666,2.2802981526206167
20609,C_Tbl_correct,particle0_best_lepton,electron,0,L2_ch0:32,L2,label_Tbl,2.239999771118164,0.9834375381469727,2.2028998603582295
20609,C_Tbl_correct,hard_hadron,charged_hadron,3,L2_ch0:32,L2,label_Hqql,0.667720377445221,1.0179903507232666,0.6797329012205324
20609,C_Tbl_correct,hard_hadron,charged_hadron,3,L2_ch0:32,L2,label_Tbl,0.667720377445221,0.9834375381469727,0.6566612841652955
20609,C_Tbl_correct,hard_hadron,charged_hadron,2,L2_ch0:32,L2,label_Hqql,0.411885142326355,1.0179903507232666,0.4192951004945087
20609,C_Tbl_correct,hard_hadron,charged_hadron,2,L2_ch0:32,L2,label_Tbl,0.411885142326355,0.9834375381469727,0.405063310368746
20610,C_Tbl_correct,particle0_best_lepton,electron,0,L2_ch0:32,L2,label_Hqql,4.038039207458496,6.190166473388672,24.996134920238546
20610,C_Tbl_correct,particle0_best_lepton,electron,0,L2_ch0:32,L2,label_Tbl,4.038039207458496,5.272928714752197,21.29229288830311
20610,C_Tbl_correct,second_lepton,electron,1,L2_ch0:32,L2,label_Hqql,1.4760308265686035,6.190166473388672,9.136876536313139
20610,C_Tbl_correct,second_lepton,electron,1,L2_ch0:32,L2,label_Tbl,1.4760308265686035,5.272928714752197,7.78300532927301
20610,C_Tbl_correct,hardest_hadron,charged_hadron,2,L2_ch0:32,L2,label_Hqql,0.9635663628578186,6.190166473388672,5.964636194247532
20610,C_Tbl_correct,hardest_hadron,charged_hadron,2,L2_ch0:32,L2,label_Tbl,0.9635663628578186,5.272928714752197,5.080816743282327
12308,A_protected_highiso,particle0_best_lepton,electron,0,L2_ch32:64,L2,label_Hqql,4.957876682281494,0.19878745079040527,0.9855636670039303
12308,A_protected_highiso,particle0_best_lepton,electron,0,L2_ch32:64,L2,label_Tbl,4.957876682281494,0.20212197303771973,1.0020958171004395
12308,A_protected_highiso,hard_hadron,charged_hadron,12,L2_ch32:64,L2,label_Hqql,1.388697624206543,0.19878745079040527,0.2760556606347109
12308,A_protected_highiso,hard_hadron,charged_hadron,12,L2_ch32:64,L2,label_Tbl,1.388697624206543,0.20212197303771973,0.2806863037574203
12308,A_protected_highiso,photon_neighbor,photon,16,L2_ch32:64,L2,label_Hqql,1.1569935083389282,0.19878745079040527,0.22999579010374305
12308,A_protected_highiso,photon_neighbor,photon,16,L2_ch32:64,L2,label_Tbl,1.1569935083389282,0.20212197303771973,0.2338538106972976
12358,A_protected_highiso,particle0_best_lepton,electron,0,L2_ch32:64,L2,label_Hqql,4.278705596923828,0.22974300384521484,0.9830026764066133
12358,A_protected_highiso,particle0_best_lepton,electron,0,L2_ch32:64,L2,label_Tbl,4.278705596923828,-0.024650394916534424,-0.10547178269575852
12358,A_protected_highiso,hard_hadron,charged_hadron,4,L2_ch32:64,L2,label_Hqql,1.8456724882125854,0.22974300384521484,0.42403034155643127
12358,A_protected_highiso,hard_hadron,charged_hadron,4,L2_ch32:64,L2,label_Tbl,1.8456724882125854,-0.024650394916534424,-0.04549655572102296
12358,A_protected_highiso,hadron_neighbor,charged_hadron,14,L2_ch32:64,L2,label_Hqql,1.1675727367401123,0.22974300384521484,0.26824166774645164
12358,A_protected_highiso,hadron_neighbor,charged_hadron,14,L2_ch32:64,L2,label_Tbl,1.1675727367401123,-0.024650394916534424,-0.02878112905442265
12438,A_protected_highiso,particle0_best_lepton,muon,0,L2_ch32:64,L2,label_Hqql,4.799337387084961,0.46785497665405273,2.245393881189557
12438,A_protected_highiso,particle0_best_lepton,muon,0,L2_ch32:64,L2,label_Tbl,4.799337387084961,0.6469116806983948,3.1047474153177745
12438,A_protected_highiso,hardest_hadron,neutral_hadron,1,L2_ch32:64,L2,label_Hqql,2.8874032497406006,0.46785497665405273,1.3508859799982247
12438,A_protected_highiso,hardest_hadron,neutral_hadron,1,L2_ch32:64,L2,label_Tbl,2.8874032497406006,0.6469116806983948,1.8678948891436988
12438,A_protected_highiso,hard_hadron,charged_hadron,6,L2_ch32:64,L2,label_Hqql,1.8950749635696411,0.46785497665405273,0.8866202528385543
12438,A_protected_highiso,hard_hadron,charged_hadron,6,L2_ch32:64,L2,label_Tbl,1.8950749635696411,0.6469116806983948,1.2259461297322858
12442,A_protected_highiso,particle0_best_lepton,muon,0,L2_ch32:64,L2,label_Hqql,3.6230545043945312,-0.183904230594635,-0.6662950510331029
12442,A_protected_highiso,particle0_best_lepton,muon,0,L2_ch32:64,L2,label_Tbl,3.6230545043945312,-0.49958324432373047,-1.8100173236671253
12442,A_protected_highiso,hardest_hadron,charged_hadron,1,L2_ch32:64,L2,label_Hqql,2.605593204498291,-0.183904230594635,-0.4791796135158677
12442,A_protected_highiso,hardest_hadron,charged_hadron,1,L2_ch32:64,L2,label_Tbl,2.605593204498291,-0.49958324432373047,-1.3017107064911215
12442,A_protected_highiso,hard_hadron,charged_hadron,3,L2_ch32:64,L2,label_Hqql,1.463170051574707,-0.183904230594635,-0.2690831625639589
12442,A_protected_highiso,hard_hadron,charged_hadron,3,L2_ch32:64,L2,label_Tbl,1.463170051574707,-0.49958324432373047,-0.7309752413630122
12509,A_protected_highiso,particle0_best_lepton,electron,0,L2_ch32:64,L2,label_Hqql,4.401987075805664,0.6419550180435181,2.8258776926761584
12509,A_protected_highiso,particle0_best_lepton,electron,0,L2_ch32:64,L2,label_Tbl,4.401987075805664,-0.29007720947265625,-1.2769161270844052
12509,A_protected_highiso,hardest_hadron,charged_hadron,2,L2_ch32:64,L2,label_Hqql,2.8538715839385986,0.6419550180435181,1.8320571841611866
12509,A_protected_highiso,hardest_hadron,charged_hadron,2,L2_ch32:64,L2,label_Tbl,2.8538715839385986,-0.29007720947265625,-0.8278431052622182
12509,A_protected_highiso,hard_hadron,charged_hadron,8,L2_ch32:64,L2,label_Hqql,1.2040399312973022,0.6419550180435181,0.7729394758210759
12509,A_protected_highiso,hard_hadron,charged_hadron,8,L2_ch32:64,L2,label_Tbl,1.2040399312973022,-0.29007720947265625,-0.3492645433643702
12592,A_protected_highiso,particle0_best_lepton,electron,0,L2_ch32:64,L2,label_Hqql,3.90590500831604,0.23921871185302734,0.9343655647096512
12592,A_protected_highiso,particle0_best_lepton,electron,0,L2_ch32:64,L2,label_Tbl,3.90590500831604,-0.3151704668998718,-1.231025905137514
12592,A_protected_highiso,hardest_hadron,charged_hadron,2,L2_ch32:64,L2,label_Hqql,2.3441576957702637,0.23921871185302734,0.5607663843625232
12592,A_protected_highiso,hardest_hadron,charged_hadron,2,L2_ch32:64,L2,label_Tbl,2.3441576957702637,-0.3151704668998718,-0.7388092754628417
12592,A_protected_highiso,hard_hadron,charged_hadron,3,L2_ch32:64,L2,label_Hqql,1.610378384590149,0.23921871185302734,0.3852326427576145
12592,A_protected_highiso,hard_hadron,charged_hadron,3,L2_ch32:64,L2,label_Tbl,1.610378384590149,-0.3151704668998718,-0.5075437073567386
12784,A_protected_highiso,particle0_best_lepton,muon,0,L2_ch32:64,L2,label_Hqql,4.930023670196533,-0.5236698389053345,-2.5817047011713044
12784,A_protected_highiso,particle0_best_lepton,muon,0,L2_ch32:64,L2,label_Tbl,4.930023670196533,-0.30142855644226074,-1.4860499181335172
12784,A_protected_highiso,hard_hadron,charged_hadron,2,L2_ch32:64,L2,label_Hqql,0.9732515215873718,-0.5236698389053345,-0.5096624675240307
12784,A_protected_highiso,hard_hadron,charged_hadron,2,L2_ch32:64,L2,label_Tbl,0.9732515215873718,-0.30142855644226074,-0.29336580120731526
12784,A_protected_highiso,hardest_hadron,charged_hadron,1,L2_ch32:64,L2,label_Hqql,0.9564686417579651,-0.5236698389053345,-0.5008737795473976
12784,A_protected_highiso,hardest_hadron,charged_hadron,1,L2_ch32:64,L2,label_Tbl,0.9564686417579651,-0.30142855644226074,-0.28830696196739325
13089,A_protected_highiso,best_lepton,muon,1,L2_ch32:64,L2,label_Hqql,2.9229190349578857,0.04529976844787598,0.13240755547548133
13089,A_protected_highiso,best_lepton,muon,1,L2_ch32:64,L2,label_Tbl,2.9229190349578857,-0.2124767303466797,-0.6210522796159239
13089,A_protected_highiso,hard_hadron,charged_hadron,2,L2_ch32:64,L2,label_Hqql,1.5785670280456543,0.04529976844787598,0.07150872084991988
13089,A_protected_highiso,hard_hadron,charged_hadron,2,L2_ch32:64,L2,label_Tbl,1.5785670280456543,-0.2124767303466797,-0.33540876075221604
13089,A_protected_highiso,hard_hadron,charged_hadron,5,L2_ch32:64,L2,label_Hqql,1.3691812753677368,0.04529976844787598,0.06202359473732599
13089,A_protected_highiso,hard_hadron,charged_hadron,5,L2_ch32:64,L2,label_Tbl,1.3691812753677368,-0.2124767303466797,-0.2909191606420336
13279,A_protected_highiso,particle0_best_lepton,muon,0,L2_ch32:64,L2,label_Hqql,5.382826328277588,-0.3872032165527344,-2.084247668453827
13279,A_protected_highiso,particle0_best_lepton,muon,0,L2_ch32:64,L2,label_Tbl,5.382826328277588,0.8151997327804565,4.388078584415496
13279,A_protected_highiso,hard_hadron,charged_hadron,2,L2_ch32:64,L2,label_Hqql,0.9700326919555664,-0.3872032165527344,-0.37559977848650306
13279,A_protected_highiso,hard_hadron,charged_hadron,2,L2_ch32:64,L2,label_Tbl,0.9700326919555664,0.8151997327804565,0.7907703912704847
13279,A_protected_highiso,hard_hadron,charged_hadron,5,L2_ch32:64,L2,label_Hqql,0.43878474831581116,-0.3872032165527344,-0.16989886592216408
13279,A_protected_highiso,hard_hadron,charged_hadron,5,L2_ch32:64,L2,label_Tbl,0.43878474831581116,0.8151997327804565,0.35769720957518913
13374,A_protected_highiso,particle0_best_lepton,electron,0,L2_ch32:64,L2,label_Hqql,2.965562582015991,-0.07343912124633789,-0.21778831002427523
13374,A_protected_highiso,particle0_best_lepton,electron,0,L2_ch32:64,L2,label_Tbl,2.965562582015991,0.5260440111160278,1.5600164358592963
13374,A_protected_highiso,hard_hadron,charged_hadron,14,L2_ch32:64,L2,label_Hqql,1.2712042331695557,-0.07343912124633789,-0.09335612180859698
13374,A_protected_highiso,hard_hadron,charged_hadron,14,L2_ch32:64,L2,label_Tbl,1.2712042331695557,0.5260440111160278,0.6687093737641874
13374,A_protected_highiso,photon_neighbor,photon,22,L2_ch32:64,L2,label_Hqql,0.9443227648735046,-0.07343912124633789,-0.06935023402522233
13374,A_protected_highiso,photon_neighbor,photon,22,L2_ch32:64,L2,label_Tbl,0.9443227648735046,0.5260440111160278,0.496755335022236
13400,A_protected_highiso,particle0_best_lepton,electron,0,L2_ch32:64,L2,label_Hqql,3.221362590789795,-0.2535334825515747,-0.8167232762043
13400,A_protected_highiso,particle0_best_lepton,electron,0,L2_ch32:64,L2,label_Tbl,3.221362590789795,-0.8876763582229614,-2.859527413107969
13400,A_protected_highiso,hardest_hadron,charged_hadron,1,L2_ch32:64,L2,label_Hqql,2.7722654342651367,-0.2535334825515747,-0.7028621101065937
13400,A_protected_highiso,hardest_hadron,charged_hadron,1,L2_ch32:64,L2,label_Tbl,2.7722654342651367,-0.8876763582229614,-2.4608744847158732
13400,A_protected_highiso,hard_hadron,charged_hadron,2,L2_ch32:64,L2,label_Hqql,1.4240931272506714,-0.2535334825515747,-0.36105529002962555
13400,A_protected_highiso,hard_hadron,charged_hadron,2,L2_ch32:64,L2,label_Tbl,1.4240931272506714,-0.8876763582229614,-1.2641338009682244
13529,A_protected_highiso,particle0_best_lepton,muon,0,L2_ch32:64,L2,label_Hqql,3.009895086288452,-0.26986241340637207,-0.8122575520857822
13529,A_protected_highiso,particle0_best_lepton,muon,0,L2_ch32:64,L2,label_Tbl,3.009895086288452,0.1571863889694214,0.4731145397904868
13529,A_protected_highiso,photon_neighbor,photon,1,L2_ch32:64,L2,label_Hqql,1.5395046472549438,-0.26986241340637207,-0.41545443955854466
13529,A_protected_highiso,photon_neighbor,photon,1,L2_ch32:64,L2,label_Tbl,1.5395046472549438,0.1571863889694214,0.24198917630364747
13529,A_protected_highiso,photon_neighbor,photon,10,L2_ch32:64,L2,label_Hqql,1.303642988204956,-0.26986241340637207,-0.3518042430172841
13529,A_protected_highiso,photon_neighbor,photon,10,L2_ch32:64,L2,label_Tbl,1.303642988204956,0.1571863889694214,0.20491493382124304
13897,A_protected_highiso,particle0_best_lepton,muon,0,L2_ch32:64,L2,label_Hqql,3.7205305099487305,-0.5551586151123047,-2.065484565386214
13897,A_protected_highiso,particle0_best_lepton,muon,0,L2_ch32:64,L2,label_Tbl,3.7205305099487305,-0.496779203414917,-1.8482821830132252
13897,A_protected_highiso,photon_neighbor,photon,1,L2_ch32:64,L2,label_Hqql,1.7239325046539307,-0.5551586151123047,-0.9570559818307629
13897,A_protected_highiso,photon_neighbor,photon,1,L2_ch32:64,L2,label_Tbl,1.7239325046539307,-0.496779203414917,-0.8564138164030624
13897,A_protected_highiso,hardest_hadron,charged_hadron,2,L2_ch32:64,L2,label_Hqql,1.5777673721313477,-0.5551586151123047,-0.8759111492818192
13897,A_protected_highiso,hardest_hadron,charged_hadron,2,L2_ch32:64,L2,label_Tbl,1.5777673721313477,-0.496779203414917,-0.7838020183014578
14139,A_protected_highiso,particle0_best_lepton,muon,0,L2_ch32:64,L2,label_Hqql,4.774468898773193,0.8372080326080322,3.9972237134901434
14139,A_protected_highiso,particle0_best_lepton,muon,0,L2_ch32:64,L2,label_Tbl,4.774468898773193,0.18673467636108398,0.8915589046084733
14139,A_protected_highiso,hard_hadron,charged_hadron,10,L2_ch32:64,L2,label_Hqql,1.067206621170044,0.8372080326080322,0.893473955696038
14139,A_protected_highiso,hard_hadron,charged_hadron,10,L2_ch32:64,L2,label_Tbl,1.067206621170044,0.18673467636108398,0.19928448301459412
14139,A_protected_highiso,hard_hadron,charged_hadron,3,L2_ch32:64,L2,label_Hqql,0.8395249843597412,0.8372080326080322,0.702857060481108
14139,A_protected_highiso,hard_hadron,charged_hadron,3,L2_ch32:64,L2,label_Tbl,0.8395249843597412,0.18673467636108398,0.15676842625146037
14355,A_protected_highiso,particle0_best_lepton,electron,0,L2_ch32:64,L2,label_Hqql,4.885107040405273,0.010350704193115234,0.050564297926939616
14355,A_protected_highiso,particle0_best_lepton,electron,0,L2_ch32:64,L2,label_Tbl,4.885107040405273,-0.24877959489822388,-1.2153149505464853
14355,A_protected_highiso,hard_hadron,charged_hadron,7,L2_ch32:64,L2,label_Hqql,0.47420191764831543,0.010350704193115234,0.004908323777385704
14355,A_protected_highiso,hard_hadron,charged_hadron,7,L2_ch32:64,L2,label_Tbl,0.47420191764831543,-0.24877959489822388,-0.11797176097250883
14355,A_protected_highiso,hadron_neighbor,charged_hadron,24,L2_ch32:64,L2,label_Hqql,0.4532140791416168,0.010350704193115234,0.004691084869349993
14355,A_protected_highiso,hadron_neighbor,charged_hadron,24,L2_ch32:64,L2,label_Tbl,0.4532140791416168,-0.24877959489822388,-0.11275041501102301
14381,A_protected_highiso,particle0_best_lepton,muon,0,L2_ch32:64,L2,label_Hqql,4.994419574737549,0.41626787185668945,2.0790164075353914
14381,A_protected_highiso,particle0_best_lepton,muon,0,L2_ch32:64,L2,label_Tbl,4.994419574737549,0.34159088134765625,1.7060481843545858
14381,A_protected_highiso,hardest_hadron,charged_hadron,1,L2_ch32:64,L2,label_Hqql,2.561051368713379,0.41626787185668945,1.06608340296998
14381,A_protected_highiso,hardest_hadron,charged_hadron,1,L2_ch32:64,L2,label_Tbl,2.561051368713379,0.34159088134765625,0.8748317942154245
14381,A_protected_highiso,hadron_neighbor,charged_hadron,16,L2_ch32:64,L2,label_Hqql,0.6893966794013977,0.41626787185668945,0.28697368859948824
14381,A_protected_highiso,hadron_neighbor,charged_hadron,16,L2_ch32:64,L2,label_Tbl,0.6893966794013977,0.34159088134765625,0.23549161931487106
14596,A_protected_highiso,particle0_best_lepton,electron,0,L2_ch32:64,L2,label_Hqql,4.188195705413818,0.15050601959228516,0.6303486648953367
14596,A_protected_highiso,particle0_best_lepton,electron,0,L2_ch32:64,L2,label_Tbl,4.188195705413818,0.38804805278778076,1.625221188179978
14596,A_protected_highiso,hard_hadron,charged_hadron,2,L2_ch32:64,L2,label_Hqql,0.7619428634643555,0.15050601959228516,0.11467698753676814
14596,A_protected_highiso,hard_hadron,charged_hadron,2,L2_ch32:64,L2,label_Tbl,0.7619428634643555,0.38804805278778076,0.29567044450288904
14596,A_protected_highiso,second_lepton,electron,37,L2_ch32:64,L2,label_Hqql,0.44757911562919617,0.15050601959228516,0.06736335114598546
14596,A_protected_highiso,second_lepton,electron,37,L2_ch32:64,L2,label_Tbl,0.44757911562919617,0.38804805278778076,0.17368220428838654
14600,A_protected_highiso,particle0_best_lepton,muon,0,L2_ch32:64,L2,label_Hqql,3.723750591278076,0.5674796104431152,2.1131525349258027
14600,A_protected_highiso,particle0_best_lepton,muon,0,L2_ch32:64,L2,label_Tbl,3.723750591278076,-0.14294546842575073,-0.5322932725709109
14600,A_protected_highiso,hard_hadron,charged_hadron,4,L2_ch32:64,L2,label_Hqql,2.4312150478363037,0.5674796104431152,1.3796649682495854
14600,A_protected_highiso,hard_hadron,charged_hadron,4,L2_ch32:64,L2,label_Tbl,2.4312150478363037,-0.14294546842575073,-0.3475311738566944
14600,A_protected_highiso,photon_neighbor,photon,1,L2_ch32:64,L2,label_Hqql,2.2375733852386475,0.5674796104431152,1.2697772729931103
14600,A_protected_highiso,photon_neighbor,photon,1,L2_ch32:64,L2,label_Tbl,2.2375733852386475,-0.14294546842575073,-0.31985097568993126
14625,A_protected_highiso,particle0_best_lepton,electron,0,L2_ch32:64,L2,label_Hqql,5.539858818054199,0.32958900928497314,1.8258765794211058
14625,A_protected_highiso,particle0_best_lepton,electron,0,L2_ch32:64,L2,label_Tbl,5.539858818054199,-0.07356452941894531,-0.40753710699755175
14625,A_protected_highiso,hardest_hadron,charged_hadron,1,L2_ch32:64,L2,label_Hqql,2.964940071105957,0.32958900928497314,0.9772116606251302
14625,A_protected_highiso,hardest_hadron,charged_hadron,1,L2_ch32:64,L2,label_Tbl,2.964940071105957,-0.07356452941894531,-0.21811442108628398
14625,A_protected_highiso,hard_hadron,charged_hadron,2,L2_ch32:64,L2,label_Hqql,2.64163875579834,0.32958900928497314,0.8706551004123639
14625,A_protected_highiso,hard_hadron,charged_hadron,2,L2_ch32:64,L2,label_Tbl,2.64163875579834,-0.07356452941894531,-0.19433091196515306
14742,A_protected_highiso,particle0_best_lepton,electron,0,L2_ch32:64,L2,label_Hqql,5.50020694732666,0.41341733932495117,2.2738809219003997
14742,A_protected_highiso,particle0_best_lepton,electron,0,L2_ch32:64,L2,label_Tbl,5.50020694732666,-0.025489330291748047,-0.1401965915533765
14742,A_protected_highiso,hardest_hadron,charged_hadron,1,L2_ch32:64,L2,label_Hqql,1.2218036651611328,0.41341733932495117,0.5051148204283891
14742,A_protected_highiso,hardest_hadron,charged_hadron,1,L2_ch32:64,L2,label_Tbl,1.2218036651611328,-0.025489330291748047,-0.03114295717296045
14742,A_protected_highiso,photon_neighbor,photon,2,L2_ch32:64,L2,label_Hqql,0.6587061285972595,0.41341733932495117,0.27232053508171816
14742,A_protected_highiso,photon_neighbor,photon,2,L2_ch32:64,L2,label_Tbl,0.6587061285972595,-0.025489330291748047,-0.01678997807701421
14991,A_protected_highiso,particle0_best_lepton,muon,0,L2_ch32:64,L2,label_Hqql,3.0551671981811523,0.9315366744995117,2.8460002918336613
14991,A_protected_highiso,particle0_best_lepton,muon,0,L2_ch32:64,L2,label_Tbl,3.0551671981811523,0.2010347843170166,0.6141948787387719
14991,A_protected_highiso,hardest_hadron,charged_hadron,1,L2_ch32:64,L2,label_Hqql,1.7650816440582275,0.9315366744995117,1.644238284926132
14991,A_protected_highiso,hardest_hadron,charged_hadron,1,L2_ch32:64,L2,label_Tbl,1.7650816440582275,0.2010347843170166,0.35484280761517084
14991,A_protected_highiso,hard_hadron,charged_hadron,5,L2_ch32:64,L2,label_Hqql,1.163486361503601,0.9315366744995117,1.0838302160206013
14991,A_protected_highiso,hard_hadron,charged_hadron,5,L2_ch32:64,L2,label_Tbl,1.163486361503601,0.2010347843170166,0.23390122974066685
14999,A_protected_highiso,particle0_best_lepton,muon,0,L2_ch32:64,L2,label_Hqql,3.653834581375122,0.500084400177002,1.827225674972965
14999,A_protected_highiso,particle0_best_lepton,muon,0,L2_ch32:64,L2,label_Tbl,3.653834581375122,0.6461424827575684,2.360897747995182
14999,A_protected_highiso,photon_neighbor,photon,31,L2_ch32:64,L2,label_Hqql,0.8418689966201782,0.500084400177002,0.4210055522024163
14999,A_protected_highiso,photon_neighbor,photon,31,L2_ch32:64,L2,label_Tbl,0.8418689966201782,0.6461424827575684,0.5439673236327849
14999,A_protected_highiso,hard_hadron,charged_hadron,2,L2_ch32:64,L2,label_Hqql,0.8115299940109253,0.500084400177002,0.40583349028059956
14999,A_protected_highiso,hard_hadron,charged_hadron,2,L2_ch32:64,L2,label_Tbl,0.8115299940109253,0.6461424827575684,0.5243640051624539
15006,A_protected_highiso,particle0_best_lepton,electron,0,L2_ch32:64,L2,label_Hqql,5.497602939605713,0.11538219451904297,0.6343254917660488
15006,A_protected_highiso,particle0_best_lepton,electron,0,L2_ch32:64,L2,label_Tbl,5.497602939605713,0.6893393993377686,3.789714308185353
15006,A_protected_highiso,hardest_hadron,charged_hadron,1,L2_ch32:64,L2,label_Hqql,2.0420658588409424,0.11538219451904297,0.23561804014548215
15006,A_protected_highiso,hardest_hadron,charged_hadron,1,L2_ch32:64,L2,label_Tbl,2.0420658588409424,0.6893393993377686,1.4076764525415797
15006,A_protected_highiso,hard_hadron,charged_hadron,4,L2_ch32:64,L2,label_Hqql,1.6129080057144165,0.11538219451904297,0.18610086525666247
15006,A_protected_highiso,hard_hadron,charged_hadron,4,L2_ch32:64,L2,label_Tbl,1.6129080057144165,0.6893393993377686,1.111841035846254
15112,A_protected_highiso,particle0_best_lepton,electron,0,L2_ch32:64,L2,label_Hqql,4.2491865158081055,0.2716050148010254,1.154100366518378
15112,A_protected_highiso,particle0_best_lepton,electron,0,L2_ch32:64,L2,label_Tbl,4.2491865158081055,0.6245276927947998,2.6537346509724102
15112,A_protected_highiso,hard_hadron,neutral_hadron,2,L2_ch32:64,L2,label_Hqql,0.8246897459030151,0.2716050148010254,0.2239898706422423
15112,A_protected_highiso,hard_hadron,neutral_hadron,2,L2_ch32:64,L2,label_Tbl,0.8246897459030151,0.6245276927947998,0.5150415842803397
15112,A_protected_highiso,hadron_neighbor,charged_hadron,34,L2_ch32:64,L2,label_Hqql,0.6669999361038208,0.2716050148010254,0.18116052751776124
15112,A_protected_highiso,hadron_neighbor,charged_hadron,34,L2_ch32:64,L2,label_Tbl,0.6669999361038208,0.6245276927947998,0.4165599311891981
15233,A_protected_highiso,particle0_best_lepton,electron,0,L2_ch32:64,L2,label_Hqql,5.2437825202941895,0.4599301815032959,2.411773846322717
15233,A_protected_highiso,particle0_best_lepton,electron,0,L2_ch32:64,L2,label_Tbl,5.2437825202941895,0.6905007362365723,3.6208356909276063
15233,A_protected_highiso,hadron_neighbor,charged_hadron,18,L2_ch32:64,L2,label_Hqql,1.9259358644485474,0.4599301815032959,0.8857960316995275
15233,A_protected_highiso,hadron_neighbor,charged_hadron,18,L2_ch32:64,L2,label_Tbl,1.9259358644485474,0.6905007362365723,1.3298601323461412
15233,A_protected_highiso,photon_neighbor,photon,15,L2_ch32:64,L2,label_Hqql,1.6222776174545288,0.4599301815032959,0.7461344390445959
15233,A_protected_highiso,photon_neighbor,photon,15,L2_ch32:64,L2,label_Tbl,1.6222776174545288,0.6905007362365723,1.1201838892324645
15292,A_protected_highiso,particle0_best_lepton,muon,0,L2_ch32:64,L2,label_Hqql,2.810166358947754,0.64394211769104,1.809584476244936
15292,A_protected_highiso,particle0_best_lepton,muon,0,L2_ch32:64,L2,label_Tbl,2.810166358947754,-0.46296393871307373,-1.3010056859774295
15292,A_protected_highiso,hard_hadron,charged_hadron,8,L2_ch32:64,L2,label_Hqql,1.4393377304077148,0.64394211769104,0.9268501861913592
15292,A_protected_highiso,hard_hadron,charged_hadron,8,L2_ch32:64,L2,label_Tbl,1.4393377304077148,-0.46296393871307373,-0.6663614648078919
15292,A_protected_highiso,hadron_neighbor,charged_hadron,24,L2_ch32:64,L2,label_Hqql,1.302530288696289,0.64394211769104,0.8387541124598101
15292,A_protected_highiso,hadron_neighbor,charged_hadron,24,L2_ch32:64,L2,label_Tbl,1.302530288696289,-0.46296393871307373,-0.603024552747911
15512,A_protected_highiso,particle0_best_lepton,muon,0,L2_ch32:64,L2,label_Hqql,3.636611223220825,-0.41875436902046204,-1.5228468381525673
15512,A_protected_highiso,particle0_best_lepton,muon,0,L2_ch32:64,L2,label_Tbl,3.636611223220825,-0.04143321514129639,-0.15067649519696147
15512,A_protected_highiso,photon_neighbor,photon,1,L2_ch32:64,L2,label_Hqql,0.7709513306617737,-0.41875436902046204,-0.3228392380167566
15512,A_protected_highiso,photon_neighbor,photon,1,L2_ch32:64,L2,label_Tbl,0.7709513306617737,-0.04143321514129639,-0.031942992346778
15512,A_protected_highiso,photon_neighbor,photon,2,L2_ch32:64,L2,label_Hqql,0.4549161493778229,-0.41875436902046204,-0.19049812508992847
15512,A_protected_highiso,photon_neighbor,photon,2,L2_ch32:64,L2,label_Tbl,0.4549161493778229,-0.04143321514129639,-0.01884863868842146
15540,A_protected_highiso,particle0_best_lepton,muon,0,L2_ch32:64,L2,label_Hqql,3.43765926361084,-0.2638702392578125,-0.9070959723758278
15540,A_protected_highiso,particle0_best_lepton,muon,0,L2_ch32:64,L2,label_Tbl,3.43765926361084,0.1897883415222168,0.6524276503591864
15540,A_protected_highiso,photon_neighbor,photon,21,L2_ch32:64,L2,label_Hqql,0.6970366835594177,-0.2638702392578125,-0.1839272364622957
15540,A_protected_highiso,photon_neighbor,photon,21,L2_ch32:64,L2,label_Tbl,0.6970366835594177,0.1897883415222168,0.13228943615288813
15540,A_protected_highiso,hadron_neighbor,neutral_hadron,25,L2_ch32:64,L2,label_Hqql,0.6272315979003906,-0.2638702392578125,-0.16550775180803612
15540,A_protected_highiso,hadron_neighbor,neutral_hadron,25,L2_ch32:64,L2,label_Tbl,0.6272315979003906,0.1897883415222168,0.1190412447158451
15590,A_protected_highiso,particle0_best_lepton,muon,0,L2_ch32:64,L2,label_Hqql,5.5138115882873535,-1.2101426124572754,-6.672498360047257
15590,A_protected_highiso,particle0_best_lepton,muon,0,L2_ch32:64,L2,label_Tbl,5.5138115882873535,-0.2951887845993042,-1.627615341256103
15590,A_protected_highiso,second_lepton,muon,2,L2_ch32:64,L2,label_Hqql,2.352165937423706,-1.2101426124572754,-2.84645623244694
15590,A_protected_highiso,second_lepton,muon,2,L2_ch32:64,L2,label_Tbl,2.352165937423706,-0.2951887845993042,-0.6943330042439868
15590,A_protected_highiso,hardest_hadron,charged_hadron,1,L2_ch32:64,L2,label_Hqql,2.349776029586792,-1.2101426124572754,-2.8435641031336445
15590,A_protected_highiso,hardest_hadron,charged_hadron,1,L2_ch32:64,L2,label_Tbl,2.349776029586792,-0.2951887845993042,-0.6936275302543038
15684,A_protected_highiso,particle0_best_lepton,electron,0,L2_ch32:64,L2,label_Hqql,4.3387370109558105,-0.3012862205505371,-1.3072016759936105
15684,A_protected_highiso,particle0_best_lepton,electron,0,L2_ch32:64,L2,label_Tbl,4.3387370109558105,0.5677287578582764,2.463225773903673
15684,A_protected_highiso,hard_hadron,charged_hadron,2,L2_ch32:64,L2,label_Hqql,1.1101806163787842,-0.3012862205505371,-0.3344821220372296
15684,A_protected_highiso,hard_hadron,charged_hadron,2,L2_ch32:64,L2,label_Tbl,1.1101806163787842,0.5677287578582764,0.6302814623350628
15684,A_protected_highiso,photon_neighbor,photon,12,L2_ch32:64,L2,label_Hqql,1.0984272956848145,-0.3012862205505371,-0.33094100846642505
15684,A_protected_highiso,photon_neighbor,photon,12,L2_ch32:64,L2,label_Tbl,1.0984272956848145,0.5677287578582764,0.6236087641767654
15800,A_protected_highiso,particle0_best_lepton,electron,0,L2_ch32:64,L2,label_Hqql,4.201469898223877,-0.6279621124267578,-2.638363912586101
15800,A_protected_highiso,particle0_best_lepton,electron,0,L2_ch32:64,L2,label_Tbl,4.201469898223877,-1.2398649454116821,-5.209255246010173
15800,A_protected_highiso,hadron_neighbor,charged_hadron,32,L2_ch32:64,L2,label_Hqql,1.0454304218292236,-0.6279621124267578,-0.6564906960870758
15800,A_protected_highiso,hadron_neighbor,charged_hadron,32,L2_ch32:64,L2,label_Tbl,1.0454304218292236,-1.2398649454116821,-1.2961925328930022
15800,A_protected_highiso,hardest_hadron,charged_hadron,1,L2_ch32:64,L2,label_Hqql,0.7100306749343872,-0.6279621124267578,-0.4458723625195944
15800,A_protected_highiso,hardest_hadron,charged_hadron,1,L2_ch32:64,L2,label_Tbl,0.7100306749343872,-1.2398649454116821,-0.8803421440181438
16360,A_protected_highiso,particle0_best_lepton,muon,0,L2_ch32:64,L2,label_Hqql,3.2951323986053467,-0.400970458984375,-1.3212507502830704
16360,A_protected_highiso,particle0_best_lepton,muon,0,L2_ch32:64,L2,label_Tbl,3.2951323986053467,0.09545743465423584,0.3145448856169253
16360,A_protected_highiso,photon_neighbor,photon,1,L2_ch32:64,L2,label_Hqql,1.0165272951126099,-0.400970458984375,-0.4075974160914484
16360,A_protected_highiso,photon_neighbor,photon,1,L2_ch32:64,L2,label_Tbl,1.0165272951126099,0.09545743465423584,0.09703508784745907
16360,A_protected_highiso,photon_neighbor,photon,2,L2_ch32:64,L2,label_Hqql,0.38680577278137207,-0.400970458984375,-0.15509768824995263
16360,A_protected_highiso,photon_neighbor,photon,2,L2_ch32:64,L2,label_Tbl,0.38680577278137207,0.09545743465423584,0.03692348677915902
12649,B_confused_highiso,particle0_best_lepton,muon,0,L2_ch32:64,L2,label_Hqql,8.786200523376465,-1.4085030555725098,-12.375390284048535
12649,B_confused_highiso,particle0_best_lepton,muon,0,L2_ch32:64,L2,label_Tbl,8.786200523376465,-0.542191743850708,-4.763805383591489
12649,B_confused_highiso,second_lepton,muon,47,L2_ch32:64,L2,label_Hqql,1.7548041343688965,-1.4085030555725098,-2.4716469851898637
12649,B_confused_highiso,second_lepton,muon,47,L2_ch32:64,L2,label_Tbl,1.7548041343688965,-0.542191743850708,-0.9514403137299041
12649,B_confused_highiso,hadron_neighbor,charged_hadron,29,L2_ch32:64,L2,label_Hqql,0.6159165501594543,-1.4085030555725098,-0.8675203428772704
12649,B_confused_highiso,hadron_neighbor,charged_hadron,29,L2_ch32:64,L2,label_Tbl,0.6159165501594543,-0.542191743850708,-0.3339448683974666
12982,B_confused_highiso,particle0_best_lepton,electron,0,L2_ch32:64,L2,label_Hqql,5.4128098487854,-0.04834747314453125,-0.2616956788006064
12982,B_confused_highiso,particle0_best_lepton,electron,0,L2_ch32:64,L2,label_Tbl,5.4128098487854,0.5795891284942627,3.137205742962692
12982,B_confused_highiso,hard_hadron,charged_hadron,2,L2_ch32:64,L2,label_Hqql,1.1027294397354126,-0.04834747314453125,-0.05331418197329185
12982,B_confused_highiso,hard_hadron,charged_hadron,2,L2_ch32:64,L2,label_Tbl,1.1027294397354126,0.5795891284942627,0.6391299949412144
12982,B_confused_highiso,hardest_hadron,charged_hadron,1,L2_ch32:64,L2,label_Hqql,0.8503185510635376,-0.04834747314453125,-0.04111075331184111
12982,B_confused_highiso,hardest_hadron,charged_hadron,1,L2_ch32:64,L2,label_Tbl,0.8503185510635376,0.5795891284942627,0.49283538795341997
13045,B_confused_highiso,particle0_best_lepton,electron,0,L2_ch32:64,L2,label_Hqql,5.156823635101318,0.22226548194885254,1.1461838905810282
13045,B_confused_highiso,particle0_best_lepton,electron,0,L2_ch32:64,L2,label_Tbl,5.156823635101318,0.23917198181152344,1.2333677286596867
13045,B_confused_highiso,hard_hadron,charged_hadron,17,L2_ch32:64,L2,label_Hqql,2.477583885192871,0.22226548194885254,0.550681376311104
13045,B_confused_highiso,hard_hadron,charged_hadron,17,L2_ch32:64,L2,label_Tbl,2.477583885192871,0.23917198181152344,0.5925686479258729
13045,B_confused_highiso,second_lepton,muon,2,L2_ch32:64,L2,label_Hqql,1.5194587707519531,0.22226548194885254,0.3377232359825939
13045,B_confused_highiso,second_lepton,muon,2,L2_ch32:64,L2,label_Tbl,1.5194587707519531,0.23917198181152344,0.3634119654816459
13583,B_confused_highiso,particle0_best_lepton,electron,0,L2_ch32:64,L2,label_Hqql,6.5909423828125,-1.8861093521118164,-12.431238067452796
13583,B_confused_highiso,particle0_best_lepton,electron,0,L2_ch32:64,L2,label_Tbl,6.5909423828125,-0.1792932152748108,-1.181711251505476
13583,B_confused_highiso,second_lepton,electron,14,L2_ch32:64,L2,label_Hqql,2.420595169067383,-1.8861093521118164,-4.565507186054674
13583,B_confused_highiso,second_lepton,electron,14,L2_ch32:64,L2,label_Tbl,2.420595169067383,-0.1792932152748108,-0.4339962907407653
13583,B_confused_highiso,other_lepton,electron,30,L2_ch32:64,L2,label_Hqql,1.6667667627334595,-1.8861093521118164,-3.143704378980715
13583,B_confused_highiso,other_lepton,electron,30,L2_ch32:64,L2,label_Tbl,1.6667667627334595,-0.1792932152748108,-0.29883997200366963
13787,B_confused_highiso,particle0_best_lepton,electron,0,L2_ch32:64,L2,label_Hqql,3.3472650051116943,-0.39962270855903625,-1.3376431076076116
13787,B_confused_highiso,particle0_best_lepton,electron,0,L2_ch32:64,L2,label_Tbl,3.3472650051116943,0.288240909576416,0.9648187096667016
13787,B_confused_highiso,photon_neighbor,photon,34,L2_ch32:64,L2,label_Hqql,0.2912416458129883,-0.39962270855903625,-0.11638677534497788
13787,B_confused_highiso,photon_neighbor,photon,34,L2_ch32:64,L2,label_Tbl,0.2912416458129883,0.288240909576416,0.08394775689566814
13787,B_confused_highiso,hadron_neighbor,charged_hadron,26,L2_ch32:64,L2,label_Hqql,0.2131374180316925,-0.39962270855903625,-0.08517455228910453
13787,B_confused_highiso,hadron_neighbor,charged_hadron,26,L2_ch32:64,L2,label_Tbl,0.2131374180316925,0.288240909576416,0.06143492323822386
13997,B_confused_highiso,particle0_best_lepton,muon,0,L2_ch32:64,L2,label_Hqql,5.392215251922607,0.9752902984619141,5.258975222418485
13997,B_confused_highiso,particle0_best_lepton,muon,0,L2_ch32:64,L2,label_Tbl,5.392215251922607,0.7721538543701172,4.163619790365374
13997,B_confused_highiso,hardest_hadron,charged_hadron,1,L2_ch32:64,L2,label_Hqql,1.4811375141143799,0.9752902984619141,1.444539048203751
13997,B_confused_highiso,hardest_hadron,charged_hadron,1,L2_ch32:64,L2,label_Tbl,1.4811375141143799,0.7721538543701172,1.1436660403755923
13997,B_confused_highiso,hard_hadron,charged_hadron,2,L2_ch32:64,L2,label_Hqql,0.9517635703086853,0.9752902984619141,0.9282457765515346
13997,B_confused_highiso,hard_hadron,charged_hadron,2,L2_ch32:64,L2,label_Tbl,0.9517635703086853,0.7721538543701172,0.7349079092629154
14711,B_confused_highiso,particle0_best_lepton,muon,0,L2_ch32:64,L2,label_Hqql,8.440872192382812,0.06476905941963196,0.5467073525819615
14711,B_confused_highiso,particle0_best_lepton,muon,0,L2_ch32:64,L2,label_Tbl,8.440872192382812,0.5191714763641357,4.382260077920364
14711,B_confused_highiso,hardest_hadron,charged_hadron,1,L2_ch32:64,L2,label_Hqql,2.7907938957214355,0.06476905941963196,0.1807570956599278
14711,B_confused_highiso,hardest_hadron,charged_hadron,1,L2_ch32:64,L2,label_Tbl,2.7907938957214355,0.5191714763641357,1.4489005870697156
14711,B_confused_highiso,hard_hadron,charged_hadron,3,L2_ch32:64,L2,label_Hqql,2.2820868492126465,0.06476905941963196,0.14780861873741458
14711,B_confused_highiso,hard_hadron,charged_hadron,3,L2_ch32:64,L2,label_Tbl,2.2820868492126465,0.5191714763641357,1.1847943986969085
15288,B_confused_highiso,particle0_best_lepton,electron,0,L2_ch32:64,L2,label_Hqql,5.180202007293701,-0.0941002368927002,-0.48745823603837835
15288,B_confused_highiso,particle0_best_lepton,electron,0,L2_ch32:64,L2,label_Tbl,5.180202007293701,0.6727380752563477,3.484919127825833
15288,B_confused_highiso,hadron_neighbor,charged_hadron,14,L2_ch32:64,L2,label_Hqql,0.8592268228530884,-0.0941002368927002,-0.08085344757503776
15288,B_confused_highiso,hadron_neighbor,charged_hadron,14,L2_ch32:64,L2,label_Tbl,0.8592268228530884,0.6727380752563477,0.5780345990148135
15288,B_confused_highiso,hadron_neighbor,charged_hadron,25,L2_ch32:64,L2,label_Hqql,0.5804575681686401,-0.0941002368927002,-0.05462119467082971
15288,B_confused_highiso,hadron_neighbor,charged_hadron,25,L2_ch32:64,L2,label_Tbl,0.5804575681686401,0.6727380752563477,0.3904959071777512
15528,B_confused_highiso,particle0,photon,0,L2_ch32:64,L2,label_Hqql,7.297883033752441,-0.5510855913162231,-4.021758187012097
15528,B_confused_highiso,particle0,photon,0,L2_ch32:64,L2,label_Tbl,7.297883033752441,1.6631710529327393,12.137627809426021
15528,B_confused_highiso,best_lepton,electron,3,L2_ch32:64,L2,label_Hqql,5.102782249450684,-0.5510855913162231,-2.8120697732964572
15528,B_confused_highiso,best_lepton,electron,3,L2_ch32:64,L2,label_Tbl,5.102782249450684,1.6631710529327393,8.486799726705385
15528,B_confused_highiso,second_lepton,electron,15,L2_ch32:64,L2,label_Hqql,1.6041053533554077,-0.5510855913162231,-0.8839993471873839
15528,B_confused_highiso,second_lepton,electron,15,L2_ch32:64,L2,label_Tbl,1.6041053533554077,1.6631710529327393,2.667901589555157
15658,B_confused_highiso,particle0_best_lepton,electron,0,L2_ch32:64,L2,label_Hqql,6.669466018676758,-1.0349183082580566,-6.902352489033547
15658,B_confused_highiso,particle0_best_lepton,electron,0,L2_ch32:64,L2,label_Tbl,6.669466018676758,-0.4903641939163208,-3.2704673281007217
15658,B_confused_highiso,second_lepton,muon,5,L2_ch32:64,L2,label_Hqql,1.8462512493133545,-1.0349183082580566,-1.9107192195587004
15658,B_confused_highiso,second_lepton,muon,5,L2_ch32:64,L2,label_Tbl,1.8462512493133545,-0.4903641939163208,-0.9053355056365433
15658,B_confused_highiso,hadron_neighbor,charged_hadron,53,L2_ch32:64,L2,label_Hqql,0.9697195887565613,-1.0349183082580566,-1.0035805562806388
15658,B_confused_highiso,hadron_neighbor,charged_hadron,53,L2_ch32:64,L2,label_Tbl,0.9697195887565613,-0.4903641939163208,-0.4755157644654773
15893,B_confused_highiso,particle0_best_lepton,electron,0,L2_ch32:64,L2,label_Hqql,5.1763505935668945,0.17759108543395996,0.9192737204982677
15893,B_confused_highiso,particle0_best_lepton,electron,0,L2_ch32:64,L2,label_Tbl,5.1763505935668945,0.5330266952514648,2.7591330503519202
15893,B_confused_highiso,hadron_neighbor,charged_hadron,23,L2_ch32:64,L2,label_Hqql,1.1085584163665771,0.17759108543395996,0.19687009242949216
15893,B_confused_highiso,hadron_neighbor,charged_hadron,23,L2_ch32:64,L2,label_Tbl,1.1085584163665771,0.5330266952514648,0.590891229169074
15893,B_confused_highiso,hard_hadron,charged_hadron,3,L2_ch32:64,L2,label_Hqql,0.39466458559036255,0.17759108543395996,0.07008891213733648
15893,B_confused_highiso,hard_hadron,charged_hadron,3,L2_ch32:64,L2,label_Tbl,0.39466458559036255,0.5330266952514648,0.21036675979001984
20480,C_Tbl_correct,particle0_best_lepton,muon,0,L2_ch32:64,L2,label_Hqql,5.411960601806641,1.7929232120513916,9.703229785686744
20480,C_Tbl_correct,particle0_best_lepton,muon,0,L2_ch32:64,L2,label_Tbl,5.411960601806641,2.1523523330688477,11.648446027775208
20480,C_Tbl_correct,hardest_hadron,charged_hadron,1,L2_ch32:64,L2,label_Hqql,1.0915428400039673,1.7929232120513916,1.9570524947916113
20480,C_Tbl_correct,hardest_hadron,charged_hadron,1,L2_ch32:64,L2,label_Tbl,1.0915428400039673,2.1523523330688477,2.349384778327135
20480,C_Tbl_correct,photon_neighbor,photon,2,L2_ch32:64,L2,label_Hqql,0.7822946310043335,1.7929232120513916,1.4025942025908478
20480,C_Tbl_correct,photon_neighbor,photon,2,L2_ch32:64,L2,label_Tbl,0.7822946310043335,2.1523523330688477,1.6837736741894105
20481,C_Tbl_correct,particle0_best_lepton,muon,0,L2_ch32:64,L2,label_Hqql,6.3292436599731445,-2.366891860961914,-14.980635304835232
20481,C_Tbl_correct,particle0_best_lepton,muon,0,L2_ch32:64,L2,label_Tbl,6.3292436599731445,0.5838832855224609,3.695539583057325
20481,C_Tbl_correct,second_lepton,muon,1,L2_ch32:64,L2,label_Hqql,2.6701793670654297,-2.366891860961914,-6.320025811215601
20481,C_Tbl_correct,second_lepton,muon,1,L2_ch32:64,L2,label_Tbl,2.6701793670654297,0.5838832855224609,1.5590731017764483
20481,C_Tbl_correct,hard_hadron,charged_hadron,6,L2_ch32:64,L2,label_Hqql,0.7309993505477905,-2.366891860961914,-1.7301964131800105
20481,C_Tbl_correct,hard_hadron,charged_hadron,6,L2_ch32:64,L2,label_Tbl,0.7309993505477905,0.5838832855224609,0.4268183025126291
20482,C_Tbl_correct,second_lepton,muon,2,L2_ch32:64,L2,label_Hqql,3.2638039588928223,-1.4318997859954834,-4.673440190269844
20482,C_Tbl_correct,second_lepton,muon,2,L2_ch32:64,L2,label_Tbl,3.2638039588928223,1.3793050050735474,4.501781136079728
20482,C_Tbl_correct,particle0_best_lepton,muon,0,L2_ch32:64,L2,label_Hqql,2.247396230697632,-1.4318997859954834,-3.218046181782995
20482,C_Tbl_correct,particle0_best_lepton,muon,0,L2_ch32:64,L2,label_Tbl,2.247396230697632,1.3793050050735474,3.0998448693846683
20482,C_Tbl_correct,hard_hadron,charged_hadron,3,L2_ch32:64,L2,label_Hqql,0.5785984396934509,-1.4318997859954834,-0.828494981974373
20482,C_Tbl_correct,hard_hadron,charged_hadron,3,L2_ch32:64,L2,label_Tbl,0.5785984396934509,1.3793050050735474,0.7980637237969219
20483,C_Tbl_correct,particle0_best_lepton,muon,0,L2_ch32:64,L2,label_Hqql,7.3195013999938965,-0.41400766372680664,-3.0303296742565635
20483,C_Tbl_correct,particle0_best_lepton,muon,0,L2_ch32:64,L2,label_Tbl,7.3195013999938965,1.3279385566711426,9.719848124660302
20483,C_Tbl_correct,photon_neighbor,photon,18,L2_ch32:64,L2,label_Hqql,0.37263402342796326,-0.41400766372680664,-0.1542733414645312
20483,C_Tbl_correct,photon_neighbor,photon,18,L2_ch32:64,L2,label_Tbl,0.37263402342796326,1.3279385566711426,0.49483508723749026
20483,C_Tbl_correct,photon_neighbor,photon,23,L2_ch32:64,L2,label_Hqql,0.36720389127731323,-0.41400766372680664,-0.15202522513911276
20483,C_Tbl_correct,photon_neighbor,photon,23,L2_ch32:64,L2,label_Tbl,0.36720389127731323,1.3279385566711426,0.4876242053868225
20484,C_Tbl_correct,particle0_best_lepton,electron,0,L2_ch32:64,L2,label_Hqql,4.437355041503906,0.10805845260620117,0.4794937194492377
20484,C_Tbl_correct,particle0_best_lepton,electron,0,L2_ch32:64,L2,label_Tbl,4.437355041503906,-0.6202112436294556,-2.752097488716572
20484,C_Tbl_correct,second_lepton,muon,3,L2_ch32:64,L2,label_Hqql,1.5480321645736694,0.10805845260620117,0.16727796028845887
20484,C_Tbl_correct,second_lepton,muon,3,L2_ch32:64,L2,label_Tbl,1.5480321645736694,-0.6202112436294556,-0.9601069539686335
20484,C_Tbl_correct,photon_neighbor,photon,1,L2_ch32:64,L2,label_Hqql,0.924519956111908,0.10805845260620117,0.0999021958610058
20484,C_Tbl_correct,photon_neighbor,photon,1,L2_ch32:64,L2,label_Tbl,0.924519956111908,-0.6202112436294556,-0.5733976717404161
20485,C_Tbl_correct,particle0_best_lepton,electron,0,L2_ch32:64,L2,label_Hqql,3.658184766769409,-1.5041990280151367,-5.502637970474325
20485,C_Tbl_correct,particle0_best_lepton,electron,0,L2_ch32:64,L2,label_Tbl,3.658184766769409,0.8797532916069031,3.2183000898716188
20485,C_Tbl_correct,second_lepton,muon,6,L2_ch32:64,L2,label_Hqql,2.309835195541382,-1.5041990280151367,-3.4744518560085
20485,C_Tbl_correct,second_lepton,muon,6,L2_ch32:64,L2,label_Tbl,2.309835195541382,0.8797532916069031,2.0320851163470053
20485,C_Tbl_correct,hard_hadron,charged_hadron,2,L2_ch32:64,L2,label_Hqql,1.3613747358322144,-1.5041990280151367,-2.0477785544031804
20485,C_Tbl_correct,hard_hadron,charged_hadron,2,L2_ch32:64,L2,label_Tbl,1.3613747358322144,0.8797532916069031,1.1976739049588687
20486,C_Tbl_correct,best_lepton,muon,1,L2_ch32:64,L2,label_Hqql,3.1325693130493164,1.160623550415039,3.6357337180324976
20486,C_Tbl_correct,best_lepton,muon,1,L2_ch32:64,L2,label_Tbl,3.1325693130493164,1.096231460571289,3.4340210333848518
20486,C_Tbl_correct,hard_hadron,charged_hadron,3,L2_ch32:64,L2,label_Hqql,0.1986282914876938,1.160623550415039,0.23053267287932044
20486,C_Tbl_correct,hard_hadron,charged_hadron,3,L2_ch32:64,L2,label_Tbl,0.1986282914876938,1.096231460571289,0.2177425820883343
20486,C_Tbl_correct,hard_hadron,charged_hadron,5,L2_ch32:64,L2,label_Hqql,0.1500835120677948,1.160623550415039,0.17419045863488236
20486,C_Tbl_correct,hard_hadron,charged_hadron,5,L2_ch32:64,L2,label_Tbl,0.1500835120677948,1.096231460571289,0.16452626764174738
20487,C_Tbl_correct,particle0_best_lepton,muon,0,L2_ch32:64,L2,label_Hqql,8.219547271728516,-2.338470458984375,-19.22116848116275
20487,C_Tbl_correct,particle0_best_lepton,muon,0,L2_ch32:64,L2,label_Tbl,8.219547271728516,0.9018528461456299,7.412822101036909
20487,C_Tbl_correct,second_lepton,muon,4,L2_ch32:64,L2,label_Hqql,2.6466317176818848,-2.338470458984375,-6.189070087610162
20487,C_Tbl_correct,second_lepton,muon,4,L2_ch32:64,L2,label_Tbl,2.6466317176818848,0.9018528461456299,2.386872347290705
20487,C_Tbl_correct,photon_neighbor,photon,24,L2_ch32:64,L2,label_Hqql,0.44021037220954895,-2.338470458984375,-1.0294189511505465
20487,C_Tbl_correct,photon_neighbor,photon,24,L2_ch32:64,L2,label_Tbl,0.44021037220954895,0.9018528461456299,0.3970049770800088
20488,C_Tbl_correct,particle0_best_lepton,muon,0,L2_ch32:64,L2,label_Hqql,3.6542301177978516,1.1473853588104248,4.192810134885349
20488,C_Tbl_correct,particle0_best_lepton,muon,0,L2_ch32:64,L2,label_Tbl,3.6542301177978516,0.7529497146606445,2.751451524500226
20488,C_Tbl_correct,hadron_neighbor,charged_hadron,12,L2_ch32:64,L2,label_Hqql,1.6786024570465088,1.1473853588104248,1.9260038824783692
20488,C_Tbl_correct,hadron_neighbor,charged_hadron,12,L2_ch32:64,L2,label_Tbl,1.6786024570465088,0.7529497146606445,1.2639032410618256
20488,C_Tbl_correct,hadron_neighbor,neutral_hadron,18,L2_ch32:64,L2,label_Hqql,0.7496596574783325,1.1473853588104248,0.8601485150814767
20488,C_Tbl_correct,hadron_neighbor,neutral_hadron,18,L2_ch32:64,L2,label_Tbl,0.7496596574783325,0.7529497146606445,0.564456025190907
20489,C_Tbl_correct,particle0_best_lepton,electron,0,L2_ch32:64,L2,label_Hqql,5.506959438323975,-3.415830135345459,-18.810838003552135
20489,C_Tbl_correct,particle0_best_lepton,electron,0,L2_ch32:64,L2,label_Tbl,5.506959438323975,1.1686632633209229,6.4357811881676525
20489,C_Tbl_correct,second_lepton,muon,2,L2_ch32:64,L2,label_Hqql,3.4016451835632324,-3.415830135345459,-11.619442127768025
20489,C_Tbl_correct,second_lepton,muon,2,L2_ch32:64,L2,label_Tbl,3.4016451835632324,1.1686632633209229,3.975377760882907
20489,C_Tbl_correct,nearest_hadron_to_best_lepton,charged_hadron,14,L2_ch32:64,L2,label_Hqql,1.038686990737915,-3.415830135345459,-3.54797832415386
20489,C_Tbl_correct,nearest_hadron_to_best_lepton,charged_hadron,14,L2_ch32:64,L2,label_Tbl,1.038686990737915,1.1686632633209229,1.213875328164761
20490,C_Tbl_correct,particle0_best_lepton,muon,0,L2_ch32:64,L2,label_Hqql,4.878833293914795,1.0286520719528198,5.018621976497855
20490,C_Tbl_correct,particle0_best_lepton,muon,0,L2_ch32:64,L2,label_Tbl,4.878833293914795,1.2566003799438477,6.130743770816025
20490,C_Tbl_correct,hadron_neighbor,charged_hadron,28,L2_ch32:64,L2,label_Hqql,0.38045206665992737,1.0286520719528198,0.3913528066484666
20490,C_Tbl_correct,hadron_neighbor,charged_hadron,28,L2_ch32:64,L2,label_Tbl,0.38045206665992737,1.2566003799438477,0.4780762115152868
20490,C_Tbl_correct,hardest_hadron,charged_hadron,1,L2_ch32:64,L2,label_Hqql,0.3270672857761383,1.0286520719528198,0.3364384411816097
20490,C_Tbl_correct,hardest_hadron,charged_hadron,1,L2_ch32:64,L2,label_Tbl,0.3270672857761383,1.2566003799438477,0.4109928755734984
20491,C_Tbl_correct,particle0_best_lepton,muon,0,L2_ch32:64,L2,label_Hqql,6.323270797729492,-0.4031498432159424,-2.5492256307165917
20491,C_Tbl_correct,particle0_best_lepton,muon,0,L2_ch32:64,L2,label_Tbl,6.323270797729492,1.1260833740234375,7.1205301147711
20491,C_Tbl_correct,hadron_neighbor,charged_hadron,10,L2_ch32:64,L2,label_Hqql,0.6392114758491516,-0.4031498432159424,-0.2576980062704166
20491,C_Tbl_correct,hadron_neighbor,charged_hadron,10,L2_ch32:64,L2,label_Tbl,0.6392114758491516,1.1260833740234375,0.7198054154387137
20491,C_Tbl_correct,hadron_neighbor,charged_hadron,20,L2_ch32:64,L2,label_Hqql,0.5439504384994507,-0.4031498432159424,-0.21929353399829665
20491,C_Tbl_correct,hadron_neighbor,charged_hadron,20,L2_ch32:64,L2,label_Tbl,0.5439504384994507,1.1260833740234375,0.6125335450869898
20492,C_Tbl_correct,particle0_best_lepton,muon,0,L2_ch32:64,L2,label_Hqql,10.775517463684082,-0.046280622482299805,-0.4986976557881917
20492,C_Tbl_correct,particle0_best_lepton,muon,0,L2_ch32:64,L2,label_Tbl,10.775517463684082,0.5822227001190186,6.273750872885785
20492,C_Tbl_correct,hard_hadron,charged_hadron,17,L2_ch32:64,L2,label_Hqql,1.0985350608825684,-0.046280622482299805,-0.05084088643627638
20492,C_Tbl_correct,hard_hadron,charged_hadron,17,L2_ch32:64,L2,label_Tbl,1.0985350608825684,0.5822227001190186,0.6395920493224594
20492,C_Tbl_correct,hardest_hadron,charged_hadron,1,L2_ch32:64,L2,label_Hqql,0.9075616598129272,-0.046280622482299805,-0.04200251855721149
20492,C_Tbl_correct,hardest_hadron,charged_hadron,1,L2_ch32:64,L2,label_Tbl,0.9075616598129272,0.5822227001190186,0.5284030001007807
20493,C_Tbl_correct,particle0_best_lepton,electron,0,L2_ch32:64,L2,label_Hqql,3.9701576232910156,0.4553889036178589,1.80796572726058
20493,C_Tbl_correct,particle0_best_lepton,electron,0,L2_ch32:64,L2,label_Tbl,3.9701576232910156,1.30759596824646,5.19136210151828
20493,C_Tbl_correct,second_lepton,muon,1,L2_ch32:64,L2,label_Hqql,2.4528465270996094,0.4553889036178589,1.116999090718764
20493,C_Tbl_correct,second_lepton,muon,1,L2_ch32:64,L2,label_Tbl,2.4528465270996094,1.30759596824646,3.2073322295627804
20493,C_Tbl_correct,hardest_hadron,charged_hadron,2,L2_ch32:64,L2,label_Hqql,1.345820665359497,0.4553889036178589,0.6128717972643187
20493,C_Tbl_correct,hardest_hadron,charged_hadron,2,L2_ch32:64,L2,label_Tbl,1.345820665359497,1.30759596824646,1.7597896760068465
20494,C_Tbl_correct,particle0_best_lepton,muon,0,L2_ch32:64,L2,label_Hqql,7.190323352813721,1.6835408210754395,12.105202881193918
20494,C_Tbl_correct,particle0_best_lepton,muon,0,L2_ch32:64,L2,label_Tbl,7.190323352813721,2.9394829273223877,21.1358327375234
20494,C_Tbl_correct,photon_neighbor,photon,1,L2_ch32:64,L2,label_Hqql,1.4926416873931885,1.6835408210754395,2.512923211965358
20494,C_Tbl_correct,photon_neighbor,photon,1,L2_ch32:64,L2,label_Tbl,1.4926416873931885,2.9394829273223877,4.387594756701958
20494,C_Tbl_correct,photon_neighbor,photon,2,L2_ch32:64,L2,label_Hqql,0.496091365814209,1.6835408210754395,0.8351900653312896
20494,C_Tbl_correct,photon_neighbor,photon,2,L2_ch32:64,L2,label_Tbl,0.496091365814209,2.9394829273223877,1.4582521002029125
20495,C_Tbl_correct,best_lepton,electron,2,L2_ch32:64,L2,label_Hqql,3.6596477031707764,-0.11301183700561523,-0.41358350972870994
20495,C_Tbl_correct,best_lepton,electron,2,L2_ch32:64,L2,label_Tbl,3.6596477031707764,0.8385837078094482,3.0689209402012807
20495,C_Tbl_correct,second_lepton,muon,4,L2_ch32:64,L2,label_Hqql,1.1076785326004028,-0.11301183700561523,-0.12518078578085579
20495,C_Tbl_correct,second_lepton,muon,4,L2_ch32:64,L2,label_Tbl,1.1076785326004028,0.8385837078094482,0.9288811709289746
20495,C_Tbl_correct,hadron_neighbor,charged_hadron,16,L2_ch32:64,L2,label_Hqql,0.3945554494857788,-0.11301183700561523,-0.04458943614696409
20495,C_Tbl_correct,hadron_neighbor,charged_hadron,16,L2_ch32:64,L2,label_Tbl,0.3945554494857788,0.8385837078094482,0.33086777176620785
20496,C_Tbl_correct,particle0_best_lepton,electron,0,L2_ch32:64,L2,label_Hqql,6.566903114318848,-0.40071916580200195,-2.6314839378724173
20496,C_Tbl_correct,particle0_best_lepton,electron,0,L2_ch32:64,L2,label_Tbl,6.566903114318848,0.997109055519104,6.547918562003929
20496,C_Tbl_correct,hadron_neighbor,charged_hadron,17,L2_ch32:64,L2,label_Hqql,0.857096254825592,-0.40071916580200195,-0.34345489624573133
20496,C_Tbl_correct,hadron_neighbor,charged_hadron,17,L2_ch32:64,L2,label_Tbl,0.857096254825592,0.997109055519104,0.8546184371381074
20496,C_Tbl_correct,hadron_neighbor,charged_hadron,15,L2_ch32:64,L2,label_Hqql,0.8042317628860474,-0.40071916580200195,-0.32227108113517033
20496,C_Tbl_correct,hadron_neighbor,charged_hadron,15,L2_ch32:64,L2,label_Tbl,0.8042317628860474,0.997109055519104,0.8019067735097707
20497,C_Tbl_correct,particle0_best_lepton,muon,0,L2_ch32:64,L2,label_Hqql,7.234902858734131,1.6473093032836914,11.918122787546508
20497,C_Tbl_correct,particle0_best_lepton,muon,0,L2_ch32:64,L2,label_Tbl,7.234902858734131,2.9058449268341064,21.023505768190148
20497,C_Tbl_correct,photon_neighbor,photon,10,L2_ch32:64,L2,label_Hqql,0.41364192962646484,1.6473093032836914,0.6813961989018935
20497,C_Tbl_correct,photon_neighbor,photon,10,L2_ch32:64,L2,label_Tbl,0.41364192962646484,2.9058449268341064,1.2019793027309333
20497,C_Tbl_correct,hadron_neighbor,charged_hadron,12,L2_ch32:64,L2,label_Hqql,0.3088630735874176,1.6473093032836914,0.5087930145613484
20497,C_Tbl_correct,hadron_neighbor,charged_hadron,12,L2_ch32:64,L2,label_Tbl,0.3088630735874176,2.9058449268341064,0.8975081954703867
20498,C_Tbl_correct,best_lepton,muon,1,L2_ch32:64,L2,label_Hqql,3.0784709453582764,0.32583916187286377,1.0030863926855034
20498,C_Tbl_correct,best_lepton,muon,1,L2_ch32:64,L2,label_Tbl,3.0784709453582764,0.45256662368774414,1.393213201861613
20498,C_Tbl_correct,hard_hadron,charged_hadron,2,L2_ch32:64,L2,label_Hqql,1.5680392980575562,0.32583916187286377,0.5109286106627877
20498,C_Tbl_correct,hard_hadron,charged_hadron,2,L2_ch32:64,L2,label_Tbl,1.5680392980575562,0.45256662368774414,0.7096422509316085
20498,C_Tbl_correct,particle0,charged_hadron,0,L2_ch32:64,L2,label_Hqql,0.8532492518424988,0.32583916187286377,0.27802202108900786
20498,C_Tbl_correct,particle0,charged_hadron,0,L2_ch32:64,L2,label_Tbl,0.8532492518424988,0.45256662368774414,0.3861521330704534
20499,C_Tbl_correct,best_lepton,electron,1,L2_ch32:64,L2,label_Hqql,4.759714126586914,1.9908621311187744,9.47593460957296
20499,C_Tbl_correct,best_lepton,electron,1,L2_ch32:64,L2,label_Tbl,4.759714126586914,2.4085772037506104,11.464138941666988
20499,C_Tbl_correct,hard_hadron,charged_hadron,2,L2_ch32:64,L2,label_Hqql,0.5243958830833435,1.9908621311187744,1.043999905345217
20499,C_Tbl_correct,hard_hadron,charged_hadron,2,L2_ch32:64,L2,label_Tbl,0.5243958830833435,2.4085772037506104,1.2630479697352115
20499,C_Tbl_correct,hadron_neighbor,charged_hadron,9,L2_ch32:64,L2,label_Hqql,0.45645442605018616,1.9908621311187744,0.9087378314048706
20499,C_Tbl_correct,hadron_neighbor,charged_hadron,9,L2_ch32:64,L2,label_Tbl,0.45645442605018616,2.4085772037506104,1.0994057251355471
20500,C_Tbl_correct,particle0_best_lepton,electron,0,L2_ch32:64,L2,label_Hqql,10.414623260498047,-2.0780763626098633,-21.642382423127856
20500,C_Tbl_correct,particle0_best_lepton,electron,0,L2_ch32:64,L2,label_Tbl,10.414623260498047,0.14783763885498047,1.5396733123961894
20500,C_Tbl_correct,second_lepton,electron,12,L2_ch32:64,L2,label_Hqql,1.1776307821273804,-2.0780763626098633,-2.447206692220675
20500,C_Tbl_correct,second_lepton,electron,12,L2_ch32:64,L2,label_Tbl,1.1776307821273804,0.14783763885498047,0.17409815427265585
20500,C_Tbl_correct,hardest_hadron,charged_hadron,1,L2_ch32:64,L2,label_Hqql,0.49905702471733093,-2.0780763626098633,-1.0370786066594917
20500,C_Tbl_correct,hardest_hadron,charged_hadron,1,L2_ch32:64,L2,label_Tbl,0.49905702471733093,0.14783763885498047,0.07377941218820183
20501,C_Tbl_correct,particle0_best_lepton,electron,0,L2_ch32:64,L2,label_Hqql,8.701903343200684,-0.742866039276123,-6.4643484707271455
20501,C_Tbl_correct,particle0_best_lepton,electron,0,L2_ch32:64,L2,label_Tbl,8.701903343200684,0.6952013969421387,6.049575360248582
20501,C_Tbl_correct,hadron_neighbor,charged_hadron,15,L2_ch32:64,L2,label_Hqql,1.3118983507156372,-0.742866039276123,-0.9745647317290036
20501,C_Tbl_correct,hadron_neighbor,charged_hadron,15,L2_ch32:64,L2,label_Tbl,1.3118983507156372,0.6952013969421387,0.9120335660635988
20501,C_Tbl_correct,hard_hadron,charged_hadron,2,L2_ch32:64,L2,label_Hqql,0.8193877935409546,-0.742866039276123,-0.6086953648189706
20501,C_Tbl_correct,hard_hadron,charged_hadron,2,L2_ch32:64,L2,label_Tbl,0.8193877935409546,0.6952013969421387,0.5696395387070083
20502,C_Tbl_correct,particle0_best_lepton,muon,0,L2_ch32:64,L2,label_Hqql,8.355422973632812,-1.049344539642334,-8.767717473783705
20502,C_Tbl_correct,particle0_best_lepton,muon,0,L2_ch32:64,L2,label_Tbl,8.355422973632812,0.974571704864502,8.142958812277357
20502,C_Tbl_correct,second_lepton,muon,4,L2_ch32:64,L2,label_Hqql,2.6300160884857178,-1.049344539642334,-2.7597930216239774
20502,C_Tbl_correct,second_lepton,muon,4,L2_ch32:64,L2,label_Tbl,2.6300160884857178,0.974571704864502,2.563139263176595
20502,C_Tbl_correct,hard_hadron,charged_hadron,8,L2_ch32:64,L2,label_Hqql,0.41600263118743896,-1.049344539642334,-0.4365300895133828
20502,C_Tbl_correct,hard_hadron,charged_hadron,8,L2_ch32:64,L2,label_Tbl,0.41600263118743896,0.974571704864502,0.405424393504461
20503,C_Tbl_correct,best_lepton,electron,4,L2_ch32:64,L2,label_Hqql,3.974565267562866,-0.20356273651123047,-0.809073382307588
20503,C_Tbl_correct,best_lepton,electron,4,L2_ch32:64,L2,label_Tbl,3.974565267562866,2.001321315765381,7.954382190874298
20503,C_Tbl_correct,second_lepton,electron,6,L2_ch32:64,L2,label_Hqql,2.0192840099334717,-0.20356273651123047,-0.4110509788554282
20503,C_Tbl_correct,second_lepton,electron,6,L2_ch32:64,L2,label_Tbl,2.0192840099334717,2.001321315765381,4.04123613166405
20503,C_Tbl_correct,hard_hadron,charged_hadron,5,L2_ch32:64,L2,label_Hqql,0.8309526443481445,-0.20356273651123047,-0.16915099419475155
20503,C_Tbl_correct,hard_hadron,charged_hadron,5,L2_ch32:64,L2,label_Tbl,0.8309526443481445,2.001321315765381,1.6630032395255512
20504,C_Tbl_correct,best_lepton,electron,1,L2_ch32:64,L2,label_Hqql,4.632688522338867,1.6777738332748413,7.7726035804928415
20504,C_Tbl_correct,best_lepton,electron,1,L2_ch32:64,L2,label_Tbl,4.632688522338867,1.4489965438842773,6.712749657761378
20504,C_Tbl_correct,hard_hadron,charged_hadron,2,L2_ch32:64,L2,label_Hqql,0.5140761733055115,1.6777738332748413,0.8625035518820496
20504,C_Tbl_correct,hard_hadron,charged_hadron,2,L2_ch32:64,L2,label_Tbl,0.5140761733055115,1.4489965438842773,0.7448945984129409
20504,C_Tbl_correct,hadron_neighbor,neutral_hadron,9,L2_ch32:64,L2,label_Hqql,0.4866015911102295,1.6777738332748413,0.8164074167946467
20504,C_Tbl_correct,hadron_neighbor,neutral_hadron,9,L2_ch32:64,L2,label_Tbl,0.4866015911102295,1.4489965438842773,0.7050840237673128
20505,C_Tbl_correct,particle0_best_lepton,muon,0,L2_ch32:64,L2,label_Hqql,3.7436482906341553,1.8619202375411987,6.970374514568249
20505,C_Tbl_correct,particle0_best_lepton,muon,0,L2_ch32:64,L2,label_Tbl,3.7436482906341553,1.8223075866699219,6.822078681846506
20505,C_Tbl_correct,hardest_hadron,charged_hadron,1,L2_ch32:64,L2,label_Hqql,2.597170352935791,1.8619202375411987,4.835724040473167
20505,C_Tbl_correct,hardest_hadron,charged_hadron,1,L2_ch32:64,L2,label_Tbl,2.597170352935791,1.8223075866699219,4.732843238029091
20505,C_Tbl_correct,hard_hadron,charged_hadron,3,L2_ch32:64,L2,label_Hqql,0.5792639255523682,1.8619202375411987,1.0785432258635126
20505,C_Tbl_correct,hard_hadron,charged_hadron,3,L2_ch32:64,L2,label_Tbl,0.5792639255523682,1.8223075866699219,1.0555970462182813
20506,C_Tbl_correct,particle0_best_lepton,muon,0,L2_ch32:64,L2,label_Hqql,3.103536605834961,0.12425613403320312,0.3856334604715812
20506,C_Tbl_correct,particle0_best_lepton,muon,0,L2_ch32:64,L2,label_Tbl,3.103536605834961,0.421955943107605,1.3095557154840662
20506,C_Tbl_correct,hard_hadron,charged_hadron,8,L2_ch32:64,L2,label_Hqql,1.0890426635742188,0.12425613403320312,0.13532023117295466
20506,C_Tbl_correct,hard_hadron,charged_hadron,8,L2_ch32:64,L2,label_Tbl,1.0890426635742188,0.421955943107605,0.45952802419287764
20506,C_Tbl_correct,nearest_hadron_to_best_lepton,charged_hadron,13,L2_ch32:64,L2,label_Hqql,0.6466875076293945,0.12425613403320312,0.08035488962559612
20506,C_Tbl_correct,nearest_hadron_to_best_lepton,charged_hadron,13,L2_ch32:64,L2,label_Tbl,0.6466875076293945,0.421955943107605,0.27287363717766766
20507,C_Tbl_correct,particle0_best_lepton,muon,0,L2_ch32:64,L2,label_Hqql,6.324061870574951,-3.5469112396240234,-22.43088612882002
20507,C_Tbl_correct,particle0_best_lepton,muon,0,L2_ch32:64,L2,label_Tbl,6.324061870574951,-0.7992053031921387,-5.0542237846786975
20507,C_Tbl_correct,second_lepton,electron,1,L2_ch32:64,L2,label_Hqql,2.7536232471466064,-3.5469112396240234,-9.766857244994299
20507,C_Tbl_correct,second_lepton,electron,1,L2_ch32:64,L2,label_Tbl,2.7536232471466064,-0.7992053031921387,-2.200710302112725
20507,C_Tbl_correct,hardest_hadron,charged_hadron,2,L2_ch32:64,L2,label_Hqql,0.992664098739624,-3.5469112396240234,-3.520891448990824
20507,C_Tbl_correct,hardest_hadron,charged_hadron,2,L2_ch32:64,L2,label_Tbl,0.992664098739624,-0.7992053031921387,-0.7933424120011523
20508,C_Tbl_correct,particle0_best_lepton,muon,0,L2_ch32:64,L2,label_Hqql,6.485177516937256,0.890080451965332,5.772329735350922
20508,C_Tbl_correct,particle0_best_lepton,muon,0,L2_ch32:64,L2,label_Tbl,6.485177516937256,2.2129387855529785,14.351300858426612
20508,C_Tbl_correct,second_lepton,muon,19,L2_ch32:64,L2,label_Hqql,1.702420949935913,0.890080451965332,1.5152916085542074
20508,C_Tbl_correct,second_lepton,muon,19,L2_ch32:64,L2,label_Tbl,1.702420949935913,2.2129387855529785,3.7673533494511275
20508,C_Tbl_correct,hadron_neighbor,charged_hadron,12,L2_ch32:64,L2,label_Hqql,0.8851610422134399,0.890080451965332,0.787864540515443
20508,C_Tbl_correct,hadron_neighbor,charged_hadron,12,L2_ch32:64,L2,label_Tbl,0.8851610422134399,2.2129387855529785,1.9588072017746185
20509,C_Tbl_correct,best_lepton,muon,1,L2_ch32:64,L2,label_Hqql,5.408085346221924,-3.552579879760742,-19.212655189016914
20509,C_Tbl_correct,best_lepton,muon,1,L2_ch32:64,L2,label_Tbl,5.408085346221924,1.7023777961730957,9.206604413217292
20509,C_Tbl_correct,second_lepton,electron,4,L2_ch32:64,L2,label_Hqql,4.12319803237915,-3.552579879760742,-14.64799037009925
20509,C_Tbl_correct,second_lepton,electron,4,L2_ch32:64,L2,label_Tbl,4.12319803237915,1.7023777961730957,7.0192407795468625
20509,C_Tbl_correct,particle0,charged_hadron,0,L2_ch32:64,L2,label_Hqql,0.5183422565460205,-3.552579879760742,-1.8414522714351733
20509,C_Tbl_correct,particle0,charged_hadron,0,L2_ch32:64,L2,label_Tbl,0.5183422565460205,1.7023777961730957,0.8824143483622038
20510,C_Tbl_correct,particle0_best_lepton,muon,0,L2_ch32:64,L2,label_Hqql,5.26772403717041,1.011945128440857,5.3306476773854
20510,C_Tbl_correct,particle0_best_lepton,muon,0,L2_ch32:64,L2,label_Tbl,5.26772403717041,1.5134031772613525,7.972190294789698
20510,C_Tbl_correct,hadron_neighbor,charged_hadron,25,L2_ch32:64,L2,label_Hqql,0.8327224254608154,1.011945128440857,0.8426694017885268
20510,C_Tbl_correct,hadron_neighbor,charged_hadron,25,L2_ch32:64,L2,label_Tbl,0.8327224254608154,1.5134031772613525,1.2602447644691779
20510,C_Tbl_correct,hard_hadron,charged_hadron,6,L2_ch32:64,L2,label_Hqql,0.8014666438102722,1.011945128440857,0.8110402658116485
20510,C_Tbl_correct,hard_hadron,charged_hadron,6,L2_ch32:64,L2,label_Tbl,0.8014666438102722,1.5134031772613525,1.2129421652114587
20511,C_Tbl_correct,particle0_best_lepton,muon,0,L2_ch32:64,L2,label_Hqql,11.382253646850586,-0.4165226221084595,-4.740966134489781
20511,C_Tbl_correct,particle0_best_lepton,muon,0,L2_ch32:64,L2,label_Tbl,11.382253646850586,0.21875572204589844,2.4899331150263606
20511,C_Tbl_correct,hard_hadron,charged_hadron,2,L2_ch32:64,L2,label_Hqql,1.1572935581207275,-0.4165226221084595,-0.4820389473776743
20511,C_Tbl_correct,hard_hadron,charged_hadron,2,L2_ch32:64,L2,label_Tbl,1.1572935581207275,0.21875572204589844,0.2531645879257667
20511,C_Tbl_correct,photon_neighbor,photon,31,L2_ch32:64,L2,label_Hqql,1.0844944715499878,-0.4165226221084595,-0.451716480952129
20511,C_Tbl_correct,photon_neighbor,photon,31,L2_ch32:64,L2,label_Tbl,1.0844944715499878,0.21875572204589844,0.23723937117870264
20512,C_Tbl_correct,best_lepton,muon,1,L2_ch32:64,L2,label_Hqql,4.0667195320129395,2.2214324474334717,9.033942723025007
20512,C_Tbl_correct,best_lepton,muon,1,L2_ch32:64,L2,label_Tbl,4.0667195320129395,2.111360788345337,8.58631215709022
20512,C_Tbl_correct,hadron_neighbor,charged_hadron,7,L2_ch32:64,L2,label_Hqql,0.8496572375297546,2.2214324474334717,1.8874561566452854
20512,C_Tbl_correct,hadron_neighbor,charged_hadron,7,L2_ch32:64,L2,label_Tbl,0.8496572375297546,2.111360788345337,1.793932974854144
20512,C_Tbl_correct,particle0,photon,0,L2_ch32:64,L2,label_Hqql,0.6676721572875977,2.2214324474334717,1.483188594446574
20512,C_Tbl_correct,particle0,photon,0,L2_ch32:64,L2,label_Tbl,0.6676721572875977,2.111360788345337,1.409696812366974
20513,C_Tbl_correct,particle0_best_lepton,electron,0,L2_ch32:64,L2,label_Hqql,7.760247707366943,0.9015350341796875,6.996135182103899
20513,C_Tbl_correct,particle0_best_lepton,electron,0,L2_ch32:64,L2,label_Tbl,7.760247707366943,3.0267298221588135,23.48817316322709
20513,C_Tbl_correct,photon_neighbor,photon,18,L2_ch32:64,L2,label_Hqql,1.9063435792922974,0.9015350341796875,1.7186355239155091
20513,C_Tbl_correct,photon_neighbor,photon,18,L2_ch32:64,L2,label_Tbl,1.9063435792922974,3.0267298221588135,5.769986962724971
20513,C_Tbl_correct,hard_hadron,charged_hadron,2,L2_ch32:64,L2,label_Hqql,0.8460692167282104,0.9015350341796875,0.7627610402214486
20513,C_Tbl_correct,hard_hadron,charged_hadron,2,L2_ch32:64,L2,label_Tbl,0.8460692167282104,3.0267298221588135,2.560822929881823
20514,C_Tbl_correct,particle0_best_lepton,muon,0,L2_ch32:64,L2,label_Hqql,3.49094557762146,1.0564308166503906,3.6879424874487086
20514,C_Tbl_correct,particle0_best_lepton,muon,0,L2_ch32:64,L2,label_Tbl,3.49094557762146,1.9350416660308838,6.755125146543776
20514,C_Tbl_correct,hardest_hadron,charged_hadron,1,L2_ch32:64,L2,label_Hqql,1.2190135717391968,1.0564308166503906,1.2878035031003492
20514,C_Tbl_correct,hardest_hadron,charged_hadron,1,L2_ch32:64,L2,label_Tbl,1.2190135717391968,1.9350416660308838,2.3588420527724736
20514,C_Tbl_correct,hadron_neighbor,charged_hadron,9,L2_ch32:64,L2,label_Hqql,0.9626896977424622,1.0564308166503906,1.017015063566987
20514,C_Tbl_correct,hadron_neighbor,charged_hadron,9,L2_ch32:64,L2,label_Tbl,0.9626896977424622,1.9350416660308838,1.862844676590342
20515,C_Tbl_correct,particle0_best_lepton,muon,0,L2_ch32:64,L2,label_Hqql,6.592373371124268,0.7413468360900879,4.8872351410075225
20515,C_Tbl_correct,particle0_best_lepton,muon,0,L2_ch32:64,L2,label_Tbl,6.592373371124268,2.8853163719177246,19.02108281749929
20515,C_Tbl_correct,hardest_hadron,charged_hadron,1,L2_ch32:64,L2,label_Hqql,0.856274425983429,0.7413468360900879,0.6347963365276712
20515,C_Tbl_correct,hardest_hadron,charged_hadron,1,L2_ch32:64,L2,label_Tbl,0.856274425983429,2.8853163719177246,2.4706226201444395
20515,C_Tbl_correct,hadron_neighbor,charged_hadron,8,L2_ch32:64,L2,label_Hqql,0.5467097163200378,0.7413468360900879,0.40530151845356954
20515,C_Tbl_correct,hadron_neighbor,charged_hadron,8,L2_ch32:64,L2,label_Tbl,0.5467097163200378,2.8853163719177246,1.5774304951847
20516,C_Tbl_correct,particle0_best_lepton,electron,0,L2_ch32:64,L2,label_Hqql,6.791902542114258,-3.3891420364379883,-23.018722412869465
20516,C_Tbl_correct,particle0_best_lepton,electron,0,L2_ch32:64,L2,label_Tbl,6.791902542114258,0.08446383476257324,0.5736701340406398
20516,C_Tbl_correct,second_lepton,electron,11,L2_ch32:64,L2,label_Hqql,2.0220184326171875,-3.3891420364379883,-6.852907668435364
20516,C_Tbl_correct,second_lepton,electron,11,L2_ch32:64,L2,label_Tbl,2.0220184326171875,0.08446383476257324,0.17078743077945546
20516,C_Tbl_correct,hard_hadron,charged_hadron,2,L2_ch32:64,L2,label_Hqql,0.5485174059867859,-3.3891420364379883,-1.8590033983477383
20516,C_Tbl_correct,hard_hadron,charged_hadron,2,L2_ch32:64,L2,label_Tbl,0.5485174059867859,0.08446383476257324,0.046329883543663186
20517,C_Tbl_correct,best_lepton,muon,2,L2_ch32:64,L2,label_Hqql,4.415600299835205,0.7030963897705078,3.1045926294837045
20517,C_Tbl_correct,best_lepton,muon,2,L2_ch32:64,L2,label_Tbl,4.415600299835205,2.0070042610168457,8.862128616716518
20517,C_Tbl_correct,second_lepton,electron,6,L2_ch32:64,L2,label_Hqql,1.3760827779769897,0.7030963897705078,0.9675188332209927
20517,C_Tbl_correct,second_lepton,electron,6,L2_ch32:64,L2,label_Tbl,1.3760827779769897,2.0070042610168457,2.7618039989117165
20517,C_Tbl_correct,hard_hadron,charged_hadron,9,L2_ch32:64,L2,label_Hqql,0.7128627300262451,0.7030963897705078,0.5012112118834011
20517,C_Tbl_correct,hard_hadron,charged_hadron,9,L2_ch32:64,L2,label_Tbl,0.7128627300262451,2.0070042610168457,1.4307185366827753
20518,C_Tbl_correct,best_lepton,muon,1,L2_ch32:64,L2,label_Hqql,2.497504949569702,-0.9866702556610107,-2.4642138471065778
20518,C_Tbl_correct,best_lepton,muon,1,L2_ch32:64,L2,label_Tbl,2.497504949569702,0.020081043243408203,0.05015250489293521
20518,C_Tbl_correct,second_lepton,electron,2,L2_ch32:64,L2,label_Hqql,1.9932419061660767,-0.9866702556610107,-1.9666725011511232
20518,C_Tbl_correct,second_lepton,electron,2,L2_ch32:64,L2,label_Tbl,1.9932419061660767,0.020081043243408203,0.04002637691229438
20518,C_Tbl_correct,nearest_hadron_to_best_lepton,charged_hadron,4,L2_ch32:64,L2,label_Hqql,1.1975573301315308,-0.9866702556610107,-1.181594197089595
20518,C_Tbl_correct,nearest_hadron_to_best_lepton,charged_hadron,4,L2_ch32:64,L2,label_Tbl,1.1975573301315308,0.020081043243408203,0.024048200532831743
20519,C_Tbl_correct,particle0_best_lepton,muon,0,L2_ch32:64,L2,label_Hqql,5.487176418304443,0.22109127044677734,1.2131668054885267
20519,C_Tbl_correct,particle0_best_lepton,muon,0,L2_ch32:64,L2,label_Tbl,5.487176418304443,1.017439842224121,5.582871909295591
20519,C_Tbl_correct,hard_hadron,charged_hadron,4,L2_ch32:64,L2,label_Hqql,0.484954833984375,0.22109127044677734,0.10721928035491146
20519,C_Tbl_correct,hard_hadron,charged_hadron,4,L2_ch32:64,L2,label_Tbl,0.484954833984375,1.017439842224121,0.49341236977488734
20519,C_Tbl_correct,hard_hadron,charged_hadron,3,L2_ch32:64,L2,label_Hqql,0.4545632600784302,0.22109127044677734,0.100499968669169
20519,C_Tbl_correct,hard_hadron,charged_hadron,3,L2_ch32:64,L2,label_Tbl,0.4545632600784302,1.017439842224121,0.4624907716150801
20520,C_Tbl_correct,particle0_best_lepton,muon,0,L2_ch32:64,L2,label_Hqql,3.5625693798065186,1.9929404258728027,7.09998853699301
20520,C_Tbl_correct,particle0_best_lepton,muon,0,L2_ch32:64,L2,label_Tbl,3.5625693798065186,1.5035884380340576,5.356638129171245
20520,C_Tbl_correct,second_lepton,muon,6,L2_ch32:64,L2,label_Hqql,1.260523796081543,1.9929404258728027,2.512148830985552
20520,C_Tbl_correct,second_lepton,muon,6,L2_ch32:64,L2,label_Tbl,1.260523796081543,1.5035884380340576,1.8953090056550081
20520,C_Tbl_correct,hard_hadron,charged_hadron,8,L2_ch32:64,L2,label_Hqql,0.9098020792007446,1.9929404258728027,1.8131813431822934
20520,C_Tbl_correct,hard_hadron,charged_hadron,8,L2_ch32:64,L2,label_Tbl,0.9098020792007446,1.5035884380340576,1.3679678871855856
20521,C_Tbl_correct,best_lepton,muon,1,L2_ch32:64,L2,label_Hqql,5.534136772155762,0.8896269798278809,4.9233173825673475
20521,C_Tbl_correct,best_lepton,muon,1,L2_ch32:64,L2,label_Tbl,5.534136772155762,0.8579151630401611,4.747819851170561
20521,C_Tbl_correct,hardest_hadron,charged_hadron,2,L2_ch32:64,L2,label_Hqql,2.3861258029937744,0.8896269798278809,2.1227618916067286
20521,C_Tbl_correct,hardest_hadron,charged_hadron,2,L2_ch32:64,L2,label_Tbl,2.3861258029937744,0.8579151630401611,2.0470935073097394
20521,C_Tbl_correct,particle0,photon,0,L2_ch32:64,L2,label_Hqql,1.7679375410079956,0.8896269798278809,1.5728049351312734
20521,C_Tbl_correct,particle0,photon,0,L2_ch32:64,L2,label_Tbl,1.7679375410079956,0.8579151630401611,1.516740423738696
20522,C_Tbl_correct,particle0_best_lepton,muon,0,L2_ch32:64,L2,label_Hqql,6.828979015350342,0.7359113693237305,5.025523298269491
20522,C_Tbl_correct,particle0_best_lepton,muon,0,L2_ch32:64,L2,label_Tbl,6.828979015350342,2.6946516036987305,18.401719255338776
20522,C_Tbl_correct,hardest_hadron,charged_hadron,1,L2_ch32:64,L2,label_Hqql,0.9143377542495728,0.7359113693237305,0.6728715487541876
20522,C_Tbl_correct,hardest_hadron,charged_hadron,1,L2_ch32:64,L2,label_Tbl,0.9143377542495728,2.6946516036987305,2.463821695810907
20522,C_Tbl_correct,nearest_hadron_to_best_lepton,charged_hadron,11,L2_ch32:64,L2,label_Hqql,0.8411940336227417,0.7359113693237305,0.619044253150264
20522,C_Tbl_correct,nearest_hadron_to_best_lepton,charged_hadron,11,L2_ch32:64,L2,label_Tbl,0.8411940336227417,2.6946516036987305,2.2667248517233247
20523,C_Tbl_correct,best_lepton,electron,1,L2_ch32:64,L2,label_Hqql,4.9009857177734375,0.1583395004272461,0.7760196301533142
20523,C_Tbl_correct,best_lepton,electron,1,L2_ch32:64,L2,label_Tbl,4.9009857177734375,2.4819984436035156,12.16423892363673
20523,C_Tbl_correct,second_lepton,electron,3,L2_ch32:64,L2,label_Hqql,2.16874098777771,0.1583395004272461,0.3433973645608148
20523,C_Tbl_correct,second_lepton,electron,3,L2_ch32:64,L2,label_Tbl,2.16874098777771,2.4819984436035156,5.382811756243427
20523,C_Tbl_correct,hard_hadron,charged_hadron,4,L2_ch32:64,L2,label_Hqql,0.7305121421813965,0.1583395004272461,0.11566892764903969
20523,C_Tbl_correct,hard_hadron,charged_hadron,4,L2_ch32:64,L2,label_Tbl,0.7305121421813965,2.4819984436035156,1.8131299999276962
20524,C_Tbl_correct,particle0_best_lepton,electron,0,L2_ch32:64,L2,label_Hqql,5.814289093017578,-2.004793643951416,-11.656449817777684
20524,C_Tbl_correct,particle0_best_lepton,electron,0,L2_ch32:64,L2,label_Tbl,5.814289093017578,1.2338500022888184,7.17396061072759
20524,C_Tbl_correct,second_lepton,muon,3,L2_ch32:64,L2,label_Hqql,2.246368646621704,-2.004793643951416,-4.503505584718937
20524,C_Tbl_correct,second_lepton,muon,3,L2_ch32:64,L2,label_Tbl,2.246368646621704,1.2338500022888184,2.7716819597757194
20524,C_Tbl_correct,hardest_hadron,charged_hadron,2,L2_ch32:64,L2,label_Hqql,1.0637458562850952,-2.004793643951416,-2.1325909314600153
20524,C_Tbl_correct,hardest_hadron,charged_hadron,2,L2_ch32:64,L2,label_Tbl,1.0637458562850952,1.2338500022888184,1.3125028272120858
20525,C_Tbl_correct,particle0_best_lepton,muon,0,L2_ch32:64,L2,label_Hqql,9.258401870727539,-0.5856099128723145,-5.421811912853627
20525,C_Tbl_correct,particle0_best_lepton,muon,0,L2_ch32:64,L2,label_Tbl,9.258401870727539,0.549077033996582,5.083575838727484
20525,C_Tbl_correct,hadron_neighbor,charged_hadron,19,L2_ch32:64,L2,label_Hqql,0.7324469685554504,-0.5856099128723145,-0.4289282054393482
20525,C_Tbl_correct,hadron_neighbor,charged_hadron,19,L2_ch32:64,L2,label_Tbl,0.7324469685554504,0.549077033996582,0.4021698090542145
20525,C_Tbl_correct,hadron_neighbor,charged_hadron,8,L2_ch32:64,L2,label_Hqql,0.6175445318222046,-0.5856099128723145,-0.36164019947517545
20525,C_Tbl_correct,hadron_neighbor,charged_hadron,8,L2_ch32:64,L2,label_Tbl,0.6175445318222046,0.549077033996582,0.33907951989374396
20526,C_Tbl_correct,particle0_best_lepton,electron,0,L2_ch32:64,L2,label_Hqql,5.894356727600098,-0.5073533058166504,-2.990521371410523
20526,C_Tbl_correct,particle0_best_lepton,electron,0,L2_ch32:64,L2,label_Tbl,5.894356727600098,0.7849798202514648,4.626951084529537
20526,C_Tbl_correct,hadron_neighbor,charged_hadron,18,L2_ch32:64,L2,label_Hqql,0.4656023383140564,-0.5073533058166504,-0.23622488553959897
20526,C_Tbl_correct,hadron_neighbor,charged_hadron,18,L2_ch32:64,L2,label_Tbl,0.4656023383140564,0.7849798202514648,0.3654884398384297
20526,C_Tbl_correct,photon_neighbor,photon,20,L2_ch32:64,L2,label_Hqql,0.4586295783519745,-0.5073533058166504,-0.23268723272217073
20526,C_Tbl_correct,photon_neighbor,photon,20,L2_ch32:64,L2,label_Tbl,0.4586295783519745,0.7849798202514648,0.36001496397673804
20527,C_Tbl_correct,particle0_best_lepton,electron,0,L2_ch32:64,L2,label_Hqql,9.26823616027832,-0.09819746017456055,-0.9101172512373523
20527,C_Tbl_correct,particle0_best_lepton,electron,0,L2_ch32:64,L2,label_Tbl,9.26823616027832,0.49434351921081543,4.58169248034892
20527,C_Tbl_correct,photon_neighbor,photon,17,L2_ch32:64,L2,label_Hqql,0.8130070567131042,-0.09819746017456055,-0.07983522807322174
20527,C_Tbl_correct,photon_neighbor,photon,17,L2_ch32:64,L2,label_Tbl,0.8130070567131042,0.49434351921081543,0.40190476955878296
20527,C_Tbl_correct,photon_neighbor,photon,33,L2_ch32:64,L2,label_Hqql,0.6874489784240723,-0.09819746017456055,-0.06750574368084017
20527,C_Tbl_correct,photon_neighbor,photon,33,L2_ch32:64,L2,label_Tbl,0.6874489784240723,0.49434351921081543,0.3398359472720358
20528,C_Tbl_correct,particle0_best_lepton,muon,0,L2_ch32:64,L2,label_Hqql,4.7907233238220215,-1.8786004781723022,-8.99985512692325
20528,C_Tbl_correct,particle0_best_lepton,muon,0,L2_ch32:64,L2,label_Tbl,4.7907233238220215,0.24401640892028809,1.1690151016097161
20528,C_Tbl_correct,photon_neighbor,photon,1,L2_ch32:64,L2,label_Hqql,3.278827428817749,-1.8786004781723022,-6.159606775621484
20528,C_Tbl_correct,photon_neighbor,photon,1,L2_ch32:64,L2,label_Tbl,3.278827428817749,0.24401640892028809,0.8000876946494486
20528,C_Tbl_correct,photon_neighbor,photon,31,L2_ch32:64,L2,label_Hqql,0.3715079724788666,-1.8786004781723022,-0.6979150547436213
20528,C_Tbl_correct,photon_neighbor,photon,31,L2_ch32:64,L2,label_Tbl,0.3715079724788666,0.24401640892028809,0.09065404132955024
20529,C_Tbl_correct,particle0_best_lepton,electron,0,L2_ch32:64,L2,label_Hqql,10.868303298950195,-0.3854861259460449,-4.1895801343189305
20529,C_Tbl_correct,particle0_best_lepton,electron,0,L2_ch32:64,L2,label_Tbl,10.868303298950195,0.9119982719421387,9.911873827585623
20529,C_Tbl_correct,photon_neighbor,photon,1,L2_ch32:64,L2,label_Hqql,2.07580828666687,-0.3854861259460449,-0.8001952946339088
20529,C_Tbl_correct,photon_neighbor,photon,1,L2_ch32:64,L2,label_Tbl,2.07580828666687,0.9119982719421387,1.8931335703233572
20529,C_Tbl_correct,hardest_hadron,charged_hadron,2,L2_ch32:64,L2,label_Hqql,1.5350784063339233,-0.3854861259460449,-0.5917514278810927
20529,C_Tbl_correct,hardest_hadron,charged_hadron,2,L2_ch32:64,L2,label_Tbl,1.5350784063339233,0.9119982719421387,1.3999888538722303
20530,C_Tbl_correct,particle0_best_lepton,electron,0,L2_ch32:64,L2,label_Hqql,7.636098861694336,-0.9712793827056885,-7.416785388666085
20530,C_Tbl_correct,particle0_best_lepton,electron,0,L2_ch32:64,L2,label_Tbl,7.636098861694336,-0.2032780647277832,-1.5522513986752529
20530,C_Tbl_correct,hard_hadron,charged_hadron,4,L2_ch32:64,L2,label_Hqql,0.7883023023605347,-0.9712793827056885,-0.7656617736222131
20530,C_Tbl_correct,hard_hadron,charged_hadron,4,L2_ch32:64,L2,label_Tbl,0.7883023023605347,-0.2032780647277832,-0.1602445664443053
20530,C_Tbl_correct,photon_neighbor,photon,3,L2_ch32:64,L2,label_Hqql,0.5683228969573975,-0.9712793827056885,-0.5520003125342896
20530,C_Tbl_correct,photon_neighbor,photon,3,L2_ch32:64,L2,label_Tbl,0.5683228969573975,-0.2032780647277832,-0.1155275786339871
20531,C_Tbl_correct,particle0_best_lepton,electron,0,L2_ch32:64,L2,label_Hqql,4.5098114013671875,1.7642433643341064,7.956404839260358
20531,C_Tbl_correct,particle0_best_lepton,electron,0,L2_ch32:64,L2,label_Tbl,4.5098114013671875,2.7262063026428223,12.294676266137685
20531,C_Tbl_correct,hadron_neighbor,charged_hadron,14,L2_ch32:64,L2,label_Hqql,1.0330803394317627,1.7642433643341064,1.8226051336665137
20531,C_Tbl_correct,hadron_neighbor,charged_hadron,14,L2_ch32:64,L2,label_Tbl,1.0330803394317627,2.7262063026428223,2.8163901324952576
20531,C_Tbl_correct,hardest_hadron,charged_hadron,1,L2_ch32:64,L2,label_Hqql,0.5186483860015869,1.7642433643341064,0.915021973425894
20531,C_Tbl_correct,hardest_hadron,charged_hadron,1,L2_ch32:64,L2,label_Tbl,0.5186483860015869,2.7262063026428223,1.4139424987730536
20532,C_Tbl_correct,particle0_best_lepton,electron,0,L2_ch32:64,L2,label_Hqql,3.0729622840881348,-0.3082549273967743,-0.9472557657746137
20532,C_Tbl_correct,particle0_best_lepton,electron,0,L2_ch32:64,L2,label_Tbl,3.0729622840881348,-0.3684046268463135,-1.1320935235822844
20532,C_Tbl_correct,hard_hadron,charged_hadron,2,L2_ch32:64,L2,label_Hqql,1.1755366325378418,-0.3082549273967743,-0.36236495931520096
20532,C_Tbl_correct,hard_hadron,charged_hadron,2,L2_ch32:64,L2,label_Tbl,1.1755366325378418,-0.3684046268463135,-0.43307313445427553
20532,C_Tbl_correct,hadron_neighbor,charged_hadron,18,L2_ch32:64,L2,label_Hqql,0.9472538232803345,-0.3082549273967743,-0.29199565852159637
20532,C_Tbl_correct,hadron_neighbor,charged_hadron,18,L2_ch32:64,L2,label_Tbl,0.9472538232803345,-0.3684046268463135,-0.3489726912943354
20533,C_Tbl_correct,particle0_best_lepton,electron,0,L2_ch32:64,L2,label_Hqql,6.005559921264648,-1.044461727142334,-6.272577487820854
20533,C_Tbl_correct,particle0_best_lepton,electron,0,L2_ch32:64,L2,label_Tbl,6.005559921264648,-0.17317068576812744,-1.0399869299869806
20533,C_Tbl_correct,second_lepton,electron,2,L2_ch32:64,L2,label_Hqql,2.9183948040008545,-1.044461727142334,-3.0481516774699458
20533,C_Tbl_correct,second_lepton,electron,2,L2_ch32:64,L2,label_Tbl,2.9183948040008545,-0.17317068576812744,-0.5053804295509678
20533,C_Tbl_correct,photon_neighbor,photon,14,L2_ch32:64,L2,label_Hqql,0.47199633717536926,-1.044461727142334,-0.4929821095310416
20533,C_Tbl_correct,photon_neighbor,photon,14,L2_ch32:64,L2,label_Tbl,0.47199633717536926,-0.17317068576812744,-0.081735929388703
20534,C_Tbl_correct,particle0_best_lepton,muon,0,L2_ch32:64,L2,label_Hqql,4.733634948730469,0.870048999786377,4.118494352496782
20534,C_Tbl_correct,particle0_best_lepton,muon,0,L2_ch32:64,L2,label_Tbl,4.733634948730469,1.0107965469360352,4.784741860632494
20534,C_Tbl_correct,hardest_hadron,charged_hadron,1,L2_ch32:64,L2,label_Hqql,1.638379693031311,0.870048999786377,1.4254706131922035
20534,C_Tbl_correct,hardest_hadron,charged_hadron,1,L2_ch32:64,L2,label_Tbl,1.638379693031311,1.0107965469360352,1.6560685362861705
20534,C_Tbl_correct,hard_hadron,charged_hadron,4,L2_ch32:64,L2,label_Hqql,0.990702211856842,0.870048999786377,0.8619594685121967
20534,C_Tbl_correct,hard_hadron,charged_hadron,4,L2_ch32:64,L2,label_Tbl,0.990702211856842,1.0107965469360352,1.0013983747867883
20535,C_Tbl_correct,particle0_best_lepton,muon,0,L2_ch32:64,L2,label_Hqql,5.692517280578613,-0.336672306060791,-1.9165129201433047
20535,C_Tbl_correct,particle0_best_lepton,muon,0,L2_ch32:64,L2,label_Tbl,5.692517280578613,2.1590981483459473,12.290703519924591
20535,C_Tbl_correct,second_lepton,electron,1,L2_ch32:64,L2,label_Hqql,2.32177472114563,-0.336672306060791,-0.7816772495217492
20535,C_Tbl_correct,second_lepton,electron,1,L2_ch32:64,L2,label_Tbl,2.32177472114563,2.1590981483459473,5.0129395013019575
20535,C_Tbl_correct,hadron_neighbor,charged_hadron,14,L2_ch32:64,L2,label_Hqql,0.6890109181404114,-0.336672306060791,-0.2319708947113952
20535,C_Tbl_correct,hadron_neighbor,charged_hadron,14,L2_ch32:64,L2,label_Tbl,0.6890109181404114,2.1590981483459473,1.4876421975471033
20536,C_Tbl_correct,particle0_best_lepton,electron,0,L2_ch32:64,L2,label_Hqql,6.915187835693359,0.4111490249633789,2.843172736083943
20536,C_Tbl_correct,particle0_best_lepton,electron,0,L2_ch32:64,L2,label_Tbl,6.915187835693359,0.9155759811401367,6.331379887433286
20536,C_Tbl_correct,hard_hadron,neutral_hadron,2,L2_ch32:64,L2,label_Hqql,0.5736162662506104,0.4111490249633789,0.2358417685720724
20536,C_Tbl_correct,hard_hadron,neutral_hadron,2,L2_ch32:64,L2,label_Tbl,0.5736162662506104,0.9155759811401367,0.5251892757703445
20536,C_Tbl_correct,photon_neighbor,photon,21,L2_ch32:64,L2,label_Hqql,0.4888615608215332,0.4111490249633789,0.20099495407384893
20536,C_Tbl_correct,photon_neighbor,photon,21,L2_ch32:64,L2,label_Tbl,0.4888615608215332,0.9155759811401367,0.4475899031908739
20537,C_Tbl_correct,particle0_best_lepton,muon,0,L2_ch32:64,L2,label_Hqql,5.487194061279297,-0.1936798095703125,-1.0627587008639239
20537,C_Tbl_correct,particle0_best_lepton,muon,0,L2_ch32:64,L2,label_Tbl,5.487194061279297,1.9263904094696045,10.570478014547007
20537,C_Tbl_correct,second_lepton,muon,1,L2_ch32:64,L2,label_Hqql,2.9721667766571045,-0.1936798095703125,-0.5756486953141575
20537,C_Tbl_correct,second_lepton,muon,1,L2_ch32:64,L2,label_Tbl,2.9721667766571045,1.9263904094696045,5.725553573896434
20537,C_Tbl_correct,hadron_neighbor,neutral_hadron,12,L2_ch32:64,L2,label_Hqql,0.7328577637672424,-0.1936798095703125,-0.14193975212856458
20537,C_Tbl_correct,hadron_neighbor,neutral_hadron,12,L2_ch32:64,L2,label_Tbl,0.7328577637672424,1.9263904094696045,1.4117701676265568
20538,C_Tbl_correct,particle0_best_lepton,electron,0,L2_ch32:64,L2,label_Hqql,6.427829742431641,-0.8459358215332031,-5.437531433839467
20538,C_Tbl_correct,particle0_best_lepton,electron,0,L2_ch32:64,L2,label_Tbl,6.427829742431641,2.1563680171966553,13.860766476565004
20538,C_Tbl_correct,second_lepton,electron,1,L2_ch32:64,L2,label_Hqql,2.9552602767944336,-0.8459358215332031,-2.4999605300945404
20538,C_Tbl_correct,second_lepton,electron,1,L2_ch32:64,L2,label_Tbl,2.9552602767944336,2.1563680171966553,6.372628743371251
20538,C_Tbl_correct,hard_hadron,charged_hadron,3,L2_ch32:64,L2,label_Hqql,0.8701087832450867,-0.8459358215332031,-0.7360561883776882
20538,C_Tbl_correct,hard_hadron,charged_hadron,3,L2_ch32:64,L2,label_Tbl,0.8701087832450867,2.1563680171966553,1.8762747516716018
20539,C_Tbl_correct,particle0_best_lepton,electron,0,L2_ch32:64,L2,label_Hqql,8.325858116149902,-1.580020785331726,-13.155028879239694
20539,C_Tbl_correct,particle0_best_lepton,electron,0,L2_ch32:64,L2,label_Tbl,8.325858116149902,-0.0034873485565185547,-0.029035169283133655
20539,C_Tbl_correct,hardest_hadron,charged_hadron,1,L2_ch32:64,L2,label_Hqql,1.4633830785751343,-1.580020785331726,-2.3121756810514427
20539,C_Tbl_correct,hardest_hadron,charged_hadron,1,L2_ch32:64,L2,label_Tbl,1.4633830785751343,-0.0034873485565185547,-0.005103326866702673
20539,C_Tbl_correct,second_lepton,electron,35,L2_ch32:64,L2,label_Hqql,0.9102542996406555,-1.580020785331726,-1.4382207133698088
20539,C_Tbl_correct,second_lepton,electron,35,L2_ch32:64,L2,label_Tbl,0.9102542996406555,-0.0034873485565185547,-0.003174374017916648
20540,C_Tbl_correct,particle0_best_lepton,muon,0,L2_ch32:64,L2,label_Hqql,3.654667854309082,0.7467901706695557,2.729270030660018
20540,C_Tbl_correct,particle0_best_lepton,muon,0,L2_ch32:64,L2,label_Tbl,3.654667854309082,2.070887804031372,7.568407087274181
20540,C_Tbl_correct,second_lepton,electron,3,L2_ch32:64,L2,label_Hqql,2.43751859664917,0.7467901706695557,1.8203149288018494
20540,C_Tbl_correct,second_lepton,electron,3,L2_ch32:64,L2,label_Tbl,2.43751859664917,2.070887804031372,5.047827533900431
20540,C_Tbl_correct,hardest_hadron,charged_hadron,1,L2_ch32:64,L2,label_Hqql,0.7292863130569458,0.7467901706695557,0.5446238501947676
20540,C_Tbl_correct,hardest_hadron,charged_hadron,1,L2_ch32:64,L2,label_Tbl,0.7292863130569458,2.070887804031372,1.5102701313566342
20541,C_Tbl_correct,particle0_best_lepton,muon,0,L2_ch32:64,L2,label_Hqql,3.2299134731292725,1.6807979345321655,5.428831894353294
20541,C_Tbl_correct,particle0_best_lepton,muon,0,L2_ch32:64,L2,label_Tbl,3.2299134731292725,1.6758544445037842,5.412864849306345
20541,C_Tbl_correct,hardest_hadron,charged_hadron,3,L2_ch32:64,L2,label_Hqql,0.9209166765213013,1.6807979345321655,1.5478748477732296
20541,C_Tbl_correct,hardest_hadron,charged_hadron,3,L2_ch32:64,L2,label_Tbl,0.9209166765213013,1.6758544445037842,1.5433223053658764
20541,C_Tbl_correct,photon_neighbor,photon,1,L2_ch32:64,L2,label_Hqql,0.6080171465873718,1.6807979345321655,1.0219539641441955
20541,C_Tbl_correct,photon_neighbor,photon,1,L2_ch32:64,L2,label_Tbl,0.6080171465873718,1.6758544445037842,1.018948237442956
20542,C_Tbl_correct,particle0_best_lepton,electron,0,L2_ch32:64,L2,label_Hqql,5.377256870269775,0.8061999082565308,4.335143995483293
20542,C_Tbl_correct,particle0_best_lepton,electron,0,L2_ch32:64,L2,label_Tbl,5.377256870269775,1.2393879890441895,6.664507579017709
20542,C_Tbl_correct,hard_hadron,charged_hadron,2,L2_ch32:64,L2,label_Hqql,0.7720126509666443,0.8061999082565308,0.6223965283821897
20542,C_Tbl_correct,hard_hadron,charged_hadron,2,L2_ch32:64,L2,label_Tbl,0.7720126509666443,1.2393879890441895,0.956823206998223
20542,C_Tbl_correct,hard_hadron,charged_hadron,4,L2_ch32:64,L2,label_Hqql,0.5775989890098572,0.8061999082565308,0.4656602519488118
20542,C_Tbl_correct,hard_hadron,charged_hadron,4,L2_ch32:64,L2,label_Tbl,0.5775989890098572,1.2393879890441895,0.7158692494628838
20543,C_Tbl_correct,particle0_best_lepton,muon,0,L2_ch32:64,L2,label_Hqql,9.374735832214355,-0.6029834747314453,-5.652810786798
20543,C_Tbl_correct,particle0_best_lepton,muon,0,L2_ch32:64,L2,label_Tbl,9.374735832214355,-0.32998597621917725,-3.093531355390155
20543,C_Tbl_correct,hard_hadron,charged_hadron,2,L2_ch32:64,L2,label_Hqql,1.9272558689117432,-0.6029834747314453,-1.1621034405329738
20543,C_Tbl_correct,hard_hadron,charged_hadron,2,L2_ch32:64,L2,label_Tbl,1.9272558689117432,-0.32998597621917725,-0.6359674093269803
20543,C_Tbl_correct,hard_hadron,charged_hadron,5,L2_ch32:64,L2,label_Hqql,1.249597430229187,-0.6029834747314453,-0.75348660049508
20543,C_Tbl_correct,hard_hadron,charged_hadron,5,L2_ch32:64,L2,label_Tbl,1.249597430229187,-0.32998597621917725,-0.4123496278951535
20544,C_Tbl_correct,particle0_best_lepton,muon,0,L2_ch32:64,L2,label_Hqql,4.554545879364014,-0.795753002166748,-3.6242935570101054
20544,C_Tbl_correct,particle0_best_lepton,muon,0,L2_ch32:64,L2,label_Tbl,4.554545879364014,0.9715890884399414,4.425147079189173
20544,C_Tbl_correct,hard_hadron,charged_hadron,6,L2_ch32:64,L2,label_Hqql,1.066185712814331,-0.795753002166748,-0.8484204818392982
20544,C_Tbl_correct,hard_hadron,charged_hadron,6,L2_ch32:64,L2,label_Tbl,1.066185712814331,0.9715890884399414,1.035894404820965
20544,C_Tbl_correct,photon_neighbor,photon,1,L2_ch32:64,L2,label_Hqql,0.8154575824737549,-0.795753002166748,-0.648902819393129
20544,C_Tbl_correct,photon_neighbor,photon,1,L2_ch32:64,L2,label_Tbl,0.8154575824737549,0.9715890884399414,0.7922896892171138
20545,C_Tbl_correct,particle0_best_lepton,electron,0,L2_ch32:64,L2,label_Hqql,5.708796501159668,-0.40718352794647217,-2.32452789967067
20545,C_Tbl_correct,particle0_best_lepton,electron,0,L2_ch32:64,L2,label_Tbl,5.708796501159668,1.7488985061645508,9.984105672875558
20545,C_Tbl_correct,hadron_neighbor,charged_hadron,7,L2_ch32:64,L2,label_Hqql,0.44186538457870483,-0.40718352794647217,-0.17992030617018173
20545,C_Tbl_correct,hadron_neighbor,charged_hadron,7,L2_ch32:64,L2,label_Tbl,0.44186538457870483,1.7488985061645508,0.7727777110155216
20545,C_Tbl_correct,hadron_neighbor,charged_hadron,8,L2_ch32:64,L2,label_Hqql,0.39255475997924805,-0.40718352794647217,-0.15984183208053082
20545,C_Tbl_correct,hadron_neighbor,charged_hadron,8,L2_ch32:64,L2,label_Tbl,0.39255475997924805,1.7488985061645508,0.6865384333154907
20546,C_Tbl_correct,particle0_best_lepton,electron,0,L2_ch32:64,L2,label_Hqql,7.097238063812256,-1.0834312438964844,-7.689369463705589
20546,C_Tbl_correct,particle0_best_lepton,electron,0,L2_ch32:64,L2,label_Tbl,7.097238063812256,1.644049882888794,11.66821340764443
20546,C_Tbl_correct,second_lepton,muon,6,L2_ch32:64,L2,label_Hqql,2.3055198192596436,-1.0834312438964844,-2.4978722056084735
20546,C_Tbl_correct,second_lepton,muon,6,L2_ch32:64,L2,label_Tbl,2.3055198192596436,1.644049882888794,3.7903895888516104
20546,C_Tbl_correct,hardest_hadron,charged_hadron,1,L2_ch32:64,L2,label_Hqql,0.3497222661972046,-1.0834312438964844,-0.3789000298843348
20546,C_Tbl_correct,hardest_hadron,charged_hadron,1,L2_ch32:64,L2,label_Tbl,0.3497222661972046,1.644049882888794,0.5749608507851178
20547,C_Tbl_correct,particle0_best_lepton,electron,0,L2_ch32:64,L2,label_Hqql,12.77707290649414,0.08798027038574219,1.1241303290516953
20547,C_Tbl_correct,particle0_best_lepton,electron,0,L2_ch32:64,L2,label_Tbl,12.77707290649414,1.9009287357330322,24.288305046510686
20547,C_Tbl_correct,hardest_hadron,charged_hadron,1,L2_ch32:64,L2,label_Hqql,1.7404279708862305,0.08798027038574219,0.1531233234654792
20547,C_Tbl_correct,hardest_hadron,charged_hadron,1,L2_ch32:64,L2,label_Tbl,1.7404279708862305,1.9009287357330322,3.3084295423311687
20547,C_Tbl_correct,hard_hadron,charged_hadron,2,L2_ch32:64,L2,label_Hqql,1.3922364711761475,0.08798027038574219,0.12248934117496901
20547,C_Tbl_correct,hard_hadron,charged_hadron,2,L2_ch32:64,L2,label_Tbl,1.3922364711761475,1.9009287357330322,2.646542314994292
20548,C_Tbl_correct,particle0_best_lepton,electron,0,L2_ch32:64,L2,label_Hqql,6.322348117828369,-5.242998123168945,-33.14805931579485
20548,C_Tbl_correct,particle0_best_lepton,electron,0,L2_ch32:64,L2,label_Tbl,6.322348117828369,0.6972811222076416,4.408453990586736
20548,C_Tbl_correct,second_lepton,electron,4,L2_ch32:64,L2,label_Hqql,2.4321584701538086,-5.242998123168945,-12.751802294265872
20548,C_Tbl_correct,second_lepton,electron,4,L2_ch32:64,L2,label_Tbl,2.4321584701538086,0.6972811222076416,1.6958981874556684
20548,C_Tbl_correct,other_lepton,electron,11,L2_ch32:64,L2,label_Hqql,0.5627731680870056,-5.242998123168945,-2.950618664050012
20548,C_Tbl_correct,other_lepton,electron,11,L2_ch32:64,L2,label_Tbl,0.5627731680870056,0.6972811222076416,0.392411106192057
20549,C_Tbl_correct,best_lepton,electron,3,L2_ch32:64,L2,label_Hqql,3.412875175476074,1.4076660871505737,4.804188644195733
20549,C_Tbl_correct,best_lepton,electron,3,L2_ch32:64,L2,label_Tbl,3.412875175476074,1.9723033905029297,6.731225279954742
20549,C_Tbl_correct,hardest_hadron,charged_hadron,1,L2_ch32:64,L2,label_Hqql,1.5532076358795166,1.4076660871505737,2.186397715330912
20549,C_Tbl_correct,hardest_hadron,charged_hadron,1,L2_ch32:64,L2,label_Tbl,1.5532076358795166,1.9723033905029297,3.0633966864002105
20549,C_Tbl_correct,hard_hadron,charged_hadron,6,L2_ch32:64,L2,label_Hqql,0.7627776265144348,1.4076660871505737,1.0737361968815762
20549,C_Tbl_correct,hard_hadron,charged_hadron,6,L2_ch32:64,L2,label_Tbl,0.7627776265144348,1.9723033905029297,1.5044288989741972
20551,C_Tbl_correct,particle0,photon,0,L2_ch32:64,L2,label_Hqql,3.837625503540039,-3.4263577461242676,-13.149077870778456
20551,C_Tbl_correct,particle0,photon,0,L2_ch32:64,L2,label_Tbl,3.837625503540039,1.10151207447052,4.227190829445362
20551,C_Tbl_correct,best_lepton,electron,1,L2_ch32:64,L2,label_Hqql,3.3476316928863525,-3.4263577461242676,-11.47018378209225
20551,C_Tbl_correct,best_lepton,electron,1,L2_ch32:64,L2,label_Tbl,3.3476316928863525,1.10151207447052,3.687456730594505
20551,C_Tbl_correct,second_lepton,electron,2,L2_ch32:64,L2,label_Hqql,2.9872870445251465,-3.4263577461242676,-10.235514104905405
20551,C_Tbl_correct,second_lepton,electron,2,L2_ch32:64,L2,label_Tbl,2.9872870445251465,1.10151207447052,3.290532749453803
20552,C_Tbl_correct,particle0_best_lepton,muon,0,L2_ch32:64,L2,label_Hqql,5.543700695037842,1.824864387512207,10.116501973401228
20552,C_Tbl_correct,particle0_best_lepton,muon,0,L2_ch32:64,L2,label_Tbl,5.543700695037842,2.8909263610839844,16.026430477244503
20552,C_Tbl_correct,photon_neighbor,photon,10,L2_ch32:64,L2,label_Hqql,1.928658366203308,1.824864387512207,3.5195399681618937
20552,C_Tbl_correct,photon_neighbor,photon,10,L2_ch32:64,L2,label_Tbl,1.928658366203308,2.8909263610839844,5.575609312382312
20552,C_Tbl_correct,hardest_hadron,charged_hadron,1,L2_ch32:64,L2,label_Hqql,0.5160136818885803,1.824864387512207,0.941654991547523
20552,C_Tbl_correct,hardest_hadron,charged_hadron,1,L2_ch32:64,L2,label_Tbl,0.5160136818885803,2.8909263610839844,1.4917575556517022
20553,C_Tbl_correct,best_lepton,electron,2,L2_ch32:64,L2,label_Hqql,6.499538898468018,-0.7227897644042969,-4.697800189160262
20553,C_Tbl_correct,best_lepton,electron,2,L2_ch32:64,L2,label_Tbl,6.499538898468018,0.21231681108474731,1.3799613724440007
20553,C_Tbl_correct,photon_neighbor,photon,13,L2_ch32:64,L2,label_Hqql,0.7307833433151245,-0.7227897644042969,-0.5282027205453232
20553,C_Tbl_correct,photon_neighbor,photon,13,L2_ch32:64,L2,label_Tbl,0.7307833433151245,0.21231681108474731,0.15515758904651733
20553,C_Tbl_correct,hardest_hadron,charged_hadron,1,L2_ch32:64,L2,label_Hqql,0.40362197160720825,-0.7227897644042969,-0.29173382976637185
20553,C_Tbl_correct,hardest_hadron,charged_hadron,1,L2_ch32:64,L2,label_Tbl,0.40362197160720825,0.21231681108474731,0.08569572989538088
20554,C_Tbl_correct,best_lepton,muon,3,L2_ch32:64,L2,label_Hqql,1.7666064500808716,0.5359659194946289,0.9468408504027366
20554,C_Tbl_correct,best_lepton,muon,3,L2_ch32:64,L2,label_Tbl,1.7666064500808716,0.5393335819244385,0.9527901845729332
20554,C_Tbl_correct,hard_hadron,charged_hadron,6,L2_ch32:64,L2,label_Hqql,0.8398439288139343,0.5359659194946289,0.450127723538742
20554,C_Tbl_correct,hard_hadron,charged_hadron,6,L2_ch32:64,L2,label_Tbl,0.8398439288139343,0.5393335819244385,0.4529560343847123
20554,C_Tbl_correct,particle0,charged_hadron,0,L2_ch32:64,L2,label_Hqql,0.8308439254760742,0.5359659194946289,0.44530402847431105
20554,C_Tbl_correct,particle0,charged_hadron,0,L2_ch32:64,L2,label_Tbl,0.8308439254760742,0.5393335819244385,0.44810203034717233
20555,C_Tbl_correct,particle0_best_lepton,electron,0,L2_ch32:64,L2,label_Hqql,5.450002670288086,2.2559030055999756,12.294677404430786
20555,C_Tbl_correct,particle0_best_lepton,electron,0,L2_ch32:64,L2,label_Tbl,5.450002670288086,2.181568145751953,11.889552219763573
20555,C_Tbl_correct,hardest_hadron,charged_hadron,1,L2_ch32:64,L2,label_Hqql,2.4295644760131836,2.2559030055999756,5.480861803737071
20555,C_Tbl_correct,hardest_hadron,charged_hadron,1,L2_ch32:64,L2,label_Tbl,2.4295644760131836,2.181568145751953,5.3002604689208965
20555,C_Tbl_correct,hard_hadron,charged_hadron,3,L2_ch32:64,L2,label_Hqql,0.9873116612434387,2.2559030055999756,2.2272793440629783
20555,C_Tbl_correct,hard_hadron,charged_hadron,3,L2_ch32:64,L2,label_Tbl,0.9873116612434387,2.181568145751953,2.153887670098129
20556,C_Tbl_correct,particle0_best_lepton,muon,0,L2_ch32:64,L2,label_Hqql,5.787871837615967,1.207573413848877,6.989280153869686
20556,C_Tbl_correct,particle0_best_lepton,muon,0,L2_ch32:64,L2,label_Tbl,5.787871837615967,1.3532485961914062,7.832429439189582
20556,C_Tbl_correct,hardest_hadron,charged_hadron,1,L2_ch32:64,L2,label_Hqql,2.093536853790283,1.207573413848877,2.5280994455499695
20556,C_Tbl_correct,hardest_hadron,charged_hadron,1,L2_ch32:64,L2,label_Tbl,2.093536853790283,1.3532485961914062,2.833075808466674
20556,C_Tbl_correct,hard_hadron,charged_hadron,3,L2_ch32:64,L2,label_Hqql,1.2333989143371582,1.207573413848877,1.4894197376236207
20556,C_Tbl_correct,hard_hadron,charged_hadron,3,L2_ch32:64,L2,label_Tbl,1.2333989143371582,1.3532485961914062,1.6690953493707639
20557,C_Tbl_correct,particle0_best_lepton,electron,0,L2_ch32:64,L2,label_Hqql,5.480523109436035,-0.7688841819763184,-4.213887527801035
20557,C_Tbl_correct,particle0_best_lepton,electron,0,L2_ch32:64,L2,label_Tbl,5.480523109436035,0.4746878147125244,2.601537538299681
20557,C_Tbl_correct,photon_neighbor,photon,1,L2_ch32:64,L2,label_Hqql,1.1336826086044312,-0.7688841819763184,-0.8716706251375967
20557,C_Tbl_correct,photon_neighbor,photon,1,L2_ch32:64,L2,label_Tbl,1.1336826086044312,0.4746878147125244,0.5381453200560316
20557,C_Tbl_correct,hadron_neighbor,charged_hadron,23,L2_ch32:64,L2,label_Hqql,0.7329002618789673,-0.7688841819763184,-0.5635154183250393
20557,C_Tbl_correct,hadron_neighbor,charged_hadron,23,L2_ch32:64,L2,label_Tbl,0.7329002618789673,0.4746878147125244,0.34789882371356384
20558,C_Tbl_correct,particle0_best_lepton,electron,0,L2_ch32:64,L2,label_Hqql,4.551842212677002,1.5077139139175415,6.862875838010325
20558,C_Tbl_correct,particle0_best_lepton,electron,0,L2_ch32:64,L2,label_Tbl,4.551842212677002,1.9704852104187012,8.969337760239569
20558,C_Tbl_correct,hardest_hadron,charged_hadron,1,L2_ch32:64,L2,label_Hqql,1.1551522016525269,1.5077139139175415,1.7416390471239964
20558,C_Tbl_correct,hardest_hadron,charged_hadron,1,L2_ch32:64,L2,label_Tbl,1.1551522016525269,1.9704852104187012,2.2762103291389053
20558,C_Tbl_correct,hard_hadron,charged_hadron,3,L2_ch32:64,L2,label_Hqql,0.8765557408332825,1.5077139139175415,1.3215952867786385
20558,C_Tbl_correct,hard_hadron,charged_hadron,3,L2_ch32:64,L2,label_Tbl,0.8765557408332825,1.9704852104187012,1.727240123419591
20559,C_Tbl_correct,particle0_best_lepton,electron,0,L2_ch32:64,L2,label_Hqql,4.858363151550293,-0.04606437683105469,-0.22379747099512315
20559,C_Tbl_correct,particle0_best_lepton,electron,0,L2_ch32:64,L2,label_Tbl,4.858363151550293,0.878908634185791,4.270057321907643
20559,C_Tbl_correct,hardest_hadron,charged_hadron,1,L2_ch32:64,L2,label_Hqql,1.304306983947754,-0.04606437683105469,-0.06008208841194573
20559,C_Tbl_correct,hardest_hadron,charged_hadron,1,L2_ch32:64,L2,label_Tbl,1.304306983947754,0.878908634185791,1.1463666698205088
20559,C_Tbl_correct,hard_hadron,charged_hadron,2,L2_ch32:64,L2,label_Hqql,1.0876047611236572,-0.04606437683105469,-0.050099835559649364
20559,C_Tbl_correct,hard_hadron,charged_hadron,2,L2_ch32:64,L2,label_Tbl,1.0876047611236572,0.878908634185791,0.9559052151331571
20560,C_Tbl_correct,particle0_best_lepton,muon,0,L2_ch32:64,L2,label_Hqql,4.318376541137695,-0.5847518444061279,-2.5251786472704225
20560,C_Tbl_correct,particle0_best_lepton,muon,0,L2_ch32:64,L2,label_Tbl,4.318376541137695,1.2129709720611572,5.238065390829888
20560,C_Tbl_correct,hadron_neighbor,charged_hadron,15,L2_ch32:64,L2,label_Hqql,1.0911672115325928,-0.5847518444061279,-0.6380620394991752
20560,C_Tbl_correct,hadron_neighbor,charged_hadron,15,L2_ch32:64,L2,label_Tbl,1.0911672115325928,1.2129709720611572,1.3235541532539514
20560,C_Tbl_correct,hard_hadron,charged_hadron,2,L2_ch32:64,L2,label_Hqql,0.9458721280097961,-0.5847518444061279,-0.5531004714260774
20560,C_Tbl_correct,hard_hadron,charged_hadron,2,L2_ch32:64,L2,label_Tbl,0.9458721280097961,1.2129709720611572,1.1473154345575978
20561,C_Tbl_correct,particle0_best_lepton,electron,0,L2_ch32:64,L2,label_Hqql,5.315968036651611,0.5109738111495972,2.7163204476373153
20561,C_Tbl_correct,particle0_best_lepton,electron,0,L2_ch32:64,L2,label_Tbl,5.315968036651611,0.9368081092834473,4.980041965426835
20561,C_Tbl_correct,hard_hadron,charged_hadron,11,L2_ch32:64,L2,label_Hqql,0.16458380222320557,0.5109738111495972,0.08409801267548289
20561,C_Tbl_correct,hard_hadron,charged_hadron,11,L2_ch32:64,L2,label_Tbl,0.16458380222320557,0.9368081092834473,0.15418344057940203
20561,C_Tbl_correct,hadron_neighbor,charged_hadron,17,L2_ch32:64,L2,label_Hqql,0.15078003704547882,0.5109738111495972,0.07704465017440576
20561,C_Tbl_correct,hadron_neighbor,charged_hadron,17,L2_ch32:64,L2,label_Tbl,0.15078003704547882,0.9368081092834473,0.14125196142226315
20562,C_Tbl_correct,particle0_best_lepton,electron,0,L2_ch32:64,L2,label_Hqql,7.269613742828369,0.4065589904785156,2.9555268244530453
20562,C_Tbl_correct,particle0_best_lepton,electron,0,L2_ch32:64,L2,label_Tbl,7.269613742828369,1.2883973121643066,9.366150806732776
20562,C_Tbl_correct,hadron_neighbor,charged_hadron,9,L2_ch32:64,L2,label_Hqql,0.4579799175262451,0.4065589904785156,0.18619585292890406
20562,C_Tbl_correct,hadron_neighbor,charged_hadron,9,L2_ch32:64,L2,label_Tbl,0.4579799175262451,1.2883973121643066,0.590060094766045
20562,C_Tbl_correct,photon_neighbor,photon,20,L2_ch32:64,L2,label_Hqql,0.3317895829677582,0.4065589904785156,0.13489203790265947
20562,C_Tbl_correct,photon_neighbor,photon,20,L2_ch32:64,L2,label_Tbl,0.3317895829677582,1.2883973121643066,0.42747680689977585
20564,C_Tbl_correct,particle0_best_lepton,electron,0,L2_ch32:64,L2,label_Hqql,5.596225261688232,0.3334054946899414,1.865812251769512
20564,C_Tbl_correct,particle0_best_lepton,electron,0,L2_ch32:64,L2,label_Tbl,5.596225261688232,1.547121524810791,8.658040560047766
20564,C_Tbl_correct,nearest_hadron_to_best_lepton,charged_hadron,8,L2_ch32:64,L2,label_Hqql,0.583493709564209,0.3334054946899414,0.1945400088857241
20564,C_Tbl_correct,nearest_hadron_to_best_lepton,charged_hadron,8,L2_ch32:64,L2,label_Tbl,0.583493709564209,1.547121524810791,0.9027356776584838
20564,C_Tbl_correct,hard_hadron,charged_hadron,2,L2_ch32:64,L2,label_Hqql,0.2121763676404953,0.3334054946899414,0.07074076681469421
20564,C_Tbl_correct,hard_hadron,charged_hadron,2,L2_ch32:64,L2,label_Tbl,0.2121763676404953,1.547121524810791,0.32826262543277807
20565,C_Tbl_correct,second_lepton,muon,1,L2_ch32:64,L2,label_Hqql,3.2145159244537354,-0.5209355354309082,-1.6745555742564875
20565,C_Tbl_correct,second_lepton,muon,1,L2_ch32:64,L2,label_Tbl,3.2145159244537354,0.16690325736999512,0.5365131786590496
20565,C_Tbl_correct,particle0_best_lepton,muon,0,L2_ch32:64,L2,label_Hqql,2.40047287940979,-0.5209355354309082,-1.250491624722713
20565,C_Tbl_correct,particle0_best_lepton,muon,0,L2_ch32:64,L2,label_Tbl,2.40047287940979,0.16690325736999512,0.40064674280182544
20565,C_Tbl_correct,hard_hadron,charged_hadron,10,L2_ch32:64,L2,label_Hqql,0.21314112842082977,-0.5209355354309082,-0.11103278785625292
20565,C_Tbl_correct,hard_hadron,charged_hadron,10,L2_ch32:64,L2,label_Tbl,0.21314112842082977,0.16690325736999512,0.03557394861295293
20566,C_Tbl_correct,particle0_best_lepton,electron,0,L2_ch32:64,L2,label_Hqql,6.003325939178467,-0.26444149017333984,-1.5875284573526187
20566,C_Tbl_correct,particle0_best_lepton,electron,0,L2_ch32:64,L2,label_Tbl,6.003325939178467,2.6289782524108887,15.782613336234363
20566,C_Tbl_correct,hadron_neighbor,charged_hadron,8,L2_ch32:64,L2,label_Hqql,1.3520512580871582,-0.26444149017333984,-0.357538449479307
20566,C_Tbl_correct,hadron_neighbor,charged_hadron,8,L2_ch32:64,L2,label_Tbl,1.3520512580871582,2.6289782524108887,3.5545133536559206
20566,C_Tbl_correct,hadron_neighbor,charged_hadron,11,L2_ch32:64,L2,label_Hqql,0.3476383686065674,-0.26444149017333984,-0.09193000823574948
20566,C_Tbl_correct,hadron_neighbor,charged_hadron,11,L2_ch32:64,L2,label_Tbl,0.3476383686065674,2.6289782524108887,0.9139337107702659
20567,C_Tbl_correct,best_lepton,muon,1,L2_ch32:64,L2,label_Hqql,4.935989856719971,0.6806983947753906,3.3599203720968944
20567,C_Tbl_correct,best_lepton,muon,1,L2_ch32:64,L2,label_Tbl,4.935989856719971,1.1381700038909912,5.617995594428862
20567,C_Tbl_correct,second_lepton,electron,2,L2_ch32:64,L2,label_Hqql,2.1644959449768066,0.6806983947753906,1.4733689152435545
20567,C_Tbl_correct,second_lepton,electron,2,L2_ch32:64,L2,label_Tbl,2.1644959449768066,1.1381700038909912,2.4635643581162867
20567,C_Tbl_correct,particle0,charged_hadron,0,L2_ch32:64,L2,label_Hqql,1.0659160614013672,0.6806983947753906,0.7255673519612174
20567,C_Tbl_correct,particle0,charged_hadron,0,L2_ch32:64,L2,label_Tbl,1.0659160614013672,1.1381700038909912,1.2131936877526641
20568,C_Tbl_correct,particle0_best_lepton,muon,0,L2_ch32:64,L2,label_Hqql,5.4619598388671875,-0.5203284025192261,-2.842012837581933
20568,C_Tbl_correct,particle0_best_lepton,muon,0,L2_ch32:64,L2,label_Tbl,5.4619598388671875,0.3252573013305664,1.7765423171658767
20568,C_Tbl_correct,hadron_neighbor,charged_hadron,26,L2_ch32:64,L2,label_Hqql,0.6013376712799072,-0.5203284025192261,-0.3128930698717056
20568,C_Tbl_correct,hadron_neighbor,charged_hadron,26,L2_ch32:64,L2,label_Tbl,0.6013376712799072,0.3252573013305664,0.19558946814890987
20568,C_Tbl_correct,photon_neighbor,photon,32,L2_ch32:64,L2,label_Hqql,0.4195461869239807,-0.5203284025192261,-0.2183017972251875
20568,C_Tbl_correct,photon_neighbor,photon,32,L2_ch32:64,L2,label_Tbl,0.4195461869239807,0.3252573013305664,0.13646046054242333
20569,C_Tbl_correct,particle0_best_lepton,electron,0,L2_ch32:64,L2,label_Hqql,5.861084938049316,1.4131550788879395,8.282621947997995
20569,C_Tbl_correct,particle0_best_lepton,electron,0,L2_ch32:64,L2,label_Tbl,5.861084938049316,3.37078857421875,19.756478141702246
20569,C_Tbl_correct,hadron_neighbor,charged_hadron,10,L2_ch32:64,L2,label_Hqql,1.0791014432907104,1.4131550788879395,1.5249376852215732
20569,C_Tbl_correct,hadron_neighbor,charged_hadron,10,L2_ch32:64,L2,label_Tbl,1.0791014432907104,3.37078857421875,3.637422815467289
20569,C_Tbl_correct,hardest_hadron,charged_hadron,1,L2_ch32:64,L2,label_Hqql,0.9542056918144226,1.4131550788879395,1.3484406196913312
20569,C_Tbl_correct,hardest_hadron,charged_hadron,1,L2_ch32:64,L2,label_Tbl,0.9542056918144226,3.37078857421875,3.2164256434225535
20570,C_Tbl_correct,particle0_best_lepton,muon,0,L2_ch32:64,L2,label_Hqql,6.217957019805908,-0.5998588800430298,-3.7298967340564673
20570,C_Tbl_correct,particle0_best_lepton,muon,0,L2_ch32:64,L2,label_Tbl,6.217957019805908,0.3414616584777832,2.1231939163264997
20570,C_Tbl_correct,second_lepton,muon,29,L2_ch32:64,L2,label_Hqql,1.2554574012756348,-0.5998588800430298,-0.7530972706709349
20570,C_Tbl_correct,second_lepton,muon,29,L2_ch32:64,L2,label_Tbl,1.2554574012756348,0.3414616584777832,0.428690566387786
20570,C_Tbl_correct,hardest_hadron,charged_hadron,1,L2_ch32:64,L2,label_Hqql,1.0113815069198608,-0.5998588800430298,-0.6066861780371795
20570,C_Tbl_correct,hardest_hadron,charged_hadron,1,L2_ch32:64,L2,label_Tbl,1.0113815069198608,0.3414616584777832,0.34534800670661525
20572,C_Tbl_correct,particle0_best_lepton,electron,0,L2_ch32:64,L2,label_Hqql,6.258923530578613,-0.5711750984191895,-3.57494126357642
20572,C_Tbl_correct,particle0_best_lepton,electron,0,L2_ch32:64,L2,label_Tbl,6.258923530578613,0.7033863067626953,4.4024411064838205
20572,C_Tbl_correct,hard_hadron,charged_hadron,2,L2_ch32:64,L2,label_Hqql,0.6047003269195557,-0.5711750984191895,-0.34538976874239324
20572,C_Tbl_correct,hard_hadron,charged_hadron,2,L2_ch32:64,L2,label_Tbl,0.6047003269195557,0.7033863067626953,0.4253379296501407
20572,C_Tbl_correct,photon_neighbor,photon,22,L2_ch32:64,L2,label_Hqql,0.3123970925807953,-0.5711750984191895,-0.1784334401007044
20572,C_Tbl_correct,photon_neighbor,photon,22,L2_ch32:64,L2,label_Tbl,0.3123970925807953,0.7033863067626953,0.2197358371938094
20573,C_Tbl_correct,particle0_best_lepton,muon,0,L2_ch32:64,L2,label_Hqql,6.926469326019287,-2.342653274536133,-16.226316047573164
20573,C_Tbl_correct,particle0_best_lepton,muon,0,L2_ch32:64,L2,label_Tbl,6.926469326019287,-0.044086456298828125,-0.3053634872467228
20573,C_Tbl_correct,photon_neighbor,photon,7,L2_ch32:64,L2,label_Hqql,2.2367711067199707,-2.342653274536133,-5.239979157545349
20573,C_Tbl_correct,photon_neighbor,photon,7,L2_ch32:64,L2,label_Tbl,2.2367711067199707,-0.044086456298828125,-0.09861131164689141
20573,C_Tbl_correct,hadron_neighbor,charged_hadron,21,L2_ch32:64,L2,label_Hqql,1.1653797626495361,-2.342653274536133,-2.730080717049077
20573,C_Tbl_correct,hadron_neighbor,charged_hadron,21,L2_ch32:64,L2,label_Tbl,1.1653797626495361,-0.044086456298828125,-0.05137746397758747
20574,C_Tbl_correct,particle0_best_lepton,electron,0,L2_ch32:64,L2,label_Hqql,4.12547492980957,1.5080912113189697,6.2215924841625565
20574,C_Tbl_correct,particle0_best_lepton,electron,0,L2_ch32:64,L2,label_Tbl,4.12547492980957,2.0891237258911133,8.618627556434149
20574,C_Tbl_correct,hardest_hadron,charged_hadron,1,L2_ch32:64,L2,label_Hqql,0.7784711122512817,1.5080912113189697,1.1740054426518611
20574,C_Tbl_correct,hardest_hadron,charged_hadron,1,L2_ch32:64,L2,label_Tbl,0.7784711122512817,2.0891237258911133,1.6263224705249968
20574,C_Tbl_correct,hadron_neighbor,charged_hadron,10,L2_ch32:64,L2,label_Hqql,0.48309826850891113,1.5080912113189697,0.7285562529417007
20574,C_Tbl_correct,hadron_neighbor,charged_hadron,10,L2_ch32:64,L2,label_Tbl,0.48309826850891113,2.0891237258911133,1.009252054678882
20575,C_Tbl_correct,particle0_best_lepton,muon,0,L2_ch32:64,L2,label_Hqql,8.154353141784668,-0.44020378589630127,-3.5895771245490096
20575,C_Tbl_correct,particle0_best_lepton,muon,0,L2_ch32:64,L2,label_Tbl,8.154353141784668,0.4062767028808594,3.3129237085704517
20575,C_Tbl_correct,hard_hadron,charged_hadron,9,L2_ch32:64,L2,label_Hqql,0.80719393491745,-0.44020378589630127,-0.3553298261031941
20575,C_Tbl_correct,hard_hadron,charged_hadron,9,L2_ch32:64,L2,label_Tbl,0.80719393491745,0.4062767028808594,0.32794409046368855
20575,C_Tbl_correct,nearest_hadron_to_best_lepton,charged_hadron,13,L2_ch32:64,L2,label_Hqql,0.7221243977546692,-0.44020378589630127,-0.3178818937796919
20575,C_Tbl_correct,nearest_hadron_to_best_lepton,charged_hadron,13,L2_ch32:64,L2,label_Tbl,0.7221243977546692,0.4062767028808594,0.29338231938959325
20576,C_Tbl_correct,particle0_best_lepton,electron,0,L2_ch32:64,L2,label_Hqql,4.2455339431762695,1.160757303237915,4.928034530686318
20576,C_Tbl_correct,particle0_best_lepton,electron,0,L2_ch32:64,L2,label_Tbl,4.2455339431762695,0.9954519271850586,4.2262249456643985
20576,C_Tbl_correct,hardest_hadron,charged_hadron,1,L2_ch32:64,L2,label_Hqql,1.992419958114624,1.160757303237915,2.3127160174985306
20576,C_Tbl_correct,hardest_hadron,charged_hadron,1,L2_ch32:64,L2,label_Tbl,1.992419958114624,0.9954519271850586,1.9833582870671762
20576,C_Tbl_correct,hard_hadron,charged_hadron,2,L2_ch32:64,L2,label_Hqql,0.7784726023674011,1.160757303237915,0.9036177585685863
20576,C_Tbl_correct,hard_hadron,charged_hadron,2,L2_ch32:64,L2,label_Tbl,0.7784726023674011,0.9954519271850586,0.7749320522873973
20577,C_Tbl_correct,particle0_best_lepton,electron,0,L2_ch32:64,L2,label_Hqql,6.273987293243408,0.010664224624633789,0.06690720978724585
20577,C_Tbl_correct,particle0_best_lepton,electron,0,L2_ch32:64,L2,label_Tbl,6.273987293243408,0.17174524068832397,1.0775274577535754
20577,C_Tbl_correct,hard_hadron,charged_hadron,9,L2_ch32:64,L2,label_Hqql,2.283365488052368,0.010664224624633789,0.024350322464727014
20577,C_Tbl_correct,hard_hadron,charged_hadron,9,L2_ch32:64,L2,label_Tbl,2.283365488052368,0.17174524068832397,0.3921571553249663
20577,C_Tbl_correct,hard_hadron,charged_hadron,5,L2_ch32:64,L2,label_Hqql,1.858521580696106,0.010664224624633789,0.019819691606272727
20577,C_Tbl_correct,hard_hadron,charged_hadron,5,L2_ch32:64,L2,label_Tbl,1.858521580696106,0.17174524068832397,0.31919223620109705
20578,C_Tbl_correct,particle0_best_lepton,muon,0,L2_ch32:64,L2,label_Hqql,6.854589462280273,1.1256608963012695,7.71594331788765
20578,C_Tbl_correct,particle0_best_lepton,muon,0,L2_ch32:64,L2,label_Tbl,6.854589462280273,2.142277479171753,14.684432634011046
20578,C_Tbl_correct,hardest_hadron,charged_hadron,1,L2_ch32:64,L2,label_Hqql,0.9495022892951965,1.1256608963012695,1.0688175980081382
20578,C_Tbl_correct,hardest_hadron,charged_hadron,1,L2_ch32:64,L2,label_Tbl,0.9495022892951965,2.142277479171753,2.034097370779122
20578,C_Tbl_correct,hard_hadron,charged_hadron,2,L2_ch32:64,L2,label_Hqql,0.9322070479393005,1.1256608963012695,1.0493490211217136
20578,C_Tbl_correct,hard_hadron,charged_hadron,2,L2_ch32:64,L2,label_Tbl,0.9322070479393005,2.142277479171753,1.9970461647255462
20579,C_Tbl_correct,second_lepton,electron,1,L2_ch32:64,L2,label_Hqql,3.5533034801483154,-0.5741914510726929,-2.0402764813680108
20579,C_Tbl_correct,second_lepton,electron,1,L2_ch32:64,L2,label_Tbl,3.5533034801483154,1.9774913787841797,7.026626998197116
20579,C_Tbl_correct,particle0_best_lepton,muon,0,L2_ch32:64,L2,label_Hqql,1.5513389110565186,-0.5741914510726929,-0.8907655404450736
20579,C_Tbl_correct,particle0_best_lepton,muon,0,L2_ch32:64,L2,label_Tbl,1.5513389110565186,1.9774913787841797,3.0677593221867028
20579,C_Tbl_correct,other_lepton,electron,8,L2_ch32:64,L2,label_Hqql,0.2986949682235718,-0.5741914510726929,-0.17150809723240457
20579,C_Tbl_correct,other_lepton,electron,8,L2_ch32:64,L2,label_Tbl,0.2986949682235718,1.9774913787841797,0.5906667245483277
20580,C_Tbl_correct,particle0_best_lepton,muon,0,L2_ch32:64,L2,label_Hqql,6.798299789428711,-0.26086246967315674,-1.773421272648875
20580,C_Tbl_correct,particle0_best_lepton,muon,0,L2_ch32:64,L2,label_Tbl,6.798299789428711,0.4837791919708252,3.288875978905253
20580,C_Tbl_correct,hardest_hadron,charged_hadron,1,L2_ch32:64,L2,label_Hqql,1.3888530731201172,-0.26086246967315674,-0.3622996426672671
20580,C_Tbl_correct,hardest_hadron,charged_hadron,1,L2_ch32:64,L2,label_Tbl,1.3888530731201172,0.4837791919708252,0.6718982174802477
20580,C_Tbl_correct,photon_neighbor,photon,24,L2_ch32:64,L2,label_Hqql,0.4143189787864685,-0.26086246967315674,-0.10808027203869841
20580,C_Tbl_correct,photon_neighbor,photon,24,L2_ch32:64,L2,label_Tbl,0.4143189787864685,0.4837791919708252,0.2004389007754952
20581,C_Tbl_correct,particle0_best_lepton,muon,0,L2_ch32:64,L2,label_Hqql,4.306522369384766,0.024063587188720703,0.10363037651586637
20581,C_Tbl_correct,particle0_best_lepton,muon,0,L2_ch32:64,L2,label_Tbl,4.306522369384766,1.186582088470459,5.110042307109325
20581,C_Tbl_correct,hardest_hadron,charged_hadron,1,L2_ch32:64,L2,label_Hqql,1.2856498956680298,0.024063587188720703,0.03093734835857731
20581,C_Tbl_correct,hardest_hadron,charged_hadron,1,L2_ch32:64,L2,label_Tbl,1.2856498956680298,1.186582088470459,1.5255291382435985
20581,C_Tbl_correct,hard_hadron,charged_hadron,2,L2_ch32:64,L2,label_Hqql,1.2394124269485474,0.024063587188720703,0.0298247089986603
20581,C_Tbl_correct,hard_hadron,charged_hadron,2,L2_ch32:64,L2,label_Tbl,1.2394124269485474,1.186582088470459,1.4706645860448475
20582,C_Tbl_correct,particle0_best_lepton,muon,0,L2_ch32:64,L2,label_Hqql,6.064039707183838,-0.4541652202606201,-2.754075929282294
20582,C_Tbl_correct,particle0_best_lepton,muon,0,L2_ch32:64,L2,label_Tbl,6.064039707183838,0.6586954593658447,3.9943554205361806
20582,C_Tbl_correct,hardest_hadron,charged_hadron,1,L2_ch32:64,L2,label_Hqql,0.9909266233444214,-0.4541652202606201,-0.4500444081533317
20582,C_Tbl_correct,hardest_hadron,charged_hadron,1,L2_ch32:64,L2,label_Tbl,0.9909266233444214,0.6586954593658447,0.652718867361699
20582,C_Tbl_correct,hadron_neighbor,charged_hadron,10,L2_ch32:64,L2,label_Hqql,0.6863104104995728,-0.4541652202606201,-0.31169831875169507
20582,C_Tbl_correct,hadron_neighbor,charged_hadron,10,L2_ch32:64,L2,label_Tbl,0.6863104104995728,0.6586954593658447,0.45206955111157754
20583,C_Tbl_correct,best_lepton,electron,5,L2_ch32:64,L2,label_Hqql,5.361993312835693,-1.3498036861419678,-7.2376383387342
20583,C_Tbl_correct,best_lepton,electron,5,L2_ch32:64,L2,label_Tbl,5.361993312835693,-0.4790557026863098,-2.5686934742797973
20583,C_Tbl_correct,particle0,charged_hadron,0,L2_ch32:64,L2,label_Hqql,2.583172082901001,-1.3498036861419678,-3.486775199438796
20583,C_Tbl_correct,particle0,charged_hadron,0,L2_ch32:64,L2,label_Tbl,2.583172082901001,-0.4790557026863098,-1.2374833173337976
20583,C_Tbl_correct,second_lepton,muon,12,L2_ch32:64,L2,label_Hqql,2.212244987487793,-1.3498036861419678,-2.9860964387601143
20583,C_Tbl_correct,second_lepton,muon,12,L2_ch32:64,L2,label_Tbl,2.212244987487793,-0.4790557026863098,-1.0597885769952313
20584,C_Tbl_correct,particle0_best_lepton,muon,0,L2_ch32:64,L2,label_Hqql,4.429711818695068,-0.1314171552658081,-0.582140125860235
20584,C_Tbl_correct,particle0_best_lepton,muon,0,L2_ch32:64,L2,label_Tbl,4.429711818695068,0.4589414596557617,2.0329784079262936
20584,C_Tbl_correct,hard_hadron,charged_hadron,6,L2_ch32:64,L2,label_Hqql,0.6231583952903748,-0.1314171552658081,-0.081893703589067
20584,C_Tbl_correct,hard_hadron,charged_hadron,6,L2_ch32:64,L2,label_Tbl,0.6231583952903748,0.4589414596557617,0.28599322353130674
20584,C_Tbl_correct,hard_hadron,charged_hadron,8,L2_ch32:64,L2,label_Hqql,0.38971951603889465,-0.1314171552658081,-0.05121583014939901
20584,C_Tbl_correct,hard_hadron,charged_hadron,8,L2_ch32:64,L2,label_Tbl,0.38971951603889465,0.4589414596557617,0.17885844354722735
20585,C_Tbl_correct,particle0_best_lepton,electron,0,L2_ch32:64,L2,label_Hqql,5.242984771728516,-0.062185049057006836,-0.32603526523507753
20585,C_Tbl_correct,particle0_best_lepton,electron,0,L2_ch32:64,L2,label_Tbl,5.242984771728516,0.30446338653564453,1.596296899155277
20585,C_Tbl_correct,photon_neighbor,photon,30,L2_ch32:64,L2,label_Hqql,0.9938376545906067,-0.062185049057006836,-0.06180184330541749
20585,C_Tbl_correct,photon_neighbor,photon,30,L2_ch32:64,L2,label_Tbl,0.9938376545906067,0.30446338653564453,0.30258717798329826
20585,C_Tbl_correct,photon_neighbor,photon,43,L2_ch32:64,L2,label_Hqql,0.7765817642211914,-0.062185049057006836,-0.048291775104871704
20585,C_Tbl_correct,photon_neighbor,photon,43,L2_ch32:64,L2,label_Tbl,0.7765817642211914,0.30446338653564453,0.23644071385660936
20586,C_Tbl_correct,particle0_best_lepton,muon,0,L2_ch32:64,L2,label_Hqql,5.155248641967773,1.404571294784546,7.240914259984947
20586,C_Tbl_correct,particle0_best_lepton,muon,0,L2_ch32:64,L2,label_Tbl,5.155248641967773,2.124988079071045,10.954841908828712
20586,C_Tbl_correct,hadron_neighbor,charged_hadron,9,L2_ch32:64,L2,label_Hqql,1.8016879558563232,1.404571294784546,2.5305991849548377
20586,C_Tbl_correct,hadron_neighbor,charged_hadron,9,L2_ch32:64,L2,label_Tbl,1.8016879558563232,2.124988079071045,3.828565428400566
20586,C_Tbl_correct,photon_neighbor,photon,2,L2_ch32:64,L2,label_Hqql,1.735920786857605,1.404571294784546,2.438224507239994
20586,C_Tbl_correct,photon_neighbor,photon,2,L2_ch32:64,L2,label_Tbl,1.735920786857605,2.124988079071045,3.688810978284039
20587,C_Tbl_correct,particle0_best_lepton,muon,0,L2_ch32:64,L2,label_Hqql,5.085404396057129,-0.3729100227355957,-1.8963982689533623
20587,C_Tbl_correct,particle0_best_lepton,muon,0,L2_ch32:64,L2,label_Tbl,5.085404396057129,-0.26791977882385254,-1.3624804210214734
20587,C_Tbl_correct,hard_hadron,charged_hadron,4,L2_ch32:64,L2,label_Hqql,0.8409759402275085,-0.3729100227355957,-0.3136083569903292
20587,C_Tbl_correct,hard_hadron,charged_hadron,4,L2_ch32:64,L2,label_Tbl,0.8409759402275085,-0.26791977882385254,-0.22531408790193552
20587,C_Tbl_correct,photon_neighbor,photon,3,L2_ch32:64,L2,label_Hqql,0.576936662197113,-0.3729100227355957,-0.21514546381692412
20587,C_Tbl_correct,photon_neighbor,photon,3,L2_ch32:64,L2,label_Tbl,0.576936662197113,-0.26791977882385254,-0.15457274293122225
20588,C_Tbl_correct,particle0_best_lepton,muon,0,L2_ch32:64,L2,label_Hqql,7.805562973022461,-1.5122613906860352,-11.80405151667037
20588,C_Tbl_correct,particle0_best_lepton,muon,0,L2_ch32:64,L2,label_Tbl,7.805562973022461,2.353289842605591,18.368752060232055
20588,C_Tbl_correct,second_lepton,electron,1,L2_ch32:64,L2,label_Hqql,2.9726827144622803,-1.5122613906860352,-4.495473295841066
20588,C_Tbl_correct,second_lepton,electron,1,L2_ch32:64,L2,label_Tbl,2.9726827144622803,2.353289842605591,6.9955840372333
20588,C_Tbl_correct,nearest_hadron_to_best_lepton,charged_hadron,8,L2_ch32:64,L2,label_Hqql,0.5044035911560059,-1.5122613906860352,-0.7627900762286117
20588,C_Tbl_correct,nearest_hadron_to_best_lepton,charged_hadron,8,L2_ch32:64,L2,label_Tbl,0.5044035911560059,2.353289842605591,1.1870078476412118
20589,C_Tbl_correct,particle0_best_lepton,electron,0,L2_ch32:64,L2,label_Hqql,3.883545160293579,-2.2435076236724854,-8.712763173995029
20589,C_Tbl_correct,particle0_best_lepton,electron,0,L2_ch32:64,L2,label_Tbl,3.883545160293579,0.6535143852233887,2.5379526279165248
20589,C_Tbl_correct,photon_neighbor,photon,1,L2_ch32:64,L2,label_Hqql,2.63997220993042,-2.2435076236724854,-5.922797779262396
20589,C_Tbl_correct,photon_neighbor,photon,1,L2_ch32:64,L2,label_Tbl,2.63997220993042,0.6535143852233887,1.7252598157795092
20589,C_Tbl_correct,hardest_hadron,charged_hadron,2,L2_ch32:64,L2,label_Hqql,0.6647486686706543,-2.2435076236724854,-1.491368705988748
20589,C_Tbl_correct,hardest_hadron,charged_hadron,2,L2_ch32:64,L2,label_Tbl,0.6647486686706543,0.6535143852233887,0.43442281753436873
20590,C_Tbl_correct,particle0_best_lepton,electron,0,L2_ch32:64,L2,label_Hqql,3.4364492893218994,1.5269620418548584,5.247327623553645
20590,C_Tbl_correct,particle0_best_lepton,electron,0,L2_ch32:64,L2,label_Tbl,3.4364492893218994,2.494203805923462,8.571204896289657
20590,C_Tbl_correct,second_lepton,muon,5,L2_ch32:64,L2,label_Hqql,1.8681854009628296,1.5269620418548584,2.8526481944176396
20590,C_Tbl_correct,second_lepton,muon,5,L2_ch32:64,L2,label_Tbl,1.8681854009628296,2.494203805923462,4.659635137252138
20590,C_Tbl_correct,hardest_hadron,charged_hadron,1,L2_ch32:64,L2,label_Hqql,0.9144996404647827,1.5269620418548584,1.3964062382796385
20590,C_Tbl_correct,hardest_hadron,charged_hadron,1,L2_ch32:64,L2,label_Tbl,0.9144996404647827,2.494203805923462,2.2809484837628986
20591,C_Tbl_correct,particle0_best_lepton,muon,0,L2_ch32:64,L2,label_Hqql,3.7523908615112305,0.6222715377807617,2.3350060317470707
20591,C_Tbl_correct,particle0_best_lepton,muon,0,L2_ch32:64,L2,label_Tbl,3.7523908615112305,1.546560287475586,5.80329868949957
20591,C_Tbl_correct,hadron_neighbor,charged_hadron,11,L2_ch32:64,L2,label_Hqql,0.7170518636703491,0.6222715377807617,0.44620096587470925
20591,C_Tbl_correct,hadron_neighbor,charged_hadron,11,L2_ch32:64,L2,label_Tbl,0.7170518636703491,1.546560287475586,1.1089639364129198
20591,C_Tbl_correct,hadron_neighbor,charged_hadron,17,L2_ch32:64,L2,label_Hqql,0.6909295916557312,0.6222715377807617,0.4299458194978456
20591,C_Tbl_correct,hadron_neighbor,charged_hadron,17,L2_ch32:64,L2,label_Tbl,0.6909295916557312,1.546560287475586,1.0685642678964768
20592,C_Tbl_correct,particle0_best_lepton,muon,0,L2_ch32:64,L2,label_Hqql,4.744454383850098,1.3864498138427734,6.577947897274498
20592,C_Tbl_correct,particle0_best_lepton,muon,0,L2_ch32:64,L2,label_Tbl,4.744454383850098,1.2560248374938965,5.959152546472524
20592,C_Tbl_correct,hardest_hadron,charged_hadron,2,L2_ch32:64,L2,label_Hqql,2.0916037559509277,1.3864498138427734,2.8999036380710095
20592,C_Tbl_correct,hardest_hadron,charged_hadron,2,L2_ch32:64,L2,label_Tbl,2.0916037559509277,1.2560248374938965,2.6271062676698875
20592,C_Tbl_correct,hard_hadron,charged_hadron,3,L2_ch32:64,L2,label_Hqql,1.9643418788909912,1.3864498138427734,2.7234614323119786
20592,C_Tbl_correct,hard_hadron,charged_hadron,3,L2_ch32:64,L2,label_Tbl,1.9643418788909912,1.2560248374938965,2.4672621892165125
20593,C_Tbl_correct,particle0_best_lepton,electron,0,L2_ch32:64,L2,label_Hqql,6.3150105476379395,2.5903453826904297,16.3580584137153
20593,C_Tbl_correct,particle0_best_lepton,electron,0,L2_ch32:64,L2,label_Tbl,6.3150105476379395,3.6087889671325684,22.789540391641594
20593,C_Tbl_correct,second_lepton,electron,1,L2_ch32:64,L2,label_Hqql,2.3435111045837402,2.5903453826904297,6.07050316904224
20593,C_Tbl_correct,second_lepton,electron,1,L2_ch32:64,L2,label_Tbl,2.3435111045837402,3.6087889671325684,8.45723701857446
20593,C_Tbl_correct,hardest_hadron,charged_hadron,2,L2_ch32:64,L2,label_Hqql,1.366792917251587,2.5903453826904297,3.5404657222966307
20593,C_Tbl_correct,hardest_hadron,charged_hadron,2,L2_ch32:64,L2,label_Tbl,1.366792917251587,3.6087889671325684,4.932467200132464
20594,C_Tbl_correct,particle0_best_lepton,muon,0,L2_ch32:64,L2,label_Hqql,5.591906547546387,-3.198330879211426,-17.884767384682164
20594,C_Tbl_correct,particle0_best_lepton,muon,0,L2_ch32:64,L2,label_Tbl,5.591906547546387,0.3557467460632324,1.9893025585793112
20594,C_Tbl_correct,second_lepton,electron,1,L2_ch32:64,L2,label_Hqql,3.053255796432495,-3.198330879211426,-9.765322295861324
20594,C_Tbl_correct,second_lepton,electron,1,L2_ch32:64,L2,label_Tbl,3.053255796432495,0.3557467460632324,1.0861858144795633
20594,C_Tbl_correct,photon_neighbor,photon,6,L2_ch32:64,L2,label_Hqql,0.8503791093826294,-3.198330879211426,-2.7197937645747743
20594,C_Tbl_correct,photon_neighbor,photon,6,L2_ch32:64,L2,label_Tbl,0.8503791093826294,0.3557467460632324,0.30251960108302
20595,C_Tbl_correct,particle0_best_lepton,muon,0,L2_ch32:64,L2,label_Hqql,3.4997541904449463,0.9512717723846436,3.3292173716551474
20595,C_Tbl_correct,particle0_best_lepton,muon,0,L2_ch32:64,L2,label_Tbl,3.4997541904449463,1.3588404655456543,4.755607613439565
20595,C_Tbl_correct,hardest_hadron,charged_hadron,1,L2_ch32:64,L2,label_Hqql,1.159244418144226,0.9512717723846436,1.1027564922750628
20595,C_Tbl_correct,hardest_hadron,charged_hadron,1,L2_ch32:64,L2,label_Tbl,1.159244418144226,1.3588404655456543,1.5752282248323013
20595,C_Tbl_correct,photon_neighbor,photon,2,L2_ch32:64,L2,label_Hqql,0.5488885045051575,0.9512717723846436,0.5221421405221776
20595,C_Tbl_correct,photon_neighbor,photon,2,L2_ch32:64,L2,label_Tbl,0.5488885045051575,1.3588404655456543,0.7458519109944461
20596,C_Tbl_correct,particle0_best_lepton,electron,0,L2_ch32:64,L2,label_Hqql,1.5465065240859985,0.5831054449081421,0.9017763747805105
20596,C_Tbl_correct,particle0_best_lepton,electron,0,L2_ch32:64,L2,label_Tbl,1.5465065240859985,1.1079058647155762,1.7133836478557782
20596,C_Tbl_correct,photon_neighbor,photon,11,L2_ch32:64,L2,label_Hqql,0.6128902435302734,0.5831054449081421,0.35737963813357965
20596,C_Tbl_correct,photon_neighbor,photon,11,L2_ch32:64,L2,label_Tbl,0.6128902435302734,1.1079058647155762,0.6790246952341477
20596,C_Tbl_correct,nearest_hadron_to_best_lepton,charged_hadron,2,L2_ch32:64,L2,label_Hqql,0.4187551438808441,0.5831054449081421,0.24417840448021266
20596,C_Tbl_correct,nearest_hadron_to_best_lepton,charged_hadron,2,L2_ch32:64,L2,label_Tbl,0.4187551438808441,1.1079058647155762,0.4639412797854021
20597,C_Tbl_correct,particle0_best_lepton,muon,0,L2_ch32:64,L2,label_Hqql,5.701876163482666,1.1536788940429688,6.578134186256648
20597,C_Tbl_correct,particle0_best_lepton,muon,0,L2_ch32:64,L2,label_Tbl,5.701876163482666,2.9862756729125977,17.0273740769685
20597,C_Tbl_correct,photon_neighbor,photon,10,L2_ch32:64,L2,label_Hqql,0.28740888833999634,1.1536788940429688,0.33157756843820607
20597,C_Tbl_correct,photon_neighbor,photon,10,L2_ch32:64,L2,label_Tbl,0.28740888833999634,2.9862756729125977,0.8582821714285842
20597,C_Tbl_correct,hardest_hadron,charged_hadron,1,L2_ch32:64,L2,label_Hqql,0.27734437584877014,1.1536788940429688,0.3199663527982466
20597,C_Tbl_correct,hardest_hadron,charged_hadron,1,L2_ch32:64,L2,label_Tbl,0.27734437584877014,2.9862756729125977,0.8282267626163105
20598,C_Tbl_correct,best_lepton,muon,15,L2_ch32:64,L2,label_Hqql,3.5938642024993896,-1.335984230041504,-4.801345899449871
20598,C_Tbl_correct,best_lepton,muon,15,L2_ch32:64,L2,label_Tbl,3.5938642024993896,-0.2982667088508606,-1.0719300477364158
20598,C_Tbl_correct,photon_neighbor,photon,2,L2_ch32:64,L2,label_Hqql,3.50388503074646,-1.335984230041504,-4.6811351449557606
20598,C_Tbl_correct,photon_neighbor,photon,2,L2_ch32:64,L2,label_Tbl,3.50388503074646,-0.2982667088508606,-1.045092256312543
20598,C_Tbl_correct,hard_hadron,charged_hadron,1,L2_ch32:64,L2,label_Hqql,0.8187026381492615,-1.335984230041504,-1.093773813660789
20598,C_Tbl_correct,hard_hadron,charged_hadron,1,L2_ch32:64,L2,label_Tbl,0.8187026381492615,-0.2982667088508606,-0.24419174140829725
20599,C_Tbl_correct,best_lepton,electron,3,L2_ch32:64,L2,label_Hqql,6.1436543464660645,0.7751574516296387,4.762299446899988
20599,C_Tbl_correct,best_lepton,electron,3,L2_ch32:64,L2,label_Tbl,6.1436543464660645,0.7477068901062012,4.593652685283587
20599,C_Tbl_correct,hard_hadron,charged_hadron,2,L2_ch32:64,L2,label_Hqql,2.2884063720703125,0.7751574516296387,1.7738752516670502
20599,C_Tbl_correct,hard_hadron,charged_hadron,2,L2_ch32:64,L2,label_Tbl,2.2884063720703125,0.7477068901062012,1.7110572117599077
20599,C_Tbl_correct,hard_hadron,charged_hadron,4,L2_ch32:64,L2,label_Hqql,1.1087846755981445,0.7751574516296387,0.8594827035426533
20599,C_Tbl_correct,hard_hadron,charged_hadron,4,L2_ch32:64,L2,label_Tbl,1.1087846755981445,0.7477068901062012,0.8290459415889018
20600,C_Tbl_correct,particle0_best_lepton,electron,0,L2_ch32:64,L2,label_Hqql,4.712377071380615,0.5623477697372437,2.649994736251813
20600,C_Tbl_correct,particle0_best_lepton,electron,0,L2_ch32:64,L2,label_Tbl,4.712377071380615,0.9361205101013184,4.411352827850578
20600,C_Tbl_correct,hadron_neighbor,charged_hadron,21,L2_ch32:64,L2,label_Hqql,1.756453275680542,0.5623477697372437,0.9877375822266288
20600,C_Tbl_correct,hadron_neighbor,charged_hadron,21,L2_ch32:64,L2,label_Tbl,1.756453275680542,0.9361205101013184,1.6442519363992005
20600,C_Tbl_correct,hadron_neighbor,charged_hadron,23,L2_ch32:64,L2,label_Hqql,0.9513281583786011,0.5623477697372437,0.5349772681524456
20600,C_Tbl_correct,hadron_neighbor,charged_hadron,23,L2_ch32:64,L2,label_Tbl,0.9513281583786011,0.9361205101013184,0.8905578008951238
20601,C_Tbl_correct,particle0_best_lepton,muon,0,L2_ch32:64,L2,label_Hqql,3.0967183113098145,0.8178565502166748,2.5326713550806517
20601,C_Tbl_correct,particle0_best_lepton,muon,0,L2_ch32:64,L2,label_Tbl,3.0967183113098145,1.7331053018569946,5.366938923688679
20601,C_Tbl_correct,second_lepton,electron,1,L2_ch32:64,L2,label_Hqql,1.7891360521316528,0.8178565502166748,1.4632566394646744
20601,C_Tbl_correct,second_lepton,electron,1,L2_ch32:64,L2,label_Tbl,1.7891360521316528,1.7331053018569946,3.10076117769286
20601,C_Tbl_correct,hadron_neighbor,charged_hadron,14,L2_ch32:64,L2,label_Hqql,0.09070700407028198,0.8178565502166748,0.0741853174294107
20601,C_Tbl_correct,hadron_neighbor,charged_hadron,14,L2_ch32:64,L2,label_Tbl,0.09070700407028198,1.7331053018569946,0.1572047896697697
20602,C_Tbl_correct,particle0_best_lepton,electron,0,L2_ch32:64,L2,label_Hqql,3.202375888824463,0.7780121564865112,2.4914873711447285
20602,C_Tbl_correct,particle0_best_lepton,electron,0,L2_ch32:64,L2,label_Tbl,3.202375888824463,0.8497319221496582,2.721161019456531
20602,C_Tbl_correct,photon_neighbor,photon,16,L2_ch32:64,L2,label_Hqql,0.882145345211029,0.7780121564865112,0.6863198023621706
20602,C_Tbl_correct,photon_neighbor,photon,16,L2_ch32:64,L2,label_Tbl,0.882145345211029,0.8497319221496582,0.7495870598015415
20602,C_Tbl_correct,hard_hadron,charged_hadron,3,L2_ch32:64,L2,label_Hqql,0.70234215259552,0.7780121564865112,0.5464307327322189
20602,C_Tbl_correct,hard_hadron,charged_hadron,3,L2_ch32:64,L2,label_Tbl,0.70234215259552,0.8497319221496582,0.5968025473317198
20603,C_Tbl_correct,best_lepton,muon,1,L2_ch32:64,L2,label_Hqql,2.755242347717285,1.239560842514038,3.4152905258667943
20603,C_Tbl_correct,best_lepton,muon,1,L2_ch32:64,L2,label_Tbl,2.755242347717285,0.9270956516265869,2.5543731997461236
20603,C_Tbl_correct,hard_hadron,charged_hadron,4,L2_ch32:64,L2,label_Hqql,0.6273136138916016,1.239560842514038,0.7775933917559996
20603,C_Tbl_correct,hard_hadron,charged_hadron,4,L2_ch32:64,L2,label_Tbl,0.6273136138916016,0.9270956516265869,0.5815797236450635
20603,C_Tbl_correct,hard_hadron,charged_hadron,2,L2_ch32:64,L2,label_Hqql,0.4930693507194519,1.239560842514038,0.6111894597956535
20603,C_Tbl_correct,hard_hadron,charged_hadron,2,L2_ch32:64,L2,label_Tbl,0.4930693507194519,0.9270956516265869,0.4571224510023484
20604,C_Tbl_correct,particle0_best_lepton,muon,0,L2_ch32:64,L2,label_Hqql,8.549408912658691,-3.688899040222168,-31.537906332373495
20604,C_Tbl_correct,particle0_best_lepton,muon,0,L2_ch32:64,L2,label_Tbl,8.549408912658691,-0.5629069805145264,-4.812521956208684
20604,C_Tbl_correct,second_lepton,muon,10,L2_ch32:64,L2,label_Hqql,2.0135538578033447,-3.688899040222168,-7.427796893486402
20604,C_Tbl_correct,second_lepton,muon,10,L2_ch32:64,L2,label_Tbl,2.0135538578033447,-0.5629069805145264,-1.1334435221994568
20604,C_Tbl_correct,hadron_neighbor,charged_hadron,11,L2_ch32:64,L2,label_Hqql,1.973746418952942,-3.688899040222168,-7.280951270517448
20604,C_Tbl_correct,hadron_neighbor,charged_hadron,11,L2_ch32:64,L2,label_Tbl,1.973746418952942,-0.5629069805145264,-1.1110356369941599
20605,C_Tbl_correct,particle0_best_lepton,electron,0,L2_ch32:64,L2,label_Hqql,7.782627105712891,-2.66550874710083,-20.744660625701727
20605,C_Tbl_correct,particle0_best_lepton,electron,0,L2_ch32:64,L2,label_Tbl,7.782627105712891,0.26201701164245605,2.0391806969664685
20605,C_Tbl_correct,second_lepton,electron,1,L2_ch32:64,L2,label_Hqql,3.6594700813293457,-2.66550874710083,-9.754349511537157
20605,C_Tbl_correct,second_lepton,electron,1,L2_ch32:64,L2,label_Tbl,3.6594700813293457,0.26201701164245605,0.9588434149048908
20605,C_Tbl_correct,hard_hadron,charged_hadron,4,L2_ch32:64,L2,label_Hqql,1.0653940439224243,-2.66550874710083,-2.839817143184348
20605,C_Tbl_correct,hard_hadron,charged_hadron,4,L2_ch32:64,L2,label_Tbl,1.0653940439224243,0.26201701164245605,0.2791513636102252
20606,C_Tbl_correct,particle0_best_lepton,muon,0,L2_ch32:64,L2,label_Hqql,4.586353778839111,0.5610454082489014,2.5731527282226807
20606,C_Tbl_correct,particle0_best_lepton,muon,0,L2_ch32:64,L2,label_Tbl,4.586353778839111,1.9436407089233398,8.914223910076089
20606,C_Tbl_correct,photon_neighbor,photon,5,L2_ch32:64,L2,label_Hqql,2.325835704803467,0.5610454082489014,1.3048994425213323
20606,C_Tbl_correct,photon_neighbor,photon,5,L2_ch32:64,L2,label_Tbl,2.325835704803467,1.9436407089233398,4.520588958123426
20606,C_Tbl_correct,hardest_hadron,charged_hadron,2,L2_ch32:64,L2,label_Hqql,0.4426576495170593,0.5610454082489014,0.24835104168779765
20606,C_Tbl_correct,hardest_hadron,charged_hadron,2,L2_ch32:64,L2,label_Tbl,0.4426576495170593,1.9436407089233398,0.8603674277176765
20607,C_Tbl_correct,particle0_best_lepton,muon,0,L2_ch32:64,L2,label_Hqql,3.525073528289795,1.7070237398147583,6.017384197383251
20607,C_Tbl_correct,particle0_best_lepton,muon,0,L2_ch32:64,L2,label_Tbl,3.525073528289795,1.744338035583496,6.148919833624404
20607,C_Tbl_correct,hard_hadron,charged_hadron,4,L2_ch32:64,L2,label_Hqql,0.7248022556304932,1.7070237398147583,1.237254657032537
20607,C_Tbl_correct,hard_hadron,charged_hadron,4,L2_ch32:64,L2,label_Tbl,0.7248022556304932,1.744338035583496,1.2643001427729814
20607,C_Tbl_correct,hard_hadron,charged_hadron,6,L2_ch32:64,L2,label_Hqql,0.5412991046905518,1.7070237398147583,0.924010422047246
20607,C_Tbl_correct,hard_hadron,charged_hadron,6,L2_ch32:64,L2,label_Tbl,0.5412991046905518,1.744338035583496,0.9442086169390222
20608,C_Tbl_correct,particle0_best_lepton,muon,0,L2_ch32:64,L2,label_Hqql,4.219207763671875,0.5996390581130981,2.5300017693916743
20608,C_Tbl_correct,particle0_best_lepton,muon,0,L2_ch32:64,L2,label_Tbl,4.219207763671875,0.36060523986816406,1.5214684276725166
20608,C_Tbl_correct,hard_hadron,charged_hadron,8,L2_ch32:64,L2,label_Hqql,0.8114267587661743,0.5996390581130981,0.48656317735431287
20608,C_Tbl_correct,hard_hadron,charged_hadron,8,L2_ch32:64,L2,label_Tbl,0.8114267587661743,0.36060523986816406,0.2926047409803232
20608,C_Tbl_correct,hardest_hadron,charged_hadron,2,L2_ch32:64,L2,label_Hqql,0.7213071584701538,0.5996390581130981,0.43252394511527825
20608,C_Tbl_correct,hardest_hadron,charged_hadron,2,L2_ch32:64,L2,label_Tbl,0.7213071584701538,0.36060523986816406,0.26010714089875364
20609,C_Tbl_correct,particle0_best_lepton,electron,0,L2_ch32:64,L2,label_Hqql,3.976269483566284,1.8818423748016357,7.48271240780565
20609,C_Tbl_correct,particle0_best_lepton,electron,0,L2_ch32:64,L2,label_Tbl,3.976269483566284,2.388620138168335,9.497797363230632
20609,C_Tbl_correct,hard_hadron,charged_hadron,3,L2_ch32:64,L2,label_Hqql,0.6760613322257996,1.8818423748016357,1.2722408629473563
20609,C_Tbl_correct,hard_hadron,charged_hadron,3,L2_ch32:64,L2,label_Tbl,0.6760613322257996,2.388620138168335,1.614853712791458
20609,C_Tbl_correct,hardest_hadron,charged_hadron,1,L2_ch32:64,L2,label_Hqql,0.39258891344070435,1.8818423748016357,0.7387904531900489
20609,C_Tbl_correct,hardest_hadron,charged_hadron,1,L2_ch32:64,L2,label_Tbl,0.39258891344070435,2.388620138168335,0.9377457846660917
20610,C_Tbl_correct,particle0_best_lepton,electron,0,L2_ch32:64,L2,label_Hqql,9.474637985229492,-6.22749137878418,-59.00322637011777
20610,C_Tbl_correct,particle0_best_lepton,electron,0,L2_ch32:64,L2,label_Tbl,9.474637985229492,-0.2821931838989258,-2.6736782593416137
20610,C_Tbl_correct,second_lepton,electron,1,L2_ch32:64,L2,label_Hqql,2.556177854537964,-6.22749137878418,-15.918575551774211
20610,C_Tbl_correct,second_lepton,electron,1,L2_ch32:64,L2,label_Tbl,2.556177854537964,-0.2821931838989258,-0.7213359673839932
20610,C_Tbl_correct,hadron_neighbor,charged_hadron,10,L2_ch32:64,L2,label_Hqql,0.7066519856452942,-6.22749137878418,-4.4006691484067915
20610,C_Tbl_correct,hadron_neighbor,charged_hadron,10,L2_ch32:64,L2,label_Tbl,0.7066519856452942,-0.2821931838989258,-0.19941237373774356
