test,target_event,donor_event,target_group,donor_group,true_label,baseline_pred,patched_pred,success_to_Hqql,flip,baseline_margin_Hqql_minus_Tbl,patched_margin_Hqql_minus_Tbl,delta_margin,delta_baseline_pred_logit,delta_Hqql_logit,delta_Tbl_logit,target_p0_pid,donor_p0_pid,target_p0_pt,donor_p0_pt,patched_indices,donor_indices,target_knn,donor_knn
2A_isolation_hadronic_injection,3077,3713,Hqql_to_Tbl,Hqql_correct,label_Hqql,label_Tbl,label_Hqql,1,1,-4.64412784576416,2.708875894546509,7.353003740310669,-5.398384094238281,1.9546196460723877,-5.398384094238281,electron,electron,420.1024475097656,419.7292785644531,"[75, 25, 100, 125, 118, 93, 68, 18]","[2, 24, 46, 68, 90, 112, 3, 25]","[75, 25, 100, 125, 118, 93, 68, 18]","[44, 22, 110, 88, 89, 111, 23, 1, 45, 67, 99, 11, 55, 77, 33]"
2C_neighbor_swap,3077,3713,Hqql_to_Tbl,Hqql_correct,label_Hqql,label_Tbl,label_Tbl,0,0,-4.64412784576416,-1.3999969959259033,3.244130849838257,-3.2596516609191895,-0.015521109104156494,-3.2596516609191895,electron,electron,420.1024475097656,419.7292785644531,"[75, 25, 100, 125, 118, 93, 68, 18]","[44, 22, 110, 88, 89, 111, 23, 1]","[75, 25, 100, 125, 118, 93, 68, 18]","[44, 22, 110, 88, 89, 111, 23, 1, 45, 67, 99, 11, 55, 77, 33]"
random_same_count,3077,3713,Hqql_to_Tbl,Hqql_correct,label_Hqql,label_Tbl,label_Hqql,1,1,-4.64412784576416,3.881725788116455,8.525853633880615,-9.347648620605469,-0.821794867515564,-9.347648620605469,electron,electron,420.1024475097656,419.7292785644531,"[7, 35, 12, 99, 53, 14, 108, 116]","[112, 5, 49, 69, 72, 43, 44, 110]","[75, 25, 100, 125, 118, 93, 68, 18]","[44, 22, 110, 88, 89, 111, 23, 1, 45, 67, 99, 11, 55, 77, 33]"
2A_isolation_hadronic_injection,3082,3285,Hqql_to_Tbl,Hqql_correct,label_Hqql,label_Tbl,label_Hqql,1,1,-1.9851824045181274,3.1994283199310303,5.184610724449158,-3.347634792327881,1.8369759321212769,-3.347634792327881,electron,photon,153.05580139160156,153.10992431640625,"[72, 48, 60, 12, 24, 36, 96, 120]","[3, 44, 85, 126, 4, 45, 86, 127]","[72, 48, 60, 12, 24, 36, 96, 120]","[82, 123, 16, 98, 57, 100, 59, 18, 48, 7, 89, 94, 12, 53, 23]"
2C_neighbor_swap,3082,3285,Hqql_to_Tbl,Hqql_correct,label_Hqql,label_Tbl,label_Hqql,1,1,-1.9851824045181274,1.1886239051818848,3.173806309700012,-1.9897496700286865,1.1840566396713257,-1.9897496700286865,electron,photon,153.05580139160156,153.10992431640625,"[72, 48, 60, 12, 24, 36, 96, 120]","[82, 123, 16, 98, 57, 100, 59, 18]","[72, 48, 60, 12, 24, 36, 96, 120]","[82, 123, 16, 98, 57, 100, 59, 18, 48, 7, 89, 94, 12, 53, 23]"
random_same_count,3082,3285,Hqql_to_Tbl,Hqql_correct,label_Hqql,label_Tbl,label_Tbl,0,0,-1.9851824045181274,-0.21095061302185059,1.7742317914962769,-1.6014478206634521,0.1727839708328247,-1.6014478206634521,electron,photon,153.05580139160156,153.10992431640625,"[7, 21, 18, 44, 72, 43, 90, 32]","[21, 1, 116, 56, 100, 12, 113, 77]","[72, 48, 60, 12, 24, 36, 96, 120]","[82, 123, 16, 98, 57, 100, 59, 18, 48, 7, 89, 94, 12, 53, 23]"
2A_isolation_hadronic_injection,3148,4062,Hqql_to_Tbl,Hqql_correct,label_Hqql,label_Tbl,label_Hqql,1,1,-1.6104367971420288,2.238955020904541,3.84939181804657,-7.151321887969971,-3.3019299507141113,-7.151321887969971,neutral_hadron,photon,184.2205047607422,184.45066833496094,"[32, 16, 80, 64, 96, 112, 116, 100]","[2, 30, 58, 86, 114, 3, 31, 59]","[32, 16, 80, 64, 96, 112, 116, 100]","[28, 84, 112, 114, 58, 86, 30, 2, 3, 115, 59, 31, 87, 33, 5]"
2C_neighbor_swap,3148,4062,Hqql_to_Tbl,Hqql_correct,label_Hqql,label_Tbl,label_QCD,0,1,-1.6104367971420288,1.4675045013427734,3.0779412984848022,-9.99250602722168,-6.914564609527588,-9.99250602722168,neutral_hadron,photon,184.2205047607422,184.45066833496094,"[32, 16, 80, 64, 96, 112, 116, 100]","[28, 84, 112, 114, 58, 86, 30, 2]","[32, 16, 80, 64, 96, 112, 116, 100]","[28, 84, 112, 114, 58, 86, 30, 2, 3, 115, 59, 31, 87, 33, 5]"
random_same_count,3148,4062,Hqql_to_Tbl,Hqql_correct,label_Hqql,label_Tbl,label_Wqq,0,1,-1.6104367971420288,2.6052656173706055,4.215702414512634,-11.875260353088379,-7.659557819366455,-11.875260353088379,neutral_hadron,photon,184.2205047607422,184.45066833496094,"[49, 9, 1, 41, 94, 58, 14, 116]","[6, 12, 86, 19, 17, 102, 117, 3]","[32, 16, 80, 64, 96, 112, 116, 100]","[28, 84, 112, 114, 58, 86, 30, 2, 3, 115, 59, 31, 87, 33, 5]"
2A_isolation_hadronic_injection,3218,3789,Hqql_to_Tbl,Hqql_correct,label_Hqql,label_Tbl,label_Tbl,0,0,-4.33152961730957,-2.9180703163146973,1.413459300994873,-0.06290674209594727,1.3505525588989258,-0.06290674209594727,muon,electron,252.87948608398438,252.47393798828125,"[84, 126, 22, 106, 64, 96, 54, 12]","[2, 17, 32, 47, 62, 77, 92, 107]","[84, 126, 22, 106, 64, 96, 54, 12]","[90, 60, 75, 15, 30, 45, 120, 108, 3, 33, 78, 48, 93, 18, 63]"
2C_neighbor_swap,3218,3789,Hqql_to_Tbl,Hqql_correct,label_Hqql,label_Tbl,label_Tbl,0,0,-4.33152961730957,-4.958136558532715,-0.6266069412231445,-8.32957649230957,-8.956184387207031,-8.32957649230957,muon,electron,252.87948608398438,252.47393798828125,"[84, 126, 22, 106, 64, 96, 54, 12]","[90, 60, 75, 15, 30, 45, 120, 108]","[84, 126, 22, 106, 64, 96, 54, 12]","[90, 60, 75, 15, 30, 45, 120, 108, 3, 33, 78, 48, 93, 18, 63]"
random_same_count,3218,3789,Hqql_to_Tbl,Hqql_correct,label_Hqql,label_Tbl,label_Tbl,0,0,-4.33152961730957,-0.534882664680481,3.7966469526290894,0.4230916500091553,4.219738483428955,0.4230916500091553,muon,electron,252.87948608398438,252.47393798828125,"[38, 117, 56, 74, 62, 34, 61, 108]","[5, 99, 40, 44, 67, 103, 62, 27]","[84, 126, 22, 106, 64, 96, 54, 12]","[90, 60, 75, 15, 30, 45, 120, 108, 3, 33, 78, 48, 93, 18, 63]"
2A_isolation_hadronic_injection,3335,4070,Hqql_to_Tbl,Hqql_correct,label_Hqql,label_Tbl,label_Tbl,0,0,-1.0843496322631836,-0.40975987911224365,0.6745897531509399,-0.010522723197937012,0.6640670299530029,-0.010522723197937012,electron,muon,244.08486938476562,244.03460693359375,"[106, 96, 43, 119, 13, 66, 62, 9]","[1, 26, 51, 76, 101, 126, 2, 27]","[106, 96, 43, 119, 13, 66, 62, 9]","[75, 25, 100, 125, 120, 95, 45, 20, 70, 123, 23, 98, 73, 48, 15]"
2C_neighbor_swap,3335,4070,Hqql_to_Tbl,Hqql_correct,label_Hqql,label_Tbl,label_Tbl,0,0,-1.0843496322631836,-4.488142013549805,-3.403792381286621,1.3900377750396729,-2.0137546062469482,1.3900377750396729,electron,muon,244.08486938476562,244.03460693359375,"[106, 96, 43, 119, 13, 66, 62, 9]","[75, 25, 100, 125, 120, 95, 45, 20]","[106, 96, 43, 119, 13, 66, 62, 9]","[75, 25, 100, 125, 120, 95, 45, 20, 70, 123, 23, 98, 73, 48, 15]"
random_same_count,3335,4070,Hqql_to_Tbl,Hqql_correct,label_Hqql,label_Tbl,label_Hqql,1,1,-1.0843496322631836,0.005976557731628418,1.090326189994812,0.3683013916015625,1.4586275815963745,0.3683013916015625,electron,muon,244.08486938476562,244.03460693359375,"[106, 78, 82, 68, 73, 104, 123, 41]","[2, 51, 115, 99, 83, 66, 56, 88]","[106, 96, 43, 119, 13, 66, 62, 9]","[75, 25, 100, 125, 120, 95, 45, 20, 70, 123, 23, 98, 73, 48, 15]"
2A_isolation_hadronic_injection,3347,3333,Hqql_to_Tbl,Hqql_correct,label_Hqql,label_Tbl,label_Hqql,1,1,-1.0415228605270386,1.1685049533843994,2.210027813911438,-2.7555744647979736,-0.5455467700958252,-2.7555744647979736,muon,photon,144.20252990722656,144.47178649902344,"[98, 89, 40, 114, 16, 65, 39, 88]","[1, 21, 41, 61, 81, 101, 121, 4]","[98, 89, 40, 114, 16, 65, 39, 88]","[40, 20, 100, 80, 120, 90, 30, 10, 50, 110, 70, 66, 46, 6, 26]"
2C_neighbor_swap,3347,3333,Hqql_to_Tbl,Hqql_correct,label_Hqql,label_Tbl,label_Hqql,1,1,-1.0415228605270386,0.13244318962097168,1.1739660501480103,-1.8193103075027466,-0.6453442573547363,-1.8193103075027466,muon,photon,144.20252990722656,144.47178649902344,"[98, 89, 40, 114, 16, 65, 39, 88]","[40, 20, 100, 80, 120, 90, 30, 10]","[98, 89, 40, 114, 16, 65, 39, 88]","[40, 20, 100, 80, 120, 90, 30, 10, 50, 110, 70, 66, 46, 6, 26]"
random_same_count,3347,3333,Hqql_to_Tbl,Hqql_correct,label_Hqql,label_Tbl,label_Tbl,0,0,-1.0415228605270386,-0.012996912002563477,1.028525948524475,-1.3348029851913452,-0.3062770366668701,-1.3348029851913452,muon,photon,144.20252990722656,144.47178649902344,"[69, 82, 102, 86, 77, 114, 107, 63]","[67, 86, 54, 48, 66, 5, 109, 97]","[98, 89, 40, 114, 16, 65, 39, 88]","[40, 20, 100, 80, 120, 90, 30, 10, 50, 110, 70, 66, 46, 6, 26]"
2A_isolation_hadronic_injection,3361,3827,Hqql_to_Tbl,Hqql_correct,label_Hqql,label_Tbl,label_QCD,0,1,-0.6012166738510132,3.713128089904785,4.314344763755798,-17.737159729003906,-13.422815322875977,-17.737159729003906,electron,neutral_hadron,484.4645690917969,485.048828125,"[74, 111, 119, 82, 8, 45, 50, 13]","[0, 17, 34, 51, 68, 85, 102, 119]","[74, 111, 119, 82, 8, 45, 50, 13]","[34, 17, 85, 68, 102, 119, 127, 110, 76, 93, 25, 8, 42, 59, 1]"
2C_neighbor_swap,3361,3827,Hqql_to_Tbl,Hqql_correct,label_Hqql,label_Tbl,label_QCD,0,1,-0.6012166738510132,3.72402286529541,4.325239539146423,-15.620119094848633,-11.294879913330078,-15.620119094848633,electron,neutral_hadron,484.4645690917969,485.048828125,"[74, 111, 119, 82, 8, 45, 50, 13]","[34, 17, 85, 68, 102, 119, 127, 110]","[74, 111, 119, 82, 8, 45, 50, 13]","[34, 17, 85, 68, 102, 119, 127, 110, 76, 93, 25, 8, 42, 59, 1]"
random_same_count,3361,3827,Hqql_to_Tbl,Hqql_correct,label_Hqql,label_Tbl,label_Hcc,0,1,-0.6012166738510132,4.6014814376831055,5.202698111534119,-7.869543552398682,-2.6668453216552734,-7.869543552398682,electron,neutral_hadron,484.4645690917969,485.048828125,"[83, 24, 93, 105, 11, 117, 63, 85]","[34, 22, 43, 44, 71, 51, 114, 10]","[74, 111, 119, 82, 8, 45, 50, 13]","[34, 17, 85, 68, 102, 119, 127, 110, 76, 93, 25, 8, 42, 59, 1]"
2A_isolation_hadronic_injection,3382,3858,Hqql_to_Tbl,Hqql_correct,label_Hqql,label_Tbl,label_Hqql,1,1,-3.6255290508270264,2.4297542572021484,6.055283308029175,-7.487009048461914,-1.4317258596420288,-7.487009048461914,electron,neutral_hadron,371.52996826171875,371.08050537109375,"[28, 84, 112, 123, 67, 95, 39, 11]","[0, 21, 42, 63, 84, 105, 126, 3]","[28, 84, 112, 123, 67, 95, 39, 11]","[42, 21, 105, 84, 126, 98, 35, 14, 56, 119, 77, 65, 44, 2, 23]"
2C_neighbor_swap,3382,3858,Hqql_to_Tbl,Hqql_correct,label_Hqql,label_Tbl,label_Hqql,1,1,-3.6255290508270264,1.1289530992507935,4.75448215007782,-6.266574382781982,-1.5120922327041626,-6.266574382781982,electron,neutral_hadron,371.52996826171875,371.08050537109375,"[28, 84, 112, 123, 67, 95, 39, 11]","[42, 21, 105, 84, 126, 98, 35, 14]","[28, 84, 112, 123, 67, 95, 39, 11]","[42, 21, 105, 84, 126, 98, 35, 14, 56, 119, 77, 65, 44, 2, 23]"
random_same_count,3382,3858,Hqql_to_Tbl,Hqql_correct,label_Hqql,label_Tbl,label_Hqql,1,1,-3.6255290508270264,0.09486889839172363,3.72039794921875,-2.5232839584350586,1.197114109992981,-2.5232839584350586,electron,neutral_hadron,371.52996826171875,371.08050537109375,"[93, 59, 50, 74, 100, 44, 3, 25]","[76, 12, 107, 81, 47, 2, 115, 46]","[28, 84, 112, 123, 67, 95, 39, 11]","[42, 21, 105, 84, 126, 98, 35, 14, 56, 119, 77, 65, 44, 2, 23]"
2A_isolation_hadronic_injection,3403,4092,Hqql_to_Tbl,Hqql_correct,label_Hqql,label_Tbl,label_Hqql,1,1,-0.7922041416168213,1.0866899490356445,1.8788940906524658,-2.404384136199951,-0.5254901647567749,-2.404384136199951,electron,electron,166.93699645996094,166.7930450439453,"[72, 108, 20, 92, 56, 106, 70, 34]","[2, 31, 60, 89, 118, 5, 34, 63]","[72, 108, 20, 92, 56, 106, 70, 34]","[29, 87, 116, 47, 76, 105, 18, 81, 23, 52, 110, 106, 77, 19, 48]"
2C_neighbor_swap,3403,4092,Hqql_to_Tbl,Hqql_correct,label_Hqql,label_Tbl,label_Tbl,0,0,-0.7922041416168213,-0.15807023644447327,0.634133905172348,-1.767714262008667,-1.1335803270339966,-1.767714262008667,electron,electron,166.93699645996094,166.7930450439453,"[72, 108, 20, 92, 56, 106, 70, 34]","[29, 87, 116, 47, 76, 105, 18, 81]","[72, 108, 20, 92, 56, 106, 70, 34]","[29, 87, 116, 47, 76, 105, 18, 81, 23, 52, 110, 106, 77, 19, 48]"
random_same_count,3403,4092,Hqql_to_Tbl,Hqql_correct,label_Hqql,label_Tbl,label_Hqql,1,1,-0.7922041416168213,2.4554848670959473,3.2476890087127686,-1.6352847814559937,1.6124043464660645,-1.6352847814559937,electron,electron,166.93699645996094,166.7930450439453,"[30, 52, 69, 65, 93, 106, 117, 8]","[82, 37, 127, 64, 124, 98, 81, 93]","[72, 108, 20, 92, 56, 106, 70, 34]","[29, 87, 116, 47, 76, 105, 18, 81, 23, 52, 110, 106, 77, 19, 48]"
2A_isolation_hadronic_injection,3433,3408,Hqql_to_Tbl,Hqql_correct,label_Hqql,label_Tbl,label_Hqql,1,1,-2.5838606357574463,0.33503615856170654,2.918896794319153,0.20630478858947754,3.12520170211792,0.20630478858947754,muon,electron,316.7471008300781,316.4851989746094,"[79, 64, 101, 22, 43, 122, 92, 13]","[1, 39, 77, 115, 3, 41, 79, 117]","[79, 64, 101, 22, 43, 122, 92, 13]","[76, 114, 31, 107, 69, 116, 40, 2, 78, 10, 86, 124, 48, 43, 5]"
2C_neighbor_swap,3433,3408,Hqql_to_Tbl,Hqql_correct,label_Hqql,label_Tbl,label_Tbl,0,0,-2.5838606357574463,-3.0703344345092773,-0.48647379875183105,0.7883186340332031,0.3018447160720825,0.7883186340332031,muon,electron,316.7471008300781,316.4851989746094,"[79, 64, 101, 22, 43, 122, 92, 13]","[76, 114, 31, 107, 69, 116, 40, 2]","[79, 64, 101, 22, 43, 122, 92, 13]","[76, 114, 31, 107, 69, 116, 40, 2, 78, 10, 86, 124, 48, 43, 5]"
random_same_count,3433,3408,Hqql_to_Tbl,Hqql_correct,label_Hqql,label_Tbl,label_Tbl,0,0,-2.5838606357574463,-0.8954845666885376,1.6883760690689087,0.34320807456970215,2.0315842628479004,0.34320807456970215,muon,electron,316.7471008300781,316.4851989746094,"[30, 70, 62, 126, 23, 20, 127, 69]","[57, 49, 97, 60, 6, 2, 18, 59]","[79, 64, 101, 22, 43, 122, 92, 13]","[76, 114, 31, 107, 69, 116, 40, 2, 78, 10, 86, 124, 48, 43, 5]"
2A_isolation_hadronic_injection,3483,3619,Hqql_to_Tbl,Hqql_correct,label_Hqql,label_Tbl,label_Hqql,1,1,-0.38853585720062256,4.004871368408203,4.393407225608826,-5.960311412811279,-1.5669044256210327,-5.960311412811279,muon,electron,162.68629455566406,162.9788360595703,"[70, 105, 125, 90, 20, 55, 59, 24]","[1, 24, 47, 70, 93, 116, 2, 25]","[70, 105, 125, 90, 20, 55, 59, 24]","[46, 23, 115, 92, 42, 111, 65, 19, 88, 119, 96, 27, 73, 4, 50]"
2C_neighbor_swap,3483,3619,Hqql_to_Tbl,Hqql_correct,label_Hqql,label_Tbl,label_Hqql,1,1,-0.38853585720062256,0.15886488556861877,0.5474007427692413,-1.300832986831665,-0.7534322738647461,-1.300832986831665,muon,electron,162.68629455566406,162.9788360595703,"[70, 105, 125, 90, 20, 55, 59, 24]","[46, 23, 115, 92, 42, 111, 65, 19]","[70, 105, 125, 90, 20, 55, 59, 24]","[46, 23, 115, 92, 42, 111, 65, 19, 88, 119, 96, 27, 73, 4, 50]"
random_same_count,3483,3619,Hqql_to_Tbl,Hqql_correct,label_Hqql,label_Tbl,label_Tbqq,0,1,-0.38853585720062256,1.4504776000976562,1.8390134572982788,-4.33437442779541,-2.495360851287842,-4.33437442779541,muon,electron,162.68629455566406,162.9788360595703,"[25, 3, 33, 103, 46, 88, 35, 123]","[56, 82, 54, 1, 14, 80, 9, 66]","[70, 105, 125, 90, 20, 55, 59, 24]","[46, 23, 115, 92, 42, 111, 65, 19, 88, 119, 96, 27, 73, 4, 50]"
2A_isolation_hadronic_injection,3491,4068,Hqql_to_Tbl,Hqql_correct,label_Hqql,label_Tbl,label_Tbl,0,0,-2.241986036300659,-1.0689033269882202,1.173082709312439,-0.17348074913024902,0.9996020793914795,-0.17348074913024902,muon,muon,202.45486450195312,202.49700927734375,"[28, 84, 112, 127, 71, 99, 15, 43]","[1, 33, 65, 97, 2, 34, 66, 98]","[28, 84, 112, 127, 71, 99, 15, 43]","[64, 96, 125, 93, 29, 61, 41, 9, 73, 105, 126, 94, 30, 62, 24]"
2C_neighbor_swap,3491,4068,Hqql_to_Tbl,Hqql_correct,label_Hqql,label_Tbl,label_Tbl,0,0,-2.241986036300659,-7.699370861053467,-5.457384824752808,2.38546085357666,-3.0719239711761475,2.38546085357666,muon,muon,202.45486450195312,202.49700927734375,"[28, 84, 112, 127, 71, 99, 15, 43]","[64, 96, 125, 93, 29, 61, 41, 9]","[28, 84, 112, 127, 71, 99, 15, 43]","[64, 96, 125, 93, 29, 61, 41, 9, 73, 105, 126, 94, 30, 62, 24]"
random_same_count,3491,4068,Hqql_to_Tbl,Hqql_correct,label_Hqql,label_Tbl,label_Tbl,0,0,-2.241986036300659,-0.4210991859436035,1.8208868503570557,1.0381886959075928,2.8590755462646484,1.0381886959075928,muon,muon,202.45486450195312,202.49700927734375,"[46, 91, 12, 11, 56, 115, 2, 102]","[69, 49, 10, 70, 89, 82, 52, 4]","[28, 84, 112, 127, 71, 99, 15, 43]","[64, 96, 125, 93, 29, 61, 41, 9, 73, 105, 126, 94, 30, 62, 24]"
2A_isolation_hadronic_injection,3501,3946,Hqql_to_Tbl,Hqql_correct,label_Hqql,label_Tbl,label_Hqql,1,1,-0.6767046451568604,0.20186984539031982,0.8785744905471802,-3.9865822792053223,-3.1080079078674316,-3.9865822792053223,electron,charged_hadron,143.9631805419922,143.7359161376953,"[86, 94, 8, 51, 73, 116, 30, 54]","[0, 32, 64, 96, 2, 34, 66, 98]","[86, 94, 8, 51, 73, 116, 30, 54]","[64, 96, 99, 67, 3, 35, 36, 4, 68, 100, 98, 66, 2, 34, 18]"
2C_neighbor_swap,3501,3946,Hqql_to_Tbl,Hqql_correct,label_Hqql,label_Tbl,label_Hqql,1,1,-0.6767046451568604,0.6358563899993896,1.31256103515625,-6.364306926727295,-5.051745891571045,-6.364306926727295,electron,charged_hadron,143.9631805419922,143.7359161376953,"[86, 94, 8, 51, 73, 116, 30, 54]","[64, 96, 99, 67, 3, 35, 36, 4]","[86, 94, 8, 51, 73, 116, 30, 54]","[64, 96, 99, 67, 3, 35, 36, 4, 68, 100, 98, 66, 2, 34, 18]"
random_same_count,3501,3946,Hqql_to_Tbl,Hqql_correct,label_Hqql,label_Tbl,label_Hqql,1,1,-0.6767046451568604,0.4397183656692505,1.1164230108261108,-0.542442798614502,0.5739802122116089,-0.542442798614502,electron,charged_hadron,143.9631805419922,143.7359161376953,"[127, 42, 34, 123, 61, 5, 97, 72]","[43, 54, 45, 4, 82, 125, 21, 114]","[86, 94, 8, 51, 73, 116, 30, 54]","[64, 96, 99, 67, 3, 35, 36, 4, 68, 100, 98, 66, 2, 34, 18]"
2A_isolation_hadronic_injection,3562,3733,Hqql_to_Tbl,Hqql_correct,label_Hqql,label_Tbl,label_Tbl,0,0,-5.416431903839111,-0.39239048957824707,5.024041414260864,-1.6424713134765625,3.3815701007843018,-1.6424713134765625,electron,muon,211.48480224609375,211.27931213378906,"[26, 78, 104, 107, 55, 81, 3, 29]","[2, 26, 50, 74, 98, 122, 3, 27]","[26, 78, 104, 107, 55, 81, 3, 29]","[48, 24, 120, 96, 40, 112, 64, 16, 88, 126, 102, 30, 78, 6, 54]"
2C_neighbor_swap,3562,3733,Hqql_to_Tbl,Hqql_correct,label_Hqql,label_Tbl,label_Tbl,0,0,-5.416431903839111,-4.8090009689331055,0.6074309349060059,-1.081064224243164,-0.47363340854644775,-1.081064224243164,electron,muon,211.48480224609375,211.27931213378906,"[26, 78, 104, 107, 55, 81, 3, 29]","[48, 24, 120, 96, 40, 112, 64, 16]","[26, 78, 104, 107, 55, 81, 3, 29]","[48, 24, 120, 96, 40, 112, 64, 16, 88, 126, 102, 30, 78, 6, 54]"
random_same_count,3562,3733,Hqql_to_Tbl,Hqql_correct,label_Hqql,label_Tbl,label_Tbl,0,0,-5.416431903839111,-4.752076148986816,0.6643557548522949,0.40627241134643555,1.0706281661987305,0.40627241134643555,electron,muon,211.48480224609375,211.27931213378906,"[124, 54, 9, 92, 112, 87, 19, 48]","[86, 31, 96, 11, 106, 113, 81, 8]","[26, 78, 104, 107, 55, 81, 3, 29]","[48, 24, 120, 96, 40, 112, 64, 16, 88, 126, 102, 30, 78, 6, 54]"
2A_isolation_hadronic_injection,3603,3768,Hqql_to_Tbl,Hqql_correct,label_Hqql,label_Tbl,label_Hqql,1,1,-1.3435088396072388,0.8863009214401245,2.2298097610473633,-0.9330291748046875,1.2967805862426758,-0.9330291748046875,electron,muon,201.4974365234375,201.23818969726562,"[114, 80, 23, 27, 84, 82, 25, 101]","[2, 24, 46, 68, 90, 112, 3, 25]","[114, 80, 23, 27, 84, 82, 25, 101]","[44, 22, 110, 88, 41, 107, 63, 19, 85, 127, 105, 39, 83, 17, 61]"
2C_neighbor_swap,3603,3768,Hqql_to_Tbl,Hqql_correct,label_Hqql,label_Tbl,label_Tbl,0,0,-1.3435088396072388,-2.9387240409851074,-1.5952152013778687,1.8810646533966064,0.28584933280944824,1.8810646533966064,electron,muon,201.4974365234375,201.23818969726562,"[114, 80, 23, 27, 84, 82, 25, 101]","[44, 22, 110, 88, 41, 107, 63, 19]","[114, 80, 23, 27, 84, 82, 25, 101]","[44, 22, 110, 88, 41, 107, 63, 19, 85, 127, 105, 39, 83, 17, 61]"
random_same_count,3603,3768,Hqql_to_Tbl,Hqql_correct,label_Hqql,label_Tbl,label_Hqql,1,1,-1.3435088396072388,2.3252546787261963,3.668763518333435,-1.3237571716308594,2.345006227493286,-1.3237571716308594,electron,muon,201.4974365234375,201.23818969726562,"[98, 67, 50, 69, 40, 19, 117, 84]","[99, 118, 38, 100, 107, 50, 48, 17]","[114, 80, 23, 27, 84, 82, 25, 101]","[44, 22, 110, 88, 41, 107, 63, 19, 85, 127, 105, 39, 83, 17, 61]"
2A_isolation_hadronic_injection,3611,3115,Hqql_to_Tbl,Hqql_correct,label_Hqql,label_Tbl,label_Hqql,1,1,-2.3993873596191406,0.17401456832885742,2.573401927947998,-3.2365567684173584,-0.6631549596786499,-3.2365567684173584,electron,neutral_hadron,94.3756103515625,94.64669036865234,"[31, 93, 124, 81, 50, 112, 19, 44]","[0, 43, 86, 1, 44, 87, 2, 45]","[31, 93, 124, 81, 50, 112, 19, 44]","[86, 100, 14, 57, 97, 54, 11, 49, 92, 6, 62, 105, 19, 46, 3]"
2C_neighbor_swap,3611,3115,Hqql_to_Tbl,Hqql_correct,label_Hqql,label_Tbl,label_Tbl,0,0,-2.3993873596191406,-1.3588131666183472,1.0405741930007935,-1.1113476753234863,-0.07077360153198242,-1.1113476753234863,electron,neutral_hadron,94.3756103515625,94.64669036865234,"[31, 93, 124, 81, 50, 112, 19, 44]","[86, 100, 14, 57, 97, 54, 11, 49]","[31, 93, 124, 81, 50, 112, 19, 44]","[86, 100, 14, 57, 97, 54, 11, 49, 92, 6, 62, 105, 19, 46, 3]"
random_same_count,3611,3115,Hqql_to_Tbl,Hqql_correct,label_Hqql,label_Tbl,label_Tbl,0,0,-2.3993873596191406,-0.19627046585083008,2.2031168937683105,-1.2143981456756592,0.9887186288833618,-1.2143981456756592,electron,neutral_hadron,94.3756103515625,94.64669036865234,"[69, 125, 44, 67, 16, 81, 22, 103]","[76, 50, 56, 8, 95, 18, 59, 86]","[31, 93, 124, 81, 50, 112, 19, 44]","[86, 100, 14, 57, 97, 54, 11, 49, 92, 6, 62, 105, 19, 46, 3]"
2A_isolation_hadronic_injection,3658,3902,Hqql_to_Tbl,Hqql_correct,label_Hqql,label_Tbl,label_Hqql,1,1,-0.7271723747253418,1.6979408264160156,2.4251132011413574,-0.6949058175086975,1.7302073240280151,-0.6949058175086975,muon,muon,284.3362731933594,284.4454040527344,"[72, 108, 24, 96, 60, 92, 20, 56]","[1, 22, 43, 64, 85, 106, 127, 2]","[72, 108, 24, 96, 60, 92, 20, 56]","[42, 21, 105, 84, 126, 98, 35, 14, 56, 119, 77, 70, 49, 7, 28]"
2C_neighbor_swap,3658,3902,Hqql_to_Tbl,Hqql_correct,label_Hqql,label_Tbl,label_Tbl,0,0,-0.7271723747253418,-0.2814512252807617,0.4457211494445801,-2.9075844287872314,-2.4618632793426514,-2.9075844287872314,muon,muon,284.3362731933594,284.4454040527344,"[72, 108, 24, 96, 60, 92, 20, 56]","[42, 21, 105, 84, 126, 98, 35, 14]","[72, 108, 24, 96, 60, 92, 20, 56]","[42, 21, 105, 84, 126, 98, 35, 14, 56, 119, 77, 70, 49, 7, 28]"
random_same_count,3658,3902,Hqql_to_Tbl,Hqql_correct,label_Hqql,label_Tbl,label_Tbl,0,0,-0.7271723747253418,-0.3879765272140503,0.3391958475112915,1.443124771118164,1.7823206186294556,1.443124771118164,muon,muon,284.3362731933594,284.4454040527344,"[3, 45, 58, 112, 95, 93, 126, 92]","[86, 58, 39, 55, 102, 100, 4, 21]","[72, 108, 24, 96, 60, 92, 20, 56]","[42, 21, 105, 84, 126, 98, 35, 14, 56, 119, 77, 70, 49, 7, 28]"
2A_isolation_hadronic_injection,3666,3810,Hqql_to_Tbl,Hqql_correct,label_Hqql,label_Tbl,label_Hqql,1,1,-0.6202179193496704,0.9047815799713135,1.5249994993209839,-2.3264784812927246,-0.8014791011810303,-2.3264784812927246,electron,electron,142.10060119628906,142.03121948242188,"[96, 85, 37, 42, 90, 121, 25, 73]","[1, 42, 83, 124, 2, 43, 84, 125]","[96, 85, 37, 42, 90, 121, 25, 73]","[82, 123, 9, 91, 50, 122, 40, 81, 68, 27, 109, 117, 35, 76, 29]"
2C_neighbor_swap,3666,3810,Hqql_to_Tbl,Hqql_correct,label_Hqql,label_Tbl,label_Tbl,0,0,-0.6202179193496704,-1.3590480089187622,-0.7388300895690918,0.5217688083648682,-0.21706128120422363,0.5217688083648682,electron,electron,142.10060119628906,142.03121948242188,"[96, 85, 37, 42, 90, 121, 25, 73]","[82, 123, 9, 91, 50, 122, 40, 81]","[96, 85, 37, 42, 90, 121, 25, 73]","[82, 123, 9, 91, 50, 122, 40, 81, 68, 27, 109, 117, 35, 76, 29]"
random_same_count,3666,3810,Hqql_to_Tbl,Hqql_correct,label_Hqql,label_Tbl,label_Hqql,1,1,-0.6202179193496704,0.9177106618881226,1.537928581237793,-1.5012950897216797,0.03663349151611328,-1.5012950897216797,electron,electron,142.10060119628906,142.03121948242188,"[67, 42, 112, 66, 72, 18, 44, 65]","[14, 70, 93, 48, 29, 115, 73, 44]","[96, 85, 37, 42, 90, 121, 25, 73]","[82, 123, 9, 91, 50, 122, 40, 81, 68, 27, 109, 117, 35, 76, 29]"
2A_isolation_hadronic_injection,3698,3205,Hqql_to_Tbl,Hqql_correct,label_Hqql,label_Tbl,label_Hqql,1,1,-1.7704658508300781,1.2648236751556396,3.0352895259857178,-0.18453794717788696,2.8507513999938965,-0.18453794717788696,photon,photon,172.95591735839844,172.7870635986328,"[122, 126, 4, 65, 125, 64, 3, 67]","[2, 24, 46, 68, 90, 112, 3, 25]","[122, 126, 4, 65, 125, 64, 3, 67]","[44, 22, 110, 88, 89, 111, 23, 1, 45, 67, 106, 18, 62, 84, 40]"
2C_neighbor_swap,3698,3205,Hqql_to_Tbl,Hqql_correct,label_Hqql,label_Tbl,label_Tbl,0,0,-1.7704658508300781,-0.37745046615600586,1.3930153846740723,-0.8225864768028259,0.5704288482666016,-0.8225864768028259,photon,photon,172.95591735839844,172.7870635986328,"[122, 126, 4, 65, 125, 64, 3, 67]","[44, 22, 110, 88, 89, 111, 23, 1]","[122, 126, 4, 65, 125, 64, 3, 67]","[44, 22, 110, 88, 89, 111, 23, 1, 45, 67, 106, 18, 62, 84, 40]"
random_same_count,3698,3205,Hqql_to_Tbl,Hqql_correct,label_Hqql,label_Tbl,label_Tbl,0,0,-1.7704658508300781,-0.27237531542778015,1.498090535402298,0.8532572388648987,2.3513476848602295,0.8532572388648987,photon,photon,172.95591735839844,172.7870635986328,"[12, 35, 120, 65, 32, 27, 114, 42]","[34, 51, 6, 121, 65, 11, 123, 26]","[122, 126, 4, 65, 125, 64, 3, 67]","[44, 22, 110, 88, 89, 111, 23, 1, 45, 67, 106, 18, 62, 84, 40]"
2A_isolation_hadronic_injection,3701,3152,Hqql_to_Tbl,Hqql_correct,label_Hqql,label_Tbl,label_Tbl,0,0,-0.4962337017059326,-0.22558331489562988,0.27065038681030273,-1.1894493103027344,-0.9187989234924316,-1.1894493103027344,electron,muon,352.2128601074219,352.1761779785156,"[30, 90, 120, 38, 68, 98, 8, 80]","[1, 26, 51, 76, 101, 126, 2, 27]","[30, 90, 120, 38, 68, 98, 8, 80]","[75, 25, 100, 125, 104, 79, 29, 4, 54, 105, 5, 80, 55, 30, 7]"
2C_neighbor_swap,3701,3152,Hqql_to_Tbl,Hqql_correct,label_Hqql,label_Tbl,label_Hqql,1,1,-0.4962337017059326,1.6034480333328247,2.0996817350387573,-3.373021125793457,-1.2733395099639893,-3.373021125793457,electron,muon,352.2128601074219,352.1761779785156,"[30, 90, 120, 38, 68, 98, 8, 80]","[75, 25, 100, 125, 104, 79, 29, 4]","[30, 90, 120, 38, 68, 98, 8, 80]","[75, 25, 100, 125, 104, 79, 29, 4, 54, 105, 5, 80, 55, 30, 7]"
random_same_count,3701,3152,Hqql_to_Tbl,Hqql_correct,label_Hqql,label_Tbl,label_Hqql,1,1,-0.4962337017059326,1.841357707977295,2.3375914096832275,-3.3123910427093506,-0.9747995138168335,-3.3123910427093506,electron,muon,352.2128601074219,352.1761779785156,"[65, 26, 98, 115, 3, 25, 35, 73]","[30, 11, 77, 41, 44, 71, 69, 18]","[30, 90, 120, 38, 68, 98, 8, 80]","[75, 25, 100, 125, 104, 79, 29, 4, 54, 105, 5, 80, 55, 30, 7]"
2A_isolation_hadronic_injection,3721,3391,Hqql_to_Tbl,Hqql_correct,label_Hqql,label_Tbl,label_Hqql,1,1,-1.6158620119094849,0.22582554817199707,1.841687560081482,-4.656133651733398,-2.814445972442627,-4.656133651733398,electron,charged_hadron,176.7030792236328,176.98814392089844,"[75, 25, 100, 125, 121, 96, 71, 21]","[0, 23, 46, 69, 92, 115, 2, 25]","[75, 25, 100, 125, 121, 96, 71, 21]","[46, 23, 115, 92, 97, 120, 28, 5, 51, 74, 94, 2, 48, 71, 25]"
2C_neighbor_swap,3721,3391,Hqql_to_Tbl,Hqql_correct,label_Hqql,label_Tbl,label_Hqql,1,1,-1.6158620119094849,0.6707503795623779,2.286612391471863,-5.962014675140381,-3.6754021644592285,-5.962014675140381,electron,charged_hadron,176.7030792236328,176.98814392089844,"[75, 25, 100, 125, 121, 96, 71, 21]","[46, 23, 115, 92, 97, 120, 28, 5]","[75, 25, 100, 125, 121, 96, 71, 21]","[46, 23, 115, 92, 97, 120, 28, 5, 51, 74, 94, 2, 48, 71, 25]"
random_same_count,3721,3391,Hqql_to_Tbl,Hqql_correct,label_Hqql,label_Tbl,label_Hqql,1,1,-1.6158620119094849,0.39267149567604065,2.0085335075855255,-2.1090784072875977,-0.1005450189113617,-2.1090784072875977,electron,charged_hadron,176.7030792236328,176.98814392089844,"[119, 114, 104, 120, 69, 18, 101, 116]","[62, 64, 94, 51, 100, 4, 33, 92]","[75, 25, 100, 125, 121, 96, 71, 21]","[46, 23, 115, 92, 97, 120, 28, 5, 51, 74, 94, 2, 48, 71, 25]"
2A_isolation_hadronic_injection,3730,3204,Hqql_to_Tbl,Hqql_correct,label_Hqql,label_Tbl,label_Hqql,1,1,-1.7345247268676758,1.6390925645828247,3.3736172914505005,-4.38184928894043,-1.0082319974899292,-4.38184928894043,muon,charged_hadron,216.09420776367188,216.12181091308594,"[80, 120, 35, 115, 75, 108, 28, 68]","[0, 30, 60, 90, 120, 2, 32, 62]","[80, 120, 35, 115, 75, 108, 28, 68]","[30, 90, 120, 123, 63, 93, 33, 3, 9, 39, 69, 99, 75, 45, 15]"
2C_neighbor_swap,3730,3204,Hqql_to_Tbl,Hqql_correct,label_Hqql,label_Tbl,label_Hqql,1,1,-1.7345247268676758,0.6752816438674927,2.4098063707351685,-1.4270474910736084,0.9827588796615601,-1.4270474910736084,muon,charged_hadron,216.09420776367188,216.12181091308594,"[80, 120, 35, 115, 75, 108, 28, 68]","[30, 90, 120, 123, 63, 93, 33, 3]","[80, 120, 35, 115, 75, 108, 28, 68]","[30, 90, 120, 123, 63, 93, 33, 3, 9, 39, 69, 99, 75, 45, 15]"
random_same_count,3730,3204,Hqql_to_Tbl,Hqql_correct,label_Hqql,label_Tbl,label_Tbl,0,0,-1.7345247268676758,-2.6703078746795654,-0.9357831478118896,-0.24712324142456055,-1.1829063892364502,-0.24712324142456055,muon,charged_hadron,216.09420776367188,216.12181091308594,"[107, 74, 111, 63, 44, 51, 118, 29]","[108, 65, 119, 17, 79, 82, 1, 115]","[80, 120, 35, 115, 75, 108, 28, 68]","[30, 90, 120, 123, 63, 93, 33, 3, 9, 39, 69, 99, 75, 45, 15]"
2A_isolation_hadronic_injection,3746,3505,Hqql_to_Tbl,Hqql_correct,label_Hqql,label_Tbl,label_Hqql,1,1,-0.02611517906188965,3.878816604614258,3.9049317836761475,-6.428533554077148,-2.523601531982422,-6.428533554077148,muon,electron,333.3547058105469,333.36767578125,"[44, 22, 110, 88, 102, 124, 36, 14]","[1, 23, 45, 67, 89, 111, 3, 25]","[44, 22, 110, 88, 102, 124, 36, 14]","[44, 22, 110, 88, 95, 117, 29, 7, 51, 73, 102, 14, 58, 80, 36]"
2C_neighbor_swap,3746,3505,Hqql_to_Tbl,Hqql_correct,label_Hqql,label_Tbl,label_Hqql,1,1,-0.02611517906188965,3.0024023056030273,3.028517484664917,-7.594320297241211,-4.565803050994873,-7.594320297241211,muon,electron,333.3547058105469,333.36767578125,"[44, 22, 110, 88, 102, 124, 36, 14]","[44, 22, 110, 88, 95, 117, 29, 7]","[44, 22, 110, 88, 102, 124, 36, 14]","[44, 22, 110, 88, 95, 117, 29, 7, 51, 73, 102, 14, 58, 80, 36]"
random_same_count,3746,3505,Hqql_to_Tbl,Hqql_correct,label_Hqql,label_Tbl,label_Hqql,1,1,-0.02611517906188965,1.8299437761306763,1.856058955192566,-2.5097012519836426,-0.6536421775817871,-2.5097012519836426,muon,electron,333.3547058105469,333.36767578125,"[102, 77, 78, 125, 64, 44, 90, 75]","[16, 89, 7, 47, 111, 59, 123, 86]","[44, 22, 110, 88, 102, 124, 36, 14]","[44, 22, 110, 88, 95, 117, 29, 7, 51, 73, 102, 14, 58, 80, 36]"
2A_isolation_hadronic_injection,3766,3819,Hqql_to_Tbl,Hqql_correct,label_Hqql,label_Tbl,label_Hqql,1,1,-1.387579321861267,1.3116569519042969,2.699236273765564,-1.5235402584075928,1.1756960153579712,-1.5235402584075928,electron,muon,225.74807739257812,226.2026824951172,"[104, 82, 30, 119, 15, 67, 43, 95]","[1, 35, 69, 103, 6, 40, 74, 108]","[104, 82, 30, 119, 15, 67, 43, 95]","[68, 102, 124, 90, 22, 56, 58, 24, 92, 126, 119, 85, 17, 51, 25]"
2C_neighbor_swap,3766,3819,Hqql_to_Tbl,Hqql_correct,label_Hqql,label_Tbl,label_Tbl,0,0,-1.387579321861267,-3.0614194869995117,-1.6738401651382446,-1.009110450744629,-2.682950735092163,-1.009110450744629,electron,muon,225.74807739257812,226.2026824951172,"[104, 82, 30, 119, 15, 67, 43, 95]","[68, 102, 124, 90, 22, 56, 58, 24]","[104, 82, 30, 119, 15, 67, 43, 95]","[68, 102, 124, 90, 22, 56, 58, 24, 92, 126, 119, 85, 17, 51, 25]"
random_same_count,3766,3819,Hqql_to_Tbl,Hqql_correct,label_Hqql,label_Tbl,label_Hqql,1,1,-1.387579321861267,1.059240698814392,2.446820020675659,-1.419534683227539,1.0272853374481201,-1.419534683227539,electron,muon,225.74807739257812,226.2026824951172,"[110, 54, 41, 46, 28, 99, 58, 44]","[104, 97, 25, 106, 24, 49, 126, 8]","[104, 82, 30, 119, 15, 67, 43, 95]","[68, 102, 124, 90, 22, 56, 58, 24, 92, 126, 119, 85, 17, 51, 25]"
2A_isolation_hadronic_injection,3780,3965,Hqql_to_Tbl,Hqql_correct,label_Hqql,label_Tbl,label_Hqql,1,1,-0.058126211166381836,3.7990517616271973,3.857177972793579,-6.088730335235596,-2.2315523624420166,-6.088730335235596,muon,charged_hadron,175.72213745117188,175.7305450439453,"[26, 78, 104, 120, 68, 94, 42, 16]","[0, 40, 80, 120, 3, 43, 83, 123]","[26, 78, 104, 120, 68, 94, 42, 16]","[80, 120, 9, 89, 49, 122, 42, 2, 82, 5, 85, 125, 45, 48, 8]"
2C_neighbor_swap,3780,3965,Hqql_to_Tbl,Hqql_correct,label_Hqql,label_Tbl,label_Hqql,1,1,-0.058126211166381836,2.5467143058776855,2.6048405170440674,-3.6927971839904785,-1.0879567861557007,-3.6927971839904785,muon,charged_hadron,175.72213745117188,175.7305450439453,"[26, 78, 104, 120, 68, 94, 42, 16]","[80, 120, 9, 89, 49, 122, 42, 2]","[26, 78, 104, 120, 68, 94, 42, 16]","[80, 120, 9, 89, 49, 122, 42, 2, 82, 5, 85, 125, 45, 48, 8]"
random_same_count,3780,3965,Hqql_to_Tbl,Hqql_correct,label_Hqql,label_Tbl,label_Tbl,0,0,-0.058126211166381836,-0.9431271553039551,-0.8850009441375732,0.6261694431304932,-0.2588315010070801,0.6261694431304932,muon,charged_hadron,175.72213745117188,175.7305450439453,"[108, 54, 49, 65, 34, 107, 119, 23]","[110, 72, 49, 48, 9, 118, 38, 16]","[26, 78, 104, 120, 68, 94, 42, 16]","[80, 120, 9, 89, 49, 122, 42, 2, 82, 5, 85, 125, 45, 48, 8]"
2A_isolation_hadronic_injection,3829,3707,Hqql_to_Tbl,Hqql_correct,label_Hqql,label_Tbl,label_Hqql,1,1,-0.04268443584442139,0.7244807481765747,0.7671651840209961,-1.687387466430664,-0.920222282409668,-1.687387466430664,electron,muon,331.1594543457031,331.19769287109375,"[108, 122, 14, 68, 44, 98, 123, 15]","[1, 24, 47, 70, 93, 116, 2, 25]","[108, 122, 14, 68, 44, 98, 123, 15]","[46, 23, 115, 92, 98, 121, 29, 6, 52, 75, 94, 2, 48, 71, 25]"
2C_neighbor_swap,3829,3707,Hqql_to_Tbl,Hqql_correct,label_Hqql,label_Tbl,label_Tbl,0,0,-0.04268443584442139,-0.9818168878555298,-0.9391324520111084,-0.0736396312713623,-1.0127720832824707,-0.0736396312713623,electron,muon,331.1594543457031,331.19769287109375,"[108, 122, 14, 68, 44, 98, 123, 15]","[46, 23, 115, 92, 98, 121, 29, 6]","[108, 122, 14, 68, 44, 98, 123, 15]","[46, 23, 115, 92, 98, 121, 29, 6, 52, 75, 94, 2, 48, 71, 25]"
random_same_count,3829,3707,Hqql_to_Tbl,Hqql_correct,label_Hqql,label_Tbl,label_Hqql,1,1,-0.04268443584442139,1.6724861860275269,1.7151706218719482,-2.647078514099121,-0.9319078922271729,-2.647078514099121,electron,muon,331.1594543457031,331.19769287109375,"[117, 34, 65, 105, 78, 42, 8, 121]","[49, 7, 76, 50, 39, 14, 60, 74]","[108, 122, 14, 68, 44, 98, 123, 15]","[46, 23, 115, 92, 98, 121, 29, 6, 52, 75, 94, 2, 48, 71, 25]"
2A_isolation_hadronic_injection,3849,3946,Hqql_to_Tbl,Hqql_correct,label_Hqql,label_Tbl,label_Tbl,0,0,-0.9985320568084717,-0.3098278045654297,0.688704252243042,-4.800665378570557,-4.111961364746094,-4.800665378570557,charged_hadron,charged_hadron,144.08816528320312,143.7359161376953,"[28, 84, 112, 122, 66, 94, 10, 38]","[0, 32, 64, 96, 2, 34, 66, 98]","[28, 84, 112, 122, 66, 94, 10, 38]","[64, 96, 99, 67, 3, 35, 36, 4, 68, 100, 98, 66, 2, 34, 18]"
2C_neighbor_swap,3849,3946,Hqql_to_Tbl,Hqql_correct,label_Hqql,label_Tbl,label_Tbl,0,0,-0.9985320568084717,-2.396552801132202,-1.3980207443237305,-2.794663667678833,-4.192684173583984,-2.794663667678833,charged_hadron,charged_hadron,144.08816528320312,143.7359161376953,"[28, 84, 112, 122, 66, 94, 10, 38]","[64, 96, 99, 67, 3, 35, 36, 4]","[28, 84, 112, 122, 66, 94, 10, 38]","[64, 96, 99, 67, 3, 35, 36, 4, 68, 100, 98, 66, 2, 34, 18]"
random_same_count,3849,3946,Hqql_to_Tbl,Hqql_correct,label_Hqql,label_Tbl,label_Tbl,0,0,-0.9985320568084717,-3.041494369506836,-2.0429623126983643,-1.7267041206359863,-3.7696661949157715,-1.7267041206359863,charged_hadron,charged_hadron,144.08816528320312,143.7359161376953,"[98, 124, 91, 42, 32, 83, 58, 35]","[108, 57, 73, 74, 45, 32, 122, 89]","[28, 84, 112, 122, 66, 94, 10, 38]","[64, 96, 99, 67, 3, 35, 36, 4, 68, 100, 98, 66, 2, 34, 18]"
2A_isolation_hadronic_injection,3891,3727,Hqql_to_Tbl,Hqql_correct,label_Hqql,label_Tbl,label_Tbl,0,0,-0.6541562080383301,-1.9620165824890137,-1.3078603744506836,-0.39357757568359375,-1.7014379501342773,-0.39357757568359375,photon,muon,111.4491958618164,111.59447479248047,"[26, 78, 104, 111, 59, 85, 7, 33]","[3, 39, 75, 111, 5, 41, 77, 113]","[26, 78, 104, 111, 59, 85, 7, 33]","[72, 108, 24, 96, 60, 94, 58, 22, 14, 50, 122, 86, 84, 48, 12]"
2C_neighbor_swap,3891,3727,Hqql_to_Tbl,Hqql_correct,label_Hqql,label_Tbl,label_Tbl,0,0,-0.6541562080383301,-7.117033958435059,-6.4628777503967285,3.085465908050537,-3.3774120807647705,3.085465908050537,photon,muon,111.4491958618164,111.59447479248047,"[26, 78, 104, 111, 59, 85, 7, 33]","[72, 108, 24, 96, 60, 94, 58, 22]","[26, 78, 104, 111, 59, 85, 7, 33]","[72, 108, 24, 96, 60, 94, 58, 22, 14, 50, 122, 86, 84, 48, 12]"
random_same_count,3891,3727,Hqql_to_Tbl,Hqql_correct,label_Hqql,label_Tbl,label_Tbl,0,0,-0.6541562080383301,-0.09032857418060303,0.563827633857727,-0.5387802124023438,0.0250474214553833,-0.5387802124023438,photon,muon,111.4491958618164,111.59447479248047,"[59, 65, 74, 116, 119, 36, 44, 123]","[7, 24, 16, 3, 55, 85, 64, 94]","[26, 78, 104, 111, 59, 85, 7, 33]","[72, 108, 24, 96, 60, 94, 58, 22, 14, 50, 122, 86, 84, 48, 12]"
2A_isolation_hadronic_injection,3892,3735,Hqql_to_Tbl,Hqql_correct,label_Hqql,label_Tbl,label_Tbl,0,0,-1.3529094457626343,-0.8606560230255127,0.4922534227371216,-0.584658145904541,-0.09240472316741943,-0.584658145904541,electron,muon,425.30255126953125,425.58758544921875,"[31, 93, 124, 45, 76, 107, 14, 82]","[2, 16, 30, 44, 58, 72, 86, 100]","[31, 93, 124, 45, 76, 107, 14, 82]","[84, 56, 70, 14, 28, 42, 112, 126, 91, 35, 63, 77, 21, 7, 49]"
2C_neighbor_swap,3892,3735,Hqql_to_Tbl,Hqql_correct,label_Hqql,label_Tbl,label_Hqql,1,1,-1.3529094457626343,3.184354782104492,4.5372642278671265,-15.881531715393066,-11.344267845153809,-15.881531715393066,electron,muon,425.30255126953125,425.58758544921875,"[31, 93, 124, 45, 76, 107, 14, 82]","[84, 56, 70, 14, 28, 42, 112, 126]","[31, 93, 124, 45, 76, 107, 14, 82]","[84, 56, 70, 14, 28, 42, 112, 126, 91, 35, 63, 77, 21, 7, 49]"
random_same_count,3892,3735,Hqql_to_Tbl,Hqql_correct,label_Hqql,label_Tbl,label_Tbl,0,0,-1.3529094457626343,-2.206655502319336,-0.8537460565567017,1.494818925857544,0.6410727500915527,1.494818925857544,electron,muon,425.30255126953125,425.58758544921875,"[17, 62, 69, 6, 61, 70, 19, 42]","[112, 48, 115, 121, 29, 77, 111, 5]","[31, 93, 124, 45, 76, 107, 14, 82]","[84, 56, 70, 14, 28, 42, 112, 126, 91, 35, 63, 77, 21, 7, 49]"
2A_isolation_hadronic_injection,3896,3756,Hqql_to_Tbl,Hqql_correct,label_Hqql,label_Tbl,label_Tbl,0,0,-3.8659703731536865,-3.0057361125946045,0.860234260559082,-4.690168380737305,-3.8299343585968018,-4.690168380737305,electron,charged_hadron,167.63967895507812,168.0813446044922,"[75, 25, 100, 125, 113, 88, 38, 13]","[0, 27, 54, 81, 108, 1, 28, 55]","[75, 25, 100, 125, 113, 88, 38, 13]","[27, 81, 108, 112, 58, 85, 4, 31, 30, 111, 84, 3, 57, 29, 2]"
2C_neighbor_swap,3896,3756,Hqql_to_Tbl,Hqql_correct,label_Hqql,label_Tbl,label_Tbl,0,0,-3.8659703731536865,-1.417506456375122,2.4484639167785645,-5.792926788330078,-3.3444631099700928,-5.792926788330078,electron,charged_hadron,167.63967895507812,168.0813446044922,"[75, 25, 100, 125, 113, 88, 38, 13]","[27, 81, 108, 112, 58, 85, 4, 31]","[75, 25, 100, 125, 113, 88, 38, 13]","[27, 81, 108, 112, 58, 85, 4, 31, 30, 111, 84, 3, 57, 29, 2]"
random_same_count,3896,3756,Hqql_to_Tbl,Hqql_correct,label_Hqql,label_Tbl,label_Hqql,1,1,-3.8659703731536865,0.0767972469329834,3.94276762008667,0.03806924819946289,3.980836868286133,0.03806924819946289,electron,charged_hadron,167.63967895507812,168.0813446044922,"[60, 65, 116, 117, 114, 77, 100, 122]","[37, 91, 75, 116, 126, 2, 42, 94]","[75, 25, 100, 125, 113, 88, 38, 13]","[27, 81, 108, 112, 58, 85, 4, 31, 30, 111, 84, 3, 57, 29, 2]"
2A_isolation_hadronic_injection,3936,3556,Hqql_to_Tbl,Hqql_correct,label_Hqql,label_Tbl,label_Hqql,1,1,-0.5884692668914795,1.7689619064331055,2.357431173324585,-2.7481818199157715,-0.390750527381897,-2.7481818199157715,electron,muon,256.91717529296875,256.9085998535156,"[78, 117, 34, 112, 73, 93, 15, 54]","[1, 38, 75, 112, 2, 39, 76, 113]","[78, 117, 34, 112, 73, 93, 15, 54]","[74, 111, 35, 109, 72, 99, 25, 62, 54, 17, 91, 102, 28, 65, 31]"
2C_neighbor_swap,3936,3556,Hqql_to_Tbl,Hqql_correct,label_Hqql,label_Tbl,label_Tbl,0,0,-0.5884692668914795,-3.0151724815368652,-2.4267032146453857,0.40065741539001465,-2.026045799255371,0.40065741539001465,electron,muon,256.91717529296875,256.9085998535156,"[78, 117, 34, 112, 73, 93, 15, 54]","[74, 111, 35, 109, 72, 99, 25, 62]","[78, 117, 34, 112, 73, 93, 15, 54]","[74, 111, 35, 109, 72, 99, 25, 62, 54, 17, 91, 102, 28, 65, 31]"
random_same_count,3936,3556,Hqql_to_Tbl,Hqql_correct,label_Hqql,label_Tbl,label_H4q,0,1,-0.5884692668914795,3.1088976860046387,3.697366952896118,-7.293139457702637,-3.5957727432250977,-7.293139457702637,electron,muon,256.91717529296875,256.9085998535156,"[50, 30, 89, 114, 9, 112, 33, 37]","[22, 54, 46, 55, 6, 78, 2, 64]","[78, 117, 34, 112, 73, 93, 15, 54]","[74, 111, 35, 109, 72, 99, 25, 62, 54, 17, 91, 102, 28, 65, 31]"
2A_isolation_hadronic_injection,4020,3285,Hqql_to_Tbl,Hqql_correct,label_Hqql,label_Tbl,label_Hqql,1,1,-0.11047089099884033,0.9405686855316162,1.0510395765304565,-1.3332337141036987,-0.2821941375732422,-1.3332337141036987,muon,photon,152.99880981445312,153.10992431640625,"[26, 78, 104, 77, 51, 103, 25, 35]","[3, 44, 85, 126, 4, 45, 86, 127]","[26, 78, 104, 77, 51, 103, 25, 35]","[82, 123, 16, 98, 57, 100, 59, 18, 48, 7, 89, 94, 12, 53, 23]"
2C_neighbor_swap,4020,3285,Hqql_to_Tbl,Hqql_correct,label_Hqql,label_Tbl,label_Hqql,1,1,-0.11047089099884033,2.7546849250793457,2.865155816078186,-1.540374517440796,1.3247812986373901,-1.540374517440796,muon,photon,152.99880981445312,153.10992431640625,"[26, 78, 104, 77, 51, 103, 25, 35]","[82, 123, 16, 98, 57, 100, 59, 18]","[26, 78, 104, 77, 51, 103, 25, 35]","[82, 123, 16, 98, 57, 100, 59, 18, 48, 7, 89, 94, 12, 53, 23]"
random_same_count,4020,3285,Hqql_to_Tbl,Hqql_correct,label_Hqql,label_Tbl,label_Tbl,0,0,-0.11047089099884033,-1.7744133472442627,-1.6639424562454224,1.0146305561065674,-0.649311900138855,1.0146305561065674,muon,photon,152.99880981445312,153.10992431640625,"[87, 22, 26, 6, 35, 68, 98, 95]","[119, 68, 108, 25, 39, 64, 111, 113]","[26, 78, 104, 77, 51, 103, 25, 35]","[82, 123, 16, 98, 57, 100, 59, 18, 48, 7, 89, 94, 12, 53, 23]"
2A_isolation_hadronic_injection,4023,3669,Hqql_to_Tbl,Hqql_correct,label_Hqql,label_Tbl,label_Hqql,1,1,-0.08828163146972656,0.05923151969909668,0.14751315116882324,-2.28021502494812,-2.132701873779297,-2.28021502494812,electron,charged_hadron,240.93824768066406,241.11138916015625,"[84, 126, 11, 95, 53, 100, 16, 58]","[0, 30, 60, 90, 120, 1, 31, 61]","[84, 126, 11, 95, 53, 100, 16, 58]","[30, 90, 120, 121, 61, 91, 31, 1, 2, 122, 62, 32, 92, 42, 12]"
2C_neighbor_swap,4023,3669,Hqql_to_Tbl,Hqql_correct,label_Hqql,label_Tbl,label_Hqql,1,1,-0.08828163146972656,0.2914121747016907,0.37969380617141724,-1.390307903289795,-1.0106141567230225,-1.390307903289795,electron,charged_hadron,240.93824768066406,241.11138916015625,"[84, 126, 11, 95, 53, 100, 16, 58]","[30, 90, 120, 121, 61, 91, 31, 1]","[84, 126, 11, 95, 53, 100, 16, 58]","[30, 90, 120, 121, 61, 91, 31, 1, 2, 122, 62, 32, 92, 42, 12]"
random_same_count,4023,3669,Hqql_to_Tbl,Hqql_correct,label_Hqql,label_Tbl,label_Tbl,0,0,-0.08828163146972656,-0.11268651485443115,-0.02440488338470459,0.19541239738464355,0.17100751399993896,0.19541239738464355,electron,charged_hadron,240.93824768066406,241.11138916015625,"[60, 29, 37, 68, 12, 14, 57, 79]","[70, 72, 36, 104, 25, 67, 121, 119]","[84, 126, 11, 95, 53, 100, 16, 58]","[30, 90, 120, 121, 61, 91, 31, 1, 2, 122, 62, 32, 92, 42, 12]"
2A_isolation_hadronic_injection,4036,3320,Hqql_to_Tbl,Hqql_correct,label_Hqql,label_Tbl,label_Tbl,0,0,-2.9452199935913086,-2.178452491760254,0.7667675018310547,-6.107834815979004,-5.341067314147949,-6.107834815979004,electron,electron,109.93984985351562,109.86168670654297,"[29, 87, 116, 82, 53, 111, 24, 51]","[1, 28, 55, 82, 109, 2, 29, 56]","[29, 87, 116, 82, 53, 111, 24, 51]","[27, 81, 108, 112, 58, 85, 31, 4, 25, 52, 79, 106, 80, 53, 26]"
2C_neighbor_swap,4036,3320,Hqql_to_Tbl,Hqql_correct,label_Hqql,label_Tbl,label_Tbl,0,0,-2.9452199935913086,-0.5566813945770264,2.3885385990142822,-4.647805213928223,-2.2592666149139404,-4.647805213928223,electron,electron,109.93984985351562,109.86168670654297,"[29, 87, 116, 82, 53, 111, 24, 51]","[27, 81, 108, 112, 58, 85, 31, 4]","[29, 87, 116, 82, 53, 111, 24, 51]","[27, 81, 108, 112, 58, 85, 31, 4, 25, 52, 79, 106, 80, 53, 26]"
random_same_count,4036,3320,Hqql_to_Tbl,Hqql_correct,label_Hqql,label_Tbl,label_Hqql,1,1,-2.9452199935913086,0.669532299041748,3.6147522926330566,-1.4629813432693481,2.151771068572998,-1.4629813432693481,electron,electron,109.93984985351562,109.86168670654297,"[9, 82, 121, 51, 53, 103, 102, 58]","[15, 8, 73, 56, 98, 84, 67, 46]","[29, 87, 116, 82, 53, 111, 24, 51]","[27, 81, 108, 112, 58, 85, 31, 4, 25, 52, 79, 106, 80, 53, 26]"
2A_isolation_hadronic_injection,4086,3499,Hqql_to_Tbl,Hqql_correct,label_Hqql,label_Tbl,label_Hqql,1,1,-1.141782522201538,1.7536932229995728,2.895475745201111,-0.5758914947509766,2.319584369659424,-0.5758914947509766,electron,photon,128.75238037109375,128.88510131835938,"[104, 114, 10, 62, 75, 127, 23, 125]","[3, 42, 81, 120, 4, 43, 82, 121]","[104, 114, 10, 62, 75, 127, 23, 125]","[78, 117, 24, 102, 63, 111, 72, 33, 19, 58, 97, 120, 81, 3, 42]"
2C_neighbor_swap,4086,3499,Hqql_to_Tbl,Hqql_correct,label_Hqql,label_Tbl,label_Hqql,1,1,-1.141782522201538,1.8769909143447876,3.0187734365463257,-0.23900961875915527,2.779763698577881,-0.23900961875915527,electron,photon,128.75238037109375,128.88510131835938,"[104, 114, 10, 62, 75, 127, 23, 125]","[78, 117, 24, 102, 63, 111, 72, 33]","[104, 114, 10, 62, 75, 127, 23, 125]","[78, 117, 24, 102, 63, 111, 72, 33, 19, 58, 97, 120, 81, 3, 42]"
random_same_count,4086,3499,Hqql_to_Tbl,Hqql_correct,label_Hqql,label_Tbl,label_Hqql,1,1,-1.141782522201538,1.6260643005371094,2.7678468227386475,-0.7822389006614685,1.9856079816818237,-0.7822389006614685,electron,photon,128.75238037109375,128.88510131835938,"[20, 64, 18, 25, 119, 28, 126, 31]","[125, 5, 32, 117, 27, 10, 52, 119]","[104, 114, 10, 62, 75, 127, 23, 125]","[78, 117, 24, 102, 63, 111, 72, 33, 19, 58, 97, 120, 81, 3, 42]"
2B_lepton_core_swap,5120,3357,Tbl_correct,Hqql_correct,label_Tbl,label_Tbl,label_Tbl,0,0,-8.983308792114258,-1.0343530178070068,7.948955774307251,-4.543725490570068,3.4052305221557617,-4.543725490570068,muon,muon,186.00991821289062,186.15542602539062,[0],[0],"[34, 17, 85, 68, 102, 119, 29, 114]","[80, 120, 37, 117, 77, 125, 45, 5, 85, 22, 102, 62, 116, 76, 36]"
random_same_count,5120,3357,Tbl_correct,Hqql_correct,label_Tbl,label_Tbl,label_Tbl,0,0,-8.983308792114258,-3.37669038772583,5.606618404388428,-4.397902488708496,1.2087159156799316,-4.397902488708496,muon,muon,186.00991821289062,186.15542602539062,"[4, 2, 53, 84, 42, 71, 6, 119]","[121, 32, 94, 114, 113, 110, 56, 90]","[34, 17, 85, 68, 102, 119, 29, 114]","[80, 120, 37, 117, 77, 125, 45, 5, 85, 22, 102, 62, 116, 76, 36]"
2B_lepton_core_swap,5121,3856,Tbl_correct,Hqql_correct,label_Tbl,label_Tbl,label_Tbl,0,0,-11.742539405822754,-4.122514724731445,7.620024681091309,-2.4021737575531006,5.217851161956787,-2.4021737575531006,muon,electron,498.7115783691406,498.27227783203125,[0],[0],"[27, 81, 108, 127, 73, 100, 46, 19]","[72, 48, 60, 12, 24, 36, 96, 120, 108, 66, 54, 18, 42, 6, 30]"
random_same_count,5121,3856,Tbl_correct,Hqql_correct,label_Tbl,label_Tbl,label_Tbl,0,0,-11.742539405822754,-10.644776344299316,1.0977630615234375,2.6789441108703613,3.776707172393799,2.6789441108703613,muon,electron,498.7115783691406,498.27227783203125,"[38, 119, 24, 39, 15, 37, 86, 83]","[106, 42, 28, 66, 4, 96, 47, 101]","[27, 81, 108, 127, 73, 100, 46, 19]","[72, 48, 60, 12, 24, 36, 96, 120, 108, 66, 54, 18, 42, 6, 30]"
2B_lepton_core_swap,5122,3705,Tbl_correct,Hqql_correct,label_Tbl,label_Tbl,label_Hqql,1,1,-5.300224781036377,4.328583240509033,9.62880802154541,-2.1850905418395996,7.4437174797058105,-2.1850905418395996,muon,charged_hadron,123.67266082763672,123.76141357421875,[0],[0],"[38, 19, 95, 76, 114, 91, 34, 15]","[64, 96, 123, 91, 27, 59, 36, 4, 68, 100, 108, 76, 12, 44, 7]"
random_same_count,5122,3705,Tbl_correct,Hqql_correct,label_Tbl,label_Tbl,label_Tbl,0,0,-5.300224781036377,-1.7837400436401367,3.5164847373962402,2.238302707672119,5.754787445068359,2.238302707672119,muon,charged_hadron,123.67266082763672,123.76141357421875,"[20, 60, 29, 54, 66, 85, 118, 56]","[51, 72, 25, 50, 10, 126, 116, 64]","[38, 19, 95, 76, 114, 91, 34, 15]","[64, 96, 123, 91, 27, 59, 36, 4, 68, 100, 108, 76, 12, 44, 7]"
2B_lepton_core_swap,5123,3254,Tbl_correct,Hqql_correct,label_Tbl,label_Tbl,label_Tbl,0,0,-9.18960189819336,-7.295598983764648,1.894002914428711,-0.7491610050201416,1.1448416709899902,-0.7491610050201416,muon,electron,391.753173828125,391.14801025390625,[0],[0],"[30, 90, 120, 86, 56, 116, 26, 46]","[28, 84, 112, 120, 64, 92, 36, 8, 25, 53, 81, 109, 66, 38, 10]"
random_same_count,5123,3254,Tbl_correct,Hqql_correct,label_Tbl,label_Tbl,label_Tbl,0,0,-9.18960189819336,-1.2658389806747437,7.923762917518616,-3.6550447940826416,4.268718242645264,-3.6550447940826416,muon,electron,391.753173828125,391.14801025390625,"[112, 6, 37, 18, 61, 94, 93, 117]","[14, 17, 16, 59, 119, 111, 46, 71]","[30, 90, 120, 86, 56, 116, 26, 46]","[28, 84, 112, 120, 64, 92, 36, 8, 25, 53, 81, 109, 66, 38, 10]"
2B_lepton_core_swap,5124,3514,Tbl_correct,Hqql_correct,label_Tbl,label_Tbl,label_Tbqq,0,1,-6.756553649902344,-2.0018463134765625,4.754707336425781,-2.8757386207580566,1.8789687156677246,-2.8757386207580566,electron,neutral_hadron,107.00715637207031,107.03305053710938,[0],[0],"[84, 126, 9, 93, 51, 123, 39, 81]","[28, 84, 112, 78, 50, 106, 22, 48, 76, 20, 104, 94, 66, 10, 38]"
random_same_count,5124,3514,Tbl_correct,Hqql_correct,label_Tbl,label_Tbl,label_Tbl,0,0,-6.756553649902344,-2.3114209175109863,4.445132732391357,2.970959186553955,7.4160919189453125,2.970959186553955,electron,neutral_hadron,107.00715637207031,107.03305053710938,"[79, 3, 57, 67, 46, 37, 47, 28]","[50, 120, 7, 14, 66, 107, 114, 97]","[84, 126, 9, 93, 51, 123, 39, 81]","[28, 84, 112, 78, 50, 106, 22, 48, 76, 20, 104, 94, 66, 10, 38]"
2B_lepton_core_swap,5125,3398,Tbl_correct,Hqql_correct,label_Tbl,label_Tbl,label_Tbl,0,0,-10.661410331726074,-5.806547164916992,4.854863166809082,2.530374050140381,7.385237693786621,2.530374050140381,electron,muon,118.92376708984375,119.07487487792969,[0],[0],"[42, 21, 105, 84, 126, 99, 36, 15]","[28, 84, 112, 126, 70, 98, 42, 14, 19, 47, 75, 103, 80, 52, 24]"
random_same_count,5125,3398,Tbl_correct,Hqql_correct,label_Tbl,label_Tbl,label_Tbl,0,0,-10.661410331726074,-2.885129451751709,7.776280879974365,-0.32214653491973877,7.454134941101074,-0.32214653491973877,electron,muon,118.92376708984375,119.07487487792969,"[13, 76, 86, 42, 95, 11, 100, 27]","[123, 50, 24, 54, 17, 113, 61, 18]","[42, 21, 105, 84, 126, 99, 36, 15]","[28, 84, 112, 126, 70, 98, 42, 14, 19, 47, 75, 103, 80, 52, 24]"
2B_lepton_core_swap,5126,3532,Tbl_correct,Hqql_correct,label_Tbl,label_Tbl,label_Tbl,0,0,-3.500704288482666,-7.6365065574646,-4.135802268981934,2.930405855178833,-1.2053964138031006,2.930405855178833,neutral_hadron,muon,149.88633728027344,149.80752563476562,[0],[0],"[29, 87, 116, 76, 47, 105, 18, 33]","[29, 87, 116, 85, 56, 114, 27, 42, 71, 13, 100, 93, 64, 6, 35]"
random_same_count,5126,3532,Tbl_correct,Hqql_correct,label_Tbl,label_Tbl,label_Hqql,1,1,-3.500704288482666,1.9009931087493896,5.401697397232056,-1.866875410079956,3.5348219871520996,-1.866875410079956,neutral_hadron,muon,149.88633728027344,149.80752563476562,"[109, 111, 1, 21, 101, 102, 12, 43]","[5, 13, 19, 29, 59, 56, 120, 26]","[29, 87, 116, 76, 47, 105, 18, 33]","[29, 87, 116, 85, 56, 114, 27, 42, 71, 13, 100, 93, 64, 6, 35]"
2B_lepton_core_swap,5127,3504,Tbl_correct,Hqql_correct,label_Tbl,label_Tbl,label_Tbl,0,0,-16.900484085083008,-10.565912246704102,6.334571838378906,-1.0054945945739746,5.32907772064209,-1.0054945945739746,muon,electron,330.2943420410156,329.6542053222656,[0],[0],"[31, 93, 124, 50, 81, 112, 19, 92]","[30, 90, 120, 39, 69, 99, 9, 72, 12, 42, 102, 100, 70, 10, 40]"
random_same_count,5127,3504,Tbl_correct,Hqql_correct,label_Tbl,label_Tbl,label_Tbl,0,0,-16.900484085083008,-4.7154741287231445,12.185009956359863,0.23013544082641602,12.415145874023438,0.23013544082641602,muon,electron,330.2943420410156,329.6542053222656,"[85, 52, 8, 20, 15, 60, 90, 12]","[18, 86, 6, 46, 57, 123, 104, 105]","[31, 93, 124, 50, 81, 112, 19, 92]","[30, 90, 120, 39, 69, 99, 9, 72, 12, 42, 102, 100, 70, 10, 40]"
2B_lepton_core_swap,5128,3570,Tbl_correct,Hqql_correct,label_Tbl,label_Tbl,label_Hqql,1,1,-1.035767674446106,0.786461591720581,1.822229266166687,-1.755831241607666,0.066398024559021,-1.755831241607666,muon,muon,114.84968566894531,114.76188659667969,[0],[0],"[66, 99, 118, 85, 19, 52, 54, 21]","[42, 21, 105, 84, 126, 127, 22, 1, 85, 106, 43, 64, 60, 39, 18]"
random_same_count,5128,3570,Tbl_correct,Hqql_correct,label_Tbl,label_Tbl,label_Tbl,0,0,-1.035767674446106,-1.2349891662597656,-0.19922149181365967,-0.2781219482421875,-0.47734344005584717,-0.2781219482421875,muon,muon,114.84968566894531,114.76188659667969,"[27, 105, 31, 101, 56, 44, 86, 19]","[12, 87, 2, 38, 42, 86, 52, 45]","[66, 99, 118, 85, 19, 52, 54, 21]","[42, 21, 105, 84, 126, 127, 22, 1, 85, 106, 43, 64, 60, 39, 18]"
2B_lepton_core_swap,5129,3378,Tbl_correct,Hqql_correct,label_Tbl,label_Tbl,label_Wqq,0,1,-11.510932922363281,-0.8355522155761719,10.67538070678711,-15.464713096618652,-4.789332389831543,-15.464713096618652,electron,charged_hadron,267.3357238769531,267.37298583984375,[0],[0],"[40, 20, 100, 80, 120, 94, 34, 14]","[34, 17, 85, 68, 102, 119, 120, 103, 69, 86, 18, 1, 35, 52, 3]"
random_same_count,5129,3378,Tbl_correct,Hqql_correct,label_Tbl,label_Tbl,label_Tbl,0,0,-11.510932922363281,-3.395097255706787,8.115835666656494,0.395504355430603,8.511340141296387,0.395504355430603,electron,charged_hadron,267.3357238769531,267.37298583984375,"[101, 30, 105, 8, 71, 9, 15, 119]","[32, 37, 31, 17, 72, 102, 1, 101]","[40, 20, 100, 80, 120, 94, 34, 14]","[34, 17, 85, 68, 102, 119, 120, 103, 69, 86, 18, 1, 35, 52, 3]"
2B_lepton_core_swap,5130,3341,Tbl_correct,Hqql_correct,label_Tbl,label_Tbl,label_Tbl,0,0,-2.8668458461761475,-0.2442302703857422,2.6226155757904053,-11.338652610778809,-8.71603775024414,-11.338652610778809,muon,muon,222.58627319335938,222.58111572265625,[0],[0],"[72, 108, 127, 91, 19, 55, 51, 15]","[48, 24, 120, 96, 44, 116, 68, 20, 92, 126, 102, 30, 78, 6, 54]"
random_same_count,5130,3341,Tbl_correct,Hqql_correct,label_Tbl,label_Tbl,label_Tbl,0,0,-2.8668458461761475,-5.703233242034912,-2.8363873958587646,-0.8099164962768555,-3.64630389213562,-0.8099164962768555,muon,muon,222.58627319335938,222.58111572265625,"[114, 78, 115, 99, 83, 111, 113, 110]","[70, 34, 118, 54, 125, 127, 72, 48]","[72, 108, 127, 91, 19, 55, 51, 15]","[48, 24, 120, 96, 44, 116, 68, 20, 92, 126, 102, 30, 78, 6, 54]"
2B_lepton_core_swap,5131,3890,Tbl_correct,Hqql_correct,label_Tbl,label_Tbl,label_Tbl,0,0,-8.868168830871582,-6.916585922241211,1.951582908630371,-0.9043178558349609,1.0472650527954102,-0.9043178558349609,muon,muon,564.8671875,564.2163696289062,[0],[0],"[30, 90, 120, 89, 59, 119, 29, 58]","[40, 20, 100, 80, 120, 95, 35, 15, 55, 115, 75, 76, 56, 16, 36]"
random_same_count,5131,3890,Tbl_correct,Hqql_correct,label_Tbl,label_Tbl,label_Tbl,0,0,-8.868168830871582,-1.7617082595825195,7.1064605712890625,-1.8171133995056152,5.289347171783447,-1.8171133995056152,muon,muon,564.8671875,564.2163696289062,"[48, 81, 17, 109, 54, 113, 5, 78]","[38, 45, 41, 89, 108, 1, 103, 65]","[30, 90, 120, 89, 59, 119, 29, 58]","[40, 20, 100, 80, 120, 95, 35, 15, 55, 115, 75, 76, 56, 16, 36]"
2B_lepton_core_swap,5132,3761,Tbl_correct,Hqql_correct,label_Tbl,label_Tbl,label_Tbqq,0,1,-2.503222703933716,1.746530532836914,4.24975323677063,-10.959904670715332,-6.710151672363281,-10.959904670715332,muon,charged_hadron,252.05963134765625,251.78652954101562,[0],[0],"[76, 74, 70, 63, 53, 67, 100, 24]","[50, 25, 125, 100, 101, 126, 26, 1, 51, 76, 107, 7, 57, 82, 32]"
random_same_count,5132,3761,Tbl_correct,Hqql_correct,label_Tbl,label_Tbl,label_Tbl,0,0,-2.503222703933716,-2.582437515258789,-0.07921481132507324,1.4427213668823242,1.3635063171386719,1.4427213668823242,muon,charged_hadron,252.05963134765625,251.78652954101562,"[98, 1, 83, 38, 11, 49, 93, 24]","[79, 42, 57, 111, 14, 94, 77, 123]","[76, 74, 70, 63, 53, 67, 100, 24]","[50, 25, 125, 100, 101, 126, 26, 1, 51, 76, 107, 7, 57, 82, 32]"
2B_lepton_core_swap,5133,3357,Tbl_correct,Hqql_correct,label_Tbl,label_Tbl,label_Tbl,0,0,-1.4995388984680176,-5.912936210632324,-4.413397312164307,-2.411327362060547,-6.824725151062012,-2.411327362060547,electron,muon,186.51634216308594,186.15542602539062,[0],[0],"[44, 22, 110, 88, 97, 119, 31, 9]","[80, 120, 37, 117, 77, 125, 45, 5, 85, 22, 102, 62, 116, 76, 36]"
random_same_count,5133,3357,Tbl_correct,Hqql_correct,label_Tbl,label_Tbl,label_Hqql,1,1,-1.4995388984680176,0.43684208393096924,1.9363809823989868,-1.410179615020752,0.5262013673782349,-1.410179615020752,electron,muon,186.51634216308594,186.15542602539062,"[96, 69, 26, 52, 82, 87, 10, 25]","[27, 93, 46, 55, 100, 62, 37, 84]","[44, 22, 110, 88, 97, 119, 31, 9]","[80, 120, 37, 117, 77, 125, 45, 5, 85, 22, 102, 62, 116, 76, 36]"
2B_lepton_core_swap,5134,3839,Tbl_correct,Hqql_correct,label_Tbl,label_Tbl,label_Tbl,0,0,-12.562664985656738,-7.777973175048828,4.78469181060791,-1.323254108428955,3.461437940597534,-1.323254108428955,muon,muon,482.8270568847656,480.975830078125,[0],[0],"[72, 24, 96, 120, 104, 80, 32, 8]","[68, 102, 111, 77, 9, 43, 36, 2, 70, 104, 103, 69, 1, 35, 3]"
random_same_count,5134,3839,Tbl_correct,Hqql_correct,label_Tbl,label_Tbl,label_Tbl,0,0,-12.562664985656738,-5.709650039672852,6.853014945983887,-3.2658369541168213,3.5871777534484863,-3.2658369541168213,muon,muon,482.8270568847656,480.975830078125,"[114, 71, 126, 70, 21, 50, 4, 34]","[94, 4, 98, 117, 116, 81, 87, 21]","[72, 24, 96, 120, 104, 80, 32, 8]","[68, 102, 111, 77, 9, 43, 36, 2, 70, 104, 103, 69, 1, 35, 3]"
2B_lepton_core_swap,5135,3763,Tbl_correct,Hqql_correct,label_Tbl,label_Tbl,label_Hqql,1,1,-1.0757848024368286,0.7070748805999756,1.7828596830368042,-1.1806747913360596,0.6021848917007446,-1.1806747913360596,neutral_hadron,photon,267.8205261230469,267.7899475097656,[0],[0],"[46, 23, 115, 92, 104, 127, 35, 12]","[90, 60, 75, 15, 30, 45, 120, 116, 11, 41, 86, 56, 101, 26, 71]"
random_same_count,5135,3763,Tbl_correct,Hqql_correct,label_Tbl,label_Tbl,label_Hqql,1,1,-1.0757848024368286,2.5830187797546387,3.6588035821914673,-2.7803955078125,0.8784083127975464,-2.7803955078125,neutral_hadron,photon,267.8205261230469,267.7899475097656,"[100, 25, 47, 24, 13, 18, 92, 78]","[13, 35, 16, 115, 118, 10, 47, 8]","[46, 23, 115, 92, 104, 127, 35, 12]","[90, 60, 75, 15, 30, 45, 120, 116, 11, 41, 86, 56, 101, 26, 71]"
2B_lepton_core_swap,5136,3202,Tbl_correct,Hqql_correct,label_Tbl,label_Tbl,label_Tbl,0,0,-6.1433892250061035,-5.788675785064697,0.35471343994140625,0.36873874068260193,0.723452091217041,0.36873874068260193,electron,electron,238.28724670410156,238.3976287841797,[0],[0],"[86, 110, 24, 67, 112, 69, 26, 47]","[76, 114, 17, 93, 55, 119, 43, 5, 81, 11, 87, 125, 49, 59, 21]"
random_same_count,5136,3202,Tbl_correct,Hqql_correct,label_Tbl,label_Tbl,label_Tbl,0,0,-6.1433892250061035,-4.831611633300781,1.3117775917053223,0.9541884660720825,2.2659659385681152,0.9541884660720825,electron,electron,238.28724670410156,238.3976287841797,"[118, 33, 47, 17, 53, 12, 80, 34]","[67, 102, 71, 111, 16, 86, 69, 125]","[86, 110, 24, 67, 112, 69, 26, 47]","[76, 114, 17, 93, 55, 119, 43, 5, 81, 11, 87, 125, 49, 59, 21]"
2B_lepton_core_swap,5137,4090,Tbl_correct,Hqql_correct,label_Tbl,label_Tbl,label_Tbl,0,0,-15.608515739440918,-6.713409900665283,8.895105838775635,2.4305334091186523,11.325639724731445,2.4305334091186523,muon,muon,332.51971435546875,332.61114501953125,[0],[0],"[40, 20, 100, 80, 120, 91, 31, 11]","[42, 21, 105, 84, 126, 97, 34, 13, 55, 118, 76, 80, 59, 17, 38]"
random_same_count,5137,4090,Tbl_correct,Hqql_correct,label_Tbl,label_Tbl,label_Tbl,0,0,-15.608515739440918,-7.77031135559082,7.838204383850098,0.6192812919616699,8.457486152648926,0.6192812919616699,muon,muon,332.51971435546875,332.61114501953125,"[118, 43, 37, 103, 82, 111, 98, 126]","[85, 40, 57, 123, 31, 1, 12, 108]","[40, 20, 100, 80, 120, 91, 31, 11]","[42, 21, 105, 84, 126, 97, 34, 13, 55, 118, 76, 80, 59, 17, 38]"
2B_lepton_core_swap,5138,3995,Tbl_correct,Hqql_correct,label_Tbl,label_Tbl,label_Tbl,0,0,-1.0135868787765503,-1.2117360830307007,-0.1981492042541504,0.03470730781555176,-0.16344189643859863,0.03470730781555176,charged_hadron,neutral_hadron,133.3770751953125,133.3769989013672,[0],[0],"[84, 56, 70, 14, 28, 42, 112, 126]","[27, 81, 108, 119, 65, 92, 11, 38, 29, 110, 83, 2, 56, 48, 21]"
random_same_count,5138,3995,Tbl_correct,Hqql_correct,label_Tbl,label_Tbl,label_Tbl,0,0,-1.0135868787765503,-0.43243682384490967,0.5811500549316406,-0.9055347442626953,-0.3243846893310547,-0.9055347442626953,charged_hadron,neutral_hadron,133.3770751953125,133.3769989013672,"[15, 80, 13, 120, 99, 57, 108, 50]","[105, 119, 114, 115, 46, 121, 87, 24]","[84, 56, 70, 14, 28, 42, 112, 126]","[27, 81, 108, 119, 65, 92, 11, 38, 29, 110, 83, 2, 56, 48, 21]"
2B_lepton_core_swap,5139,3137,Tbl_correct,Hqql_correct,label_Tbl,label_Tbl,label_Tbl,0,0,-7.098167419433594,-8.08340835571289,-0.9852409362792969,2.592353343963623,1.6071122884750366,2.592353343963623,neutral_hadron,electron,215.2129364013672,215.06942749023438,[0],[0],"[44, 22, 110, 88, 94, 116, 28, 6]","[84, 56, 70, 14, 28, 42, 112, 126, 85, 29, 57, 71, 15, 1, 43]"
random_same_count,5139,3137,Tbl_correct,Hqql_correct,label_Tbl,label_Tbl,label_Hqql,1,1,-7.098167419433594,1.245363473892212,8.343530893325806,-7.28251838684082,1.0610125064849854,-7.28251838684082,neutral_hadron,electron,215.2129364013672,215.06942749023438,"[105, 116, 17, 50, 1, 54, 27, 31]","[118, 1, 104, 54, 17, 103, 109, 11]","[44, 22, 110, 88, 94, 116, 28, 6]","[84, 56, 70, 14, 28, 42, 112, 126, 85, 29, 57, 71, 15, 1, 43]"
2B_lepton_core_swap,5140,3830,Tbl_correct,Hqql_correct,label_Tbl,label_Tbl,label_Tbl,0,0,-9.081432342529297,-4.210779666900635,4.870652675628662,-0.13309955596923828,4.737552642822266,-0.13309955596923828,electron,muon,329.0126953125,329.0166931152344,[0],[0],"[80, 120, 38, 118, 78, 91, 11, 51]","[90, 60, 75, 15, 30, 45, 120, 116, 11, 41, 86, 56, 101, 26, 71]"
random_same_count,5140,3830,Tbl_correct,Hqql_correct,label_Tbl,label_Tbl,label_Tbl,0,0,-9.081432342529297,-0.7949587106704712,8.286473631858826,-0.1938788890838623,8.092594146728516,-0.1938788890838623,electron,muon,329.0126953125,329.0166931152344,"[23, 69, 35, 54, 22, 100, 114, 50]","[106, 40, 9, 112, 4, 16, 102, 73]","[80, 120, 38, 118, 78, 91, 11, 51]","[90, 60, 75, 15, 30, 45, 120, 116, 11, 41, 86, 56, 101, 26, 71]"
2B_lepton_core_swap,5141,3917,Tbl_correct,Hqql_correct,label_Tbl,label_Tbl,label_Tbl,0,0,-10.65337085723877,-5.005641937255859,5.64772891998291,-2.010645866394043,3.637083053588867,-2.010645866394043,electron,electron,133.78932189941406,133.53163146972656,[0],[0],"[76, 114, 19, 95, 57, 120, 44, 6]","[29, 87, 116, 75, 46, 104, 17, 41, 70, 12, 99, 103, 74, 16, 45]"
random_same_count,5141,3917,Tbl_correct,Hqql_correct,label_Tbl,label_Tbl,label_Tbl,0,0,-10.65337085723877,-8.368967056274414,2.2844038009643555,-1.0200610160827637,1.2643427848815918,-1.0200610160827637,electron,electron,133.78932189941406,133.53163146972656,"[51, 35, 73, 7, 82, 87, 70, 92]","[25, 113, 40, 77, 71, 101, 85, 44]","[76, 114, 19, 95, 57, 120, 44, 6]","[29, 87, 116, 75, 46, 104, 17, 41, 70, 12, 99, 103, 74, 16, 45]"
2B_lepton_core_swap,5142,3932,Tbl_correct,Hqql_correct,label_Tbl,label_Tbl,label_Tbl,0,0,-9.382007598876953,-5.61044979095459,3.7715578079223633,-0.8995261192321777,2.872032403945923,-0.8995261192321777,muon,muon,278.8143310546875,278.4527282714844,[0],[0],"[64, 96, 111, 79, 15, 47, 48, 16]","[32, 16, 80, 64, 96, 112, 123, 107, 75, 91, 27, 11, 43, 59, 7]"
random_same_count,5142,3932,Tbl_correct,Hqql_correct,label_Tbl,label_Tbl,label_Tbl,0,0,-9.382007598876953,-7.289178848266602,2.0928287506103516,-1.1398468017578125,0.9529821872711182,-1.1398468017578125,muon,muon,278.8143310546875,278.4527282714844,"[3, 86, 19, 40, 37, 113, 124, 26]","[55, 28, 64, 6, 9, 111, 103, 125]","[64, 96, 111, 79, 15, 47, 48, 16]","[32, 16, 80, 64, 96, 112, 123, 107, 75, 91, 27, 11, 43, 59, 7]"
2B_lepton_core_swap,5143,3838,Tbl_correct,Hqql_correct,label_Tbl,label_Tbl,label_Tbl,0,0,-9.377157211303711,-5.777565002441406,3.5995922088623047,1.1724543571472168,4.77204704284668,1.1724543571472168,neutral_hadron,photon,159.96481323242188,160.03907775878906,[0],[0],"[38, 19, 95, 76, 114, 127, 32, 13]","[48, 24, 120, 96, 97, 121, 25, 1, 49, 73, 106, 10, 58, 82, 34]"
random_same_count,5143,3838,Tbl_correct,Hqql_correct,label_Tbl,label_Tbl,label_Tbl,0,0,-9.377157211303711,-7.322057247161865,2.0550999641418457,-0.2133493423461914,1.8417510986328125,-0.2133493423461914,neutral_hadron,photon,159.96481323242188,160.03907775878906,"[20, 22, 86, 7, 71, 29, 115, 107]","[9, 58, 75, 124, 25, 52, 73, 92]","[38, 19, 95, 76, 114, 127, 32, 13]","[48, 24, 120, 96, 97, 121, 25, 1, 49, 73, 106, 10, 58, 82, 34]"
2B_lepton_core_swap,5144,3954,Tbl_correct,Hqql_correct,label_Tbl,label_Tbl,label_Tbl,0,0,-4.865649700164795,-6.154580116271973,-1.2889304161071777,4.078901290893555,2.789970874786377,4.078901290893555,neutral_hadron,muon,149.13922119140625,149.42950439453125,[0],[0],"[28, 84, 112, 115, 59, 87, 31, 3]","[29, 87, 116, 78, 49, 107, 20, 47, 76, 18, 105, 103, 74, 16, 45]"
random_same_count,5144,3954,Tbl_correct,Hqql_correct,label_Tbl,label_Tbl,label_Hqql,1,1,-4.865649700164795,0.12726044654846191,4.992910146713257,-1.1355540752410889,3.857356071472168,-1.1355540752410889,neutral_hadron,muon,149.13922119140625,149.42950439453125,"[105, 111, 56, 92, 69, 121, 47, 10]","[121, 107, 111, 28, 12, 57, 6, 69]","[28, 84, 112, 115, 59, 87, 31, 3]","[29, 87, 116, 78, 49, 107, 20, 47, 76, 18, 105, 103, 74, 16, 45]"
2B_lepton_core_swap,5145,3828,Tbl_correct,Hqql_correct,label_Tbl,label_Tbl,label_Tbl,0,0,-3.8701202869415283,-1.0901061296463013,2.780014157295227,-5.259647846221924,-2.4796338081359863,-5.259647846221924,muon,muon,205.1035614013672,205.08779907226562,[0],[0],"[32, 16, 80, 64, 96, 112, 121, 105]","[74, 111, 122, 85, 11, 48, 72, 35, 109, 9, 83, 120, 46, 39, 2]"
random_same_count,5145,3828,Tbl_correct,Hqql_correct,label_Tbl,label_Tbl,label_Tbl,0,0,-3.8701202869415283,-3.174121379852295,0.6959989070892334,0.0999150276184082,0.7959140539169312,0.0999150276184082,muon,muon,205.1035614013672,205.08779907226562,"[119, 40, 90, 4, 27, 87, 5, 20]","[110, 83, 68, 13, 126, 92, 7, 108]","[32, 16, 80, 64, 96, 112, 121, 105]","[74, 111, 122, 85, 11, 48, 72, 35, 109, 9, 83, 120, 46, 39, 2]"
2B_lepton_core_swap,5146,3742,Tbl_correct,Hqql_correct,label_Tbl,label_Tbl,label_QCD,0,1,-3.0963149070739746,-2.6665592193603516,0.42975568771362305,-3.659140110015869,-3.229384422302246,-3.659140110015869,muon,photon,160.51051330566406,160.55685424804688,[0],[0],"[68, 102, 115, 81, 13, 47, 41, 7]","[64, 96, 98, 66, 2, 34, 36, 4, 68, 100, 99, 67, 3, 35, 8]"
random_same_count,5146,3742,Tbl_correct,Hqql_correct,label_Tbl,label_Tbl,label_Tbl,0,0,-3.0963149070739746,-3.110452175140381,-0.01413726806640625,-1.0767598152160645,-1.0908973217010498,-1.0767598152160645,muon,photon,160.51051330566406,160.55685424804688,"[53, 103, 94, 114, 61, 79, 50, 43]","[85, 24, 83, 52, 125, 55, 88, 14]","[68, 102, 115, 81, 13, 47, 41, 7]","[64, 96, 98, 66, 2, 34, 36, 4, 68, 100, 99, 67, 3, 35, 8]"
2B_lepton_core_swap,5147,3431,Tbl_correct,Hqql_correct,label_Tbl,label_Tbl,label_QCD,0,1,-12.532937049865723,-0.34907054901123047,12.183866500854492,-8.952118873596191,3.231747627258301,-8.952118873596191,muon,charged_hadron,138.9788360595703,138.88925170898438,[0],[0],"[72, 108, 34, 106, 70, 102, 30, 66]","[66, 99, 100, 67, 1, 34, 37, 4, 70, 103, 104, 71, 5, 38, 9]"
random_same_count,5147,3431,Tbl_correct,Hqql_correct,label_Tbl,label_Tbl,label_Tbl,0,0,-12.532937049865723,-0.5029675960540771,12.029969453811646,0.21144437789916992,12.241414070129395,0.21144437789916992,muon,charged_hadron,138.9788360595703,138.88925170898438,"[12, 6, 28, 20, 85, 103, 83, 18]","[101, 91, 85, 75, 39, 47, 66, 54]","[72, 108, 34, 106, 70, 102, 30, 66]","[66, 99, 100, 67, 1, 34, 37, 4, 70, 103, 104, 71, 5, 38, 9]"
2B_lepton_core_swap,5148,3904,Tbl_correct,Hqql_correct,label_Tbl,label_Tbl,label_Tbl,0,0,-10.881689071655273,-7.1080121994018555,3.773676872253418,-8.15351676940918,-4.3798394203186035,-8.15351676940918,muon,electron,124.95929718017578,125.15853118896484,[0],[0],"[75, 25, 100, 125, 115, 90, 65, 15]","[72, 108, 112, 76, 4, 40, 41, 5, 77, 113, 115, 79, 7, 43, 10]"
random_same_count,5148,3904,Tbl_correct,Hqql_correct,label_Tbl,label_Tbl,label_Tbl,0,0,-10.881689071655273,-0.9245232343673706,9.957165837287903,-3.5062899589538574,6.450876235961914,-3.5062899589538574,muon,electron,124.95929718017578,125.15853118896484,"[91, 34, 37, 53, 109, 24, 69, 68]","[109, 85, 119, 71, 12, 127, 110, 1]","[75, 25, 100, 125, 115, 90, 65, 15]","[72, 108, 112, 76, 4, 40, 41, 5, 77, 113, 115, 79, 7, 43, 10]"
2B_lepton_core_swap,5149,3073,Tbl_correct,Hqql_correct,label_Tbl,label_Tbl,label_Tbl,0,0,-23.734636306762695,-18.074111938476562,5.660524368286133,7.786369800567627,13.446892738342285,7.786369800567627,charged_hadron,electron,186.97219848632812,186.88282775878906,[0],[0],"[32, 16, 80, 64, 96, 112, 117, 101]","[66, 99, 104, 71, 5, 38, 43, 10, 76, 109, 101, 68, 2, 35, 12]"
random_same_count,5149,3073,Tbl_correct,Hqql_correct,label_Tbl,label_Tbl,label_Tbl,0,0,-23.734636306762695,-16.55502700805664,7.179609298706055,0.11735391616821289,7.296962738037109,0.11735391616821289,charged_hadron,electron,186.97219848632812,186.88282775878906,"[114, 75, 78, 91, 19, 67, 98, 77]","[121, 85, 77, 13, 59, 117, 84, 32]","[32, 16, 80, 64, 96, 112, 117, 101]","[66, 99, 104, 71, 5, 38, 43, 10, 76, 109, 101, 68, 2, 35, 12]"
2B_lepton_core_swap,5150,3494,Tbl_correct,Hqql_correct,label_Tbl,label_Tbl,label_QCD,0,1,-3.3299639225006104,-0.9618377685546875,2.368126153945923,-13.555278778076172,-11.187151908874512,-13.555278778076172,muon,neutral_hadron,254.29237365722656,255.6103515625,[0],[0],"[66, 99, 122, 89, 23, 56, 45, 12]","[28, 84, 112, 116, 60, 88, 32, 4, 6, 118, 62, 34, 90, 29, 1]"
random_same_count,5150,3494,Tbl_correct,Hqql_correct,label_Tbl,label_Tbl,label_Tbl,0,0,-3.3299639225006104,-2.2341861724853516,1.0957777500152588,-0.41605472564697266,0.6797231435775757,-0.41605472564697266,muon,neutral_hadron,254.29237365722656,255.6103515625,"[81, 103, 106, 71, 62, 4, 48, 38]","[104, 97, 60, 48, 83, 95, 37, 107]","[66, 99, 122, 89, 23, 56, 45, 12]","[28, 84, 112, 116, 60, 88, 32, 4, 6, 118, 62, 34, 90, 29, 1]"
2B_lepton_core_swap,5151,3295,Tbl_correct,Hqql_correct,label_Tbl,label_Tbl,label_Hqql,1,1,-1.4545332193374634,0.28501665592193604,1.7395498752593994,-2.643360137939453,-0.9038102626800537,-2.643360137939453,muon,electron,148.91407775878906,148.686279296875,[0],[0],"[98, 83, 34, 103, 5, 54, 41, 90]","[64, 96, 98, 66, 2, 34, 42, 10, 74, 106, 121, 89, 25, 57, 23]"
random_same_count,5151,3295,Tbl_correct,Hqql_correct,label_Tbl,label_Tbl,label_Tbl,0,0,-1.4545332193374634,-1.5236570835113525,-0.06912386417388916,0.24887585639953613,0.17975199222564697,0.24887585639953613,muon,electron,148.91407775878906,148.686279296875,"[69, 98, 73, 76, 84, 101, 125, 44]","[26, 22, 6, 48, 7, 75, 13, 63]","[98, 83, 34, 103, 5, 54, 41, 90]","[64, 96, 98, 66, 2, 34, 42, 10, 74, 106, 121, 89, 25, 57, 23]"
2B_lepton_core_swap,5152,3796,Tbl_correct,Hqql_correct,label_Tbl,label_Tbl,label_Tbl,0,0,-5.225506782531738,-4.221255779266357,1.0042510032653809,2.277585983276367,3.281837224960327,2.277585983276367,photon,muon,287.2595520019531,287.445068359375,[0],[0],"[36, 18, 90, 72, 108, 126, 24, 114]","[36, 18, 90, 72, 108, 126, 35, 125, 89, 107, 53, 17, 71, 24, 6]"
random_same_count,5152,3796,Tbl_correct,Hqql_correct,label_Tbl,label_Tbl,label_Tbl,0,0,-5.225506782531738,-7.86438512802124,-2.638878345489502,1.6718273162841797,-0.9670507311820984,1.6718273162841797,photon,muon,287.2595520019531,287.445068359375,"[103, 48, 97, 54, 85, 23, 116, 14]","[126, 85, 80, 10, 30, 74, 50, 125]","[36, 18, 90, 72, 108, 126, 24, 114]","[36, 18, 90, 72, 108, 126, 35, 125, 89, 107, 53, 17, 71, 24, 6]"
2B_lepton_core_swap,5153,3420,Tbl_correct,Hqql_correct,label_Tbl,label_Tbl,label_Tbl,0,0,-18.869516372680664,-8.337209701538086,10.532306671142578,0.4554266929626465,10.987732887268066,0.4554266929626465,electron,electron,344.981689453125,345.0916442871094,[0],[0],"[44, 22, 110, 88, 105, 127, 39, 17]","[38, 19, 95, 76, 114, 90, 33, 14, 52, 109, 71, 58, 39, 1, 20]"
random_same_count,5153,3420,Tbl_correct,Hqql_correct,label_Tbl,label_Tbl,label_Tbl,0,0,-18.869516372680664,-8.196737289428711,10.672779083251953,-1.358077049255371,9.314701080322266,-1.358077049255371,electron,electron,344.981689453125,345.0916442871094,"[18, 65, 87, 92, 13, 98, 120, 63]","[120, 68, 97, 30, 113, 81, 102, 64]","[44, 22, 110, 88, 105, 127, 39, 17]","[38, 19, 95, 76, 114, 90, 33, 14, 52, 109, 71, 58, 39, 1, 20]"
2B_lepton_core_swap,5154,3852,Tbl_correct,Hqql_correct,label_Tbl,label_Tbl,label_Tbl,0,0,-6.638472080230713,-7.518184661865234,-0.8797125816345215,-6.2957305908203125,-7.175443172454834,-6.2957305908203125,muon,muon,107.3781509399414,107.49530029296875,[0],[0],"[44, 22, 110, 88, 104, 126, 38, 16]","[92, 122, 30, 76, 119, 73, 27, 88, 42, 24, 116, 70, 107, 61, 15]"
random_same_count,5154,3852,Tbl_correct,Hqql_correct,label_Tbl,label_Tbl,label_Tbl,0,0,-6.638472080230713,-3.639967679977417,2.998504400253296,-0.8811330795288086,2.1173713207244873,-0.8811330795288086,muon,muon,107.3781509399414,107.49530029296875,"[43, 41, 121, 78, 81, 109, 54, 101]","[116, 115, 98, 84, 125, 35, 44, 87]","[44, 22, 110, 88, 104, 126, 38, 16]","[92, 122, 30, 76, 119, 73, 27, 88, 42, 24, 116, 70, 107, 61, 15]"
2B_lepton_core_swap,5155,3154,Tbl_correct,Hqql_correct,label_Tbl,label_Tbl,label_Tbl,0,0,-10.9373779296875,-8.761869430541992,2.175508499145508,-0.18011808395385742,1.9953904151916504,-0.18011808395385742,muon,electron,519.654052734375,517.882080078125,[0],[0],"[36, 18, 90, 72, 108, 126, 35, 125]","[54, 36, 45, 9, 18, 27, 99, 90, 72, 81, 117, 108, 126, 16, 7]"
random_same_count,5155,3154,Tbl_correct,Hqql_correct,label_Tbl,label_Tbl,label_Tbl,0,0,-10.9373779296875,-6.907830715179443,4.029547214508057,-0.18508291244506836,3.8444643020629883,-0.18508291244506836,muon,electron,519.654052734375,517.882080078125,"[62, 23, 31, 14, 94, 92, 108, 7]","[89, 67, 92, 100, 19, 48, 120, 6]","[36, 18, 90, 72, 108, 126, 35, 125]","[54, 36, 45, 9, 18, 27, 99, 90, 72, 81, 117, 108, 126, 16, 7]"
2B_lepton_core_swap,5156,3101,Tbl_correct,Hqql_correct,label_Tbl,label_Tbl,label_Tbl,0,0,-19.41997718811035,-2.3294410705566406,17.09053611755371,0.9024920463562012,17.993026733398438,0.9024920463562012,electron,electron,424.41094970703125,423.7214660644531,[0],[0],"[69, 23, 92, 115, 112, 89, 43, 20]","[42, 21, 105, 84, 126, 91, 28, 7, 49, 112, 70, 71, 50, 8, 29]"
random_same_count,5156,3101,Tbl_correct,Hqql_correct,label_Tbl,label_Tbl,label_Tbl,0,0,-19.41997718811035,-13.114564895629883,6.305412292480469,-0.4758223295211792,5.829588890075684,-0.4758223295211792,electron,electron,424.41094970703125,423.7214660644531,"[18, 19, 104, 84, 22, 88, 52, 96]","[104, 23, 99, 72, 113, 32, 66, 122]","[69, 23, 92, 115, 112, 89, 43, 20]","[42, 21, 105, 84, 126, 91, 28, 7, 49, 112, 70, 71, 50, 8, 29]"
2B_lepton_core_swap,5157,3492,Tbl_correct,Hqql_correct,label_Tbl,label_Tbl,label_Tbl,0,0,-8.097301483154297,-6.146156311035156,1.9511451721191406,3.17781400680542,5.128959655761719,3.17781400680542,neutral_hadron,electron,280.460693359375,280.7647399902344,[0],[0],"[46, 23, 115, 92, 101, 124, 32, 9]","[27, 81, 108, 117, 63, 90, 36, 9, 21, 48, 75, 102, 59, 32, 5]"
random_same_count,5157,3492,Tbl_correct,Hqql_correct,label_Tbl,label_Tbl,label_Tbl,0,0,-8.097301483154297,-1.7193386554718018,6.377962827682495,-1.3935306072235107,4.984432697296143,-1.3935306072235107,neutral_hadron,electron,280.460693359375,280.7647399902344,"[84, 24, 99, 126, 63, 65, 86, 1]","[61, 20, 36, 45, 127, 87, 65, 82]","[46, 23, 115, 92, 101, 124, 32, 9]","[27, 81, 108, 117, 63, 90, 36, 9, 21, 48, 75, 102, 59, 32, 5]"
2B_lepton_core_swap,5158,3561,Tbl_correct,Hqql_correct,label_Tbl,label_Tbl,label_Tbl,0,0,-6.045838356018066,-10.560294151306152,-4.514455795288086,4.174485683441162,-0.33997011184692383,4.174485683441162,photon,muon,123.2516860961914,123.10771179199219,[0],[0],"[27, 81, 108, 113, 59, 86, 5, 32]","[28, 84, 112, 79, 51, 107, 23, 40, 124, 12, 68, 96, 59, 31, 3]"
random_same_count,5158,3561,Tbl_correct,Hqql_correct,label_Tbl,label_Tbl,label_Tbl,0,0,-6.045838356018066,-4.727593421936035,1.3182449340820312,0.9111778736114502,2.2294228076934814,0.9111778736114502,photon,muon,123.2516860961914,123.10771179199219,"[57, 29, 9, 55, 96, 109, 113, 61]","[51, 41, 7, 82, 55, 111, 54, 90]","[27, 81, 108, 113, 59, 86, 5, 32]","[28, 84, 112, 79, 51, 107, 23, 40, 124, 12, 68, 96, 59, 31, 3]"
2B_lepton_core_swap,5159,4034,Tbl_correct,Hqql_correct,label_Tbl,label_Tbl,label_Hqql,1,1,-6.782695293426514,1.0376852750778198,7.8203805685043335,-4.001348972320557,3.8190317153930664,-4.001348972320557,muon,muon,282.969482421875,282.6430969238281,[0],[0],"[26, 78, 104, 122, 70, 96, 18, 44]","[64, 96, 100, 68, 4, 36, 34, 2, 66, 98, 103, 71, 7, 39, 5]"
random_same_count,5159,4034,Tbl_correct,Hqql_correct,label_Tbl,label_Tbl,label_Tbl,0,0,-6.782695293426514,-3.978025197982788,2.8046700954437256,-0.5524454116821289,2.2522246837615967,-0.5524454116821289,muon,muon,282.969482421875,282.6430969238281,"[12, 126, 42, 57, 60, 2, 15, 5]","[92, 125, 46, 47, 42, 100, 31, 90]","[26, 78, 104, 122, 70, 96, 18, 44]","[64, 96, 100, 68, 4, 36, 34, 2, 66, 98, 103, 71, 7, 39, 5]"
2B_lepton_core_swap,5160,3570,Tbl_correct,Hqql_correct,label_Tbl,label_Tbl,label_Tbl,0,0,-5.437994956970215,-6.276863098144531,-0.8388681411743164,-5.593875408172607,-6.432743549346924,-5.593875408172607,muon,muon,114.50515747070312,114.76188659667969,[0],[0],"[26, 78, 104, 123, 71, 97, 19, 45]","[42, 21, 105, 84, 126, 127, 22, 1, 85, 106, 43, 64, 60, 39, 18]"
random_same_count,5160,3570,Tbl_correct,Hqql_correct,label_Tbl,label_Tbl,label_Tbl,0,0,-5.437994956970215,-2.520159959793091,2.917834997177124,-1.959633708000183,0.9582012891769409,-1.959633708000183,muon,muon,114.50515747070312,114.76188659667969,"[71, 89, 87, 118, 72, 61, 94, 99]","[106, 76, 89, 44, 86, 30, 5, 24]","[26, 78, 104, 123, 71, 97, 19, 45]","[42, 21, 105, 84, 126, 127, 22, 1, 85, 106, 43, 64, 60, 39, 18]"
2B_lepton_core_swap,5161,3863,Tbl_correct,Hqql_correct,label_Tbl,label_Tbl,label_Tbl,0,0,-7.425168037414551,-2.8831257820129395,4.542042255401611,-0.8588955402374268,3.6831469535827637,-0.8588955402374268,photon,neutral_hadron,154.40756225585938,154.7543487548828,[0],[0],"[68, 102, 104, 70, 2, 36, 44, 10]","[64, 96, 121, 89, 25, 57, 51, 19, 83, 115, 97, 65, 1, 33, 4]"
random_same_count,5161,3863,Tbl_correct,Hqql_correct,label_Tbl,label_Tbl,label_Tbl,0,0,-7.425168037414551,-4.339967727661133,3.085200309753418,-1.6671950817108154,1.4180054664611816,-1.6671950817108154,photon,neutral_hadron,154.40756225585938,154.7543487548828,"[17, 84, 58, 26, 105, 87, 108, 61]","[55, 82, 108, 2, 45, 122, 84, 119]","[68, 102, 104, 70, 2, 36, 44, 10]","[64, 96, 121, 89, 25, 57, 51, 19, 83, 115, 97, 65, 1, 33, 4]"
2B_lepton_core_swap,5162,3646,Tbl_correct,Hqql_correct,label_Tbl,label_Tbl,label_Wqq,0,1,-16.212270736694336,1.107804298400879,17.320075035095215,-15.242183685302734,2.077892303466797,-15.242183685302734,muon,charged_hadron,181.8948211669922,181.67466735839844,[0],[0],"[42, 21, 105, 84, 126, 95, 32, 11]","[76, 114, 120, 82, 6, 44, 41, 3, 79, 117, 28, 104, 66, 45, 7]"
random_same_count,5162,3646,Tbl_correct,Hqql_correct,label_Tbl,label_Tbl,label_Tbl,0,0,-16.212270736694336,-10.605956077575684,5.606314659118652,-3.6262667179107666,1.9800481796264648,-3.6262667179107666,muon,charged_hadron,181.8948211669922,181.67466735839844,"[17, 35, 123, 120, 46, 70, 40, 87]","[10, 45, 27, 102, 7, 16, 72, 17]","[42, 21, 105, 84, 126, 95, 32, 11]","[76, 114, 120, 82, 6, 44, 41, 3, 79, 117, 28, 104, 66, 45, 7]"
2B_lepton_core_swap,5163,3157,Tbl_correct,Hqql_correct,label_Tbl,label_Tbl,label_Tbl,0,0,-17.020490646362305,-8.230135917663574,8.79035472869873,-0.1098179817199707,8.680537223815918,-0.1098179817199707,photon,charged_hadron,124.49148559570312,124.33740997314453,[0],[0],"[90, 60, 75, 15, 30, 45, 120, 107]","[27, 81, 108, 110, 56, 83, 29, 2, 4, 112, 58, 31, 85, 30, 3]"
random_same_count,5163,3157,Tbl_correct,Hqql_correct,label_Tbl,label_Tbl,label_Tbl,0,0,-17.020490646362305,-11.779199600219727,5.241291046142578,-0.5830488204956055,4.658242702484131,-0.5830488204956055,photon,charged_hadron,124.49148559570312,124.33740997314453,"[126, 67, 2, 77, 63, 66, 54, 52]","[91, 64, 9, 103, 25, 24, 45, 30]","[90, 60, 75, 15, 30, 45, 120, 107]","[27, 81, 108, 110, 56, 83, 29, 2, 4, 112, 58, 31, 85, 30, 3]"
2B_lepton_core_swap,5164,3808,Tbl_correct,Hqql_correct,label_Tbl,label_Tbl,label_Tbl,0,0,-15.715960502624512,-5.853720188140869,9.862240314483643,-0.2751188278198242,9.58712100982666,-0.2751188278198242,electron,electron,422.00567626953125,422.4208068847656,[0],[0],"[90, 60, 75, 15, 30, 45, 120, 110]","[75, 25, 100, 125, 112, 87, 37, 12, 62, 123, 23, 98, 73, 48, 11]"
random_same_count,5164,3808,Tbl_correct,Hqql_correct,label_Tbl,label_Tbl,label_Tbl,0,0,-15.715960502624512,-8.373091697692871,7.342868804931641,-2.557436466217041,4.7854323387146,-2.557436466217041,electron,electron,422.00567626953125,422.4208068847656,"[43, 90, 54, 95, 63, 15, 51, 10]","[46, 66, 121, 49, 14, 26, 33, 12]","[90, 60, 75, 15, 30, 45, 120, 110]","[75, 25, 100, 125, 112, 87, 37, 12, 62, 123, 23, 98, 73, 48, 11]"
2B_lepton_core_swap,5165,3826,Tbl_correct,Hqql_correct,label_Tbl,label_Tbl,label_Hcc,0,1,-8.471399307250977,-0.38987743854522705,8.08152186870575,-5.6340155601501465,2.4475061893463135,-5.6340155601501465,muon,photon,147.4969940185547,147.7662353515625,[0],[0],"[92, 85, 39, 123, 31, 77, 62, 16]","[84, 56, 70, 14, 28, 42, 112, 126, 87, 31, 59, 73, 17, 3, 45]"
random_same_count,5165,3826,Tbl_correct,Hqql_correct,label_Tbl,label_Tbl,label_Tbl,0,0,-8.471399307250977,-1.923928141593933,6.5474711656570435,-1.9842276573181152,4.563243389129639,-1.9842276573181152,muon,photon,147.4969940185547,147.7662353515625,"[89, 16, 48, 23, 25, 11, 111, 9]","[55, 105, 83, 84, 118, 58, 119, 94]","[92, 85, 39, 123, 31, 77, 62, 16]","[84, 56, 70, 14, 28, 42, 112, 126, 87, 31, 59, 73, 17, 3, 45]"
2B_lepton_core_swap,5166,3581,Tbl_correct,Hqql_correct,label_Tbl,label_Tbl,label_Tbqq,0,1,-7.544853210449219,4.3862409591674805,11.9310941696167,-17.70370864868164,-5.772613525390625,-17.70370864868164,electron,charged_hadron,264.64630126953125,264.97100830078125,[0],[0],"[28, 84, 112, 75, 47, 103, 19, 45]","[68, 102, 104, 70, 2, 36, 48, 14, 82, 116, 127, 93, 25, 59, 7]"
random_same_count,5166,3581,Tbl_correct,Hqql_correct,label_Tbl,label_Tbl,label_Tbl,0,0,-7.544853210449219,-2.4399476051330566,5.104905605316162,-1.047227382659912,4.05767822265625,-1.047227382659912,electron,charged_hadron,264.64630126953125,264.97100830078125,"[56, 122, 58, 92, 6, 54, 7, 13]","[120, 39, 122, 65, 51, 49, 107, 109]","[28, 84, 112, 75, 47, 103, 19, 45]","[68, 102, 104, 70, 2, 36, 48, 14, 82, 116, 127, 93, 25, 59, 7]"
2B_lepton_core_swap,5167,3421,Tbl_correct,Hqql_correct,label_Tbl,label_Tbl,label_Tbl,0,0,-6.637372970581055,-5.633975982666016,1.003396987915039,-1.143405556678772,-0.14000844955444336,-1.143405556678772,electron,muon,336.3766174316406,336.3786315917969,[0],[0],"[96, 108, 12, 60, 78, 126, 30, 89]","[72, 108, 124, 88, 16, 52, 54, 18, 90, 126, 113, 77, 5, 41, 6]"
random_same_count,5167,3421,Tbl_correct,Hqql_correct,label_Tbl,label_Tbl,label_Tbl,0,0,-6.637372970581055,-2.3881421089172363,4.249230861663818,-0.14215946197509766,4.107071399688721,-0.14215946197509766,electron,muon,336.3766174316406,336.3786315917969,"[94, 43, 48, 45, 9, 78, 24, 16]","[4, 57, 51, 65, 42, 5, 106, 27]","[96, 108, 12, 60, 78, 126, 30, 89]","[72, 108, 124, 88, 16, 52, 54, 18, 90, 126, 113, 77, 5, 41, 6]"
2B_lepton_core_swap,5168,3185,Tbl_correct,Hqql_correct,label_Tbl,label_Tbl,label_Tbl,0,0,-5.814480781555176,-4.150155067443848,1.6643257141113281,0.3645458221435547,2.028871536254883,0.3645458221435547,muon,electron,406.7447814941406,407.12109375,[0],[0],"[76, 114, 115, 77, 1, 39, 61, 23]","[42, 21, 105, 84, 126, 100, 37, 16, 58, 121, 79, 83, 62, 20, 41]"
random_same_count,5168,3185,Tbl_correct,Hqql_correct,label_Tbl,label_Tbl,label_Tbl,0,0,-5.814480781555176,-1.703940510749817,4.110540270805359,-0.43311357498168945,3.67742657661438,-0.43311357498168945,muon,electron,406.7447814941406,407.12109375,"[103, 37, 41, 90, 20, 78, 61, 47]","[29, 69, 97, 111, 5, 79, 61, 108]","[76, 114, 115, 77, 1, 39, 61, 23]","[42, 21, 105, 84, 126, 100, 37, 16, 58, 121, 79, 83, 62, 20, 41]"
2B_lepton_core_swap,5169,3381,Tbl_correct,Hqql_correct,label_Tbl,label_Tbl,label_Tbl,0,0,-9.82033920288086,-7.2689714431762695,2.55136775970459,-0.6355891227722168,1.915778636932373,-0.6355891227722168,electron,muon,487.25653076171875,487.1414794921875,[0],[0],"[72, 108, 31, 103, 67, 96, 60, 24]","[30, 90, 120, 89, 59, 119, 29, 39, 69, 9, 99, 106, 76, 16, 46]"
random_same_count,5169,3381,Tbl_correct,Hqql_correct,label_Tbl,label_Tbl,label_Tbl,0,0,-9.82033920288086,-8.703678131103516,1.1166610717773438,3.8368263244628906,4.953487396240234,3.8368263244628906,electron,muon,487.25653076171875,487.1414794921875,"[20, 27, 43, 31, 90, 61, 72, 29]","[109, 40, 117, 100, 21, 26, 60, 62]","[72, 108, 31, 103, 67, 96, 60, 24]","[30, 90, 120, 89, 59, 119, 29, 39, 69, 9, 99, 106, 76, 16, 46]"
2B_lepton_core_swap,5170,4043,Tbl_correct,Hqql_correct,label_Tbl,label_Tbl,label_Hqql,1,1,-3.9402053356170654,0.24788451194763184,4.188089847564697,-0.2496337890625,3.9384560585021973,-0.2496337890625,electron,electron,302.8354187011719,302.9117126464844,[0],[0],"[66, 96, 30, 50, 116, 124, 58, 48]","[82, 123, 5, 87, 46, 114, 32, 73, 77, 36, 118, 89, 7, 48, 4]"
random_same_count,5170,4043,Tbl_correct,Hqql_correct,label_Tbl,label_Tbl,label_Tbl,0,0,-3.9402053356170654,-2.0652806758880615,1.874924659729004,0.36043620109558105,2.235360860824585,0.36043620109558105,electron,electron,302.8354187011719,302.9117126464844,"[101, 43, 61, 81, 58, 60, 104, 117]","[35, 56, 93, 117, 38, 11, 84, 51]","[66, 96, 30, 50, 116, 124, 58, 48]","[82, 123, 5, 87, 46, 114, 32, 73, 77, 36, 118, 89, 7, 48, 4]"
2B_lepton_core_swap,5171,3615,Tbl_correct,Hqql_correct,label_Tbl,label_Tbl,label_Tbl,0,0,-7.5259552001953125,-4.479011535644531,3.0469436645507812,-1.980501651763916,1.0664424896240234,-1.980501651763916,electron,electron,200.07044982910156,200.17311096191406,[0],[0],"[90, 60, 75, 15, 30, 45, 120, 118]","[26, 78, 104, 77, 51, 103, 25, 46, 124, 20, 72, 98, 71, 45, 19]"
random_same_count,5171,3615,Tbl_correct,Hqql_correct,label_Tbl,label_Tbl,label_Tbl,0,0,-7.5259552001953125,-3.1278433799743652,4.398111820220947,-3.9554829597473145,0.44262921810150146,-3.9554829597473145,electron,electron,200.07044982910156,200.17311096191406,"[111, 60, 126, 13, 117, 112, 79, 109]","[42, 49, 73, 79, 68, 17, 30, 100]","[90, 60, 75, 15, 30, 45, 120, 118]","[26, 78, 104, 77, 51, 103, 25, 46, 124, 20, 72, 98, 71, 45, 19]"
2B_lepton_core_swap,5172,4043,Tbl_correct,Hqql_correct,label_Tbl,label_Tbl,label_Hqql,1,1,-0.466623991727829,4.288335800170898,4.754959791898727,-0.7267017364501953,4.028258323669434,-0.7267017364501953,electron,electron,302.8004150390625,302.9117126464844,[0],[0],"[29, 87, 116, 43, 72, 101, 14, 81]","[82, 123, 5, 87, 46, 114, 32, 73, 77, 36, 118, 89, 7, 48, 4]"
random_same_count,5172,4043,Tbl_correct,Hqql_correct,label_Tbl,label_Tbl,label_Tbl,0,0,-0.466623991727829,-1.5360788106918335,-1.0694548189640045,1.6508498191833496,0.5813950300216675,1.6508498191833496,electron,electron,302.8004150390625,302.9117126464844,"[8, 21, 90, 54, 102, 66, 57, 87]","[79, 35, 78, 31, 100, 38, 23, 117]","[29, 87, 116, 43, 72, 101, 14, 81]","[82, 123, 5, 87, 46, 114, 32, 73, 77, 36, 118, 89, 7, 48, 4]"
2B_lepton_core_swap,5173,4061,Tbl_correct,Hqql_correct,label_Tbl,label_Tbl,label_Tbl,0,0,-6.601088523864746,-4.519927978515625,2.081160545349121,0.15890192985534668,2.240062713623047,0.15890192985534668,electron,electron,167.03543090820312,167.1609344482422,[0],[0],"[108, 122, 14, 68, 47, 101, 97, 43]","[26, 78, 104, 113, 61, 87, 35, 9, 16, 120, 68, 42, 94, 36, 10]"
random_same_count,5173,4061,Tbl_correct,Hqql_correct,label_Tbl,label_Tbl,label_Tbl,0,0,-6.601088523864746,-4.628331184387207,1.972757339477539,-0.556892991065979,1.4158644676208496,-0.556892991065979,electron,electron,167.03543090820312,167.1609344482422,"[67, 31, 117, 90, 54, 104, 95, 126]","[11, 75, 50, 71, 9, 48, 60, 89]","[108, 122, 14, 68, 47, 101, 97, 43]","[26, 78, 104, 113, 61, 87, 35, 9, 16, 120, 68, 42, 94, 36, 10]"
2B_lepton_core_swap,5174,3800,Tbl_correct,Hqql_correct,label_Tbl,label_Tbl,label_Tbl,0,0,-2.5089111328125,-0.10491943359375,2.40399169921875,-1.5812311172485352,0.8227607011795044,-1.5812311172485352,muon,muon,215.9326629638672,216.06236267089844,[0],[0],"[34, 17, 85, 68, 102, 119, 29, 114]","[74, 111, 24, 98, 61, 127, 53, 16, 90, 20, 94, 57, 101, 64, 27]"
random_same_count,5174,3800,Tbl_correct,Hqql_correct,label_Tbl,label_Tbl,label_Tbl,0,0,-2.5089111328125,-1.9338383674621582,0.5750727653503418,-0.22626447677612305,0.3488084077835083,-0.22626447677612305,muon,muon,215.9326629638672,216.06236267089844,"[81, 120, 18, 127, 22, 45, 90, 76]","[17, 18, 124, 103, 39, 54, 20, 21]","[34, 17, 85, 68, 102, 119, 29, 114]","[74, 111, 24, 98, 61, 127, 53, 16, 90, 20, 94, 57, 101, 64, 27]"
2B_lepton_core_swap,5175,3438,Tbl_correct,Hqql_correct,label_Tbl,label_Tbl,label_Tbl,0,0,-10.892796516418457,-4.769708633422852,6.1230878829956055,-2.9864563941955566,3.136631488800049,-2.9864563941955566,muon,muon,303.3940124511719,303.3128356933594,[0],[0],"[44, 22, 110, 88, 95, 117, 29, 7]","[80, 120, 18, 98, 58, 92, 52, 12, 31, 111, 71, 113, 33, 73, 17]"
random_same_count,5175,3438,Tbl_correct,Hqql_correct,label_Tbl,label_Tbl,label_Tbl,0,0,-10.892796516418457,-7.3053998947143555,3.5873966217041016,2.113598346710205,5.700994968414307,2.113598346710205,muon,muon,303.3940124511719,303.3128356933594,"[59, 35, 79, 30, 105, 26, 38, 25]","[76, 77, 7, 97, 112, 40, 119, 99]","[44, 22, 110, 88, 95, 117, 29, 7]","[80, 120, 18, 98, 58, 92, 52, 12, 31, 111, 71, 113, 33, 73, 17]"
2B_lepton_core_swap,5176,3414,Tbl_correct,Hqql_correct,label_Tbl,label_Tbl,label_Hqql,1,1,-9.277411460876465,1.85231351852417,11.129724979400635,-7.407523155212402,3.722201347351074,-7.407523155212402,electron,muon,216.5425567626953,216.52774047851562,[0],[0],"[68, 102, 29, 97, 63, 126, 58, 24]","[44, 22, 110, 88, 42, 108, 64, 20, 86, 127, 105, 39, 83, 17, 61]"
random_same_count,5176,3414,Tbl_correct,Hqql_correct,label_Tbl,label_Tbl,label_Tbl,0,0,-9.277411460876465,-9.892984390258789,-0.6155729293823242,0.2591848373413086,-0.3563880920410156,0.2591848373413086,electron,muon,216.5425567626953,216.52774047851562,"[25, 79, 58, 4, 24, 21, 99, 43]","[80, 86, 103, 21, 42, 6, 13, 32]","[68, 102, 29, 97, 63, 126, 58, 24]","[44, 22, 110, 88, 42, 108, 64, 20, 86, 127, 105, 39, 83, 17, 61]"
2B_lepton_core_swap,5177,3079,Tbl_correct,Hqql_correct,label_Tbl,label_Tbl,label_Hqql,1,1,-10.805471420288086,1.8404197692871094,12.645891189575195,-11.053983688354492,1.5919084548950195,-11.053983688354492,muon,charged_hadron,195.53131103515625,195.58595275878906,[0],[0],"[42, 21, 105, 84, 126, 88, 25, 4]","[46, 23, 115, 92, 45, 114, 68, 22, 91, 127, 104, 35, 81, 12, 58]"
random_same_count,5177,3079,Tbl_correct,Hqql_correct,label_Tbl,label_Tbl,label_Tbl,0,0,-10.805471420288086,-1.6708134412765503,9.134657979011536,-0.798884391784668,8.335774421691895,-0.798884391784668,muon,charged_hadron,195.53131103515625,195.58595275878906,"[6, 45, 28, 11, 23, 117, 60, 56]","[23, 13, 126, 72, 68, 7, 78, 85]","[42, 21, 105, 84, 126, 88, 25, 4]","[46, 23, 115, 92, 45, 114, 68, 22, 91, 127, 104, 35, 81, 12, 58]"
2B_lepton_core_swap,5178,3316,Tbl_correct,Hqql_correct,label_Tbl,label_Tbl,label_Tbl,0,0,-15.427663803100586,-12.82922077178955,2.598443031311035,0.748065710067749,3.3465089797973633,0.748065710067749,electron,muon,317.7366943359375,317.964111328125,[0],[0],"[26, 78, 104, 118, 66, 92, 14, 40]","[30, 90, 120, 79, 49, 109, 19, 31, 121, 1, 61, 91, 65, 35, 5]"
random_same_count,5178,3316,Tbl_correct,Hqql_correct,label_Tbl,label_Tbl,label_Tbl,0,0,-15.427663803100586,-12.209396362304688,3.2182674407958984,1.0852099657058716,4.303478240966797,1.0852099657058716,electron,muon,317.7366943359375,317.964111328125,"[31, 84, 14, 54, 115, 20, 87, 40]","[22, 58, 98, 17, 75, 48, 95, 52]","[26, 78, 104, 118, 66, 92, 14, 40]","[30, 90, 120, 79, 49, 109, 19, 31, 121, 1, 61, 91, 65, 35, 5]"
2B_lepton_core_swap,5179,3136,Tbl_correct,Hqql_correct,label_Tbl,label_Tbl,label_H4q,0,1,-4.124345779418945,2.6304712295532227,6.754817008972168,-14.11638355255127,-7.361566543579102,-14.11638355255127,electron,neutral_hadron,62.23419952392578,62.2504997253418,[0],[0],"[120, 96, 36, 59, 119, 118, 58, 93]","[108, 90, 36, 29, 83, 112, 4, 58, 53, 107, 96, 42, 124, 70, 16]"
random_same_count,5179,3136,Tbl_correct,Hqql_correct,label_Tbl,label_Tbl,label_Tbl,0,0,-4.124345779418945,-4.341313362121582,-0.21696758270263672,0.07886981964111328,-0.13809776306152344,0.07886981964111328,electron,neutral_hadron,62.23419952392578,62.2504997253418,"[123, 3, 79, 63, 40, 56, 93, 77]","[21, 118, 73, 19, 25, 30, 39, 96]","[120, 96, 36, 59, 119, 118, 58, 93]","[108, 90, 36, 29, 83, 112, 4, 58, 53, 107, 96, 42, 124, 70, 16]"
2B_lepton_core_swap,5180,3555,Tbl_correct,Hqql_correct,label_Tbl,label_Tbl,label_Tbl,0,0,-6.240566253662109,-6.472533226013184,-0.23196697235107422,-0.9663796424865723,-1.1983468532562256,-0.9663796424865723,muon,muon,121.60375213623047,121.5110092163086,[0],[0],"[34, 17, 85, 68, 102, 119, 28, 113]","[27, 81, 108, 119, 65, 92, 38, 11, 23, 50, 77, 104, 61, 34, 7]"
random_same_count,5180,3555,Tbl_correct,Hqql_correct,label_Tbl,label_Tbl,label_Tbl,0,0,-6.240566253662109,-3.801168441772461,2.4393978118896484,-0.8455991744995117,1.5937983989715576,-0.8455991744995117,muon,muon,121.60375213623047,121.5110092163086,"[87, 102, 57, 65, 19, 127, 76, 90]","[121, 102, 26, 21, 68, 22, 30, 64]","[34, 17, 85, 68, 102, 119, 28, 113]","[27, 81, 108, 119, 65, 92, 38, 11, 23, 50, 77, 104, 61, 34, 7]"
2B_lepton_core_swap,5181,4017,Tbl_correct,Hqql_correct,label_Tbl,label_Tbl,label_QCD,0,1,-4.17983865737915,-0.750758171081543,3.4290804862976074,-15.63467025756836,-12.20559024810791,-15.63467025756836,muon,charged_hadron,175.0579071044922,175.2152862548828,[0],[0],"[36, 18, 90, 72, 108, 126, 31, 121]","[74, 111, 115, 78, 4, 41, 40, 3, 77, 114, 126, 89, 15, 52, 17]"
random_same_count,5181,4017,Tbl_correct,Hqql_correct,label_Tbl,label_Tbl,label_Hqql,1,1,-4.17983865737915,2.5586977005004883,6.738536357879639,-2.9505248069763184,3.7880115509033203,-2.9505248069763184,muon,charged_hadron,175.0579071044922,175.2152862548828,"[115, 96, 16, 13, 39, 81, 23, 90]","[3, 64, 93, 99, 81, 119, 86, 52]","[36, 18, 90, 72, 108, 126, 31, 121]","[74, 111, 115, 78, 4, 41, 40, 3, 77, 114, 126, 89, 15, 52, 17]"
2B_lepton_core_swap,5182,3985,Tbl_correct,Hqql_correct,label_Tbl,label_Tbl,label_Tbl,0,0,-7.495071887969971,-1.7741987705230713,5.720873117446899,-0.8945436477661133,4.826329708099365,-0.8945436477661133,electron,muon,312.7117614746094,312.72802734375,[0],[0],"[40, 20, 100, 80, 120, 97, 37, 17]","[40, 20, 100, 80, 120, 122, 22, 2, 82, 102, 42, 62, 45, 25, 5]"
random_same_count,5182,3985,Tbl_correct,Hqql_correct,label_Tbl,label_Tbl,label_Tbl,0,0,-7.495071887969971,-0.5644563436508179,6.930615544319153,-3.1522367000579834,3.778378963470459,-3.1522367000579834,electron,muon,312.7117614746094,312.72802734375,"[30, 71, 82, 103, 102, 80, 56, 118]","[92, 112, 10, 102, 35, 33, 72, 39]","[40, 20, 100, 80, 120, 97, 37, 17]","[40, 20, 100, 80, 120, 122, 22, 2, 82, 102, 42, 62, 45, 25, 5]"
2B_lepton_core_swap,5183,3844,Tbl_correct,Hqql_correct,label_Tbl,label_Tbl,label_Hbb,0,1,-7.686014652252197,-1.2038636207580566,6.482151031494141,-7.461563587188721,-0.9794125556945801,-7.461563587188721,muon,charged_hadron,115.3818359375,115.18668365478516,[0],[0],"[108, 100, 46, 42, 96, 95, 41, 122]","[29, 87, 116, 74, 45, 103, 16, 34, 121, 5, 63, 92, 70, 41, 12]"
random_same_count,5183,3844,Tbl_correct,Hqql_correct,label_Tbl,label_Tbl,label_Hqql,1,1,-7.686014652252197,0.84526526927948,8.531279921531677,-0.2784034013748169,8.252876281738281,-0.2784034013748169,muon,charged_hadron,115.3818359375,115.18668365478516,"[35, 31, 124, 20, 80, 27, 126, 25]","[2, 85, 92, 115, 12, 53, 66, 39]","[108, 100, 46, 42, 96, 95, 41, 122]","[29, 87, 116, 74, 45, 103, 16, 34, 121, 5, 63, 92, 70, 41, 12]"
2B_lepton_core_swap,5184,3459,Tbl_correct,Hqql_correct,label_Tbl,label_Tbl,label_Tbl,0,0,-5.076809883117676,-2.9190597534179688,2.157750129699707,-1.153000831604004,1.0047495365142822,-1.153000831604004,muon,electron,508.11871337890625,505.37298583984375,[0],[0],"[90, 60, 75, 15, 30, 45, 120, 115]","[30, 20, 25, 5, 10, 15, 55, 50, 40, 45, 65, 60, 70, 75, 35]"
random_same_count,5184,3459,Tbl_correct,Hqql_correct,label_Tbl,label_Tbl,label_Hqql,1,1,-5.076809883117676,0.22495511174201965,5.301764994859695,-5.679793834686279,-0.3780286908149719,-5.679793834686279,muon,electron,508.11871337890625,505.37298583984375,"[126, 63, 10, 24, 60, 42, 65, 56]","[70, 40, 13, 98, 58, 82, 4, 19]","[90, 60, 75, 15, 30, 45, 120, 115]","[30, 20, 25, 5, 10, 15, 55, 50, 40, 45, 65, 60, 70, 75, 35]"
2B_lepton_core_swap,5185,3585,Tbl_correct,Hqql_correct,label_Tbl,label_Tbl,label_Tbl,0,0,-8.27365779876709,-6.731229782104492,1.5424280166625977,-0.537989616394043,1.0044387578964233,-0.537989616394043,electron,muon,451.4137268066406,451.9234313964844,[0],[0],"[38, 19, 95, 76, 114, 123, 28, 9]","[44, 22, 110, 88, 100, 122, 34, 12, 56, 78, 106, 18, 62, 84, 40]"
random_same_count,5185,3585,Tbl_correct,Hqql_correct,label_Tbl,label_Tbl,label_Tbl,0,0,-8.27365779876709,-0.06983804702758789,8.203819751739502,-3.5019233226776123,4.701896667480469,-3.5019233226776123,electron,muon,451.4137268066406,451.9234313964844,"[34, 43, 17, 57, 104, 96, 94, 60]","[109, 39, 15, 90, 64, 62, 127, 45]","[38, 19, 95, 76, 114, 123, 28, 9]","[44, 22, 110, 88, 100, 122, 34, 12, 56, 78, 106, 18, 62, 84, 40]"
2B_lepton_core_swap,5186,3673,Tbl_correct,Hqql_correct,label_Tbl,label_Tbl,label_Tbl,0,0,-16.0396728515625,-7.265428066253662,8.774244785308838,0.49878931045532227,9.273033142089844,0.49878931045532227,electron,muon,434.52008056640625,435.6639709472656,[0],[0],"[50, 25, 125, 100, 48, 123, 73, 23]","[36, 18, 90, 72, 108, 126, 25, 115, 79, 97, 43, 7, 61, 20, 2]"
random_same_count,5186,3673,Tbl_correct,Hqql_correct,label_Tbl,label_Tbl,label_Tbl,0,0,-16.0396728515625,-11.96885871887207,4.07081413269043,2.0424156188964844,6.113229274749756,2.0424156188964844,electron,muon,434.52008056640625,435.6639709472656,"[48, 109, 16, 30, 125, 46, 123, 119]","[90, 33, 35, 74, 68, 12, 14, 2]","[50, 25, 125, 100, 48, 123, 73, 23]","[36, 18, 90, 72, 108, 126, 25, 115, 79, 97, 43, 7, 61, 20, 2]"
2B_lepton_core_swap,5187,3508,Tbl_correct,Hqql_correct,label_Tbl,label_Tbl,label_Tbl,0,0,-10.838927268981934,-1.915574312210083,8.92335295677185,-1.400329828262329,7.5230231285095215,-1.400329828262329,electron,electron,357.27874755859375,357.3785095214844,[0],[0],"[78, 117, 31, 109, 70, 100, 61, 22]","[50, 25, 125, 100, 36, 111, 61, 11, 86, 126, 101, 26, 76, 1, 51]"
random_same_count,5187,3508,Tbl_correct,Hqql_correct,label_Tbl,label_Tbl,label_Tbl,0,0,-10.838927268981934,-0.13858413696289062,10.700343132019043,-1.16644287109375,9.533900260925293,-1.16644287109375,electron,electron,357.27874755859375,357.3785095214844,"[83, 92, 45, 48, 107, 58, 50, 20]","[23, 31, 84, 87, 43, 27, 93, 58]","[78, 117, 31, 109, 70, 100, 61, 22]","[50, 25, 125, 100, 36, 111, 61, 11, 86, 126, 101, 26, 76, 1, 51]"
2B_lepton_core_swap,5188,4007,Tbl_correct,Hqql_correct,label_Tbl,label_Tbl,label_Tbl,0,0,-15.535439491271973,-10.66523551940918,4.870203971862793,0.10959410667419434,4.979798316955566,0.10959410667419434,electron,electron,381.555419921875,380.6781311035156,[0],[0],"[36, 18, 90, 72, 108, 126, 35, 125]","[60, 40, 50, 10, 20, 30, 110, 100, 80, 90, 120, 31, 21, 1, 11]"
random_same_count,5188,4007,Tbl_correct,Hqql_correct,label_Tbl,label_Tbl,label_Tbl,0,0,-15.535439491271973,-9.231159210205078,6.3042802810668945,-2.044407367706299,4.259873390197754,-2.044407367706299,electron,electron,381.555419921875,380.6781311035156,"[97, 19, 105, 100, 87, 71, 32, 95]","[104, 55, 48, 49, 21, 34, 74, 47]","[36, 18, 90, 72, 108, 126, 35, 125]","[60, 40, 50, 10, 20, 30, 110, 100, 80, 90, 120, 31, 21, 1, 11]"
2B_lepton_core_swap,5189,3536,Tbl_correct,Hqql_correct,label_Tbl,label_Tbl,label_Tbl,0,0,-4.452455043792725,-2.6179022789001465,1.8345527648925781,3.8747613430023193,5.709314346313477,3.8747613430023193,photon,electron,119.7817611694336,119.70243835449219,[0],[0],"[32, 16, 80, 64, 96, 112, 126, 110]","[27, 81, 108, 117, 63, 90, 36, 9, 25, 52, 79, 106, 72, 45, 18]"
random_same_count,5189,3536,Tbl_correct,Hqql_correct,label_Tbl,label_Tbl,label_Hqql,1,1,-4.452455043792725,3.0545125007629395,7.506967544555664,-4.510951042175293,2.996016502380371,-4.510951042175293,photon,electron,119.7817611694336,119.70243835449219,"[107, 113, 125, 99, 51, 69, 90, 56]","[88, 84, 1, 91, 118, 30, 126, 61]","[32, 16, 80, 64, 96, 112, 126, 110]","[27, 81, 108, 117, 63, 90, 36, 9, 25, 52, 79, 106, 72, 45, 18]"
2B_lepton_core_swap,5191,3259,Tbl_correct,Hqql_correct,label_Tbl,label_Tbl,label_Hqql,1,1,-12.842288970947266,0.46788978576660156,13.310178756713867,0.09868860244750977,13.408866882324219,0.09868860244750977,photon,charged_hadron,170.75933837890625,170.78793334960938,[0],[0],"[44, 22, 110, 88, 89, 111, 23, 1]","[44, 22, 110, 88, 92, 114, 26, 4, 48, 70, 104, 16, 60, 82, 38]"
random_same_count,5191,3259,Tbl_correct,Hqql_correct,label_Tbl,label_Tbl,label_Tbl,0,0,-12.842288970947266,-9.57620906829834,3.266079902648926,3.003852367401123,6.269932270050049,3.003852367401123,photon,charged_hadron,170.75933837890625,170.78793334960938,"[29, 87, 77, 30, 20, 124, 45, 57]","[104, 92, 79, 42, 125, 1, 84, 60]","[44, 22, 110, 88, 89, 111, 23, 1]","[44, 22, 110, 88, 92, 114, 26, 4, 48, 70, 104, 16, 60, 82, 38]"
2B_lepton_core_swap,5192,4025,Tbl_correct,Hqql_correct,label_Tbl,label_Tbl,label_Tbl,0,0,-11.621637344360352,-3.359255313873291,8.26238203048706,-5.1611480712890625,3.101234197616577,-5.1611480712890625,muon,electron,341.0342102050781,341.0077819824219,[0],[0],"[34, 17, 85, 68, 102, 119, 127, 110]","[44, 22, 110, 88, 101, 123, 35, 13, 57, 79, 92, 4, 48, 70, 26]"
random_same_count,5192,4025,Tbl_correct,Hqql_correct,label_Tbl,label_Tbl,label_Tbl,0,0,-11.621637344360352,-6.504420757293701,5.11721658706665,-1.9445514678955078,3.172665596008301,-1.9445514678955078,muon,electron,341.0342102050781,341.0077819824219,"[44, 59, 126, 86, 7, 31, 3, 34]","[18, 103, 35, 24, 63, 86, 99, 84]","[34, 17, 85, 68, 102, 119, 127, 110]","[44, 22, 110, 88, 101, 123, 35, 13, 57, 79, 92, 4, 48, 70, 26]"
2B_lepton_core_swap,5193,3814,Tbl_correct,Hqql_correct,label_Tbl,label_Tbl,label_Tbl,0,0,-12.908513069152832,-13.305700302124023,-0.3971872329711914,1.8932890892028809,1.4961023330688477,1.8932890892028809,photon,electron,120.6351547241211,120.95629119873047,[0],[0],"[29, 87, 116, 120, 62, 91, 4, 33]","[26, 78, 104, 126, 74, 100, 22, 48, 34, 112, 86, 8, 60, 41, 15]"
random_same_count,5193,3814,Tbl_correct,Hqql_correct,label_Tbl,label_Tbl,label_Tbl,0,0,-12.908513069152832,-4.988807678222656,7.919705390930176,2.3608744144439697,10.280580520629883,2.3608744144439697,photon,electron,120.6351547241211,120.95629119873047,"[117, 21, 31, 68, 17, 23, 83, 36]","[101, 52, 71, 61, 8, 49, 73, 54]","[29, 87, 116, 120, 62, 91, 4, 33]","[26, 78, 104, 126, 74, 100, 22, 48, 34, 112, 86, 8, 60, 41, 15]"
2B_lepton_core_swap,5194,3517,Tbl_correct,Hqql_correct,label_Tbl,label_Tbl,label_Tbl,0,0,-5.818132400512695,-6.4486083984375,-0.6304759979248047,2.736441135406494,2.1059648990631104,2.736441135406494,charged_hadron,photon,110.81134033203125,110.76931762695312,[0],[0],"[48, 24, 120, 96, 97, 121, 25, 1]","[70, 105, 109, 74, 4, 39, 43, 8, 78, 113, 115, 80, 10, 45, 13]"
random_same_count,5194,3517,Tbl_correct,Hqql_correct,label_Tbl,label_Tbl,label_Tbl,0,0,-5.818132400512695,-0.5224888324737549,5.29564356803894,0.46886658668518066,5.764510154724121,0.46886658668518066,charged_hadron,photon,110.81134033203125,110.76931762695312,"[34, 125, 101, 89, 85, 42, 102, 18]","[10, 30, 95, 99, 57, 84, 39, 115]","[48, 24, 120, 96, 97, 121, 25, 1]","[70, 105, 109, 74, 4, 39, 43, 8, 78, 113, 115, 80, 10, 45, 13]"
2B_lepton_core_swap,5195,3654,Tbl_correct,Hqql_correct,label_Tbl,label_Tbl,label_Tbl,0,0,-8.915421485900879,-4.207408905029297,4.708012580871582,-5.9078450202941895,-1.1998326778411865,-5.9078450202941895,electron,muon,135.34539794921875,135.23867797851562,[0],[0],"[40, 20, 100, 80, 120, 97, 37, 17]","[31, 93, 124, 125, 63, 94, 32, 1, 7, 38, 69, 100, 77, 46, 15]"
random_same_count,5195,3654,Tbl_correct,Hqql_correct,label_Tbl,label_Tbl,label_Tbl,0,0,-8.915421485900879,-5.28507137298584,3.630350112915039,-2.26741361618042,1.3629361391067505,-2.26741361618042,electron,muon,135.34539794921875,135.23867797851562,"[12, 117, 47, 22, 124, 54, 36, 121]","[99, 59, 70, 96, 62, 80, 6, 8]","[40, 20, 100, 80, 120, 97, 37, 17]","[31, 93, 124, 125, 63, 94, 32, 1, 7, 38, 69, 100, 77, 46, 15]"
2B_lepton_core_swap,5196,4006,Tbl_correct,Hqql_correct,label_Tbl,label_Tbl,label_Tbl,0,0,-9.248113632202148,-3.979201078414917,5.2689125537872314,-2.5570082664489746,2.7119040489196777,-2.5570082664489746,muon,electron,415.4775390625,416.08172607421875,[0],[0],"[36, 18, 90, 72, 108, 126, 28, 118]","[72, 48, 60, 12, 24, 36, 96, 120, 108, 63, 51, 15, 39, 3, 27]"
random_same_count,5196,4006,Tbl_correct,Hqql_correct,label_Tbl,label_Tbl,label_Tbl,0,0,-9.248113632202148,-11.70238208770752,-2.454268455505371,-7.465140342712402,-9.919408798217773,-7.465140342712402,muon,electron,415.4775390625,416.08172607421875,"[31, 19, 60, 99, 55, 30, 14, 67]","[64, 6, 117, 110, 80, 108, 101, 48]","[36, 18, 90, 72, 108, 126, 28, 118]","[72, 48, 60, 12, 24, 36, 96, 120, 108, 63, 51, 15, 39, 3, 27]"
2B_lepton_core_swap,5197,4043,Tbl_correct,Hqql_correct,label_Tbl,label_Tbl,label_Hqql,1,1,-6.167502403259277,0.2525632381439209,6.420065641403198,-2.364443778991699,4.05562162399292,-2.364443778991699,electron,electron,302.8977966308594,302.9117126464844,[0],[0],"[70, 105, 33, 103, 68, 126, 56, 21]","[82, 123, 5, 87, 46, 114, 32, 73, 77, 36, 118, 89, 7, 48, 4]"
random_same_count,5197,4043,Tbl_correct,Hqql_correct,label_Tbl,label_Tbl,label_Tbl,0,0,-6.167502403259277,-2.3589415550231934,3.808560848236084,0.5442187786102295,4.352779388427734,0.5442187786102295,electron,electron,302.8977966308594,302.9117126464844,"[126, 109, 17, 122, 25, 29, 3, 89]","[123, 9, 10, 66, 69, 65, 62, 81]","[70, 105, 33, 103, 68, 126, 56, 21]","[82, 123, 5, 87, 46, 114, 32, 73, 77, 36, 118, 89, 7, 48, 4]"
2B_lepton_core_swap,5198,3863,Tbl_correct,Hqql_correct,label_Tbl,label_Tbl,label_QCD,0,1,-4.6830596923828125,2.6068153381347656,7.289875030517578,-17.1092472076416,-9.819372177124023,-17.1092472076416,electron,neutral_hadron,154.4781494140625,154.7543487548828,[0],[0],"[42, 21, 105, 84, 126, 94, 31, 10]","[64, 96, 121, 89, 25, 57, 51, 19, 83, 115, 97, 65, 1, 33, 4]"
random_same_count,5198,3863,Tbl_correct,Hqql_correct,label_Tbl,label_Tbl,label_Hqql,1,1,-4.6830596923828125,1.6117521524429321,6.294811844825745,-2.2300491333007812,4.064762592315674,-2.2300491333007812,electron,neutral_hadron,154.4781494140625,154.7543487548828,"[64, 38, 82, 120, 25, 42, 103, 51]","[104, 81, 84, 26, 67, 80, 28, 106]","[42, 21, 105, 84, 126, 94, 31, 10]","[64, 96, 121, 89, 25, 57, 51, 19, 83, 115, 97, 65, 1, 33, 4]"
2B_lepton_core_swap,5199,3216,Tbl_correct,Hqql_correct,label_Tbl,label_Tbl,label_Tbl,0,0,-3.2343194484710693,-1.1817243099212646,2.0525951385498047,-0.7565732002258301,1.2960219383239746,-0.7565732002258301,electron,electron,448.1669616699219,450.711181640625,[0],[0],"[75, 25, 100, 125, 122, 97, 72, 22]","[48, 24, 120, 96, 101, 125, 29, 5, 53, 77, 100, 4, 52, 76, 28]"
random_same_count,5199,3216,Tbl_correct,Hqql_correct,label_Tbl,label_Tbl,label_Tbl,0,0,-3.2343194484710693,-2.666289806365967,0.5680296421051025,-0.6463475227355957,-0.07831799983978271,-0.6463475227355957,electron,electron,448.1669616699219,450.711181640625,"[25, 5, 85, 87, 67, 113, 81, 111]","[39, 36, 111, 61, 37, 18, 69, 105]","[75, 25, 100, 125, 122, 97, 72, 22]","[48, 24, 120, 96, 101, 125, 29, 5, 53, 77, 100, 4, 52, 76, 28]"
2B_lepton_core_swap,5200,4032,Tbl_correct,Hqql_correct,label_Tbl,label_Tbl,label_Hqql,1,1,-3.2948031425476074,1.2954585552215576,4.590261697769165,0.3262186050415039,4.916480541229248,0.3262186050415039,muon,electron,292.010498046875,292.126220703125,[0],[0],"[29, 87, 116, 84, 55, 113, 26, 45]","[48, 32, 40, 8, 16, 24, 88, 80, 64, 72, 104, 96, 112, 120, 1]"
random_same_count,5200,4032,Tbl_correct,Hqql_correct,label_Tbl,label_Tbl,label_Hqql,1,1,-3.2948031425476074,1.4400297403335571,4.7348328828811646,-1.3427023887634277,3.3921306133270264,-1.3427023887634277,muon,electron,292.010498046875,292.126220703125,"[51, 42, 17, 32, 20, 10, 122, 48]","[82, 30, 123, 47, 14, 79, 57, 110]","[29, 87, 116, 84, 55, 113, 26, 45]","[48, 32, 40, 8, 16, 24, 88, 80, 64, 72, 104, 96, 112, 120, 1]"
