event_idx,rank,particle_idx,head_energy,true_label,pred_label,conf,part_pt_log,part_e_log,part_logptrel,part_logerel,part_deltaR,part_charge,part_isChargedHadron,part_isNeutralHadron,part_isPhoton,part_isElectron,part_isMuon,part_deta,part_dphi,px,py,pz,energy,pt,deta,dphi,deltaR_from_axis
337,1,19,71.69532775878906,label_Tbl,label_Tbl,0.9999998807907104,-2.162541389465332,-1.2449990510940552,-2.0953099727630615,-1.0005345344543457,5.0,1.0,1.0,0.0,0.0,0.0,0.0,2.1961042881011963,-0.32537388801574707,-0.14782169461250305,0.2006703019142151,1.214723825454712,1.2478595972061157,0.24923848713321614,2.1961042881011963,-0.32537388801574707,2.220077073260959
337,2,17,39.59377670288086,label_Tbl,label_Tbl,0.9999998807907104,-1.0917565822601318,-1.0906271934509277,-1.0245250463485718,-0.8461625576019287,2.1790409088134766,1.0,1.0,0.0,0.0,0.0,0.0,0.3023638129234314,0.6806202530860901,-1.1478484869003296,-0.08058851957321167,0.4647287428379059,1.5557551383972168,1.1506740017773835,0.3023638129234314,0.6806202530860901,0.7447602327437799
337,3,16,37.94647979736328,label_Tbl,label_Tbl,0.9999998807907104,-0.9376366138458252,-0.9340936541557312,-0.8704050779342651,-0.6896288990974426,2.147019863128662,0.0,0.0,0.0,1.0,0.0,0.0,0.7300893664360046,0.09888052940368652,-1.2504255771636963,0.7021418213844299,1.3148643970489502,1.9456195831298828,1.4340736596710113,0.7300893664360046,0.09888052940368652,0.7367549403146748
337,4,10,37.10183334350586,label_Tbl,label_Tbl,0.9999998807907104,-0.13111723959445953,-0.10755569487810135,-0.0638856366276741,0.13690900802612305,2.3166191577911377,0.0,0.0,0.0,1.0,0.0,0.0,0.7717222571372986,0.10736370086669922,-3.9763760566711426,2.188664674758911,4.421675205230713,6.336641788482666,4.538922735914886,0.7717222571372986,0.10736370086669922,0.7791548026065686
337,5,18,36.6084098815918,label_Tbl,label_Tbl,0.9999998807907104,-1.1583201885223389,-1.3241769075393677,-1.0910886526107788,-1.0797122716903687,0.2713863253593445,0.0,0.0,0.0,1.0,0.0,0.0,0.26761555671691895,0.011121988296508789,-0.8638973236083984,0.5902696251869202,0.3836103677749634,1.1144028902053833,1.0462967151606952,0.26761555671691895,0.011121988296508789,0.2678465695516262
337,6,12,34.09550094604492,label_Tbl,label_Tbl,0.9999998807907104,-0.384671688079834,-0.3485179841518402,-0.3174401819705963,-0.10405311733484268,2.2769343852996826,-1.0,1.0,0.0,0.0,0.0,0.0,0.7655112147331238,0.07558345794677734,-2.7182600498199463,1.6107782125473022,3.0507166385650635,4.491187572479248,3.159674690290793,0.7655112147331238,0.07558345794677734,0.7692335659585943
337,7,15,30.79821014404297,label_Tbl,label_Tbl,0.9999998807907104,-0.604711651802063,-0.7491574883460999,-0.5374802350997925,-0.504692792892456,0.5944748520851135,0.0,0.0,0.0,1.0,0.0,0.0,0.3482974171638489,-0.014963626861572266,-1.8705627918243408,1.3509777784347534,1.047235131263733,2.5339391231536865,2.30741112851225,0.3482974171638489,-0.014963626861572266,0.3486187042197543
337,8,4,29.941673278808594,label_Tbl,label_Tbl,0.9999998807907104,0.7637572884559631,0.6034864187240601,0.8309889435768127,0.8479511141777039,0.3664030432701111,0.0,0.0,1.0,0.0,0.0,0.0,0.2901504337787628,-0.029047012329101562,-13.07721996307373,9.727906227111816,6.3684210777282715,17.498645782470703,16.298645389298308,0.2901504337787628,-0.029047012329101562,0.2916007598536931
337,9,14,28.32942771911621,label_Tbl,label_Tbl,0.9999998807907104,-0.46014344692230225,-0.6124379634857178,-0.3929118514060974,-0.36797335743904114,0.48398035764694214,0.0,0.0,0.0,1.0,0.0,0.0,0.3203790783882141,-0.019877195358276367,-2.291480779647827,1.6721712350845337,1.2009892463684082,3.0804896354675293,2.8367306539288406,0.3203790783882141,-0.019877195358276367,0.320995103956731
337,10,7,24.29644203186035,label_Tbl,label_Tbl,0.9999998807907104,0.3054572641849518,0.15165984630584717,0.37268877029418945,0.39612454175949097,0.4593692421913147,0.0,0.0,0.0,1.0,0.0,0.0,0.3148384988307953,0.0015528202056884766,-6.946260929107666,4.844273567199707,3.5344691276550293,9.176600456237793,8.468620152605586,0.3148384988307953,0.0015528202056884766,0.31484232815271185
397,1,49,70.53165435791016,label_Tbqq,label_Tbqq,0.82765132188797,-2.0557732582092285,-1.091549038887024,-1.9791854619979858,-0.9615634083747864,5.0,1.0,1.0,0.0,0.0,0.0,0.0,1.7085752487182617,0.6990736722946167,-0.0038908522110432386,-0.2902801036834717,1.5199507474899292,1.5537077188491821,0.2903061785863595,1.7085752487182617,0.6990736722946167,1.8460588776710647
397,2,48,68.71468353271484,label_Tbqq,label_Tbqq,0.82765132188797,-1.9097459316253662,-0.9118543267250061,-1.8331581354141235,-0.7818686962127686,5.0,1.0,1.0,0.0,0.0,0.0,0.0,-3.0572900772094727,-0.01509547233581543,-0.2378562092781067,-0.2670876979827881,-1.9713904857635498,2.008425235748291,0.35764705326046725,-3.0572900772094727,-0.01509547233581543,3.057327344182913
397,3,44,47.58931350708008,label_Tbqq,label_Tbqq,0.82765132188797,-0.9200115203857422,-1.0140249729156494,-0.8434234857559204,-0.8840392231941223,-0.5595149993896484,0.0,0.0,0.0,1.0,0.0,0.0,-0.05738043785095215,-0.01794576644897461,-0.981188178062439,-1.0954691171646118,0.9218264818191528,1.7356690168380737,1.470640278052693,-0.05738043785095215,-0.01794576644897461,0.06012125399064897
397,4,32,38.15192413330078,label_Tbqq,label_Tbqq,0.82765132188797,-0.303403377532959,-0.4128391444683075,-0.22681526839733124,-0.28285327553749084,-0.32213684916496277,0.0,0.0,0.0,1.0,0.0,0.0,-0.1001165509223938,-0.06518244743347168,-2.489778518676758,-2.5286171436309814,2.047354221343994,4.096896648406982,3.5486478736455007,-0.1001165509223938,-0.06518244743347168,0.11946579101154259
397,5,38,37.01294708251953,label_Tbqq,label_Tbqq,0.82765132188797,-0.6023069024085999,-0.5060041546821594,-0.5257189869880676,-0.3760182857513428,1.6778943538665771,0.0,0.0,1.0,0.0,0.0,0.0,0.3559088706970215,0.5070270299911499,-0.47234877943992615,-2.266658306121826,2.738814353942871,3.5863571166992188,2.315351646327066,0.3559088706970215,0.5070270299911499,0.619473593773355
397,6,7,35.734344482421875,label_Tbqq,label_Tbqq,0.82765132188797,1.0485320091247559,0.9556604027748108,1.1251200437545776,1.085646152496338,-0.4797399342060089,-1.0,1.0,0.0,0.0,0.0,0.0,-0.05458861589431763,-0.05857038497924805,-17.060577392578125,-17.557418823242188,15.425989151000977,28.94013023376465,24.48114083744642,-0.05458861589431763,-0.05857038497924805,0.08006501721647646
397,7,19,35.55162811279297,label_Tbqq,label_Tbqq,0.82765132188797,0.19117985665798187,0.10115818679332733,0.2677678167819977,0.2311438024044037,-0.566260576248169,1.0,1.0,0.0,0.0,0.0,0.0,-0.0498347282409668,-0.03051447868347168,-4.866047382354736,-5.297303676605225,4.572927474975586,8.537870407104492,7.193041315708997,-0.0498347282409668,-0.03051447868347168,0.058434865860845966
397,8,22,34.329017639160156,label_Tbqq,label_Tbqq,0.82765132188797,0.07198195159435272,-0.02114042080938816,0.14856982231140137,0.10884527862071991,-0.48380136489868164,0.0,0.0,0.0,1.0,0.0,0.0,-0.05498749017715454,-0.056791067123413086,-4.220123291015625,-4.3585124015808105,3.8199355602264404,7.169238090515137,6.06680071752042,-0.05498749017715454,-0.056791067123413086,0.07904966401572291
397,9,16,34.23749923706055,label_Tbqq,label_Tbqq,0.82765132188797,0.37752917408943176,0.27180927991867065,0.45411720871925354,0.4017949104309082,-0.4406692087650299,-1.0,1.0,0.0,0.0,0.0,0.0,-0.08973848819732666,-0.004113197326660156,-6.165552139282227,-7.078278541564941,5.528501033782959,10.894946098327637,9.387015515816854,-0.08973848819732666,-0.004113197326660156,0.0898327037118987
397,10,40,33.90882873535156,label_Tbqq,label_Tbqq,0.82765132188797,-0.6701176762580872,-0.7526137828826904,-0.5935295820236206,-0.6226280331611633,-0.6627451777458191,1.0,1.0,0.0,0.0,0.0,0.0,-0.029799222946166992,-0.017012834548950195,-1.4006797075271606,-1.5667582750320435,1.3862311840057373,2.521458387374878,2.101579200377601,-0.029799222946166992,-0.017012834548950195,0.034313703204191165
517,1,44,69.52253723144531,label_QCD,label_QCD,0.5923488736152649,-0.8317113518714905,0.09894118458032608,-0.9894962906837463,0.11349024623632431,5.0,1.0,1.0,0.0,0.0,0.0,0.0,-2.372826099395752,0.7506948709487915,1.0393235683441162,-1.3050788640975952,8.331135749816895,8.510873794555664,1.6683597697228905,-2.372826099395752,0.7506948709487915,2.4887439577510744
517,2,43,63.147830963134766,label_QCD,label_QCD,0.5923488736152649,-0.7537557482719421,0.01247107982635498,-0.9115405678749084,0.02702031098306179,5.0,1.0,1.0,0.0,0.0,0.0,0.0,-2.1334869861602783,-0.07471132278442383,-0.2840028405189514,-1.843145489692688,7.285693645477295,7.521878242492676,1.8648975600813391,-2.1334869861602783,-0.07471132278442383,2.1347947212477987
517,3,19,46.287872314453125,label_QCD,label_QCD,0.5923488736152649,0.5701021552085876,0.3616783320903778,0.4123171865940094,0.37622755765914917,0.3685219883918762,-1.0,1.0,0.0,0.0,0.0,0.0,-0.12781864404678345,0.2626835107803345,2.267564535140991,-12.149791717529297,0.8185136914253235,12.387442588806152,12.35958282873547,-0.12781864404678345,0.2626835107803345,0.29213050611300495
517,4,28,40.16218948364258,label_QCD,label_QCD,0.5923488736152649,0.24102136492729187,0.03244349732995033,0.08323655277490616,0.04699273034930229,0.30363112688064575,1.0,1.0,0.0,0.0,0.0,0.0,-0.12280070781707764,0.24707305431365967,1.298374891281128,-7.61396598815918,0.4726772904396057,7.739583969116211,7.723875673983501,-0.12280070781707764,0.24707305431365967,0.2759077889590214
517,5,40,37.296146392822266,label_QCD,label_QCD,0.5923488736152649,-0.5737740397453308,-0.783770740032196,-0.7315590977668762,-0.7692215442657471,0.21962600946426392,0.0,0.0,0.0,1.0,0.0,0.0,-0.05857554450631142,0.2480851411819458,0.40780630707740784,-2.376948595046997,-0.007395150139927864,2.411689519882202,2.411677965149577,-0.05857554450631142,0.2480851411819458,0.25490651558851307
517,6,52,36.33510971069336,label_QCD,label_QCD,0.5923488736152649,-1.2197396755218506,-1.427599549293518,-1.377524495124817,-1.4130502939224243,0.08685165643692017,0.0,0.0,0.0,1.0,0.0,0.0,-0.13987544178962708,0.172021746635437,0.08981381356716156,-0.9541870951652527,0.07505587488412857,0.9613391160964966,0.9584046815867396,-0.13987544178962708,0.172021746635437,0.2217129236904106
517,7,4,33.55796432495117,label_QCD,label_QCD,0.5923488736152649,1.3601508140563965,1.1510695219039917,1.2023659944534302,1.1656187772750854,0.15215766429901123,0.0,0.0,1.0,0.0,0.0,0.0,-0.11288758367300034,0.20956897735595703,5.006111145019531,-37.87969207763672,1.9589053392410278,38.25924301147461,38.209059406021275,-0.11288758367300034,0.20956897735595703,0.238039414420281
517,8,50,33.05453109741211,label_QCD,label_QCD,0.5923488736152649,-1.0076080560684204,-1.2174897193908691,-1.1653931140899658,-1.2029403448104858,1.6754908561706543,0.0,0.0,0.0,1.0,0.0,0.0,-0.08003292977809906,-0.6136759519577026,-0.8278548717498779,-0.999284029006958,0.02386654168367386,1.2978758811950684,1.297656448875582,-0.08003292977809906,-0.6136759519577026,0.6188727202422633
517,9,25,32.403480529785156,label_QCD,label_QCD,0.5923488736152649,0.3301393985748291,0.12037358433008194,0.17235441505908966,0.13492263853549957,0.3235693573951721,-1.0,1.0,0.0,0.0,0.0,0.0,-0.0820402130484581,0.2686445713043213,1.6608432531356812,-8.613900184631348,0.17895740270614624,8.775487899780273,8.772552462212937,-0.0820402130484581,0.2686445713043213,0.2808923321280219
517,10,8,32.099884033203125,label_QCD,label_QCD,0.5923488736152649,1.1250886917114258,0.9161894917488098,0.9673036932945251,0.9307387471199036,0.2341061234474182,1.0,1.0,0.0,0.0,0.0,0.0,-0.11750911176204681,0.2302771806716919,4.138054847717285,-26.995134353637695,1.5265517234802246,27.353439331054688,27.310451784869223,-0.11750911176204681,0.2302771806716919,0.25852653884119564
166,1,47,67.38198852539062,label_Hgg,label_Hbb,0.5669053792953491,-1.3508857488632202,-0.5286859273910522,-1.4672921895980835,-0.5802048444747925,5.0,1.0,1.0,0.0,0.0,0.0,0.0,1.5024421215057373,-0.2701793909072876,0.017922449856996536,-0.7944611310958862,-3.343600034713745,3.472012519836426,0.794663263924432,1.5024421215057373,-0.2701793909072876,1.5265415918820207
166,2,44,34.922664642333984,label_Hgg,label_Hbb,0.5669053792953491,-1.212938904762268,-1.317832112312317,-1.3293451070785522,-1.3693510293960571,-0.40035581588745117,0.0,0.0,0.0,1.0,0.0,0.0,-0.079609215259552,-0.060370445251464844,0.2228551059961319,-0.9417524337768555,-0.5727563500404358,1.1245496273040771,0.9677613573568525,-0.079609215259552,-0.060370445251464844,0.09991104950956026
166,3,40,34.81161117553711,label_Hgg,label_Hbb,0.5669053792953491,-1.1582520008087158,-1.2639727592468262,-1.2746583223342896,-1.3154916763305664,-0.37885797023773193,0.0,0.0,0.0,1.0,0.0,0.0,-0.08193409442901611,-0.06611990928649902,0.23510511219501495,-1.0196447372436523,-0.6164714694023132,1.2144904136657715,1.0463984919565334,-0.08193409442901611,-0.06611990928649902,0.10528550818587423
166,4,39,33.813541412353516,label_Hgg,label_Hbb,0.5669053792953491,-1.1475064754486084,-1.142364263534546,-1.2639127969741821,-1.1938834190368652,0.17164212465286255,0.0,0.0,0.0,1.0,0.0,0.0,0.18331128358840942,0.15938162803649902,0.464212030172348,-0.955821692943573,-0.9791291356086731,1.444915771484375,1.0625854872236167,0.18331128358840942,0.15938162803649902,0.24291053918345165
166,5,29,33.04985427856445,label_Hgg,label_Hbb,0.5669053792953491,-0.39143601059913635,-0.4213053584098816,-0.5078423619270325,-0.4728245735168457,-0.14040124416351318,0.0,0.0,0.0,1.0,0.0,0.0,0.10710293054580688,0.1253829002380371,1.2706196308135986,-2.859715700149536,-2.5672900676727295,4.04764461517334,3.1292887581510653,0.10710293054580688,0.1253829002380371,0.1648996949772846
166,6,35,32.36800765991211,label_Hgg,label_Hbb,0.5669053792953491,-0.6079123020172119,-0.714719295501709,-0.7243186235427856,-0.7662385106086731,-0.305502325296402,0.0,0.0,0.0,1.0,0.0,0.0,-0.08499795198440552,-0.08976829051971436,0.46299654245376587,-2.2497365474700928,-1.3450171947479248,2.661719799041748,2.2968849190472724,-0.08499795198440552,-0.08976829051971436,0.12362442244303973
166,7,45,30.521596908569336,label_Hgg,label_Hbb,0.5669053792953491,-1.2242412567138672,-1.3056038618087769,-1.3406474590301514,-1.357122778892517,-0.6381751298904419,0.0,0.0,0.0,1.0,0.0,0.0,-0.01644730567932129,-0.036962032318115234,0.24091552197933197,-0.9212822914123535,-0.6346448659896851,1.1443668603897095,0.9522611769890499,-0.01644730567932129,-0.036962032318115234,0.040456219511892474
166,8,25,30.50818634033203,label_Hgg,label_Hbb,0.5669053792953491,-0.23703646659851074,-0.36131390929222107,-0.3534426689147949,-0.4128328859806061,-0.03162074089050293,0.0,0.0,0.0,1.0,0.0,0.0,-0.13636595010757446,-0.13529503345489502,0.6117262840270996,-3.8533055782318115,-2.055351734161377,4.409834861755371,3.9015603193853097,-0.13636595010757446,-0.13529503345489502,0.1920948162400606
166,9,27,29.04200553894043,label_Hgg,label_Hbb,0.5669053792953491,-0.2644574046134949,-0.38670578598976135,-0.38086384534835815,-0.4382249712944031,-0.024743258953094482,0.0,0.0,0.0,1.0,0.0,0.0,-0.13017863035202026,-0.14358782768249512,0.5574795603752136,-3.710029363632202,-2.002669095993042,4.2527384757995605,3.7516798023351225,-0.13017863035202026,-0.14358782768249512,0.1938141895189974
166,10,42,28.338077545166016,label_Hgg,label_Hbb,0.5669053792953491,-1.1936769485473633,-1.025249719619751,-1.310083031654358,-1.0767686367034912,1.4233522415161133,0.0,0.0,0.0,1.0,0.0,0.0,0.49412089586257935,-0.25455939769744873,0.03796619921922684,-0.9940363168716431,-1.3884938955307007,1.7080588340759277,0.9947610926965809,0.49412089586257935,-0.25455939769744873,0.55583805796664
341,1,37,67.27069091796875,label_Tbl,label_Tbl,0.9999728202819824,-1.571174144744873,-0.6134225726127625,-1.4839946031570435,-0.38056644797325134,5.0,1.0,1.0,0.0,0.0,0.0,0.0,2.0862607955932617,-0.3942834436893463,0.4810151159763336,-0.3242746889591217,-3.0177390575408936,3.076159715652466,0.5801117269089299,2.0862607955932617,-0.3942834436893463,2.1231918286384204
341,2,36,34.902462005615234,label_Tbl,label_Tbl,0.9999728202819824,-1.1090706586837769,-1.0782420635223389,-1.0218912363052368,-0.8453858494758606,1.99755859375,0.0,0.0,0.0,1.0,0.0,0.0,0.6127452850341797,0.33717817068099976,1.111843466758728,0.154754176735878,-1.116875410079956,1.5835262537002563,1.1225616908621396,0.6127452850341797,0.33717817068099976,0.6993896647187485
341,3,34,32.150447845458984,label_Tbl,label_Tbl,0.9999728202819824,-0.7902776002883911,-0.7424752712249756,-0.7030978798866272,-0.5096191167831421,2.3115861415863037,0.0,0.0,0.0,1.0,0.0,0.0,0.6467199325561523,0.4322919249534607,1.722093105316162,0.4094200134277344,-1.84699285030365,2.558243989944458,1.770093051444649,0.6467199325561523,0.4322919249534607,0.7778965095341428
341,4,16,31.087787628173828,label_Tbl,label_Tbl,0.9999728202819824,0.2383071929216385,0.06058749929070473,0.3254867494106293,0.29344362020492554,-0.4854245185852051,0.0,0.0,0.0,1.0,0.0,0.0,0.04099094867706299,-0.06711632013320923,7.423396110534668,-2.0225205421447754,-2.3915388584136963,8.057099342346191,7.693984608595135,0.04099094867706299,-0.06711632013320923,0.07864387008323687
341,5,35,30.96561050415039,label_Tbl,label_Tbl,0.9999728202819824,-1.0291157960891724,-1.2335309982299805,-0.9419360756874084,-1.0006747245788574,2.3078560829162598,-1.0,1.0,0.0,0.0,0.0,0.0,-0.20357435941696167,0.749820351600647,1.072190761566162,0.6587542295455933,-0.07739903032779694,1.2684717178344727,1.2583918960848544,-0.20357435941696167,0.749820351600647,0.7769640142802909
341,6,33,30.58766746520996,label_Tbl,label_Tbl,0.9999728202819824,-0.7173396944999695,-0.6636474132537842,-0.6301599144935608,-0.4307912290096283,2.2670323848724365,0.0,0.0,0.0,1.0,0.0,0.0,0.6583298444747925,0.39309006929397583,1.927551507949829,0.37912917137145996,-2.0829293727874756,2.863178014755249,1.9644830730715066,0.6583298444747925,0.39309006929397583,0.7667581018181335
341,7,29,29.977046966552734,label_Tbl,label_Tbl,0.9999728202819824,-0.44754186272621155,-0.6248242855072021,-0.36036238074302673,-0.39196792244911194,-0.25231605768203735,0.0,0.0,0.0,1.0,0.0,0.0,0.043088048696517944,-0.12996453046798706,2.733496904373169,-0.932762086391449,-0.904109537601471,3.026460647583008,2.888260797785932,0.043088048696517944,-0.12996453046798706,0.13692099590726706
341,8,22,29.676895141601562,label_Tbl,label_Tbl,0.9999728202819824,-0.09098122268915176,-0.2662928104400635,-0.003801488783210516,-0.03343667834997177,-0.3351294696331024,0.0,0.0,0.0,1.0,0.0,0.0,0.05238094925880432,-0.1037437915802002,4.588347434997559,-1.4325422048568726,-1.5515328645706177,5.050976753234863,4.806777439506105,0.05238094925880432,-0.1037437915802002,0.11621763264104741
341,9,13,28.076618194580078,label_Tbl,label_Tbl,0.9999728202819824,0.4457565248012543,0.2753409147262573,0.5329360961914062,0.508197009563446,-0.4547088146209717,-1.0,1.0,0.0,0.0,0.0,0.0,0.074188232421875,-0.04413311183452606,10.043967247009277,-2.490022897720337,-3.578075647354126,10.950050354003906,10.348018751923805,0.074188232421875,-0.04413311183452606,0.08632279762658836
341,10,18,27.87901496887207,label_Tbl,label_Tbl,0.9999728202819824,0.14430753886699677,-0.03533667325973511,0.23148727416992188,0.19751954078674316,-0.35310789942741394,0.0,0.0,0.0,1.0,0.0,0.0,0.03159189224243164,-0.10716336965560913,6.41457462310791,-2.026813507080078,-2.0248982906341553,7.025308132171631,6.727164379432261,0.03159189224243164,-0.10716336965560913,0.11172303008512677
232,1,26,66.80781555175781,label_Hqql,label_Hqql,0.539645791053772,-1.4136217832565308,-0.5492069125175476,-1.493902325630188,-0.5083287358283997,5.0,1.0,1.0,0.0,0.0,0.0,0.0,-2.72149395942688,-0.2714194655418396,0.5034542679786682,0.5238285660743713,3.2895374298095703,3.3717055320739746,0.7265415105700903,-2.72149395942688,-0.2714194655418396,2.7349950452371963
232,2,13,28.8035888671875,label_Hqql,label_Hqql,0.539645791053772,0.2557368278503418,0.14341148734092712,0.17545628547668457,0.1842895895242691,-0.5826623439788818,0.0,0.0,1.0,0.0,0.0,0.0,0.03447556495666504,-0.041996002197265625,4.029369831085205,6.781164646148682,-4.47533655166626,9.069104194641113,7.887966480268307,0.03447556495666504,-0.041996002197265625,0.054334416161710704
232,3,0,27.98457908630371,label_Hqql,label_Hqql,0.539645791053772,2.6068685054779053,2.4673802852630615,2.526587724685669,2.508258104324341,-0.5941794514656067,1.0,0.0,0.0,0.0,1.0,0.0,-0.04974547028541565,0.013153672218322754,104.9345932006836,201.0720977783203,-107.15007019042969,250.84336853027344,226.80665192001612,-0.04974547028541565,0.013153672218322754,0.05145513489190605
232,4,10,27.805086135864258,label_Hqql,label_Hqql,0.539645791053772,0.9292764067649841,0.7854732275009155,0.8489957451820374,0.8263511657714844,-0.5383284091949463,0.0,0.0,1.0,0.0,0.0,0.0,-0.0643816590309143,0.011597633361816406,9.58072280883789,18.288818359375,-9.420753479003906,22.694089889526367,20.646334457283178,-0.0643816590309143,0.011597633361816406,0.06541791130239505
232,5,1,26.01146125793457,label_Hqql,label_Hqql,0.539645791053772,2.1739981174468994,2.0537798404693604,2.093717336654663,2.094658136367798,-0.6693042516708374,0.0,0.0,0.0,1.0,0.0,0.0,0.011207938194274902,0.03069150447845459,54.63149642944336,109.31519317626953,-66.08458709716797,138.93014526367188,122.20643134174816,0.011207938194274902,0.03069150447845459,0.03267393955000964
232,6,5,25.901460647583008,label_Hqql,label_Hqql,0.539645791053772,1.1891382932662964,1.0798020362854004,1.1088577508926392,1.1206802129745483,-0.605225145816803,0.0,0.0,0.0,1.0,0.0,0.0,0.04307222366333008,0.0227125883102417,13.591924667358398,26.662694931030273,-17.27602195739746,34.555763244628906,29.927240386449487,0.04307222366333008,0.0227125883102417,0.04869371744952791
232,7,19,25.61773109436035,label_Hqql,label_Hqql,0.539645791053772,-0.44971898198127747,-0.547014594078064,-0.5299994349479675,-0.506136417388916,-0.4181552231311798,0.0,0.0,0.0,1.0,0.0,0.0,0.07664215564727783,0.05691063404083252,1.2192027568817139,2.608422040939331,-1.7746857404708862,3.38228178024292,2.8792917368766364,0.07664215564727783,0.05691063404083252,0.09546119781980072
232,8,16,25.192243576049805,label_Hqql,label_Hqql,0.539645791053772,0.10740307718515396,-0.007306408602744341,0.02712244912981987,0.033571530133485794,-0.6011074781417847,0.0,0.0,0.0,1.0,0.0,0.0,0.02753680944442749,0.04140186309814453,2.791585683822632,5.738729476928711,-3.569906711578369,7.3123321533203125,6.381689951689438,0.02753680944442749,0.04140186309814453,0.04972313488081994
232,9,3,24.8983211517334,label_Hqql,label_Hqql,0.539645791053772,1.3903961181640625,1.2744982242584229,1.3101154565811157,1.3153764009475708,-0.6931945085525513,-1.0,1.0,0.0,0.0,0.0,0.0,0.023929357528686523,0.01184689998626709,18.504602432250977,35.34520721435547,-22.153079986572266,45.636680603027344,39.89616503125826,0.023929357528686523,0.01184689998626709,0.02670137058318021
232,10,11,24.72170066833496,label_Hqql,label_Hqql,0.539645791053772,0.5804334878921509,0.4486212432384491,0.5001529455184937,0.48949918150901794,-0.5474309921264648,1.0,1.0,0.0,0.0,0.0,0.0,-0.026058048009872437,0.05751454830169678,5.304473400115967,11.36653995513916,-6.25614595413208,14.025646209716797,12.543351569828248,-0.026058048009872437,0.05751454830169678,0.06314226106525667
133,1,52,66.58582305908203,label_Hgg,label_Hgg,0.8536363840103149,-1.7403767108917236,-0.9716687798500061,-2.0311899185180664,-1.2344934940338135,4.793934345245361,-1.0,1.0,0.0,0.0,0.0,0.0,1.2945082187652588,0.5291548371315002,0.2695760726928711,0.36722394824028015,1.717221736907959,1.8439346551895142,0.4555487757965025,1.2945082187652588,0.5291548371315002,1.3984835966540572
133,2,0,34.06938552856445,label_Hgg,label_Hgg,0.8536363840103149,2.490095853805542,2.45405650138855,2.199282646179199,2.1912317276000977,-0.3426132798194885,0.0,0.0,1.0,0.0,0.0,0.0,-0.00821143388748169,0.1140514612197876,166.35108947753906,95.7884521484375,154.02593994140625,246.11399841308594,191.9586219354518,-0.00821143388748169,0.1140514612197876,0.11434668098750045
133,3,17,33.24248504638672,label_Hgg,label_Hgg,0.8536363840103149,0.5715377926826477,0.53520667552948,0.2807247042655945,0.2723817229270935,-0.5124942064285278,-1.0,1.0,0.0,0.0,0.0,0.0,-0.00893932580947876,0.07131838798522949,10.987005233764648,5.716017246246338,9.926026344299316,15.87238597869873,12.384956082528406,-0.00893932580947876,0.07131838798522949,0.07187644962531009
133,4,38,32.0286865234375,label_Hgg,label_Hgg,0.8536363840103149,-0.5528566241264343,-0.5765098333358765,-0.8436698317527771,-0.8393346071243286,0.06052881479263306,0.0,0.0,0.0,1.0,0.0,0.0,0.01968836784362793,-0.21422939002513885,2.4381368160247803,0.4794543385505676,2.083479642868042,3.2427265644073486,2.4848315026195267,0.01968836784362793,-0.21422939002513885,0.2151321997723471
133,5,48,31.4200496673584,label_Hgg,label_Hgg,0.8536363840103149,-1.0683008432388306,-1.1067472696304321,-1.3591138124465942,-1.3695720434188843,0.09651178121566772,0.0,0.0,0.0,1.0,0.0,0.0,-0.013720870018005371,-0.22370757162570953,1.1696478128433228,0.21851493418216705,0.9463622570037842,1.5203375816345215,1.1898843567968298,-0.013720870018005371,-0.22370757162570953,0.22412795425096568
133,6,40,30.237567901611328,label_Hgg,label_Hgg,0.8536363840103149,-0.5809051394462585,-0.5980292558670044,-0.8717182278633118,-0.8608541488647461,-0.12723201513290405,0.0,0.0,0.0,1.0,0.0,0.0,0.034110844135284424,-0.16469669342041016,2.3166942596435547,0.576034426689148,2.0467875003814697,3.14455509185791,2.3872343733694215,0.034110844135284424,-0.16469669342041016,0.16819200489689823
133,7,4,30.216201782226562,label_Hgg,label_Hgg,0.8536363840103149,1.5139591693878174,1.4767787456512451,1.2231460809707642,1.213953971862793,-0.5693548917770386,-1.0,1.0,0.0,0.0,0.0,0.0,-0.010823726654052734,0.056636303663253784,42.543701171875,21.345733642578125,38.03324890136719,60.927452087402344,47.598391297833686,-0.010823726654052734,0.056636303663253784,0.05766128641747378
133,8,5,28.467239379882812,label_Hgg,label_Hgg,0.8536363840103149,1.471011757850647,1.4381871223449707,1.1801986694335938,1.175362467765808,-0.5355005264282227,-1.0,1.0,0.0,0.0,0.0,0.0,-0.0009036064147949219,0.06611868739128113,39.819801330566406,20.45396614074707,36.34012985229492,57.659393310546875,44.76584980643845,-0.0009036064147949219,0.06611868739128113,0.06612486163992191
133,9,11,27.98756217956543,label_Hgg,label_Hgg,0.8536363840103149,1.0721018314361572,1.0469940900802612,0.781288743019104,0.7841693162918091,-0.6514751315116882,0.0,0.0,0.0,1.0,0.0,0.0,0.016449451446533203,0.033288776874542236,22.88960075378418,10.82322883605957,21.122947692871094,32.97355270385742,25.319480743201442,0.016449451446533203,0.033288776874542236,0.03713121488309952
133,10,6,27.881145477294922,label_Hgg,label_Hgg,0.8536363840103149,1.4139959812164307,1.3781635761260986,1.1231828927993774,1.1153388023376465,-0.6269936561584473,1.0,1.0,0.0,0.0,0.0,0.0,-0.007744848728179932,0.04255253076553345,37.13909149169922,17.98386001586914,33.13469696044922,52.9212532043457,41.264165299920734,-0.007744848728179932,0.04255253076553345,0.04325159599799828
591,1,39,63.36103820800781,label_Zqq,label_Zqq,0.8343472480773926,-1.5181294679641724,-0.7170000672340393,-1.581438422203064,-0.7374745011329651,5.0,1.0,1.0,0.0,0.0,0.0,0.0,1.4130741357803345,0.45121318101882935,0.08718843758106232,0.6196763515472412,-2.574422836303711,2.6530611515045166,0.6257799967358552,1.4130741357803345,0.45121318101882935,1.4833650420366762
591,2,28,32.46971893310547,label_Zqq,label_Zqq,0.8343472480773926,-0.11000393331050873,-0.1893700659275055,-0.173312708735466,-0.20984424650669098,-0.46318724751472473,0.0,0.0,0.0,1.0,0.0,0.0,-0.07880884408950806,0.029653728008270264,2.4901576042175293,3.9600460529327393,-3.146505832672119,5.637672424316406,4.677910819499507,-0.07880884408950806,0.029653728008270264,0.08420319169433461
591,3,11,31.429790496826172,label_Zqq,label_Zqq,0.8343472480773926,0.5845713019371033,0.5109006762504578,0.5212625861167908,0.4904264509677887,-0.5393619537353516,1.0,1.0,0.0,0.0,0.0,0.0,-0.06443142890930176,0.009713530540466309,6.928336143493652,10.545374870300293,-8.706576347351074,15.33071231842041,12.61771662672773,-0.06443142890930176,0.009713530540466309,0.0651595097192649
591,4,30,30.545682907104492,label_Zqq,label_Zqq,0.8343472480773926,-0.34806787967681885,-0.4315154552459717,-0.41137656569480896,-0.45198965072631836,-0.38036006689071655,0.0,0.0,0.0,1.0,0.0,0.0,-0.08932417631149292,-0.05502086877822876,2.0042693614959717,2.65840220451355,-2.1973166465759277,3.98903489112854,3.3292939122874046,-0.08932417631149292,-0.05502086877822876,0.10490998272251188
591,5,25,30.29027557373047,label_Zqq,label_Zqq,0.8343472480773926,-0.03195758908987045,-0.09984215348958969,-0.09526652842760086,-0.1203165054321289,-0.5687791109085083,-1.0,1.0,0.0,0.0,0.0,0.0,-0.05034029483795166,0.028412997722625732,2.7893571853637695,4.4236674308776855,-3.6985058784484863,6.406853675842285,5.22966031846701,-0.05034029483795166,0.028412997722625732,0.057805222289667196
591,6,15,30.23703384399414,label_Zqq,label_Zqq,0.8343472480773926,0.4884914755821228,0.4285859167575836,0.42518261075019836,0.4081118106842041,-0.6635141372680664,1.0,1.0,0.0,0.0,0.0,0.0,-0.031527936458587646,-0.013048529624938965,6.24741792678833,9.053045272827148,-8.033834457397461,13.62989616394043,10.999448143603122,-0.031527936458587646,-0.013048529624938965,0.034121472751181915
591,7,37,29.495458602905273,label_Zqq,label_Zqq,0.8343472480773926,-1.0712484121322632,-1.1037808656692505,-1.1345573663711548,-1.1242552995681763,-0.4408922493457794,0.0,0.0,0.0,1.0,0.0,0.0,0.03359943628311157,-0.08325248956680298,0.7397353053092957,0.925603985786438,-0.9628856778144836,1.5267939567565918,1.1848844080435768,0.03359943628311157,-0.08325248956680298,0.08977694101278742
591,8,17,29.05070686340332,label_Zqq,label_Zqq,0.8343472480773926,0.4501740038394928,0.39144402742385864,0.3868653178215027,0.3709697723388672,-0.6418026089668274,1.0,1.0,0.0,0.0,0.0,0.0,-0.02767467498779297,-0.028253555297851562,6.044260501861572,8.479887008666992,-7.655633449554443,12.92554759979248,10.413528157839837,-0.02767467498779297,-0.028253555297851562,0.03954934920638682
591,9,38,28.696561813354492,label_Zqq,label_Zqq,0.8343472480773926,-1.0828074216842651,-1.131529688835144,-1.1461163759231567,-1.1520040035247803,-0.5064148902893066,0.0,0.0,0.0,1.0,0.0,0.0,-0.003750145435333252,0.07330042123794556,0.5767706632614136,1.0127571821212769,-0.8916725516319275,1.4674540758132935,1.1654790894465847,-0.003750145435333252,0.07330042123794556,0.07339628971853013
591,10,36,28.692058563232422,label_Zqq,label_Zqq,0.8343472480773926,-1.0255000591278076,-1.1404401063919067,-1.0888088941574097,-1.160914421081543,-0.07562124729156494,0.0,0.0,0.0,1.0,0.0,0.0,-0.1758853793144226,0.04312330484390259,0.6588555574417114,1.0797698497772217,-0.7066095471382141,1.4488929510116577,1.26490852398889,-0.1758853793144226,0.04312330484390259,0.181094688153017
86,1,36,63.07791519165039,label_Hcc,label_Hcc,0.9375209212303162,-2.022798538208008,-0.9936447143554688,-2.3334038257598877,-1.1125544309616089,5.0,1.0,1.0,0.0,0.0,0.0,0.0,2.2675719261169434,0.6914088726043701,-0.13772372901439667,0.2713595926761627,1.755303144454956,1.786945104598999,0.3043088136597491,2.2675719261169434,0.6914088726043701,2.370638873643506
86,2,33,44.29350280761719,label_Hcc,label_Hcc,0.9375209212303162,-1.1790690422058105,-1.3738309144973755,-1.4896745681762695,-1.4927407503128052,-0.5835188627243042,0.0,0.0,0.0,1.0,0.0,0.0,0.02405455708503723,-0.04848074913024902,0.2711588144302368,0.9788753986358643,0.21426816284656525,1.038092017173767,1.0157382284317815,0.02405455708503723,-0.04848074913024902,0.05412028042044365
86,3,23,38.8953971862793,label_Hcc,label_Hcc,0.9375209212303162,-0.290316641330719,-0.4883485436439514,-0.6009222865104675,-0.6072582006454468,-0.5345269441604614,0.0,0.0,0.0,1.0,0.0,0.0,8.535385131835938e-05,-0.0663682222366333,1.0273844003677368,3.46657657623291,0.674347460269928,3.6779634952545166,3.615615005086363,8.535385131835938e-05,-0.0663682222366333,0.06636827712191332
86,4,34,33.65293502807617,label_Hcc,label_Hcc,0.9375209212303162,-1.2409067153930664,-1.4321860074996948,-1.5515121221542358,-1.5510956048965454,-0.22096437215805054,0.0,0.0,0.0,1.0,0.0,0.0,0.046946585178375244,0.13693487644195557,0.07877486944198608,0.9265148043632507,0.21795988082885742,0.9550610780715942,0.9298576034855416,0.046946585178375244,0.13693487644195557,0.14475891076574207
86,5,32,33.322601318359375,label_Hcc,label_Hcc,0.9375209212303162,-1.115185260772705,-1.3155434131622314,-1.4257909059524536,-1.434453010559082,-0.6475235819816589,0.0,0.0,0.0,1.0,0.0,0.0,-0.01900176703929901,0.033045411109924316,0.2087501734495163,1.093043565750122,0.18597792088985443,1.1282325983047485,1.1127986662208689,-0.01900176703929901,0.033045411109924316,0.03811910736152802
86,6,28,32.00619888305664,label_Hcc,label_Hcc,0.9375209212303162,-0.7081597447395325,-0.9002639055252075,-1.0187653303146362,-1.019173502922058,-0.5265153646469116,0.0,0.0,0.0,1.0,0.0,0.0,0.041725754737854004,0.05416250228881836,0.3320167064666748,1.9625283479690552,0.4558890461921692,2.041956901550293,1.9904151853206724,0.041725754737854004,0.05416250228881836,0.0683711581197057
86,7,29,29.165082931518555,label_Hcc,label_Hcc,0.9375209212303162,-0.7216965556144714,-0.9027081727981567,-1.0323022603988647,-1.0216177701950073,-0.21244704723358154,0.0,0.0,0.0,1.0,0.0,0.0,0.10442240536212921,0.10330593585968018,0.2307044267654419,1.9386144876480103,0.5736908912658691,2.034839391708374,1.9522936931332664,0.10442240536212921,0.10330593585968018,0.14688824025583935
86,8,26,27.139188766479492,label_Hcc,label_Hcc,0.9375209212303162,-0.5455982685089111,-0.7328934073448181,-0.8562038540840149,-0.851803183555603,-0.5282790660858154,1.0,1.0,0.0,0.0,0.0,0.0,0.06486676633358002,-0.020169734954833984,0.6014969944953918,2.4376158714294434,0.6348279714584351,2.5935027599334717,2.5107309236618156,0.06486676633358002,-0.020169734954833984,0.0679302258403689
86,9,22,27.01799964904785,label_Hcc,label_Hcc,0.9375209212303162,-0.23604929447174072,-0.4319048225879669,-0.546654999256134,-0.550814688205719,-0.6008110642433167,1.0,1.0,0.0,0.0,0.0,0.0,0.013243034482002258,-0.04800403118133545,1.0412249565124512,3.7657690048217773,0.7810649871826172,3.986816644668579,3.907066112537738,0.013243034482002258,-0.04800403118133545,0.04979723859763839
86,10,1,26.99837303161621,label_Hcc,label_Hcc,0.9375209212303162,2.464815139770508,2.2694995403289795,2.154209852218628,2.1505894660949707,-0.540734052658081,0.0,0.0,0.0,1.0,0.0,0.0,0.020184889435768127,-0.06159341335296631,51.76245880126953,177.7668914794922,38.32505798339844,189.0746612548828,185.14972278519534,0.020184889435768127,-0.06159341335296631,0.06481649735988171
427,1,47,62.716827392578125,label_Tbqq,label_QCD,0.5762433409690857,-1.6126079559326172,-0.9532153010368347,-1.703150749206543,-0.9207971096038818,5.0,-1.0,1.0,0.0,0.0,0.0,0.0,1.4959912300109863,0.44322729110717773,0.31655725836753845,0.4458135962486267,1.8071343898773193,1.8931910991668701,0.546770756739336,1.4959912300109863,0.44322729110717773,1.5602692690212132
427,2,22,48.919490814208984,label_Tbqq,label_QCD,0.5762433409690857,0.3371662497520447,0.16473090648651123,0.2466234713792801,0.19714903831481934,-0.4337555766105652,0.0,0.0,0.0,1.0,0.0,0.0,-0.08421570062637329,-0.03593260049819946,7.883368968963623,4.046090126037598,2.9826197624206543,9.349565505981445,8.861058154015101,-0.08421570062637329,-0.03593260049819946,0.09156110533711427
427,3,8,46.19389724731445,label_Tbqq,label_QCD,0.5762433409690857,0.8466153144836426,0.6758028268814087,0.7560725212097168,0.7082211375236511,-0.47326329350471497,0.0,0.0,0.0,1.0,0.0,0.0,-0.07702088356018066,-0.027204573154449463,16.24868392944336,8.519523620605469,6.314918041229248,19.40309715270996,18.34671665887402,-0.07702088356018066,-0.027204573154449463,0.08168418026097037
427,4,9,41.928958892822266,label_Tbqq,label_QCD,0.5762433409690857,0.834077000617981,0.6614412069320679,0.7435342073440552,0.6938595175743103,-0.4197397232055664,0.0,0.0,0.0,1.0,0.0,0.0,-0.08511412143707275,-0.04234328866004944,16.085081100463867,8.125714302062988,6.048768043518066,19.00906753540039,18.02101736659867,-0.08511412143707275,-0.04234328866004944,0.09506507120153564
427,5,45,40.34989547729492,label_Tbqq,label_QCD,0.5762433409690857,-0.9582458734512329,-1.13595449924469,-1.0487886667251587,-1.1035362482070923,-0.3459872305393219,0.0,0.0,0.0,1.0,0.0,0.0,-0.10867658257484436,-0.03274714946746826,1.2367972135543823,0.6397642493247986,0.43290048837661743,1.458207368850708,1.3924674653901281,-0.10867658257484436,-0.03274714946746826,0.11350319554264396
427,6,0,36.61197280883789,label_Tbqq,label_QCD,0.5762433409690857,2.019275426864624,1.8566235303878784,1.9287325143814087,1.8890416622161865,-0.49859973788261414,0.0,0.0,1.0,0.0,0.0,0.0,-0.042798012495040894,-0.0620158314704895,88.29906463623047,42.446929931640625,37.28813552856445,104.82781982421875,97.97176468888786,-0.042798012495040894,-0.0620158314704895,0.07535007117781531
427,7,31,33.519046783447266,label_Tbqq,label_QCD,0.5762433409690857,-0.34953662753105164,-0.5215585827827454,-0.4400794804096222,-0.4891403615474701,-0.3173673450946808,0.0,0.0,0.0,1.0,0.0,0.0,-0.0823691189289093,-0.08816871047019958,3.0309219360351562,1.360622763633728,1.1247618198394775,3.507544755935669,3.322315771755807,-0.0823691189289093,-0.08816871047019958,0.12065816698053508
427,8,40,33.401824951171875,label_Tbqq,label_QCD,0.5762433409690857,-0.6436973214149475,-0.8049286007881165,-0.7342401146888733,-0.7725103497505188,-0.5026524066925049,0.0,0.0,0.0,1.0,0.0,0.0,-0.03713122010231018,-0.0643991231918335,1.9691948890686035,0.9408559203147888,0.8438754677772522,2.3398854732513428,2.1824157197759777,-0.03713122010231018,-0.0643991231918335,0.07433689914277532
427,9,43,33.33281707763672,label_Tbqq,label_QCD,0.5762433409690857,-0.8182945847511292,-0.9937843084335327,-0.9088375568389893,-0.9613661170005798,-0.21954292058944702,0.0,0.0,0.0,1.0,0.0,0.0,-0.09816819429397583,-0.10686981678009033,1.5642379522323608,0.6673485040664673,0.5474533438682556,1.7865887880325317,1.7006452884372572,-0.09816819429397583,-0.10686981678009033,0.1451142725907754
427,10,46,32.11025619506836,label_Tbqq,label_QCD,0.5762433409690857,-1.0229135751724243,-1.1735961437225342,-1.11345636844635,-1.141178011894226,-0.5798273086547852,0.0,0.0,0.0,1.0,0.0,0.0,0.0027535855770111084,-0.054974257946014404,1.140343427658081,0.558102548122406,0.5456092357635498,1.3818650245666504,1.2695911102491635,0.0027535855770111084,-0.054974257946014404,0.0550431764185612
41,1,39,62.240352630615234,label_Hbb,label_Hbb,0.9814850091934204,-1.5466254949569702,-0.9296510219573975,-1.573913812637329,-0.7629854083061218,5.0,-1.0,1.0,0.0,0.0,0.0,0.0,1.7339286804199219,0.17098498344421387,-0.5483621954917908,-0.24551981687545776,-1.8583139181137085,1.9580069780349731,0.6008170086832889,1.7339286804199219,0.17098498344421387,1.7423388112953777
41,2,27,38.803592681884766,label_Hbb,label_Hbb,0.9814850091934204,-0.1264454871416092,-0.3349232077598572,-0.15373381972312927,-0.16825751960277557,-0.5436320304870605,0.0,0.0,0.0,1.0,0.0,0.0,-0.04754500091075897,-0.04297971725463867,-4.471767902374268,-0.939118504524231,-0.30166563391685486,4.579263687133789,4.569316331601981,-0.04754500091075897,-0.04297971725463867,0.06409199019294655
41,3,36,37.09355926513672,label_Hbb,label_Hbb,0.9814850091934204,-1.0989537239074707,-1.3088908195495605,-1.1262420415878296,-1.1422250270843506,-0.39954864978790283,0.0,0.0,0.0,1.0,0.0,0.0,-0.10011282563209534,4.744529724121094e-05,-1.103489637374878,-0.28180181980133057,-0.015266509726643562,1.1390060186386108,1.13890370332047,-0.10011282563209534,4.744529724121094e-05,0.10011283687469133
41,4,35,35.69853210449219,label_Hbb,label_Hbb,0.9814850091934204,-1.062177300453186,-1.2691411972045898,-1.0894654989242554,-1.1024755239486694,-0.5155153274536133,0.0,0.0,0.0,1.0,0.0,0.0,-0.020311512053012848,-0.06815910339355469,-1.1805520057678223,-0.2170485556125641,-0.1120402067899704,1.2055562734603882,1.2003387496102627,-0.020311512053012848,-0.06815910339355469,0.07112117052814136
41,5,28,34.81605911254883,label_Hbb,label_Hbb,0.9814850091934204,-0.12862569093704224,-0.33703407645225525,-0.15591411292552948,-0.17036838829517365,-0.5757496953010559,-1.0,1.0,0.0,0.0,0.0,0.0,-0.053394969552755356,-0.017087697982788086,-4.432130336761475,-1.0512944459915161,-0.2740272879600525,4.565475940704346,4.555106950908397,-0.053394969552755356,-0.017087697982788086,0.056062573932086385
41,6,16,33.327083587646484,label_Hbb,label_Hbb,0.9814850091934204,0.44809436798095703,0.24168761074543,0.42080602049827576,0.40835312008857727,-0.49892643094062805,1.0,1.0,0.0,0.0,0.0,0.0,-0.012996122241020203,-0.07413792610168457,-10.222528457641602,-1.816331148147583,-1.0454301834106445,10.43606948852539,10.382636799340691,-0.012996122241020203,-0.07413792610168457,0.0752683949607163
41,7,24,33.16773986816406,label_Hbb,label_Hbb,0.9814850091934204,0.06860879808664322,-0.1411823034286499,0.04132037237286568,0.025483226403594017,-0.41474324464797974,0.0,0.0,0.0,1.0,0.0,0.0,-0.08909060060977936,-0.03659629821777344,-5.900700092315674,-1.2785906791687012,-0.14749234914779663,6.039438247680664,6.037636599225833,-0.08909060060977936,-0.03659629821777344,0.09631419500912326
41,8,0,32.08384323120117,label_Hbb,label_Hbb,0.9814850091934204,2.3217642307281494,2.1129181385040283,2.29447603225708,2.2795839309692383,-0.5711246728897095,0.0,0.0,1.0,0.0,0.0,0.0,-0.05608271807432175,-0.011345624923706055,-146.6513671875,-35.6761589050293,-8.673235893249512,151.17750549316406,150.92849900591952,-0.05608271807432175,-0.011345624923706055,0.05721882969367056
41,9,15,32.08132553100586,label_Hbb,label_Hbb,0.9814850091934204,0.46345987915992737,0.2613753080368042,0.4361715316772461,0.42804083228111267,-0.5792672634124756,0.0,0.0,0.0,1.0,0.0,0.0,0.03715164214372635,-0.04080367088317871,-10.38171672821045,-2.2038686275482178,-1.6051124334335327,10.73375415802002,10.613061723757944,0.03715164214372635,-0.04080367088317871,0.05518318649297329
41,10,13,31.38695526123047,label_Hbb,label_Hbb,0.9814850091934204,0.5648972392082214,0.36144402623176575,0.5376091003417969,0.5281097292900085,-0.4850137233734131,1.0,1.0,0.0,0.0,0.0,0.0,0.022995255887508392,-0.07531428337097168,-12.0813570022583,-2.131948709487915,-1.6799418926239014,12.383298873901367,12.268023162510856,0.022995255887508392,-0.07531428337097168,0.07874657499228148
54,1,30,61.73106002807617,label_Hbb,label_Hcc,0.5319149494171143,-0.6436640620231628,0.006025171373039484,-0.538101077079773,0.169608011841774,4.792966365814209,1.0,1.0,0.0,0.0,0.0,0.0,1.2495945692062378,0.6273700594902039,0.49712681770324707,2.1251485347747803,7.124837398529053,7.452930450439453,2.182519499966759,1.2495945692062378,0.6273700594902039,1.3982416740086332
54,2,25,33.91550064086914,label_Hbb,label_Hcc,0.5319149494171143,-0.2878943383693695,-0.3572477400302887,-0.18233127892017365,-0.19366464018821716,-0.018114924430847168,0.0,0.0,0.0,1.0,0.0,0.0,0.006006777286529541,-0.19537895917892456,3.151719808578491,1.7972536087036133,2.551553726196289,4.435525417327881,3.62814805180056,0.006006777286529541,-0.19537895917892456,0.1954712742660922
54,3,34,32.794189453125,label_Hbb,label_Hcc,0.5319149494171143,-1.2017942667007446,-1.2761574983596802,-1.0962313413619995,-1.1125744581222534,0.5254116654396057,0.0,0.0,0.0,1.0,0.0,0.0,-0.006526291370391846,0.3312886357307434,0.49358320236206055,0.8504347205162048,0.6765040159225464,1.1935330629348755,0.9832922208140682,-0.006526291370391846,0.3312886357307434,0.33135291253192334
54,4,26,32.72054672241211,label_Hbb,label_Hcc,0.5319149494171143,-0.3997122347354889,-0.47812768816947937,-0.294149249792099,-0.31454458832740784,-0.23696911334991455,0.0,0.0,0.0,1.0,0.0,0.0,-0.01680302619934082,-0.13975119590759277,2.5970890522003174,1.6789097785949707,2.0891780853271484,3.732060432434082,3.0925086240333357,-0.01680302619934082,-0.13975119590759277,0.14075772961744626
54,5,17,32.349876403808594,label_Hbb,label_Hcc,0.5319149494171143,0.30237725377082825,0.20367388427257538,0.40794023871421814,0.3672567307949066,-0.2622537612915039,0.0,0.0,1.0,0.0,0.0,0.0,-0.07037234306335449,-0.11454659700393677,6.96311616897583,4.754387378692627,5.158792018890381,9.884448051452637,8.43144033539492,-0.07037234306335449,-0.11454659700393677,0.13443656330555595
54,6,28,29.951074600219727,label_Hbb,label_Hcc,0.5319149494171143,-0.5556601285934448,-0.6422702670097351,-0.45009708404541016,-0.47868719696998596,0.38337093591690063,0.0,0.0,0.0,1.0,0.0,0.0,-0.03799331188201904,0.29339295625686646,1.322529911994934,2.0918993949890137,1.6090267896652222,2.951964855194092,2.4748996842047415,-0.03799331188201904,0.29339295625686646,0.29584272600303685
54,7,21,29.687898635864258,label_Hbb,label_Hcc,0.5319149494171143,0.09971172362565994,0.04149944707751274,0.20527471601963043,0.2050824612379074,0.6203548312187195,0.0,0.0,1.0,0.0,0.0,0.0,0.03324735164642334,-0.35352879762649536,5.907107353210449,2.2241523265838623,4.650860786437988,7.840362071990967,6.311954598553554,0.03324735164642334,-0.35352879762649536,0.3550887172844787
54,8,14,28.40082550048828,label_Hbb,label_Hcc,0.5319149494171143,0.39286646246910095,0.30379900336265564,0.49842944741249084,0.46738186478614807,-0.12357664108276367,0.0,0.0,0.0,1.0,0.0,0.0,-0.04446053504943848,-0.16315650939941406,8.1775484085083,5.01905632019043,6.1641645431518555,11.404391288757324,9.594958276029143,-0.04446053504943848,-0.16315650939941406,0.1691058418159569
54,9,0,28.236190795898438,label_Hbb,label_Hcc,0.5319149494171143,1.9809356927871704,1.894121766090393,2.086498498916626,2.0577046871185303,-0.06649512052536011,0.0,0.0,0.0,1.0,0.0,0.0,-0.03852730989456177,-0.1792832612991333,79.82068634033203,47.235843658447266,60.24126434326172,110.5964584350586,92.7500236871503,-0.03852730989456177,-0.1792832612991333,0.18337622907499462
54,10,32,27.814735412597656,label_Hbb,label_Hcc,0.5319149494171143,-0.8565218448638916,-0.9799540042877197,-0.7509587407112122,-0.8163707852363586,0.014993548393249512,0.0,0.0,0.0,1.0,0.0,0.0,-0.14169257879257202,-0.14641249179840088,1.3580920696258545,0.8651774525642395,0.8529991507530212,1.8222386837005615,1.6102627406750067,-0.14169257879257202,-0.14641249179840088,0.20374838561202402
402,1,46,61.5392951965332,label_Tbqq,label_Tbqq,0.8283901810646057,-2.0215468406677246,-1.3039147853851318,-1.9328166246414185,-1.2397710084915161,4.429605960845947,-1.0,1.0,0.0,0.0,0.0,0.0,1.155945062637329,0.6108107566833496,-0.03480047360062599,0.30286070704460144,1.0970392227172852,1.1471314430236816,0.30485353997351544,1.155945062637329,0.6108107566833496,1.307401532933056
402,2,43,33.04957962036133,label_Tbqq,label_Tbqq,0.8283901810646057,-1.1430522203445435,-1.2449491024017334,-1.0543221235275269,-1.1808050870895386,1.9973337650299072,0.0,0.0,0.0,1.0,0.0,0.0,-0.2663443088531494,0.6466281414031982,-0.16003866493701935,1.0573253631591797,0.6432939171791077,1.2479487657546997,1.0693686445068953,-0.2663443088531494,0.6466281414031982,0.6993334284252515
402,3,41,30.150259017944336,label_Tbqq,label_Tbqq,0.8283901810646057,-1.027958631515503,-1.0730127096176147,-0.9392287731170654,-1.0088688135147095,-0.27796638011932373,0.0,0.0,0.0,1.0,0.0,0.0,-0.12276482582092285,-0.04428589344024658,0.6488034725189209,1.0806702375411987,0.9780122637748718,1.595400333404541,1.260473763415947,-0.12276482582092285,-0.04428589344024658,0.13050840132590086
402,4,39,26.805599212646484,label_Tbqq,label_Tbqq,0.8283901810646057,-0.9528555870056152,-0.9029372334480286,-0.8641255497932434,-0.8387932181358337,1.600224256515503,0.0,0.0,0.0,1.0,0.0,0.0,0.07943308353424072,0.5947753190994263,-0.137811541557312,1.3964478969573975,1.4726859331130981,2.0341737270355225,1.4032315382370584,0.07943308353424072,0.5947753190994263,0.6000560765208381
402,5,32,26.742958068847656,label_Tbqq,label_Tbqq,0.8283901810646057,-0.5054115653038025,-0.3578571379184723,-0.4166814386844635,-0.2937133312225342,0.256794273853302,0.0,0.0,0.0,1.0,0.0,0.0,0.26206016540527344,-0.03354620933532715,1.3441498279571533,2.294343948364258,3.5452654361724854,4.431665420532227,2.6590887374047782,0.26206016540527344,-0.03354620933532715,0.26419855876406456
402,6,0,26.730976104736328,label_Tbqq,label_Tbqq,0.8283901810646057,2.177488327026367,2.1391470432281494,2.2662181854248047,2.2032909393310547,-0.3455498516559601,0.0,0.0,1.0,0.0,0.0,0.0,-0.10724294185638428,-0.037506818771362305,62.502437591552734,105.72380065917969,97.71942901611328,156.94955444335938,122.81724932072004,-0.10724294185638428,-0.037506818771362305,0.11361254346400151
402,7,19,26.645219802856445,label_Tbqq,label_Tbqq,0.8283901810646057,-0.043911635875701904,-0.1062248945236206,0.0448184497654438,-0.04208073392510414,0.017248034477233887,0.0,0.0,0.0,1.0,0.0,0.0,-0.16385966539382935,-0.12203854322433472,2.980656623840332,4.188878536224365,3.7249133586883545,6.348700523376465,5.1411105123780825,-0.16385966539382935,-0.12203854322433472,0.20431200643940514
402,8,21,26.53361701965332,label_Tbqq,label_Tbqq,0.8283901810646057,-0.07120055705308914,-0.12263790518045425,0.0175294391810894,-0.05849399417638779,1.7834439277648926,0.0,0.0,1.0,0.0,0.0,0.0,-0.13775527477264404,0.6309990882873535,-0.6634910106658936,4.899827003479004,3.7431259155273438,6.201573371887207,4.944544972518349,-0.13775527477264404,0.6309990882873535,0.645860948770831
402,9,45,25.61617088317871,label_Tbqq,label_Tbqq,0.8283901810646057,-1.2534266710281372,-1.2864116430282593,-1.1646965742111206,-1.2222676277160645,0.5313084721565247,0.0,0.0,0.0,1.0,0.0,0.0,-0.09502649307250977,-0.3189731240272522,0.6649237275123596,0.6262021660804749,0.7410392165184021,1.1761767864227295,0.9133743571027212,-0.09502649307250977,-0.3189731240272522,0.3328271146366602
402,10,44,25.422996520996094,label_Tbqq,label_Tbqq,0.8283901810646057,-1.171118140220642,-1.3201282024383545,-1.0823882818222046,-1.2559843063354492,2.21252703666687,0.0,0.0,0.0,1.0,0.0,0.0,-0.41298148036003113,0.6298044919967651,-0.13663901388645172,1.0182138681411743,0.4482335150241852,1.120867133140564,1.0273410832780292,-0.41298148036003113,0.6298044919967651,0.7531317290219993
378,1,25,61.220829010009766,label_Tbl,label_Tbl,0.9999997615814209,-1.6887412071228027,-0.6863903403282166,-1.6614595651626587,-0.8177500367164612,4.197585105895996,-1.0,1.0,0.0,0.0,0.0,0.0,1.2491847276687622,-0.02299189567565918,-0.4377124011516571,-0.2211841344833374,-2.56147837638855,2.771648645401001,0.49042284558235283,1.2491847276687622,-0.02299189567565918,1.2493962986609333
378,2,16,43.798580169677734,label_Tbl,label_Tbl,0.9999997615814209,-0.6033633351325989,-0.3928331732749939,-0.5760815739631653,-0.5241925716400146,0.4966434836387634,-1.0,1.0,0.0,0.0,0.0,0.0,0.10173475742340088,0.3077828884124756,-1.6128959655761719,-1.6562800407409668,-3.5224623680114746,4.215675354003906,2.31186006694367,0.10173475742340088,0.3077828884124756,0.3241608663418899
378,3,21,32.72710418701172,label_Tbl,label_Tbl,0.9999997615814209,-1.1429157257080078,-0.5833976864814758,-1.1156343221664429,-0.7147573232650757,1.9424185752868652,-1.0,1.0,0.0,0.0,0.0,0.0,0.6447185277938843,-0.23322033882141113,-1.034267783164978,-0.2725529968738556,-2.9870803356170654,3.210975408554077,1.0695770114385956,0.6447185277938843,-0.23322033882141113,0.6856046284271186
378,4,0,26.200468063354492,label_Tbl,label_Tbl,0.9999997615814209,2.8428561687469482,2.936493396759033,2.8701376914978027,2.805133581161499,-0.05793273448944092,1.0,0.0,0.0,0.0,1.0,0.0,-0.10609263181686401,-0.15218687057495117,-299.6854248046875,-105.57107543945312,-373.3959655761719,490.28680419921875,317.73669257705933,-0.10609263181686401,-0.15218687057495117,0.18551681891738442
378,5,5,26.140666961669922,label_Tbl,label_Tbl,0.9999997615814209,0.8774756789207458,1.0470954179763794,0.9047573208808899,0.9157357215881348,0.30225008726119995,0.0,0.0,1.0,0.0,0.0,0.0,0.03156161308288574,0.27374911308288574,-13.836385726928711,-13.27340030670166,-26.83171844482422,32.97832489013672,19.17364664549507,0.03156161308288574,0.27374911308288574,0.2755625379728898
378,6,18,25.925655364990234,label_Tbl,label_Tbl,0.9999997615814209,-0.7596617937088013,-0.8283570408821106,-0.732380211353302,-0.9597165584564209,1.5968918800354004,0.0,0.0,1.0,0.0,0.0,0.0,-0.4491022229194641,0.39670562744140625,-1.1673855781555176,-1.4341753721237183,-1.3041930198669434,2.2628672122955322,1.849229051819081,-0.4491022229194641,0.39670562744140625,0.5992229647425772
378,7,12,24.731760025024414,label_Tbl,label_Tbl,0.9999997615814209,-0.1591266393661499,0.003829860594123602,-0.1318451315164566,-0.12752962112426758,-0.4851597249507904,0.0,0.0,1.0,0.0,0.0,0.0,0.019833683967590332,-0.07617020606994629,-3.991222858428955,-1.7571295499801636,-6.015107154846191,7.42959451675415,4.360890294545288,0.019833683967590332,-0.07617020606994629,0.078710071226396
378,8,14,24.13627052307129,label_Tbl,label_Tbl,0.9999997615814209,-0.4445904493331909,-0.27507662773132324,-0.4173089563846588,-0.4064362049102783,-0.3455447852611542,0.0,0.0,0.0,1.0,0.0,0.0,0.031375885009765625,-0.10919547080993652,-2.691736936569214,-1.08039128780365,-4.0580010414123535,4.987991809844971,2.900464285326238,0.031375885009765625,-0.10919547080993652,0.11361380640375418
378,9,11,23.947025299072266,label_Tbl,label_Tbl,0.9999997615814209,0.10819832235574722,0.39938580989837646,0.13547973334789276,0.2680261433124542,1.3813488483428955,0.0,0.0,1.0,0.0,0.0,0.0,0.23715221881866455,-0.49107176065444946,-6.388944149017334,0.0011921407422050834,-11.405501365661621,13.073028564453125,6.388944260240684,0.23715221881866455,-0.49107176065444946,0.5453371883549449
378,10,20,23.23955726623535,label_Tbl,label_Tbl,0.9999997615814209,-1.0333142280578613,-0.9174378514289856,-1.0060327053070068,-1.048797369003296,0.648638904094696,0.0,0.0,0.0,1.0,0.0,0.0,-0.06483662128448486,0.3563086986541748,-0.828184962272644,-0.9374315738677979,-1.5508912801742554,1.9924688339233398,1.2508670142820129,-0.06483662128448486,0.3563086986541748,0.36215973850805017
537,1,42,61.12383270263672,label_QCD,label_QCD,0.8871647119522095,-2.1463520526885986,-1.1574525833129883,-2.1623449325561523,-1.4374103546142578,4.028478622436523,1.0,1.0,0.0,0.0,0.0,0.0,1.1072744131088257,0.4807091951370239,-0.016210513189435005,-0.2545543611049652,1.3838895559310913,1.4141042232513428,0.255069997246681,1.1072744131088257,0.4807091951370239,1.2071196942369797
537,2,41,39.62712860107422,label_QCD,label_QCD,0.8871647119522095,-1.4682401418685913,-0.889838457107544,-1.4842332601547241,-1.169796109199524,2.2874090671539307,1.0,1.0,0.0,0.0,0.0,0.0,0.504274845123291,-0.584348201751709,-0.607384979724884,-0.2875366508960724,1.9556540250778198,2.072596549987793,0.6720073207963791,0.504274845123291,-0.584348201751709,0.7718522788167275
537,3,37,37.995452880859375,label_QCD,label_QCD,0.8871647119522095,-0.9586295485496521,-0.9149026870727539,-0.9746224284172058,-1.1948604583740234,1.4145317077636719,0.0,0.0,0.0,1.0,0.0,0.0,-0.3816986083984375,-0.4010181427001953,-1.1282356977462769,-0.8148161172866821,1.435949444770813,1.9996979236602783,1.3917043847955544,-0.3816986083984375,-0.4010181427001953,0.5536328913892472
537,4,38,37.860801696777344,label_QCD,label_QCD,0.8871647119522095,-1.0367391109466553,-0.9263911843299866,-1.052731990814209,-1.2063490152359009,0.8909787535667419,0.0,0.0,0.0,1.0,0.0,0.0,-0.254308819770813,-0.33769822120666504,-0.9609732031822205,-0.7911775708198547,1.5232312679290771,1.967146396636963,1.2447616019956205,-0.254308819770813,-0.33769822120666504,0.4227446799421248
537,5,32,33.9822998046875,label_QCD,label_QCD,0.8871647119522095,-0.7017138004302979,-0.64455646276474,-0.7177066802978516,-0.92451411485672,1.0495884418487549,0.0,0.0,0.0,1.0,0.0,0.0,-0.3552132844924927,-0.29603147506713867,-1.4963116645812988,-1.340314507484436,2.149876832962036,2.9423394203186035,2.008828408932755,-0.3552132844924927,-0.29603147506713867,0.4623971363561527
537,6,40,33.66207504272461,label_QCD,label_QCD,0.8871647119522095,-1.2074726819992065,-1.0369243621826172,-1.2234655618667603,-1.3168822526931763,0.2841833233833313,0.0,0.0,0.0,1.0,0.0,0.0,-0.14610791206359863,-0.22829437255859375,-0.6807920336723328,-0.6984452605247498,1.367644190788269,1.6798077821731567,0.9753479251329734,-0.14610791206359863,-0.22829437255859375,0.27104583101296037
537,7,30,31.042085647583008,label_QCD,label_QCD,0.8871647119522095,-0.6648274660110474,-0.6141811013221741,-0.6808202862739563,-0.8941389322280884,1.1783885955810547,0.0,0.0,0.0,1.0,0.0,0.0,-0.3679957985877991,-0.3304624557495117,-1.6249749660491943,-1.3577024936676025,2.226740837097168,3.0728282928466797,2.117522066378012,-0.3679957985877991,-0.3304624557495117,0.49459715166817325
537,8,39,30.507286071777344,label_QCD,label_QCD,0.8871647119522095,-1.1112841367721558,-1.1108253002166748,-1.127277135848999,-1.3907831907272339,1.7988576889038086,0.0,0.0,0.0,1.0,0.0,0.0,-0.47055506706237793,-0.44800305366516113,-0.9369426965713501,-0.6118325591087341,1.0160956382751465,1.511506199836731,1.1190177375912929,-0.47055506706237793,-0.44800305366516113,0.64971440435886
537,9,23,30.4949951171875,label_QCD,label_QCD,0.8871647119522095,-0.3595677316188812,-0.28239646553993225,-0.3755606710910797,-0.562354326248169,1.0755302906036377,0.0,0.0,0.0,1.0,0.0,0.0,-0.31655097007751465,-0.3458993434906006,-2.5453672409057617,-2.0608325004577637,3.693128824234009,4.9361042976379395,3.275045799072008,-0.31655097007751465,-0.3458993434906006,0.4688825785676453
537,10,29,30.05433464050293,label_QCD,label_QCD,0.8871647119522095,-0.5476666688919067,-0.3672819435596466,-0.5636594295501709,-0.6472397446632385,0.21399825811386108,-1.0,1.0,0.0,0.0,0.0,0.0,-0.12953102588653564,-0.21790766716003418,-1.7286040782928467,-1.8106778860092163,3.582143545150757,4.372397422790527,2.5033230846963135,-0.12953102588653564,-0.21790766716003418,0.253499582000339
263,1,38,60.97378921508789,label_H4q,label_H4q,0.9651878476142883,-1.9003013372421265,-0.9093756079673767,-2.0475962162017822,-0.8890470266342163,5.0,1.0,1.0,0.0,0.0,0.0,0.0,1.9883434772491455,0.03542184829711914,-0.3540787398815155,-0.07770677655935287,1.7466198205947876,2.015549898147583,0.3625053063878198,1.9883434772491455,0.03542184829711914,1.9886589679620805
263,2,1,33.8490104675293,label_H4q,label_H4q,0.9651878476142883,1.8978209495544434,1.7254083156585693,1.7505260705947876,1.745737075805664,-0.6282218098640442,0.0,0.0,1.0,0.0,0.0,0.0,0.04284760355949402,0.0028839111328125,-80.9831771850586,-15.029401779174805,27.733196258544922,86.90965270996094,82.36599968935275,0.04284760355949402,0.0028839111328125,0.042944546501430474
263,3,18,30.878366470336914,label_H4q,label_H4q,0.9651878476142883,0.195894256234169,0.002968859625980258,0.04859957471489906,0.023297594860196114,-0.4560489058494568,0.0,0.0,0.0,1.0,0.0,0.0,-0.06602984666824341,0.05508136749267578,-7.041431427001953,-1.6910717487335205,1.6191880702972412,7.420461654663086,7.241648997330333,-0.06602984666824341,0.05508136749267578,0.08598777643301946
263,4,20,26.580520629882812,label_H4q,label_H4q,0.9651878476142883,0.1132776215672493,-0.0546947605907917,-0.034017134457826614,-0.0343659408390522,-0.5516433119773865,-1.0,1.0,0.0,0.0,0.0,0.0,0.06157982349395752,0.007936716079711914,-6.321414470672607,-1.2062427997589111,2.2944560050964355,6.833689212799072,6.435472212821625,0.06157982349395752,0.007936716079711914,0.06208917879692821
263,5,35,26.49185562133789,label_H4q,label_H4q,0.9651878476142883,-0.6317955851554871,-0.8353114724159241,-0.7790902256965637,-0.8149829506874084,-0.04092812538146973,0.0,0.0,0.0,1.0,0.0,0.0,-0.1514812558889389,-0.1143035888671875,-2.214960813522339,-0.1470930576324463,0.3035467863082886,2.240497350692749,2.2198395827273654,-0.1514812558889389,-0.1143035888671875,0.18976796703766738
263,6,36,26.418230056762695,label_H4q,label_H4q,0.9651878476142883,-0.7723672986030579,-0.979143500328064,-0.9196622371673584,-0.9588149785995483,0.15424931049346924,0.0,0.0,0.0,1.0,0.0,0.0,-0.19175364077091217,-0.14192438125610352,-1.814607858657837,-0.07024353742599487,0.1746877133846283,1.8243496417999268,1.8159669146911508,-0.19175364077091217,-0.14192438125610352,0.23856233722829734
263,7,0,26.26763343811035,label_H4q,label_H4q,0.9651878476142883,2.266021966934204,2.097719430923462,2.118727445602417,2.1180481910705566,-0.5076538324356079,1.0,1.0,0.0,0.0,0.0,0.0,0.06079384684562683,0.040567874908447266,-135.98049926757812,-30.57682991027832,49.575767517089844,147.93043518066406,139.37588998252858,0.06079384684562683,0.040567874908447266,0.07308655340674478
263,8,11,25.638944625854492,label_H4q,label_H4q,0.9651878476142883,1.0224038362503052,0.8481939435005188,0.8751091361045837,0.8685225248336792,-0.6481139659881592,-1.0,1.0,0.0,0.0,0.0,0.0,0.03465607762336731,0.015517473220825195,-23.132038116455078,-4.596031188964844,7.737379550933838,24.821386337280273,23.584204250113427,0.03465607762336731,0.015517473220825195,0.037971511576389574
263,9,33,25.629051208496094,label_H4q,label_H4q,0.9651878476142883,-0.573620617389679,-0.7704342603683472,-0.7209153771400452,-0.750105619430542,-0.4143674373626709,0.0,0.0,0.0,1.0,0.0,0.0,-0.0930904746055603,0.025073766708374023,-2.361358880996704,-0.4926728904247284,0.4726562798023224,2.4580776691436768,2.412206944236224,-0.0930904746055603,0.025073766708374023,0.09640814405035725
263,10,31,24.915742874145508,label_H4q,label_H4q,0.9651878476142883,-0.42771896719932556,-0.42239224910736084,-0.5750138163566589,-0.40206360816955566,1.5614650249481201,0.0,0.0,0.0,1.0,0.0,0.0,0.537320077419281,-0.24458009004592896,-2.965144634246826,0.18992455303668976,2.7394301891326904,4.041365146636963,2.971220967523104,0.537320077419281,-0.24458009004592896,0.5903662304406789
291,1,62,60.897972106933594,label_H4q,label_H4q,0.8373408317565918,-1.8693081140518188,-1.1046345233917236,-1.8364359140396118,-0.8828650116920471,5.0,-1.0,1.0,0.0,0.0,0.0,0.0,-1.8812026977539062,-0.17251288890838623,0.21644839644432068,0.3110106587409973,1.140830159187317,1.5249332189559937,0.37891626802477996,-1.8812026977539062,-0.17251288890838623,1.889096156069376
291,2,21,31.435131072998047,label_H4q,label_H4q,0.8373408317565918,0.40874433517456055,0.1989811807870865,0.4416162371635437,0.42075061798095703,-0.5009602308273315,1.0,1.0,0.0,0.0,0.0,0.0,-0.0375652089715004,0.0646367073059082,3.5571014881134033,9.147836685180664,-0.21389134228229523,9.81840705871582,9.815084666750243,-0.0375652089715004,0.0646367073059082,0.07475994152232959
291,3,59,29.54861068725586,label_H4q,label_H4q,0.8373408317565918,-1.278465747833252,-1.4238991737365723,-1.245593547821045,-1.202129602432251,0.8659659028053284,0.0,0.0,0.0,1.0,0.0,0.0,0.3767830431461334,-0.1774815320968628,0.5070016384124756,0.7208357453346252,-0.3966620862483978,0.9664345383644104,0.881280223938481,0.3767830431461334,-0.1774815320968628,0.416491483511861
291,4,30,28.658124923706055,label_H4q,label_H4q,0.8373408317565918,0.05884196609258652,-0.15049076080322266,0.091714046895504,0.07127866894006729,1.642197608947754,0.0,0.0,1.0,0.0,0.0,0.0,-0.10302552580833435,0.6017942428588867,-0.9856088757514954,5.871836185455322,0.2600925862789154,5.959658622741699,5.953980605005582,-0.10302552580833435,0.6017942428588867,0.610549399890119
291,5,48,27.24079132080078,label_H4q,label_H4q,0.8373408317565918,-0.7149423956871033,-0.9236831068992615,-0.6820703148841858,-0.701913595199585,-0.7726936936378479,0.0,0.0,0.0,1.0,0.0,0.0,0.0006441585719585419,0.006796121597290039,0.8194056749343872,1.792844533920288,-0.11834380775690079,1.974771499633789,1.9712222560945616,0.0006441585719585419,0.006796121597290039,0.0068265810645578495
291,6,54,26.757776260375977,label_H4q,label_H4q,0.8373408317565918,-1.0019617080688477,-1.204992651939392,-0.9690895676612854,-0.9832230806350708,0.22895103693008423,0.0,0.0,0.0,1.0,0.0,0.0,-0.20069760084152222,-0.16090911626815796,0.7347546219825745,1.082328200340271,0.18551509082317352,1.321254849433899,1.308166154498948,-0.20069760084152222,-0.16090911626815796,0.2572377707136776
291,7,40,26.041288375854492,label_H4q,label_H4q,0.8373408317565918,-0.45858633518218994,-0.6668736338615417,-0.4257143437862396,-0.44510430097579956,-0.713058352470398,0.0,0.0,0.0,1.0,0.0,0.0,0.010624237358570099,0.01896190643310547,1.150265097618103,2.599963903427124,-0.19911843538284302,2.8500123023986816,2.843048028775172,0.010624237358570099,0.01896190643310547,0.021735416145753528
291,8,4,25.935344696044922,label_H4q,label_H4q,0.8373408317565918,1.1500728130340576,0.9518490433692932,1.182944893836975,1.1736184358596802,-0.013217568397521973,-1.0,1.0,0.0,0.0,0.0,0.0,0.12452323734760284,-0.15226006507873535,15.693652153015137,23.553316116333008,-5.233665466308594,28.782983779907227,28.302816431863256,0.12452323734760284,-0.15226006507873535,0.19669561270477834
291,9,52,25.476486206054688,label_H4q,label_H4q,0.8373408317565918,-0.956479012966156,-1.1517765522003174,-0.9236069321632385,-0.9300069212913513,-0.11054980754852295,0.0,0.0,0.0,1.0,0.0,0.0,0.1463184952735901,0.0911029577255249,0.4713139235973358,1.3140175342559814,-0.2891468405723572,1.4256173372268677,1.3959867101476593,0.1463184952735901,0.0911029577255249,0.1723625567385979
291,10,47,24.70533561706543,label_H4q,label_H4q,0.8373408317565918,-0.6645390391349792,-0.8685155510902405,-0.6316669583320618,-0.6467460989952087,-0.49230411648750305,0.0,0.0,0.0,1.0,0.0,0.0,0.07201993465423584,0.02702641487121582,0.8414276838302612,1.9441181421279907,-0.279106467962265,2.136702060699463,2.1183946510664975,0.07201993465423584,0.02702641487121582,0.07692397603082848
284,1,49,60.62731170654297,label_H4q,label_H4q,0.9572775959968567,-2.1959171295166016,-1.2389010190963745,-2.284135103225708,-1.1367195844650269,5.0,1.0,1.0,0.0,0.0,0.0,0.0,2.1987085342407227,-0.052285194396972656,-0.04868002235889435,0.23259420692920685,1.22823965549469,1.2587779760360718,0.23763377216609838,2.1987085342407227,-0.052285194396972656,2.1993301162163257
284,2,12,35.660057067871094,label_H4q,label_H4q,0.9572775959968567,0.7744853496551514,0.5658789277076721,0.6862675547599792,0.6680601835250854,-0.11974239349365234,0.0,0.0,1.0,0.0,0.0,0.0,-0.08315451443195343,-0.14834833145141602,-1.8209911584854126,16.449872970581055,1.0453547239303589,16.583337783813477,16.55035738428434,-0.08315451443195343,-0.14834833145141602,0.1700644016684066
284,3,46,34.22963333129883,label_H4q,label_H4q,0.9572775959968567,-1.0669686794281006,-1.2760075330734253,-1.1551862955093384,-1.1738262176513672,-0.3987477123737335,0.0,0.0,0.0,1.0,0.0,0.0,-0.09385930001735687,-0.035399794578552246,-0.263883113861084,1.1625787019729614,0.06251563131809235,1.1937888860702515,1.192150802567426,-0.09385930001735687,-0.035399794578552246,0.10031307818999427
284,4,48,31.50221824645996,label_H4q,label_H4q,0.9572775959968567,-1.1276456117630005,-1.3343818187713623,-1.2158632278442383,-1.2322007417678833,-0.5942548513412476,0.0,0.0,0.0,1.0,0.0,0.0,-0.04963431507349014,0.013495445251464844,-0.29378747940063477,1.052948236465454,0.10580841451883316,1.0982743501663208,1.0931656195326893,-0.04963431507349014,0.013495445251464844,0.051436293367133054
284,5,44,30.864112854003906,label_H4q,label_H4q,0.9572775959968567,-0.9188000559806824,-1.127899408340454,-1.007017731666565,-1.025718331336975,-0.3988913893699646,0.0,0.0,0.0,1.0,0.0,0.0,-0.09553875029087067,-0.030460715293884277,-0.3331824243068695,1.4350160360336304,0.0747755691409111,1.4750840663909912,1.4731875479858891,-0.09553875029087067,-0.030460715293884277,0.1002771558399839
284,6,26,30.53169059753418,label_H4q,label_H4q,0.9572775959968567,0.18593598902225494,-0.02192615158855915,0.09771818667650223,0.0802551731467247,-0.47734779119491577,0.0,0.0,0.0,1.0,0.0,0.0,-0.0680806040763855,-0.04326152801513672,-1.525516390800476,6.974470138549805,0.5588244199752808,7.161195278167725,7.139358092442474,-0.0680806040763855,-0.04326152801513672,0.08066305509717579
284,7,43,29.80388069152832,label_H4q,label_H4q,0.9572775959968567,-0.6368257999420166,-0.8455497026443481,-0.7250435948371887,-0.7433684468269348,-0.2973373532295227,0.0,0.0,0.0,1.0,0.0,0.0,-0.08587370812892914,-0.09174728393554688,-0.3660278022289276,2.173337697982788,0.13320131599903107,2.2079663276672363,2.2039448952906384,-0.08587370812892914,-0.09174728393554688,0.1256656590217167
284,8,42,28.76786994934082,label_H4q,label_H4q,0.9572775959968567,-0.6126784682273865,-0.8028272986412048,-0.7008962035179138,-0.7006462216377258,0.03248238563537598,0.0,0.0,0.0,1.0,0.0,0.0,0.09300701320171356,0.18618237972259521,-0.9815526604652405,2.059339761734009,0.55109703540802,2.3469200134277344,2.281299164845566,0.09300701320171356,0.18618237972259521,0.20812059730808086
284,9,14,28.410236358642578,label_H4q,label_H4q,0.9572775959968567,0.729810893535614,0.5236249566078186,0.6415930986404419,0.6258062124252319,-0.631368100643158,0.0,0.0,0.0,1.0,0.0,0.0,-0.04179015010595322,0.005556821823120117,-4.0540385246276855,14.988519668579102,1.6252951622009277,15.61193561553955,15.527103729110204,-0.04179015010595322,0.005556821823120117,0.04215797569442828
284,10,2,27.35868263244629,label_H4q,label_H4q,0.9572775959968567,1.5024880170822144,1.3030469417572021,1.414270281791687,1.4052282571792603,-0.5810410380363464,0.0,0.0,1.0,0.0,0.0,0.0,0.027852565050125122,0.04712402820587158,-14.093430519104004,44.6534538269043,8.19472599029541,47.536399841308594,46.824734088602,0.027852565050125122,0.04712402820587158,0.05473974254798091
618,1,48,60.590511322021484,label_Zqq,label_Zqq,0.8850794434547424,-1.7713205814361572,-0.8661862015724182,-1.6727055311203003,-0.8398362994194031,4.5877766609191895,1.0,1.0,0.0,0.0,0.0,0.0,1.32244873046875,-0.2557107210159302,-0.18030306696891785,-0.396806925535202,2.0944061279296875,2.1438241004943848,0.43584966687046744,1.32244873046875,-0.2557107210159302,1.3469441775964197
618,2,47,33.29997634887695,label_Zqq,label_Zqq,0.8850794434547424,-1.2093676328659058,-1.1439578533172607,-1.1107523441314697,-1.1176079511642456,-0.6780374646186829,0.0,0.0,0.0,1.0,0.0,0.0,-0.004866600036621094,-0.03009974956512451,-0.19409000873565674,-0.9531506896018982,1.0640161037445068,1.4416301250457764,0.9727112462491535,-0.004866600036621094,-0.03009974956512451,0.030490633312538026
618,3,6,32.10315704345703,label_Zqq,label_Zqq,0.8850794434547424,0.8788151741027832,0.9643291234970093,0.9774302244186401,0.9906788468360901,-0.6465806365013123,-1.0,1.0,0.0,0.0,0.0,0.0,0.03358370065689087,0.018526434898376465,-2.913630247116089,-18.988130569458008,22.124109268188477,29.300750732421875,19.21037073405132,0.03358370065689087,0.018526434898376465,0.03835483984916941
618,4,35,27.67139434814453,label_Zqq,label_Zqq,0.8850794434547424,-0.4585023820400238,-0.3957582116127014,-0.3598870635032654,-0.3694083094596863,-0.5366173982620239,0.0,0.0,0.0,1.0,0.0,0.0,-0.010034382343292236,0.06507658958435059,-0.3000069558620453,-2.8275177478790283,3.0885512828826904,4.19809627532959,2.8433889618088664,-0.010034382343292236,0.06507658958435059,0.06584566303820914
618,5,4,27.53609275817871,label_Zqq,label_Zqq,0.8850794434547424,1.3078426122665405,1.365912914276123,1.406457781791687,1.3922626972198486,-0.6340106129646301,0.0,0.0,1.0,0.0,0.0,0.0,-0.019135892391204834,0.036821842193603516,-4.735814094543457,-35.140235900878906,38.040279388427734,52.003143310546875,35.45792033252226,-0.019135892391204834,0.036821842193603516,0.04149735461614886
618,6,34,27.042827606201172,label_Zqq,label_Zqq,0.8850794434547424,-0.3900742530822754,-0.3295370042324066,-0.29145893454551697,-0.30318716168403625,-0.5522038340568542,0.0,0.0,0.0,1.0,0.0,0.0,-0.014325380325317383,0.060269951820373535,-0.34579792618751526,-3.116255283355713,3.3858883380889893,4.614635467529297,3.1353824641976265,-0.014325380325317383,0.060269951820373535,0.061949040459841974
618,7,11,26.48235321044922,label_Zqq,label_Zqq,0.8850794434547424,0.6783743500709534,0.7201910614967346,0.7769894003868103,0.7465407848358154,-0.5897989869117737,-1.0,1.0,0.0,0.0,0.0,0.0,-0.051241934299468994,-0.01165306568145752,-2.6174514293670654,-14.187644958496094,14.806305885314941,20.673328399658203,14.427069052771436,-0.051241934299468994,-0.01165306568145752,0.05255025947155218
618,8,24,26.43508529663086,label_Zqq,label_Zqq,0.8850794434547424,-0.03230414167046547,0.011437010951340199,0.06631092727184296,0.03778691217303276,-0.466775506734848,0.0,0.0,0.0,1.0,0.0,0.0,-0.04737669229507446,0.06852269172668457,-0.5335944294929504,-5.199765682220459,5.3934645652771,7.510775089263916,5.2270724277728835,-0.04737669229507446,0.06852269172668457,0.08330612375025269
618,9,36,25.85000228881836,label_Zqq,label_Zqq,0.8850794434547424,-0.5069905519485474,-0.4171943664550781,-0.40837550163269043,-0.3908447325229645,-0.48047396540641785,0.0,0.0,0.0,1.0,0.0,0.0,0.04168182611465454,-0.06814455986022949,-0.6278858780860901,-2.577728748321533,3.0883772373199463,4.071485996246338,2.6530974682101744,0.04168182611465454,-0.06814455986022949,0.07988151016847828
618,10,3,25.756675720214844,label_Zqq,label_Zqq,0.8850794434547424,1.5053253173828125,1.6255788803100586,1.6039403676986694,1.6519287824630737,-0.40324845910072327,1.0,1.0,0.0,0.0,0.0,0.0,0.09817290306091309,-0.014153361320495605,-8.645319938659668,-46.21320343017578,58.89373779296875,75.35842895507812,47.0149096364185,0.09817290306091309,-0.014153361320495605,0.0991878850065669
312,1,56,60.384735107421875,label_H4q,label_H4q,0.5483970046043396,-1.6839717626571655,-0.9575684070587158,-1.5968148708343506,-0.701938271522522,5.0,1.0,1.0,0.0,0.0,0.0,0.0,1.726523518562317,-0.5021762847900391,-0.043431371450424194,-0.49186190962791443,1.8101316690444946,1.8814544677734375,0.49377568000953975,1.726523518562317,-0.5021762847900391,1.7980724349019783
312,2,53,32.3104248046875,label_H4q,label_H4q,0.5483970046043396,-1.1382125616073608,-1.3365660905838013,-1.0510557889938354,-1.080936312675476,-0.2287028431892395,0.0,0.0,0.0,1.0,0.0,0.0,-0.10087931156158447,0.10110461711883545,0.5305516123771667,-0.937009334564209,0.1980685293674469,1.0948528051376343,1.0767875865074195,-0.10087931156158447,0.10110461711883545,0.14282429451562345
312,3,47,31.267980575561523,label_H4q,label_H4q,0.5483970046043396,-0.7733336091041565,-0.9659951329231262,-0.6861768960952759,-0.7103650569915771,-0.3994152545928955,0.0,0.0,0.0,1.0,0.0,0.0,-0.06030923128128052,0.07995033264160156,0.8599436283111572,-1.5966031551361084,0.40867701172828674,1.8589409589767456,1.8134620698717505,-0.06030923128128052,0.07995033264160156,0.10014618848084895
312,4,5,30.607847213745117,label_H4q,label_H4q,0.5483970046043396,0.8095076680183411,0.6430379152297974,0.896664559841156,0.8986677527427673,-0.3017812669277191,0.0,0.0,1.0,0.0,0.0,0.0,0.07252854108810425,-0.10125946998596191,5.354983329772949,-16.554927825927734,6.331989288330078,18.515819549560547,17.399467859214045,0.07252854108810425,-0.10125946998596191,0.12455468491472631
312,5,40,29.99043083190918,label_H4q,label_H4q,0.5483970046043396,-0.4475286900997162,-0.6515584588050842,-0.36037206649780273,-0.39592862129211426,-0.0741415023803711,0.0,0.0,0.0,1.0,0.0,0.0,-0.15301088988780975,0.09755551815032959,1.414193034172058,-2.5184166431427,0.37884217500686646,2.9130544662475586,2.8883151362617823,-0.15301088988780975,0.09755551815032959,0.18146462891108758
312,6,46,29.798250198364258,label_H4q,label_H4q,0.5483970046043396,-0.7685943245887756,-0.9732000827789307,-0.6814374923706055,-0.7175701260566711,-0.09556299448013306,0.0,0.0,0.0,1.0,0.0,0.0,-0.1594962775707245,0.07466864585876465,0.8572834134101868,-1.611999750137329,0.22753891348838806,1.8399053812026978,1.8257814889386497,-0.1594962775707245,0.07466864585876465,0.17610925368446487
312,7,42,29.529096603393555,label_H4q,label_H4q,0.5483970046043396,-0.5299067497253418,-0.7382091283798218,-0.44275012612342834,-0.48257914185523987,0.27847903966903687,0.0,0.0,0.0,1.0,0.0,0.0,-0.214129239320755,0.16383981704711914,1.4027152061462402,-2.1506295204162598,0.17903836071491241,2.573882579803467,2.5676482009106625,-0.214129239320755,0.16383981704711914,0.26961976333740567
312,8,49,29.494035720825195,label_H4q,label_H4q,0.5483970046043396,-0.8225600123405457,-1.0199086666107178,-0.7354033589363098,-0.7642788290977478,-0.40856674313545227,0.0,0.0,0.0,1.0,0.0,0.0,-0.09310545027256012,0.03012681007385254,0.7264363765716553,-1.5262540578842163,0.32429319620132446,1.7211412191390991,1.6903139526178539,-0.09310545027256012,0.03012681007385254,0.09785831367687749
312,9,51,29.39811897277832,label_H4q,label_H4q,0.5483970046043396,-0.9537691473960876,-1.1623684167861938,-0.8666122555732727,-0.9067383408546448,0.09885114431381226,0.0,0.0,0.0,1.0,0.0,0.0,-0.22052083909511566,0.04320180416107178,0.6187650561332703,-1.257400393486023,0.08874067664146423,1.4042083024978638,1.4014014215171948,-0.22052083909511566,0.04320180416107178,0.2247127863695911
312,10,48,29.077102661132812,label_H4q,label_H4q,0.5483970046043396,-0.8158435225486755,-0.995113730430603,-0.7286868691444397,-0.7394838929176331,-0.7393274307250977,0.0,0.0,0.0,1.0,0.0,0.0,0.014680832624435425,0.0038138628005981445,0.692643404006958,-1.55973219871521,0.5169904828071594,1.7831990718841553,1.7066105053067409,0.014680832624435425,0.0038138628005981445,0.015168137526027177
342,1,31,60.03171920776367,label_Tbl,label_Tbl,0.999915599822998,-1.6307157278060913,-0.8230176568031311,-1.5687625408172607,-0.588456392288208,5.0,-1.0,1.0,0.0,0.0,0.0,0.0,-2.2531206607818604,0.2921135425567627,0.3270864486694336,-0.42059364914894104,2.212672472000122,2.28019380569458,0.5328081855673809,-2.2531206607818604,0.2921135425567627,2.271977780214223
342,2,17,39.51321792602539,label_Tbl,label_Tbl,0.999915599822998,-0.26559701561927795,-0.4649563133716583,-0.20364417135715485,-0.2303951233625412,0.013401150703430176,1.0,1.0,0.0,0.0,0.0,0.0,0.0488775297999382,0.19738876819610596,2.009413719177246,-3.160949945449829,-0.6431088447570801,3.802948474884033,3.745577132092865,0.0488775297999382,0.19738876819610596,0.2033502857861771
342,3,29,35.91583251953125,label_Tbl,label_Tbl,0.999915599822998,-0.9670276045799255,-1.1581212282180786,-0.905074417591095,-0.9235602021217346,0.3505402207374573,0.0,0.0,0.0,1.0,0.0,0.0,0.11147741228342056,0.2651541233062744,0.814599335193634,-1.1078577041625977,-0.32396450638771057,1.412753939628601,1.375107548364975,0.11147741228342056,0.2651541233062744,0.2876350509860137
342,4,15,35.54466247558594,label_Tbl,label_Tbl,0.999915599822998,-0.12865522503852844,-0.33230724930763245,-0.06670212745666504,-0.09774589538574219,0.46491891145706177,0.0,0.0,1.0,0.0,0.0,0.0,0.012888960540294647,-0.31596696376800537,0.2408449500799179,-4.5485429763793945,-0.6162177324295044,4.596408843994141,4.55491487274453,0.012888960540294647,-0.31596696376800537,0.31622973847597147
342,5,13,35.385284423828125,label_Tbl,label_Tbl,0.999915599822998,-0.06675653159618378,-0.26881271600723267,-0.004803514573723078,-0.03425145149230957,0.1193731427192688,1.0,1.0,0.0,0.0,0.0,0.0,0.026360757648944855,0.22832661867141724,2.7981467247009277,-4.114767551422119,-0.7408996224403381,5.032826900482178,4.976036283548474,0.026360757648944855,0.22832661867141724,0.22984328212447103
342,6,27,34.39232635498047,label_Tbl,label_Tbl,0.999915599822998,-0.7313392162322998,-0.9314484000205994,-0.6693861484527588,-0.6968870759010315,0.035752713680267334,0.0,0.0,0.0,1.0,0.0,0.0,0.04651305824518204,0.2036951184272766,1.0432581901550293,-1.618483543395996,-0.32600075006484985,1.9529857635498047,1.9255847505548038,0.04651305824518204,0.2036951184272766,0.2089381866926722
342,7,28,34.25249481201172,label_Tbl,label_Tbl,0.999915599822998,-0.922318160533905,-1.126160740852356,-0.8603651523590088,-0.8915994763374329,0.09085899591445923,1.0,1.0,0.0,0.0,0.0,0.0,-0.02894625812768936,0.2208256721496582,0.8151414394378662,-1.2182449102401733,-0.13657772541046143,1.478752613067627,1.4658022471039278,-0.02894625812768936,0.2208256721496582,0.2227147577955784
342,8,30,32.67637634277344,label_Tbl,label_Tbl,0.999915599822998,-1.1728817224502563,-1.352573037147522,-1.1109286546707153,-1.1180118322372437,1.7695448398590088,0.0,0.0,0.0,1.0,0.0,0.0,-0.41838836669921875,-0.487453818321228,-0.12123747169971466,-1.0175591707229614,0.3082050085067749,1.0701007843017578,1.0247561614679563,-0.41838836669921875,-0.487453818321228,0.6423862159053421
342,9,24,31.73873519897461,label_Tbl,label_Tbl,0.999915599822998,-0.6905459761619568,-0.8892642259597778,-0.6285927891731262,-0.65470290184021,0.036582350730895996,0.0,0.0,0.0,1.0,0.0,0.0,0.058030836284160614,0.200933575630188,1.1011197566986084,-1.718652367591858,-0.3694306015968323,2.0742974281311035,2.041134654847911,0.058030836284160614,0.200933575630188,0.20914559468315733
342,10,22,28.915220260620117,label_Tbl,label_Tbl,0.999915599822998,-0.5683156847953796,-0.7329298257827759,-0.5063627362251282,-0.4983685314655304,1.4102704524993896,0.0,0.0,1.0,0.0,0.0,0.0,-0.48599404096603394,0.2629462480545044,1.4355096817016602,-1.961356520652771,0.9044051170349121,2.5933678150177,2.4305570240926966,-0.48599404096603394,0.2629462480545044,0.5525675861109083
138,1,36,59.90918731689453,label_Hgg,label_Hcc,0.4350200295448303,-1.9600123167037964,-0.959036648273468,-1.9432663917541504,-0.7669454216957092,5.0,-1.0,1.0,0.0,0.0,0.0,0.0,2.1727402210235596,0.18653082847595215,-0.281589150428772,-0.1775015890598297,1.8424910306930542,1.8775123357772827,0.3328652336276083,2.1727402210235596,0.18653082847595215,2.1807324040389346
138,2,6,37.309303283691406,label_Hgg,label_Hcc,0.4350200295448303,1.0791627168655396,0.8944084644317627,1.095908522605896,1.0864996910095215,-0.4103935956954956,0.0,0.0,1.0,0.0,0.0,0.0,0.03058454394340515,-0.09247517585754395,-24.555686950683594,-7.152533531188965,6.99478816986084,26.51542091369629,25.57617050175329,0.03058454394340515,-0.09247517585754395,0.09740160408386384
138,3,31,34.86621856689453,label_Hgg,label_Hcc,0.4350200295448303,-0.8224981427192688,-1.0065796375274658,-0.8057520985603333,-0.8144885897636414,-0.48042047023773193,0.0,0.0,0.0,1.0,0.0,0.0,0.03420424461364746,-0.07220292091369629,-1.613097906112671,-0.5055513381958008,0.468669056892395,1.7542284727096558,1.6904635489287096,0.03420424461364746,-0.07220292091369629,0.07989488180140022
138,4,33,34.819374084472656,label_Hgg,label_Hcc,0.4350200295448303,-1.062501311302185,-1.2450264692306519,-1.0457555055618286,-1.052935242652893,-0.5282934308052063,0.0,0.0,0.0,1.0,0.0,0.0,0.042409420013427734,-0.05306100845336914,-1.1377965211868286,-0.3806561231613159,0.34285852313041687,1.2478108406066895,1.1997833169889687,0.042409420013427734,-0.05306100845336914,0.0679266481137104
138,5,35,30.51654815673828,label_Hgg,label_Hcc,0.4350200295448303,-1.1269465684890747,-1.3364619016647339,-1.1102006435394287,-1.144370675086975,1.0124504566192627,0.0,0.0,0.0,1.0,0.0,0.0,-0.2768198847770691,0.358722448348999,-0.8120229244232178,-0.7334977388381958,-0.040732599794864655,1.0950156450271606,1.0942578136205292,-0.2768198847770691,0.358722448348999,0.4531126168597494
138,6,30,29.470539093017578,label_Hgg,label_Hcc,0.4350200295448303,-0.6709386706352234,-0.8659694194793701,-0.6541928648948669,-0.6738782525062561,-0.4340260922908783,0.0,0.0,0.0,1.0,0.0,0.0,-0.032059744000434875,-0.0856926441192627,-2.011333703994751,-0.6006863713264465,0.43879497051239014,2.1444878578186035,2.0991158580513316,-0.032059744000434875,-0.0856926441192627,0.09149347759006665
138,7,29,28.089271545410156,label_Hgg,label_Hcc,0.4350200295448303,-0.6226706504821777,-0.8281822204589844,-0.6059247255325317,-0.6360909938812256,1.0971527099609375,0.0,0.0,0.0,1.0,0.0,0.0,-0.35296767950057983,0.3168013095855713,-1.7306166887283325,-1.4362499713897705,-0.2554962635040283,2.263432502746582,2.2489660076626623,-0.35296767950057983,0.3168013095855713,0.4742881534754553
138,8,18,28.06055450439453,label_Hgg,label_Hcc,0.4350200295448303,-0.018901299685239792,-0.20452436804771423,-0.002155256224796176,-0.012433194555342197,-0.6945419907569885,0.0,0.0,0.0,1.0,0.0,0.0,0.02583935856819153,-0.005235910415649414,-4.966248512268066,-1.9300838708877563,1.4309841394424438,5.516934394836426,5.328118620513797,0.02583935856819153,-0.005235910415649414,0.02636450661583256
138,9,1,27.153844833374023,label_Hgg,label_Hcc,0.4350200295448303,1.7474629878997803,1.55967116355896,1.7642087936401367,1.7517621517181396,-0.5355420112609863,0.0,0.0,0.0,1.0,0.0,0.0,0.013626009225845337,-0.06469511985778809,-63.25318145751953,-20.346576690673828,17.006328582763672,68.58690643310547,66.44507617218423,0.013626009225845337,-0.06469511985778809,0.06611449660124766
138,10,27,26.166162490844727,label_Hgg,label_Hcc,0.4350200295448303,-0.6044067144393921,-0.8024061918258667,-0.5876609683036804,-0.6103150248527527,1.391955852508545,0.0,0.0,0.0,1.0,0.0,0.0,-0.4253014326095581,0.34555840492248535,-1.733242154121399,-1.5246832370758057,-0.4311336576938629,2.348332166671753,2.308416630126231,-0.4253014326095581,0.34555840492248535,0.5479889778018485
523,1,52,59.74907302856445,label_QCD,label_Tbqq,0.8045963644981384,-1.9482043981552124,-0.9046835899353027,-2.1029303073883057,-0.8938335180282593,5.0,-1.0,1.0,0.0,0.0,0.0,0.0,2.2367851734161377,0.441528856754303,0.2893781065940857,0.17567402124404907,-1.9957923889160156,2.0291051864624023,0.33852776889944,2.2367851734161377,0.441528856754303,2.2799464123880244
523,2,43,42.38627624511719,label_QCD,label_Tbqq,0.8045963644981384,-0.8069465160369873,-0.9978823065757751,-0.9616721868515015,-0.9870322346687317,0.010658979415893555,0.0,0.0,0.0,1.0,0.0,0.0,-0.0032215863466262817,-0.2026391476392746,1.7200511693954468,-0.17008455097675323,-0.4089503288269043,1.7761601209640503,1.7284399844425051,-0.0032215863466262817,-0.2026391476392746,0.20266475464313102
523,3,50,38.20914077758789,label_QCD,label_Tbqq,0.8045963644981384,-1.245297908782959,-1.4437702894210815,-1.4000236988067627,-1.4329203367233276,-0.22394704818725586,0.0,0.0,0.0,1.0,0.0,0.0,-0.05568757653236389,-0.1328108012676239,0.9236611723899841,-0.026548413559794426,-0.16908808052539825,0.9393857717514038,0.9240426286938184,-0.05568757653236389,-0.1328108012676239,0.14401324631226176
523,4,44,33.23326110839844,label_QCD,label_Tbqq,0.8045963644981384,-0.8928748965263367,-1.0967299938201904,-1.0476007461547852,-1.085879921913147,-0.11617547273635864,0.0,0.0,0.0,1.0,0.0,0.0,-0.10497365891933441,-0.13493157923221588,1.5280438661575317,-0.04716344550251961,-0.2034563571214676,1.542250633239746,1.5287715484968072,-0.10497365891933441,-0.13493157923221588,0.17095613513709448
523,5,36,32.11513900756836,label_QCD,label_Tbqq,0.8045963644981384,-0.566900372505188,-0.7517620325088501,-0.7216259837150574,-0.740912139415741,-0.25107043981552124,0.0,0.0,0.0,1.0,0.0,0.0,0.03193800151348114,-0.13346420228481293,2.434424638748169,-0.07156363874673843,-0.6646046042442322,2.5245285034179688,2.4354762729566524,0.03193800151348114,-0.13346420228481293,0.1372323913374557
523,6,39,30.951595306396484,label_QCD,label_Tbqq,0.8045963644981384,-0.6832627654075623,-0.8741735219955444,-0.8379884362220764,-0.8633235096931458,-0.27857542037963867,0.0,0.0,0.0,1.0,0.0,0.0,-0.003066420555114746,-0.13032007217407227,2.061772346496582,-0.05412144958972931,-0.4883139729499817,2.1195011138916016,2.0624825672193485,-0.003066420555114746,-0.13032007217407227,0.13035614349341665
523,7,27,29.849010467529297,label_QCD,label_Tbqq,0.8045963644981384,-0.02170802280306816,-0.20583565533161163,-0.17643360793590546,-0.1949857622385025,-0.17034286260604858,0.0,0.0,0.0,1.0,0.0,0.0,0.0358930379152298,-0.15326756238937378,5.300378799438477,-0.2609436810016632,-1.4699121713638306,5.5066094398498535,5.306798189322029,0.0358930379152298,-0.15326756238937378,0.15741428096448146
523,8,19,29.449962615966797,label_QCD,label_Tbqq,0.8045963644981384,0.19090698659420013,-0.011966395191848278,0.03618106618523598,-0.0011165142059326172,-0.06314486265182495,0.0,0.0,0.0,1.0,0.0,0.0,-0.09473186731338501,-0.15798921883106232,7.17979097366333,-0.38746020197868347,-1.0312535762786865,7.263814926147461,7.190238092971247,-0.09473186731338501,-0.15798921883106232,0.18421378871173047
523,9,34,27.781837463378906,label_QCD,label_Tbqq,0.8045963644981384,-0.3964625895023346,-0.5893501043319702,-0.5511885285377502,-0.5785002112388611,0.22481757402420044,0.0,0.0,0.0,1.0,0.0,0.0,-0.01564958691596985,0.2557259798049927,2.9079527854919434,1.093904733657837,-0.6954719424247742,3.1837868690490723,3.1068982875159232,-0.01564958691596985,0.2557259798049927,0.25620438387713823
523,10,37,27.01387596130371,label_QCD,label_Tbqq,0.8045963644981384,-0.5939571261405945,-0.7811021208763123,-0.7486830353736877,-0.7702522873878479,0.32867199182510376,0.0,0.0,0.0,1.0,0.0,0.0,0.019262388348579407,0.28150975704193115,2.171097993850708,0.8812580108642578,-0.6086699366569519,2.420900821685791,2.3431351178741266,0.019262388348579407,0.28150975704193115,0.2821680047679017
90,1,34,59.7425422668457,label_Hcc,label_Wqq,0.5637784004211426,-1.8704508543014526,-1.0009464025497437,-1.8637455701828003,-0.8216429352760315,5.0,1.0,1.0,0.0,0.0,0.0,0.0,1.9963479042053223,-0.1996215581893921,0.35705557465553284,0.12498316168785095,1.721818208694458,1.7684024572372437,0.3782981285944781,1.9963479042053223,-0.1996215581893921,2.006303496761879
90,2,10,38.56390380859375,label_Hcc,label_Wqq,0.5637784004211426,0.9130794405937195,0.7091584205627441,0.9197847247123718,0.8884617686271667,-0.4179508686065674,0.0,0.0,1.0,0.0,0.0,0.0,-0.09212879836559296,-0.025196850299835205,17.595651626586914,9.868488311767578,2.6702969074249268,20.35004997253418,20.17409273607376,-0.09212879836559296,-0.025196850299835205,0.09551228587632268
90,3,8,33.47730255126953,label_Hcc,label_Wqq,0.5637784004211426,1.1419800519943237,0.9385531544685364,1.148685097694397,1.117856502532959,-0.40363624691963196,1.0,1.0,0.0,0.0,0.0,0.0,-0.09096057713031769,-0.03930887579917908,24.592391967773438,13.339937210083008,3.7361464500427246,28.241437911987305,27.97748500965669,-0.09096057713031769,-0.03930887579917908,0.09909093958821745
90,4,32,33.29225540161133,label_Hcc,label_Wqq,0.5637784004211426,-1.0788203477859497,-1.2852222919464111,-1.0721153020858765,-1.1059187650680542,-0.1847802996635437,0.0,0.0,0.0,1.0,0.0,0.0,-0.12262792140245438,-0.09283506870269775,1.0587406158447266,0.5029630064964294,0.1191527470946312,1.1781768798828125,1.172136287955969,-0.12262792140245438,-0.09283506870269775,0.15380493193822212
90,5,12,33.093509674072266,label_Hcc,label_Wqq,0.5637784004211426,0.6676068902015686,0.46471890807151794,0.674312174320221,0.6440222263336182,-0.42240840196609497,1.0,1.0,0.0,0.0,0.0,0.0,-0.0816526859998703,-0.047368794679641724,12.542105674743652,6.673093795776367,2.030693292617798,14.35192584991455,14.2068503041197,-0.0816526859998703,-0.047368794679641724,0.09439790167368907
90,6,13,30.929996490478516,label_Hcc,label_Wqq,0.5637784004211426,0.5802774429321289,0.37899214029312134,0.5869827270507812,0.5582956671714783,-0.511258602142334,1.0,1.0,0.0,0.0,0.0,0.0,-0.06637206673622131,-0.028380870819091797,10.957231521606445,6.09956169128418,1.986309289932251,12.697656631469727,12.540557222223716,-0.06637206673622131,-0.028380870819091797,0.0721853521934152
90,7,14,30.889711380004883,label_Hcc,label_Wqq,0.5637784004211426,0.1632593274116516,-0.034275565296411514,0.1699645072221756,0.14502768218517303,-0.6098599433898926,0.0,0.0,0.0,1.0,0.0,0.0,-0.034829601645469666,-0.03234928846359253,6.052419662475586,3.337808132171631,1.3160768747329712,7.0359649658203125,6.911783192339887,-0.034829601645469666,-0.03234928846359253,0.04753501461957095
90,8,9,30.627872467041016,label_Hcc,label_Wqq,0.5637784004211426,0.9476738572120667,0.7551347613334656,0.9543789625167847,0.9344381093978882,-0.4484221339225769,0.0,0.0,1.0,0.0,0.0,0.0,0.00017879903316497803,-0.08789429068565369,19.10041046142578,9.189741134643555,4.793976306915283,21.731525421142578,21.196155828751195,0.00017879903316497803,-0.08789429068565369,0.08789447254650573
90,9,29,30.354881286621094,label_Hcc,label_Wqq,0.5637784004211426,-0.8324853181838989,-1.035833477973938,-0.8257802128791809,-0.8565302491188049,-0.45457443594932556,0.0,0.0,0.0,1.0,0.0,0.0,-0.08602975308895111,0.007503926753997803,1.4260892868041992,0.8622905015945435,0.2308414876461029,1.6824277639389038,1.666515995446152,-0.08602975308895111,0.007503926753997803,0.08635639717632537
90,10,11,27.1212100982666,label_Hcc,label_Wqq,0.5637784004211426,0.816823422908783,0.6190009713172913,0.823528528213501,0.7983043193817139,-0.5477209091186523,0.0,0.0,0.0,1.0,0.0,0.0,-0.037037357687950134,-0.05104929208755493,15.55228042602539,8.201372146606445,3.308342695236206,17.890810012817383,17.582261843598637,-0.037037357687950134,-0.05104929208755493,0.06306977157993882
330,1,35,59.63822937011719,label_Tbl,label_Tbl,0.9461072683334351,-1.8641159534454346,-1.0042825937271118,-1.806356430053711,-1.0828315019607544,4.568658351898193,-1.0,1.0,0.0,0.0,0.0,0.0,1.1334195137023926,-0.718864381313324,0.051040664315223694,-0.37830960750579834,1.712418556213379,1.759994387626648,0.3817372244685217,1.1334195137023926,-0.718864381313324,1.3421645922771008
330,2,9,35.44704055786133,label_Tbl,label_Tbl,0.9461072683334351,0.6940761208534241,0.7659659385681152,0.7518354654312134,0.6874169111251831,-0.14395672082901,0.0,0.0,1.0,0.0,0.0,0.0,-0.11414605379104614,0.1177719235420227,12.176848411560059,-8.331562042236328,16.41376495361328,22.070392608642578,14.754340490233574,-0.11414605379104614,0.1177719235420227,0.16401081540818105
330,3,30,31.298416137695312,label_Tbl,label_Tbl,0.9461072683334351,-0.6292867064476013,-0.554867148399353,-0.5715274214744568,-0.6334159970283508,-0.35654324293136597,0.0,0.0,0.0,1.0,0.0,0.0,-0.10929393768310547,0.018593132495880127,1.7050262689590454,-1.4338836669921875,2.4945712089538574,3.3445513248443604,2.227809899499364,-0.10929393768310547,0.018593132495880127,0.11086419345436964
330,4,32,28.78779411315918,label_Tbl,label_Tbl,0.9461072683334351,-0.7412511110305786,-0.6779448390007019,-0.683491587638855,-0.7564936280250549,-0.16338974237442017,0.0,0.0,0.0,1.0,0.0,0.0,-0.13071733713150024,0.09078830480575562,1.5373578071594238,-1.113945484161377,2.0652642250061035,2.8052914142608643,1.8985108819592151,-0.13071733713150024,0.09078830480575562,0.15915256364964117
330,5,33,28.69929313659668,label_Tbl,label_Tbl,0.9461072683334351,-1.1841880083084106,-1.1401755809783936,-1.1264286041259766,-1.2187244892120361,-0.097339928150177,0.0,0.0,0.0,1.0,0.0,0.0,-0.16861146688461304,0.04927849769592285,0.7912665605545044,-0.6250131726264954,1.0412172079086304,1.4494404792785645,1.0083373621007963,-0.16861146688461304,0.04927849769592285,0.17566501387626401
330,6,22,28.460237503051758,label_Tbl,label_Tbl,0.9461072683334351,-0.26425662636756897,-0.17553405463695526,-0.20649738609790802,-0.25408291816711426,1.299736499786377,0.0,0.0,1.0,0.0,0.0,0.0,-0.08211547136306763,0.5184716582298279,3.6784329414367676,-0.7431754469871521,4.356809139251709,5.750214099884033,3.75275614044554,-0.08211547136306763,0.5184716582298279,0.5249341016020642
330,7,26,27.901626586914062,label_Tbl,label_Tbl,0.9461072683334351,-0.454585999250412,-0.37008213996887207,-0.39682650566101074,-0.44863107800483704,-0.4391031265258789,0.0,0.0,0.0,1.0,0.0,0.0,-0.09008771181106567,0.004961252212524414,2.1630711555480957,-1.8700156211853027,3.2847652435302734,4.3549418449401855,2.8593417507253704,-0.09008771181106567,0.004961252212524414,0.09022421982411319
330,8,29,26.353696823120117,label_Tbl,label_Tbl,0.9461072683334351,-0.6162632703781128,-0.55239337682724,-0.5585037469863892,-0.6309423446655273,-0.2809792757034302,0.0,0.0,0.0,1.0,0.0,0.0,-0.1296241283416748,0.005830347537994385,1.7182601690292358,-1.4828606843948364,2.472665309906006,3.3563919067382812,2.2696461878002707,-0.1296241283416748,0.005830347537994385,0.12975518332903999
330,9,15,26.327301025390625,label_Tbl,label_Tbl,0.9461072683334351,0.2241431474685669,0.32836630940437317,0.28190264105796814,0.24981746077537537,-0.5870130658149719,0.0,0.0,0.0,1.0,0.0,0.0,-0.053122758865356445,0.0036314725875854492,5.697292327880859,-4.938669681549072,9.092184066772461,11.811748504638672,7.539867246363301,-0.053122758865356445,0.0036314725875854492,0.0532467379528661
330,10,4,25.234949111938477,label_Tbl,label_Tbl,0.9461072683334351,0.8130595088005066,0.8869668841362,0.8708187937736511,0.8084178566932678,-0.2504727840423584,1.0,1.0,0.0,0.0,0.0,0.0,-0.1102941632270813,0.0819082260131836,14.06956958770752,-10.386364936828613,19.55576515197754,26.235029220581055,17.487977727122345,-0.1102941632270813,0.0819082260131836,0.13738180349154258
77,1,30,59.63375473022461,label_Hcc,label_QCD,0.6064386963844299,-0.6242480278015137,0.15180905163288116,-0.6143375039100647,0.31248345971107483,5.0,-1.0,1.0,0.0,0.0,0.0,0.0,1.7781236171722412,0.026648759841918945,-1.23549485206604,1.8731409311294556,-8.898950576782227,9.178557395935059,2.243903847617854,1.7781236171722412,0.026648759841918945,1.778323298600906
77,2,21,37.22712326049805,label_Hcc,label_QCD,0.6064386963844299,-0.17528153955936432,-0.301249623298645,-0.16537126898765564,-0.14057530462741852,0.5620366930961609,0.0,0.0,1.0,0.0,0.0,0.0,0.19158196449279785,0.28150105476379395,-3.167344570159912,2.850870132446289,-2.219879627227783,4.804934501647949,4.261400255572785,0.19158196449279785,0.28150105476379395,0.34050916720706387
77,3,33,36.41727066040039,label_Hcc,label_QCD,0.6064386963844299,-0.7039972543716431,-0.6291175484657288,-0.6940866112709045,-0.4684429466724396,2.17162823677063,0.0,0.0,0.0,1.0,0.0,0.0,0.6561737060546875,-0.34834885597229004,-0.4136473536491394,1.9590933322906494,-2.2446930408477783,3.00795578956604,2.0022863975482172,0.6561737060546875,-0.34834885597229004,0.7429070318517296
77,4,40,34.11836624145508,label_Hcc,label_QCD,0.6064386963844299,-1.2762198448181152,-1.4853360652923584,-1.266309380531311,-1.3246614933013916,0.7668563723564148,0.0,0.0,0.0,1.0,0.0,0.0,-0.3585301339626312,-0.15778493881225586,-0.3431897759437561,0.8147854804992676,0.04445518180727959,0.885229229927063,0.8841123240543296,-0.3585301339626312,-0.15778493881225586,0.39171410987510985
77,5,36,32.94544219970703,label_Hcc,label_QCD,0.6064386963844299,-0.9133034944534302,-1.1213228702545166,-0.9033931493759155,-0.9606484770774841,0.2115524411201477,0.0,0.0,0.0,1.0,0.0,0.0,-0.2330075204372406,-0.09828472137451172,-0.6567121744155884,1.331676721572876,-0.11185389012098312,1.4890080690383911,1.4848009195864385,-0.2330075204372406,-0.09828472137451172,0.25288809983068894
77,6,32,32.53431701660156,label_Hcc,label_QCD,0.6064386963844299,-0.6484899520874023,-0.8583947420120239,-0.6385793685913086,-0.6977202296257019,0.5694734454154968,0.0,0.0,0.0,1.0,0.0,0.0,-0.3247554302215576,-0.1083974838256836,-0.9389660954475403,1.9535881280899048,0.035736341029405594,2.1678194999694824,2.167524833217331,-0.3247554302215576,-0.1083974838256836,0.3423683746465615
77,7,17,32.27865982055664,label_Hcc,label_QCD,0.6064386963844299,0.279013067483902,0.0907876268029213,0.2889235019683838,0.25146201252937317,1.6707451343536377,0.0,0.0,1.0,0.0,0.0,0.0,-0.5589891672134399,0.26280689239501953,-5.958028793334961,5.56780481338501,2.066026210784912,8.412313461303711,8.154664771905816,-0.5589891672134399,0.26280689239501953,0.6176862891082353
77,8,34,29.273387908935547,label_Hcc,label_QCD,0.6064386963844299,-0.7474730610847473,-0.9574663043022156,-0.7375625967979431,-0.7967919111251831,0.5981596112251282,0.0,0.0,0.0,1.0,0.0,0.0,-0.31265056133270264,-0.1562938690185547,-0.7330169081687927,1.7330671548843384,0.008244828321039677,1.8817288875579834,1.881710804294919,-0.31265056133270264,-0.1562938690185547,0.3495399075848753
77,9,39,29.270524978637695,label_Hcc,label_QCD,0.6064386963844299,-1.0178546905517578,-1.227609634399414,-1.0079442262649536,-1.0669353008270264,0.5952450633049011,0.0,0.0,0.0,1.0,0.0,0.0,-0.2818092703819275,-0.20555496215820312,-0.4395543336868286,1.2008832693099976,-0.03384067118167877,1.2792472839355469,1.2787996867264004,-0.2818092703819275,-0.20555496215820312,0.3488112775428206
77,10,19,28.56999969482422,label_Hcc,label_QCD,0.6064386963844299,-0.06191863864660263,-0.17803694307804108,-0.05200820043683052,-0.017362546175718307,0.08743023872375488,1.0,1.0,0.0,0.0,0.0,0.0,0.22068190574645996,0.022809505462646484,-2.7427308559417725,4.19320821762085,-2.775662422180176,5.729690074920654,5.010545649373739,0.22068190574645996,0.022809505462646484,0.22185756030241552
293,1,50,59.41487121582031,label_H4q,label_H4q,0.8268083930015564,-0.6600679159164429,0.35661229491233826,-0.6604593396186829,0.3559770882129669,5.0,1.0,1.0,0.0,0.0,0.0,0.0,1.6388733386993408,-0.29658931493759155,1.2090142965316772,1.7560111284255981,-12.111104965209961,12.298115730285645,2.1319687268748875,1.6388733386993408,-0.29658931493759155,1.6654942335639216
293,2,61,33.0000114440918,label_H4q,label_H4q,0.8268083930015564,-1.241701364517212,-1.2999736070632935,-1.2420928478240967,-1.3006088733673096,-0.30575594305992126,0.0,0.0,0.0,1.0,0.0,0.0,-0.11657291650772095,0.040964365005493164,0.24363185465335846,0.8962799310684204,-0.6842063069343567,1.1536084413528442,0.9288025599867001,-0.11657291650772095,0.040964365005493164,0.12356101352538086
293,3,24,27.693572998046875,label_H4q,label_H4q,0.8268083930015564,0.09718304872512817,0.11004223674535751,0.09679160267114639,0.10940704494714737,-0.30918464064598083,0.0,0.0,0.0,1.0,0.0,0.0,0.04188823699951172,-0.11533260345458984,2.57429838180542,5.738201141357422,-5.934243202209473,8.646919250488281,6.289194264549444,0.04188823699951172,-0.11533260345458984,0.12270384598104875
293,4,43,26.633106231689453,label_H4q,label_H4q,0.8268083930015564,-0.4255070686340332,-0.4645128846168518,-0.42589858174324036,-0.46514782309532166,-0.5113193988800049,0.0,0.0,0.0,1.0,0.0,0.0,-0.07126855850219727,0.011372089385986328,0.8666003346443176,2.8518636226654053,-2.3657195568084717,3.8053581714630127,2.98062447522124,-0.07126855850219727,0.011372089385986328,0.07217015898544202
293,5,0,26.581008911132812,label_H4q,label_H4q,0.8268083930015564,2.056257486343384,2.011610507965088,2.055866003036499,2.0109753608703613,-0.4574761986732483,-1.0,1.0,0.0,0.0,0.0,0.0,-0.08431684970855713,0.014944195747375488,29.67690658569336,98.93164825439453,-80.26506805419922,130.80783081054688,103.28692952560462,-0.08431684970855713,0.014944195747375488,0.08563095311457934
293,6,32,26.369611740112305,label_H4q,label_H4q,0.8268083930015564,-0.10991690307855606,-0.16886267066001892,-0.11030826717615128,-0.16949786245822906,-0.32342231273651123,0.0,0.0,0.0,1.0,0.0,0.0,-0.11819678544998169,0.014997124671936035,1.3440102338790894,4.481286525726318,-3.436999797821045,5.805278778076172,4.678492538673967,-0.11819678544998169,0.014997124671936035,0.11914442428890491
293,7,57,25.9952335357666,label_H4q,label_H4q,0.8268083930015564,-1.059061884880066,-0.9675638675689697,-1.0594534873962402,-0.9681990742683411,-0.012172818183898926,0.0,0.0,0.0,1.0,0.0,0.0,0.1969560980796814,0.0005230903625488281,0.36304324865341187,1.1497368812561035,-1.409436821937561,1.8547797203063965,1.2056928698940432,0.1969560980796814,0.0005230903625488281,0.19695679270921446
293,8,19,25.530113220214844,label_H4q,label_H4q,0.8268083930015564,0.45161715149879456,0.3863110840320587,0.451225608587265,0.3856760561466217,-0.05973011255264282,-1.0,1.0,0.0,0.0,0.0,0.0,-0.13494956493377686,0.12664353847503662,1.8654407262802124,10.266925811767578,-7.450111389160156,12.831114768981934,10.435019632353558,-0.13494956493377686,0.12664353847503662,0.18506747664917717
293,9,58,25.50735855102539,label_H4q,label_H4q,0.8268083930015564,-1.065361499786377,-0.855146050453186,-1.0657529830932617,-0.8557812571525574,0.9356431365013123,0.0,0.0,0.0,1.0,0.0,0.0,0.40891867876052856,-0.14513468742370605,0.5213623642921448,1.0751492977142334,-1.82085120677948,2.177903413772583,1.194891094316007,0.40891867876052856,-0.14513468742370605,0.43391077807866585
293,10,59,25.208026885986328,label_H4q,label_H4q,0.8268083930015564,-1.0710673332214355,-1.1563969850540161,-1.0714586973190308,-1.1570321321487427,-0.0021327733993530273,0.0,0.0,0.0,1.0,0.0,0.0,-0.18432015180587769,-0.07624363899230957,0.4424944221973419,1.0994889736175537,-0.7752763628959656,1.4162381887435913,1.1851908355966736,-0.18432015180587769,-0.07624363899230957,0.19946681640947556
615,1,25,58.667118072509766,label_Zqq,label_Zqq,0.8796995282173157,-1.4667880535125732,-0.7538318037986755,-1.4248640537261963,-0.5175605416297913,5.0,1.0,1.0,0.0,0.0,0.0,0.0,1.9417166709899902,0.17941004037857056,0.5141021609306335,-0.43493732810020447,2.421304225921631,2.5170748233795166,0.6734029337985482,1.9417166709899902,0.17941004037857056,1.949987587906418
615,2,12,35.353546142578125,label_Zqq,label_Zqq,0.8796995282173157,0.0970291718840599,-0.0624401792883873,0.1389531046152115,0.17383107542991638,2.2897865772247314,0.0,0.0,1.0,0.0,0.0,0.0,-0.43449971079826355,-0.638657808303833,0.31773486733436584,-6.279778957366943,-2.4780309200286865,6.7584919929504395,6.287811956420821,-0.43449971079826355,-0.638657808303833,0.7724466290891754
615,3,17,33.346656799316406,label_Zqq,label_Zqq,0.8796995282173157,-0.15182507038116455,-0.26584887504577637,-0.1099010482430458,-0.02957744523882866,1.417715311050415,0.0,0.0,1.0,0.0,0.0,0.0,0.48575490713119507,-0.26727044582366943,1.8046493530273438,-4.020137786865234,2.475173234939575,5.054181098937988,4.406616288351382,0.48575490713119507,-0.26727044582366943,0.5544288241179556
615,4,13,30.069393157958984,label_Zqq,label_Zqq,0.8796995282173157,0.026690280064940453,-0.18288543820381165,0.06861438602209091,0.05338573455810547,-0.6245989799499512,0.0,0.0,0.0,1.0,0.0,0.0,-0.015127252787351608,-0.04115837812423706,3.4326882362365723,-4.533777236938477,0.1980510950088501,5.690141201019287,5.68669364054179,-0.015127252787351608,-0.04115837812423706,0.043850266438302435
615,5,14,28.49698829650879,label_Zqq,label_Zqq,0.8796995282173157,-0.07692690938711166,-0.28606513142585754,-0.035002801567316055,-0.04979386180639267,-0.7555882930755615,0.0,0.0,0.0,1.0,0.0,0.0,-0.00031775981187820435,-0.011098384857177734,3.0765631198883057,-3.81923246383667,0.24349628388881683,4.91030216217041,4.9042611312491085,-0.00031775981187820435,-0.011098384857177734,0.011102932843896558
615,6,0,28.400955200195312,label_Zqq,label_Zqq,0.8796995282173157,2.670330286026001,2.4603517055511475,2.712254524230957,2.6966230869293213,-0.47426578402519226,1.0,1.0,0.0,0.0,0.0,0.0,-0.042142823338508606,-0.06968075037002563,144.19342041015625,-202.17799377441406,1.9381096363067627,248.33738708496094,248.3297880968513,-0.042142823338508606,-0.06968075037002563,0.08143355899793754
615,7,6,26.147748947143555,label_Zqq,label_Zqq,0.8796995282173157,0.6502558588981628,0.44029295444488525,0.6921798586845398,0.6765642166137695,-0.40084195137023926,0.0,0.0,0.0,1.0,0.0,0.0,-0.06025134399533272,-0.0795469880104065,7.935571670532227,-11.362191200256348,-0.14280621707439423,13.859764099121094,13.859029064452402,-0.06025134399533272,-0.0795469880104065,0.09978951725893692
615,8,21,25.55268669128418,label_Zqq,label_Zqq,0.8796995282173157,-0.5142953395843506,-0.6073563694953918,-0.47237128019332886,-0.37108492851257324,2.3368680477142334,-1.0,1.0,0.0,0.0,0.0,0.0,0.5423939228057861,-0.5663965940475464,0.3216465413570404,-2.605778932571411,1.6477800607681274,3.102933883666992,2.6255552447053843,0.5423939228057861,-0.5663965940475464,0.7842169784219863
615,9,18,25.43804168701172,label_Zqq,label_Zqq,0.8796995282173157,-0.23215292394161224,-0.42962905764579773,-0.1902286559343338,-0.19335755705833435,0.42295998334884644,0.0,0.0,0.0,1.0,0.0,0.0,0.13977958261966705,0.27191656827926636,3.2210402488708496,-2.249656915664673,0.749893307685852,3.9997994899749756,3.928874714602627,0.13977958261966705,0.27191656827926636,0.3057400069047249
615,10,4,24.418697357177734,label_Zqq,label_Zqq,0.8796995282173157,1.1478097438812256,0.9382516145706177,1.189733862876892,1.174522876739502,-0.7046506404876709,-1.0,1.0,0.0,0.0,0.0,0.0,-0.014762256294488907,-0.018716156482696533,17.529865264892578,-22.10407829284668,0.9928269982337952,28.22926902770996,28.211459610973396,-0.014762256294488907,-0.018716156482696533,0.023837338869701057
604,1,49,58.2274169921875,label_Zqq,label_Tbqq,0.7846813797950745,-1.4863522052764893,-0.8249881863594055,-1.4581034183502197,-0.6465458273887634,5.0,1.0,1.0,0.0,0.0,0.0,0.0,-2.0600690841674805,0.3834190368652344,0.4486663043498993,0.47698774933815,-2.172969341278076,2.2737841606140137,0.654842550295619,-2.0600690841674805,0.3834190368652344,2.095446202929893
604,2,17,36.766807556152344,label_Zqq,label_Tbqq,0.7846813797950745,0.07373399287462234,-0.1297220140695572,0.1019829735159874,0.048720408231019974,0.07320147752761841,0.0,0.0,1.0,0.0,0.0,0.0,-0.008548811078071594,-0.21813291311264038,5.942709922790527,1.2942097187042236,0.8355370759963989,6.139128684997559,6.082004605590287,-0.008548811078071594,-0.21813291311264038,0.21830036636216457
604,3,11,32.98006820678711,label_Zqq,label_Tbqq,0.7846813797950745,0.5180333852767944,0.31778278946876526,0.546282172203064,0.49622514843940735,-0.03572636842727661,1.0,1.0,0.0,0.0,0.0,0.0,0.0008093267679214478,-0.1910666972398758,11.140631675720215,2.7440056800842285,1.684675693511963,11.634506225585938,11.47358885904472,0.0008093267679214478,-0.1910666972398758,0.19106841131901325
604,4,4,30.71187400817871,label_Zqq,label_Tbqq,0.7846813797950745,1.3787444829940796,1.1691697835922241,1.4069932699203491,1.3476121425628662,-0.33510860800743103,0.0,0.0,1.0,0.0,0.0,0.0,-0.11063956469297409,0.03558984398841858,35.01570510864258,17.705612182617188,1.368072748184204,39.26142883300781,39.23758793576206,-0.11063956469297409,0.03558984398841858,0.11622284745509712
604,5,43,29.578731536865234,label_Zqq,label_Tbqq,0.7846813797950745,-1.1347612142562866,-1.3298900127410889,-1.1065126657485962,-1.1514475345611572,1.8204140663146973,0.0,0.0,0.0,1.0,0.0,0.0,-0.35235893726348877,-0.5522714853286743,1.0743658542633057,-0.12922558188438416,-0.22544510662555695,1.105344533920288,1.0821096246777773,-0.35235893726348877,-0.5522714853286743,0.6551035140926931
604,6,38,28.972673416137695,label_Zqq,label_Tbqq,0.7846813797950745,-0.8250452280044556,-0.8755090236663818,-0.7967966198921204,-0.6970666646957397,2.022062301635742,0.0,0.0,0.0,1.0,0.0,0.0,0.5555571913719177,0.4348660111427307,1.0893992185592651,1.284583568572998,1.2799336910247803,2.1154611110687256,1.6843234849770623,0.5555571913719177,0.4348660111427307,0.7055155848967783
604,7,46,28.838769912719727,label_Zqq,label_Tbqq,0.7846813797950745,-1.1864120960235596,-1.2423409223556519,-1.15816330909729,-1.0638984441757202,1.9130802154541016,0.0,0.0,0.0,1.0,0.0,0.0,0.5425646901130676,0.40703046321868896,0.6711949110031128,0.7481986880302429,0.7474765777587891,1.2526073455810547,1.0051387393423126,0.5425646901130676,0.40703046321868896,0.6782700354176865
604,8,44,26.94817543029785,label_Zqq,label_Tbqq,0.7846813797950745,-1.1489183902740479,-1.3169128894805908,-1.1206694841384888,-1.1384706497192383,0.3307773470878601,0.0,0.0,0.0,1.0,0.0,0.0,0.20440860092639923,-0.19527728855609894,1.0307295322418213,0.24927645921707153,0.3786756694316864,1.1260273456573486,1.0604443039383276,0.20440860092639923,-0.19527728855609894,0.2826943500647119
604,9,36,26.685096740722656,label_Zqq,label_Tbqq,0.7846813797950745,-0.7338452935218811,-0.7974938750267029,-0.7055965662002563,-0.6190515160560608,1.6591851711273193,-1.0,1.0,0.0,0.0,0.0,0.0,0.5209050178527832,0.32654625177383423,1.3919185400009155,1.3206003904342651,1.3753938674926758,2.364870071411133,1.9187033676974181,0.5209050178527832,0.32654625177383423,0.6147963013647274
604,10,15,26.58241844177246,label_Zqq,label_Tbqq,0.7846813797950745,0.23281340301036835,0.23825044929981232,0.26106205582618713,0.4166927635669708,2.2943921089172363,0.0,0.0,1.0,0.0,0.0,0.0,0.6798549294471741,0.36912214756011963,5.309294700622559,5.4851484298706055,7.040719032287598,10.384950637817383,7.633836749352893,0.6798549294471741,0.36912214756011963,0.7735980124800068
435,1,42,58.13005828857422,label_Tbqq,label_Tbqq,0.9937235713005066,-1.0282148122787476,-0.3051268756389618,-1.0166500806808472,-0.37478160858154297,4.150681018829346,-1.0,1.0,0.0,0.0,0.0,0.0,1.048835277557373,-0.6570937633514404,0.07988239079713821,1.257477879524231,-4.582760334014893,4.778393745422363,1.260012624481288,1.048835277557373,-0.6570937633514404,1.2376702522417715
435,2,15,35.079551696777344,label_Tbqq,label_Tbqq,0.9937235713005066,0.4018634855747223,0.47119519114494324,0.41342800855636597,0.4015405476093292,0.48606425523757935,1.0,1.0,0.0,0.0,0.0,0.0,-0.0001506805419921875,0.3215160369873047,-7.703979969024658,5.925299167633057,-10.739863395690918,14.485323905944824,9.719078021555655,-0.0001506805419921875,0.3215160369873047,0.32151607229600143
435,3,38,33.64375305175781,label_Tbqq,label_Tbqq,0.9937235713005066,-0.8437541127204895,-0.7635682225227356,-0.8321896195411682,-0.8332226872444153,0.505614697933197,0.0,0.0,0.0,1.0,0.0,0.0,0.02069413661956787,0.325747013092041,-1.3041131496429443,0.9942686557769775,-1.8634823560714722,2.482306957244873,1.6399028224050956,0.02069413661956787,0.325747013092041,0.32640368231503714
435,4,16,32.743309020996094,label_Tbqq,label_Tbqq,0.9937235713005066,0.3128354251384735,0.3999323844909668,0.3243999481201172,0.3302779197692871,0.019324421882629395,-1.0,1.0,0.0,0.0,0.0,0.0,0.03372067213058472,0.20203638076782227,-6.113627910614014,5.989070415496826,-9.894759178161621,13.08323860168457,8.558353268662026,0.03372067213058472,0.20203638076782227,0.20483110819086747
435,5,32,32.615257263183594,label_Tbqq,label_Tbqq,0.9937235713005066,-0.6480334997177124,-0.5610870718955994,-0.6364688277244568,-0.6307417154312134,0.43750685453414917,0.0,0.0,0.0,1.0,0.0,0.0,0.03351151943206787,0.3075563907623291,-1.7006174325942993,1.3461779356002808,-2.506929636001587,3.314964771270752,2.16893860824613,0.03351151943206787,0.3075563907623291,0.3093767208976725
435,6,43,32.507110595703125,label_Tbqq,label_Tbqq,0.9937235713005066,-1.036698579788208,-1.0620659589767456,-1.0251339673995972,-1.1317204236984253,0.02522110939025879,0.0,0.0,0.0,1.0,0.0,0.0,-0.19526004791259766,0.06659865379333496,-0.7634761929512024,0.9832168817520142,-1.0375722646713257,1.6205453872680664,1.2448338578964728,-0.19526004791259766,0.06659865379333496,0.2063052762241296
435,7,29,30.251407623291016,label_Tbqq,label_Tbqq,0.9937235713005066,-0.5304141044616699,-0.5595557689666748,-0.5188493132591248,-0.6292102932929993,0.14566940069198608,0.0,0.0,0.0,1.0,0.0,0.0,-0.20371437072753906,0.11997342109680176,-1.6795127391815186,1.9397177696228027,-2.1104283332824707,3.3222243785858154,2.565788001153538,-0.20371437072753906,0.11997342109680176,0.23641735683022036
435,8,33,29.79729652404785,label_Tbqq,label_Tbqq,0.9937235713005066,-0.661835253238678,-0.5457024574279785,-0.6502705216407776,-0.6153572201728821,0.4773702025413513,0.0,0.0,0.0,1.0,0.0,0.0,0.08783280849456787,0.3070261478424072,-1.6667150259017944,1.3207794427871704,-2.638256788253784,3.388627529144287,2.1265928886498253,0.08783280849456787,0.3070261478424072,0.31934253977037125
435,9,30,28.929563522338867,label_Tbqq,label_Tbqq,0.9937235713005066,-0.5473605990409851,-0.5639550685882568,-0.5357959866523743,-0.6336095929145813,-0.037303805351257324,0.0,0.0,0.0,1.0,0.0,0.0,-0.17585760354995728,0.07369327545166016,-1.549993872642517,1.9671369791030884,-2.1510934829711914,3.301410675048828,2.5044178764304035,-0.17585760354995728,0.07369327545166016,0.1906740558469563
435,10,40,28.30113983154297,label_Tbqq,label_Tbqq,0.9937235713005066,-0.8649426698684692,-0.7982478737831116,-0.8533779978752136,-0.8679023385047913,-0.03722482919692993,0.0,0.0,0.0,1.0,0.0,0.0,-0.0051763057708740234,-0.19062352180480957,-0.6240043640136719,1.4635313749313354,-1.7462154626846313,2.362323760986328,1.5910077095088233,-0.0051763057708740234,-0.19062352180480957,0.19069378911412477
